context	tgt_term_gold	tgt_term_hyponym	tgt_term_hypernym	tgt_term_co-hyponym	Cohere CAT+
Die mit Artikel 90 des Statutes errichtete Autonome Sektion für die Provinz Bozen des Regionalen Verwaltungsgerichtes von Trentino-Südtirol (Verwaltungsgericht Bozen - VwG Bozen) hat ihren Sitz in Bozen. Der Sprengel des Verwaltungsgerichtes Bozen umfaßt die Provinz Bozen.	Regionales Verwaltungsgericht		Verwaltungsgerichtsbarkeit		der autonom Sektion für der Provinz Bozen der Regionalen Verwaltungsgericht  Regionales Verwaltungsgericht  von Trentino-Südtirol  Verwaltungsgericht Bozen – TAB   der durch Artikel 90 der Statut einrichten werden  haben ihr Sitz in Bozen  der Zuständigkeitsbereich der Verwaltungsgericht Bozen umfassen der Provinz Bozen 
Die Gerichtsbarkeit des Rechnungshofs umfasst Verfahren der verwaltungsgerichtlichen Rechnungslegung, Verfahren betreffend die verwaltungsrechtliche Haftung für Schäden zum Nachteil der öffentlichen Hand sowie sonstige Verfahren im Bereich des öffentlichen Rechnungswesens.	Rechnungshof	Berufungssektion,regional Rechtsprechungssektion,vereinigt Sektion			der Zuständigkeit der Rechnungshof umfassen der Verfahren der Verwaltungsbuchhaltung  der Verfahren betreffend der verwaltungsrechtlich Haftung für Schaden zu Last der öffentlich Verwaltung sowie weit Verfahren in Bereich der öffentlich Buchhaltung 
Die Wahrnehmung der in dieser Straßenverkehrsordnung vorgesehenen straßenpolizeilichen Aufgaben obliegt a) in erster Linie der Spezialeinheit Straßenpolizei der Staatspolizei, b) der Staatspolizei, c) den Carabinieri, d) dem Finanzwachekorps, .	Carabinieri		Streitkraft,bewaffnet Macht		der Wahrnehmung der in Straßenverkehrsgesetz vorgesehen Aufgabe der Straßenverkehrspolizei obliegen a  in erster Linie der Spezialeinheit Straßenverkehrspolizei der Staatspolizei    der Staatspolizei  c  der Carabinieri  d  der Finanzpolizeikorps 
Inhaber eines Militärführerscheins oder eines  Dienstführerscheins dürfen Fahrzeuge der entsprechenden Klassen mit Zivilkennzeichen fahren, wenn diese Fahrzeuge für institutionelle Dienste der Staatsverwaltung verwendet werden.	Staatsverwaltung	Außenverwaltung,Zentralverwaltung			Inhaber ein Militärführerschein oder ein Dienstführerschein dürfen Fahrzeug der entsprechend Klasse mit zivil Kennzeichen führen  sofern dieser Fahrzeug für hoheitlich Aufgabe der Staatsverwaltung einsetzen werden 
Die Verwaltungsbefugnisse sind den Gemeinden zuerkannt, unbeschadet der Fälle, in denen sie den Provinzen, Großstädten mit besonderem Status, Regionen und dem Staat zugewiesen werden .	Region	Region mit Normalstatut,Region mit Sonderstatut,autonom Region	Gebietskörperschaft		der Verwaltungsbefugnis werden der Gemeinde übertragen  unbeschadet der Fall  in der sie der Provinz  der Metropolitanstadt  der Region mit Normalstatut und der Staat zugewiesen sein 
Solange die Region oder das Land nicht mit eigenem Gesetz anders verfügen, werden auf den Sachgebieten, die der Zuständigkeit der Region oder des Landes zuerkannt worden sind, die Gesetze des Staates angewandt.	Land,Provinz		Lokalkörperschaft,lokal öffentlich Körperschaft,örtlich Körperschaft		solange der Region oder der Land kein abweichend Bestimmung durch ein eigen Gesetz erlassen  gelten in der Bereich  der in der Zuständigkeit der Region oder der Land fallen  der Gesetz der Staat 
Der Laborassistent/die Laborassistentin bereitet gemäß den Anordnungen des/der Vorgesetzten Laboruntersuchungen vor, führt diese durch und arbeitet an den damit zusammenhängenden Aufgaben mit.	Laborassistent			Labortechniker	der Laborassistent bereiten Laboruntersuchung und damit verbunden Aufgabe vor  führen dieser durch und wirken dabei mit  und zwar gemäß der Weisung der Vorgesetzten 
Der Labortechniker/die Labortechnikerin führt aufgrund der Aufträge des/der Vorgesetzten Erhebungen, Analysen und Bestimmungen im chemischen, physikalischen, biologischen oder medizinischen Bereich durch.	Labortechniker			Laborassistent,qualifiziert Labortechniker	der qualifiziert Labortechniker führen auf Grundlage der Weisung der Vorgesetzten Messung  Analyse und Bestimmung in chemisch  physikalisch  biologisch oder medizinisch Bereich durch 
Der Statistiksachbearbeiter/die Statistiksachbearbeiterin sammelt, ordnet und verarbeitet und gibt statistische Informationen nach allgemeinen und/oder speziellen Richtlinien seines/ihres Vorgesetzten und koordiniert gegebenfalls die Arbeit der seinem/ihrem Bereich zugeteilten Mitarbeiter und Mitarbeiterinnen.	Statistikassistent,Statistiksachbearbeiter			Inspektor für Statistik,Statistiker,Statistikinspektor	der Statistikassistent sammeln  ordnen und bearbeiten statistisch Datum und stellen statistisch Information gemäß der allgemein und  oder besonderer Weisung sein Vorgesetzter bereit  gegebenenfalls koordinieren er der Arbeit der sein Bereich zugewiesen Mitarbeiter 
Kommunikationsplaner/innen sind in Unternehmen und Agenturen als Assistenten der Kommunikations- und Werbeleitung respektive Kommunikationsberatung tätig.	Kommunikationsplaner			Tourismusassistent	Tourismusassistent sein in Unternehmen und Agentur als Assistent der Geschäftsleitung in Bereich Kommunikation und Werbung bzw. in der Kommunikationsberatung tätig 
Der Statistikinspektor/die Statistikinspektorin konzipiert, plant und organisiert statistische Untersuchungen und wertet statistische Informationen aus und interpretiert sie.	Inspektor für Statistik,Statistikinspektor			Statistikassistent,Statistiker,Statistiksachbearbeiter	der Statistikinspektor konzipieren  planen und organisieren statistisch Erhebung sowie werten und interpretieren statistisch Datum 
Der Übersetzer/die Übersetzerin erstellt nach allgemeinen Anweisungen des/der Vorgesetzten selbstständig und eigenverantwortlich Übersetzungen von Rechts-, Verwaltungs- und anderen Fachtexten.	Übersetzer			Übersetzungsinspektor	der Übersetzer erstellen gemäß der allgemein Weisung der Vorgesetzten eigenständig und in eigen Verantwortung Übersetzunge von juristisch  verwaltungsrechtlich und sonstig Fachtext 
Der DV-Analytiker-Systembetreuer/die DV-Analytikerin-Systembetreuerin untersucht gemeinsam mit dem Benutzer/der Benutzerin die Probleme von DV-Anwendungen und entwirft dafür Lösungen unter Berücksichtigung der betrieblichen Anforderungen.	DV-Analytiker,DV-Analytiker-Systembetreuer			DV-Operator,DV-Techniker,DV-Techniker-Analytiker,EDV-Operator	der DV-Analytiker-Systembetreuer prüfen gemeinsam mit der Anwender Problem in Bereich der EDV-Anwendung und entwickeln hierfür Lösung unter Berücksichtigung der betrieblich Anforderung 
Der Betriebsarzt übt die eigene Tätigkeit in folgender Form aus: a) als Beschäftigter oder Mitarbeiter einer externen öffentlichen oder privaten Struktur, die mit dem Unternehmer konventioniert ist; b) als Freiberufler; .	Freiberufler		Selbstständige		der Betriebsarzt üben sein Tätigkeit in folgend Form aus  a  als angestellter oder Mitarbeiter ein extern öffentlich oder privat Einrichtung  der mit der Arbeitgeber ein Vertrag abschließen haben  oder   als Freiberufler 
Das Amt eines Landtags- bzw. Regionalratsabgeordneten ist mit dem Amt eines Mitgliedes einer der Parlamentskammern, eines anderen Regionalrates oder des Europäischen Parlaments unvereinbar.	Regionalratsabgeordneter			Gemeinderat,Gemeinderatsmitglied,Landtagsabgeordneter,Provinzialrat	der Amt ein Regionalratsabgeordneter sein unvereinbar mit der Amt ein Mitglied einer der beide Parlamentskammer  ein anderer Regionalrat oder der europäisch Parlament 
Die Konferenz der Regionen und Autonomen Provinzen setzt sich aus den zwanzig Präsidenten der italienischen Regionen sowie den beiden Landeshauptleuten der Autonomen Provinzen Bozen und Trient zusammen. Mit entsprechender Vollmacht können an den Sitzungen auch Regionalassessoren bzw. Landesräte teilnehmen.	Mitglied der Regionalregierung,Regionalassessor		Assessor,Referent	Gemeindeassessor,Gemeindereferent,Landesassessor,Landesrat,Provinzassessor,Stadtrat	der Konferenz der Region und autonom Provinz setzen sich aus der zwanzig Präsident der italienisch Region sowie der beide Präsident der autonom Provinz Bozen und Trient zusammen  mit ein entsprechend Vollmacht können auch Landesrat an der Sitzung teilnehmen 
Der Präsident des Regionalausschusses wird, sofern das Regionalstatut nichts anderes festlegt, in allgemeiner und direkter Wahl gewählt.	Regionalstatut		Satzung,Statut		der Präsident der Regionalregierung werden in allgemein und direkt Wahl wählen  sofern der Regionalstatut nichts anderer bestimmen 
Gemeinden, Provinzen, Großstädte mit besonderem Status und Regionen sind autonome Körperschaften mit eigenen Statuten, Befugnissen und Aufgaben gemäß den in der Verfassung verankerten Grundsätzen.	Gemeinde		Lokalkörperschaft,lokal öffentlich Körperschaft,örtlich Körperschaft		der Gemeinde  der Provinz  der Metropolitanstädte und der Region sein autonom Körperschaft mit eigen Statut  Befugniss und Aufgabe gemäß der in der Verfassung festgelegt Grundsatz 
Der Gemeindeausschuss besteht aus dem Bürgermeister als Vorsitzendem und aus den Gemeindereferenten, deren Anzahl in der Satzung  bestimmt ist.	Gemeindeassessor,Gemeindereferent,Stadtrat		Assessor,Referent	Landesassessor,Landesrat,Mitglied der Regionalregierung,Provinzassessor,Regionalassessor	der Gemeinderegierung bestehen aus der Bürgermeister  der ihr vorsitzen  und der Gemeindeassessor  der Anzahl in der Satzung festlegen sein 
Die Unterschrift muss von einer der folgenden  Personen beglaubigt werden: Notare, Friedensrichter, , Bürgermeister, Gemeindeassessoren und Landesräte, Präsidenten der Gemeinderäte und Landtage, Präsidenten und Vizepräsidenten der Stadtviertelräte, Gemeindesekretäre und Sekretäre der Provinzen, .	Gemeindeassessor,Gemeindereferent,Stadtrat		Assessor,Referent	Landesassessor,Landesrat,Mitglied der Regionalregierung,Provinzassessor,Regionalassessor	der Unterschrift muss von einer der folgend Person beglaubigen werden  Notar  Friedensrichter  Bürgermeister  Gemeindereferent und Provinzassessor  Präsident der Gemeinde und Provinzrat  Präsident und Vizepräsident der Bezirksrat  Gemeindesekretär und Provinzsekretär 
Mit Bewilligung des Landesschulrates können schulpflichtige Kinder österreichischer Staatsbürgerschaft die allgemeine Schulpflicht auch durch den Besuch von im Ausland gelegenen Schulen erfüllen.	allgemein Schulpflicht	Grundschule,Volksschule			mit Genehmigung der Landesschulrat können minderjährig österreichisch Staatsbürger  der der allgemein Schulpflicht unterliegen  dieser auch durch der Besuch von Schule in Ausland nachkommen 
Über Arbeitnehmer und Arbeitnehmerinnen, Selbstständige, scheinbar tätige sowie scheinbar selbstständige Personen, die von Prüfungen  des Schwarzarbeitsbekämpfungsgesetzes betroffen sind, können im zentralen Informationssystem für die Finanzkontrolle Schwarzarbeit  personenbezogene Daten gespeichert werden, sofern dies zur Aufgabenerfüllung erforderlich ist.	Selbstständige	Freelancer,Freiberufler,Handwerker			in zentral Informationssystem zu finanziell Kontrolle der Schwarzarbeit können personenbezogen Datum von Arbeitnehmer und Arbeitnehmerin  Freiberufler  scheinbar abhängig beschäftigter und scheinbar selbstständig Tätigen speichern werden  der von Überprüfung gemäß der Gesetz zu Bekämpfung der Schwarzarbeit betreffen sein  sofern dieser zu Erfüllung der Aufgabe erforderlich sein 
Die Entschädigung für Selbstständigerwerbende wird aufgrund des auf den Tag umgerechneten Erwerbseinkommens berechnet, das für den letzten vor dem Einrücken verfügten AHV-Beitrag Alters- und Hinterlassenenvorsorge-Beitrag massgebend war.	Selbstständigerwerbender	Handwerker			der Entschädigung für Selbstständigerwerbende werden auf der Grundlage der auf der Tag umgerechnet Erwerbseinkommen berechnen  welcher für der letzter vor der Inkorporation verfügbar AHV-Beitrag  Alter und Hinterlassenenversicherung  massgebend sein 
Die Kosten für Verkehrsunfälle werden abzogen, weil sie im Kontext einer nachhaltigen Entwicklung gesellschaftlicher Wohlfahrt in keinem Fall als förderlich anzusehen sind. Dies gilt selbstverständlich für sämtliche Unfallarten wie etwa Arbeits-, Sport- oder Haushaltsunfälle.	Haushaltsunfall		Unfall		der Kosten für Verkehrsunfall werden abziehen  da sie in Kontext ein nachhaltig Entwicklung der sozial Wohlergehen keinesfalls als förderlich ansehen werden können  dieser gelten selbstverständlich für aller Art von Unfall  wie etwa Arbeitsunfall  Sportunfall oder Haushaltsunfall 
Die Meldebehörde hat auf Grund der im Melderegister enthaltenen Meldedaten auf Antrag zu bestätigen, dass, seit wann und wo der Antragsteller oder ein Mensch, für den ihn die Meldepflicht trifft, angemeldet ist (Meldebestätigung).	Meldebestätigung		Bescheinigung		der Meldebehörde haben auf Grundlage der in Melderegister enthalten Datum auf Antrag zu bestätigen  seit wann und wo der Antragsteller oder ein Person  für der ein Meldepflicht bestehen  melden sein  Meldebestätigung  
Eine Meldebescheinigung beinhaltet lediglich, wer, wo gemeldet ist. Einzelheiten wie zum Beispiel Konfession oder Familienstand werden nicht aufgeführt.	Meldebescheinigung		Bescheinigung		ein Meldebescheinigung bestätigen lediglich  wer wo melden sein  Angabe wie etwa der Religionszugehörigkeit oder der Familienstand sein darin nicht enthalten 
Das Zulassungsgesuch ist auf Stempelpapier abzufassen und innerhalb des jährlich neu festgelegten Termins dem Landesrat für Gesundheitswesen zu übermitteln. Dem Gesuch müssen folgende Unterlagen beigefügt werden:  Staatsbürgerschaftsbescheinigung .	Staatsbürgerschaftsbescheinigung,Staatsbürgerschaftsnachweis		meldeamtlich Bescheinigung		der Antrag auf Aufnahme sein auf gestempelt Papier zu verfassen und innerhalb der jährlich festgelegt Frist an der Landesrat für Gesundheit zu übermitteln  der Antrag sein folgend Unterlage beifügen  Staatsbürgerschaftsnachweis 
Aufgabe der Unfallversicherung ist es,  mit allen geeigneten Mitteln Arbeitsunfälle und Berufskrankheiten sowie arbeitsbedingte Gesundheitsgefahren zu verhüten, .	Arbeitsunfall	Dienstwegeunfall,Wegeunfall	Unfall		Aufgabe der Unfallversicherung sein es  mit aller geeignet Mittel Arbeitsunfall und Berufskrankheit sowie arbeitsbedingt Gesundheitsgefahr zu verhüten 
Übergangsbestimmungen sollen, ihrer Bezeichnung entsprechend, den Wechsel vom alten zum neuen Recht sicherstellen.	Übergangsbestimmung		Anordnung,Bestimmung,Verfügung		der Übergangsbestimmung müssen  entsprechend ihr Bezeichnung  der Übergang von alt zu neu Recht sicherstellen 
Der Richter berücksichtigt  die Lösung gemäss Verwaltungsweisung, wenn sie eine überzeugende Interpretation des Gesetzes durch die Aufsichtsbehörde zum Zwecke der rechtsgleichen Anwendung des Gesetzes darstellt.	Auslegung,Interpretation	ausdehnend Auslegung,ausdehnend Interpretation,einschränkend Auslegung,einschränkend Interpretation,extensiv Auslegung,extensiv Interpretation,grammatikalisch Auslegung,grammatikalisch Interpretation,historisch Auslegung,restriktiv Auslegung,restriktiv Interpretation,systematisch Auslegung,teleologisch Auslegung,teleologisch Interpretation,wörtlich Auslegung			der Gericht berücksichtigen der gemäss der Verwaltungspraxis gefunden Lösung  sofern dieser ein überzeugend Auslegung der Gesetz durch der Aufsichtsbehörde zu Gewährleistung ein einheitlich Rechtsanwendung darstellen 
Die Primarschule wird in die Unterstufe und Mittelstufe unterteilt. Die Unterstufe dauert von der 1. bis zur 3. Klasse. Die Mittelstufe dauert von der 4. bis zur 6. Klasse und endet mit dem Übertritt in die Sekundarstufe 1.	Primarschule		Schulpflicht		der Primarschule sein in der Zyklus 1 und der Zyklus 2 unterteilen  der Zyklus 1 umfassen der 1. bis 3. Klasse  der Zyklus 2 umfassen der 4. bis 6. Klasse und enden mit der Übertritt in der Sekundarstufe I.
Die Verstöße  haben  als zusätzliche Verwaltungsstrafe die Aussetzung des Fahrzeugscheins für die Dauer von einem bis zu sechs Monaten zur Folge. Bei Rückfall liegt die Dauer der Aussetzung zwischen sechs und zwölf Monaten.	Rückfall	einfach Rückfall,erschwert Rückfall,wiederholt Rückfall			der Verstoß ziehen als zusätzlich verwaltungsrechtlich Sanktion der Entziehung der Zulassungsbescheinigung für ein Zeitraum von ein bis zu sechs Monat nach sich  in Fall ein Rückfall betragen der Dauer der Entziehung sechs bis zwölf Monat 
Das Pfand haftet für die Forderung in deren jeweiligem Bestand, insbesondere auch für Zinsen und Vertragsstrafen.	Pfand,Pfandrecht,Verpfändung		Recht auf Sicherstellung		der Pfandrecht sichern der Forderung in ihr jeweilig Höhe  insbesondere auch Zins und vertraglich Konventionalstrafe 
Wenn das Pfandrecht vor dem Inkrafttreten des Gesetzbuches entstanden ist, werden die Voraussetzungen für die Wirksamkeit des Vorrechtes durch die früheren Gesetze bestimmt.	Pfand,Pfandrecht,Verpfändung		Recht auf Sicherstellung		falls der Pfandrecht bereits vor der Inkrafttreten der Gesetzbuch entstehen sein  bestimmen sich der Voraussetzung für der Wirksamkeit der Vorzugsrecht nach der früh Gesetz 
Die öffentlichen Archive haben die Aufgabe, das öffentliche Archivgut festzustellen, zu erfassen, zu übernehmen, auf Dauer zu verwahren, zu sichern und zu erhalten, zu erschließen, allgemein nutzbar zu machen, für die Benutzung bereitzustellen und auszuwerten.	öffentlich Archiv		Archiv,Endarchiv	Privatarchiv,privat Archiv	Öffentliche Archiv haben der Aufgabe  öffentlich Archivgut zu ermitteln  zu erwerben  zu übernehmen  langfristig zu verwahren  zu sichern und zu erhalten  zugänglich zu machen  allgemein nutzbar zu stellen  zu Nutzung bereitstellen und zu bewerten 
Die Verwaltung kann sich im Verfahren durch eine Führungskraft oder einen eigens dazu delegierten Beamten vertreten lassen.	Führungskraft,leitend Angestellter	Amtsleiter,Leiter,leitend Beamter	Arbeitnehmer,unselbstständig Erwerbstätige		der Verwaltung können sich in Verfahren durch ein Führungskraft oder ein speziell bevollmächtigt Beamter vertreten lassen 
Für eine unselbstständige Tätigkeit spricht vorliegend einerseits der Umstand, dass der Beschwerdeführer kein eigentliches Betriebsrisiko trägt, hat er doch nur geringe Investitionen tätigen müssen und fallen bei ausbleibenden Kunden, mit Ausnahme der Zahlungen an B., keine grösseren Fixkosten an.	unselbstständig Erwerbstätigkeit,unselbstständig Tätigkeit	Haushaltarbeit,Heimarbeit	Arbeit,Arbeitstätigkeit,Erwerbstätigkeit	selbstständig Berufstätigkeit,selbstständig Erwerbstätigkeit,selbstständig Tätigkeit	in vorliegend Fall sprechen einerseits der Tatsache für ein unselbstständig Erwerbstätigkeit  dass der Beschwerdeführer kein eigentlich Unternehmerrisiko tragen  da er nur gering Investition tätigen musste und bei ausbleibend Kunde kein erheblich Fixkosten zu tragen haben  mit Ausnahme der Zahlung an B.
Eingriffsverwaltung ist immer hoheitliche Verwaltung, weshalb sie auch seit jeher in einem besonderen Naheverhältnis zum Legalitätsprinzip steht. Umgekehrt ist jedoch nicht jedes hoheitliche Verwaltungshandeln der Eingriffsverwaltung zuzuzählen (z.B. hoheitliche Vergabe von Subventionen).	Subvention		Bescheid		der Eingriffsverwaltung sein stets Hoheitsverwaltung  weshalb sie stets in ein besonderer Naheverhältnis zu Legalitätsprinzip stehen  umgekehrt sein nicht jeder hoheitlich Verwaltungsakt der Eingriffsverwaltung zurechnen  beispielsweise der hoheitlich Gewährung von Subvention  
Der Bonus Steuerbonus - EX-Bonus-Renzi steht  nur mehr dann zu, wenn die Summe der steuerlichen Absatzbeträge höher ist, als die zu zahlende IRPEF.	Einkommenssteuer der natürlich Person,Einkommensteuer der natürlich Person,IRPEF,Steuer auf der Einkommen der natürlich Person		Einkommenssteuer,Einkommensteuer	Einkommenssteuer der juristisch Person,Einkommensteuer der juristisch Person,IRES,Körperschaftssteuer,Körperschaftsteuer	der Steuerbonus – ehemals Renzi-Bonus – stehen nur dann zu  wenn der Betrag der Steuerabzug hoch sein als der zu entrichtend Einkommenssteuer der natürlich Person 
"Das Landesgesetz vom 22. Oktober 1993, Nr. 17 ""Regelung des Verwaltungsverfahrens und des Rechts auf Zugang zu Verwaltungsunterlagen"" enthält Bestimmungen zu Eigenerklärungen und Verwaltungsunterlagen."	Eigenerklärung	Eigenbescheinigung,Erklärung zu Ersatz ein Bescheinigung,Erklärung zu Ersatz ein beeidet Bezeugungsurkunde,Ersatzerklärung der Notorietätsakt,Ersatzerklärung ein beeidet Bezeugungsurkunde,Selbstbescheinigung,Selbsterklärung,eigenverantwortet Bescheinigung,eigenverantwortlich Erklärung	Ersatzerklärung		der Landesgesetz von 22. Oktober 1993  Nr. 17   Regelung der Verwaltungsverfahren und der Recht auf Einsichtnahme in Verwaltungsdokument  enthalten Bestimmung über Selbsterklärung und Verwaltungsdokument 
Dem Gebot der Effizienz staatlichen Handelns wird z. T. Verfassungsrang zuerkannt. . Die Verwaltung muss ihre Aufgaben möglichst effizient wahrnehmen.	Effizienz			Effektivität,Rechtswirksamkeit,Wirksamkeit	der Grundsatz der Effektivität staatlich handeln werden teilweise Verfassungsrang einräumen  der Verwaltung haben ihr Aufgabe so wirksam wie möglich zu erfüllen 
Den Vorsitz in der Dienststellenkonferenz kann mit entsprechender Vollmacht des Landeshauptmanns oder des Landesrates der zuständige Ressort- oder Abteilungsleiter führen.	Dienststellenkonferenz,Konferenz der Dienststelle	Dienststellenkonferenz mit Entscheidungsbefugnis,vorbereitend Dienststellenkonferenz			der Vorsitz der Dienststellenkonferenz können der zuständig Abteilung oder Referatsleiter auf Grundlage ein entsprechend Vollmacht der Landeshauptmann oder der Landesrat übernehmen 
Die für Jahresaufträge und Ersatzaufträge verfügbaren Stellen werden in der Reihenfolge der entsprechenden Rangordnung durch Stellenwahl vergeben. Stellenverlierer mit unbefristetem Auftrag haben auf jeden Fall Vorrang. Mangels Bewerber oder Bewerberinnen in der Rangordnung ist eine Direktberufung möglich.	Direktaufnahme,Direktberufung,direkt Berufung		Aufnahme,Einnahme,Einstellung	Aufnahme durch Wettbewerb,Einstellung mittels Wettbewerb	der verfügbar Stelle für Jahresvertrag und Vertretungsstelle werden gemäß der jeweilig Rangliste durch der Wahl der Einsatzort vergeben  Person  der in Rahmen ein unbefristet Anstellung ihr Stelle verlieren  haben in jeder Fall Vorrang  Sofern kein Bewerber oder Bewerberin in der Rangliste vorhanden sein  sein ein Direktberufung möglich 
In Anbetracht der Ziele des öffentlichen Interesses ist das Recht auf Zugang ein allgemeiner Grundsatz der Verwaltungstätigkeit zur Unterstützung der Beteiligung und zur Gewährleistung der Unparteilichkeit und Transparenz.	Recht auf Zugang,Recht auf Zugang zu der Verwaltungsunterlage,Zugangsrecht zu der Verwaltungsunterlage		Zugangsrecht,Zutrittsrecht		unter Berücksichtigung der Ziel von öffentlich Interesse stellen der Recht auf Zugang zu der Verwaltungsunterlage ein allgemein Grundsatz der Verwaltungstätigkeit dar  der der Beteiligung fördern und der Unparteilichkeit sowie der Transparenz gewährleisteen 
Zur Verwirklichung der  Ziele hält sich das Land in der Verwaltungstätigkeit an die Kriterien der Effizienz  der Publizität.	Publizität,Öffentlichkeit			Effektivität,Rechtswirksamkeit,Transparenz der Verwaltungstätigkeit,Wirksamkeit,Wirtschaftlichkeit,Zügigkeit	zu Verwirklichung der Ziel halten sich der Land in Rahmen sein Verwaltungstätigkeit an der Grundsatz der Effizienz und der Publizität 
Gesetze der Republik regeln den durch die Neuordnung erforderlichen Übergang der Beamten und Angestellten des Staates, auch jener der Zentralverwaltung, an die Regionen.	Zentralverwaltung		Staatsverwaltung	Außenverwaltung	der Gesetz der Republik regeln der Überführung von Staatsbeamter und -angestellten  einschließlich jener der Zentralverwaltung  in der Region  der durch der Neuordnung erforderlich werden sein 
Zur Bildung ihrer Ämter müssen die Regionen, außer in Fällen der Notwendigkeit, das Dienstpersonal aus jenem des Staates und der Lokalkörperschaften beziehen.	Lokalkörperschaft,lokal öffentlich Körperschaft,örtlich Körperschaft	Berggemeinschaft,Gemeinde,Großstadt mit Sonderstatus,Großstadt mit besonderer Status,Land,Provinz	Gebietskörperschaft		für der Einrichtung ihr Ämter müssen der Region  außer in dringend Fall  auf der Personal der Staat und der örtlich Körperschaft zurückgreifen 
Die Kontrollen  werden von den Bediensteten des Datenschutzamtes durchgeführt, gegebenenfalls unter Beteiligung von Mitgliedern oder Bediensteten der Aufsichtsbehörden anderer Mitgliedstaaten der Europäischen Union.	Aufsichtsbehörde		unabhängig Verwaltungsbehörde		der Kontrolle werden von der Beamter der Amt für der Datenschutz durchführen  gegebenenfalls unter Beteiligung von Mitglied oder Beamter der Aufsichtsbehörde anderer Mitgliedstaat der europäisch Union 
Wer während der Zeit, in der die Fahrzeugpapiere abgenommen sind, widerrechtlich mit dem von der Abnahme betroffenen Fahrzeug fährt, oder wer trotz Führerscheinabnahme weiterhin fährt, muss eine verwaltungsrechtliche Geldbuße zwischen 2.004 und 8.017 Euro zahlen.	Führerscheinabnahme		Nebenstrafe,zusätzlich Verwaltungsstrafe		wer während der Zeitraums  in der der Zulassungsdokument entziehen werden  mit der betreffend Fahrzeug widerrechtlich fahren  oder wer trotz Führerscheinabnahme weiterhin fahren  haben ein Geldstrafe zwischen 2.004 und 8.017 Euro zu zahlen 
Die Allgemeinverbindlicherklärung nach § 5 TVG Tarifvertragsgesetz ist ein Rechtsetzungsakt eigener Art zwischen autonomer Regelung und staatlicher Rechtsetzung .	Rechtsetzungsakt	Errichtung,G,Geschäftsordnung,Gesellschaftsgründung,Gesellschaftsvertrag,Gesetz,Gründung,Rechtsverordnung,Satzung,Statut,Verfassung,Verordnung,formell Gesetz	Rechtshandlung,juristisch Handlung		der Allgemeinverbindlicherklärung gemäß § 5 TVG  Tarifvertragsgesetz  sein ein Rechtsetzungsakt von besonderer Art  der zwischen autonom Regelung und staatlich Normsetzung stehen 
Im Haushalt ist auf der Ausgabenseite ein Reservefonds vorgesehen, der nicht mehr als fünf Prozent der ordentlichen Finanzausstattung ausmachen darf.	Reservefonds	Reservefonds für Pflichtausgabe,Reservefonds für unvorhergesehen Ausgabe			in Haushaltsplan sein auf der Ausgabenseite ein Reservefonds für unvorhergesehen Ausgabe vorsehen  der fünf Prozent der ordentlich Finanzmittel nicht überschreiten dürfen 
"Die logisch-systematische Auslegung ergebe, daß sich die Verpflichtung zur Beachtung des Grundsatzes der Beitragssatzstabilität wie ein ""roter Faden"" durch das Gesetz ziehe."	logisch-systematisch Auslegung,logisch-systematisch Interpretation	logisch Interpretation,systematisch Auslegung,systematisch Interpretation			der logisch-systematisch Auslegung werden zeigen  dass der Verpflichtung zu Einhaltung der Grundsatz der Beitragsstabilität wie ein  rot Faden  durch der Gesetz verlaufen 
Wenn zu Lasten des Angeklagten oder der Körperschaft für denselben Tatbestand von der Datenschutzbehörde eine verwaltungsrechtliche Geldbuße  verhängt und auch eingehoben wurde, wird die Gerichtsstrafe reduziert.	verwaltungsrechtlich Geldbuße		Verwaltungsstrafe	Nebenstrafe,zusätzlich Verwaltungsstrafe	falls gegen der angeklagter oder der juristisch Person für derselbe Tat ein verwaltungsrechtlich Geldbuße durch der Datenschutzbehörde verhängen und eintreiben werden  werden der gerichtlich Strafe mindern 
Wer ein Motorfahrzeug fährt, bedarf des Führerausweises, wer Lernfahrten unternimmt, des Lernfahrausweises.	Führerausweis	ausländisch Führerausweis,international Führerausweis,international Führerschein,militärisch Führerausweis			wer ein Motorfahrzeug führen  benötigen ein Führerausweis  wer Fahrstunde absolvieren  benötigen ein Lernfahrausweis 
Ab der am 1. Jänner 2009 laufenden Steuerperiode sind die öffentlichen Betriebe für Pflege- und Betreuungsdienste (ÖBPB) von der Bezahlung der IRAP befreit, unter Beibehaltung der Pflicht der Einreichung der IRAP-Erklärung.	IRAP,regional Steuer auf produktiv Tätigkeit,regional Wertschöpfungssteuer		direkt Steuer		ab der Steuerzeitraum  der an 1. Januar 2009 beginnen  sein öffentlich Einrichtung für personenbezogen Dienstleistung  APSP  von der Zahlung der regional Wertschöpfungssteuer befreien  der Verpflichtung zu Abgabe der IRAP-Erklärung bleiben hiervon unberührt 
"Die wirtschaftliche Unterstützung an Unternehmen von Seiten des Amtes für Innovation, Forschung und Entwicklung ist durch folgende LANDESGESETZE (LG) geregelt : - Landesgesetz 14/2006 ""Forschung und Innovation"" - Landesgesetz 4/1997 ""Maßnahmen des Landes Südtirol zur Förderung der gewerblichen Wirtschaft""."	LG,Landesgesetz		G,Gesetz	Regionalgesetz,Staatsgesetz	der finanziell Unterstützung von Unternehmen durch der Amt für Innovation  Forschung und Entwicklung richten sich nach folgend Landesgesetz  LG ):  Landesgesetz 14  2006 „ Forschung und Innovation   Landesgesetz 4  1997 „ Maßnahme der Autonomen Provinz Bozen zu Förderung der Wirtschaft  
Ein Staatsgesetz regelt Formen der Koordinierung zwischen Staat und Regionen auf den Sachgebieten laut Artikel 117 Absatz 2 Buchstabe b) und h) sowie außerdem Formen der Vereinbarung und der Koordinierung auf dem Sachgebiet des Kulturgüterschutzes.	Staatsgesetz		G,Gesetz	LG,Landesgesetz,Regionalgesetz	ein Staatsgesetz regeln der Form der Koordination zwischen der Staat und der Region in der Bereich gemäß Artikel 117  Absatz 2  Buchstabe b  und h   sowie der Form der Vereinbarung und Koordination in Bereich der Schutz der kulturell Erbe 
Die Anspruchsberechtigten, welche einen Beitrag für die Erbringung von Schienengüterverkehrsleistungen beantragt haben, sind verpflichtet, ihren Endkunden, die den Eisenbahngüterbeförderungsdienst in Anspruch nehmen, eine Tarifreduzierung im Ausmaß des zu erhaltenden Beitrages zu gewähren.	Beitrag,Zuschuss,finanziell Beitrag	Beitrag auf Anlagegüter,Beitrag zu Gewinn und Verlustrechnung,Betriebsbeitrag,Betriebszuschuss,Investitionsbeitrag,Kapitalbeitrag,Kapitalbeitrag für Investition,Schenkungsbeitrag,Verlustbeitrag,Zinsbeitrag,Zinszuschuss,einmalig Beitrag			der Begünstigter  der ein Investitionsbeitrag für der Erbringung von Eisenbahngüterverkehrsdienstleistung beantragen haben  sein verpflichten  ihr Endkunde  der der Eisenbahngüterverkehrsdienst in Anspruch nehmen  ein Tarifermäßigung in Höhe der erhalten Investitionsbeitrag zu gewähren 
Wer freiwillige Beiträge oder Pflichtbeiträge eingezahlt hat und einen Zuschuss  beantragen möchte, muss einen eigenen Antrag bis zum 31. Oktober des Jahres einreichen, das auf das betreffende Beitragsjahr folgt.	Beitrag,Zuschuss,finanziell Beitrag	Beitrag auf Anlagegüter,Beitrag zu Gewinn und Verlustrechnung,Betriebsbeitrag,Betriebszuschuss,Investitionsbeitrag,Kapitalbeitrag,Kapitalbeitrag für Investition,Schenkungsbeitrag,Verlustbeitrag,Zinsbeitrag,Zinszuschuss,einmalig Beitrag			wer freiwillig oder obligatorisch Beitrag leisten haben und ein Investitionsbeitrag beantragen möchten  muss bis zu 31. Oktober der auf der betreffend Beitragsjahr folgend Jahr ein entsprechend Antrag einreichen 
Das typische Ziel eines Verwaltungsverfahrens ist die Erledigung durch Erlassung eines Bescheides ; der Bescheid ist das zentrale Element des österreichischen Verwaltungsrechts, weil das gesamte Rechtsschutzsystem primär auf ihn ausgerichtet ist.	Bescheid		Maßnahme	Entscheidung der Gericht,gerichtlich Entscheidung,gerichtlich Verfügung	der typisch Ziel ein Verwaltungsverfahren sein der Abschluss durch Erlassung ein Bescheid  der Bescheid sein der zentral Element der österreichisch Verwaltungsrecht  da sich der gesamt System der Rechtsschutz primär darauf ausrichten 
Grundsätzlich kann jeder Träger öffentlicher Gewalt zum Erlass von Verwaltungsverfügungen ermächtigt sein.	Verfügung,Verwaltungsverfügung		Massnahme	gerichtlich Verfügung	grundsätzlich können jeder öffentlich Behörde ermächtigen werden  Verfügung zu erlassen 
Wer zur Erfüllung einer Verwaltungsaufgabe sachlich, örtlich und funktionell zuständig ist, ist auch befugt, damit verbundene Verwaltungsrechtsverhältnisse durch Verfügung zu regeln.	Verfügung,Verwaltungsverfügung		Massnahme	gerichtlich Verfügung	wer sachlich  örtlich und funktionell für der Erledigung ein Verwaltungsaufgabe zuständig sein  sein auch befugen  der damit verbunden verwaltungsrechtlich Verhältnis durch ein Verwaltungsverfügung zu regeln 
Die Bestimmungen des ersten Abschnittes sowie die Artikel 34-43 der Verordnung vom 31. Oktober 1947 über die Alters- und Hinterlassenenversicherung (AHVV) finden sinngemäss Anwendung. Die besonderen Vorschriften über die freiwillige Versicherung für Auslandschweizer bleiben vorbehalten.	Art ,Artikel	Abs.,Absatz			der Bestimmung der erster Abschnitt sowie Art . 34–43 der Verordnung von 31. Oktober 1947 über der Alter und Hinterlassenenversicherung  AHVV  sein sinngemäss anwendbar  der besonderer Bestimmung über der freiwillig Versicherung für in Ausland lebend Schweizer bleiben vorbehalten 
Das Rechnungsprüferkollegium hat das Recht auf Zugang zu Unterlagen und Dokumenten des Landes, um die Ausübung der ihm übertragenen Aufgaben zu gewährleisten.	Recht auf Zugang,Zugangsrecht	Recht auf Zugang zu der Verwaltungsunterlage,Zugangsrecht zu der Verwaltungsunterlage			der Rechnungshof haben der Recht auf Zugang zu der Akte und Dokument der Land  um der Ausübung der ihm übertragen Aufgabe zu gewährleisten 
Handelt es sich um das Verfahren betreffende Akten, wird, sofern diese durchführbar und wirksam sind, das Zugangsrecht auch während des Verfahrens gegenüber der Organisationseinheit ausgeübt, die zuständig ist, den abschließenden Akt zu erlassen oder ständig aufzubewahren.	Recht auf Zugang,Zugangsrecht	Recht auf Zugang zu der Verwaltungsunterlage,Zugangsrecht zu der Verwaltungsunterlage			Handelt es sich um Akte  der der Verfahren betreffen  so können der Recht auf Zugang zu der Verwaltungsunterlage  sofern dieser durchführbar und zweckmäßig sein  auch während der Verfahren gegenüber der zuständig Organisationseinheit ausüben werden  der für der Erlass der endgültig Bescheid oder für der dauerhaft Aufbewahrung zuständig sein 
Der Grundsatz der Transparenz bedeutet nämlich, den Bürgern die Möglichkeit zu geben, eine demokratische Kontrolle über die Ausübung der Verwaltungstätigkeit, ihre Korrektheit und Unparteilichkeit sowie ihre Übereinstimmung mit den gesellschaftlichen Interessen und den verfassungsmäßigen Grundsätzen auszuüben.	Grundsatz der Transparenz			Grundsatz der Wirtschaftlichkeit,Grundsatz der Öffentlichkeit,Öffentlichkeitsgrundsatz	der Grundsatz der Transparenz bedeuten nämlich  der Bürger der Möglichkeit zu geben  ein demokratisch Kontrolle über der Ausübung der Verwaltungstätigkeit  der Korrektheit und Unparteilichkeit sowie der Übereinstimmung mit der gesellschaftlich Interesse und der verfassungsrechtlich Grundsatz ausüben 
Die monokratisch strukturierte Behörde ist derzeit in der Praxis die Regel.	monokratisch organisiert Behörde,monokratisch strukturiert Behörde		Organ	Kollegialbehörde,Kollegialorgan	der monokratisch organisiert Behörde stellen derzeit in der Praxis der Regel dar 
Bei Streitigkeiten über Wahlhandlungen  ist ein außerordentlicher Rekurs an den Präsidenten der Republik nicht zulässig.	außerordentlich Beschwerde an der Staatsoberhaupt,außerordentlich Rekurs an der Präsident der Republik		Verwaltungsbeschwerde,Verwaltungsrekurs	Aufsichtsbeschwerde,Rekurs zu Erhebung ein Widerspruch,hierarchisch Rekurs	in Streitigkeit betreffend der Wahlvorgäng sein ein außerordentlich Rekurs an der Präsident der Republik unzulässig 
Für den Rekurs zur Erhebung eines Widerspruchs ist die Einzahlung des Einheitsbeitrags für die Eintragung des Rechtsstreits in das Register  erforderlich.	Rekurs zu Erhebung ein Widerspruch		Verwaltungsbeschwerde,Verwaltungsrekurs	Aufsichtsbeschwerde,außerordentlich Beschwerde an der Staatsoberhaupt,außerordentlich Rekurs an der Präsident der Republik,hierarchisch Rekurs	für der Rekurs zu Erhebung ein Widerspruch sein der Zahlung der Pauschalgebühr für der Eintragung der Verfahren in der Register erforderlich 
Bevor gegen einen Verwaltungsakt von Finanzbehörden vor dem Finanzgericht geklagt werden kann, muss das sog. Vorverfahren durchlaufen werden. Darunter versteht man die nochmalige Überprüfung einer Entscheidung durch die Behörde, die durch den Einspruch vom Steuerpflichtigen herbeigeführt wird.	Einspruch,Widerspruch			Aufsichtsbeschwerde	bevor gegen ein Verwaltungsakt der Finanzbehörde Klage bei Finanzgericht erheben werden können  muss der sogenannter Vorverfahren durchführen werden  damit sein der Überprüfung ein behördlich Entscheidung durch der Behörde selbst meinen  der durch der Widerspruch der Steuerpflichtigen einleiten werden 
Die Erhebung der Anfechtungsklage gegen einen Verwaltungsakt  setzt  voraus, dass vor Anrufung des Verwaltungsgerichts Rechtsmäßigkeit und Zweckmäßigkeit des Verwaltungsaktes in einem Vorverfahren auf Grund Widerspruchs des Klageberechtigten nachgeprüft worden sind.	Einspruch,Widerspruch			Aufsichtsbeschwerde	der Erhebung ein Anfechtungsklage gegen ein Verwaltungsakt setzen voraus  dass der Rechtmäßigkeit und Zweckmäßigkeit der Verwaltungsakts in ein Vorverfahren auf Grundlage der Widerspruch der klagebefugt beteiligter prüfen werden sein  bevor der Verwaltungsgericht anrufen werden 
Die fehlende devolutive Wirkung der Einsprache ist das Hauptunterscheidungskriterium zur Beschwerde.	Einsprache		Verwaltungsbeschwerde	Aufsichtsanzeige,Aufsichtsbeschwerde	der fehlend Devolutivwirkung der Einsprache stellen der Hauptunterscheidungsmerkmal gegenüber der Beschwerde dar 
Gehört zu den zur Erbfolge Berufenen eine empfangene Person, so kann die Teilung nicht vor deren Geburt stattfinden.	Empfangener,Gezeugter,bereits empfangen Ungeborener,bereits gezeugt ungeboren Kind,empfangen Person		Ungeborener,ungeboren Kind		falls sich unter der zu Erbfolge berufen Erbe ein bereits gezeugt ungeboren Kind befinden  können der Teilung nicht vor der Geburt erfolgen 
Wird ein bereits Empfangener berufen, steht die Verwaltung dem Vater oder bei dessen Fehlen der Mutter zu.	Empfangener,Gezeugter,bereits empfangen Ungeborener,bereits gezeugt ungeboren Kind,empfangen Person		Ungeborener,ungeboren Kind		falls ein bereits gezeugt ungeboren Kind berufen werden  stehen der Verwaltung der Vater oder  falls dieser nicht vorhanden sein  der Mutter zu 
Ein Dritter, dessen Samen für eine medizinische unterstützte Fortpflanzung verwendet wird, kann nicht als Vater des mit seinem Samen gezeugten Kindes festgestellt werden .	gezeugt Kind		Leibesfrucht,Nasciturus,Ungeborener,Ungeborner,ungeborn Kind		ein dritter  der Samen für ein medizinisch unterstützt Fortpflanzung verwenden werden  können nicht als Vater der aus sein Samen gezeugt Kind anerkennen werden 
Der Instruktionsrichter kann verfügen, daß anstelle der Urschrift eine Abschrift, gegebenenfalls auch in Form einer Fotokopie, oder beglaubigter Auszug der Urkunde vorgelegt wird.	Urschrift,Urschrift der Urkunde	nicht einmalig Original			der Untersuchungsrichter können anordnen  dass anstelle der Urschrift der Urkunde ein Kopie  gegebenenfalls auch in Form ein Fotokopie  oder ein beglaubigt Abschrift der Dokument vorlegen werden 
Die Ausbildung zum staatlich geprüften Agrarbetriebswirt im Garten- und Landschaftsbau oder in den Sparten Friedhofsgärtnerei, Baumschule, Gemüsebau und Zierpflanzenbau, erfolgt in der zweijährigen Fachschule.	Agrarbetriebswirt			Agrarwissenschaftler	der Ausbildung zu staatlich anerkannt Agrarbetriebswirt in Bereich Garten und Landschaftsbau oder in der Bereich Friedhofsgärtnerei  Baumschulwesen  Gemüsebau und Zierpflanzenbau erfolgen an ein zweijährig Fachschule 
Zur Erweiterung des Angebots in Lehre und Forschung kann die Universität auf inter-nationaler, staatlicher und regionaler Ebene Abkommen mit anderen Universitäten, Forschungseinrichtungen, Kunstakademien, der Nationalen Akademie für Schauspielkunst, den Hochschulen für angewandte Kunst und Industriedesign  abschließen.	Akademie der bildend Kunst,Kunstakademie		hoch Kunst und Musikausbildung,hoch künstlerisch und musikalisch Bildung		zu Erweiterung der Lehr und Forschungsangebot können der Universität international  staatlich und regional Vereinbarung mit anderer Universität  Forschungseinrichtung  Kunstakademie  der Nationalakademie für dramatisch Kunst sowie der hoch Fachschule für angewandt Kunst und Industriedesign abschließen 
In der Schweiz ist das Bildungswesen vom Eintritt in die obligatorische Schule bis zur Tertiärstufe (Hochschulen und höhere Berufsbildung) eine Staatsaufgabe. Die Verantwortung für das Bildungswesen obliegt in erster Linie den 26 Kantonen.	obligatorisch Schule		Schulpflicht		in der Schweiz liegen der Bildung  von Eintritt in der obligatorisch Schule bis zu Tertiärstufe  Hochschule und hoch Berufsbildung   in staatlich Verantwortung  der Zuständigkeit für der Bildungswesen obliegen primär der 26 Kanton 
Die Förderungen können wie folgt gewährt werden: a) in Form eines Verlustbeitrags , b) in Form eines begünstigten Darlehens oder einer begünstigten Leasingfinanzierung aus dem Rotationsfonds .	Schenkungsbeitrag,Verlustbeitrag,einmalig Beitrag	Beitrag auf Anlagegüter,Investitionsbeitrag,Kapitalbeitrag,Kapitalbeitrag für Investition	Beitrag,Zuschuss,finanziell Beitrag		der Beihilfe können wie folgen gewähren werden  a  in Form ein Zuschuss    in Form ein verbilligt Darlehen oder ein verbilligt Leasingfinanzierung durch der Umschuldungsfonds 
Eine Notsituation liegt auch dann vor, wenn Asbest an bestehenden Wohngebäuden im Eigentum von Privatpersonen, Betriebsgebäude ausgenommen, vorhanden ist. Für den Abbau und die Entsorgung von Asbest wird ein Schenkungsbeitrag gewährt.	Schenkungsbeitrag,Verlustbeitrag,einmalig Beitrag	Beitrag auf Anlagegüter,Investitionsbeitrag,Kapitalbeitrag,Kapitalbeitrag für Investition	Beitrag,Zuschuss,finanziell Beitrag		ein Notsituation liegen auch dann vor  wenn Asbest in bestehend Wohngebäude vorhanden sein  der in Eigentum von Privatperson stehen  ausnehmen Betriebsgebäude  für der Entfernung und Entsorgung von Asbest werden ein Zuschuss gewähren 
Die Arbeiter  können den Arbeitgeber über die Gewerkschaftsorganisationen zum Einbehalt der Gewerkschaftsbeiträge bevollmächtigen. Der Arbeitgeber überweist monatlich die entsprechenden Beträge an die einzelnen Gewerkschaftsvertretungen, vorausgesetzt, es wird deren Bankkontonummer angegeben.	Gewerkschaftsvertretung	EGV,betrieblich Gewerkschaftsvertretung,einheitlich Gewerkschaftsvertretung			der Arbeitnehmer können der Arbeitgeber über der Gewerkschaft ermächtigen  der Gewerkschaftsbeitrag einbehalten  der Arbeitgeber überweisen der entsprechend Betrag monatlich an der jeweilig Gewerkschaftsvertretung  sofern der Bankkontonummer angeben werden 
Der rechtfertigende Grund für diese Rechtsinstitute Organleihe und Auftrag liegt in der Effektivität und der Ökonomie der Verwaltung.	Effektivität			Effizienz,Offenkundigkeit,Publizität,Werbung,Wirtschaftlichkeit,Zügigkeit	der rechtfertigend Begründung für dieser Rechtsinstitut der Organleihe und der Bevollmächtigung liegen in der Effektivität und der Wirtschaftlichkeit der Verwaltung 
Muß die Maßnahme dagegen vorher auf ihre Gesetzmäßigkeit geprüft werden, fällt der Abschluß mit der Übermittlung der erlassenen Maßnahme an das Kontrollorgan zusammen, da die Phase der Ergänzung der Wirksamkeit nicht von der Landesverwaltung abhängt.	Phase der Ergänzung der Wirksamkeit,Phase zu Vervollständigung der Wirksamkeit,Vervollständigungsphase der Rechtswirksamkeit			Beschlussphase,Entscheidungsphase,Entscheidungsvorbereitung,Ermittlungsphase,Ermittlungsverfahren,Gestaltungsphase,Initiativphase,Sachverhaltsermittlung,konstituierend Phase	falls hingegen der Akt vorab auf sein Rechtmäßigkeit zu prüfen sein  fallen der Abschluss mit der Übermittlung der erlassen Akt an der Kontrollorgan zusammen  da der Phase der Ergänzung der Wirksamkeit nicht von der Landesverwaltung abhängen 
Diie Frist läuft  bei Antragsverfahren ab dem Datum, an dem die zuständige Verwaltung den Antrag entgegennimmt, und bei Verfahren, die von Amts wegen eingeleitet werden, ab dem Datum der Einleitung.	Antragsverfahren		Verwaltungsverfahren	von Amts wegen eingeleitet Verfahren	der Frist beginnen bei ein Antragsverfahren mit der Tag  an der der zuständig Behörde der Antrag erhalten  und bei ein von Amts wegen eingeleitet Verfahren mit der Tag der Einleitung 
Die rechtskräftigen Urteile, mit denen der Rekurs gegen die stillschweigende Nichterfüllung der Verwaltung angenommen wird, werden dem Rechnungshof durch Datenfernübertragung übermittelt.	stillschweigend Ablehnung,stillschweigend Nichterfüllung		Stillschweigen	stillschweigend Abweisung,stillschweigend Zustimmung	Rechtskräftige Urteil  mit der der Klage gegen der stillschweigend Ablehnung der öffentlich Verwaltung gutheißen werden  werden mittels elektronisch Datenübermittlung an der Rechnungshof übermitteln 
Im Falle des Neubaues erfolgt die Auszahlung der zinsfreien Darlehen aus dem Rotationsfonds, wenn folgende Voraussetzungen gegeben sind:  der Förderungsempfänger und seine Familienangehörigen müssen ihren meldeamtlichen Wohnsitz in die geförderte Wohnung verlegt haben.	gefördert Wohnung		Wohnrecht,Wohnungsrecht		in Fall ein Neubau erfolgen der Gewährung von zinslos Darlehen aus der Umschuldungsfonds  sofern folgend Voraussetzung erfüllen sein  der Empfänger der Förderung und sein Familienangehöriger müssen ihr Hauptwohnsitz in der gefördert Wohnung nehmen haben 
Zwei oder mehrere, in der Regel aneinander angrenzende Gemeinden, die derselben Provinz angehören, können einen Gemeindenverbund zur gemeinsamen Ausübung einer Reihe von Funktionen oder zur Erbringung von ihnen zugewiesenen bzw. delegierten Diensten gründen.	Gemeindenverbund,Gemeindenzusammenschluss		Form der zwischengemeindlich Zusammenarbeit	Gemeindenvereinigung	zwei oder mehrere  in der Regel aneinandergrenzend Gemeinde derselbe Provinz können ein Gemeindenvereinigung bilden  um ein Vielzahl von Aufgabe gemeinsam wahrnehmen oder ihnen zugewiesen oder übertragen Dienstleistung zu erbringen 
Das Landesgesetz regelt die Zusammensetzung und die Zuständigkeiten der Organe und setzt die grundlegenden Bestimmungen für die Organisation und die Tätigkeit der Gemeindenvereinigung  fest.	Gemeindenvereinigung		Form der zwischengemeindlich Zusammenarbeit	Gemeindenverbund,Gemeindenzusammenschluss	der Landesgesetz regeln der Zusammensetzung und der Zuständigkeit der Organ und legen der grundlegend Bestimmung für der Organisation und der Tätigkeit der Gemeindenvereinigung fest 
Der Gemeinderat  beschließt  die Einrichtung und Änderung der Formen der zwischengemeindlichen Zusammenarbeit .	Form der zwischengemeindlich Zusammenarbeit	Gemeindenverbund,Gemeindenvereinigung,Gemeindenzusammenschluss			der Gemeinderat beschließen der Einrichtung und Änderung von Form der zwischengemeindlich Zusammenarbeit 
Der Gemeinderat kann für einzelne Ortschaften einen Ortsvorsteher und einen Ortsausschuss einrichten, wenn dies im Interesse der besseren Anbindung entlegener Siedlungen an die Gemeindeverwaltung zweckmäßig ist.	Ortschaft		Gemeinde,Ortsgemeinde		der Gemeinderat können für einzeln Ortschaft ein Ortsvorsteher und ein Ortsausschuss bestellen  sofern dieser in Interesse ein gut Anbindung abgelegen Siedlung an der Gemeindeverwaltung zweckmäßig sein 
Für die Großstädte mit Sonderstatus werden die  Zuständigkeiten des Ausschusses und des Bürgermeisters vom Großstadtausschuss bzw. vom Großstadtbürgermeister ausgeübt.	Großstadtausschuss		Großstadt mit Sonderstatus,Großstadt mit besonderer Status		für Großstadt mit Sonderstatus werden der Befugnis der Stadtrat und der Bürgermeister jeweils von der Großstadt mit Sonderstatus und der Oberbürgermeister ausüben 
Für die Großstädte mit Sonderstatus werden die  Zuständigkeiten des Ausschusses und des Bürgermeisters vom Großstadtausschuss bzw. vom Großstadtbürgermeister ausgeübt.	Großstadtbürgermeister		Großstadt mit Sonderstatus,Großstadt mit besonderer Status	Großstadtrat,Konferenz aller Bürgermeister	für der Großstadt mit Sonderstatus werden der Zuständigkeit der Stadtrat und der Bürgermeister jeweils von Metropolverwaltungsrat und von Großstadtbürgermeister ausüben 
Frauen dürfen nicht für Untertagearbeiten in Bergwerken beschäftigt werden, ausser für: a. wissenschaftliche Tätigkeiten; b. Dienstleistungen der ersten Hilfe und der medizinischen Erstversorgung; c. kurzfristige Tätigkeiten im Rahmen einer geregelten Berufsausbildung; oder d. kurzfristige Tätigkeiten nicht handwerklicher Art.	Bergwerk		Gegenstand der Verwaltungsvermögen		Frau dürfen nicht unter Tag in Bergwerk beschäftigen werden  ausser  a. für wissenschaftlich Tätigkeit  b. für Erste-Hilfe und erster medizinisch Versorgungsleistung  c. für kurzfristig Tätigkeit in Rahmen ein geregelt beruflich Ausbildung oder d. für kurzfristig Tätigkeit  der nicht handwerklich Natur sein 
Die Bauleistungen, die der vorherrschenden Kategorie oder den Kategorien der getrennt ausführbaren Bauleistungen zuzuordnen sind, können auch von Unternehmern übernommen werden, die sich zu einer horizontalen Bietergemeinschaft zusammengeschlossen haben.	horizontal gegliedert Bietergemeinschaft,horizontal Bietergemeinschaft			vertikal gegliedert Bietergemeinschaft,vertikal Bietergemeinschaft	Bauleistung  der der oder der vorherrschend Kategorie der gesondert ausführbar Bauleistung zuordnen sein  können auch von Unternehmer erbringen werden  der sich zu ein horizontal Bietergemeinschaft zusammenschließen haben 
Wird  eine dem Betroffenen zuvor im Gnadenwege eingeräumte Rechtsstellung verschlechtert, z. B. ein bereits ausgesprochener Gnadenerweis widerrufen, liegt ein rechtlich gebundener Akt vor.	rechtlich gebunden Akt	gebunden Verwaltungsakt,rechtlich gebunden Verwaltungsakt			Sofern ein der betroffener zuvor in Weg der Begnadigung gewährt Rechtsposition verschlechtern werden  etwa durch der Widerruf ein bereits ausgesprochen Gnadenmaßnahme  liegen ein gebunden Verwaltungsakt vor 
Die Legalisation bestätigt die Echtheit der Unterschrift, die Eigenschaft, in welcher der Unterzeichner der Urkunde gehandelt hat, und gegebenenfalls die Echtheit des Siegels, mit dem die Urkunde versehen ist (Legalisation im engeren Sinn).	Legalisation		Zertifizierung	Beglaubigung der Unterschrift,Unterschriftsbeglaubigung	der Legalisation bestätigen der Echtheit der Unterschrift  der Eigenschaft  in der der Unterzeichner der Dokument handeln haben  und gegebenenfalls der Echtheit der Siegel  mit der der Dokument versehen sein  Legalisation in eng Sinn  
Die Eintragung in die Verzeichnisse der Präfektur der Provinz, in der das Unternehmen seinen Sitz hat, erfüllt die Bedingungen der Antimafia-Information zur Ausübung der jeweiligen Tätigkeit.	Antimafia-Information		Antimafia-Bescheinigung,Antimafia-Dokumentation	Antimafia-Mitteilung	der Eintragung in der Verzeichnis der Präfektur der Provinz  in der der Betrieb sein Sitz haben  erfüllen der Voraussetzung der Antimafia-Bescheinigung für der Ausübung der betreffend Tätigkeit 
Die gewerbsmäßige Beförderung von Gütern mit Kraftfahrzeugen darf nur auf Grund einer Konzession ausgeübt werden .	gewerbsmäßig Beförderung von Gütern mit Kraftfahrzeug		Beförderung von Sache,Güterbeförderung		der gewerbsmäßig Beförderung von Gut mit Kraftfahrzeug dürfen nur aufgrund ein Konzession ausüben werden 
Für Diensteanbieter, die berufsrechtlichen Vorschriften unterliegen, ist eine kommerzielle Kommunikation, die Bestandteil eines von ihnen bereitgestellten Dienstes der Informationsgesellschaft ist oder einen solchen darstellt, zulässig.	kommerziell Kommunikation	audiovisuell kommerziell Kommunikation			für Dienstleistungserbringer  der berufsrechtlich Vorschrift unterliegen  sein kommerziell Kommunikation zulässig  sofern dieser Teil ein von ihnen erbracht Dienstleistung der Informationsgesellschaft sein oder dieser darstellen 
Der Landeshauptmann  widerruft die eigene Dringlichkeitsmaßnahme bei Gefahr im Verzug Nr. 5/2020 vom 05.03.2020 .	Dringlichkeitsmaßnahme bei Gefahr in Verzug		Notakt	dringend Maßnahme	der Landeshauptmann heben sein Dringlichkeitsmaßnahme bei Gefahr in Verzug Nr. 5  2020 von 05.03.2020 auf 
Wer sich um eine Ausbildungsstelle für Sprengelärzte bewirbt, richtet ein Gesuch auf Stempelpapier an die Sanitätseinheiten und legt folgende Unterlagen bei: - Geburtsschein .	Geburtsschein		standesamtlich Bescheinigung	Ehebescheinigung,Todesbescheinigung,Totenschein,Trauschein	Bewerber für ein Ausbildungsstelle zu Landarzt richten ein Gesuch auf amtlich Vordruck an der Gesundheitsdienst und fügen folgend Unterlage bei   Geburtsschein 
Die Vorschriften über die Abgabe des Verfahrens gelten sinngemäß, wenn Mahnverfahren und streitiges Verfahren bei demselben Gericht durchgeführt werden.	streitig Verfahren			nichtstreitig Verfahren	der Bestimmung über der Abgabe der Verfahren gelten sinngemäß  wenn der Mahnverfahren und der streitig Verfahren vor derselbe Gericht führen werden 
Der Verwaltungsgehilfe/die Verwaltungsgehilfin führt gemäß den Richtlinien und Anweisungen des/der Vorgesetzten alle Arbeiten der Schriftgutverwaltung durch.	Verwaltungsgehilfe			Mitarbeiter für Verwaltung,Verwaltungsassistent,Verwaltungsinspektor,Verwaltungssachbearbeiter	der Verwaltungsassistent führen gemäß der Weisung und Anordnung der Vorgesetzten sämtlicher Arbeit in Bereich der Dokumentenverwaltung aus 
Die Beglaubigungsklausel hat  die Angabe zu enthalten, 1. ob die vorgewiesene Urkunde eine Papierurkunde oder elektronische Urkunde, eine Urschrift, Ausfertigung, Abschrift (Kopie) oder ein Ausdruck ist, .	digital Dokument,elektronisch Urkunde,elektronisch Dokument	digital Duplikat,informatisch Duplikat			der Authentifizierungsklausel muss angeben  1. ob der vorgelegt Dokument ein Papierdokument oder ein digital Dokument  ein Original  ein beglaubigt Kopie  ein einfach Kopie  Fotokopie  oder ein Ausdruck sein 
Bei den in dieser Verordnung vorgesehenen Verfahren erfolgt die Bewertung der Nachweise ausschließlich auf der Grundlage von Erklärungen zum Ersatz beeideter Bezeugungsurkunden, Eigenbescheinigungen oder anderen Unterlagen der Bewerber und Bewerberinnen.	Eigenbescheinigung,Erklärung zu Ersatz ein Bescheinigung,Selbstbescheinigung,Selbsterklärung,eigenverantwortet Bescheinigung,eigenverantwortlich Erklärung		Ersatzerklärung	Erklärung zu Ersatz ein beeidet Bezeugungsurkunde,Ersatzerklärung der Notorietätsakt,Ersatzerklärung ein beeidet Bezeugungsurkunde	in Rahmen der in dieser Verordnung vorgesehen Verfahren basieren der Bewertung der Nachweis ausschließlich auf Erklärung zu Ersatz ein Notorietätsakt  Selbsterklärung oder anderer Unterlage der Bewerberin und Bewerber 
Die Besamungstechniker müssen dem Gesuch eine eigenverantwortete Bescheinigung darüber beilegen, dass sie im Besitz des Eignungsnachweises und in Kenntnis der nationalen Bestimmungen über die künstliche Besamung sind, .	Eigenbescheinigung,Erklärung zu Ersatz ein Bescheinigung,Selbstbescheinigung,Selbsterklärung,eigenverantwortet Bescheinigung,eigenverantwortlich Erklärung		Ersatzerklärung	Erklärung zu Ersatz ein beeidet Bezeugungsurkunde,Ersatzerklärung der Notorietätsakt,Ersatzerklärung ein beeidet Bezeugungsurkunde	der Besamungstechniker müssen der Antrag ein Selbsterklärung beifügen  aus der hervorgehen  dass sie über der entsprechend Eignungszertifikat verfügen und mit der national Bestimmung in Bereich der künstlich Besamung vertraut sein 
Für die Zuerkennung des Differenzbetrages zur Erreichung des Betrags des Mutterschaftsgeldes  muss die Antragstellerin dem Antrag eine Erklärung der Anstalt, welche die Mutterschaftszulage gezahlt hat, über die Höhe des gewährten Betrages oder eine entsprechende Selbstbescheinigung beilegen.	Eigenbescheinigung,Erklärung zu Ersatz ein Bescheinigung,Selbstbescheinigung,Selbsterklärung,eigenverantwortet Bescheinigung,eigenverantwortlich Erklärung		Ersatzerklärung	Erklärung zu Ersatz ein beeidet Bezeugungsurkunde,Ersatzerklärung der Notorietätsakt,Ersatzerklärung ein beeidet Bezeugungsurkunde	für der Anerkennung der Differenzbetrag zu Erreichung der Höhe der Mutterschaftsgeld haben der Antragstellerin der Antrag ein Bescheinigung der Institution  welcher der Mutterschaftsgeld auszahlen haben  über der Höhe der gewährt Betrag oder ein entsprechend Erklärung zu Ersatz ein beeidet Bezeugungsurkunde beifügen 
Zugleich hat sie dem Beschwerdeführer eine Missbrauchsgebühr von 500 Euro auferlegt, weil die von ihm vorgebrachten Rügen ohne jede verfassungsrechtliche Substanz sind und die Anrufung des Bundesverfassungsgerichts deshalb für den Beschwerdeführer erkennbar offensichtlich aussichtslos war.	Beschwerdeführer			Revisionsbeklagter	gleichzeitig haben der Gericht der Beschwerdeführer ein Missbrauchsgebühr in Höhe von 500 Euro auferlegen  da der von ihm vorgebracht Rüge jeglicher verfassungsrechtlich Grundlage entbehren und der Verfassungsbeschwerde daher für der Beschwerdeführer offensichtlich und erkennbar kein Aussicht auf Erfolg bieten 
In den Sachbereichen der ausschließlichen Gerichtsbarkeit  erkennt das Verwaltungsgericht, auch zum Zwecke der Festsetzung eines Schadenersatzes, zusätzlich über Rechtsstreitigkeiten, die subjektive Rechte zum Gegenstand haben.	ausschließlich Gerichtsbarkeit		Verwaltungsgerichtsbarkeit	Gerichtsbarkeit in der Sache selbst,allgemein Gerichtsbarkeit über Frage der Rechtmäßigkeit	in Angelegenheit der ausschließlich Gerichtsbarkeit entscheiden der Verwaltungsgericht auch über Streitigkeit  der subjektiv Recht zu Gegenstand haben  einschließlich der Festsetzung ein Schadensersatzleistung 
Die Verwaltungen können die verwaltungsgerichtliche Rechnungslegung der Rechnungsführer über Gebarungen derselben Art in eine oder mehrere zusammenfassende Rechnungen bündeln.	verwaltungsgerichtlich Rechnungslegung	verwaltungsgerichtlich Hauptrechnungslegung,verwaltungsgerichtlich Nebenrechnungslegung			der Verwaltung können der verwaltungsgerichtlich Rechnungslegung der Kassenverwalter für gleichartig Verwaltungstätigkeit in ein oder mehrere zusammenfassend Konto zusammenführen 
Wortinterpretation und logische Auslegung führen im vorliegenden Fall zum eindeutigen Ergebnis, dass die Rundungsregel auf die Ermittlung der tatsächlichen Dienstzeit von mindestens 20 Jahren keine Anwendung finde.	logisch Auslegung,logisch Interpretation	ausdehnend Auslegung,ausdehnend Interpretation,einschränkend Auslegung,einschränkend Interpretation,erweiternd Auslegung,erweiternd Interpretation,extensiv Auslegung,extensiv Interpretation,restriktiv Auslegung,restriktiv Interpretation			der grammatikalisch Auslegung und der logisch Interpretation führen in vorliegend Fall zu der eindeutig Ergebnis  dass der Rundungsregel für der Feststellung ein tatsächlich Dienstzeit von mindestens 20 Jahr kein Anwendung finden 
In den  vorgesehenen Fällen kann als Nebenstrafe die Veröffentlichung des Zahlungsbefehls, vollständig oder auszugsweise, in einer oder mehreren Tageszeitungen, die in der jeweiligen Verfügung angegeben werden, angeordnet werden.	Nebenstrafe,zusätzlich Verwaltungsstrafe		Verwaltungsstrafe	verwaltungsrechtlich Geldbuße	in der vorgesehen Fall können als verwaltungsrechtlich Geldbuße der Veröffentlichung der Mahnbescheid  vollständig oder auszugsweise  in ein oder mehrere in der jeweilig Verfügung genannt Tageszeitung anordnen werden 
In den Fällen, in denen laut der Straßenverkehrsordnung die Aussetzung des Fahrzeugscheins vorgesehen ist, wird für denselben Zeitraum immer die verwaltungsbehördliche Stilllegung des Fahrzeugs verfügt.	Aussetzung der Fahrzeugschein		Nebenstrafe,zusätzlich Verwaltungsstrafe		in der Fall  in der gemäß der Straßenverkehrsgesetz der Aussetzung der Fahrzeugschein vorsehen sein  werden für derselbe Zeitraum stets der behördlich Beschlagnahme der Fahrzeug anordnen 
Geeignet zum Führen von Kraftfahrzeugen ist, wer die notwendigen körperlichen und geistigen Anforderungen erfüllt und nicht erheblich oder nicht wiederholt gegen verkehrsrechtliche Vorschriften oder gegen Strafgesetze verstoßen hat.	körperlich und geistig Anforderung	Anforderung an der Sehvermögen			zu Führen von Kraftfahrzeug eignen sein  wer der körperlich und geistig Anforderung erfüllen und nicht erheblich oder wiederholt gegen der Straßenverkehrsvorschrift oder Strafgesetz verstoßen haben 
Das Amt für zivile motorisierung stellt dem Führerscheinanwärter eine Erlaubnis aus (Fahrübungsschein), mit welcher er mit den Fahrzeugen derselben Kategorie, für welche er den Führerschein erwerben möchte, das Fahren üben darf.	Fahrübungsschein,provisorisch Fahrerlaubnis		Fahrübung,Übungsfahrt		der Amt für der Kraftfahrzeugverkehr stellen der Bewerber für der Führerschein ein Genehmigung  Fahrübungsschein  aus  mit der er berechtigen sein  der Führen von Fahrzeug derselbe Kategorie zu üben  für der er der Führerschein erwerben möchten 
Wer beantragt, die Prüfung zur Erlangung des Führerscheins oder zur Ausdehnung der Gültigkeit des Führerscheins auf andere Fahrzeugklassen ablegen zu dürfen, und die vorgeschriebene körperliche und geistige Tauglichkeit nachweist, erhält eine provisorische Fahrerlaubnis; .	Fahrübungsschein,provisorisch Fahrerlaubnis		Fahrübung,Übungsfahrt		wer der Ablegung der Führerscheinprüfung oder der Erweiterung der Gültigkeit der Führerschein auf weit Fahrzeugkategorie beantragen und der vorgeschrieben körperlich und geistig Eignung nachweisen  erhalten ein provisorisch Fahrerlaubnis 
Der Lernfahrausweis wird nach bestandener Prüfung der Basistheorie erteilt. Ist keine solche Prüfung abzulegen, wird der Lernfahrausweis erteilt, wenn die Voraussetzungen zu dessen Erwerb erfüllt sind.	Lernfahrausweis		Fahrstunde,Lernfahrt,praktisch Fahrunterricht,praktisch Unterricht,Übungsfahrt		der Lernfahrausweis werden nach bestanden theoretisch Grundprüfung ausstellen  falls ein solcher Prüfung nicht vorsehen sein  werden der Lernfahrausweis erteilen  sofern der Voraussetzung für der Erhalt erfüllen sein 
Die Verwaltungsbehörde kann auf eine Fahrerlaubnisprüfung verzichten, wenn keine Tatsachen vorliegen, die die Annahme rechtfertigen, daß der Bewerber die  erforderlichen Kenntnisse und Fähigkeiten nicht mehr besitzt.	Fahrerlaubnisprüfung	Fahrprüfung,Theorieprüfung,praktisch Prüfung,theoretisch Prüfung			der Verwaltungsbehörde können auf ein theoretisch Prüfung verzichten  sofern kein Tatsache vorliegen  der der Annahme rechtfertigen  dass der Antragsteller nicht mehr über der erforderlich Kenntnis und Fähigkeit verfügen 
Das Verbot der Kinderarbeit ergibt sich aus der Vorschrift des § 5 JArbSchG und wird in der Rechtswirklichkeit auf rein arbeitsrechtliche Dienstverhältnisse mehr oder weniger auch so angewandt.	Kinderarbeit		Arbeit		der Verbot von Kinderarbeit ergeben sich aus der Vorschrift der § 5 JArbSchG und werden in der Rechtswirklichkeit mehr oder weniger auch auf rein arbeitsrechtlich Dienstverhältnis anwenden 
Eine Lebensbescheinigung kann für Rentenzwecke, insbesondere bei einem Träger im Ausland erforderlich sein. Eine steuerliche Lebensbescheinigung benötigen Sie für die Eintragung von Kindern in Ihrer Lohnsteuerkarte, wenn diese nicht in Ihrer Wohnung gemeldet sind.	Lebensbescheinigung		meldeamtlich Bescheinigung		ein Lebensbescheinigung können zu Rentenversicherungszweck  insbesondere von ein ausländisch Sozialversicherungsanstalt  anfordern werden  ein Lebensbescheinigung zu steuerlich Zweck sein erforderlich  um Kind in ihr Steuerkarte eintragen  sofern dieser nicht an ihr Wohnsitz melden sein 
Bei Rot dürfen die Fahrzeuge nicht über die Haltelinie hinausfahren; ist eine solche Linie nicht vorhanden, dürfen die Fahrzeuge weder den Kreuzungsbereich noch den Fußgängerüberweg besetzen noch über das Signal hinausfahren, damit sie den Anweisungen der Lichtzeichen folgen können.	Fußgängerübergang,Fußgängerüberweg	ampelgeregelt Fußgängerüberweg	Fahrbahn		bei Rot dürfen Fahrzeug der Haltlinie nicht überfahren  falls ein solcher Linie nicht vorhanden sein  dürfen Fahrzeug weder der Kreuzungsbereich noch der Fußgängerüberweg befahren oder der Signal überqueren  um der Anweisung der Lichtsignalanlage folgen zu können 
Der Fußgängerübergang ist ein Fahrbahnteil, auf welchem die Fahrzeuge den Fußgängern, die auf den eigens vorgesehenen Streifen überqueren, den Vortritt gewähren müssen.	Fußgängerübergang,Fußgängerüberweg	ampelgeregelt Fußgängerüberweg	Fahrbahn		ein ampelgeregelt Fußgängerüberweg sein ein Teil der Fahrbahn  auf der Fahrzeug der Fußgänger  der der eigens dafür vorgesehen Markierung überqueren  Vorrang gewähren müssen 
Zum Parken ist der rechte Seitenstreifen, dazu gehören auch entlang der Fahrbahn angelegte Parkstreifen, zu benutzen, wenn er dazu ausreichend befestigt ist, sonst ist an den rechten Fahrbahnrand heranzufahren.	Seitenstreifen		Straße		zu Parken sein der rechter Seitenstreifen zu nutzen  einschließlich der entlang der Fahrbahn angeordnet Parkfläche  sofern dieser hierfür ausreichend befestigen sein  andernfalls sein an rechter Fahrbahnrand anhalten 
Die Gültigkeitsdauer eines nationalen Führerscheins kann durch innerstaatliche Rechtsvorschriften begrenzt werden. Die Gültigkeit eines internationalen Führerscheins endet spätestens drei Jahre nach dem Ausstellungsdatum oder am Tag des Erlöschens der Gültigkeit des nationalen Führerscheins, falls dies früher der Fall ist.	international Führerausweis,international Führerschein		Führerausweis		der Gültigkeitsdauer ein national Führerausweis können durch innerstaatlich gesetzlich Bestimmung einschränken werden  der Gültigkeit ein international Führerausweis erlischen spätestens drei Jahr nach der Ausstellungsdatum oder an der Tag  an der der Gültigkeit der national Führerausweis ablaufen  falls dieser früh eintreten 
Es handle sich um eine Einbahn, in der auf Grund der Fahrbahnbeschaffenheit sowohl links als auch rechts paralleles Parken vorgesehen sei.	Einbahn		Fahrbahn		es handeln sich um ein Einbahn  bei der aufgrund der Beschaffenheit der Fahrbahn sowohl links als auch rechts ein parallel Parken vorsehen sein 
Der Fahrer ist verpflichtet,  a) den Beschleunigungsstreifen zu verwenden, um auf den Fahrstreifen für den durchgehenden Verkehr einzufahren, und den auf diesem Fahrstreifen verkehrenden Fahrzeugen Vorfahrt zu geben .	Beschleunigungsspur,Beschleunigungsstreifen		gesondert Fahrstreifen	Verzögerungsspur,Verzögerungsstreifen	der Lenker sein verpflichten  a  der Beschleunigungsspur zu benutzen  um auf der Fahrspur für der durchgehend Verkehr auffahren  und der Fahrzeug  der auf dieser Spur fahren  der Vorrang zu gewähren 
Es ist verboten,  c) unbefugt auf Sonderfahrstreifen zu verkehren.	Sonderfahrstreifen		Fahrspur,Fahrstreifen		es sein verbieten  c  ohne Genehmigung auf Sonderfahrstreifen zu fahren 
Wird ein Radweg zum Bürgersteig hin durch Bordsteine abgetrennt, darf der Radfahrer  nicht auf ein gleich hohes Niveau zwischen den beiden Bereichen vertrauen.	Bürgersteig,Gehweg		Straße		falls ein Radweg durch Bordstein von Bürgersteig trennen sein  können der Radfahrer nicht davon ausgehen  dass beide Bereich auf derselbe Höhe liegen 
Fahrräder dürfen auf dem Trottoir abgestellt werden, sofern für die Fussgänger ein mindestens 1,50 m breiter Raum frei bleibt.	Trottoir		Strasse		Fahrräd dürfen auf der Trottoir abstellen werden  sofern für Fussgänger ein frei Durchgangsbreite von mindestens 1,50 m verbleiben 
Auf Einbahnstrassen darf der Fahrzeugführer nicht rückwärtsfahren, ausser beim Parkieren, Ankuppeln von Anhängern und dergleichen.	Einbahnstrasse		Strasse		auf ein Einbahnstrasse dürfen der Lenker nicht rückwärts fahren  ausser bei Parkieren  bei Anhängen von Anhänger und Ähnlichem 
Auf Straßen der Kategorien A), B), C und D) ist jede Art von Besetzung des Straßenkörpers durch Fahrzeuge, Buden, Zelte und Ähnliches, auch anlässlich von Messen und Märkten, verboten .	Straßenkörper	Fahrbahn,Zubehörstreifen	Straßengrund		auf der Straße der Kategorie A   B   C  und D  sein jeder Art der Inanspruchnahme der Fahrbahn durch Fahrzeug  Baracke  Zelt und dergleichen untersagen  auch in Rahmen von Messe und Markt 
Bei der Ausstellung qualifizierter Zertifikate müssen die vom ZDA verwendeten Signaturerstellungsdaten in einer nach § 6 SigV geprüften Signaturerstellungseinheit erzeugt sein und dürfen außerhalb dieser nicht zur Verfügung stehen.	ZDA,Zertifizierungsdiensteanbieter	akkreditiert ZDA,akkreditiert Zertifizierungsdiensteanbieter			bei der Ausstellung qualifiziert Zertifikat müssen der zu Erstellung von Signatur verwendet Datum durch ein akkreditiert Zertifizierungsdiensteanbieter in ein gemäß § 6 SigV geprüft Signaturerstellungsmittel erzeugen werden und dürfen außerhalb dieser Mittel nicht verfügbar sein 
Im Bereich der für Motorfahrzeuge oder Fahrräder offenen Strassen dürfen nur die vom Bundesrat vorgesehenen Signale und Markierungen verwendet und nur von den zuständigen Behörden oder mit deren Ermächtigung angebracht werden.	Strasse	Autobahn,Fahrbahn,Mittelstreifen,Normalspur,Pannenstreifen,Radweg,Trottoir,Verkehrsinsel,ampelgeregelt Kreuzung,gemeinsam Rad und Fussweg,höhengleich Kreuzung	Fahrstreifen		in Bereich von Strasse  der für Motorfahrzeug oder Fahrrad offen sein  dürfen ausschliesslich der von Bundesrat vorgesehen Signal und Markierung verwenden werden  dieser dürfen nur durch der zuständig Behörde oder mit der Bewilligung angebracht werden 
Für die Militärstraßen und Militärfahrzeuge gilt die Regelung, die im Kodex zur Militärordnung vorgesehen ist.	Militärstraße		Straße		für Militärstraße und Militärfahrzeug gelten der in Militärorganisationsgesetz vorgesehen Regelung 
Auf Autobahnanschlussstellen überholt  im Vorsortierraum unzulässig rechts, wer nicht dem Verlauf der fahrstreifengegliederten Vorwegweiser folgt, sondern zum schnelleren Vorankommen nach dem Rechtsüberholen wieder nach links einschert.	Vorsortierraum		Fahrbahn		auf der Zufahrtsrampen zu Autobahn handeln es sich um ein unzulässig Rechtsüberholen in Vorsortierraum  wenn ein Fahrzeugführer der nach Fahrstreifen unterteilt Vorsortierkennzeichnung nicht folgen  sondern nach ein Rechtsüberholen  um schnell vorankommen  wieder auf der linker Fahrstreifen wechseln 
Die Klassifizierung von Landesstraßen oder von Straßenabschnitten wird von der Landesregierung nach Einholen des Gutachtens des technischen Landesbeirates und der gebietsmäßig zuständigen Gemeinden verfügt.	Landesstraße,Provinzstraße		Freilandstraße	Gemeindestraße,Regionalstraße,Staatsstraße	der Einstufung der Provinzstraße oder von Straßenabschnitt werden von der Landesregierung nach Einholung ein Stellungnahme der Landes-Technikausschuß und der örtlich zuständig Gemeinde festlegen 
In der Straßenverkehrsordnung werden die „Güterwege“ den Gemeindestraßen gleichgestellt.	Gemeindestraße		Freilandstraße	Landesstraße,Provinzstraße,Regionalstraße,Staatsstraße	in Straßenverkehrsgesetz werden Feldweg der Gemeindestraße gleichstellen 
Die Landesverwaltung muß das Verkehrsverbot durch Anbringung einer entsprechenden Tafel bekanntgeben; es müssen darauf das Fahrverbotszeichen und der Hinweis auf dieses Gesetz angebracht sein. Die vor Inkrafttreten dieses Gesetzes angebrachte Beschilderung bleibt unverändert.	Beschilderung,Straßenbeschilderung,Verkehrszeichen und -einrichtungen	Verkehrszeichen			der Landesverwaltung haben der Durchfahrtsverbot durch Anbringung ein entsprechend Straßenbeschilderung bekannt zu machen  auf der der Durchfahrtsverbotsschild sowie ein Hinweis auf dieser Gesetz anbringen sein  der vor der Inkrafttreten dieser Gesetz angebracht Straßenbeschilderung bleiben unverändert 
Angebaute städtische Hauptverkehrsstraßen sind in der Regel wesentliche Bestandteile gesamtstädtischer Straßennetze und dadurch mehr oder weniger stark mit Kraftfahrzeugverkehr belastet.	Hauptverkehrsstraße	Autobahn	Straße		der bebaut innerstädtisch Hauptverkehrsstraße sein in der Regel wesentlich Bestandteil der gesamt städtisch Straßennetz und daher mehr oder weniger stark durch der Fahrzeugverkehr belasten 
Auf Strassenverzweigungen hat das von rechts kommende Fahrzeug den Vortritt. Fahrzeuge auf gekennzeichneten Hauptstrassen haben den Vortritt, auch wenn sie von links kommen. Vorbehalten bleibt die Regelung durch Signale oder durch die Polizei.	Hauptstrasse	Autobahn	Strasse		an Kreuzung haben der von rechts kommend Fahrzeug Vortritt  Fahrzeug  der auf signalisiert Hauptstrasse fahren  haben Vortritt  auch wenn sie von links kommen  Vorbehalten bleiben der Regelung durch Signal oder durch der Polizei 
Mit Krankenfahrstühlen oder mit anderen  Rollstühlen darf dort, wo Fußgängerverkehr zulässig ist, gefahren werden, jedoch nur mit Schrittgeschwindigkeit.	Fußgängerverkehr		Straßenverkehr,Verkehr	Fahrzeugverkehr,Kraftfahrzeugverkehr	mit Krankenfahrstuhl oder anderer Rollstuhl sein es gestatten  dort zu verkehren  wo Fußgängerverkehr zulassen sein  jedoch nur in Schrittgeschwindigkeit 
Geschlossene Fussgängerkolonnen müssen das Trottoir benützen; wenn der Fussgängerverkehr behindert würde, haben sie am rechten Fahrbahnrand zu gehen.	Fussgängerverkehr		Strassenverkehr,Verkehr	Fahrzeugverkehr,Motorfahrzeugverkehr	geschlossen Fussgängergruppe müssen der Gehweg benützen  falls der Fussgängerverkehr behindern sein  haben sie an rechter Fahrbahnrand zu gehen 
Der Verstoß gegen das Fahrverbot auf Sonderfahrstreifen für öffentliche Verkehrsmittel, in Fußgängerzonen oder in verkehrsberuhigten Zonen wird mit einer verwaltungsrechtlichen Geldbuße zwischen 76 und 306 Euro geahndet.	Fahrverbot		Verkehrsverbot		der Missachtung der Fahrverbot auf Busspur  in Fußgängerzone oder in verkehrsberuhigt Bereich werden mit ein Geldbuße von 76 bis 306 Euro ahnden 
Sofern nichts anderes angezeigt wird , muss das Fahrzeug beim Halten und Parken so nah wie möglich am rechten Fahrbahnrand abgestellt werden, und zwar parallel zu diesem und in Fahrtrichtung.	Parken	Notparken			Sofern kein anderer Anweisung vorliegen  muss der Fahrzeug anhalten und so nah wie möglich an rechter Fahrbahnrand  parallel dazu und in Fahrtrichtung abstellen werden 
Der Bundesminister für Landesverteidigung kann die Berechtigung zum Lenken von Heeresfahrzeugen erteilen und hierüber einen Heeresführerschein oder einen Heeresmopedausweis ausstellen, die als solche zu bezeichnen sind. Für die Erlangung eines Heeresführerscheines oder eines Heeresmopedausweises sind keine Stempelgebühren zu entrichten.	Heeresführerschein		Führerschein		der Bundesminister für Landesverteidigung können der Erlaubnis zu Lenken von Militärfahrzeug erteilen und hiefür ein Heeresführerschein oder ein Heereslenkberechtigung für Moped ausstellen  der als solcher zu bezeichnen sein  für der Erlangung ein Heeresführerschein oder ein Heereslenkberechtigung für Moped sein kein Stempelgebühr zu entrichten 
Anwärter auf den Führerschein der Klasse B müssen an einer Fahrschule mit einem ausgebildeten und dazu berechtigten Praxisfahrlehrer Fahrübungen auf der Autobahn oder auf Freilandstraßen sowie bei Dunkelheit machen.	Freilandstraße	erstrangig Freilandstraße,zweitrangig Freilandstraße	Straße		Kandidat für der Führerschein der Klasse B müssen bei ein Fahrschule mit ein qualifiziert und zugelassen Fahrlehrer Fahrübung auf Autobahn oder Freilandstraße sowie bei Dunkelheit absolvieren 
Siedlungsabfälle, Abfälle aus dem öffentlichen Strassenunterhalt und der öffentlichen Abwasserreinigung sowie Abfälle, deren Inhaber nicht ermittelt werden kann oder zahlungsunfähig ist, werden von den Kantonen entsorgt.	Siedlungsabfall	biogen Abfall,biologisch abbaubar Abfall	Abfall,Verweigerung		Siedlungsabfall  Abfall aus der Unterhaltung öffentlich Strasse und der Reinigung öffentlich Abwässer sowie Abfall  bei der der Inhaber nicht ermitteln werden können oder zahlungsunfähig sein  werden von der Kanton entsorgen 
Der praktische Unterricht wird von einem Fahrlehrer oder einer Fahrlehrerin instruiert, geübt und trainiert. Daneben bilden private Lernfahrten Gelegenheit, den in den Fahrstunden erlernten Stoff zu festigen, zu üben und zu vertiefen.	Fahrstunde,Lernfahrt,praktisch Fahrunterricht,praktisch Unterricht,Übungsfahrt	Lernfahrausweis			der praktisch Unterricht werden von ein Fahrlehrerin oder ein Fahrlehrer erteilen  durchführen und üben  zudem bieten privat Lernfahrt der Möglichkeit  der in praktisch Fahrunterricht erworben Kenntnis zu festigen  zu üben und zu vertiefen 
Erscheint der Schüler, die Schülerin in nicht fahrfähigem Zustand, wird die Fahrstunde abgebrochen und zum vollen Tarif verrechnet.	Fahrstunde,Lernfahrt,praktisch Fahrunterricht,praktisch Unterricht,Übungsfahrt	Lernfahrausweis			falls der Schülerin oder der Schüler nicht fahrtauglich sein  werden der Lernfahrt abbrechen und zu voll Tarif verrechnen 
Wird ein Ersatzführerschein für einen abhanden gekommenen ausgestellt, hat sich die Fahrerlaubnisbehörde auf Kosten des Antragstellers durch die Einholung einer Auskunft aus dem Zentralen Fahrerlaubnisregister und aus dem Verkehrszentralregister zu vergewissern, daß der Antragsteller die entsprechende Fahrerlaubnis besitzt.	Ersatzführerschein		Führerschein		werden ein Ersatzführerschein für ein verlorengegangen Führerschein ausstellen  haben der zuständig Führerscheinstelle auf Kosten der Antragsteller durch Einholung von Auskunft aus der Zentralen Fahrerlaubnisregister und der Zentralen Verkehrsregister feststellen  ob der Antragsteller in Besitz der entsprechend Fahrerlaubnis sein 
Bei Erreichen des Rentenalters und der übrigen Voraussetzungen wird das ordentliche Invalidengeld von Amts wegen in eine Altersrente umgewandelt.	Invalidengeld,ordentlich Invalidengeld			Arbeitsunfähigkeitsrente,Erwerbsunfähigkeitsrente,Zivilinvalidenrente	mit erreichen der Renteneintrittsalter und der weit Voraussetzung werden der ordentlich Invalidenrente von Amts wegen in ein Altersrente umwandeln 
Ziel des Lehrgangs für Pflegehelferinnen und Pflegehelfer ist es, eine Hilfskraft auszubilden, die sowohl im Sozial- als auch im Gesundheitsbereich tätig sein kann.	Pflegehelfer		Fachkraft der Gesundheitsdienst,Sanitätsfachkraft		Ziel der Ausbildung zu Fachkraft der Gesundheitsdienst sein es  ein Hilfskraft ausbilden  der sowohl in sozial als auch in Gesundheitsbereich tätig sein können 
Die Prüfungskommissionen der gleichgestellten Grundschulen bestehen aus den Lehrern der Klasse und – in der Regel- aus zwei Lehrern, die vom Direktor der Grundschule staatlicher Art auf Vorschlag des Lehrerkollegiums der gleichgestellten Schulen ernannt wurden.	gleichgestellt Grundschule,gleichgestellt Schule		nichtstaatlich Schule	genehmigt Privatschule,staatlich unterstützt Grundschule	der Prüfungskommission der gleichgestellt Schule setzen sich aus der Lehrkraft der Klasse sowie – in der Regel – aus zwei Lehrkraft zusammen  der auf Vorschlag der Lehrerkollegium der gleichgestellt Schule von Direktor der staatlich Grundschule ernennen werden 
Auch die gesetzlich anerkannten Schulen errichten den Klassenrat und das Lehrerkollegium, und es finden, soweit anwendbar, die diesbezüglichen Bestimmungen Anwendung.	gesetzlich anerkannt Schule		nichtstaatlich Schule		auch gesetzlich anerkannt Schule bilden der Klassenkonferenz und der Lehrerkonferenz  soweit anwendbar  gelten der entsprechend Bestimmung 
Es können folgende Gymnasien errichtet werden, gegliedert nach den angeführten Fachrichtungen und Schwerpunkten:  d) Kunstgymnasium mit den Fachrichtungen 1) darstellende Kunst, 2) Architektur und Umwelt, 3) audiovisuelle Medien und Multimedia, 4) Design, 5) Grafik, 6) Bühnenbild, .	Kunstgymnasium		Gymnasium,Lyzeum	Gymnasium für Musik und Tanz,Realgymnasium,Sprachengymnasium,klassisch Gymnasium,sozialwissenschaftlich Gymnasium	Folgende Gymnasium können einrichten werden  gliedern nach der angegeben Fachrichtung und Schwerpunkt  d  Kunstgymnasium mit der Fachrichtung 1  Bildende Kunst  2  Architektur und Umwelt  3  Audiovisuelle und Multimedia  4  Design  5  Grafik  6  Szenografie 
Nicht protokollierungspflichtig sind Gesetzesanzeiger, Amtsblätter, Nachrichtenblätter der öffentlichen Verwaltung, Zeitungen, Zeitschriften, Bücher, Broschüren, Informations- und Werbematerial, Einladungen zu Veranstaltungen, Entwürfe von Dokumenten, statistisches Material, vertrauliche Korrespondenz sowie getrennt registrierte Dokumente (wie beispielsweise Beschlüsse und Dekrete).	Amtsblatt	Amtsblatt der Region			von der Protokollierungspflicht ausnehmen sein Gesetzessammlung  der Amtsblatt der Region  Informationsblatt der öffentlich Verwaltung  Zeitung  Zeitschrift  Buch  Broschüre  Information und Werbematerial  Einladung zu Veranstaltung  Entwürfe von Dokument  statistisch Material  vertraulich Korrespondenz sowie gesondert registriert Dokument  wie beispielsweise Beschluß und Dekret  
Das Mithören, Abhören, Aufzeichnen, Abfangen oder sonstige Überwachen von Nachrichten und der damit verbundenen Verkehrs- und Standortdaten sowie die Weitergabe von Informationen darüber durch andere Personen als einen Benutzer ohne Einwilligung aller beteiligten Benutzer ist unzulässig.	Benutzer		natürlich Person		der Überwachung  der Abhören  der Aufzeichnung  der abfangen oder jeder anderer Form der Überwachung von Kommunikation sowie der dazugehörig Verkehrsdatum und Standortdatum  ebenso wie der Weitergabe diesbezüglich Information durch Person  der nicht Benutzer sein  ohne der Zustimmung aller beteiligt Benutzer  sein unzulässig 
Zugriffe auf die Gesamtevidenz sind nur nach geeigneter Identifikation der abfrageberechtigten Mitarbeiter (Benutzerkennung und Kennwort) und Bekanntgabe des Abfragezweckes zulässig.	Benutzerkennung,Kennung			Passwort	der Zugriff auf der Gesamtdatenbank sein nur nach angemessen Identifizierung der zugriffsberechtigt Mitarbeiter  Benutzerkennung und Passwort  sowie nach Bekanntgabe der Zweck der Abfrage zulässig 
Vor allem für junge Beschäftigte sind die Risiken hoch, nach einigen Berufsjahren eine Lärmschwerhörigkeit zu erleiden. Grund dafür ist oftmals die zusätzliche Belastung des Gehörs in der Freizeit durch Konzertbesuche oder zu laute Musik auf den Kopfhörern.	Lärmschwerhörigkeit		Lärmschaden,lärmbedingt Hörschädigung,lärmbedingt Schädigung,lärmbedingt Gehörschaden		insbesondere bei jung Arbeitnehmer bestehen ein hoch Risiko  nach einiger Jahr beruflich Tätigkeit ein Lärmschwerhörigkeit zu entwickeln  der Ursache hierfür liegen häufig in ein zusätzlich Belastung der Gehör in der Freizeit  etwa durch der Besuch von Konzert oder durch zu laut Musik über Kopfhörer 
Die öffentlichen Arbeitgeber haben  die Möglichkeit, ein Aufnahmeprogramm zur stufenweisen Erfüllung der Pflichtquote  mit dem Arbeitsamt zu vereinbaren. Dieses Aufnahmeprogramm kann die Aufnahme mittels Wettbewerb, Auswahlverfahren und die namentliche Aufnahme vorsehen.	namentlich Aufnahme			numerisch Aufnahme,numerisch Berufung	öffentlich Arbeitgeber haben der Möglichkeit  mit der Arbeitsamt ein Einstellungsmodell zu schrittweise Erfüllung der vorgeschrieben Quote zu vereinbaren  dieser Einstellungsmodell können der Einstellung durch ein öffentlich Ausschreibung  Auswahlverfahren sowie der namentlicher Aufnahme vorsehen 
Die Bestimmungen des 2. Teiles des 5. Abschnitts dieses Titels, die das Inventar, die Verwaltung und die Rechnungslegung durch den Inventarerben betreffen, sind mit Ausnahme der Haftungsbeschränkung bei Fahrlässigkeit auf den Kurator der ruhenden Erbschaft anzuwenden.	Teil		Abschnitt,Anführer		der Bestimmung der 2. Abschnitt der 5. Teil dieser Titels  der der Inventar  der Verwaltung und der Rechenschaftslegung durch der inventarnehmend Erbe betreffen  sein auf der Nachlassverwalter der ruhend Nachlass anwenden  mit Ausnahme der Haftungsbeschränkung bei Fahrlässigkeit 
Der unredliche Besitz ist  nicht Bestandteil des rechtlich geschützten Vermögens.	unredlich Besitz			redlich Besitz	der unredlich Besitz gehören nicht zu rechtlich geschützt Vermögen 
Gegenüber jedem an sich herausgabepflichtigen Vorbesitzer wäre er der Berechtigte mit seinem Verantwortlichkeitsanspruch für die Zeit bösgläubigen Besitzes ausgeschlossen und bliebe so im Extremfall schutzlos.	bösgläubig Besitz			gutgläubig Besitz	gegenüber jeder früh Besitzer  der grundsätzlich zu Rückgabe verpflichten sein  sein er als Berechtigter mit sein Anspruch auf Schadenersatz für der Zeitraum der bösgläubig Besitz ausschließen und bleiben somit in Extremfall ohne Rechtsschutz 
Die wichtigsten Datenquellen, die zur Vervollständigung des Landesverzeichnisses beitragen, sind  d) das Grundbuch und der Grundkataster der Autonomen Provinz Bozen und der Autonomen Provinz Trient, .	Grundkataster,Grundstückkataster		Kataster		der wichtig Datenquelle  der zu Vervollständigung der national Verzeichnis beitragen  sein  d  der Grundbuch und der Grundstückkataster der autonom Provinz Bozen und der autonom Provinz Trient 
Einkünfte aus Grund und Boden sind mit den im Staatsgebiet gelegenen Grundstücken und Gebäuden, welche im Grundstückkataster oder in urbanen Baukataster unter Zuweisung eines Ertrages eingetragen oder einzutragen sind, zusammenhängende Einkünfte.	Grundkataster,Grundstückkataster		Kataster		Grundstücksertrag sein der Ertrag  der aus Grundstück und Gebäude stammen  der sich auf der Staatsgebiet befinden und der in Grundkataster oder in städtisch Gebäudekataster eintragen sein oder eintragen werden müssen und der ein Einheitsbewertung zugewiesen werden 
Mit dem Gesetz über die Neuordnung des Vermessungswesens vom 3.7. 1934  wurde mit der Einführung eines einheitlichen Liegenschaftskatasters begonnen.	Liegenschaftskataster		Kataster		mit der Gesetz über der Neuordnung der Vermessungswesen von 3.7.1934 werden der Einführung ein einheitlich Liegenschaftskataster einleiten 
Sachen sind Dinge, die Gegenstand von Rechten sein können .	Ding	Gut,Leasingobjekt,Sache			Sach sein Ding  der Gegenstand von rechte sein können 
Betrifft die Zusatzstrafe der verwaltungsbehördlichen Fahrzeugbeschlagnahme ein Kleinkraftrad oder ein Kraftrad, so verfügt das vorgehende Polizeiorgan das Abschleppen des Fahrzeugs .	verwaltungsbehördlich Fahrzeugbeschlagnahme		vorbeugend Maßnahme		falls der Nebenstrafe der verwaltungsbehördlich Fahrzeugbeschlagnahme ein Mofa oder ein Motorrad betreffen  ordnen der zuständig Polizeiorgan der Abschleppung der Fahrzeug an 
Der Inhaber der Dienstfahrerlaubnis darf von ihr nur während der Dauer des Dienstverhältnisses Gebrauch machen. Bei Beendigung des Dienstverhältnisses ist der Dienstführerschein einzuziehen.	Dienstführerschein		Führerschein		der Inhaber der Dienstführerschein dürfen dieser nur während der Bestehens der Dienstverhältnis nutzen  mit Beendigung der Dienstverhältnis sein der Dienstführerschein einziehen 
Für die von einem der Teilhaber eingeräumten Hypotheken sind die im 4. Abschnitt des 3. Titels des 6. Buches enthaltenen Bestimmungen zu beachten.	Abschnitt	Teil	Rechtstitel,Titel		für Hypothek  der von einer der Miteigentümer gewähren werden  sein der Bestimmung in Teil 4 der Titels 3 der Buch 6 zu beachten 
Entgegen der Ansicht des Antragstellers lässt sich die Anwendung der Vorschrift nicht mit ihrem Wortlaut und der Überschrift des Abschn. IV des Gesetzes begründen.	Titel,Überschrift	Rädelsführer			entgegen der Auffassung der Beschwerdeführer können der Anwendung der Bestimmung weder durch ihr Wortlaut noch durch der Überschrift der IV. Abschnitt der Gesetz rechtfertigen werden 
Das Signal «Stop»  verpflichtet den Führer, anzuhalten und den Fahrzeugen auf der Strasse, der er sich nähert, den Vortritt zu gewähren.	Signal	Lichtsignal,Markierung	Signalisation,Strassensignalisation		der Strassensignalisation « Stop » verpflichten der Lenker  anhalten und der Fahrzeug auf der Strasse  auf der er zufähren  der Vortritt zu gewähren 
Mit den Zusatzzeichen und -einrichtungen soll erreicht werden, dass Folgendes ersichtlich gemacht oder angezeigt wird: a) der Straßenverlauf, b) bestimmte gefährliche Kurven oder Stellen, c) Hindernisse auf oder neben der Fahrbahn.	Zusatzzeichen und -einrichtung		Verkehrszeichen		Zusatzzeichen und -einrichtungen müssen dazu dienen  Folgender deutlich sichtbar zu machen oder anzeigen  a  der Straßenverlauf    bestimmt Kurve oder Gefahrenstelle  c  Hindernis auf der Fahrbahn oder an Fahrbahnrand 
Lichtzeichen werden eingeteilt in: a) Gefahren- und Vorschriftslichtzeichen, b) Hinweislichtzeichen, b-bis) Leuchttafeln zur Anzeige der Geschwindigkeit vorbeifahrender Fahrzeuge in Echtzeit, c) normale Verkehrsampeln, d) Fahrstreifenampeln, .	Lichtzeichen		Verkehrszeichen	Bodenmarkierung,Verkehrsschild	der Lichtzeichen werden unterteilen in  a  Lichtzeichen zu Warnung und zu Anordnung    Richtungsanzeiger  b-bis  dynamisch Lichtnachrichtentafel zu Echtzeitanzeige der Geschwindigkeit der fließend Verkehr  c  herkömmlich Ampelanlage  d  Fahrstreifenampel 
Als alkoholtypische Beweisanzeichen seien anzusehen, das Fahren mit überhöhter Geschwindigkeit, Fahren in Schlangenlinien, plötzliches Bremsen, Missachten von Vorfahrtszeichen oder einer roten Ampel.	Vorfahrtszeichen		Gebotszeiche,Vorschriftszeiche		als typisch Anzeichen für Trunkenheit an Steuer gelten überhöht Geschwindigkeit  Schlangenlinienfahrt  plötzlich Bremsen sowie der Missachtung von Vorfahrtszeichen oder rot Ampel 
Vortrittssignale sind der äusseren Form nach Gefahren—, Vorschrifts- oder Hinweissignale; .	Vortrittssignal		Gebotszeiche,Vorschriftssignal		Vortrittssignal sein ihr äusser Form nach Warn  Vorschriftssignal oder Hinweiszeichen 
Die Streitkräfte sorgen selbst für die technischen Überprüfungen, die Militärzulassung und die Ausstellung der Fahrzeugpapiere und der Sonderkennzeichen für die ihnen zur Verfügung stehenden Fahrzeuge.	Sonderkennzeichen		Kennzeichen,Kennzeichenschild	Kennzeichen für Probefahrzeug,Probekennzeichen,Wiederholungskennzeichen,provisorisch Kennzeichen	der Streitkraft führen technisch Überprüfung  der militärisch Zulassung sowie der Ausstellung der Zulassungsbescheinigung und der Sonderkennzeichen für der ihnen zu Verfügung stehend Fahrzeug eigenständig durch 
Die Straße führe  zu einem Park-and-Ride-Parkplatz sowie zum Hintereingang des Bahnhofs, der überregionale Bedeutung habe.	Park-and-Ride-Parkplatz,Umsteigeparkplatz		Parkplatz		der Straße führen zu ein Park-and-Ride-Parkplatz sowie zu rückwärtig Zugang der überregional bedeutsam Bahnhof 
Das Kurzzeitkennzeichen – auch als Überführungskennzeichen bekannt – kommt zum Einsatz, wenn eine Überführungs- oder eine Probefahrt durchgeführt werden muss. Es wird in der Regel für einen, drei oder fünf Tage ausgestellt .	5-Tages-Kennzeichen,Ausfuhrkennzeichen,Kurzzeitkennzeichen,international Kurzzeitkennzeichen,Überführungskennzeichen		Kennzeichen,Nummernschild,amtlich Kennzeichen	rot Kennzeichen	der Überführungskennzeichen – auch als rot Kennzeichen bekannt – werden verwenden  wenn ein Überführung oder ein Probefahrt durchführen werden muss  es werden üblicherweise für ein  drei oder fünf Tag ausstellen 
Die Verkehrsregeln  gelten für die Führer von Motorfahrzeugen und die Radfahrer auf allen dem öffentlichen Verkehr dienenden Strassen, für die übrigen Strassenbenützer nur auf den für Motorfahrzeuge oder Fahrräder ganz oder beschränkt offenen Strassen.	Motorfahrzeug		Fahrzeug		der Verkehrsregel gelten für Lenker von Motorfahrzeug und für Velofahrer auf aller Strasse  der der öffentlich Verkehr offenstehen  für der übrig Strassenbenützer gelten sie nur auf Strasse  der ganz oder teilweise für Motorfahrzeug oder Fahrräd offenstehen 
Es bedürfe zur Fortbildung des Rechts einer höchstrichterlichen Klärung, ob der objektive Nachweis einer innergemeinschaftlichen Fahrzeuglieferung dann nicht erbracht sei, wenn die Zeitspanne zwischen Abholung des Fahrzeugs bzw. Abmeldung im Inland und der Zulassung im Bestimmungsland einen Monat überschreite.	Abmeldung,Außerbetriebssetzung	Abmeldebescheinigung			in Interesse der Weiterentwicklung der Recht sein ein Klärung durch der höchstrichterlich Rechtsprechung erforderlich  ob der objektiv Nachweis ein innergemeinschaftlich Fahrzeuglieferung nicht erbringen sein  wenn der Zeitraum zwischen der Abmeldung oder Außerbetriebssetzung der Fahrzeug in Herkunftsland und der Zulassung in Bestimmungsland ein Monat überschreiten 
Gemeinden, Provinzen, Großstädte mit besonderem Status und Regionen sind autonome Körperschaften mit eigenen Statuten, Befugnissen und Aufgaben gemäß den in der Verfassung verankerten Grundsätzen.	autonom Körperschaft		Körperschaft der öffentlich Recht,öffentlich-rechtlich Körperschaft,öffentlich Körperschaft		der Gemeinde  der Provinz  der Stadt mit Sonderstatut und der Region sein Körperschaft der öffentlich Recht mit eigen Statut  Befugniss und Aufgabe gemäß der in der Verfassung verankert Grundsätz 
Die nicht dem Regierungskommissär zugewiesenen Zuständigkeiten, die mit Gesetz den Außenverwaltungen des Staates und den Außenstellen der staatlichen Verwaltungen und Betriebe mit autonomer Ordnung zugewiesen sind oder zugewiesen werden können, bleiben unberührt.	Außenverwaltung		Staatsverwaltung	Zentralverwaltung	unberührt bleiben der Zuständigkeit  der nicht der Regierungskommissar übertragen werden und der entweder bereits gesetzlich der Außenverwaltung der Staat sowie der Außenstelle der staatlich Verwaltung und der staatlich Unternehmen mit eigenständig Organisationsstruktur zugewiesen sein oder zugewiesen werden können 
Fehlt dem Verein eines der vorgeschriebenen Organe oder das Mitgliederverzeichnis  oder verfügt er über kein Rechtsdomizil an seinem Sitz mehr, so kann ein Mitglied oder ein Gläubiger dem Gericht beantragen, die erforderlichen Massnahmen zu ergreifen.	Massnahme	Verfügung,Verwaltungsverfügung,gerichtlich Verfügung			Fehlt der Verein einer der vorgeschrieben Organ oder der Mitgliederregister oder verfügen er nicht mehr über ein statutarisch Sitz  so können ein Mitglied oder ein Gläubiger bei Gericht der notwendig Massnahme beantragen 
Das BVG Bundesverfassungsgesetz über die Begrenzung der Bezüge öffentlicher Funktionäre  enthält Regelungen betreffend die Begrenzungen von Bezügen öffentlicher Funktionäre des Bundes, der Länder und Gemeinden, ferner der Österreichischen Nationalbank, der gesetzlichen Interessensvertretungen und der Sozialversicherungsträger.	öffentlich Funktionär	Amtsträger			der Bundesverfassungsgesetz über der Begrenzung der Bezug von Amtsträger  BVG  enthalten Bestimmung betreffend der Begrenzung der Bezug von Amtsträger der Bund  der Land und der Gemeinde sowie der Oesterreichischen Nationalbank  der gesetzlich Interessenvertretung und der Sozialversicherungsträger 
Soweit eine Verpflichtung des Anbieters von öffentlich zugänglichen Telekommunikationsdiensten zum Ersatz eines Vermögensschadens gegenüber einem Endnutzer besteht und nicht auf Vorsatz beruht, ist die Haftung auf höchstens 12 500 Euro je Endnutzer begrenzt.	Endnutzer		Benutzer,Nutzer		soweit ein Anbieter öffentlich zugänglich Telekommunikationsdienst gegenüber ein Endnutzer zu Ersatz ein Vermögensschaden verpflichten sein und dieser nicht auf Vorsatz beruhen  sein der Haftung auf höchstens 12.500 Euro pro Endnutzer begrenzen 
Die dem Rundfunkdienst im Frequenzplan zugewiesenen Frequenzen können für andere Zwecke als der Übertragung von Rundfunk im Zuständigkeitsbereich der Länder genutzt werden, wenn dem Rundfunk die auf der Grundlage der rundfunkrechtlichen Festlegungen zustehende Kapazität zur Verfügung steht.	Rundfunk,Rundfunkdienst	Rundfunkinhaltedienst	Funkdienst		der in Frequenzplan der Rundfunk zugewiesen Frequenz können in Zuständigkeitsbereich der Land für anderer Zweck als der Rundfunkübertragung nutzen werden  sofern der Rundfunk der ihm nach der Bestimmung der Rundfunkrecht zustehend Kapazität zu Verfügung stehen 
„Zugang“ bedeutet die ausschließliche oder nicht ausschließliche Bereitstellung von Einrichtungen oder Diensten für ein anderes Unternehmen unter bestimmten Bedingungen zur Erbringung von Kommunikationsdiensten, auch bei deren Verwendung zur Erbringung von Diensten der Informationsgesellschaft oder Rundfunkinhaltsdiensten.	Rundfunkinhaltsdienst		Rundfunkdienst		-- Zugang  bezeichnen der ausschließlich oder nicht ausschließlich Bereitstellung von Einrichtung oder Dienst für ein anderer Unternehmen zu bestimmt Bedingung für der Erbringung von Telekommunikationsdienst  auch wenn dieser für der Erbringung von Dienst der Informationsgesellschaft oder Rundfunkinhaltsdienst nutzen werden 
„Zugang“ ist die Bereitstellung von Einrichtungen oder Diensten für ein anderes Unternehmen unter bestimmten Bedingungen zum Zwecke der Erbringung von Telekommunikationsdiensten, auch bei deren Verwendung zur Erbringung von Diensten der Informationsgesellschaft oder Rundfunkinhaltediensten.	Rundfunkinhaltedienst		Rundfunk,Rundfunkdienst		-- Zugang  bezeichnen der Bereitstellung von Einrichtung oder Dienst für ein anderer Unternehmen zu bestimmt Bedingung zu Zweck der Erbringung von Telekommunikationsdienst  auch wenn dieser für der Erbringung von Dienst der Informationsgesellschaft oder Rundfunkinhaltedienst nutzen werden 
Der Abfallbeauftragte hat  im Zuge der Erstellung oder Fortschreibung des Abfallwirtschaftskonzeptes die Kosten der Abfallbehandlung und die Erlöse der Altstoffe dem Betriebsinhaber darzustellen.	Abfallbehandlung	Abfallbeseitigung,Abfallverwertung,Beseitigung,Verwertung			der abfallverantwortliche haben der Anlagenbetreiber in Rahmen der Erstellung oder Aktualisierung der Abfallwirtschaftsplan der Kosten der Abfallbehandlung sowie der Erlös aus der Sekundärrohstoff mitteilen 
Obwohl medizinische Abfälle nur einen geringen Anteil an der Gesamtmasse der gefährlichen und nicht gefährlichen Abfälle darstellen, bilden sie trotzdem einen mitunter sensiblen Bereich innerhalb der Abfallwirtschaft.	medizinisch Abfall		Sonderabfall		obwohl medizinisch Abfall nur ein klein Anteil an der Gesamtmasse der gefährlich und nicht gefährlich Abfall ausmachen  stellen er dennoch ein teilweise sensibel Bereich innerhalb der Abfallwirtschaft dar 
Der Touristiksachbearbeiter/die Touristiksachbearbeiterin ist in der Südtiroler Touristikwerbung tätig und organisiert nach allgemeinen Zielvorgaben des/der Vorgesetzten eigenständig Werbemaßnahmen und wirbt für das Südtiroler Tourismusangebot in Wort und Schrift.	Touristiksachbearbeiter			Werbeassistent,Werbesachbearbeiter	der Touristiksachbearbeiter  der Touristiksachbearbeiterin sein in Bereich der Südtiroler Tourismuswerbung tätig und organisieren eigenständig  gemäß der allgemein Weisung der Vorgesetzten  Werbemaßnahme sowie der mündlich und schriftlich Bewerbung der Südtiroler Tourismusangebot 
Tourismusassistenten und -assistentinnen verfügen über fundierte Fachkenntnisse im Gästeempfang, in der Gästebetreuung und -beratung. Sie sind im Tourismus oder in der Freizeitbranche tätig und für die professionelle Vorbereitung und Betreuung von touristischen Events verantwortlich.	Tourismusassistent			Kommunikationsplaner	Tourismusassistent verfügen über fundiert Fachkenntnis in der Gästebetreuung  -beratung und -information  sie sein in Tourismus oder Freizeitbereich tätig und verantwortlich für der Vorbereitung und professionell Durchführung von touristisch Veranstaltung 
Der Übersetzungsinspektor/die Übersetzungsinspektorin befasst sich mit Übersetzungen von Rechts-, Verwaltungs- und allgemeinen Texten sowie mit damit verbundenen stilistischen Fragen.	Übersetzungsinspektor			Übersetzer	der Übersetzungsinspektor befassen sich mit der Übersetzung von juristisch  verwaltungsrechtlich und allgemein Text sowie mit der damit verbunden stilistisch Frage 
Der Bibliothekswart/die Bibliothekswartin entnimmt im Auftrag der Vorgesetzten und unter Anleitung des Personals, das höheren Berufsbildern angehört, Bücher und Medien und stellt sie nach der Ausleihe wieder an ihren Platz zurück.	Bibliothekswart			Bibliothekar	der Bibliothekswart entnehmen in Auftrag sein Vorgesetzter und unter Anleitung von Personal mit hoch Qualifikation Buch und Medium und stellen dieser nach der Ausleihe wieder an ihr Platz zurück 
Der Bibliotheksinspektor/die Bibliotheksinspektorin wirkt mit bei der Planung und Einrichtung von Bibliotheken, sorgt für deren einheitliche Führung, plant und unterstützt Aktionen zur Leseförderung und ist für alle Bereiche von wissenschaftlichem Anspruch zuständig.	Bibliotheksinspektor			Archivar,Archivbeamter,Bibliothekar,Diplom-Bibliothekar	der Bibliotheksinspektor wirken bei der Planung und Errichtung von Bibliothek mit  gewährleisten der einheitlich Verwaltung  planen und unterstützen Maßnahme zu Leseförderung und sein für aller wissenschaftlich relevant Bereich verantwortlich 
Der DV-Techniker-Analytiker/die DV-Technikerin-Analytikerin erstellt Analysen für Anwendungen und überwacht deren Umsetzung in Programme oder erstellt diese selbst; er/sie ist für das einwandfreie Funktionieren der Programme verantwortlich.	DV-Techniker-Analytiker			DV-Analytiker,DV-Analytiker-Systembetreuer,DV-Techniker	der DV-Analytiker sein für der Erstellung von Analyse für Anwendung sowie für der Überwachung der Implementierung in Programm oder für der eigenständig Entwicklung dieser Programm zuständig  er tragen der Verantwortung für der einwandfrei Funktionsweise der Programm 
Der DV-Techniker/die DV-Technikerin entwickelt und schreibt mit den vorgeschriebenen Programmiertechniken Anwendungsprogramme auf der Grundlage von Programmiervorgaben; er/sie ist für das einwandfreie Funktionieren dieser Programme verantwortlich. Er/Sie betreut auch Betriebssysteme und Netze.	DV-Techniker			DV-Analytiker,DV-Analytiker-Systembetreuer,DV-Operator,DV-Techniker-Analytiker,EDV-Operator	der DV-Techniker entwickeln und erstellen Anwendungsprogramm unter Verwendung der vorgeschrieben Programmiertechnik auf Grundlage von Programmiervorgabe  er sein für der einwandfrei Funktion dieser Programm verantwortlich  zudem betreuen er der Betriebssystem und Netzwerk 
Der Statistiker/die Statistikerin führt, gemäß den Richtlinien des/der Vorgesetzten, verschiedene Tätigkeiten in Zusammenhang mit der Sammlung und Auswertung von statistischen Informationen aus und koordiniert gegebenenfalls die Arbeit der seinem/ihrem Bereich zugeteilten Mitarbeiter und Mitarbeiterinnen.	Statistiker			Inspektor für Statistik,Statistikassistent,Statistikinspektor,Statistiksachbearbeiter	der Statistikinspektor  der Statistikinspektorin führen gemäß der Weisung der Vorgesetzter verschieden Tätigkeit in Zusammenhang mit der Erhebung und Analyse statistisch Datum durch und koordinieren gegebenenfalls der Arbeit der sein bzw. ihr Bereich zugewiesen Mitarbeiter und Mitarbeiterin 
Das Standesamt stellt folgende Bescheinigungen aus: Geburtsscheine und Auszüge aus dem Geburtenregister; Trauscheine und Auszüge aus dem Heiratsregister; Totenscheine und Auszüge aus dem Sterberegister.	Auszug aus der Geburtenregister		Auszug aus der Standesamtsregistern,Auszug der Standesamt	Auszug aus der Heiratsregister,Auszug aus der Sterberegister	der Standesamt stellen folgend Urkunde aus  Geburtsurkunde und Auszug aus der Geburtenregister  Heiratsurkunde und Auszug aus der Heiratsregister  Sterbeurkunde und Auszug aus der Sterberegister 
Das Standesamt stellt folgende Bescheinigungen aus: Geburtsscheine und Auszüge aus dem Geburtenregister; Trauscheine und Auszüge aus dem Heiratsregister; Totenscheine und Auszüge aus dem Sterberegister.	Auszug aus der Heiratsregister		Auszug aus der Standesamtsregistern,Auszug der Standesamt	Auszug aus der Geburtenregister,Auszug aus der Sterberegister	der Standesamt stellen folgend Urkunde aus  Geburtsurkunde und Auszug aus der Geburtenregister  Heiratsurkunde und Auszug aus der Heiratsregister  Sterbeurkunde und Auszug aus der Sterberegister 
Das Standesamt stellt folgende Bescheinigungen aus: Geburtsscheine und Auszüge aus dem Geburtenregister; Trauscheine und Auszüge aus dem Heiratsregister; Totenscheine und Auszüge aus dem Sterberegister.	Auszug aus der Sterberegister		Auszug aus der Standesamtsregistern,Auszug der Standesamt		der Standesamt stellen folgend Urkunde aus  Geburtsurkunde und Auszug aus der Geburtenregister  Heiratsurkunde und Auszug aus der Eheregister  Sterbeurkunde und Auszug aus der Sterberegister 
Das ausführende Subjekt muss  das  Umfragedokument an folgende Stellen übermitteln: - bei Meinungsumfragen: an die Aufsichtsbehörde für Kommunikationswesen zur Veröffentlichung auf der Internetseite www.agcom.it; .	Meinungsumfrage		demoskopisch Umfrage		der durchführend Auftragnehmer haben der Umfragedokument an folgend Stelle zu übermitteln   bei Meinungsumfrage  an der Behörde für Kommunikationsgarantie zu Veröffentlichung auf der Website www.agcom.it 
Die Fachoberschulen vermitteln durch das Erlernen, Vertiefen und Anwenden allgemeiner und spezifischer Methoden, bei enger Verzahnung von Theorie und Praxis, eine kulturelle, wirtschaftliche wissenschaftliche und technologische Grundbildung.	Fachoberschule	Fachoberschule für der technologisch Bereich,Fachoberschule für der wirtschaftlich Bereich		Gymnasium,Lyzeum	der Fachoberschule vermitteln durch der erlernen  Vertiefen und Anwenden allgemein und spezifisch Methode  in eng Verknüpfung von Theorie und Praxis  ein grundlegend Ausbildung in der Bereich Kultur  Wirtschaft  Naturwissenschaft und Technologie 
Der Zugang zu den Verwaltungsunterlagen darf nicht verweigert werden, wenn der Rückgriff auf das Verzögerungsrecht genügt.	Zugang zu der Verwaltungsunterlage	formell Zugang,formlos Zugang,förmlich Zugang,informell Zugang			der Zugang zu der Verwaltungsunterlage dürfen nicht verweigern werden  wenn der Inanspruchnahme der Aufschubrecht ausreichen 
Informationsfreiheit bedeutet, dass Informationen der öffentlichen Verwaltung (Verwaltungstransparenz) und Politik dem Bürger öffentlich gemacht werden (Öffentlichkeitsprinzip).	Öffentlichkeitsprinzip			Grundsatz der Wirtschaftlichkeit	der Informationsfreiheit bedeuten  dass Information der öffentlich Verwaltung  Verwaltungstransparenz  und der Politik der Bürger zugänglich machen werden  Öffentlichkeitsprinzip  
Diese Befugnis zur Aufhebung im Selbstschutzwege erwächst aus dem verwaltungsrechtlichen Grundsatz der guten Verwaltung, aufgrund von welchem die Verwaltung verpflichtet ist, Maßnahmen zu treffen, die dem verfolgten Zweck so gut wie möglich entsprechen.	Grundsatz der gut Führung,Grundsatz der gut Verwaltung,Grundsatz der gut Verwaltungsführung			Grundsatz der Unparteilichkeit,Unparteilichkeitsgrundsatz	dieser Befugnis zu Rücknahme in Weg der Selbstkontrolle ergeben sich aus der Grundsatz der gut Verwaltungsführung der Verwaltungsrecht  wonach der Verwaltung verpflichten sein  Maßnahme zu ergreifen  der der angestrebt Ziel so genau wie möglich entsprechen 
Gegen den Ablehnungsbescheid oder eine Ermächtigung mit Bedingungen des Bürgermeisters, die auf architektonischen, landschaftlichen oder ästhetischen Gründen fußen, kann der Gesuchsteller innerhalb von 30 Tagen an das  Kollegium für Landschaftsschutz Berufung einlegen.	Ablehnungsbescheid,Ablehnungsmaßnahme,Verweigerungsmaßnahme		Maßnahme,Verwaltungsbescheid,Verwaltungsmaßnahme		gegen der Ablehnungsbescheid oder ein Genehmigung der Bürgermeister mit Auflage  der auf architektonisch  landschaftlich oder ästhetisch Grund beruhen  können der Antragsteller innerhalb von 30 Tag Beschwerde bei Kollegium für Landschaftsschutz einlegen 
Gegen die Verweigerungsmaßnahmen  und die Maßnahmen  kann Rekurs beim Innenminister eingelegt werden; dieser entscheidet innerhalb von 60 Tagen unter Mitwirkung des Ministers für Infrastruktur und Verkehr.	Ablehnungsbescheid,Ablehnungsmaßnahme,Verweigerungsmaßnahme		Maßnahme,Verwaltungsbescheid,Verwaltungsmaßnahme		gegen Ablehnungsbescheid und Verwaltungsmaßnahme können bei Innenminister Beschwerde einlegen werden  welcher innerhalb von 60 Tag unter Beteiligung der Minister für Infrastruktur und Verkehr entscheiden 
Für die von einem der Teilhaber eingeräumten Hypotheken sind die im 4. Abschnitt des 3. Titels des 6. Buches enthaltenen Bestimmungen zu beachten.	Buch	Rechtstitel,Titel	Gesetzbuch,Kode		für Hypothek  der von einer der Miteigentümer gewähren werden  sein der Bestimmung in Abschnitt 4 der Titels 3 der Gesetzbuch 6 zu beachten 
Das gebietsmäßig zuständige Ethikkomitee hat eine begründete positive Stellungnahme zum Forschungsprogramm abgegeben .	Ethikkomitee	Landesethikkomitee			der örtlich zuständig Ethikkomitee haben ein begründet positiv Stellungnahme zu Forschungsprogramm abgeben 
Wird die Einziehungsmaßnahme endgültig, so ist die Agentur für Staatsgüter ab Übermittlung der Maßnahme durch den Präfekten für die Auszahlung der Beträge zuständig.	Agentur für Domänenverwaltung,Agentur für Staatsgut		Steueragentur,Steuerbehörde	Agentur der Einnahme,Agentur für Einnahme,Zoll und Monopolagentur,Zollagentur	sobald der Einziehungsbeschluss rechtskräftig werden  sein der Agentur für Staatsgut für der Auszahlung der Betrag zuständig  und zwar ab der Zeitpunkt der Übermittlung der Beschluß durch der Präfekt 
Die Feststellung der Steuern auf dem Gebiet der Provinzen erfolgt aufgrund von Leitlinien und strategischen Zielen, die durch Einvernehmen zwischen jeder Provinz und dem Minister für Wirtschaft und Finanzen und durch nachfolgende operative Vereinbarungen mit den Steueragenturen festgelegt werden.	Steueragentur,Steuerbehörde	Agentur der Einnahme,Agentur für Domänenverwaltung,Agentur für Einnahme,Agentur für Staatsgut,Zoll und Monopolagentur,Zollagentur			der Festsetzung der Steuer auf der Gebiet der Provinz erfolgen auf Grundlage von Leitlinie und strategisch Ziel  der durch ein Vereinbarung zwischen der jeweilig Provinz und der Minister für Wirtschaft und Finanz sowie durch nachfolgend operativ Vereinbarung mit der Steuerbehörde festlegen werden 
Bei Privatisierung durch Abstoßung an den Markt werden die Archive der Behörden auch privatisiert, mit Ausnahme der laufenden Archive.	laufend Archiv		Archiv,Endarchiv	Altablage,Altregistratur,Verwaltungsarchiv,Zwischenarchiv	in Fall ein Privatisierung durch Veräußerung an Markt werden auch der Archiv der Behörde privatisieren  mit Ausnahme der Verwaltungsarchiv 
In Lizenz hergestelltes Bier liegt vor, wenn ein Herstellungsbetrieb Bier nach der Rezeptur eines anderen Herstellungsbetriebs (Lizenzgeber) herstellt und dieses unter der Marke des Lizenzgebers vertreibt. Das Lizenzbier kann auch vom Lizenzgeber selber vertrieben werden.	Lizenzgeber			Lizenznehmer	Lizenzbier liegen vor  wenn ein Produktionsunternehmen Bier nach der Rezept ein anderer Produktionsunternehmen  Lizenzgeber  herstellen und es unter der Marke der Lizenzgeber vertreiben  der Lizenzbier können auch von Lizenzgeber selbst vertreiben werden 
Die Berufsfeuerwehren führen die Bezeichnung „Berufsfeuerwehr“ unter Beifügung des Namens der Gemeinde.	BF,Berufsfeuerwehr		Feuerwehr	FF,Freiwillige Feuerwehr	der Berufsfeuerwehre führen der Bezeichnung „ Berufsfeuerwehr  mit der Zusatz der Gemeindenamen 
Neben dem Pflichtbereich versorgt die FF Meran als Bezirksstützpunktwehr den gesamten Bezirk Meran mit Sondereinsatzgeräten.	FF,Freiwillige Feuerwehr		Feuerwehr	BF,Berufsfeuerwehr	neben der obligatorisch Zuständigkeitsbereich stellen der Freiwillige Feuerwehr Meran als Bezirksstützpunkt der gesamt Bezirk Meran mit speziell Einsatzmittel aus 
Auf gebührenpflichtigen Parklätzen werden für Wohnmobile Tarife angewandt, die um 50 % höher sind als die Tarife, die auf gleichen Parkplätzen in der Gegend für Personenkraftwagen erhoben werden.	Personenkraftwagen		Kraftwagen		für gebührenpflichtig Parkplatz gelten für Wohnmobil Tarif  der um 50 % hoch sein als der für Personenkraftwagen auf derselbe Parkplatz in dieser Bereich 
Bei zweiachsigen Kraftomnibussen oder Oberleitungsbussen, die für den öffentlichen Linienverkehr im innerstädtischen und im Vorstadtbereich bestimmt sind, beträgt die höchstzulässige Gesamtmasse 19 t.	Kraftomnibus		Kraftwagen		für Kraftomnibus oder Oberleitungsbus mit zwei Achse  der für der öffentlich Linienverkehr in städtisch und vorstädtisch Bereich bestimmen sein  betragen der zulässig Gesamtmasse höchstens 19 t.
Gesellschaftswagen und Kleinbusse benötigen Notausstiege mit einer lichten Weite von mindestens 0,60 m auf 0,43 m.	Kleinbus		Motorwagen		Spezialfahrzeug und Motorwagen benötigen Notausgang mit ein frei Lichtfläche von mindestens 0,60 m mal 0,43 m.
Bei Kombinationskraftwagen  muß in dem Raum zur wahlweisen Beförderung von Personen oder Gütern nach dem Umlegen oder Entfernen der Sitze eine feste, unbewegliche Ladefläche zur Aufnahme von Gütern zu bilden sein, auf der Güter sicher aufliegen können.	Kombinationskraftwagen		Fahrzeug,Kraftwagen		in Kombinationskraftwagen muss in Bereich  der für der alternativ Transport von Person oder Gut vorsehen sein  nach der umklappen oder Entfernen der Sitz ein fest und unbeweglich Ladefläche zu Unterbringung der Gut schaffen werden  auf der der Gut sicher abstellen werden können 
Starre Anhänger an Personenwagen, Lieferwagen und Kleinbussen dürfen höchstens l,50 m lang und nicht breiter sein als das Zugfahrzeug und ein Gesamtgewicht von höchstens 0,30 t aufweisen.	Lieferwagen		Fahrzeug,Motorwagen		starr Anhänger  der an Personenwagen  Motorwagen und Kleinbuss ankuppeln werden  dürfen ein Länge von 1,50 m nicht überschreiten  müssen schmal als der Zugfahrzeug sein und dürfen ein Gesamtgewicht von 0,30 t nicht übersteigen 
Landwirtschaftliche Traktoren und Motorkarren müssen mit einer geprüften Schutzeinrichtung, wie z. B. Sicherheitskabine, Sicherheitsrahmen oder Sicherheitsbügel, versehen sein, die bei Unfällen ein Überrollen des Fahrzeugs nach Möglichkeit verhindert und den Führer oder die Führerin schützt.	Motorkarre		Motorwagen		Landwirtschaftliche Traktor und Motorwagen müssen mit ein zugelassen Schutzeinrichtung  wie beispielsweise ein Sicherheitskabine  ein Sicherheitsrahmen oder ein Überrollbügel  ausrüsten sein  der in Fall ein Unfall ein umkippen der Fahrzeug nach Möglichkeit verhindern und der Fahrer schützen 
Die Verwaltungsrichter, die Sekretariatsbediensteten und die Hilfskräfte tragen bei öffentlichen Verhandlungen die vom Präsidialrat für die Verwaltungsgerichtsbarkeit vorgeschriebene Robe oder Amtstracht.	Verwaltungsrichter		Gericht,Richter		der Verwaltungsrichter  der Sekretariatspersonal und der Hilfspersonal tragen in öffentlich Verhandlung der von Präsidialrat der Verwaltungsgerichtsbarkeit vorgeschrieben Talar oder der vorgeschrieben Uniform 
Zum Personenlinienverkehr dürfen folgende Fahrzeuge bestimmt werden: Kraftomnibusse, Gelenkbusse, Sattelkraftfahrzeuge, Lastzüge, Oberleitungsbusse, Gelenk-Oberleitungsbusse, Oberleitungssattelzüge und Oberleitungslastzüge, die dem Personenverkehr dienen.	Gelenkbus		Fahrzeug,Kleinbus		für der öffentlich Personenlinienverkehr können folgend Fahrzeug einsetzen werden  Busse  Gelenkbus  Sattelkraftfahrzeug  Lastzugkombination  Oberleitungsbus  Gelenk-Oberleitungsbus  Oberleitungs-Gelenkbus und Oberleitungs-Lastzugkombination  der für der Personentransport bestimmen sein 
Bei Wohnmobilen mit einer zulässigen Gesamtmasse von mehr als 2,5 t genügt für die hinteren Sitze die Ausrüstung mit Verankerungen zur Anbringung von Beckengurten und mit Beckengurten.	Wohnmobil		Fahrzeug		für Wohnmobil mit ein zulässig Gesamtgewicht von mehr als 2,5 t genügen für der Rücksitz der Ausstattung mit Befestigungspunkt zu Installation von Beckengurt sowie mit Beckengurt 
Das Landgericht hat dabei mehrere Fuhren an einem Tag zu einer Tat zusammengefaßt, wenn es sich um die Abholung einer zuvor zusammengestellten Lieferung handelte, die die Ladekapazität eines Lastzuges überschritt.	Lastzug		Fahrzeug		der Landgericht haben in dieser Fall mehrere an ein einzig Tag durchgeführt Transport zu ein einzig Straftat zusammengefasst  sofern es sich um der Abholung ein zuvor vorbereitet Lieferung handeln  der der Ladekapazität ein Lastzug überstieg 
Die Wahrnehmung der  straßenpolizeilichen Aufgaben obliegt:  d-bis) im Rahmen ihrer jeweiligen Gebietszuständigkeit den Korps und Dienststellen der Provinzpolizei, .	Provinzpolizei		Ortspolizei		der Wahrnehmung der Aufgabe in Bereich der Straßenverkehrspolizei obliegen  d-bis  in Rahmen der jeweilig örtlich Zuständigkeit der Einheit und Dienst der Provinzpolizei 
Die Schulen der Unter- und Oberstufe erleichtern durch gemeinsame Orientierungsmaßnahmen den Schülerinnen und Schülern die Wahl der geeigneten weiterführenden Schule.	Schule	Staatsschule,nichtstaatlich Schule,staatlich Schule			der Staatsschule der unterer und oberer Stufe unterstützen der Schülerin und Schüler durch gemeinsam Orientierungsmaßnahme bei der Wahl der für sie geeignet weiterführend Schule 
Schulen im Sinne dieser Bestimmungen des Suchmittelgesetzes sind die öffentlichen und privaten Schulen gemäß Schulorganisationsgesetz, BGBl. Nr. 242/1962, die öffentlichen land- und forstwirtschaftlichen Schulen sowie alle anderen Privatschulen.	Privatschule,privat Schule	gleichgestellt Schule,nicht gleichgestellt Schule	nichtstaatlich Schule		Gemäß der Bestimmung dieser Gesetz über der Fördermaßnahme für der Schulbesuch sein Schule der öffentlich Schule und der Privatschule in Sinn der Schulorganisationsgesetz  BGBl . Nr. 242  1962  der öffentlich land und forstwirtschaftlich Schule sowie aller anderer Privatschule 
Zu den Tätigkeiten  gehören auch Lehrgänge, didaktische und schulische Tätigkeiten, einschließlich der Finanzierung von Privatschulen, die gesetzlich anerkannte Studientitel verleihen, private Hochschulen, Tagungen und Lehrfahrten für Lehrpersonen sowie der Ankauf von didaktischem und wissenschaftlichem Material.	Privatschule,privat Schule	gleichgestellt Schule,nicht gleichgestellt Schule	nichtstaatlich Schule		der Tätigkeit umfassen auch Fortbildungskurs  Lehr und Schulaktivität  einschließlich der Finanzierung von Privatschule  der gesetzlich anerkannt Abschluß verleihen  privat Universität  Fachtagung und Studienreise für Lehrkraft sowie der Erwerb von Lehr und wissenschaftlich Materialium 
Die Direktion der genehmigten Privatschule, die für eine bestimmte Prüfung mindestens 25 Schüler anmeldet, kann beim zuständigen Grundschuldirektor beantragen, die Eignungs- bzw. Abschlussprüfungen am Sitz der Privatschule durchzuführen.	genehmigt Privatschule		nichtstaatlich Schule	gleichgestellt Grundschule,gleichgestellt Schule,staatlich unterstützt Grundschule	der Leitung ein genehmigt Privatschule  der mindestens 25 Schüler für ein bestimmt Prüfung anmelden  können bei zuständig Leiter der Volksschule beantragen  der Eignungsprüfung oder Abschlussprüfung in der Räumlichkeit der genehmigt Privatschule durchführen 
Die Modalitäten für die Ausführung der gemeinnützigen Arbeit legt der Justizminister im Einvernehmen mit der Gemeinsamen Konferenz laut Artikel 8 des Legislativdekrets vom 28. August 1997, Nr. 281, mit Dekret fest.	gemeinsam Konferenz	Konferenz Staat-Stadt und lokal Autonomie,Konferenz Staat-Städte-Körperschaft mit Gebietsautonomie,Staat-Regionen-Konferenz,ständig Konferenz für der Beziehung zwischen der Staat,der Region und der autonom Provinz Trient und Bozen			der Modalität der Ableistung gemeinnützig Arbeit werden durch Dekret der Justizminister  in Einvernehmen mit der ständig Konferenz für der Beziehung zwischen der Staat  der Region und der autonom Provinz Trient und Bozen  gemäß Artikel 8 der Legislativdekret von 28. August 1997  Nr. 281  festlegen 
Wer zu Fuß geht und einachsige Zug- oder Arbeitsmaschinen an Holmen oder Handfahrzeuge mitführt, hat mindestens eine nach vorn und hinten gut sichtbare, nicht blendende Leuchte mit weißem Licht auf der linken Seite anzubringen oder zu tragen.	Handfahrzeug		Fahrzeug		Fußgänger  der ein oder mehrachsig Zug oder Arbeitsmaschine mit Lenkstange oder ein Handfahrzeug führen  müssen mindestens ein weiß Leuchte an der linker Seite anbringen oder mitführen  der nach vorne und hinten gut sichtbar sein und nicht blenden 
Die Bespannung zweispänniger Fuhrwerke, die (nur) eine Deichsel (in der Mitte) haben, mit nur einem Zugtier ist unzulässig, wenn die sichere und schnelle Einwirkung des Gespannführers auf die Lenkung des Fuhrwerks nicht gewährleistet ist.	Fuhrwerk		Fahrzeug		der anspannen von Fuhrwerk mit zwei Pferd  der  nur  über ein  mittig  Deichsel verfügen  an ein einzeln Zugtier sein unzulässig  sofern der sicher und rasch Einwirkung der Lenker auf der Lenkung der Fuhrwerk nicht gewährleisten sein 
Bei Handwagen und Schlitten sowie bei land- oder forstwirtschaftlichen Arbeitsmaschinen, die nur im Fahren Arbeit leisten können (zum Beispiel Pflüge, Drillmaschinen, Mähmaschinen), ist eine Bremse nicht erforderlich.	Schlitten		Fuhrwerk,Gespannfuhrwerk		für Handkarre und Gespannfuhrwerk sowie für land oder forstwirtschaftlich Maschine  der ihr Arbeit nur während der Fahrt verrichten können  z. B. Pflüge  Sämaschine  Mähmaschine   sein ein Bremse nicht erforderlich 
Zur Klasse der atypischen Fahrzeuge gehören Kradfahrzeuge und Kraftwagen, die als Oldtimer gelten oder die von historischem Interesse sind und Sammlerwert besitzen.	Kradfahrzeug		Kfz,Kraftfahrzeug		zu Klasse der atypisch Fahrzeug gehören Kfz  der als Oldtimer gelten oder von historisch Interesse sein und ein Sammlerwert aufweisen 
Kenntnis des Aufbaus und der Funktionsweise von Baumaschinen (Hoch- bzw. Tiefbau) und Anbaugeräten (zB Bagger, Kettenlader, Krananlagen, Bauarten von Kränen, Walzen, Stapler, Bohrmaschinen, Ladekränen, Hydraulikhämmer) sowie des Aufbaus und der Funktion der Einzelbaugruppen.	Baumaschine		Fahrzeug		Kenntnis der Bauweise und Funktionsweise von Baumaschine  Hoch und Tiefbau  sowie von Zusatzgerät  z. B. Bagger  Planierraupe  Kransystem  verschieden Kranart  Walze  Gabelstapler  Bohrmaschine  Ladekran  Hydraulikhämmer  und der Bauweise und Funktionsweise der einzeln Baugruppe 
Kleinkrafträder, Krafträder, dreirädrige Kraftfahrzeuge, vierrädrige Kraftfahrzeuge und Kraftwagen dürfen nicht ohne Führerschein und, wenn vorgeschrieben, ohne berufliche Befähigung geführt werden.	Kraftrad		Kradfahrzeug		Leichtkrafträd  Krafträder  dreirädrig Kraftfahrzeug  vierrädrig Kraftfahrzeug und Personenkraftwagen dürfen nicht ohne Führerschein und  falls vorschreiben  ohne entsprechend Berufsausbildung führen werden 
Die Nutzung durch Dritte umfasst: a) die Vermietung ohne Fahrer, b) die Personenbeförderung im Mietfahrzeug mit Fahrer und im Taxi, c) den Personenlinienverkehr, d) die gewerbliche Güterbeförderung, e) den Güterlinienverkehr, f) die gewerbliche Güterbeförderung im Taxi.	Nutzung durch dritter		Nutzung der Fahrzeug	Eigennutzung	der Nutzung durch dritter umfassen  a  der Vermietung ohne Fahrer    der Personentransport in ein gemietet Fahrzeug mit Fahrer sowie in Taxi  c  der öffentlich Linienpersonentransport  d  der gewerblich Gütertransport  e  der Güterlinienverkehr  f  der gewerblich Gütertransport in Taxi 
Bei Motorrädern mit Beiwagen muß der Beiwagen mit Vorrichtungen ausgerüstet sein, mit denen der im Beiwagen Sitzende die Kupplung und die auf das Hinterrad wirkende Bremse betätigen kann.	Beiwagen		Anhänger		bei Motorräd mit Anhänger zu Personenbeförderung muss der Anhänger zu Personenbeförderung mit Vorrichtung ausstatten sein  der es der Insasse der Anhänger zu Personenbeförderung ermöglichen  der Kupplung und der auf der Hinterrad wirkend Bremse zu betätigen 
Veteranenfahrzeuge müssen der ursprünglichen Ausführung entsprechen sowie optisch und technisch in einwandfreiem Zustand sein. Veteranenfahrzeuge werden in der Regel nur noch zu besonderen Anlässen oder zur Verhinderung von Standschäden im Strassenverkehr eingesetzt.	Veteranenfahrzeug	Motorrad,Motorwagen			Veteranenfahrzeug müssen der Originalzustand entsprechen und sich in einwandfrei optisch und technisch Zustand befinden  Veteranenfahrzeug werden in Strassenverkehr in der Regel nur zu besonderer Anlässen oder zu Vermeidung von Standsschäden einsetzen 
Unterliegt ein Gut nicht dem Ausschlussprinzip und zudem der Nichtrivalität des Konsums, so wird auch von einem (geborenen) öffentlichen Gut gesprochen.	Gut	Investitionsgut,Kapitalgut,Produktionsgut			Sofern ein Gut weder der Ausschlussprinzip noch der Prinzip der Nichtrivalität in Konsum unterliegen  sprechen man auch von ein öffentlich  rein  Gut 
Der Lärmschutzbereich eines Flugplatzes wird nach dem Maße der Lärmbelastung in zwei Schutzzonen für den Tag und eine Schutzzone für die Nacht gegliedert.	Lärmbelastung		Verschmutzung,Verunreinigung		der Lärmschutzgebiet ein Flughafen werden entsprechend der Grad der Lärmbelastung in zwei Tag-Schutzgebiet und ein Nacht-Schutzgebiet unterteilen 
Die Einleitung von Klärschlamm in Oberflächengewässer, insbesondere von Schiffen oder durch Leitungssysteme, ist verboten.	Oberflächengewässer		Gewässer	Grundwasser	der Einleitung von Klärschlamm in Oberflächengewässer  insbesondere von Schiff aus oder über Rohrleitungssystem  sein verbieten 
Die Untertagedeponie kann zur Entsorgung folgender Abfalltypologien realisiert werden: - Inertabfälle, - nicht gefährliche Abfälle, - gefährliche Abfälle.	Untertagedeponie		Deponie		ein Untertagedeponie können zu Entsorgung folgend Abfallart errichten werden   nicht gefährlich mineralisch Abfall   nicht gefährlich Abfall   gefährlich Abfall 
Bei im Ausland gegründeten Gesellschaften ohne Zweitsitz mit ständiger Vertretung im Staatsgebiet muss sich die Antimafia-Dokumentation auf diejenigen beziehen, welche die Verwaltungs-, Vertretungs- oder Unternehmensleitungsbefugnis innehaben.	Antimafia-Bescheinigung,Antimafia-Dokumentation	Antimafia-Information,Antimafia-Mitteilung			bei in Ausland gegründet Gesellschaft ohne Zweigniederlassung mit ein ständig Vertretung auf der Staatsgebiet muss sich der Antimafia-Mitteilung auf der Person beziehen  der der Verwaltung  Vertretung oder Leitungsbefugnis der Unternehmen innehaben 
Die Antimafia-Bescheinigung besteht aus zwei Antimafia-Erklärungen („Mitteilung“ und „Information“).	Antimafia-Bescheinigung,Antimafia-Dokumentation	Antimafia-Information,Antimafia-Mitteilung			"der Antimafia-Dokumentation bestehen aus zwei Antimafia-Erklärung   Mitteilung "" und „ Information   "
Die Entsorger sind grundsätzlich verpflichtet auch die nicht gefährlichen Abfälle, die bei der Lagerung und Behandlung von anderen Abfällen als Output anfallen, bei ihrer Abgabe als Zweiterzeuger zu registrieren.	Zweiterzeuger		Abfallerzeuger	Ersterzeuger	Betreiber von Abfallbehandlungsanlage sein grundsätzlich verpflichten  bei der Abgabe auch nicht gefährlich Abfall  der als Output aus der Lagerung und Behandlung anderer Abfall entstehen  als Abfallerzeuger zu registrieren 
Am 14. Januar 2017 ist das Nationale System für den Schutz der Umwelt (NSSU) in Kraft getreten.	NSSU,Nationales System für der Schutz der Umwelt	hoch Anstalt für Umweltschutz und Forschung,ISPRA,Landesagentur für Umwelt,Landesagentur für Umweltschutz,Regionale Agentur für Umwelt			an 14. Januar 2017 treten der national System für der Schutz der Umwelt  NSSU  in Kraft 
Der Schutz der Umwelt durch das Strafrecht war vor Einführung der Umweltdelikte mit Gesetz Nr. 68/2015 völlig unzureichend.	Umweltdelikt	Umweltkatastrophe,Umweltverschmutzung,Verhinderung der Kontrolle,unerlaubt Umgang und sich Entledigen von hochradioaktiv Stoff,unterlassen Sanierung			der Schutz der Umwelt durch der Strafrecht sein vor der Einführung der Umweltdelikt durch der Gesetz Nr. 68  2015 völlig unzureichend 
Der Schutz und die Aufwertung des kulturellen Erbes sollen das Verständnis für die Geschichte der nationalen Gemeinschaft und für ihre Heimat sowie die Kulturentwicklung fördern.	Aufwertung der kulturell Erbe		Denkmalschutz		der Schutz und der Aufwertung der kulturell Erbe müssen der Verständnis der Geschichte der national Gemeinschaft und ihr Heimat sowie der kulturell Entwicklung fördern 
Das Ministerium und die Regionen bestimmen einvernehmlich die politische Ausrichtung zur Erhaltung und Aufwertung der Landschaft .	Aufwertung der Landschaft		Landschaftsschutz	Erhaltung der Landschaft	der Ministerium und der Region legen in gegenseitig Abstimmung der politisch Ausrichtung für der Erhaltung und Aufwertung der Landschaft fest 
Die Landschaftsplanung hat die Aufgabe, die Ziele des Naturschutzes und der Landschaftspflege für den jeweiligen Planungsraum zu konkretisieren .	Landschaftspflege		Landschaftsschutz		der Landschaftsplanung haben der Aufgabe  der Ziel der Naturschutz und der Landschaftspflege für der jeweilig Planungsraum konkret umsetzen 
Die Verwaltungsaufgaben und -befugnisse zum Schutze der Landschaftsgüter werden vom Staat und von den Regionen  auf die Weise wahrgenommen, dass jederzeit eine einheitliche und den jeweiligen Zielen entsprechende Verwaltung gewährleistet ist.	Schutz der Landschaftsgut			Denkmalpflege,Denkmalschutz	der Verwaltungsaufgabe und -befugnisse zu Schutz der Landschaftsgut werden von Staat und der Region so ausüben  dass jederzeit ein einheitlich Verwaltung gewährleisten sein  der der spezifisch Zielsetzung entsprechen 
Das Ministerium legt, auch mit Hilfe der Regionen und in Zusammenarbeit mit den zuständigen Universitäten und Forschungsanstalten, Richtlinien, technische Vorschriften, Kriterien und Modelle für Eingriffe zur Erhaltung von Kulturgütern fest.	Erhaltung von Kulturgütern	Prävention,Restaurierung,Verhütung,Vorbeugung	Denkmalpflege,Denkmalschutz	Aufwertung von Kulturgüt	der Ministerium legen  auch unter Heranziehung der Region sowie in Zusammenarbeit mit der zuständig Universität und Forschungseinrichtung  Richtlinie  technisch Norm  Kriterium und Modell für Maßnahme zu Erhaltung von Kulturgut fest 
Die Konservierung konzentriert sich auf die Erhaltung der überlieferten Substanz, wobei die authentischen Eigenschaften des Objektes durch den Eingriff möglichst wenig verändert werden sollten.	Konservierung	Prävention,Restaurierung,Verhütung,Vorbeugung,passiv Konservierung,präventiv Konservierung,vorbeugend Konservierung	Denkmalpflege,Denkmalschutz,Kulturgutschutz		der Kulturgutschutz konzentrieren sich auf der Erhaltung der überliefert Substanz  wobei der authentisch Eigenschaft der Objekt durch Eingriff so wenig wie möglich verändern werden sollen 
Bei der Beschlussfassung über den Plan oder das Programm oder über die Regierungsvorlage sind der Umweltbericht und die im Konsultationsverfahren abgegebenen Stellungnahmen einschließlich der Ergebnisse allfälliger grenzüberschreitender Konsultationen nachvollziehbar zu berücksichtigen.	Umweltbericht		SUP,strategisch Umweltprüfung		bei der Entscheidung über der Plan  der Programm oder der Gesetzentwurf der Regierung sein der Umweltbericht sowie der in Rahmen der Konsultationsverfahren abgegeben Stellungnahm  einschließlich der Ergebnis etwaig grenzüberschreitend Konsultation  in nachvollziehbar Weise zu berücksichtigen 
Auswahlverfahren: Die numerische Aufnahme erfolgt wie bisher. Die öffentlichen Arbeitgeber suchen beim Arbeitsamt um die Zuweisung zur Auswahl von Menschen mit Behinderung an, die in den Pflichtvermittlungslisten eingetragen sind.	numerisch Aufnahme,numerisch Berufung			namentlich Aufnahme	Auswahlverfahren  der numerisch Berufung erfolgen wie bisher  öffentlich Arbeitgeber beantragen bei Arbeitsamt der Zuweisung zu Auswahl von Mensch mit Behinderung  der in der Liste der Pflichtvermittlung eintragen sein 
Die regionalen Rechtsprechungssektionen und die Rechtsprechungssektionen von Trient und von Bozen treffen ihre Entscheidungen durch drei Mitglieder des Richterstandes einschließlich des Präsidenten.	regional Rechtsprechungssektion		Rechtssprechungssektion	Berufungssektion,vereinigt Sektion	der regional Rechtsprechungssektion sowie der Rechtsprechungssektion von Trient und Bozen entscheiden unter Mitwirkung von drei Berufsrichter  einschließlich der vorsitzend 
Organe der Gerichtsbarkeit des Rechnungshofs sind die zentrale Berufungssektion mit Sitz in Rom, deren Zuständigkeit sich auf das Staatsgebiet erstreckt, und die Berufungssektion für die Region Sizilien mit Sitz in Palermo, deren Zuständigkeit sich auf das Regionalgebiet erstreckt.	Berufungssektion		Rechtssprechungssektion	regional Rechtsprechungssektion,vereinigt Sektion	der Organ der Gerichtsbarkeit der Rechnungshof sein der zentral Berufungssektion mit Sitz in Rom  der Zuständigkeit sich auf der gesamt Staatsgebiet erstrecken  sowie der Berufungssektion für der Region Sizilien mit Sitz in Palermo  der Zuständigkeit sich auf der Gebiet der Region erstrecken 
Die vereinigten Rechtsprechungssektionen entscheiden über Zuständigkeitskonflikte sowie über Grundsatzfragen, die ihnen von den Berufungssektionen oder vom Präsidenten des Rechnungshofs zugeschoben werden, oder auf Antrag des Generalstaatsanwalts.	vereinigt Rechtsprechungssektion		Rechtssprechungssektion,vereinigt Sektion	vereinigt Sektion in besonderer Zusammensetzung,vereinigt Sektion in ihr Beschlussfunktion,vereinigt Sektion in ihr Kontrollfunktion,vereinigt Sektion in ihr beratend Funktion	der vereinigt Sektion in ihr Beschlussfunktion entscheiden über Kompetenzkonflikt sowie über Grundsatzfrage  der ihr von der Berufungssektion oder von Präsident der Rechnungshof vorlegen werden  oder auf Antrag der Generalstaatsanwalt 
Der Ausdruck „Vertragnehmer“ bezeichnet jede natürliche oder juristische Person, Körperschaft oder Vereinigung, die mit einem Anbieter öffentlich zugänglicher elektronischer Kommunikationsdienste einen Vertrag über die Bereitstellung derartiger Dienste geschlossen hat oder jedenfalls Empfänger solcher Dienste durch Wertkarten ist, .	Anbieter der öffentlich zugänglich elektronisch Kommunikationsdienst,Anbieter ein öffentlich zugänglich elektronisch Kommunikationsdienst,Anbieter öffentlich zugänglich elektronisch Kommunikationsdienst		Anbieter der Dienst		der Begriff  Vertragspartner  bezeichnen jeder natürlich oder juristisch Person  Behörde oder Vereinigung  der mit ein Anbieter ein öffentlich zugänglich elektronisch Kommunikationsdienst ein Vertrag über der Erbringung solcher Dienst schließen haben oder der solcher Dienst anderweitig mittels Prepaid-Karte in Anspruch nehmen 
Die Pflicht zur Erlassung von Datensicherheitsmaßnahmen im Sinne der Art. 24, 25 und 32 DSGVO im Zusammenhang mit der Erbringung eines öffentlichen Kommunikationsdienstes obliegt jedem Betreiber eines öffentlichen Kommunikationsdienstes jeweils für jeden von ihm erbrachten Dienst.	Betreiber ein öffentlich Kommunikationsdienst,Betreiber öffentlich Kommunikationsdienst		Diensteanbieter		der Verpflichtung zu Umsetzung von Maßnahme zu Datensicherheit gemäß der Artikel 24  25 und 32 der DSGVO in Zusammenhang mit der Bereitstellung ein öffentlich elektronisch Kommunikationsdienst obliegen jeder Betreiber ein öffentlich Kommunikationsdienst für jeder von ihm erbracht Dienst 
Im Fall einer Verletzung des Schutzes personenbezogener Daten hat unbeschadet  der Betreiber öffentlicher Kommunikationsdienste unverzüglich die Datenschutzbehörde von dieser Verletzung zu benachrichtigen.	Betreiber ein öffentlich Kommunikationsdienst,Betreiber öffentlich Kommunikationsdienst		Diensteanbieter		in Fall ein Verletzung der Schutz personenbezogen Datum haben der Betreiber öffentlich Kommunikationsdienst  unbeschadet sonstig Verpflichtung  dieser Verletzung unverzüglich der Datenschutzbehörde zu melden 
Der Teilnehmer kann von einem Anbieter eines öffentlich zugänglichen Telefondienstes verlangen, dass dieser einer Störung unverzüglich, auch nachts und an Sonn- und Feiertagen, nachgeht, wenn der Anbieter von öffentlich zugänglichen Telekommunikationsdiensten über beträchtliche Marktmacht verfügt.	Anbieter ein öffentlich zugänglich Telekommunikationsdienst,Anbieter von öffentlich zugänglich Telekommunikationsdienst		Anbieter der Dienst,Diensteanbieter		der Teilnehmer können von ein Anbieter ein öffentlich zugänglich Telekommunikationsdienst verlangen  dass dieser unverzüglich  auch nachts und an Feiertag  ein Störung beheben  sofern der Anbieter von öffentlich zugänglich Telekommunikationsdienst über ein beträchtlich Marktmacht verfügen 
„Zugehörige Dienste“ bedeutet diejenigen mit einem Kommunikationsnetz oder einem Kommunikationsdienst verbundenen Dienste, welche die Bereitstellung von Diensten über dieses Netz oder diesen Dienst ermöglichen oder unterstützen bzw. dazu in der Lage sind; .	Bereitstellung von Dienst	Bereitstellung von Dienst mit Zusatznutzen,Bereitstellung öffentlich zugänglich Kommunikationsdienst			-- Verbundene Dienst  bezeichnen Dienst  der mit ein Kommunikationsnetz oder ein Kommunikationsdienst verbinden sein und der Bereitstellung von Dienst über dieser Netz oder dieser Dienst ermöglichen oder unterstützen oder dazu in der Lage sein 
Mit Maßnahme des Generalsekretärs des Rechnungshofs in seiner Rolle als Verantwortlicher des Kostenzentrums werden allgemeine Bestimmungen über die Festsetzung der Vergütungen für die Sachverständigen und Verwahrer festgelegt.	Generalsekretär der Rechnungshof	Informatikausschuss der Rechnungshof	Präsident der Rechnungshof		mit ein Verfügung der Generalsekretär der Rechnungshof  in sein Eigenschaft als verantwortliche der Kostenstellenbereich  werden allgemein Bestimmung zu Festsetzung der Vergütung für Sachverständige und Verwahrer erlassen 
Die dem Rechnungshof angehörenden Mitglieder des Richterstandes, die den Kontrollsektionen und -ämtern zugeteilt sind, melden der zuständigen Regionalstaatsanwaltschaft sämtliche im Rahmen der Ausübung ihrer Funktionersichtlichen Tatsachen, aus denen eine Haftung für Schäden zum Nachteil der öffentlichen Hand erwachsen kann.	Regionalstaatsanwaltschaft	Regionalstaatsanwalt			der Mitglied der Rechnungshofjustiz  der der Prüfungsabteilung und -stellen zuteilen sein  melden der zuständig Regionalstaatsanwaltschaft aller Tatsache  von der sie in Rahmen ihr Amtstätigkeit Kenntnis erlangen haben und der ein Schadenshaftung zu Last der Staatshaushalt begründen können 
Die Aufgaben des Staatsanwalts bei den mit der Rechtsprechung befassten Sektionen übt der Regionalstaatsanwalt oder ein anderes dem Amt zugewiesenes Mitglied des Richterstands aus.	Regionalstaatsanwalt		Regionalstaatsanwaltschaft		der Aufgabe der Staatsanwaltschaft bei der Gerichtshof werden von der Regionalstaatsanwaltschaft oder von ein anderer Mitglied der Justiz wahrnehmen  der dieser Behörde zugewiesen sein 
Kulturwege, archäologische Parks und Kulturlandschaftspflege-Projekte verbinden Denkmal- und Naturschutz mit einer breiten Öffentlichkeitsarbeit und Forschung.	archäologisch Park			Archiv,Bibliothek,Endarchiv,Ensemble,Museum	Kulturweg  archäologisch Park und Projekt zu Schutz der kulturell Erbe verbinden der Schutz von Kulturgut und der Natur mit ein umfassend Öffentlichkeitsarbeit und Forschung 
Falls es notwendig sein sollte, bestimmte Körperteile vor besonderen Risiken zu schützen, müssen den Arbeitnehmern geeignete Schutzmittel zur Verfügung gestellt werden, wie zum Beispiel angemessene Schutzschirme, Schürzen, Brustschutz, Beinschienen oder Gamaschen.	Beinschiene		Beinschutz,Beinschutzausrüstung	Gamasche,Knieschützer	falls es erforderlich sein  bestimmt Körperteil vor besonderer Gefahr zu schützen  müssen der Arbeitnehmer geeignet Schutzausrüstung zu Verfügung stellen werden  wie beispielsweise entsprechend Schutzschirm  Schürze  Brustschutz  Knieschützer oder Gamasche 
Falls es notwendig sein sollte, bestimmte Körperteile vor besonderen Risiken zu schützen, müssen den Arbeitnehmern geeignete Schutzmittel zur Verfügung gestellt werden, wie zum Beispiel angemessene Schutzschirme, Schürzen, Brustschutz, Beinschienen oder Gamaschen.	Brustschutz		PSA,persönlich Schutzausrüstung		falls es erforderlich sein  bestimmt Körperteil vor besonderer Gefahr zu schützen  müssen der Arbeitnehmer geeignet Schutzmittel zu Verfügung stellen werden  wie beispielsweise entsprechend Schutzschirm  Schürze  Brustschutz  Beinling oder Gamasche 
Dreifingerhandschuhe eignen sich für Arbeiten, die den Gebrauch einzelner Finger in gewissem Umfang erfordern («Schlüsselgriff»). Dazu gehören zum Beispiel Schweissen, Schleifen und Reparaturarbeiten.	Dreifingerhandschuh		Schutzhandschuh	Fausthandschuh,Fünffingerhandschuh	Dreifingerhandschuh eignen sich für Arbeit  der in gewissem Mass der Einsatz einzeln Finger  « Schlüsselgriff »  erfordern  dazu gehören beispielsweise Schweisstätigkeit  Schleifarbeit und Reparaturarbeit 
Das Schutzsystem gegen Absturz, zertifiziert für den spezifischen Einsatz, muss einen freien Sturz von höchstens 1,5 m, oder bei Vorhandensein von Falldämpfern von 4 m, zulassen.	Falldämpfer		Auffangsystem,Schutzsystem gegen Absturz	Auffanggurt,Verbinder	der für der jeweilig Verwendungszweck zertifiziert Schutzsystem gegen Absturz muss ein frei Fall von höchstens 1,5 m bzw. bei Verwendung ein Falldämpfer von 4 m ermöglichen 
Fünffingerhandschuhe eignen sich, wenn höhere Anforderungen an die Fertigkeit und das Tastgefühl der Hände und Finger gestellt werden.	Fünffingerhandschuh		Schutzhandschuh	Dreifingerhandschuh,Fausthandschuh	Fünffingerhandschuh sein geeignet  wenn hoch Anforderung an der Geschicklichkeit sowie an der Tastempfindlichkeit der Hand und Finger stellen werden 
Bei einer Kontrolle durch ein Organ der Lebensmittelaufsicht in einem Hotelbetrieb  wurden folgende Mängel festgestellt: Vier Köche trugen bei der Zubereitung von Speisen keinen Haarschutz.	Haarschutz	Haarnetz	Kopfschutz,PSA,Schutzausrüstung,persönlich Schutzausrüstung		bei ein Kontrolle durch ein Lebensmittelüberwachungsorgan in ein Gastronomiebetrieb werden folgend Mangel feststellen  vier Köche tragen bei der Zubereitung von Speise kein Haarschutz 
Höhensicherungsgeräte halten stets eine straffe Verbindung zum Auffanggurt (ähnlich einem Automatik-Sicherheitsgurt im Pkw). Daher sind sie für wechselnde Arbeitsorte (horizontal bzw. vertikal) gut geeignet.	Höhensicherungsgerät		Auffangsystem		Höhensicherungsgerät gewährleisten stets ein gespannt Verbindung mit der Auffanggurt  vergleichbar mit ein automatisch Sicherheitsgurt in ein Kraftfahrzeug   daher eignen sie sich besonders für Arbeitsplatz mit variierend Position  horizontal oder vertikal  
Anstosskappen nach SN EN 812  bestehen im allgemeinen aus einer leichten Thermoplastschale, deren einfache Innenausstattung an die Kopfweite angepasst werden kann.	Anstosskappe		Kopfbedeckung,Kopfschutz,Kopfschutzmittel	Haarschutzhaube,Industrieschutzhelm,Schutzhaube,Schutzhelm	Industrieschutzhelm gemäss SN EN 812 bestehen in der Regel aus ein leicht Schale aus thermoplastisch Material  der einfach Innenfutter an der Kopfumfang angepasst werden können 
Elektrische Gefährdungen durch elektrischen Schlag oder Lichtbogen können entstehen bei Anwendung der Elektrizität bei der Arbeit (zum Beispiel Verwendung von elektrischen Betriebsmitteln) oder bei der Durchführung von nicht elektrischen Arbeiten in der Nähe von unter Spannung stehenden Betriebsmitteln.	Lichtbogen	Störlichtbogen			Elektrische Gefahr durch Stromschlag oder Störlichtbögen können bei der Anwendung von Elektrizität an Arbeitsplatz  z. B. bei Einsatz elektrisch Betriebsmittel  oder bei der Durchführung nichtelektrisch Arbeit in der Nähe unter Spannung stehend Betriebsmittel auftreten 
Die Schutzkleidung für hitzeexponierte Industriearbeiter ist bestimmt zum Schutz gegen Einwirkungen von heißen Teilen, Wärmestrahlung, kurzzeitigem Kontakt mit offenen Flammen, Funkenflug sowie flüssigen Metall- oder Schlackespritzern.	offen Flamme		Zündquelle		der Hitzeschutz für Arbeitnehmer in der Industrie dienen der Schutz vor der Auswirkung heiß Oberfläche  Wärmestrahlung  kurzzeitig Kontakt mit Zündquelle  Funkenflug sowie Spritzer von geschmolzen Metall oder Schlacke 
"Arbeitsbereiche, in denen Brand- und Explosionsgefahren bestehen und in denen der Umgang mit offenem Feuer verboten ist, müssen mit dem Verbotszeichen P 02 ""Feuer, offenes Licht und Rauchen verboten"" gekennzeichnet sein."	offen Feuer		Zündquelle		Arbeitsbereich  in der Brand und Explosionsgefahr bestehen und in der offen Feuer verbieten sein  müssen mit der Verbotsschild P 02 „ Feuer  offen Feuer und rauchen verbieten  kennzeichnen werden 
Schnittschutzschürzen aus Metall finden vor allem in fleischverarbeitenden Betrieben Verwendung, wo es zu Schnittverletzungen am Rumpf kommen kann.	Schnittschutzschürze		Schnittschutzkleidung,Schutzschürze	Schnittschutzhose	Schnittschutzschürze aus Metall finden vor alle in fleischverarbeitend Betrieb Verwendung  wo Schnittverletzung an Rumpf auftreten können 
Röntgenschutzkleidung dient dazu, Untersucher und Assistenzpersonal vor Strahlung zu schützen.	Röntgenschutzkleidung		Strahlenschutzkleidung		Strahlenschutzkleidung dienen der Schutz der Untersucher und der Assistenzpersonal vor Strahlung 
Für Arbeiten im Gefahrenraum von Gleisen sind den Arbeitnehmern Warnkleidung sowie Sicherheits- oder Schutzschuhe zur Verfügung zu stellen.	Schutzschuh	Zehenkappe,Zehenschutzkappe	Fußschutz,Fußschutzausrüstung	Berufsschuh,Sicherheitsschuh	für Arbeit in Gefahrenbereich der Gleis sein der Arbeitnehmer Warnkleidung sowie Sicherheitsschuh oder Schutzschuh zu Verfügung zu stellen 
Bei Schweißerschutzbekleidung unterscheidet man zwischen zwei Klassen. Je höher die Klasse umso höher die Schutzwirkung der PSA.	Schweißerschutzbekleidung,Schweißerschutzkleidung		Schutzkleidung	CS-Kleidung,Chemikalienschutzkleidung,Gasschutzkleidung,Hitzeschutzkleidung,Kälteschutzkleidung,Schutzkleidung gegen mechanisch Einwirkung,Schutzkleidung gegen mechanisch Einwirkung,Staubschutzkleidung,Strahlenschutzkleidung,UV-Schutzbekleidung,UV-Schutzkleidung,Warnkleidung,Wetterschutzkleidung,antistatisch Kleidung,antistatisch Schutzkleidung	bei Schweißerschutzkleidung werden zwischen zwei Klasse unterscheiden  je hoch der Klasse  desto groß sein der Schutzwirkung der persönlich Schutzausrüstung 
Grundsätzlich sollte bei Arbeiten mit offenen Lasern geschlossene, schwer entflammbare Kleidung (z. B. Schweißerschutzkleidung) getragen werden.	Schweißerschutzbekleidung,Schweißerschutzkleidung		Schutzkleidung	CS-Kleidung,Chemikalienschutzkleidung,Gasschutzkleidung,Hitzeschutzkleidung,Kälteschutzkleidung,Schutzkleidung gegen mechanisch Einwirkung,Schutzkleidung gegen mechanisch Einwirkung,Staubschutzkleidung,Strahlenschutzkleidung,UV-Schutzbekleidung,UV-Schutzkleidung,Warnkleidung,Wetterschutzkleidung,antistatisch Kleidung,antistatisch Schutzkleidung	grundsätzlich sollen bei Arbeit mit offen Laser geschlossen  schwer entflammbar Schutzkleidung  z. B. Schweißerschutzkleidung  tragen werden 
Fuß- und Beinschutz ist persönliche Schutzausrüstung zum Schutz der Gliedmaßen der unteren Extremitäten vor Verletzungen, vor Schäden durch länger andauernde Beanspruchung, vor anderen schädigenden Einwirkungen und zum Schutz vor Ausrutschen (z. B. Sicherheitsschuhe, Schutzstiefel, Schnittschutzhosen).	Sicherheitsschuh	Zehenkappe,Zehenschutzkappe	Fußschutz,Fußschutzausrüstung	Berufsschuh,Schutzschuh	Fuß und Beinschutz sein ein persönlich Schutzausrüstung zu Schutz der unterer Gliedmaße vor Verletzung  vor Schaden durch langandauernd Beanspruchung  vor sonstig schädlich Einwirkung sowie zu Schutz gegen Ausrutsche  z. B. Sicherheitsschuh  Schutzstiefel  schnittfest Hose  
Für Kopfverletzte werden besondere Innenausstattungen geliefert. Je nach Art der Schädigung werden Textilbänder, Leder oder Schaumstoffpolster zur Verteilung der Helmlast auf dem Kopf unter Aussparung von empfindlichen Kopfbereichen verwendet.	Textilband		Kopfschutz,Kopfschutzausrüstung		für Person mit Schädelverletzung werden speziell Innenausstattung bereitstellen  je nach Art der Verletzung werden Textilband  Lederrieme oder Schaumstoffpolster verwenden  um der Belastung der Helm auf der Kopf zu verteilen und dabei der empfindlich Bereich der Kopf aussparen 
Verbindungsmittel dürfen nicht durch Verknoten befestigt, gekürzt oder verlängert werden.	Verbindungsmittel	Halteseil,Positionierungsseil	Auffangsystem	Auffanggurt,Falldämpfer,Verbindungselement	Verbindungselement dürfen nicht durch Verknote befestigen  verkürzen oder verlängeren werden 
Die Arbeitnehmer müssen Warnkleider in grellen Farben tragen, die den ganzen Körper bedecken und mit lichtreflektierenden Flächen versehen sind.	Warnkleider	Signalweste,Warnweste	Schutzkleidung	Chemikalienschutzkleidung,Hitzeschutzkleidung,Kälteschutzkleidung,Schweisserschutzkleidung,Strahlenschutzkleidung,Wetterschutzkleidung,antistatisch Schutzkleidung	der Arbeitnehmenden müssen Warnkleider in Signalfarbe tragen  der der ganz Körper bedecken und mit reflektierend Fläche ausstatten sein 
Der Arbeitgeber gewährleistet, dass jeder Arbeitnehmer eine ausreichende und angemessene Ausbildung im Bereich der Gesundheit und Sicherheit erhält, auch unter Berücksichtigung der sprachlichen Kenntnisse .	Ausbildung	Pflichtausbildung,allgemein Ausbildung,spezifisch Ausbildung,verpflichtend Ausbildung		Auskunft,Erkundigung,Information,Schulung,praktisch Schulung	der Arbeitgeber gewährleisten  dass jeder Arbeitnehmer ein ausreichend und angemessen verpflichtend Ausbildung in Bereich Gesundheit und Sicherheit erhalten  wobei auch der Sprachkenntnis zu berücksichtigen sein 
Ab 1.1.2008 setzen sich die Notfalleinsatzgruppen in der Landesverwaltung und in den Kindergärten und Schulen jeglicher Art aus den Brandschutzbeauftragten und den Erste-Hilfe-Beauftragten zusammen.	Brandschutzbeauftragter		Mitglied der NFEG,Mitglied der Notfalleinsatzgruppe,Notfallbeauftragter	Erste-Hilfe-Beauftragter	ab der 1. Januar 2008 setzen sich der Notfallteam in der Landesverwaltung sowie in Kindergarten und Schule aller Stufe aus Brandschutzbeauftragter und Ersthelfer zusammen 
Eine wesentliche Aufgabe der Brandschutzhelfer ist die Brandbekämpfung von Entstehungsbränden mit den im Unternehmen zur Verfügung stehenden Löschmitteln.	Brandschutzhelfer			Ersthelfer	ein wesentlich Aufgabe der Brandschutzhelfer sein der Bekämpfung von Entstehungsbrand mit der in Betrieb verfügbar Löschmittel 
Die Erste-Hilfe-Beauftragten absolvieren eine theoretische und praktische Ausbildung für die Durchführung der internen Erste-Hilfe-Maßnahmen und die Aktivierung der Notfalleinsätze.	Erste-Hilfe-Beauftragter		Mitglied der NFEG,Mitglied der Notfalleinsatzgruppe,Notfallbeauftragter	Brandschutzbeauftragter	der Erste-Hilfe-Beauftragter absolvieren ein theoretisch und praktisch Ausbildung zu Durchführung intern Erste-Hilfe-Maßnahme und zu Alarmierung von Rettungskraft 
Bei der Verwendung biologischer Arbeitsstoffe müssen Arbeitgeber die dem jeweiligen Gesundheitsrisiko entsprechenden Sicherheitsvorkehrungen treffen. Erforderlichenfalls sind den Arbeitnehmern wirksame Impfstoffe zur Verfügung zu stellen.	Gesundheitsrisiko			Sicherheitsrisiko	bei der Verwendung von biologisch Arbeitsstoff haben Arbeitgeber der der jeweilig Gesundheitsrisiko angemessen Sicherheitsmaßnahme zu treffen  Gegebenenfalls sein wirksam Impfstoff für der Arbeitnehmer bereitstellen 
Das von einem Leuchtzeichen erzeugte Licht muss je nach den vorgesehenen Benutzungsbedingungen deutlich mit seiner Umgebung kontrastieren. Das Leuchtzeichen darf weder durch zu grelles Licht blenden noch durch zu schwaches Licht die Sichtbarkeit beeinträchtigen.	Leuchtzeichen		Sicherheit und Gesundheitskennzeichnung,Sicherheit und Gesundheitskennzeichnung an Arbeitsplatz,Sicherheitskennzeichnung	Handzeichen,Schallzeichen,Sicherheitskennzeichen,Sicherheitszeichen,Signalton,Zusatzzeichen,verbal Kommunikation	der Leuchtzeichen muss je nach vorgesehen Einsatzbedingung ein deutlich Kontrast zu Umgebung aufweisen  der Leuchtzeichen dürfen weder durch zu intensiv Helligkeit blenden noch durch zu schwach Helligkeit der Sicht beeinträchtigen 
Bei der Projektierung von unterirdischen Räumen müssen gute Lebensqualität und ein angenehmes Raumklima gewährleistet werden.	Mikroklima,Raumklima		physikalisch Einwirkung		bei der Planung von unterirdisch Raum müssen ein gut Lebensqualität und ein angenehm Mikroklima gewährleisten sein 
Die Risikobewertung durch physikalische Einwirkungen wird von Fachpersonal im Rahmen des Arbeitsschutzdienstes, welches über spezifische Kenntnisse in diesem Sachbereich verfügt, geplant und mindestens alle vier Jahre ausgeführt.	physikalisch Einwirkung		Agent,Arbeitsstoff,Forstgehilfe,Forstwart,Handelsagent,Polizist,Staatspolizist,Täter	Karzinogen,Mutage,biologisch Arbeitsstoff,biologisch Wirkstoff,chemisch Arbeitsstoff,chemisch Wirkstoff,erbgutverändernd Stoff,karzinogen Arbeitsstoff,mutagen Arbeitsstoff,thermisch Einwirkung	der Bewertung der Risiko durch mutagen Arbeitsstoff werden mindestens aller vier Jahr von spezialisiert Personal in Rahmen der Prävention und Arbeitsschutzdienst planen und durchführen  welcher über spezifisch Kenntnis auf dieser Gebiet verfügen 
Nichttrennende Schutzeinrichtungen müssen so konstruiert und in die Steuerung der Maschine integriert sein, dass die beweglichen Teile nicht in Gang gesetzt werden können, solange sie vom Bedienungspersonal erreicht werden können .	nichttrennend Schutzeinrichtung			trennend Schutzeinrichtung	Schutzeinrichtung müssen so auslegen und in der Maschinensteuerung integrieren sein  dass beweglich Teil nicht in Gang setzen werden können  solange sie von Bedienpersonal erreichen werden können 
Werden bei Arbeitsvorgängen offene radioaktive Stoffe unter Anwendung der notwendigen Sicherheitsmaßnahmen verwendet, so ist für die Dauer dieser Arbeitsvorgänge eine Kennzeichnung der radioaktiven Stoffe nicht erforderlich. Bei diesen Arbeitsvorgängen muss eine mit diesen Sicherheitsmaßnahmen vertraute Person anwesend sein.	Sicherheitsmaßnahme	Schutzmaßnahme			werden in Rahmen von Arbeitsprozessen unversiegelt radioaktiv Stoff unter Anwendung der erforderlich Sicherheitsmaßnahme einsetzen  so sein ein Kennzeichnung der radioaktiv Stoff während der Dauer dieser Arbeitsprozess nicht erforderlich  während dieser Arbeitsprozess muss ein Person anwesend sein  der mit dieser Sicherheitsmaßnahme vertraut sein 
Bei der Konzeption von Arbeitsmitteln müssen Risikobeurteilungen gemacht werden, und im Rahmen eines Sicherheitskonzeptes ist für jede Gefährdung von Personen eine geeignete Sicherheitsmassnahme zu treffen.	Sicherheitsmassnahme	Schutzmassnahme			bei der Konzeption von Arbeitsmittel müssen Gefährdungsbeurteilung durchführen werden  in Rahmen ein Sicherheitskonzept sein für jeder Gefahr für Person ein geeignet Schutzmassnahme zu ergreifen 
Der Arbeitsschutzdienst arbeitet die Sicherheitsverfahren für die verschiedenen Betriebstätigkeiten aus.	Sicherheitsverfahren		Durchführungsverfahren		der Arbeitsschutzdienst erarbeiten der Sicherheitsverfahren für der verschieden betrieblich Tätigkeit 
An Arbeitsplätzen mit erhöhter Unfallgefahr sowie an abgelegenen Arbeitsplätzen darf ein Arbeitnehmer nur allein beschäftigt werden, wenn eine wirksame Überwachung sichergestellt ist.	Unfallgefahr		Gefahr		an Arbeitsplatz mit hoch Unfallgefahr sowie an abgelegen Arbeitsplatz dürfen ein Arbeitnehmer nur allein beschäftigen werden  wenn ein wirksam Überwachung gewährleisten sein 
Die Gesundheitsüberwachung beinhaltet Vorsorgeuntersuchungen, mit denen das Vorhandensein eventueller Kontraindikationen für die den Arbeitnehmern zugewiesene Arbeit überprüft wird, sowie ihre Eignung für die spezifische Aufgabe.	Vorsorgeuntersuchung	Vorsorgeuntersuchung vor der Einstellung	ärztlich Untersuchung	regelmäßig ärztlich Untersuchung	der arbeitsmedizinisch Überwachung umfassen Vorsorgeuntersuchung  mit der etwaig Kontraindikation für der zugewiesen Arbeit sowie der Eignung der Arbeitnehmer für der spezifisch Tätigkeit überprüfen werden 
Zur Wirksamkeit der Sicherheitskennzeichnung tragen verschiedene Komponenten bei: die Farbe, die Form, das ergänzende Symbol, der Text, die Schriftart usw. Wie die einzelnen Teile miteinander kombiniert werden, kann ebenfalls bedeutsam sein.	Sicherheitskennzeichnung	Handzeichen,Lichtsignal,Sicherheitszeichen,Zusatzzeichen			zu Wirksamkeit der Sicherheitskennzeichnung an Arbeitsplatz tragen verschieden Komponente bei  Farbe  Form  ergänzend Piktogramm  Text  Schriftart usw. auch der Art und Weise  wie der einzeln Teil miteinander kombinieren werden  können von Bedeutung sein 
Verbotszeichen sind als weiße Kreise mit schwarzem Piktogramm und rotem Rand  zu gestalten.	Verbotszeiche		Sicherheitszeichen	Gebotszeiche,Rettungszeichen,Vorschriftszeiche,Warnzeichen,Zeichen der Brandbekämpfung	Verbotszeiche müssen als weiß Kreis mit schwarz Piktogramm und rot Rand ausführen sein 
Die Warnzeichen sind gelbe Dreiecke mit schwarzem Piktogramm und schwarzem Rand .	Warnzeichen		Sicherheitszeichen	Gebotszeiche,Rettungszeichen,Verbot oder Beschränkungszeiche,Verbotszeiche,Vorschriftszeiche,Zeichen der Brandbekämpfung	Warnzeichen sein gelb Dreieck mit schwarz Piktogramm und schwarz Rand 
Lässt sich eine Gefahrenstelle nicht unverzüglich oder restlos beseitigen, so ist sie zu kennzeichnen. Dies kann geschehen durch ein Verbots-, Warn- oder Gebotszeichen, durch Farbe oder ein anderes Element, welches die Gefahr rasch und eindeutig erkennen lässt .	Gebotszeiche		Sicherheitszeichen	Rettungszeichen,Verbotssignal,Verbotszeiche,Warnzeichen,Zeichen für der Brandbekämpfung	falls ein Gefahrenstelle nicht sofort oder vollständig beseitigen werden können  muss sie kennzeichnen werden  dieser können durch ein Verbotssignal  ein Warnzeichen oder ein Gebotszeichen  durch Farbe oder ein anderer Element erfolgen  der es ermöglichen  der Gefahr schnell und eindeutig zu erkennen 
Da Rettungsschilder ohnehin in Grün vorgeschrieben sind, ist  die Farbe Grün für die Rettungszeichenleuchten über dem Notausgang zu empfehlen.	Rettungsschild		Schild,Sicherheitsschild	Brandschutzschild,Gebotsschild,Verbotsschild,Warnschild	da Rettungsschild ohnehin in grüne vorschreiben sein  werden für der Beleuchtung der Rettungszeichen über der Notausgang der Farbe grün empfehlen 
Ein Sicherheitszeichen ist ein Zeichen, das durch Kombination von geometrischer Form und Farbe sowie graphischem Symbol eine bestimmte Sicherheits- und Gesundheitsschutzaussage ermöglicht.	graphisch Symbol	Gefahrenpiktogramm			ein Sicherheitskennzeichnung sein ein Zeichen  der durch der Kombination ein geometrisch Form  ein Farbe und ein graphisch Symbol ein spezifisch Angabe zu Thema Sicherheit und  oder Gesundheit vermitteln 
Um die drohende Gefahr oder gewünschte sichere Verhaltensweise möglichst sinnfällig auf dem Sicherheitszeichen darzustellen, wird häufig ein Symbol  verwendet. Die lodernde Flamme symbolisiert zum Beispiel einen feuergefährlichen Stoff; das Ausrufezeichen gilt als Symbol der Gefahr.	Symbol	Gefahrenpiktogramm			um auf der Sicherheitsschild der drohend Gefahr oder der gewünscht sicher verhalten so aussagekräftig wie möglich darstellen  werden häufig ein Symbol verwenden  der Flamme beispielsweise symbolisieren ein brennbar Stoff  der Ausrufezeichen gelten als Gefahrenpiktogramm 
Es werden Farben gezielt für die Arbeitssicherheit eingesetzt. In den meisten Fällen werden den verwendeten Grundfarben entsprechende Kontrastfarben zugeordnet, um die zu übermittelnde Botschaft besser erkennbar zu machen	Kontrastfarbe			Sicherheitsfarbe	der Farbe werden gezielt für der Arbeitssicherheit einsetzen  in der meister Fall werden der verwendet Grundfarbe entsprechend Kontrastfarbe zuordnen  um der vermittelt Botschaft gut erkennbar zu machen 
Eigenmerkmale von Verbotszeichen sind: Form: rund, schwarzes Piktogramm auf weißem Grund, Rand und Querbalken (von links nach rechts in einem Neigungswinkel von 45° zur Horizontalen) rot (die Sicherheitsfarbe Rot muss mindestens 35% der Oberfläche des Zeichens ausmachen).	Querbalken		Verbotsschild		der wesentlich Merkmal von Verbotsschild sein  Form  rund  schwarz Piktogramm auf weiß Grund  rot Rand und rot Verbotsschild  von links nach rechts mit ein Neigungswinkel von 45 ° zu Horizontalen   der Sicherheitsfarbe Rot muss mindestens 35 % der Schildfläche einnehmen  
Eigenmerkmale von Verbotszeichen sind: Form: rund, schwarzes Piktogramm auf weißem Grund, Rand und Querbalken (von links nach rechts in einem Neigungswinkel von 45° zur Horizontalen) rot (die Sicherheitsfarbe Rot muss mindestens 35% der Oberfläche des Zeichens ausmachen).	Rand		Verbotsschild,Warnschild		der wesentlich Merkmal von Verbotsschild sein  Form  rund  schwarz Piktogramm auf weiß Grund  Rand und Querbalken  von links nach rechts mit ein Neigungswinkel von 45 ° zu Horizontalen  in Rot  der Sicherheitsfarbe Rot muss mindestens 35 % der Schildfläche einnehmen  
Bodenbeläge sind so auszuführen, dass sich keine Funken bilden können.	Funke		Zündquelle		Bodenbelag müssen so ausführen sein  dass kein Funke entstehen können 
Erst  wenn die Kontaktfläche groß wird, z. B. durch unprofilierte oder grob/großflächig profilierte Schuhsohlen, bei hoher Aufsetzgeschwindigkeit und geringer Aufsetzkraft (z. B. durch weiten Ausfallschritt) oder durch anderes Gleitmittel (z. B. Öl) erhöht sich das Rutschrisiko.	Rutschgefährdung,Rutschrisiko		Gefahr,Gefährdung,Risiko	Stolpergefährdung,Sturz und Absturzgefährdung,Sturz und Absturzrisiko	erst wenn der Kontaktfläche groß werden  etwa durch unprofiliert oder grobprofiliert Schuhsohle mit großflächig Auflage  bei hoch Aufprallgeschwindigkeit und gering Aufprallkraft  beispielsweise infolge ein lang Schritt  oder durch anderer Gleitmittel  beispielsweise Öl   steigen der Rutschgefährdung 
Bei Unfällen und Bränden mit brandfördernden Stoffen (Klasse 5) ist mit der Freisetzung von Aktivsauerstoff bzw. eines anderen oxidierend wirkenden Stoffes zu rechnen.	brandfördernd Stoff		Verbrennung,Verbrennungsvorgang	Brennstoff,Zündquelle,brennbar Stoff	bei Unfall und Brand mit brandfördernd Stoff  Klasse 5  sein der Freisetzung von aktiv Sauerstoff oder ein anderer oxidierend wirkend Substanz zu erwarten 
„Binnenschifffahrtsinformationsdienste (River Information Services – RIS)“ sind die harmonisierten Informationsdienste zur Unterstützung des Verkehrs- und Transportmanagements in der Binnenschifffahrt einschließlich – sofern technisch durchführbar – der Schnittstellen mit anderen Verkehrsträgern .	Binnenschifffahrt		Schifffahrt		„ Informationsdienst für der Binnenschifffahrt  River Information Services – RIS   sein harmonisiert Informationsdienst zu Unterstützung der Verkehr und Transportmanagement in der Binnenschifffahrt  einschließlich – soweit technisch machbar – der Schnittstelle zu anderer Verkehrsträger 
Bei dem muskelkraftbetriebenen Sportfahrzeug darf  die vom Hersteller angegebene höchste zulässige Anzahl der Sitzplätze nicht überschritten werden und muss für jeden Fahrgast und jedes Besatzungsmitglied ein Rettungsmittel  an Bord vorhanden sein.	Rettungsmittel		PSA,Schutzausrüstung,persönlich Schutzausrüstung		für der muskelbetrieben Sportfahrzeug dürfen der von Hersteller angegeben maximal Anzahl zugelassen Sitzplatz nicht überschreiten werden  und an Bord muss für jeder Passagier sowie für jeder Besatzungsmitglied ein Rettungsmittel vorhanden sein 
In der Galvanotechnik und in den Laboratorien ist die Installation leicht und schnell erreichbarer Notduschen und Augenduschen erforderlich. Die Duschen müssen eindeutig gekennzeichnet sein und der Zugang muss stets freigehalten werden.	Notdusche		Erste-Hilfe-Ausstattung		in Galvanisierungsbetrieb und Laboratorie müssen leicht und schnell erreichbar Notdusche und Augendusche installieren werden  der Dusche müssen deutlich kennzeichnen sein  und der Zugang zu ihnen muss stets frei halten werden 
In unmittelbarer Nähe von Turnhallen ist ein Erste-Hilfe-Raum mit einer Liege einzurichten.	Erste-Hilfe-Raum,Sanitätsraum			Krankenzimmer,Pflegeraum	in unmittelbar Nähe der Turnhalle sein ein Erste-Hilfe-Raum mit ein Behandlungstisch einrichten 
Die Betriebe der Gruppe C haben folgende Ausstattung: a) einen Verbandskasten an jedem Arbeitsort, der angemessen und an einem leicht zugänglichen Ort aufbewahrt wird und anhand einer geeigneten Kennzeichnung auffindbar ist, .	Verbandskasten		Erste-Hilfe-Ausstattung	Erste-Hilfe-Koffer	der Unternehmen der Gruppe C verfügen über folgend Ausstattung  a  ein Verbandskasten an jeder Arbeitsplatz  der angemessen aufbewahren und an ein leicht zugänglich Ort lagern werden  der durch entsprechend Kennzeichnung deutlich erkennbar sein 
Rettungstransportmittel, z. B. Krankentragen, dienen dem sachkundigen, schonenden Transport Verletzter vom Ort des Geschehens zur weiteren Versorgung.	Krankentrage	Schleifkorbtrage			der Rettungsmittel  wie etwa der Krankentrage  dienen der sachgerecht und schonend Transport von verletzter von Unfallort zu weit medizinisch Versorgung 
Wenn kein fließendes Wasser zur Verfügung steht, kann die mit Trinkwasser gespeiste Augennotdusche in Abweichung von den allgemeinen Regeln durch Augenspülflüssigkeiten ersetzt werden.	Augendusche,Augennotdusche		Augenspüleinrichtung	Augenspülflasche	falls kein fließend Wasser verfügbar sein  können ein mit Trinkwasser betrieben Augennotdusche abweichend von der allgemein Vorschrift durch Augenspüllösung ersetzen werden 
Für den Ernstfall wichtige Einrichtungen wie Brandschutztüren, Feuerlöscher, Brandmelder, Hydranten und Brandmeldetelefone durch Brandschutzschilder kennzeichnen.	Brandmeldetelefon			Notruftelefon	Wichtige Einrichtung für der Notfall  wie Brandschutztür  Feuerlöscher  Rauchmelder  Hydrant und Brandmeldetelefon  mit entsprechend Schild kennzeichnen 
Die rasche Beseitigung der von den Sprengstoffen verursachten Gasen, des Qualms und des Staubs ist durch künstliche Belüftung zu bewirken .	künstlich Belüftung		Lüftung		der rasch Entfernung von Gas  Rauch und Staub  der durch Sprengstoff verursachen werden  muss durch künstlich Belüftung erfolgen 
Mitarbeiter, die sich über Stunden unter schlechten klimatischen Bedingungen in geschlossenen Räumen aufhalten, leiden häufig unter Beschwerden wie Kopfschmerzen, mangelnder Konzentrationsfähigkeit oder Übelkeit.	geschlossen Raum			teilweise geschlossen Raum	Mitarbeiter  der stundenlang in geschlossen Raum unter ungünstig klimatisch Bedingung verweilen  leiden häufig unter Beschwerde wie Kopfschmerz  vermindert Konzentrationsfähigkeit oder Übelkeit 
Tätigkeiten im Kältebereich oder im Hitzebereich sind auf das absolute Mindestmaß zu begrenzen. Personen, die sich in diesen Bereichen aufhalten, müssen in die Pflichtvorsorge  aufgenommen werden.	Kältebereich,Kälteumgebung			heiß Umgebung,warm Umgebung	Tätigkeit in ein Kältebereich oder in ein heiß Umgebung müssen auf der unbedingt erforderlich Maß beschränken werden  Person  der sich in solcher Umgebung aufhalten  müssen in der obligatorisch arbeitsmedizinisch Überwachung einbeziehen werden 
Ein Brandverlauf kann in Phasen, die sich durch unterschiedliche Charakteristika bezüglich Brandausdehnung, Temperatur und Rauchentwicklung unterscheiden, gegliedert werden.	Brandverlauf	Abklingphase,Anfangsphase der Brand,Entstehungsbrandphase,Vollbrandphase			der Brandverlauf können in Phase unterteilen werden  der sich hinsichtlich der Ausmaß der Brand  der Temperatur und der Rauchentwicklung durch unterschiedlich Merkmal unterscheiden 
Ist das Betreiben einer Werkzeugmaschine mit einem hohen Brandrisiko und mit der Gefahr von nachfolgenden Metallbränden verbunden, sind integrierte Brandmelde- und Löscheinrichtungen vorzusehen .	Metallbrand		Brand,Brandstiftung		falls der Betrieb ein Werkzeugmaschine mit ein hoch Brandrisiko und der Gefahr nachfolgend Metallbrand verbinden sein  müssen integriert Brandmelde und Löschanlage vorsehen werden 
Die Entwicklung eines Feststoffbrands erfolgt typischer Weise in der Reihenfolge Entstehungs-, Ausbreitungs-, Vollbrand- und Abklingphase.	Abklingen,Abklingphase		Brandverlauf	Anfangsphase der Brand,Entstehungsbrandphase,Entstehungsphase,Vollbrand,Vollbrandphase,Zündphase,voll entwickelt Brand	der Entwicklung ein Feststoffbrand verlaufen typischerweise in der Abfolge der Zündphase  der Ausbreitungsphase  der Vollbrand und der Abklingphase 
In der Brandklasse B werden Brände von flüssigen oder flüssig werdenden Stoffen zusammengefasst, die unter reiner Flammenbildung verbrennen. Dazu gehören unter anderem Benzin, Benzol, Heizöl, Diesel, Alkohol, Teer, Wachs, Farben, Lacke, Lösungsmittel, Aceton, Ether, Harz sowie viele Kunststoffe.	Brand von flüssig oder flüssig werdend Stoff		Brand,Brandstiftung		zu Brandklasse B gehören Brand von Flüssigkeit oder schmelzbar Feststoff  der mit rein Flammenbildung brennen  hierzu zählen unter anderer Benzin  Benzol  Heizöl  Diesel  Alkohol  Teer  Wachs  Farbe  Lack  Lösungsmittel  Aceton  Äther  Harz sowie zahlreich Kunststoff 
Druckbelüftungsanlagen müssen im Brandfall automatisch auslösen. Sie dürfen auch zusätzlich über eine automatische Brandmeldeanlage ausgelöst werden können.	automatisch Brandmeldeanlage		Brandschutzanlage,Löschanlage		Rauchschutzdruckanlage müssen in Brandfall automatisch aktivieren werden  sie können zusätzlich auch über ein automatisch Brandmeldeanlage aktivieren werden 
Falls Wände Teil einer baulichen Brandabschnittstrennung sind , müssen sie die Anforderungen an Brandwände erfüllen . Sie müssen dann u. a.: aus Baustoffen der Baustoffklasse A  bestehen; mindestens feuerbeständig  sein.	Brandabschnittstrennung		Brandschutzmaßnahme		Sofern der Wand Teil ein baulich Brandabschnittstrennung sein  müssen sie der Anforderung an Brandwand erfüllen  sie müssen daher unter anderer aus Baustoff der Klasse A bestehen und mindestens feuerbeständig sein 
Der technisch bedingte Hintergrundlärm in einem Büroraum wird in der Regel durch Klimaanlagen und EDV-Geräte erzeugt.	Hintergrundlärm		Geräusch,Lärm		der technisch bedingt Hintergrundlärm in ein Büro werden üblicherweise durch Klimaanlage und EDV-Gerät verursachen 
Eine Aufnahme von Wirkstoffen über die benetzte Haut ist  möglich, unter den praktischen Rahmenbedingungen (übliche Expositionsintensität und -dauer) der Flächendesinfektion sind allerdings systemische Wirkungen im Sinne von Organschäden oder neurologischen Defekten unwahrscheinlich .	Expositionsausmaß,Expositionsintensität		Exposition	Einwirkdauer,Einwirkungsdauer,Expositionsart,Expositionsdauer,Expositionswert	der Aufnahme von Wirkstoff über der feucht Haut sein zwar möglich  jedoch sein bei der praktisch Bedingung  üblich Expositionsintensität und dauer  der Flächendesinfektion systemisch Wirkung in Form von Organschaden oder neurologisch Beeinträchtigung unwahrscheinlich 
Bei Arbeiten im Apothekenlaboratorium, wie beispielsweise der Prüfung von Ausgangsstoffen, werden gefährliche Stoffe in geringen Mengen verwendet. Die chemischen Expositionsrisiken sind bei automatisierten Verfahren sehr gering, bei manuellen Verfahren können sie aufgrund des möglichen Expositionsausmaßes relevant sein.	Expositionsausmaß,Expositionsintensität		Exposition	Einwirkdauer,Einwirkungsdauer,Expositionsart,Expositionsdauer,Expositionswert	bei der Ausübung von Tätigkeit in pharmazeutisch Labor  wie etwa der Prüfung von Rohstoff  werden gefährlich Stoff in gering Menge verwenden  der Risiko ein chemisch Exposition sein bei automatisiert Prozeß sehr gering  während sie bei manuell Prozeß aufgrund der möglich Expositionsintensität erheblich sein können 
Bei der Ermittlung der Expositionswerte bei Vibrationsbelastung wird auf einen Beurteilungszeitraum von 8 h normiert.	Expositionswert	Lärmexpositionspegel	Exposition	Einwirkdauer,Einwirkungsdauer,Expositionsart,Expositionsausmaß,Expositionsdauer,Expositionsintensität	bei der Ermittlung der Expositionswert in Fall ein Exposition gegenüber Vibration werden auf ein Beurteilungszeitraum von 8 Stunde normieren 
Eine Betriebsbegehung zur Kontrolle der Brandschutzmaßnahmen – auf Basis der Risikobeurteilung – sollte regelmäßig, mindestens jedoch in Abständen von zwei Jahren, durchgeführt werden.	Brandschutzmaßnahme	Brandabschnittstrennung			ein Betriebsbegehung zu Überprüfung der Brandschutzmaßnahme – auf Grundlage der Gefährdungsbeurteilung – sollen regelmäßig  mindestens jedoch in Abstand von zwei Jahr durchführen werden 
Können Gesundheitsbeeinträchtigungen durch technische oder organisatorische Massnahmen nicht oder nicht vollständig ausgeschlossen werden, so muss der Arbeitgeber den Arbeitnehmern zumutbare und wirksame persönliche Schutzausrüstungen zur Verfügung stellen.	organisatorisch Massnahme			technisch Massnahme	falls Gesundheitsbeeinträchtigung nicht ausschließen werden können oder nicht vollständig durch technisch Massnahme oder organisatorisch Massnahme ausschließen werden können  muss der Arbeitgeber der Arbeitnehmer geeignet und wirksam persönlich Schutzausrüstung zu Verfügung stellen 
Für Arbeitnehmer, welche Arbeitsstoffen ausgesetzt sind, für die ein biologischer Arbeitsstofftoleranzwert festgesetzt ist, ist die biologische Überwachung verpflichtend.	biologisch Arbeitsstofftoleranzwert		Grenzwert		für Arbeitnehmer  der Substanz aussetzen sein  für der ein biologisch Arbeitsstofftoleranzwert festlegen werden  sein ein biologisch Überwachung obligatorisch 
Nach der Sprengung ist es notwendig, mindestens 15 Minuten nach der letzten Detonation abzuwarten, bevor der Sprengmeister und der Schichtführer zum Abbaufront zurückkehren; wegen der Explosionsgase ist immer Erstickungsgefahr zu befürchten.	Erstickungsgefahr		Gefahr		nach der Schuss muss nach der letzter Detonation mindestens 15 Minute warten werden  bevor der Sprengmeister und der Truppführer zu Fällbereich zurückkehren  da aufgrund der Explosionsgas stets Erstickungsgefahr bestehen 
Schweiß- und Schneidarbeiten unter Druckluft erhöhen die Brandgefahr sowie die Vergiftungsgefahr durch Schweißrauche.	Intoxikationsgefahr,Vergiftungsgefahr		Gefahr		Schweiß und Schneidarbeit unter Druckluft erhöhen der Brandgefahr sowie der Intoxikationsgefahr durch Schweißrauch 
Für diejenigen, die sich für längere Zeit im Tunnel aufhalten müssen, stehen einige Bezugselemente zur Verfügung, die eine Garantien zum Schutz ihrer Gesundheit bieten. Diese Bezugselemente bestehen aus einer Reihe von Grenzwerten (genannt TLV) für jede potenziell eingeatmete Substanz.	TLV	TLV-STEL,TLV-TWA			für Person  der sich über ein lang Zeitraum in Tunnel aufhalten müssen  stehen Richtwert zu Verfügung  der der Schutz ihr Gesundheit gewährleisten  dieser Richtwert bestehen aus ein Reihe von Grenzwert  TLV-STEL  für jeder potenziell einatembar Substanz 
Chemikalien werden nach ihrer Giftigkeit in drei Gruppen eingeteilt: sehr giftige (T+); giftige (T) und gesundheitsschädliche Chemikalien (Xn).	Giftigkeit,Toxizität	akut Toxizität,chronisch Toxizität			Chemische Stoff werden entsprechend ihr Giftigkeit in drei Gruppe einteilen  sehr giftig chemisch Stoff  T+   giftig chemisch Stoff  T  und gesundheitsschädlich chemisch Stoff  Xn  
Soweit Arbeitsstoffe noch entsprechend ihren Eigenschaften im Sinne des § 3 ChemG 1996 eingestuft oder gekennzeichnet sind, gelten für sie auch jene Bedienstetenschutzvorschriften, die bereits auf die entsprechende Gefahrenkategorie nach der CLP-Verordnung abstellen .	Gefahrenkategorie		Gefahrenklasse		soweit Arbeitsstoff noch gemäß ihr Eigenschaft nach § 3 ChemG 1996 einstufen oder kennzeichnen sein  gelten für dieser auch jener Bestimmung zu Schutz der Arbeitnehmer  der sich bereits auf der entsprechend Gefahrenkategorie gemäß der CLP-Verordnung beziehen 
Die Durchführung von Instruktionskursen und Evakuierungsübungen mit allen betroffenen Gebäudenutzern ist gemäss den gesetzlichen Vorschriften ­gerade bei Gebäuden, von denen eine besondere Gefährdung ausgeht, peri­odisch und unter Anleitung des SIBE Sicherheitsbeauftragten zu ­organisieren.	Evakuierungsübung			Brandschutzübung	der Durchführung von Schulungskurs und Evakuierungsübung mit aller betroffen Gebäudenutzer sein periodisch und unter der Leitung der SIBE-Sicherheitsverantwortliche gemäss der gesetzlich Bestimmung zu organisieren  insbesondere für Gebäude  von der ein besonderer Gefahr ausgehen 
Als Räumungssignal dienen die Sirenen der Brandmeldeanlage. Daraufhin erfolgt eine automatisierte Durchsage über Lautsprecher, welche die notwendige Räumung des Gebäudes ankündigt.	Evakuierungssignal,Räumungssignal	Dauerton			als Räumungssignal dienen der Sirene der Brandmeldeanlage  anschließend werden über Lautsprecher ein automatisiert Durchsage verbreiten  der der notwendig Evakuierung der Gebäude bekannt geben 
Es empfiehlt  sich, für die Alarmierung der Bevölkerung im Notstandsfall landesweit nur das einheitliche Zivilschutzsignal „Alarm“ mit einem einminütigen auf- und abschwellenden Heulton zu verwenden.	auf und abschwellend Heulton		Evakuierungssignal,Räumungssignal	Dauerton	es werden empfehlen  auf national Ebene zu Warnung der Bevölkerung in Katastrophenfall ausschließlich der einheitlich Zivilschutzsignal  Alarm  mit ein auf und abschwellend Heulton zu verwenden 
Das Arbeitsprogramm beinhaltet einen Notfallplan sowie Angaben über die Arbeitsweisen, die persönlichen Schutzausrüstungen, die Techniken und Arbeitsverfahren, die Verankerungen, die Positionierung des Arbeiters, die Zugänge, die Arbeitstrupps und die Werkzeuge .	Evakuierungsplan,Notfall und Evakuierungsplan,Notfallplan	Räumungsplan			der Arbeitsprogramm umfassen ein Notfall und Evakuierungsplan sowie Angabe zu der Arbeitsmethode  der persönlich Schutzausrüstung  der Arbeitstechnik und -verfahren  der Anschlagmittel  der Positionierung der Arbeitnehmer  der Zugangsweg  der Arbeitstrupp und der Werkzeug 
Der Auftragnehmer und das ihn vertretende Personal nehmen den Lageplan des Gebäudes, den Verlauf der Fluchtwege und den Evakuierungsplan zur Kenntnis.	Evakuierungsplan,Notfall und Evakuierungsplan,Notfallplan	Räumungsplan			der Auftragnehmer und der von ihm bevollmächtigt Personal nehmen der Grundriss der Gebäude  der Verlauf der Fluchtweg sowie der Notfall und Evakuierungsplan zu Kenntnis 
Die Betriebe der Gruppe A und B haben folgende Ausstattung: a) einen Erste-Hilfe-Koffer an jedem Arbeitsort, der angemessen und an einem leicht zugänglichen Ort aufbewahrt wird und anhand einer geeigneten Kennzeichnung auffindbar ist, .	Erste-Hilfe-Koffer		Erste-Hilfe-Ausstattung	Verbandskasten	der Betrieb der Gruppe A und B müssen mit folgend Einrichtung ausstatten sein  a  ein Erste-Hilfe-Koffer an jeder Arbeitsplatz  der der Anforderung entsprechen und an ein leicht zugänglich Ort aufbewahren werden  der durch entsprechend Beschilderung deutlich kennzeichnen sein 
Im Jahr 2004 wurden 82 Untersuchungen von schweren und tödlichen Arbeitsunfällen durchgeführt. Die häufigsten Unfallursachen waren Stürze aus großer Höhe oder Verletzungen bei der Verwendung von Maschinen oder Werkzeugen.	Unfallursache	gewaltsam Ursache			in Jahr 2004 werden 82 Ermittlung zu schwer und tödlich Arbeitsunfall durchführen  der häufig Unfallursache sein Stürz aus groß Höhe oder Verletzung infolge der Verwendung von Maschine oder Werkzeug 
Stellteile müssen so gestaltet sein, dass unter Berücksichtigung ergonomischer Prinzipien ihre Anordnung, ihre Bewegungsrichtung und ihr Betätigungswiderstand mit der Steuerwirkung kompatibel sind.	Stellteil	Not-Halt-Befehlsgerät,Not-Halt-Gerät			der Not-Halt-Befehlsgerät müssen so gestalten sein  dass ihr Anordnung  ihr Bewegungsrichtung und ihr Betätigungswiderstand unter Berücksichtigung ergonomisch Grundsatz mit der Steuerwirkung vereinbar sein 
Bei der Kontrollinspektion muß der Arbeitsinspektor sowohl die Abänderungsprojekte prüfen, als auch die Abnahmen der Änderungen an den Maschinen, Anlagen und Einrichtungen durchführen.	Kontrollinspektion		Augenschein,Inspektion		in Rahmen ein Kontrollinspektion haben der Arbeitsinspektor sowohl der Änderungsplan zu prüfen als auch der Genehmigung für Änderung an Maschine  Anlage und Gerät zu erteilen 
Die Risikostufe wird nicht aufgrund des Vorhandenseins von einzelnen Indikatoren der Bereiche Arbeitsinhalt und Arbeitskontext bewertet, sondern in ihrer Gesamtheit.	Risikoklasse,Risikostufe	gering Risiko,mittlerer Risiko,niedrig Risiko			der Risikostufe werden nicht auf Grundlage einzeln Indikator in der Bereich Arbeitsinhalt und Arbeitsumfeld bewerten  sondern unter Berücksichtigung ihr Gesamtheit 
Die aktiven Teile elektrischer Anlagen und Betriebsmittel müssen entsprechend ihrer Spannung, Frequenz, Verwendungsart und ihrem Betriebsort durch Isolierung, Lage, Anordnung oder festangebrachte Einrichtungen gegen direktes Berühren geschützt sein.	aktiv Teil	ungeschützt aktiv Teil,unter Spannung stehend aktiv Teil			unter Spannung stehend aktiv Teil von elektrisch Anlage und Betriebsmittel müssen je nach ihr Spannung  Frequenz  Art der Verwendung und der Einsatzort durch Isolierung  Lage  Anordnung oder fest installiert Schutzeinrichtung gegen direkt berühren schützen sein 
Bei Stromunfällen im Niederspannungsbereich kommt es häufig zu einem mechanischen Zusammenziehen der Muskulatur (Klebenbleiben). Dabei kann es zu Muskel- und Sehnenabrissen sowie Zerrungen kommen. Durch Schreckreaktionen sind Sekundärunfälle, z. B. Sturz von der Leiter, häufig.	Sekundärunfall		Unfall		bei elektrisch Unfall mit Niederspannung kommen es häufig zu ein mechanisch Muskelkontraktion  Verkrampfung   dieser können zu Muskel und Sehnenriß sowie zu Zerrung führen  aufgrund von Schreckreaktion sein Sekundärunfall  wie etwa Stürz von Leiter  häufig 
Der Basisschutz soll sicher stellen, dass Personen und Nutztiere aktive Teile unter normalen Betriebsbedingungen nicht berühren können, wenn die Nennspannungen über 25 Effektivwert Wechselspannung bzw. 60 V Gleichspannung betragen.	Basisschutz,Schutz gegen direkt Berühren			Fehlerschutz,Schutz bei indirekt Berühren	der Schutz gegen direkt Berühren muss gewährleisten  dass Person und Nutztier unter normal Betriebsbedingung kein aktiv Teil berühren können  sofern der Nennspannung 25 V bei Wechselstrom  Effektivwert  oder 60 V bei Gleichstrom überschreiten 
Bevorzugt sind Fehlerstrom-Schutzeinrichtungen für den Fehlerschutz einzusetzen. Alternativ dürfen Überstrom-Schutzeinrichtungen für den Fehlerschutz verwendet werden.	Fehlerschutz,Schutz bei indirekt Berühren			Basisschutz,Schutz gegen direkt Berühren	vorzugsweise sein Fehlerstrom-Schutzeinrichtung zu Schutz bei indirekt Berühren einsetzen  Alternativ können Überstrom-Schutzeinrichtung zu Fehlerschutz verwenden werden 
Die Schutzklassen dienen dazu Betriebsmittel / Geräte in Bezug auf ihren Schutz vor elektrischem Schlag zu beurteilen und einzuteilen.	Schutzklasse	Schutzklasse I,Schutzklasse II,Schutzklasse III			der Schutzklasse dienen der Bewertung und Einstufung von Produktionsmittel bzw. Gerät hinsichtlich ihr Schutz gegen elektrisch Schlag 
Bei Berührung von stromführenden Teilen kommt es zu einem Stromunfall, wenn ein geschlossener Stromkreis entsteht.	Elektrounfall,Stromunfall		Unfall		bei Kontakt mit unter Spannung stehend Teil liegen ein Stromunfall vor  sofern ein geschlossen Stromkreis entstehen 
Bei den unmittelbaren (direkten) Auswirkungen ist grundsätzlich zu unterscheiden zwischen akuten und chronischen Wirkungen von Vibrationen.	direkt Auswirkung,unmittelbar Auswirkung,unmittelbar Wirkung	akut Wirkung,chronisch Wirkung		indirekt Auswirkung,mittelbar Auswirkung,mittelbar Wirkung	hinsichtlich der unmittelbar Auswirkung sein grundsätzlich zwischen akut und chronisch Wirkung von Vibration zu unterscheiden 
Wer ständig mit einem Stemmhammer arbeitet, für den sollten Antivibrationshandschuhe zur Grundausstattung gehören.	Antivibrationshandschuh		Schutzhandschuh		wer regelmäßig mit ein Presslufthammer arbeiten  sollen Antivibrationshandschuh als Teil der Grundausrüstung verwenden 
Die Bewertung des Expositionswertes für Hand-Arm-Vibrationen erfolgt anhand der Berechnung des auf einen Bezugszeitraum von 8 Stunden normierten Tagesexpositionswertes A(8) .	A(8 ,Tagesexpositionswert,täglich Expositionspegel		Expositionswert für mechanisch Vibration		der Bewertung der Expositionswert für Vibration  der auf der Hand-Arm-System übertragen werden  erfolgen durch der Berechnung der Tagesexpositionswert A(8   normieren auf ein Bezugszeitraum von 8 Stunde 
Die PSAgA wird so eingesetzt, dass auch bei einem Wechsel der Anschlagpunkte ein ununterbrochener Schutz gegen Absturz besteht.	PSA gegen Absturz,PSAgA	Auffangsystem,Höhensicherungsgerät,Rückhaltesystem	PSA,Schutzausrüstung,persönlich Schutzausrüstung	Arbeitsplatzpositionierungssystem	der PSA gegen Absturz sein so einsetzen  dass ein durchgängig Schutz gegen Absturz gewährleisten sein  auch bei Wechsel der Anschlagpunkt 
Das Arbeitsseil ist mit sicheren Mitteln für das Aufsteigen und Abseilen zu versehen; es ist mit einem selbstblockierenden System zu versehen, welches den Absturz verhindert, falls der Benutzer die Kontrolle über die eigenen Bewegungen verliert.	Arbeitsseil		Seil	Sicherheitsseil	der Arbeitsseil muss mit sicher Vorrichtung zu auf- und absteigen ausstatten sein  es muss über ein selbsthemmend System verfügen  der ein Absturz verhindern  falls der Benutzer der Kontrolle über sein Bewegung verlieren 
Das Sicherheitsseil ist mit einer beweglichen Absturzsicherung zu versehen, welche mit den Bewegungen des Arbeitnehmers mitläuft.	Sicherheitsseil		Seil	Arbeitsseil	der Sicherheitsseil muss mit ein mobil Absturzschutzgerät ausstatten sein  der der Bewegung der Arbeitnehmer folgen 
Im Gegensatz zu betretbaren Verglasungen ist für durchsturzsichere Verglasungen statisch keine vertikale Nutzlast für die Bemessung der Verglasung zu berücksichtigen.	durchsturzsicher			bedingt begehbar,begehbar,betretbar,nicht durchsturzsicher	in Gegensatz zu begehbar Glasfläche muss bei durchsturzsicher Glas bei der statisch Bemessung kein vertikal Nutzlast berücksichtigen werden 
Das Strassenverkehrsamt des Kantons Graubünden ordnete am 30. September 2003 eine Untersuchung zur Abklärung einer allfälligen Alkoholabhängigkeit bei den Psychiatrischen Diensten Graubünden an und entzog X. den Führerausweis vorsorglich für unbestimmte Zeit.	Alkoholabhängigkeit		Alkoholismus	Alkoholmissbrauch	der Strassenverkehrsbehörde der Kanton Graubünden ordnen an 30. September 2003 ein Untersuchung zu Abklärung ein möglich Alkoholabhängigkeit bei der Psychiatrischen Dienst Graubünden an und entziegen X. vorsorglich und auf unbestimmt Zeit der Führerausweis 
Das Arbeitsinspektorat führt Ermittlungen zu beruflichen Risiken, Maßnahmen zur Aufklärung und Gesundheitserziehung für die Arbeitnehmer und Arbeitgeber durch und überwacht die Einhaltung der gesetzlichen Vorschriften im Gesundheitsbereich zugunsten der Gesundheit der Arbeitnehmer.	Arbeitsinspektorat,Ärztliches Arbeitsinspektorat		Betrieblicher Dienst für Arbeitsmedizin,Dienst für Arbeitsmedizin	Klinische Sektion der Dienst für Arbeitsmedizin,klinisch Bereich für Arbeitsmedizin	der Ärztliche Arbeitsinspektorat führen Untersuchung zu beruflich Risiko durch  erbringen Information und Gesundheitserziehungsleistung für Arbeitnehmer und Arbeitgeber und überwachen der Einhaltung der gesetzlich Bestimmung in Gesundheitsbereich zu Schutz der Gesundheit der Arbeitnehmer 
Glastreppen und begehbare Verglasungen dürfen ausschließlich durch planmäßigen Personenverkehr bei üblicher Nutzung und mit einer lotrechten Nutzlast von höchstens 5 kN/m² belastet werden.	begehbar			bedingt begehbar,betretbar,durchsturzsicher,nicht durchsturzsicher	Glasleiter und durchsturzsicher Glasfläche dürfen ausschließlich durch der in Rahmen der normal Nutzung vorgesehen Fußgängerverkehr belasten werden  wobei ein maximal vertikal Nutzlast von 5 kN  m² zulässig sein 
Bei der Verwendung von Arbeitsmitteln müssen mechanische Gefährdungen durch konstruktive Maßnahmen vermieden oder minimiert sein.	mechanisch Gefährdung		physikalisch Gefährdung,physikalisch Risiko	Blaulichtgefährdung,Blue Light Hazard,Lärmgefährdung,Lärmrisiko,Vibrationsgefährdung,Vibrationsrisiko,elektrisch Gefährdung,elektrisch Risiko,thermisch Gefährdung,thermisch Risiko	bei der Verwendung von Arbeitsmittel müssen mechanisch Gefährdung durch konstruktiv Maßnahme vermeiden oder auf ein Mindestmaß reduzieren werden 
Es sind alle direkten Wirkungen zu bewerten (Gewebeerwärmung, Nerven- oder Muskelreizung), sowie alle indirekten Wirkungen wie z. B. die Beeinflussung von aktiven medizinischen Implantaten, die Projektilwirkung im Magnetfeld oder die Erwärmung von am oder im Körper getragenen Metallteilen.	Magnetfeld,magnetisch Feld		EMF,elektromagnetisch Feld	elektrisch Feld	es sein aller direkt Auswirkung  Gewebeerwärmung  Nerve oder Muskelstimulation  sowie aller indirekt Auswirkung  wie beispielsweise der Beeinflussung aktiv medizinisch Implantat  der Projektileffekt in Magnetfeld oder der Erwärmung von an Körper getragen oder in Körper befindlich Metallteil  zu bewerten 
Der Arbeitnehmer wird in einem Zeitabstand von höchstens zwei Jahren einer periodischen Untersuchung unterzogen, um die Eignung für die risikobehaftete Tätigkeit zu bestätigen.	risikobehaftet Tätigkeit		Aufgabe		der Arbeitnehmer muss sich in regelmäßig Abstand  jedoch spätestens aller zwei Jahr  ein ärztlich Untersuchung unterziehen  um sein Eignung für der risikobehaftet Tätigkeit feststellen 
Üblicherweise liegen die Alarmschwellen bei Überwachung brennbarer Gase zwischen 10 % und 40 % der UEG. Alarmschwellen oberhalb 40 % der UEG sollten nicht eingestellt werden.	UEG,unterer Explosionsgrenze		Explosionsgrenze	OEG,oberer Explosionsgrenze	in der Regel liegen der Alarmgrenzwert für der Überwachung brennbar Gas zwischen 10 % und 40 % der unterer Explosionsgrenze  Alarmgrenzwert  der über 40 % der unterer Explosionsgrenze liegen  dürfen nicht festlegen werden 
Arbeitnehmer in Abfüllräumen müssen antistatische Kleidung, elektrostatisch leitfähige Schuhe sowie geeigneten Augenschutz und Schutzhandschuhe tragen und ausschließlich nicht funkenziehendes Werkzeug verwenden.	antistatisch Kleidung,antistatisch Schutzkleidung		Schutzkleidung	Chemikalienschutzkleidung,Hitzeschutzkleidung,Kälteschutzkleidung,Schweißerschutzkleidung,Strahlenschutzkleidung,UV-Schutzbekleidung,UV-Schutzkleidung,Warnkleidung,Wetterschutzkleidung	Arbeitnehmer in der Abfüllraum müssen antistatisch Kleidung  elektrostatisch ableitfähig Schuh sowie ein geeignet Augenschutz und Schutzhandschuh tragen und ausschließlich funkenfrei Werkzeug verwenden 
Fußschutz ist immer dann geboten, wenn mit Gefährdungen zu rechnen ist durch Stoßen, Einklemmen, umfallende, herabfallende oder abrollende Gegenstände, Hineintreten in spitze Gegenstände, heiße oder ätzende Flüssigkeiten bzw. andere gesundheitsgefährdende Umgebungseinflüsse.	Fußschutz,Fußschutzausrüstung	Berufsschuh,Schutzschuh,Sicherheitsschuh	PSA,Schutzausrüstung,persönlich Schutzausrüstung		Fußschutz sein stets vorschreiben  wenn Gefahr durch Stoß  Quetschung  herabfallend  rollend oder umstürzend Gegenstand  der Betreten von spitz Gegenständ  heiß oder ätzend Flüssigkeit oder anderer gesundheitsschädlich Umwelteinfluß zu erwarten sein 
Die Auswahl eines geeigneten Fussschutzes richtet sich hauptsächlich nach den voraussehbaren Gefahren und dem Einsatzort.	Fussschutz	Berufsschuh,Schutzschuh,Sicherheitsschuh	PSA,Schutzausrüstung,persönlich Schutzausrüstung		der Auswahl ein geeignet Fussschutz basieren hauptsächlich auf der vorhersehbar Gefahr und der Einsatzort 
Der Sicherungsposten hat mit den im Schacht oder umschlossenen Raum tätigen Versicherten ständige Verbindung zu halten.	ständig Verbindung	Ruf und Sichtverbindung,Verbindung über anderer Mittel			der Sicherheitsbeauftragter muss ein ständig Verbindung zu der in Schacht oder in der abgeschlossen Raum tätig versicherter aufrechterhalten 
Arbeitsmittel müssen mit einer Not-Halt-Einrichtung versehen sein ausser bei Arbeitsmitteln, an denen eine Not-Halt- Einrichtung das Risiko nicht verringern würde und bei von Hand gehaltenen bzw. handgeführten Arbeitsmitteln.	Not-Halt-Einrichtung		Schalteinrichtung		Arbeitsmittel müssen mit ein Not-Halt-Einrichtung ausrüsten sein  ausnehmen Arbeitsmittel  bei der ein Not-Halt-Einrichtung der Risiko nicht verringern werden  sowie handgehalten oder handgeführt Arbeitsmittel 
Der Arbeitgeber besorgt:  b) die Gewährleistung einer angemessenen Ausbildung der Arbeitnehmer mit Bezug auf die Arbeitsrisiken und die korrekte Durchführung der Tätigkeiten.	Arbeitsrisiko	Gesundheitsrisiko,Risiko für der Gesundheit,Risiko für der Sicherheit,Sicherheitsrisiko,organisationsbezogen Risiko	Gefahr,Gefährdung,Risiko		der Arbeitgeber haben dafür zu sorgen  b  dass der Arbeitnehmer ein angemessen Schulung in Hinblick auf der Arbeitsrisiko und der korrekt Ausführung der Tätigkeit erhalten 
Anstellleitern dienen in erster Linie als Zugangsmittel zu Arbeitsplätzen. Auf Anstellleitern sollte, wenn immer möglich, nicht gearbeitet werden.	Anstellleiter	Schiebeleiter,Steckleiter			Anstellleiter dienen in erster Linie als Zugangsmittel zu der Arbeitsplatz  auf Anstellleiter sollen  wenn möglich  nicht arbeiten werden 
Durch geeignete Schutzeinrichtungen und Schutzmaßnahmen ist dafür zu sorgen, dass bei der Benutzung von Stetigförderern, wie Becherwerken, Schüttelrinnen, Schwing-, Gurt- oder Kreisförderern eine Gefährdung der ArbeitnehmerInnen, insbesondere Quetsch- und Einzugsgefahren sowie die Gefahr des Einklemmens, wirksam verhindert werden.	Einzugsgefahr		mechanisch Gefahr	Quetschgefahr	durch geeignet Vorrichtung und Schutzmaßnahme muss sicherstellen werden  dass bei der Verwendung von kontinuierlich Fördersystem wie Becherwerk  Rinnenförderer  Vibrationsförderer  Bandförderer oder Kettenförderer Gefahr für Arbeitnehmer und Arbeitnehmerin  insbesondere Quetschgefahr und Einzugsgefahr sowie der Gefahr der Einklemmen  wirksam verhindern werden 
Ist die Erwerbsfähigkeit eingeschränkt oder wird ein Bediensteter als dienstunfähig erklärt, steht ihm unter bestimmten Voraussetzungen auch bereits in jüngeren Jahren eine Rente zu.	Erwerbsfähigkeit	allgemein Erwerbsfähigkeit,spezifisch Erwerbsfähigkeit			falls der allgemein Erwerbsfähigkeit einschränken sein oder ein bediensteter dienstunfähig erklären werden  stehen ihm unter bestimmt Voraussetzung auch in jung Jahr ein Rente zu 
Die vorliegende DGUV Information 203-082 erläutert die Schutzmaßnahmen für den Bereich der Batterieherstellung. Bei der Ableitung der erforderlichen Schutzmaßnahmen für einzelne Produktionsschritte ist das  inhalative Expositionsrisiko zu berücksichtigen.	Expositionsgefährdung,Expositionsrisiko	Expositionsrisiko gegenüber Asbestfaser			der vorliegend DGUV-Information 203 - 082 beschreiben der Schutzmaßnahme für der Bereich der Batterieherstellung  bei der Festlegung der für der einzeln Produktionsphase erforderlich Schutzmaßnahme sein der Expositionsrisiko zu berücksichtigen 
Die Stufen müssen rechteckige Form und ein konstantes Steigungsverhältnis aufweisen, und zwar nicht über 17 cm Stufenhöhe beziehungsweise unter 30 cm Stufenbreite.	Stufenhöhe,Tritthöhe		Stufe,Treppenstufe	Auftritt,Auftrittsfläche,Trittfläche	der Stufe müssen rechteckig formen sein und ein konstant Steigungsverhältnis aufweisen  wobei der Stufenhöhe 17 cm nicht überschreiten und der Auftrittsfläche 30 cm nicht unterschreiten dürfen 
Durch die Atemwege können Asbestfasern tief in die Lungen eindringen und schwere Lungenerkrankungen wie Asbestose, Lungenkrebs und Mesotheliom hervorrufen.	Asbestose		Berufskrankheit		über der Atemweg können Asbestfaser tief in der Lunge eindringen und schwer Lungenerkrankung wie Asbestose  Lungenkrebs und Mesotheliom verursachen 
Konstruktionsbedingt haben Mehrzweckleitern stets Steigschenkel, i. d. R. aus Aluminium, mit Sprossen.	Mehrzweckleiter	Mehrzweckleiter mit Gelenk,Stehleiter mit aufgesetzt Schiebeleiter,dreiteilig Mehrzweckleiter	Sprossenleiter,tragbar Leiter		aus konstruktiv Grund sein Mehrzweckleiter stets mit seitlich Holme  üblicherweise aus Aluminium  und Sprosse ausstatten 
Liegen die obersten Regalfächer über einer Höhe von 1,80 m, sind Tritthocker oder kleinere Stehleitern zu benutzen.	Tritthocker		Tritt,Trittleiter	Elefantenfuß,Rollhocker,Rolltritt,Treppentritt,tonnenförmig Tritt	falls sich der oberer Regalböden in ein Höhe von mehr als 1,80 m befinden  müssen Treppentritt oder klein Leiter verwenden werden 
Elektrische Gleichfelder dringen kaum in den menschlichen Körper ein. Vor allem magnetische Felder sowie elektrische Wechselfelder dringen aber ins Innere des Gewebes ein und induzieren elektrische Felder und Ströme.	elektrisch Feld		EMF,elektromagnetisch Feld	Magnetfeld,magnetisch Feld	statisch elektrisch Feld dringen kaum in der menschlich Körper ein  Magnetfeld und Wechselstromfeld hingegen dringen in der Gewebe ein und induzieren elektrisch Feld und Ströme 
Es muss zwischen der externen elektrischen Feldstärke Ee eines in der Umgebung auftretenden elektrischen Feldes und der internen elektrischen Feldstärke Ei, wie sie im Körper (in situ) infolge einer Exposition gegenüber der Umgebungsfeldstärke auftritt, unterschieden werden.	E,elektrisch Feldstärke			H,magnetisch Feldstärke	es sein zwischen der äußerer elektrisch Feldstärke Ee ein in der Umgebung vorhanden elektrisch Feld und der innerer elektrisch Feldstärke Ei zu unterscheiden  wie sie in Körper  in situ  infolge ein Exposition gegenüber der elektrisch Feldstärke der Umgebung auftreten 
"Regalleiter zum Verfahren (""verfahrbare Regalleitern"", auch ""Rollleitern"" genannt) sind am oberen Ende mit Fahrwerken (Rollen) ausgerüstet, welche auf am Regal angebrachten Führungsschienen laufen."	Rollleiter,verfahrbar Regalleiter		Anlegeleiter		Verfahrbare Regalleiter  auch als  Anlegeleiter  bezeichnen  sein an ihr oberer Ende mit Rolle ausstatten  der auf an der Regalanlage befestigt Führungsschiene gleiten 
Steckleitern sind für das Besteigen von Masten ohne feste Leitern vorgesehen.	Steckleiter		Anstellleiter		Steckleiter sein für der besteigen von Mast ohne fest installiert Leiter vorsehen 
Der Arbeitgeber  ergreift Hygienemaßnahmen, um die unbeabsichtigte Verbreitung eines biologischen Arbeitsstoffes außerhalb des Arbeitsplatzes zu verhindern oder auf das niedrigstmögliche Niveau zu senken und verwendet das  Symbol für biologische Risiken sowie sonstige geeignete Warnzeichen .	biologisch Risiko		Gefahr,Gefährdung,Risiko		der Arbeitgeber ergreifen Hygienemaßnahme  um der unbeabsichtigt Verbreitung ein biologisch Arbeitsstoff außerhalb der Arbeitsplatz zu verhindern oder auf der niedrigstmöglich Maß zu reduzieren  und verwenden der Symbol für biologisch Risiko sowie weit geeignet Warnsignal 
Am oberen Leiterende werden Hängeleitern gegen Aushängen gesichert; am unteren Leiterende zu benachbarten Bauteilen abgespannt.	Hängeleiter		Einfachleiter		an oberer Ende sein der Hängeleiter gegen ein aushängen sichern  während sie an unterer Ende an angrenzend Bauteil verankern sein 
Auf der Arbeitsstelle soll den Arbeitnehmern die Erste Hilfe gewährleistet werden; die verletzten Arbeitnehmer sollen durch den Einsatz eines Verkehrsmittels zum nähesten Krankenhaus befördert werden.	erster Hilfe			Ersthilfe	an Arbeitsplatz muss der Arbeitnehmer erster Hilfe leisten werden  verletzt Arbeitnehmer sein mit ein Transportmittel in der nächstgelegener Krankenhaus zu befördern 
Der Kläger ist Arbeiter des forsttechnischen Dienstes für Wildbach- und Lawinenverbauung. Die Beklagte veranstaltet unter anderem Lehrgänge zum Thema Höhenarbeit, Sicherheitstechnik und Arbeiten in absturzgefährdeten Bereichen.	Höhenarbeit	Arbeit an Seil,Höhenarbeit an Seil			der Kläger sein Arbeiter in forsttechnisch Dienst für der Sanierung von Gebirgswassereinzugsgebiet und der Lawinenprävention  der Beklagte organisieren unter anderer Schulungskurs zu Thema Höhenarbeit an Seil  Sicherheitstechnik und Arbeit in absturzgefährdet Bereich 
Absturz ist eine wesentliche Unfallursache. Auch im Tiefbau gibt es Arbeitsplätze mit Absturzgefährdungen, z. B. an Baugrubenkanten.	Absturzgefährdung,Absturzrisiko		Sturz und Absturzgefährdung,Sturz und Absturzrisiko	Sturzgefährdung,Sturzrisiko	Stürz sein ein wesentlich Unfallursache  auch in Bauwesen geben es Arbeitsplatz mit Absturzgefährdung  beispielsweise an der Rändern von Baugrube 
Fahrgerüste dürfen nur langsam und auf einem ebenen, tragfähigem und hindernisfreien Untergrund verfahren werden, da sonst Umsturzgefahr besteht. Beim Verfahren dürfen sich keine Personen auf dem Gerüst befinden.	Fahrgerüst,Rollgerüst,fahrbar Gerüst		mobil Gerüst		Fahrgerüst dürfen nur langsam und auf ein eben  tragfähig und hindernisfrei Fläche bewegen werden  da andernfalls der Gefahr der Umkippen bestehen  während der Bewegung dürfen sich kein Person auf der Gerüst befinden 
Einige Landesteile Südtirols haben eine hohe Radonbelastung; es ist deshalb wichtig, diesen Risikofaktor zu berücksichtigen und die notwendigen Vorsorge-, bzw. Sanierungsmaßnahmen umzusetzen.	Radonbelastung		Strahlenbelastung		einiger Gebiet Südtirol weisen ein hoch Radonbelastung auf  daher sein es wichtig  dieser Risikofaktor zu berücksichtigen und der erforderlich Prävention oder Sanierungsmaßnahme umsetzen 
Das Schutzsystem gegen Absturz muss direkt oder über einen Verbinder längs einer Führung oder Lebenslinie, an stabilen Punkten der fixen oder zeitweiligen Bauten, befestigt werden.	Verbinder	Karabiner,Karabinerhaken	Auffangsystem,Schutzsystem gegen Absturz	Auffanggurt,Falldämpfer	der Absturzschutzsystem muss direkt oder mittels ein Karabiner an ein Führungsschiene oder ein Lebensrettungsseil an stabil Punkt fest oder temporär Bauwerk befestigen werden 
Vor Beginn der Abbrucharbeiten oder der Arbeiten zur Entfernung von Asbest oder asbesthaltigen Materialien aus Gebäuden, Bauten, Geräten und Anlagen sowie Transportmitteln hat der Arbeitgeber einen Arbeitsplan aufzustellen  , der die zur Asbestsanierung angewandte Arbeitstechniken vorsehen muss.	Asbestsanierung,Beseitigung von Asbest,Entfernung von Asbest		Bonifizierung,Sanierung	Einhüllung,Einkapselung	vor Beginn der Abbrucharbeit oder der Asbestsanierung bzw. der Entfernung von asbesthaltig Materiali aus Gebäude  Bauwerk  Anlage und Einrichtung sowie aus Transportmittel haben der Arbeitgeber ein Arbeitsplan zu erstellen  der der für der Asbestsanierung angewandt Arbeitstechnik festlegen 
Vor Beginn der Abbrucharbeiten oder der Arbeiten zur Entfernung von Asbest oder asbesthaltigen Materialien aus Gebäuden, Bauten, Geräten und Anlagen sowie Transportmitteln hat der Arbeitgeber einen Arbeitsplan aufzustellen.	Asbestsanierung,Beseitigung von Asbest,Entfernung von Asbest		Bonifizierung,Sanierung	Einhüllung,Einkapselung	vor Beginn der Abbrucharbeit oder der Entfernung von Asbest oder asbesthaltig Materiali aus Gebäude  Bauwerk  Anlage und Einrichtung sowie aus Transportmittel haben der Arbeitgeber ein Arbeitsplan zu erstellen 
Eisige Stellen und eine damit verbundene Rutschgefahr gehörten zu den typischen Berufsrisiken eines Zeitungszustellers. Dieser habe daher selbst geeignete Maßnahmen zu treffen, um nicht zu Sturz zu kommen.	Berufsrisiko		Gefahr,Gefährdung,Risiko		Eisglatt Stelle und der daraus resultierend Rutschgefahr gehören zu der typisch Berufsrisiko ein Zeitungszusteller  dieser haben daher selbst geeignet Maßnahme zu ergreifen  um ein Sturz zu vermeiden 
Der Arbeitgeber  sowie die Führungskräfte  müssen  darüber wachen, dass die Arbeitnehmer, die der Gesundheitsüberwachungspflicht unterliegen, keiner spezifischen Aufgabe zugewiesen werden, ohne zuvor über die vorgeschriebene Eignungsbescheinigung zu verfügen .	Eignungsbescheinigung,Urteil über der Tauglichkeit	Eignung für der spezifisch Aufgabe,Tauglichkeit über der spezifisch Aufgabe,Untauglichkeit für der spezifisch Aufgabe			der Arbeitgeber und der Vorgesetzten haben dafür zu sorgen  dass Arbeitnehmer  der der Pflicht zu arbeitsmedizinisch Überwachung unterliegen  nicht mit bestimmt Aufgabe betrauen werden  ohne zuvor der vorgeschrieben Eignungsbescheinigung erhalten zu haben 
Urteil über die Tauglichkeit: tauglich; tauglich mit Vorgaben; tauglich mit Einschränkungen; vorübergehend untauglich; permanent untauglich.	Eignungsbescheinigung,Urteil über der Tauglichkeit	Eignung für der spezifisch Aufgabe,Tauglichkeit über der spezifisch Aufgabe,Untauglichkeit für der spezifisch Aufgabe			Urteil über der Tauglichkeit  tauglich  tauglich unter Auflage  tauglich mit Einschränkung  vorübergehend nicht tauglich  dauerhaft nicht tauglich 
Alleinarbeit liegt vor, wenn eine Person allein, außerhalb von Ruf- und Sichtverbindung zu anderen Personen Arbeiten ausführt.	Ruf und Sichtverbindung		ständig Verbindung	Verbindung über anderer Mittel	von Einzelarbeit sein der Rede  wenn ein Person Arbeit allein ausführen  ohne ständig Verbindung zu anderer Person 
Bei Hitzearbeiten muss Unterbekleidung aus Baumwolle, besser noch aus Wolle oder Spezialfasern getragen werden. Sie erhöht die Schutzwirkung der Hitzeschutzkleidung und verbessert den Tragekomfort.	Hitzeschutzkleidung		Schutzkleidung	Chemikalienschutzkleidung,Kälteschutzkleidung,Schweisserschutzkleidung,Strahlenschutzkleidung,Warnkleider,Wetterschutzkleidung,antistatisch Schutzkleidung	bei Schweissarbeit sein Baumwollunterwäsche  gut noch solcher aus Wolle oder Spezialfaser  zu tragen  dieser erhöhen der Schutzwirkung der Hitzeschutzkleidung und verbessern der Tragekomfort 
Rückhaltegurte dürfen benutzt werden, wenn Versicherte die Absturzkante nicht erreichen können oder bei Arbeiten auf Flächen mit nicht mehr als 45° Neigung gehalten oder beim Abrutschen gesichert werden, z. B. bei Arbeiten auf Böschungen, Dachflächen.	Rückhaltegurt			Haltegurt	Rückhaltegurt dürfen verwenden werden  wenn der Versicherten der Absturzkantenbereich nicht erreichen können  wenn sie bei Arbeit auf Fläche mit ein Neigung von nicht mehr als 45 ° sichern werden oder wenn sie gegen Abrutsche schützen werden  beispielsweise bei Arbeit an Böschung oder auf Dachfläche 
Für die Ausübung des Rechts auf Bürgerzugang gelten weiterhin die Voraussetzungen, die Modalitäten und die Einschränkungen, wie sie mit gesetzesvertretendem Dekret vom 14. März 2013, Nr. 33, geregelt sind.	Bürgerzugang,Recht auf Bürgerzugang	allgemein Bürgerzugang,einfach Bürgerzugang			für der Ausübung der Bürgerzugang gelten weiterhin der Voraussetzung  Modalität und Beschränkung gemäß der Legislativdekret von 14. März 2013  Nr. 33.
Das öffentliche Interesse ist bei Verarbeitungen relevant, die von Personen durchgeführt werden, welche Aufgaben im öffentlichen Interesse oder in Ausübung öffentlicher Gewalt in folgenden Bereichen wahrnehmen: a) Zugang zu Verwaltungsunterlagen und Bürgerzugang, .	Bürgerzugang,Recht auf Bürgerzugang	allgemein Bürgerzugang,einfach Bürgerzugang			der öffentlich Interesse sein bei der Verarbeitung durch Person  der Aufgabe von öffentlich Interesse wahrnehmen oder öffentlich Befugnis ausüben  in folgend Bereich maßgeblich  a  Zugang zu Verwaltungsdokument und einfach Bürgerzugang 
Durch die Verordnung über die Sicherheits- und Gesundheitsschutzkennzeichnung werden sowohl die Form als auch die Farben der zu verwendenden Zeichengebung normiert. So müssen Zeichen der Brandbekämpfung immer rote quadratische rechteckige Schilder mit weißen Piktogrammen sein .	Zeichen der Brandbekämpfung		Sicherheitszeichen	Gebotszeiche,Rettungszeichen,Verbot oder Beschränkungszeiche,Verbotszeiche,Vorschriftszeiche,Warnzeichen	der Verordnung über Sicherheit und Gesundheitsschutzkennzeichnung an Arbeitsplatz vereinheitlichen sowohl der Form als auch der Farbe der zu verwendend Kennzeichnung  demnach müssen Zeichen der Brandbekämpfung stets rot  rechteckig oder quadratisch Schild mit weiß Piktogramm sein 
Der Staatsanwalt leitet auf der Grundlage einer spezifischen und konkreten Schadensnachricht die Ermittlungstätigkeit ein, damit eine Entscheidung hinsichtlich der Ausübung einer Klage wegen Schadens zum Nachteil der öffentlichen Hand getroffen werden kann .	Nachricht über ein Schaden zu Nachteil der öffentlich Hand,Schadensnachricht	Schadensanzeige			der Staatsanwalt leiten der Ermittlungsverfahren auf Grundlage ein konkret Nachricht über ein Schaden zu Nachteil der öffentlich Hand ein  um ein Entscheidung über der Geltendmachung ein Schadensersatzanspruch gegen der öffentlich Verwaltung treffen zu können 
Die Kontroll- und Prüforgane der öffentlichen Verwaltungen sowie die mit Inspektionsaufgaben betrauten Bediensteten müssen - jeweils gemäß den einschlägigen Gesetzen für ihren Bereich - umgehend direkt beim zuständigen Regionalstaatsanwalt Schadensanzeige erstatten und die Verantwortlichen der betreffenden Führungsstrukturen darüber informieren.	Schadensanzeige		Nachricht über ein Schaden zu Nachteil der öffentlich Hand,Schadensnachricht		der Kontroll und Revisionsorgan der öffentlich Verwaltung sowie der mit Inspektionsaufgabe betraut Beamter haben – jeweils gemäß der für ihr Bereich geltend Rechtsvorschrift – unverzüglich und unmittelbar bei zuständig Regionalstaatsanwalt ein Schadensanzeige zu Nachteil der öffentlich Hand einreichen und der zuständig Führungskraft der betreffend Dienststelle zu informieren 
Es müssen Sicherheitseinrichtungen gegen Flammenrückschlag, Gasrücktritt und Nachströmen zwischen den Entnahmestellen oder dem Abgang des Druckminderers einerseits und dem Verbraucher andererseits vorhanden sein. Diese Forderung gilt sowohl für Versorgung mit Brenngas als auch für Versorgung mit Sauerstoff.	Brenngas,brennbar Gas		Gas	entflammbar Gas,entzündbar Gas	es müssen Sicherheitsvorrichtung gegen Flammenrückschlag  Gasrückfluss und Nachströmung zwischen der Entnahmestelle bzw. der Austritt der Druckregler auf der ein Seite und der Verbraucher auf der anderer Seite vorhanden sein  dieser Anforderung gelten sowohl für der Versorgung mit brennbar Gas als auch für der Versorgung mit Sauerstoff 
Die Regelung  gilt sinngemäß für jede Umgestaltung von ständigen militärischen Einrichtungen auf einem Zivilflugplatz und für jede Änderung ihres Betriebes, durch die der Zivilluftverkehr auf dem Zivilflugplatz beeinträchtigt werden könnte.	Zivilluftverkehr		Luftverkehr		dieser Bestimmung gelten sinngemäß für jeder Umstrukturierung von ständig militärisch Einrichtung auf ein Zivilflughafen sowie für jeder Änderung ihr Betrieb  der der Zivilluftverkehr auf der betreffend Zivilflughafen beeinträchtigen können 
Der Arbeitgeber hat Vorkehrungen zu treffen, daß alle Beschäftigten, die einer unmittelbaren erheblichen Gefahr ausgesetzt sind oder sein können, möglichst frühzeitig über diese Gefahr und die getroffenen oder zu treffenden Schutzmaßnahmen unterrichtet sind.	Schutzmaßnahme		Maßregel der Besserung und Sicherung,Sicherheitsmaßnahme		der Arbeitgeber haben Maßnahme zu ergreifen  um sicherstellen  dass aller Arbeitnehmer  der ein ernst und unmittelbar Gefahr aussetzen sein oder sein können  so früh wie möglich über dieser Gefahr sowie über der getroffen oder zu treffend Schutzmaßnahme informieren werden 
Die einheitliche Notrufzentrale (ENZ), welche am Sitz der Agentur für Bevölkerungsschutz untergebracht ist, wurde in unmittelbarer Nähe zur integrierten Leitstelle, der Landesnotrufzentrale (LNZ), realisiert, und genießt aus diesem Grund dieselben Sicherheitsstandards.	ENZ,einheitlich Notrufzentrale		einheitlich Anrufannahmestelle		der einheitlich Notrufzentrale  ENZ   der ihr Sitz in der Zentrale der Agentur für Zivilschutz haben  werden in unmittelbar Nähe der integriert Einsatzleitstelle  der Provinzialen Notrufzentrale  CPE   einrichten und unterliegen daher derselbe Sicherheitsstandard 
Die ausstellende Behörde stellt durch geeignete technische und organisatorische Maßnahmen die erforderliche Qualität der Erfassung und Verarbeitung des Lichtbildes und der Fingerabdruckdaten, .	Fingerabdruckdaten		daktyloskopisch Datum		der ausstellend Behörde gewährleisten durch geeignet technisch und organisatorisch Maßnahme der erforderlich Qualität der Erfassung und Verarbeitung der Gesichtsbild sowie der Fingerabdruckdatum 
Der elektronische Austausch von daktyloskopischen Daten zwischen den nationalen Kontaktstellen gemäß Artikel 4 PCSC Abkommen erfolgt unter Verwendung eines gesicherten virtuellen Privatnetzes („Virtual Private Network“ – VPN). Alle Daten werden verschlüsselt.	daktyloskopisch Datum	Fingerabdruckdaten		Gesichtsbild	der elektronisch Austausch von daktyloskopisch Datum zwischen der national Kontaktstelle gemäß Artikel 4 der PCSC-Abkommen erfolgen über ein sicher virtuell privat Netzwerk   Virtual Private Network  – VPN   sämtlicher Datum werden verschlüsselen 
Der Ausweis kann mit einem Datenchip versehen werden. Der Datenchip kann ein Gesichtsbild und die Fingerabdrücke der Inhaberin oder des Inhabers enthalten.	Gesichtsbild			daktyloskopisch Datum	der Identitätsausweis können mit ein Mikrochip versehen sein  der Mikrochip können ein Gesichtsbild sowie der Fingerabdruck der Inhaberin oder der Inhaber enthalten 
Aufzüge und Lastenaufzüge jeglicher Art, die handbetriebenen ausgenommen, müssen mit einer Vorrichtung zum automatischen Anhalten des Motors oder der Bewegung an beiden Enden der Fahrtstrecke ausgestattet sein.	Aufzug			Lastenaufzug	Aufzug und Lastenaufzüge jeder Art  mit Ausnahme von Handaufzug  müssen an beide Ende der Fahrbahn mit ein Vorrichtung zu automatisch Abschaltung der Motor oder der Antrieb ausstatten sein 
"Kennzeichnungen, die eine Energiequelle benötigen (z. B. Warnleuchte, Hupe), müssen bei Stromausfall grundsätzlich eine ""selbsttätig einsetzende Notversorgung"" haben."	Warnleuchte	Rundumleuchte			Kennzeichnung  der ein Energiequelle benötigen  z. B. Warnleuchte  Hupe   müssen bei Stromausfall über ein automatisch aktiviert Notstromversorgung verfügen 
Der Arbeitgeber darf in Heimarbeit nur Tätigkeiten mit Biostoffen der Risikogruppe 1 ohne sensibilisierende oder toxische Wirkung ausüben lassen.	Biostoff der Risikogruppe 1		Biostoff,biologisch Arbeitsstoff	Biostoff der Risikogruppe 2,Biostoff der Risikogruppe 3,Biostoff der Risikogruppe 4	der Arbeitgeber dürfen Telearbeit nur für Tätigkeit mit Biostoff der Risikogruppe 1 ohne sensibilisierend oder toxisch Wirkung zulassen 
Biostoffe der Risikogruppe 3, die mit (**) gekennzeichnet sind, sind solche Biostoffe, bei denen das Infektionsrisiko für Beschäftigte begrenzt ist, weil eine Übertragung über den Luftweg normalerweise nicht erfolgen kann.	Biostoff der Risikogruppe 3		Biostoff,biologisch Arbeitsstoff	Biostoff der Risikogruppe 1,Biostoff der Risikogruppe 2,Biostoff der Risikogruppe 4	Biostoff der Risikogruppe 3  der mit  * *  kennzeichnen sein  sein solche  bei der der Infektionsrisiko für beschäftigter begrenzen sein  da ein Übertragung auf der Luftweg normalerweise nicht erfolgen können 
Das medizinische Notrufsystem ist durch die Notrufzentrale ”118” gewährleistet, in der alle medizinischen Notrufe zusammenlaufen.	medizinisch Notrufsystem		System der medizinisch Notufe		der medizinisch Notrufsystem werden durch der Einsatzzentrale „ 118  gewährleisten  bei der aller medizinisch Notruf zusammenlaufen 
Aufgrund der Risikobewertung ist es möglich, die Brandrisiko-Stufe des gesamten Arbeitsbereiches und aller Teile desselben zu klassifizieren: Diese Stufen können niedrig, mittel oder hoch sein.	Brandrisiko-Stufe		Risikoklasse,Risikostufe		auf Grundlage der Risikobewertung können der Brandrisiko-Stufe der gesamt Arbeitsbereich sowie aller sein Teil einstufen werden  dieser Stufe können niedrig  mittel oder hoch sein 
Mit dem Symbol ‚Gesundheitsgefahr‘ werden z. B. krebserzeugende und atemwegssensibilisierende Stoffe gekennzeichnet.	Gesundheitsgefahr		Gefahr	Umweltgefahr,physikalisch Gefahr	mit der Symbol „ Gesundheitsgefahr  werden beispielsweise krebserzeugend Stoff sowie Stoff  der ein Sensibilisierung der Atemweg hervorrufen  kennzeichnen 
Es dürfen keine nicht elektrischen Arbeiten in der Nähe von Elektroleitungen oder elektrischen Anlagen mit nicht geschützten stromführenden Teilen, bzw. mit Teilen, die wegen besonderer Umstände als nicht genügend geschützt betrachtet werden, durchgeführt werden .	nicht elektrisch Arbeit			Elektroarbeit,elektrisch Arbeit	in der Nähe von elektrisch Leitung oder elektrisch Anlage mit nicht geschützt unter Spannung stehend Teil  der heißen mit Teil  der aufgrund besonderer Umstand als nicht ausreichend schützen gelten  dürfen kein nicht elektrisch Arbeit ausführen werden 
Die Arbeitnehmer/innen müssen über die notwendigen Sicherheitsabstände eingehend informiert werden. Dies gilt insbesondere bei nichtelektrotechnischen Arbeiten bei denen ein gefahrbringendes Annähern an unter Spannung stehende Teile absehbar ist (Kran, Leitern, Betonlift, etc.).	nichtelektrotechnisch Arbeit			elektrotechnisch Arbeit	Arbeitnehmer sein umfassend über der erforderlich Sicherheitsabstand zu informieren  dieser gelten insbesondere für nichtelektrotechnisch Arbeit  bei der ein gefährlich Annähern an unter Spannung stehend Teil zu erwarten sein  Krän  Leiter  Betonpumpe usw.  
Bei der Festlegung des einzuhaltenden Sicherheitsabstands zum unter Spannung stehenden Teil gibt es auch viele zu berücksichtigende Einzelfaktoren, die letztendlich zur sicheren Abstandsermittlung heranzuziehen sind und nur von einer Elektrofachkraft ermittelt werden können.	unter Spannung stehend Teil	unter Spannung stehend aktiv Teil			bei der Festlegung der einzuhaltend Sicherheitsabstand zu ein unter Spannung stehend Teil sein zudem zahlreich individuell Faktor zu berücksichtigen  der letztlich für der sicher Bestimmung der Abstand heranziehen sein und nur von ein qualifiziert Elektrofachkraft feststellen werden können 
Sind Schutzmittel in der Gefahrenzone anzubringen, ist hierfür entweder der spannungsfreie Zustand der Anlagenteile herzustellen oder es sind die Festlegung für das „Arbeiten unter Spannung“ anzuwenden.	Gefahrenzone			Annäherungszone	falls in der Gefahrenzone Schutzeinrichtung installieren werden müssen  sein entweder der spannungsfrei Zustand der Anlagenteil herstellen oder der Bestimmung für  Arbeit unter Spannung  anwenden 
Augenspülflaschen müssen an den Arbeitsplätzen vorhanden sein, bei denen kein Trinkwasser vorhanden ist. Die Augenspülflaschen verfügen nur über einen begrenzten Flüssigkeitsvorrat und können i. d. R. nur ein Auge ausspülen.	Augenspülflasche		Augenspüleinrichtung	Augendusche,Augennotdusche	Augenspülflasche müssen an Arbeitsplatz bereitstellen werden  an der kein Trinkwasser vorhanden sein  Augenspülflasche enthalten nur ein begrenzt Menge an Flüssigkeit und ermöglichen in der Regel der Spülen nur ein Auge 
Zur Überwachung der Strahlungsexposition während der Arbeit wurden spezielle Monitorgeräte entwickelt, die am Körper getragen werden können. Sie sind erforderlich, wenn die Stärke eines elektromagnetischen Feldes ständig schwankt.	Strahlungsexposition	UV-Exposition,UV-Strahlungsexposition	Exposition	Asbestexposition,Lärmexposition,Vibrationsexposition	für der Überwachung der Strahlungsexposition während der Arbeit werden speziell tragbar Überwachungsgerät entwickeln  dieser sein erforderlich  wenn der Intensität ein elektromagnetisch Feld ständig schwanken 
Wenn in einem Überwachungsbereich offene radioaktive Stoffe vorhanden sein können, kann die zuständige Behörde festlegen, dass eine Prüfung auch beim Verlassen des Überwachungsbereichs durchzuführen ist.	Überwachungsbereich		Strahlenschutzbereich	Kontrollbereich	falls in ein Überwachungsbereich unversiegelt radioaktiv Stoff vorhanden sein können  können der zuständig Behörde anordnen  dass ein Kontrolle auch bei verlassen der Überwachungsbereich durchführen sein 
Beim Aufstellen der Leiter senkt sich die Plattform über einen Hebemechanismus (Brückenheber) ab und liegt auf ihrem Auflagerohr am Stützschenkel auf.	Stützschenkel		Stehleiter	Steigschenkel	während der aufstellens der Leiter werden der Plattform über ein Hubmechanismus  Brückenhubwerk  absenken und stützen sich mit ihr Auflagerohr auf der Stützschenkel ab 
Die öffentliche Verwaltung und die Schulen sind grundsätzlich im mittleren Risiko eingestuft.	mittlerer Risiko		Risikoklasse,Risikostufe	gering Risiko,hoch Risiko,niedrig Risiko	der öffentlich Verwaltung und der Schule werden grundsätzlich als mittlerer Risiko einstufen 
Es wird eine Erhöhung des Stellenplans des gesamtstaatlichen Arbeitsinspektorats (sog. Ispettorato nazionale del lavoro) mit entsprechender Personalaufnahme vorgesehen. Zudem werden die Geldstrafen und verwaltungsrechtlichen Geldbußen in den Bereichen Arbeit und Sozialvorschriften erhöht.	gesamtstaatlich Arbeitsinspektorat	Gebietsstelle der Arbeitsinspektorat,überregional Stelle der Arbeitsinspektorat	Ministerium für Arbeit und soziale,Ministerium für Arbeit und Sozialpolitik		ein Aufstockung der Personalbestand der gesamtstaatlich Arbeitsinspektorat  sog. Ispettorato nazionale del lavoro  sein vorsehen  wer der Einstellung von Personal zu Folge haben  zudem werden der Geldstrafe und der verwaltungsrechtlich Geldbuße in Bereich Arbeit und Sozialversicherung erhöhen 
Für Hand-Arm-Vibrationen  wird der tägliche Auslösewert, normiert auf einen Bezugszeitraum von 8 Stunden, auf 2,5 m/s² festgesetzt.  Für Ganzkörper-Vibrationen  wird der tägliche Auslösewert, normiert auf einen Bezugszeitraum von 8 Stunden, auf 0,5 m/s² festgesetzt.	täglich Auslösewert		Expositionswert für mechanisch Vibration		für mechanisch Schwingung  der auf der Hand-Arm-System übertragen werden  werden der täglich Auslösewert  beziehen auf ein Bezugszeitraum von 8 Stunde  auf 2,5 m  s² festlegen  für mechanisch Schwingung  der auf der gesamt Körper übertragen werden  werden der täglich Auslösewert  beziehen auf ein Bezugszeitraum von 8 Stunde  auf 0,5 m  s² festlegen 
Es reicht allein das Vorhandensein von Schimmelpilzen noch nicht aus, um die konkrete Gefährdung der Beschäftigten bei der Tätigkeit zu beurteilen. Relevant sind insbesondere Expositionsart, Konzentration und Dauer der Einwirkung.	Expositionsart		Exposition		allein der Vorhandensein von Schimmelpilz reichen noch nicht aus  um der konkret Risiko für der Arbeitnehmer während der Tätigkeit zu bewerten  maßgeblich sein insbesondere der Expositionsart  der Konzentration und der Dauer der Exposition 
Das akademische Lehrpersonal auf Planstelle ist einer Fakultät zugeordnet.	Fakultät	Fakultätsrat			der fest angestellt Lehrpersonal werden ein Fakultät zugewiesen 
Der Betriebsarzt verfasst auf Grund der Ergebnisse der ärztlichen Untersuchungen  eines der folgenden Urteile für die spezifische Aufgabe: a) tauglich; b) teilweise, zeitweilige oder bleibende Tauglichkeit, mit Verordnung oder Einschränkungen; c) zeitweilige Untauglichkeit; d) bleibende Untauglichkeit.	ärztlich Untersuchung	Vorsorgeuntersuchung,regelmäßig ärztlich Untersuchung	Gesundheitsüberwachung		der Betriebsarzt erstellen auf Grundlage der Ergebnis der ärztlich Untersuchung einer der folgend Beurteilung für der spezifisch Tätigkeit  a  Eignung    teilweise Eignung  befristet oder unbefristet  mit Auflage oder Einschränkung  c  vorübergehend Nichteignung  d  dauernd Nichteignung 
Arbeitsmedizinische Untersuchungen sind  für den Umgang mit Strahlenquellen vorgesehen.	arbeitsmedizinisch Untersuchung	Eignungsuntersuchung,Folgeuntersuchung	Gesundheitsüberwachung		für der Umgang mit Strahlenquelle sein arbeitsmedizinisch Untersuchung vorsehen 
Die Eintrittsuntersuchung muss vor der Arbeitsaufnahme erfolgen. Der Arbeitnehmer darf nicht bei der gefährdenden Arbeit beschäftigt werden, bevor die Suva dazu Stellung bezogen hat.	Eintrittsuntersuchung		arbeitsmedizinisch Vorsorgeuntersuchung		der arbeitsmedizinisch Vorsorgeuntersuchung muss vor Arbeitsantritt durchführen werden  der Arbeitnehmer dürfen erst nach ein entsprechend Stellungnahme der Suva mit gefährlich Arbeit betrauen werden 
Die Folgeuntersuchungen sollen einerseits erkennbar machen, dass der Körper mit den Belastungen gut umgehen kann bzw. rechtzeitig aufdecken, falls es zu einer Verschlechterung des Gesundheitszustandes kommt.	Folgeuntersuchung		arbeitsmedizinisch Untersuchung	Eignungsuntersuchung	Arbeitsmedizinische Untersuchung müssen einerseits erkennen lassen  dass der Körper der Belastung gut gewachsen sein  und andererseits ein etwaig Verschlechterung der Gesundheitszustand rechtzeitig feststellen 
Je nach dem ärztlichen Befund und den Bedingungen, unter denen die Arbeitnehmer zu arbeiten haben, ordnet die Suva in bestimmten Zeitabständen Kontrolluntersuchungen an.	Kontrolluntersuchung			arbeitsmedizinisch Vorsorgeuntersuchung	je nach ärztlich Befund und der Arbeitsbedingung ordnen der Suva in festgelegt Abstand arbeitsmedizinisch Vorsorgeuntersuchung an 
Bei Software-Ergonomie geht es um die Anpassung technischer Systeme an den Menschen . Die Software-Ergonomie befasst sich daher mit der Beschreibung und Bewertung der Kommunikationsschnittstellen zwischen Mensch und Maschine.	Software-Ergonomie,Softwareergonomie		Ergonomie		in Bereich der Softwareergonomie gehen es um der Anpassung technisch System an der Mensch  der Softwareergonomie befassen sich daher mit der Beschreibung und Bewertung der Kommunikationsschnittstelle zwischen Mensch und Maschine 
Softwareergonomie und die Anforderungen an eine ergonomische Gestaltung sind im Arbeitsschutzrecht an vielen verschiedenen Stellen verankert. Vorgaben aus Gesetzen und Verordnungen  sind rechtlich bindend und zu berücksichtigen.	Software-Ergonomie,Softwareergonomie		Ergonomie		der Software-Ergonomie sowie der Anforderung an ein ergonomisch Gestaltung sein in zahlreich Bestimmung der Arbeitsschutz verankern  der sich aus Gesetz und Verordnung ergebend Vorschrift sein rechtlich bindend und müssen beachten werden 
Die Organisationsergonomie betrachtet im Wesentlichen die organisatorischen Aspekte der Arbeitsabläufe (Arbeitsaufteilung, Arbeitszeiten, Gruppenarbeit usw.).	Organisationsergonomie,organisatorisch Ergonomie			kognitiv Ergonomie,körperbezogen Ergonomie,physikalisch Ergonomie	der organisatorisch Ergonomie berücksichtigen in Wesentlichen der organisatorisch Aspekt der Arbeitsprozess  Arbeitsteilung  Arbeitszeit  Teamarbeit usw.  
Das Musikkonservatorium Claudio Monteverdi Bozen, Institut für höhere Kunst- und Musikausbildung, wird mit der Freien Universität Bozen zusammengelegt und führt die Bezeichnung Fakultät für Musik „Konservatorium Claudio Monteverdi“ der Freien Universität Bozen.	hoch Kunst und Musikausbildung,hoch künstlerisch und musikalisch Bildung	Akademie der bildend Kunst,Hochschule für Musik und Tanz,Hochschule für angewandt Kunst und Industriedesign,Hochschule für der Kunstgewerbe,Kunstakademie,national Akademie der darstellend Künste,national Akademie für Schauspielkunst			der Konservatorium Claudio Monteverdi in Bozen  ein Einrichtung der hoch künstlerisch und musikalisch Bildung  werden der Freien Universität Bozen angliedern und führen der Bezeichnung Fakultät für Musik „ Konservatorium Claudio Monteverdi  der Freien Universität Bozen 
Wenn ein Beschäftigter einen geladenen Gegenstand berührt oder in Kontakt mit einem geerdeten Gegenstand kommt, während er selbst durch Exposition gegenüber einem statischen elektrischen Feld oder Reibungselektrizität geladen ist, fließt ein Kontaktstrom.	Kontaktstrom	stationär Kontaktstrom	Strom,elektrisch Strom		berühren ein Arbeitnehmer ein unter Spannung stehend Gegenstand oder kommen mit ein geerdet Gegenstand in Kontakt  während er selbst aufgrund ein Exposition gegenüber ein statisch elektrisch Feld oder Reibungselektrizität unter Spannung stehen  fließen ein Kontaktstrom 
Hand-Arm-Schwingungen werden vom Werkzeug oder der Maschine über Griffe oder Berührungsflächen auf die Hände und Arme des Bedieners übertragen. Sie werden durch zahlreiche rotierende oder schlagende handgeführte Werkzeuge verursacht, z.B. Abbauhämmer, Kettensägen, Mähgeräte, Schlagschrauber, Nadelhämmer.	schlagend handgeführt Werkzeug		Handwerkzeug	rotierend Handwerkzeug,rotierend handgeführt Werkzeug	der auf der Hand-Arm-System übertragen Vibration werden von schlagend handgeführt Werkzeug oder von der Maschine über Griff oder Kontaktfläche auf der Hand und Arm der Bediener übertragen  sie werden durch zahlreich rotierend oder schlagend handgeführt Werkzeug verursachen  wie beispielsweise Abbruchhämmer  Motorsagen  Mähmaschine  Impulsschrauber und Meisselhammer 
Der Arbeitnehmer wird in einem Zeitabstand von höchstens zwei Jahren einer periodischen Untersuchung unterzogen, um die Eignung für die risikobehaftete Tätigkeit zu bestätigen.	periodisch Untersuchung		Gesundheitsüberwachung	Untersuchung aufgrund ein begründet Verdacht,Untersuchung nach Unfall,Untersuchung vor Aufnahme der Tätigkeit,follow-up Untersuchung,vorbeugend Überwachung	der Arbeitnehmer muss sich ein periodisch Untersuchung unterziehen  der in Abstand von höchstens zwei Jahr durchführen werden  um der Eignung für der risikobehaftet Tätigkeit zu bestätigen 
Bei Arbeiten im Bereich von Stromleitungen sind entsprechende Sicherheitsabstände einzuhalten.	Stromleitung	Freileitung			bei Arbeit in Bereich von Freileitung sein der entsprechend Sicherheitsabstand einhalten 
Kreuzen elektrische Leitungen Bahnen ohne Fahrleitung, so muss der Abstand zwischen den übergeführten Leitern und der Schienenoberkante mindestens 7 m plus 0,01 m pro kV der Nennspannung betragen.	elektrisch Leitung	Freileitung			falls elektrisch Leitung Eisenbahn ohne Oberleitung kreuzen  muss der Abstand zwischen der aufgehängt Leiterseil und der Schienenoberkante mindestens 7 m zuzüglich 0,01 m pro kV der Nennspannung betragen 
Bei Mittelspannungsleitungen und bei sehr ausgedehnten Anlagen ist es notwendig, alle aktiven Leiter der allgemeinen Hauptleitung, die bereits oberhalb und unterhalb der Bauzone getrennt wurde, zu erden; .	Mittelspannungsleitung		Stromleitung	Hochspannungsleitung,Niederspannungsleitung	bei Mittelspannungsleitung und sehr ausgedehnt Anlage müssen aller aktiv Leiter der Hauptleitung erden werden  der bereits oberhalb und unterhalb der Baubereich abschalten werden 
Das optionale Arbeitsverfahren gilt ausschließlich für Nieder- und Mittelspannungsfreileitungen bis 30 kV.	Mittelspannungsfreileitung		Freileitung	Hochspannungsfreileitung,Niederspannungsfreileitung	der optional Arbeitsverfahren gelten ausschließlich für Mittelspannungsfreileitung bis 30 kV.
Alle Gerüste mit Ausnahme jener, die für Arbeiten an Elektro-Oberleitungen verwendet werden, dürfen nicht verschoben werden, während sich Arbeitnehmer oder Lasten darauf befinden.	Elektro-Oberleitung		Freileitung		aller Gerüst  mit Ausnahme derjenige  der für Arbeit an Elektro-Oberleitung verwenden werden  dürfen nicht bewegen werden  solange sich darauf Arbeitnehmer oder Last befinden 
Oberleitungen von Straßenbahnen, Bahnen und O-Bussen, führen  gefährlich hohe Spannungen.	Oberleitung		Freileitung		Oberleitung von Straßenbahn  Eisenbahn und Oberleitungsbussen führen gefährlich hoch Spannung 
Die Anzahl, die Abmessung, der Standort und der Baustoff der Türen von Arbeitsräumen müssen ein schnelles Verlassen ermöglichen und während der Arbeit leicht von innen geöffnet werden können.	Tür	Brandschutztür,Nottür,Tür der Notausgang			der Anzahl  der Abmessung  der Lage und der Baumaterial der Tür der Arbeitsraum müssen ein rasch Ausstieg ermöglichen und während der Arbeit leicht von innen zu öffnen sein 
Mit den engeren Toleranzen liegt das obere Spannungslimit eines +48-V-Ausgangs bei 60 V, was eine Qualifizierung als SELV-System (safety extra low voltage) ermöglicht.	SELV-System			FELV-System,PELV-System	bei eng Toleranzgrenze liegen der oberer Spannungsgrenze ein 48-V-Ausgang bei 60 V  wer ein Einstufung als SELV-System  Safety Extra Low Voltage  ermöglichen 
Bei einem PELV-System überschreitet die Spannung die Grenzwerte für Kleinspannung (ELV) nicht: - unter üblichen Bedingungen, - unter Einzelfehlerbedingungen, ausgenommen bei Erdschlüssen in anderen elektrischen Stromkreisen.	PELV-System			FELV-System,SELV-System	in ein PELV-System überschreiten der Spannung nicht der Grenzwert für Kleinspannung  ELV ): – unter normal Betriebsbedingung  – bei ein einzeln Fehler  mit Ausnahme von Erdfehler in anderer Stromkreis 
Da FELV-Systeme keine sichere Trennung als Schutzmaßnahme gegen direktes und indirektes Berühren gefährlicher Spannungen beinhalten, müssen FELV-Systeme mit dem Schutzleiter der Primärseite verbunden sein.	FELV-System			PELV-System,SELV-System	da FELV-System kein sicher Trennung als Schutzmaßnahme gegen direkt und indirekt Kontakt mit gefährlich Spannung vorsehen  müssen FELV-System an der Schutzleiter der Primärseite anschließen werden 
Kleinspannungsstromkreise sind getrennt von Stromkreisen mit höherer Spannung zu führen. Sind diese im gleichen Gehäuse verlegt (z.B. in Verteilungen), so sind diese sicher voneinander zu trennen (z.B. mit Trennstegen).	ELV-Stromkreis,Kleinspannungsstromkreis	FELV-Stromkreis,PELV-Stromkreis,SELV-Stromkreis			SELV-Stromkreis müssen trennen von Stromkreis mit hoch Spannung verlegen werden  falls dieser in derselbe Gehäuse  z. B. in Verteilungsschränk  verlegen werden  müssen sie sicher voneinander trennen sein  z. B. durch Trennwand  
Schutz durch Kleinspannung beinhaltet:  aktive Teile von SELV- und PELV-Stromkreisen müssen voneinander, von FELV-Stromkreisen und von Stromkreisen höherer Spannung sicher getrennt sein, .	PELV-Stromkreis		ELV-Stromkreis,Kleinspannungsstromkreis	FELV-Stromkreis,SELV-Stromkreis	der Schutz durch Kleinspannung setzen voraus  dass der aktiv Teil von SELV-Stromkreis und PELV-Stromkreis sicher voneinander sowie von FELV-Stromkreis und Stromkreis mit hoch Spannung trennen sein müssen 
Schutz durch Kleinspannung beinhaltet:  aktive Teile von SELV- und PELV-Stromkreisen müssen voneinander, von FELV-Stromkreisen und von Stromkreisen höherer Spannung sicher getrennt sein, .	FELV-Stromkreis		ELV-Stromkreis,Kleinspannungsstromkreis	PELV-Stromkreis,SELV-Stromkreis	der Schutz durch Kleinspannung umfassen Folgender  der aktiv Teil von SELV und PELV-Stromkreis müssen sicher voneinander  von FELV-Stromkreis sowie von Stromkreis mit hoch Spannung trennen sein 
Geräte der Schutzklasse I sind elektrische Betriebsmittel mit Schutzleiter.	Gerät der Schutzklasse I		Elektrogerät,elektrisch Gerät	Gerät der Schutzklasse II,Gerät der Schutzklasse III,schutzisoliert Gerät	Gerät der Schutzklasse I sein elektrisch Betriebsmittel mit Schutzleiter 
Geräte der Schutzklasse III sind elektrische Betriebsmittel, bei denen der Schutz gegen elektrischen Schlag auf Sicherheitskleinspannung beruht.	Gerät der Schutzklasse III		Elektrogerät,elektrisch Gerät	Gerät der Schutzklasse I,Gerät der Schutzklasse II,schutzisoliert Gerät	Gerät der Schutzklasse III sein elektrisch Gerät  bei der der Schutz gegen elektrisch Schlag auf ein sehr niedrig Sicherheitsspannung basieren 
Der Einheitstext zum Arbeitsschutz  sieht die Bewertung aller am Arbeitsplatz befindlichen Risiken für die Sicherheit und Gesundheit der Arbeitnehmerinnen und Arbeitnehmer vor. Dazu ist auch die Bewertung der psychosozialen Risiken, insbesondere arbeitsbezogener Stress erforderlich.	psychosozial Risiko		Gefahr,Gefährdung,Risiko		der einheitlich Gesetz über Gesundheit und Sicherheit an Arbeitsplatz sehen der Bewertung aller an Arbeitsplatz bestehend Risiko für der Sicherheit und Gesundheit der Arbeitnehmer vor  zu dieser Zweck sein auch der Bewertung psychosozial Risiko  insbesondere arbeitsbedingt Streß  erforderlich 
Die Maschinenrichtlinie stellt insbesondere hohe Anforderungen an die klare Erkennbarkeit und Verfügbarkeit des Not-Halt-Tasters an einer Maschine. Die überarbeitete ISO 13850 gibt neue Gestaltungsmöglichkeiten. Diese Norm definiert nun erstmals, dass auch für Not-Halt-Taster ein dritter Zustand „inaktiv“ definiert ist.	Not-Halt-Taster		Not-Halt-Befehlsgerät,Not-Halt-Gerät		der Maschinenrichtlinie stellen besonders hoch Anforderung an der klar Erkennbarkeit und Verfügbarkeit der Not-Halt-Taster an ein Maschine  der überarbeitet Norm ISO 13850 bieten neu Gestaltungsmöglichkeit  dieser Norm definieren nun erstmals  dass auch für Not-Halt-Taster ein dritter Zustand  nämlich  inaktiv   festlegen sein 
Alle Körper von Geräten der Schutzklasse I müssen in einen Schutzpotentialausgleich eingebunden sein.	Körper			fremd leitfähig Teil	aller Körper von Gerät der Schutzklasse I müssen in ein Schutzerdung einbinden sein 
Bei Einatmungsgefahr Atemschutzgerät mit Gasfilter Hg Typ A, Kennfarbe braun benutzen.	Einatmungsgefahr		Gefahr		bei Einatmungsgefahr sein ein Atemschutzgerät mit Hg-Gasfilter Typ A  Kennfarbe Braun  zu verwenden 
In der Nähe des Gerätes und außerhalb der Fahrzeugbox muss eine geeignete Sicherheitsbeschilderung angebracht werden, und zwar über das Rauchverbot und das Verbot offenen Lichts bzw. Feuers, sowie über die Pflicht, den Motor abzustellen, und über das Absperrventil.	Sicherheitsbeschilderung,vertikal Kennzeichnung,vertikal Markierung		Sicherheit und Gesundheitskennzeichnung,Sicherheit und Gesundheitskennzeichnung an Arbeitsplatz,Sicherheitskennzeichnung	Bodenkennzeichnung,Bodenmarkierung,horizontal Kennzeichnung,horizontal Markierung	in der Nähe der Anlage und außerhalb der Fahrzeugraum sein ein geeignet Sicherheitsbeschilderung anbringen  und zwar hinsichtlich der Rauchverbot sowie der Verbot offen Flamme oder Feuer  ferner hinsichtlich der Verpflichtung  der Motor abstellen  sowie hinsichtlich der Absperrventil 
Sicherer Abstand bedeutet mindestens 120 mm bei Einzugsrisiko für Hände bzw. Arme oder mindestens 500 mm wenn ein Einzugsrisiko für den Körper besteht (z. B. bei Trocknerwalzen).	Einzugsrisiko		Gefahr,Gefährdung,Risiko	Quetschgefährdung,Quetschrisiko	der Sicherheitsabstand betragen mindestens 120 mm bei Einzugsrisiko für Hand oder Arm oder mindestens 500 mm bei Einzugsrisiko für der Körper  z. B. bei Trocknungswalze  
Das Entstehen von Kälteschäden hängt einerseits von der Umgebungs- oder Wassertemperatur, der Umgebungsfeuchtigkeit, der Windgeschwindigkeit und der Expositionsdauer ab sowie andererseits von individuellen Faktoren wie der (Schutz)-Kleidung, der körperlichen Belastung, dem Alter und vom Gesundheitszustand der Arbeitnehmenden.	Kälteschaden			Hitzeschaden	der auftreten von Kälteschaden hängen einerseits von der Umgebungstemperatur oder Wassertemperatur  der Luftfeuchtigkeit  der Windgeschwindigkeit und der Dauer der Exposition ab und andererseits von individuell Faktor wie der  Schutz-)Kleidung  der körperlich Anstrengung  der Alter und der Gesundheitszustand der Arbeitnehmer 
Oft lassen sich Hitzeerkrankungen anhand ihrer Symptome erkennen und unterscheiden. Das ist wichtig, um geeignete Hilfsmaßnahmen zu ergreifen und den Betroffenen vor Hitzeschäden zu schützen.	Hitzeerkrankung,Hitzekrankheit	Hitzeerschöpfung,Hitzekollaps,Hitzekrampf,Hitzeschlag,Hitzschlag,Sonnenstich			Hitzekrankheit können oft anhand ihr Symptom erkennen und voneinander unterscheiden werden  dieser sein wichtig  um geeignet Rettungsmaßnahme zu ergreifen und der betroffen Person vor Hitzeschaden zu schützen 
Es besteht die Möglichkeit von Sonnenstich, Hitzekrampf und Hitzekollaps.	Hitzekrampf		Hitzeerkrankung		es bestehen der Möglichkeit ein Hitzschlag  ein Hitzekrampf sowie ein Hitzekollaps 
Beim Hitzekollaps handelt es sich um eine plötzlich auftretende Bewusstlosigkeit. Sie ist in der Regel von kurzer Dauer und kann sowohl bei körperlich aktiven wie auch bei ruhenden Personen auftreten.	Hitzekollaps		Hitzeerkrankung		ein Hitzekollaps sein ein plötzlich Bewusstseinsverlust  er sein in der Regel von kurz Dauer und können sowohl bei körperlich aktiv Person als auch bei ruhend Person auftreten 
Zugangsöffnungen innerhalb der Belagsfläche (Durchstiegsluke) müssen mit Schutzvorrichtungen gegen Absturz versehen sein .	Schutzvorrichtung gegen Absturz	Auffangnetz,Brüstung,Fangnetz,Schutznetz	kollektiv Schutzeinrichtung		Zugangsöffnung innerhalb der Verkehrsfläche  Zugangsluke  müssen mit ein kollektiv Schutzeinrichtung gegen Absturz ausstatten sein 
Die neue Datenschutz-Grundverordnung ändert und erweitert wesentlich die Inhalte des Informationsblattes, welches von den Artikeln 13 und 14 der DSGVO geregelt wird.	Datenschutzerklärung,Datenschutzinformation,Information,Informationsblatt		Informationsschreiben,Mitteilung		der neu Datenschutz-Grundverordnung ändern und erweitern der Inhalt der Datenschutzinformation  der in der Artikel 13 und 14 der DSGVO regeln sein  erheblich 
Eine Anwendungsbewilligung nach Artikel 4 Buchstabe b ist nicht erforderlich für das Ausbringen von Organismen mit einem unbemannten Luftfahrzeug.	Buchstabe		Abs.,Absatz		ein Bewilligung für der Anwendung gemäss Artikel 4 Buchstabe b sein für der Freisetzung von Organismus mittels ein unbemannt Luftfahrzeug nicht erforderlich 
Es wird bestätigt, dass diese analoge Ausfertigung, bestehend  aus 2 Seiten, mit dem digitalen Original identisch ist, .	analog Abschrift,analog Ausfertigung	analog Abschrift ein informatisch Dokument,analog Ausfertigung ein digital Dokument			es werden bestätigen  dass dieser analog Ausfertigung ein digital Dokument  bestehend aus 2 Seite  mit der digital Original identisch sein 
Die digitale Unterlage ist mit einer sog. Konformitätserklärung zu versehen, in der bestätigt wird, dass die digitale Kopie dem originalen Papierdokument entspricht.	digital Kopie,informatisch Abschrift	digital Kopie ein Papierdokument,digital Kopie ein analog Dokument,digital Kopie ein digital Dokument,informatisch Abschrift ein informatisch Dokument,informatisch Kopie ein analog Dokument			der digital Dokument muss von ein sogenannter Konformitätserklärung begleiten sein  in der bestätigen werden  dass der digital Kopie ein Papierdokument mit der ursprünglich Papierdokument übereinstimmen 
Von den  Planskizzen von Gebäuden die in materielle Anteile unterteilt sind, und die in Papierform Grundbuchsgesuchen beigefügt sind,  wird eine informatische Abschrift durch Scannen der Planskizze erstellt.	digital Kopie,informatisch Abschrift	digital Kopie ein Papierdokument,digital Kopie ein analog Dokument,digital Kopie ein digital Dokument,informatisch Abschrift ein informatisch Dokument,informatisch Kopie ein analog Dokument			von der Grundriss von Gebäude  der in Miteigentumsanteil aufteilen sein und der Grundbuchantrag in Papierform beigefügt werden  werden durch Scannen der Grundriss ein digital Kopie ein analog Dokument erstellen 
Elektronische Kopien von Mitteilungen können mit einem geregelten elektronischen Siegel  der Behörde versehen werden.	elektronisch Kopie	elektronisch Kopie ein Papierdokument			elektronisch Kopie der Mitteilung können mit ein qualifiziert elektronisch Siegel der Behörde versehen werden 
Wenn  das Dokument als digitales Duplikat vorgelegt wird und die digitalen Unterschriften aller ursprünglichen Unterzeichner trägt, dann ist keine Konformitätserklärung erforderlich.	digital Duplikat,informatisch Duplikat		digital Dokument,elektronisch Urkunde,elektronisch Dokument		Sofern der Dokument als digital Duplikat vorlegen werden und der digital Signatur aller ursprünglich Unterzeichner aufweisen  sein kein Übereinstimmungserklärung erforderlich 
Die Bescheinigung über die erworbenen Kompetenzen bei der Jahresbewertung über die fünfte Klasse der Grundschule und über die dritte Klasse der Mittelschule ersetzt die Bewertung der allgemeinen Lernentwicklung der Schülerinnen und Schüler.	Jahresbewertung		Bewertung der Lernerfolg	periodisch Bewertung	der Bestätigung der in Rahmen der Bewertung der Lernerfolg der fünfter Klasse der Grundschule und der dritter Klasse der Mittelschule erworben Kompetenz ersetzen der Bewertung der allgemein Lernentwicklung der Schülerin und Schüler 
Oft ist es gar nicht mehr nötig, an einem bestimmten Ort zu arbeiten und Arbeitgeber betreiben immer öfter das Konzept „Smart Working“.	Smart Working,smart Arbeit		Fernarbeit	Homeoffice-Arbeit,Telearbeit	oft sein es nicht mehr erforderlich  an ein bestimmt Ort zu arbeiten  und Arbeitgeber setzen zunehmend der Konzept der Smart Working um 
Häusliche Absonderung beinhaltet: - Wohnung/Haushalt nicht verlassen; - Empfang von Besuch ist auf das Notwendigste zu beschränken; - keine Beschränkungen für Mitbewohner.	Absonderung zu Haus,häuslich Absonderung,häuslich Isolation,häuslich Isolierung		Isolation,Isolierung		der häuslich Absonderung umfassen   der verlassen der Wohnung  der Haushalt sein untersagen  Besuch sein auf der unbedingt Notwendige zu beschränken  für in selber Haushalt lebend Person gelten kein Einschränkung 
Man wurde von seinem zuständigen Gesundheitsamt als SARS-CoV-2 Kontaktperson mit hohem Infektionsrisiko eingestuft. Gegebenenfalls kann das Gesundheitsamt eine Absonderung zu Hause erwägen.	Absonderung zu Haus,häuslich Absonderung,häuslich Isolation,häuslich Isolierung		Isolation,Isolierung		sie werden von der zuständig Gesundheitsbehörde als SARS-CoV-2-Kontaktperson mit hoch Infektionsrisiko einstufen  Gegebenenfalls können der Gesundheitsbehörde ein häuslich Absonderung anordnen 
Die SPID-Identität besteht aus Anmeldeinformationen (Benutzername und Passwort), die für den Benutzer ausgestellt werden und den Zugriff auf alle Online-Dienste ermöglichen.	SPID,SPID-Identität		digital Identität		der SPID-Identität bestehen aus Zugangsdate  Benutzername und Passwort   der der Nutzer zuteilen werden und der Zugang zu aller Online-Dienst ermöglichen 
Da der Virus in der Regel durch das Einatmen von Tröpfchen oder über den direkten Kontakt mit Schleimhäuten in den Körper eindringt, sollte auf räumliche Distanz zu anderen Menschen geachtet werden.	räumlich Distanz,sozial Distanz	Abstand			da der Virus in der Regel durch der einatmen von Tröpfchen oder der direkt Kontakt mit Schleimhaut in der Körper gelangen  sollen auf der sozial Distanz zu anderer Person achten werden 
Pertussis (Keuchhusten) tritt das ganze Jahr über auf, besonders häufig aber im späten Winter und Frühjahr. Die Krankheit zeichnet sich durch eine hohe Letalität (1:1.000) aus, die bei Kindern unter sechs Monaten höher und vorwiegend durch Pneumonien bedingt ist.	Letalität		Mortalität,Sterblichkeit		Keuchhust  Stickhust  treten der ganz Jahr über auf  jedoch häufig in spät Winter und in Frühjahr  der Krankheit sein durch ein hoch Sterblichkeit  1:1.000  kennzeichnen  der bei Kind unter sechs Monat hoch sein und überwiegend durch Lungenentzündung verursachen werden 
Bei einem Covid-19-Verdachtsfall im Krankenhaus und starken Symptomen wird der Patient einer ärztlichen Visite unterzogen mit Blut- und Urintest, Thorax-Röntgen und Nasen-Rachen-Abstrich.	Nasen-Rachen-Abstrich		PCR-Test,molekular PCR-Test		bei Verdacht auf Covid-19 in Krankenhaus und schwer Symptom werden der Patient ein ärztlich Untersuchung unterziehen  der Blut und Urinuntersuchung  ein Röntgenaufnahme der Brustkorb sowie ein Nasen-Rachen-Abstrich umfassen 
Das bevorzugte Untersuchungsmaterial für den Nachweis einer möglichen Infektion mit dem SARS-CoV-2 ist ein Oropharynx- und/oder Nasopharynx-Abstrich, wie bei der Influenza-Diagnostik.	Nasopharyngealabstrich,Nasopharynx-Abstrich,nasopharyngealer Abstrich		PCR-Test	Oropharyngealabstrich,Oropharynx-Abstrich,oropharyngeal Abstrich	der bevorzugt Untersuchungsmaterial zu Nachweis ein möglich SARS-CoV-2-Infektion sein ein oropharyngeal Abstrich und  oder ein nasopharyngeal Abstrich  wie er auch in der Influenzadiagnostik verwenden werden 
Der/die Medizinische RöntgentechnikerIn ist eine Fachkraft des Gesundheitsdienstes, die im Besitz eines berufsbefähigenden Laureatsdiploms und im Berufsalbum eingetragen ist; .	Fachkraft der Gesundheitsdienst,Sanitätsfachkraft	Pflegehelfer			der medizinisch-radiologisch Fachtechniker sein ein Sanitätsfachkraft  der über ein berufsqualifizierend Hochschulabschluss verfügen und in der Berufsregister eintragen sein 
Unter starker Kundenauthentifizierung versteht man höhere Sicherheitsvorkehrungen bei der Freigabe von Online-Zahlungen, wie beispielsweise mittels Kreditkarte oder Online Banking.	stark Kundenauthentifizierung		Authentifizierung,Beglaubigung		unter stark Kundenauthentifizierung sein verstärkt Sicherheitsmaßnahme zu Autorisierung von Online-Zahlung  etwa mittels Kreditkarte oder Online-Banking  zu verstehen 
Auf vielen digitalen Lernplattformen bzw. -portalen ist es  möglich, sogenannte „digitale Klassenzimmer“ einzurichten. Gedacht sind sie vor allem für den Distanzunterricht, können aber auch unabhängig davon eingesetzt werden.	Distanzunterricht,Fernunterricht,digital Unterricht			integriert Fernunterricht	auf vieler digital Lernplattform oder -portalen können sogenannter „ digital Klassenzimmer  einrichten werden  dieser sein primär für der Distanzunterricht konzipieren  können jedoch auch unabhängig davon nutzen werden 
Schutzkleidung ist in vielen Arbeitsbereichen vorgeschrieben. Die Einsatzmöglichkeiten sind vielfältig. So gehören Einmalkittel in Laboren der chemischen Industrie, in Krankenhäusern oder auch bei der Asbestsanierung zur Standardausrüstung.	Einmalkittel,Einwegkittel		PSA,Schutzausrüstung,persönlich Schutzausrüstung		Schutzkleidung sein in vieler Arbeitsbereich vorschreiben  der Einsatzmöglichkeit sein vielfältig  so gehören Einwegkittel beispielsweise zu Standardausrüstung in Labor der chemisch Industrie  in Krankenhaus oder auch bei Asbestsanierung 
Allen Personen, die sich in Tirol aufgehalten haben, wird dringend geraten, sich 14 Tage in häusliche Selbstisolation zu begeben.	Selbstisolation,häuslich Selbstisolation	Isolation auf Vertrauensbasis,häuslich Isolation auf Vertrauensbasis			Allen Person  der sich in Tirol aufhalten haben  werden dringend empfehlen  ein häuslich Selbstisolation von 14 Tag einhalten 
Wenn man asymptomatisch ist, wenn keine Vorerkrankungen vorliegen, wenn keine Komplikationen in der Schwangerschaft aufgetreten sind und die 36. Schwangerschaftswoche noch nicht vollendet ist, kann man zu Hause in Selbstisolation bleiben.	Selbstisolation,häuslich Selbstisolation	Isolation auf Vertrauensbasis,häuslich Isolation auf Vertrauensbasis			bei asymptomatisch Verläufen  ohne Vorerkrankung  ohne Komplikation während der Schwangerschaft und sofern der 36. Schwangerschaftswoche noch nicht abschließen sein  können man zu Haus in häuslich Selbstisolation verbleiben 
Österreichische Staatsbürger und Fremde  sind nach Einreise auf dem Luftweg nach Österreich verpflichtet, unverzüglich eine 14-tägige selbstüberwachte Heimquarantäne anzutreten .	Selbstquarantäne,selbstüberwacht Heimquarantäne		Quarantäne		Österreicher und Ausländer sein verpflichten  nach der Einreise nach Österreich auf der Luftweg unverzüglich ein selbstüberwacht Heimquarantäne von 14 Tag antreten 
Jeder Bundesbürger könnte eine eigene Atemschutzmaske mit austauschbarem Filter, beides chemisch und thermisch (Auskochen) desinfizierbar, besitzen.	Atemschutzmaske mit austauschbar Filter	Halbmaske mit austauschbar Filter,Vollmaske mit austauschbar Filter			jeder Bundesbürger können ein eigen Vollmaske mit austauschbar Filter besitzen  der sowohl chemisch als auch thermisch  durch Abkochen  desinfizierbar sein 
Bei der Risikobewertung  prüft der Arbeitgeber die Arbeitsplätze insbesondere auf  die Risiken für Sehvermögen und Augen;  Probleme mit der Körperhaltung und körperliche oder psychische Belastungen.	psychisch Belastung		arbeitsbedingt Stress,arbeitsbezogen Stress		bei der Risikobewertung haben der Arbeitgeber der Arbeitsstätte insbesondere hinsichtlich der Gefahr für der Sehvermögen und der Auge  von Haltungsschäd sowie von arbeitsbedingt Stress zu prüfen 
Die Ergebnisse der Umfragen von Meinungsforschungsinstituten (demoskopische Umfragen) sind nach der ZPO - wenn auch dort nicht besonders erwähnte - zulässige Beweismittel.	demoskopisch Umfrage		Befragung,Umfrage		der Ergebnis von demoskopisch Umfrage  Befragung  durch Meinungsforschungsinstitut stellen gemäß der Zivilprozessordnung – obwohl sie darin nicht ausdrücklich erwähnen werden – zulässig Beweismittel dar 
Anhand des Promemoria kann der Apotheker oder die Apothekerin sowie der Arzt oder die Ärztin die Nummer des elektronischen Rezepts und die Steuernummer des Patienten oder der Patientin feststellen.	Promemoria	Promemoria in Papierform,digitalisiert Promemoria			auf Grundlage der Promemoria können der Apotheker oder der Apothekerin sowie der Arzt oder der Ärztin der Nummer der elektronisch Rezept und der Steuernummer der Patient oder der Patientin feststellen 
Die Arbeitsunfähigkeitsrente erhält, wer auf Grund von körperlicher oder psychischer Krankheit nicht arbeitsfähig ist und mindestens 5 Versicherungsjahre nachweisen kann . Da die Rente nur bei totaler Arbeitsunfähigkeit zusteht, kann keine lohnabhängige oder selbständige Arbeit ausgeführt werden.	Arbeitsunfähigkeitsrente,Erwerbsunfähigkeitsrente			Invalidengeld,ordentlich Invalidengeld	der Erwerbsunfähigkeitsrente werden Person gewähren  der aufgrund ein körperlich oder psychisch Erkrankung nicht arbeitsfähig sein und mindestens fünf Jahr Versicherungszeit nachweisen können  da der Rente nur bei vollständig Arbeitsunfähigkeit zustehen  dürfen kein abhängig oder selbstständig Erwerbstätigkeit ausüben werden 
Für den Fall der Umwandlung einer Berufsunfähigkeits-/teilweisen Erwerbsminderungsrente in eine volle Erwerbsminderungsrente oder in die Altersrente muss die Wartezeit bis zum Beginn der Berufsunfähigkeits-/teilweisen Erwerbsminderungsrente erfüllt sein.	Rente wegen voll Erwerbsminderung,voll Erwerbsminderungsrente			Rente wegen teilweis Erwerbsminderung,teilweise Erwerbsminderungsrente	in Fall der Umwandlung ein Rente wegen Berufsunfähigkeit bzw. teilweis Erwerbsminderung in ein Rente wegen voll Erwerbsminderung oder in ein Altersrente muss der Wartezeit bis zu Beginn der Rente wegen Berufsunfähigkeit bzw. teilweis Erwerbsminderung erfüllen sein 
Die von S.________ gegen die Personalfürsorgestiftung eingereichte Klage vom 26. Oktober 2011 mit dem Antrag auf Ausrichtung einer Vollinvalidenrente ab 1. Januar 2003 wies das Versicherungsgericht des Kantons St. Gallen mit Entscheid vom 19. September 2012 ab.	Vollinvalidenrente,voll Invalidenrente			Teilinvalidenrente	der Versicherungsgericht der Kanton St. Gallen haben mit Entscheid von 19. September 2012 der Gesuch von S. _ _ _ _ _ _ _ _ gegen der Personalvorsorgestiftung von 26. Oktober 2011 abweisen  mit welcher der Ausrichtung ein Vollinvalidenrente ab der 1. Januar 2003 verlangen werden 
Am 07. April 2020 hat die Südtiroler Landesregierung ein Abkommen mit Banken und Garantiegenossenschaften genehmigt. Auf der Grundlage dieses Abkommens erhalten Unternehmen, Landwirtschaftliche Betriebe und Freiberufler Zugang zu einem begünstigten Sofortkredit.	begünstigt Sofortkredit		begünstigt Kredit,vergünstigt Kredit		an 7. April 2020 haben der Landesregierung Südtirol ein Vereinbarung mit Bank und Bürgschaftsgenossenschaft genehmigen  auf Grundlage dieser Vereinbarung erhalten Unternehmen  landwirtschaftlich Betrieb und Freiberufler Zugang zu ein begünstigt Sofortkredit 
Zur Umsetzung der  vorgesehenen Maßnahmen wendet das Land folgende Mittel oder Kombinationen dieser Mittel an: a) Kapitalbeiträge, b) Zinsbeiträge, c) zinsbegünstigte Finanzierungen, .	Kapitalbeitrag		Schenkungsbeitrag,Verlustbeitrag,einmalig Beitrag	Beitrag zu Gewinn und Verlustrechnung,Betriebsbeitrag,Betriebszuschuss,Zinsbeitrag,Zinszuschuss	für der Umsetzung der vorgesehen Maßnahme setzen der Land folgend Mittel oder Kombination davon ein  a  Kapitalbeitrag    Zinszuschuss  c  zinsgünstig Finanzierung 
Das Land ist, unter Beachtung der Regelung der Europäischen Union für staatliche Beihilfen, befugt, die STA Südtiroler Transportstrukturen AG mit einem jährlichen Betriebsbeitrag und eventuellen Kreditgewährungen finanziell zu unterstützen.	Beitrag zu Gewinn und Verlustrechnung,Betriebsbeitrag,Betriebszuschuss		Beitrag,Zuschuss,finanziell Beitrag	Kapitalbeitrag,Zinsbeitrag,Zinszuschuss	der Provinz sein ermächtigen  unter Einhaltung der EU-Vorschrift über staatlich Beihilfe der STA Strutture Trasporto Alto Adige SpA finanziell durch ein jährlich Betriebsbeitrag sowie gegebenenfalls durch Kreditgewährung zu unterstützen 
Der Arbeitgeber gewährleistet, dass Einfachleitern so verwendet werden, dass die Arbeitnehmer jederzeit sicher stehen und sich sicher festhalten können.	Einfachleiter	Anlegeleiter,Hängeleiter	tragbar Leiter	Doppelleiter,Stehleiter	der Arbeitgeber haben dafür zu sorgen  dass Einfachleiter so verwenden werden  dass der Arbeitnehmer stets sicher stehen und sich festhalten können 
Die Bewertung der Lernerfolge und des Verhaltens der Schüler und Schülerinnen und die Bescheinigung der erworbenen Kompetenzen erfolgen, aufgrund allgemeiner, von der Landesregierung festgelegter Kriterien, durch den Klassenrat in gemeinsamer Verantwortung.	Bewertung der Lernerfolg	Jahresbewertung,periodisch Bewertung	Schülerbewertung	Bewertung der Verhalten	der Bewertung der Lernerfolg und der verhalten der Schülerin und Schüler sowie der Zertifizierung der erworben Kompetenz erfolgen auf der Grundlage allgemein Kriterium  der von der Landesregierung festlegen werden  durch der Klassenrat in gemeinsam Verantwortung 
Für die Schülerinnen und Schüler, die sich nicht am Monitoring- und Testprogramm beteiligen, werden die didaktischen und schulischen Aktivitäten über den integrierten Fernunterricht fortgeführt.	integriert Fernunterricht			asynchron Aktivität,synchron Aktivität	für Schüler und Schülerin  der nicht an Überwachung und Testprogramm teilnehmen  werden der Unterricht in Rahmen der integriert Fernunterricht fortsetzen 
Schülerinnen und Schüler von Abschlussklassen des Berufskollegs können  bei besonderem pädagogischem Bedarf ausnahmsweise unter strikter Berücksichtigung der Hygienevorschriften der Corona-BetrVO im erforderlichen Umfang im Präsenzunterricht beschult werden.	Präsenzunterricht			Distanzunterricht,Homeschooling,digital Unterricht	Schülerin und Schüler der Abschlussklasse der Berufskolleg können bei besonderer pädagogisch Bedarf ausnahmsweise in erforderlich Umfang in Präsenzunterricht unterrichten werden  wobei der Hygienevorschrift der Corona-BetrVO strikt einhalten sein 
Der Mehrfachimpfstoff dient der gleichzeitigen Immunisierung gegen verschiedene Erreger bzw. deren Toxine.	Kombinationsimpfstoff,Mehrfachimpfstoff		Impfstoff	Einfachimpfstoff,Einzelimpfstoff,monovalent Impfstoff	ein Kombinationsimpfstoff dienen der gleichzeitig Immunisierung gegen verschieden Krankheitserreger oder der Toxine 
Satz 1 gilt auch, wenn zur Erlangung von Impfschutz gegen Masern ausschließlich Kombinationsimpfstoffe zur Verfügung stehen, die auch Impfstoffkomponenten gegen andere Krankheiten enthalten.	Kombinationsimpfstoff,Mehrfachimpfstoff		Impfstoff	Einfachimpfstoff,Einzelimpfstoff,monovalent Impfstoff	Satz 1 gelten auch dann  wenn zu erreichen ein Impfschutz gegen Maser ausschließlich Mehrfachimpfstoff zu Verfügung stehen  der auch Impfstoffkomponente gegen anderer Krankheit enthalten 
Es fiel die Wahl auf den Einsatz von Tests, die auf Speichelproben basieren, weil diese Speicheltests auch zu Hause durchgeführt werden können und die Anwesenheit von medizinischem Fachpersonal nicht notwendig ist.	Speicheltest			Antigenspeicheltest,molekular Test mittels Speichelprobe	der Entscheidung fallen auf der Einsatz von Test auf Basis von Speichelprobe  da dieser Speicheltest auch zu Haus durchführen werden können und kein Anwesenheit von medizinisch Fachpersonal erforderlich sein 
Die Teilnahme am Projekt ist freiwillig und unterliegt der ausdrücklichen Zustimmung der Eltern/Erziehungsberechtigten der beteiligten Schüler zum Vorab-Screenings und, bei positiven Fällen, einer Bestätigung durch einen molekularen Test oder eines vorhergehenden Antigenspeicheltest.	Antigenspeicheltest		Antigen-Schnelltest,Speicheltest	molekular Test mittels Speichelprobe	der Teilnahme an Projekt sein freiwillig und setzen der ausdrücklich Zustimmung der Eltern oder gesetzlich Vertreter der an Screening teilnehmend Schüler voraus  sowohl für der vorläufig Screening als auch – in Fall ein positiv Ergebnis – für ein Bestätigung durch ein molekular Test oder ein vorherig Antigenspeicheltest 
Der Unternehmer hat seine Pflicht zur Bereitstellung der digitalen Leistung erfüllt, sobald  die digitale Dienstleistung dem Verbraucher oder einer vom Verbraucher zu diesem Zweck bestimmten körperlichen oder virtuellen Einrichtung zugänglich gemacht worden ist.	digital Dienstleistung,digital Dienst	Cloud-Computing-Dienst,Cloud-Dienst,Cloud-Service,Internet-Suchmaschine,Online-Marktplatz,Online-Suchmaschine,Suchmaschine			der Unternehmer haben sein Verpflichtung zu Erbringung der digital Dienstleistung erfüllen  sobald der digital Dienstleistung der Verbraucher oder ein von Verbraucher zu dieser Zweck benannt natürlich oder virtuell Person zugänglich machen werden 
Zur Gewährleistung der NIS Netz- und Informationssystemsicherheit haben Anbieter digitaler Dienste in Hinblick auf die Netz- und Informationssysteme, die sie für die Bereitstellung des digitalen Dienstes nutzen, geeignete und verhältnismäßige technische und organisatorische Sicherheitsvorkehrungen zu treffen.	Anbieter digital Dienst	Cloud-Anbieter,Cloud-Provider			um der Sicherheit der NIS-Netzwerk und -Informationssystem zu gewährleisten  müssen Anbieter digital Dienst angemessen und verhältnismäßig technisch und organisatorisch Sicherheitsmaßnahme ergreifen  der auf der Netzwerk und Informationssystem abstimmen sein  der sie für der Erbringung ihr digital Dienst nutzen 
Bei der Gewährung der Wohnbauförderung des Landes werden hauptsächlich berücksichtigt:  das Bewohnen einer für unbewohnbar erklärten oder überfüllten Wohnung .	überfüllt Wohnung		Wohnrecht,Wohnungsrecht	angemessen Wohnung	bei der Gewährung von Landesbeihilfe für der Wohnungsbau werden vor alle Folgender berücksichtigen  der Nutzung ein als unbewohnbar erklärt Wohnung oder ein überfüllt Wohnung 
Der Handwerksunternehmer ist persönlich im Produktions-, Organisations-, Verwaltungs- oder Verkaufsbereich eines Handwerksunternehmens tätig.	Handwerksunternehmer		Selbstständige		der Handwerksunternehmer sein persönlich in produktiv  organisatorisch  administrativ oder kommerziell Bereich ein Handwerksbetrieb tätig 
Die mit Artikel 90 des Statutes errichtete Autonome Sektion für die Provinz Bozen des Regionalen Verwaltungsgerichtes von Trentino-Südtirol (Verwaltungsgericht Bozen - VwG Bozen) hat ihren Sitz in Bozen. Der Sprengel des Verwaltungsgerichtes Bozen umfaßt die Provinz Bozen.	Regionales Verwaltungsgericht		Verwaltungsgerichtsbarkeit		der autonom Sektion für der Provinz Bozen der Regionalen Verwaltungsgericht Trentino-Südtirol  der durch Artikel 90 der Statut einrichten werden  haben ihr Sitz in Bozen  ihr Zuständigkeitsbereich umfassen der Provinz Bozen 
Die Gerichtsbarkeit des Rechnungshofs umfasst Verfahren der verwaltungsgerichtlichen Rechnungslegung, Verfahren betreffend die verwaltungsrechtliche Haftung für Schäden zum Nachteil der öffentlichen Hand sowie sonstige Verfahren im Bereich des öffentlichen Rechnungswesens.	Rechnungshof	Berufungssektion,regional Rechtsprechungssektion,vereinigt Sektion			der Rechnungshof sein zuständig für Rechnungsstreitigkeit  Verfahren wegen verwaltungsrechtlich Haftung für Schaden an Staatshaushalt sowie für weit Verfahren in Bereich der öffentlich Rechnungsführung 
Die Wahrnehmung der in dieser Straßenverkehrsordnung vorgesehenen straßenpolizeilichen Aufgaben obliegt a) in erster Linie der Spezialeinheit Straßenpolizei der Staatspolizei, b) der Staatspolizei, c) den Carabinieri, d) dem Finanzwachekorps, .	Carabinieri		Streitkraft,bewaffnet Macht		der Wahrnehmung der in vorliegend Straßenverkehrsgesetz vorgesehen Aufgabe der Verkehrspolizei obliegen  a  in erster Linie der Verkehrspolizei der Staatspolizei    der Staatspolizei  c  der Carabinieri  d  der Finanzpolizeikorps 
Der Labortechniker/die Labortechnikerin führt aufgrund der Aufträge des/der Vorgesetzten Erhebungen, Analysen und Bestimmungen im chemischen, physikalischen, biologischen oder medizinischen Bereich durch.	Labortechniker			Laborassistent,qualifiziert Labortechniker	der qualifiziert Labortechniker führen in Auftrag hoch Fachkraft Messung  Analyse und Bestimmung auf der Gebiet der Chemie  Physik  Biologie oder Medizin durch 
Der Präsident des Regionalausschusses wird, sofern das Regionalstatut nichts anderes festlegt, in allgemeiner und direkter Wahl gewählt.	Regionalstatut		Satzung,Statut		der Präsident der Regionalregierung werden  sofern der Statut nichts anderer bestimmen  in allgemein und direkt Wahl wählen 
Das Rechnungsprüferkollegium hat das Recht auf Zugang zu Unterlagen und Dokumenten des Landes, um die Ausübung der ihm übertragenen Aufgaben zu gewährleisten.	Recht auf Zugang,Zugangsrecht	Recht auf Zugang zu der Verwaltungsunterlage,Zugangsrecht zu der Verwaltungsunterlage			der Rechnungshof haben der Recht auf Zugang zu der Verwaltungsunterlage der Provinz  um der ihm übertragen Aufgabe wahrnehmen zu können 
Der Fahrer ist verpflichtet,  a) den Beschleunigungsstreifen zu verwenden, um auf den Fahrstreifen für den durchgehenden Verkehr einzufahren, und den auf diesem Fahrstreifen verkehrenden Fahrzeugen Vorfahrt zu geben .	Beschleunigungsspur,Beschleunigungsstreifen		gesondert Fahrstreifen	Verzögerungsspur,Verzögerungsstreifen	es bestehen der Verpflichtung  a  der Beschleunigungsstreifen zu benutzen  um auf der Fahrspur einfädeln  sowie der Fahrzeug  der sich auf dieser Fahrspur befinden  der Vorrang zu gewähren 
Sofern nichts anderes angezeigt wird , muss das Fahrzeug beim Halten und Parken so nah wie möglich am rechten Fahrbahnrand abgestellt werden, und zwar parallel zu diesem und in Fahrtrichtung.	Parken	Notparken			an Ort  an der der Parken nur für ein begrenzt Zeit gestatten sein  sein der Fahrzeugführer verpflichten  der Beginn der Parkzeit deutlich sichtbar angeben  Sofern ein Vorrichtung zu Überwachung der Parkdauer vorhanden sein  muss dieser in Betrieb nehmen werden 
Anwärter auf den Führerschein der Klasse B müssen an einer Fahrschule mit einem ausgebildeten und dazu berechtigten Praxisfahrlehrer Fahrübungen auf der Autobahn oder auf Freilandstraßen sowie bei Dunkelheit machen.	Freilandstraße	erstrangig Freilandstraße,zweitrangig Freilandstraße	Straße		wer der Fahrerlaubnis der Klasse B erwerben möchten  muss bei ein Fahrschule mit ein qualifiziert und zugelassen Fahrlehrer Fahrübung auf Autobahn oder Freilandstraße sowie bei Nachtfahrt absolvieren 
Betrifft die Zusatzstrafe der verwaltungsbehördlichen Fahrzeugbeschlagnahme ein Kleinkraftrad oder ein Kraftrad, so verfügt das vorgehende Polizeiorgan das Abschleppen des Fahrzeugs .	verwaltungsbehördlich Fahrzeugbeschlagnahme		vorbeugend Maßnahme		wenn Gegenstand der Nebenstrafe der verwaltungsbehördlich Fahrzeugbeschlagnahme ein Mofa oder ein Motorrad sein  ordnen der zuständig Polizeiorgan der Entfernung der Fahrzeug sowie der Verbringung an ein geeignet Verwahrungsort an 
Mit den Zusatzzeichen und -einrichtungen soll erreicht werden, dass Folgendes ersichtlich gemacht oder angezeigt wird: a) der Straßenverlauf, b) bestimmte gefährliche Kurven oder Stellen, c) Hindernisse auf oder neben der Fahrbahn.	Zusatzzeichen und -einrichtung		Verkehrszeichen		Zusatzzeichen und -einrichtungen dienen dazu  Folgender hervorheben oder kenntlich zu machen  a  der Straßenverlauf    besonderer Kurve und kritisch Punkt  c  Hindernis auf der Fahrbahn oder in der unmittelbar Nähe 
Der Bibliotheksinspektor/die Bibliotheksinspektorin wirkt mit bei der Planung und Einrichtung von Bibliotheken, sorgt für deren einheitliche Führung, plant und unterstützt Aktionen zur Leseförderung und ist für alle Bereiche von wissenschaftlichem Anspruch zuständig.	Bibliotheksinspektor			Archivar,Archivbeamter,Bibliothekar,Diplom-Bibliothekar	wer an der Planung und Einrichtung von Bibliothek mitwirken  sorgen für der Verwaltung nach einheitlich Kriterium  schlagen Initiative zu Förderung der Lesekultur vor und setzen dieser um und sein für aller Bereich von wissenschaftlich Bedeutung zuständig 
Das gebietsmäßig zuständige Ethikkomitee hat eine begründete positive Stellungnahme zum Forschungsprogramm abgegeben .	Ethikkomitee	Landesethikkomitee			der Forschungsprogramm muss ein begründet positiv Stellungnahme der zuständig Landesethikkomitee erhalten und vorab der Datenschutzbehörde zu Konsultation vorlegen werden 
Die Nutzung durch Dritte umfasst: a) die Vermietung ohne Fahrer, b) die Personenbeförderung im Mietfahrzeug mit Fahrer und im Taxi, c) den Personenlinienverkehr, d) die gewerbliche Güterbeförderung, e) den Güterlinienverkehr, f) die gewerbliche Güterbeförderung im Taxi.	Nutzung durch dritter		Nutzung der Fahrzeug	Eigennutzung	der Nutzung durch dritter umfassen  a  Vermietung ohne Fahrer    Mietwagendienst mit Fahrer und Taxidienst für der Personentransport  c  Linienverkehr für der Personentransport  d  Gütertransportdienst für dritter  e  Linienverkehr für der Gütertransport  f  Taxidienst für der Gütertransport für dritter 
Der Schutz und die Aufwertung des kulturellen Erbes sollen das Verständnis für die Geschichte der nationalen Gemeinschaft und für ihre Heimat sowie die Kulturentwicklung fördern.	Aufwertung der kulturell Erbe		Denkmalschutz		der Denkmalschutz tragen dazu bei  der kulturell Erbe zu bewahren  der Erinnerung an der national Gemeinschaft und ihr Territorium zu erhalten sowie der kulturell Entwicklung zu fördern 
Das Ministerium und die Regionen bestimmen einvernehmlich die politische Ausrichtung zur Erhaltung und Aufwertung der Landschaft .	Aufwertung der Landschaft		Landschaftsschutz	Erhaltung der Landschaft	der Ministerium und der Region legen in Einvernehmen der Politik zu Erhaltung und Aufwertung der Landschaft fest 
Die regionalen Rechtsprechungssektionen und die Rechtsprechungssektionen von Trient und von Bozen treffen ihre Entscheidungen durch drei Mitglieder des Richterstandes einschließlich des Präsidenten.	regional Rechtsprechungssektion		Rechtssprechungssektion	Berufungssektion,vereinigt Sektion	der regional Rechtsprechungssektion sowie der Rechtsprechungssektion von Trient und Bozen entscheiden unter Mitwirkung von drei Richter  einschließlich der vorsitzend 
Organe der Gerichtsbarkeit des Rechnungshofs sind die zentrale Berufungssektion mit Sitz in Rom, deren Zuständigkeit sich auf das Staatsgebiet erstreckt, und die Berufungssektion für die Region Sizilien mit Sitz in Palermo, deren Zuständigkeit sich auf das Regionalgebiet erstreckt.	Berufungssektion		Rechtssprechungssektion	regional Rechtsprechungssektion,vereinigt Sektion	der Berufungssektion entscheiden unter Mitwirkung von fünf Richter  darunter ein vorsitzend  der Spruchkörper stehen ein vorsitzend oder der Richter mit der länger Dienstzeit vor 
Die vereinigten Rechtsprechungssektionen entscheiden über Zuständigkeitskonflikte sowie über Grundsatzfragen, die ihnen von den Berufungssektionen oder vom Präsidenten des Rechnungshofs zugeschoben werden, oder auf Antrag des Generalstaatsanwalts.	vereinigt Rechtsprechungssektion		Rechtssprechungssektion,vereinigt Sektion	vereinigt Sektion in besonderer Zusammensetzung,vereinigt Sektion in ihr Beschlussfunktion,vereinigt Sektion in ihr Kontrollfunktion,vereinigt Sektion in ihr beratend Funktion	der vereinigt Sektion in besonderer Zusammensetzung entscheiden über Kompetenzkonflikt und Grundsatzfrage  der ihr von der Berufungssektion  von Präsident der Rechnungshof oder auf Antrag der Generalstaatsanwalt vorlegen werden 
Der Ausdruck „Vertragnehmer“ bezeichnet jede natürliche oder juristische Person, Körperschaft oder Vereinigung, die mit einem Anbieter öffentlich zugänglicher elektronischer Kommunikationsdienste einen Vertrag über die Bereitstellung derartiger Dienste geschlossen hat oder jedenfalls Empfänger solcher Dienste durch Wertkarten ist, .	Anbieter der öffentlich zugänglich elektronisch Kommunikationsdienst,Anbieter ein öffentlich zugänglich elektronisch Kommunikationsdienst,Anbieter öffentlich zugänglich elektronisch Kommunikationsdienst		Anbieter der Dienst		"unter  Vertragspartei "" sein jeder natürlich oder juristisch Person  jeder Einrichtung oder Vereinigung zu verstehen  der ein Vertrag mit ein Anbieter öffentlich zugänglich elektronisch Kommunikationsdienst über der Erbringung solcher Dienst schließen haben oder auf anderer Weise Empfänger solcher Dienst mittels Prepaid-Karte sein "
Mit Maßnahme des Generalsekretärs des Rechnungshofs in seiner Rolle als Verantwortlicher des Kostenzentrums werden allgemeine Bestimmungen über die Festsetzung der Vergütungen für die Sachverständigen und Verwahrer festgelegt.	Generalsekretär der Rechnungshof	Informatikausschuss der Rechnungshof	Präsident der Rechnungshof		mit ein Verfügung der Generalsekretär der Rechnungshof  in sein Eigenschaft als verantwortliche der Kostenstelle  werden der allgemein Bestimmung für der Auszahlung der Vergütung der Sachverständigen und der Verwalter festlegen 
Die dem Rechnungshof angehörenden Mitglieder des Richterstandes, die den Kontrollsektionen und -ämtern zugeteilt sind, melden der zuständigen Regionalstaatsanwaltschaft sämtliche im Rahmen der Ausübung ihrer Funktionersichtlichen Tatsachen, aus denen eine Haftung für Schäden zum Nachteil der öffentlichen Hand erwachsen kann.	Regionalstaatsanwaltschaft	Regionalstaatsanwalt			der an der Spruchkörper und Kontrollstelle der Rechnungshofgerichtsbarkeit zugeteilt Richter melden der zuständig Regionalstaatsanwaltschaft aller Sachverhalt  aus der sich in Rahmen der Ausübung ihr Funktion ein Haftung gegenüber der Staat ergeben können 
Die Aufgaben des Staatsanwalts bei den mit der Rechtsprechung befassten Sektionen übt der Regionalstaatsanwalt oder ein anderes dem Amt zugewiesenes Mitglied des Richterstands aus.	Regionalstaatsanwalt		Regionalstaatsanwaltschaft		der Aufgabe der Staatsanwaltschaft vor der regional Gerichtshof werden von Regionalstaatsanwalt oder von ein anderer der Amt zugeteilt Richter wahrnehmen 
Falls es notwendig sein sollte, bestimmte Körperteile vor besonderen Risiken zu schützen, müssen den Arbeitnehmern geeignete Schutzmittel zur Verfügung gestellt werden, wie zum Beispiel angemessene Schutzschirme, Schürzen, Brustschutz, Beinschienen oder Gamaschen.	Brustschutz		PSA,persönlich Schutzausrüstung		falls bestimmt Körperteil gegen besonderer Gefahr schützen werden müssen  müssen der Arbeitnehmer geeignet Schutzmittel wie entsprechend Schutzeinrichtung  Schürze  Brustschutz  Beinschutz oder Gamasche zu Verfügung stehen 
Vor Beginn der Abbrucharbeiten oder der Arbeiten zur Entfernung von Asbest oder asbesthaltigen Materialien aus Gebäuden, Bauten, Geräten und Anlagen sowie Transportmitteln hat der Arbeitgeber einen Arbeitsplan aufzustellen.	Asbestsanierung,Beseitigung von Asbest,Entfernung von Asbest		Bonifizierung,Sanierung	Einhüllung,Einkapselung	der Arbeitgeber haben vor Beginn von Abbrucharbeit oder der Asbestsanierung sowie der Entfernung von asbesthaltig Materiali aus Gebäude  Bauwerk  Gerät und Anlage sowie aus Transportmittel ein Arbeitsplan zu erstellen 
Aufgrund der Risikobewertung ist es möglich, die Brandrisiko-Stufe des gesamten Arbeitsbereiches und aller Teile desselben zu klassifizieren: Diese Stufen können niedrig, mittel oder hoch sein.	Brandrisiko-Stufe		Risikoklasse,Risikostufe		auf Grundlage der Risikobewertung können der Brandrisiko-Stufe der gesamt Arbeitsplatz oder einzeln Bereich davon einstufen werden  dieser Stufe können niedrig  mittel oder hoch sein 
Es dürfen keine nicht elektrischen Arbeiten in der Nähe von Elektroleitungen oder elektrischen Anlagen mit nicht geschützten stromführenden Teilen, bzw. mit Teilen, die wegen besonderer Umstände als nicht genügend geschützt betrachtet werden, durchgeführt werden .	nicht elektrisch Arbeit			Elektroarbeit,elektrisch Arbeit	Elektroarbeit dürfen nicht in der Nähe von elektrisch Leitung oder elektrisch Anlage mit nicht geschützt aktiv Teil oder solcher  der aufgrund besonderer Umstand als nicht ausreichend schützen ansehen sein  ausführen werden 
Für Hand-Arm-Vibrationen  wird der tägliche Auslösewert, normiert auf einen Bezugszeitraum von 8 Stunden, auf 2,5 m/s² festgesetzt.  Für Ganzkörper-Vibrationen  wird der tägliche Auslösewert, normiert auf einen Bezugszeitraum von 8 Stunden, auf 0,5 m/s² festgesetzt.	täglich Auslösewert		Expositionswert für mechanisch Vibration		für mechanisch Schwingung  der auf der Hand-Arm-System übertragen werden  betragen der täglich Auslösewert  normieren auf ein Bezugszeitraum von 8 Stunde  der Maßnahme auslösen  2,5 m  s²  für mechanisch Schwingung  der auf der gesamt Körper übertragen werden  betragen der täglich Auslösewert  normieren auf ein Bezugszeitraum von 8 Stunde  0,5 m  s² 
Der Betriebsarzt verfasst auf Grund der Ergebnisse der ärztlichen Untersuchungen  eines der folgenden Urteile für die spezifische Aufgabe: a) tauglich; b) teilweise, zeitweilige oder bleibende Tauglichkeit, mit Verordnung oder Einschränkungen; c) zeitweilige Untauglichkeit; d) bleibende Untauglichkeit.	ärztlich Untersuchung	Vorsorgeuntersuchung,regelmäßig ärztlich Untersuchung	Gesundheitsüberwachung		der Betriebsarzt treffen auf Grundlage der Ergebnis der regelmäßig ärztlich Untersuchung einer der folgend Feststellung bezüglich der spezifisch Tätigkeit  a  Eignung    teilweise Eignung  vorübergehend oder dauerhaft  mit Auflage oder Einschränkung  c  vorübergehend Nichteignung  d  dauerhaft Nichteignung 
