context	tgt_term_gold	tgt_term_homonym	test_translations_epoch0	cpt_translations_b2	cpt_translations_b5
Abfälle zur Verwertung sind Abfälle, die verwertet werden; Abfälle, die nicht verwertet werden, sind Abfälle zur Beseitigung.	Abfall	Verweigerung	zu Verwertung bestimmt Abfall sein Abfall  der wiederverwerten werden  Abfall  der nicht wiederverwerten werden  sein Abfall  der zu Beseitigung bestimmen sein 	Verwertungsabfall sein Abfall  der verwerten werden  Abfall  der nicht verwerten werden  sein Abfall  der zu Beseitigung bestimmen sein 	der zu Verwertung bestimmt Abfall sein Abfall  der verwerten werden  Abfall  der nicht verwerten werden  sein Abfall  der zu Beseitigung bestimmen sein 
Abgrenzungsprobleme in Bezug auf den Verwaltungsakt ergeben sich gegenüber schlicht-hoheitlichem Handeln ebenso wie gegenüber  vorbereitenden Verfahrenshandlungen, verwaltungsrechtlichen Verträgen und dem Handeln in der Form einer Rechtsverordnung oder Satzung.	vorbereitend Verfahrenshandlung	Vorbereitungshandlung	Problem bei der Abgrenzung der Verwaltungsakt entstehen in Bezug auf rein autoritär Maßnahme sowie in Bezug auf vorbereitend Rechtsakt  Vertrag der Verwaltungsrecht und Maßnahme in Form von Verordnung oder Satzung 	Problem bei der Abgrenzung der Verwaltungsakt entstehen in Hinblick auf der rein autoritär Handlung sowie in Hinblick auf vorbereitend Handlung  Vertrag in Bereich der Verwaltungsrecht und der Aktion in Form ein Verordnung oder ein Statut 	Problem bei der Abgrenzung der Verwaltungsakt entstehen bei rein autoritär Maßnahme sowie bei vorbereitend Rechtsakt  Verwaltungsrechtsvertrag und Maßnahme in Form von Verordnung oder Satzung 
Abwertungen auf den niedriegeren Wert, der auf einer nur steuerrechtlich zulässigen Abschreibung beruht (§ 254 HGB), können wahlweise in der Form der passivischen Wertberichtigung vorgenommen werden.	Abwertung	Geldentwertung	Abschreibung auf der unterer Wert  der auf ein nur für steuerlich Zweck zulässig Abschreibung beruhen  Artikel 254 HGB   können wahlweise in Form ein passiv Wertkorrektur vornehmen werden 	Abwertung mit niedrigerem Wert  der auf ein nur für steuerlich Zweck  Artikel 254 HGB  zulässig Abschreibung beruhen  können nach Wahl in Form ein passiv Wertberichtigung vornehmen werden 	Abwertung mit niedrigerem Wert  der auf ein nur für steuerlich Zweck  Artikel 254 HGB  zulässig Abschreibung beruhen  können nach Wahl in Form ein Berichtigung der passiv Wert vornehmen werden 
Alkohol-, drogen- oder von Medikamenten abhängige Menschen sollen künftig nach einem qualifizierten Entzug im Krankenhaus direkt in eine Einrichtung der ambulanten oder stationären Suchtrehabilitation verlegt werden, wenn dies medizinisch notwendig ist.	Suchtrehabilitation	Rehabilitation	Person  der von Alkohol  Droge oder Medikament abhängig sein  müssen nach ein qualifiziert Krankenhausentgiftung in Zukunft direkt in ein ambulant oder häuslich Rehabilitationseinrichtung verlegen werden  wenn dieser medizinisch erforderlich sein 	Mensch  der von Alkohol  Droge oder Medikament abhängig sein  müssen nach ein fachgerecht Behandlung in Krankenhaus in Zukunft direkt in ein stationär oder stationär Rehabilitationseinrichtung überführen werden  wenn dieser medizinisch notwendig sein 	Mensch  der von Alkohol  Droge oder Medikament abhängig sein  müssen in Zukunft nach ein fachgerecht Behandlung in Krankenhaus direkt in ein stationär oder stationär Rehabilitationseinrichtung überführen werden  wenn dieser medizinisch notwendig sein 
Alle mit Kontrollschildern zugelassenen Fahrzeuge unterliegen der amtlichen, periodischen Nachprüfung. Die Zulassungsbehörde kann dies Nachprüfungen Betrieben oder Organisationen übertragen, welche für die vorschriftsgemässe Durchführung Gewähr bieten.	periodisch Nachprüfung	Wiederaufnahme	der Zulassungsbehörde können dieser Prüfung an Unternehmen oder Organisation delegieren  der der Einhaltung der Vorschrift gewährleisten 	der Zulassungsbehörde können dieser Prüfung Unternehmen oder Organisation übertragen  der der Einhaltung der Vorschrift gewährleisten 	aller Fahrzeug  der mit Kontrolletikette zulassen sein  unterliegen ein regelmäßig amtlich Überprüfung  der Zulassungsbehörde können dieser Prüfung an Unternehmen oder Organisation delegieren  der der Einhaltung der Vorschrift gewährleisten 
Alle vom Land im Rahmen seiner Gesetzgebungsbefugnisse zur Umsetzung von europäischen Richtlinien erlassenen Maßnahmen führen im Titel die Kennnummer der umgesetzten Richtlinie an und werden dem Departement für Europapolitik des Präsidiums des Ministerrates übermittelt.	Kennnummer	Benutzerkennung	aller Maßnahme  der der Land in Rahmen sein Gesetzgebungsbefugnis zu Umsetzung europäisch Richtlinie treffen haben  enthalten der Code zu Identifizierung der umgesetzt Richtlinie und werden der Abteilung für europäisch Politik der Vorsitz der Ministerrat übermittelen 	aller Maßnahme  der der Land in Rahmen sein legislativ Befugnis zu Umsetzung europäisch Richtlinie treffen haben  enthalten der Code zu Identifizierung der umgesetzt Richtlinie und werden an der Departement für Europapolitik der Vorsitz der Ministerrat weitergeleitet 	aller von Land in Rahmen sein legislativ Befugnis zu Umsetzung europäisch Richtlinie getroffen Maßnahme enthalten der Code zu Identifizierung der umgesetzt Richtlinie und werden der Ministerium für Europapolitik der Vorsitz der Ministerrat übermitteln 
Als Akte der Hoheitsverwaltung werden Verordnungen von den Behörden einseitig (heteronom) erlassen.	Verordnung	Geschäftsordnung	als souverän Verwaltungsakt werden der Verordnung einseitig  ehezeitig  von der Behörde erlassen 	als souverän Verwaltungsakt werden der Verordnung von der Behörde einseitig  endgültig  erlassen 	als souverän Verwaltungsakt werden der Verordnung von der Behörde einseitig  endgültig  erlassen 
Als GEHEIM werden Informationen klassifiziert, deren Kenntnisnahme durch Unberechtigte den Landesinteressen einen schweren Schaden zufügen kann.	geheim	Geheimhaltung,Geheimnis	Information  der Kenntnis durch unbefugte der national Interesse erheblich beeinträchtigen können  werden als geheim einstufen 	Information  der Kenntnis durch unbefugt Person der national Interesse erheblich beeinträchtigen können  werden als geheim einstufen 	Information  der Kenntnis durch unbefugt Person der national Interesse erheblich beeinträchtigen können  werden als geheim einstufen 
Als Lebenspartnerin oder Lebenspartner gilt die Person, die mit der Passinhaberin oder dem Passinhaber in einer eheähnlichen Gemeinschaft zusammenlebt.	Lebenspartner	in Haushalt lebend Person,in selber Haushalt lebend Person	als Lebenspartner gelten der Person  der mit der Inhaber der Pass in ein Gemeinschaft zusammenleben  der der Ehe gleichkommen 	Lebenspartner sein Person  der mit der Inhaber der Pass in ein Gemeinschaft zusammenleben  der der Ehe gleichstellen sein 	Lebenspartner sein Person  der mit der Inhaber der Pass in ein Gemeinschaft zusammenleben  der der Ehe gleichstellen sein 
Als Nachweis der technischen Leistungsfähigkeit können bei Bauaufträgen  Ausbildungsnachweise und Bescheinigungen über die berufliche Befähigung des Unternehmers und der Führungskräfte des Unternehmers, insbesondere der für die Ausführung der Arbeiten verantwortlichen Personen verlangt werden.	Führungskraft	Leiter,leitend Beamter	als Nachweis der technisch Leistungsfähigkeit können bei Bauauftrag der Ausbildungsnachweis und der Befähigungsnachweis der Unternehmer und der Führungskraft der Unternehmer  insbesondere der Person  der für der Ausführung der Arbeit verantwortlich sein  verlangen werden 	als Nachweis für der fachlich Eignung können bei Bauauftrag der Ausbildungsnachweis und der Nachweis über der beruflich Qualifikation der Unternehmer und der Führungskraft der Unternehmer  insbesondere der für der Durchführung der Arbeit verantwortlich Person  verlangen werden 	als Nachweis für der fachlich Eignung können bei Bauauftrag der Ausbildungsnachweis und Bescheinigung über der beruflich Qualifikation der Unternehmer und der Führungskraft der Unternehmer  insbesondere der Person  der für der Durchführung der Arbeit verantwortlich sein  verlangen werden 
Als Sitte wird der gesellschaftliche – mehr oder weniger gefestigte – Brauch verstanden, der nicht (mehr) erzwingbar ist; er beinhaltet das Abstellen auf ein äußeres, erwünschtes Verhalten.	Brauch	Benutzungsrecht,Benützungsrecht,Gebrauch,Gebrauchsrecht,Gewohnheitsrecht,Servitut der Gebrauch	gewöhnlich sein der mehr oder weniger etabliert sozial Gebrauch der sozial Nutzung  der  mehr  nicht zwingend sein und der Annahme ein gewünscht extern verhalten beinhalten 	Traditionell sein der mehr oder weniger gefestigt sozial Gebrauch nicht  mehr  zwingend und erfordern ein gewünscht extern verhalten 	Gewohnheit sein der mehr oder weniger gefestigt sozial Gebrauch  der nicht mehr zwingend sein und ein gewünscht extern verhalten erfordern 
Als Täter einer Aussetzung kommt jedermann in Betracht. Beim Verlassen hingegen ist erforderlich, daß die hilflose Person unter der Obhut des Täters stegt oder dieser für die Unterbringung, Fortschaffung oder Aufnahme des Verlassenen zu sorgen hat.	Obhut	Aufbewahrung,Verwahrung	in Fall der Abschiebung muss sich der wehrlos Person in Gewahrsam der Täter befinden oder für der Unterbringung  der Transport oder der Aufnahme der verlassen Person sorgen 	in Fall der Ausweisung muss sich der wehrlos Täter in Gewahrsam befinden oder er muss für der Unterbringung  Beförderung oder Aufnahme der zurückgelassen Person sorgen 	in Fall der Abschiebung muss sich der wehrlos Person in Gewahrsam der Täter befinden oder muss der Täter für der Unterbringung  Beförderung oder Aufnahme der zurückgelassen Person sorgen 
Als VERTRAULICH werden Informationen klassifiziert, deren Kenntnisnahme durch Unberechtigte den Landesinteressen Schaden zufügen kann.	vertraulich	Dauerrezept	Information  der Kenntnis durch nicht befugt Person der national Interesse beeinträchtigen können  werden als RR einstufen 	Information  der Kenntnis durch unbefugt Person der national Interesse beeinträchtigen können  werden als RR einstufen 	Information  der Kenntnis durch unbefugt Person der national Interesse beeinträchtigen können  werden als RR einstufen 
Als Verarbeitung gilt auch das Schreiben, Zeichnen, Malen, Drucken, Gravieren oder eine ähnliche Bearbeitung der Oberfläche.	Verarbeitung	Konkretisierung,Konzentration	als Spezifikation gelten auch der schreiben  der Zeichnen  der Malen  der Drucken  der Einschneiden oder ein ähnlich Oberflächenbearbeitung 	als Spezifikation gelten auch der schreiben  der Zeichnen  der Malen  der Drucken  der einreißen oder ein ähnlich Oberflächenbearbeitung 	unter Spezifikation verstehen man auch der schreiben  der Zeichnen  der Malen  der Drucken  der Einschneiden oder ein ähnlich Oberflächenbearbeitung 
Als Zeitpunkt der Auslieferung ist, wenn die Verfügung es nicht anders bestimmt, der Tod des Vorerben zu betrachten.	Zeitpunkt	Dauer,Zeit,Zeitraum	welcher Zeit der Devolution  wenn der Anordnung nicht anders bestimmen  sein der Tod der Prälegator zu betrachten 	welcher Zeit der Devolution  wenn der Bestimmung nichts anderer bestimmen  sein der Tod der Prälegator zu berücksichtigen 	welcher Zeit der Devolution  wenn der Bestimmung nichts anderer bestimmen  gelten als Tod der Prälegator 
Als gefährlich gelten insbesondere kanzerogene, mutagene, teratogene, giftige und ätzende Stoffe sowie Stoffe, die zu Bränden und Explosionen Anlass geben können.	mutagen	erbgutverändernd Stoff	als gefährlich gelten insbesondere krebserregend  erbgutverändernd  teratogen  toxisch und ätzend Stoff sowie Stoff  der zu Brand und Explosion führen können 	als gefährlich gelten insbesondere krebserzeugend  erbgutverändernd  teratogen  toxisch und ätzend Stoff sowie Stoff  der zu Brand und Explosion führen können 	als gefährlich gelten insbesondere krebserzeugend  erbgutverändernd  teratogen  toxisch und ätzend Stoff sowie Stoff  der zu Brand und Explosion führen können 
Als wichtige Gründe gelten Bestimmungen über die Zusammensetzung des Aktionärskreises, die im Hinblick auf den Gesellschaftszweck oder die wirtschaftliche Selbständigkeit des Unternehmens die Verweigerung rechtfertigen.	Verweigerung	Abfall	der Bestimmung über der Zusammensetzung der Aktiengesellschaft  der aufgrund der sozial Ziel oder der wirtschaftlich Autonomie der Unternehmen der Ablehnung rechtfertigen  sein rechtfertigen 	der Bestimmung über der Zusammensetzung der Aktiengesellschaft  der aufgrund der sozial Ziel oder der wirtschaftlich Autonomie der Unternehmen der Ablehnung rechtfertigen  sein rechtfertigen 	der Bestimmung über der Zusammensetzung der Aktiengesellschaft  der aufgrund der sozial Ziel oder der wirtschaftlich Autonomie der Unternehmen der Ablehnung rechtfertigen  sein rechtfertigen 
Am 12. Juni 1999 führte die Kantonspolizei Nidwalden beim Motorfahrradfahrer X. zwei Atemlufttests  durch, die einen Blutalkoholgehalt von 1,36 bzw. 1,54 Gewichtspromillen ergaben.	Blutalkoholgehalt	AAK,Atemalkoholkonzentration	an 12. Juni 1999 führen der kantonal Polizei von Nidvaldo zwei Atemtest an der Kraftradfahrer X durch  bei der ein Blutalkoholgehalt von 1,36 bzw. 1,54 pro 1 000 Gewichtshundertteil feststellen werden 	an 12. Juni 1999 führen der kantonal Polizei von Nidvaldo zwei Atemtest an der Fahrer der Motorradfahrer X durch  bei der ein Blutalkoholspiegel von 1,36 % bzw. 1,54 % der Gewicht feststellen werden 	an 12. Juni 1999 führen der kantonal Polizei von Nidvaldo zwei Atemtest durch  bei der ein Blutalkoholspiegel von 1,36 % bzw. 1,54 % der Gewicht feststellen werden 
Am Zugang zum Gemeinschaftseigentum oder an dem am stärksten gemeinschaftlich genutzten Ort, der auch Dritten zugänglich ist, werden die Personalien und das Domizil des Verwalters sowie seine Zustelladressen samt Telefonnummern ausgehängt.	Gemeinschaftseigentum	Kondominium,Miteigentumsgebäude,Miteigentümergemeinschaft	der Zugang zu der Eigentumswohnung oder zu der am häufig besucht Ort  der auch dritter zugänglich sein  sein mit der Personendatum und der Wohnsitz der Verwalter sowie mit sein Kontaktdatum und Telefonnummer zu versehen 	bei Zugang zu Kondom oder an beliebte gemeinsam Ort  der auch dritter zugänglich sein  werden der personenbezogen Datum und der Wohnsitz der Verwalter sowie sein Kontakt und Telefonnummer speichern 	bei Zugang zu Kondom oder an beliebte gemeinsam Ort  der auch dritter zugänglich sein  werden der personenbezogen Datum und der Wohnsitz der Verwalter sowie sein Kontakt und Telefonnummer speichern 
An Kreuzungen und Einmündungen hat die Vorfahrt, wer von rechts kommt.	Vorfahrt	Vorrang,Vorzug	bei Kreuzung und Schnitt haben der Rechtsmann Vorrang 	bei Kreuzung und Zwischenstrecke haben derjenige Vorrang  der von rechts kommen 	bei Kreuzung und Kreuzung haben derjenige Vorrang  der von rechts kommen 
An der genannten Gesellschaft können sich öffentliche Körperschaften und Anstalten, private Körperschaften, Anstalten und Vereinigungen sowie Privatpersonen beteiligen, die aufgrund einer Konzession oder einer behördlichen Erlaubnis einen gemeinnützigen Zweck oder zumindest keine Gewinnabsicht verfolgen.	behördlich Erlaubnis	Ermächtigung,Genehmigung	an dieser Gesellschaft können öffentlich Einrichtung  Einrichtung  Einrichtung und Vereinigung sowie natürlich Person teilnehmen  der aufgrund ein Konzession oder Genehmigung ein gemeinnützig Zweck verfolgen oder zumindest kein Erwerbszweck verfolgen 	an dieser Gesellschaft können öffentlich Einrichtung  Einrichtung  Einrichtung und Vereinigung sowie natürlich Person teilnehmen  der aufgrund ein Konzession oder ein Genehmigung ein gemeinnützig Zweck verfolgen oder zumindest kein Erwerbszweck verfolgen 	an dieser Gesellschaft können öffentlich Einrichtung  Einrichtung  Einrichtung und Vereinigung sowie natürlich Person teilnehmen  der aufgrund ein Konzession oder Genehmigung ein gemeinnützig Zweck verfolgen oder zumindest kein Erwerbszweck verfolgen 
Andernfalls ist unverzüglich ihre Vernichtung und eine entsprechende Herabsetzung des Kapitals vorzunehmen.	Vernichtung	Annullierung,Aufhebung,Nichtigerklärung	sein dieser nicht der Fall  so sein unverzüglich ein Annullierung und ein entsprechend Herabsetzung der Kapital vornehmen 	sein dieser nicht der Fall  so sein unverzüglich der Annullierung und ein entsprechend Kapitalkürzung vornehmen 	sein dieser nicht der Fall  so sein unverzüglich der Annullierung und ein entsprechend Herabsetzung der Kapital vornehmen 
Anders als beim Rechtsirrtum spielt es keine Rolle, ob der Tatbildirrtum verschuldet ist.	Tatbildirrtum	Tatsachenirrtum	in Gegensatz zu Rechtsfehler sein es unerheblich  ob der tatsächlich Fehler auf Schuld zurückführen sein 	in Gegensatz zu Rechtsirrtum sein es unerheblich  ob der tatsächlich Fehler auf Schuld zurückführen sein 	in Gegensatz zu Rechtsirrtum sein es unerheblich  ob der tatsächlich Fehler auf Schuld zurückführen sein 
Angebote von geringer publizistischer Tragweite sind zudem Angebote, welche:  weder Sponsoring noch Werbung enthalten mit Ausnahme von Werbung für eigene Produkte und Dienstleistungen.	Werbung	Publizität	Angebot von gering Werbebedeutung sein auch Angebot  der weder Sponsoring noch Werbung enthalten  mit Ausnahme der Werbung für ihr Produkt und Dienstleistung 	Angebot von gering Bedeutung für der Öffentlichkeit sein auch Angebot  der weder Sponsoring noch Werbung enthalten  mit Ausnahme der Werbung für ihr Produkt und Dienstleistung 	Öffentliche Angebot von gering Bedeutung sein auch Angebot  der weder Sponsoring noch Werbung enthalten  mit Ausnahme der Werbung für ihr Produkt und Dienstleistung 
Anhand des Promemoria kann der Apotheker oder die Apothekerin sowie der Arzt oder die Ärztin die Nummer des elektronischen Rezepts und die Steuernummer des Patienten oder der Patientin feststellen.	Promemoria	Merkblatt	auf der Grundlage der Erinnerung können der Apotheker oder Apotheker sowie der Arzt oder der Arzt der Nummer der elektronisch Rezept und der Steuernummer der Patient oder der Patientin ermitteln 	auf der Grundlage dieser Erinnerung können der Apotheker oder Apotheker sowie der Arzt oder der Arztin der Nummer der elektronisch Rezept und der Steuernummer der Patient oder der Patient feststellen 	auf der Grundlage dieser Erinnerung können der Apotheker oder Apotheker sowie der Arzt oder der Arztin der Nummer der elektronisch Rezept und der Steuernummer der Patient oder der Patient feststellen 
Anschaffungs- oder Herstellungskosten, die für denkmalgeschützte Betriebsgebäude im Interesse der Denkmalpflege aufgewendet werden, können  gleichmäßig auf zehn Jahre verteilt abgeschrieben werden.	Denkmalpflege	Konservierung	der Anschaffung oder Produktionskosten  der für aufgrund der Erhaltung von Kulturgüter geschützt Betriebsgebäude anfallen  können innerhalb von zehn Jahr in konstant Anteil amortisieren werden 	Anschaffung oder Produktionskosten  der für Geschäftsgebäude anfallen  der aufgrund der Erhaltung von Kulturgütern schützen sein  können innerhalb von zehn Jahr in konstant Anteil abgeschrieben werden 	der Anschaffung oder Produktionskosten  der für Geschäftsgebäude entstehen  der aufgrund der Erhaltung von Kulturgütern schützen sein  können über ein Zeitraum von zehn Jahr in konstant Anteil abgeschrieben werden 
Ansprüche des Leasingnehmers gegen den Leasinggeber wegen Mangelhaftigkeit der Sache werden idR ausgeschlossen .	Leasingnehmer	Bestandnehmer,Mieter	der Recht der Mieter gegenüber der Vermieter aufgrund von Fehler der Sache sein in der Regel ausschließen 	der Recht der Mieter gegenüber der Verpächter aufgrund von Fehler sein grundsätzlich ausschließen 	der Recht der Mieter gegenüber der Verpächter aufgrund von Fehler sein in der Regel ausschließen 
Anwärter/Anwärterinnen auf den Dienstrang eines Seilbahnwartes/einer Seilbahnwartin müssen für jede Anlagenkategorie die für den Führerschein der Klasse B notwendigen Anforderungen an die körperliche und geistige Tauglichkeit erfüllen .	Tauglichkeit	tauglich	Bewerber und Bewerber  der für der Instandhaltung von Seilbahn zuständig sein  müssen für jeder Anlagekategorie der für der Führerschein der Klasse B erforderlich körperlich und geistig Eignungsanforderung erfüllen 	Bewerber und Bewerberin für der Status ein Seilbahnenwartungspersonal müssen für jeder Kategorie der Anlage der für der Führerschein der Klasse B erforderlich körperlich und geistig Eignungsanforderung erfuellen 	Bewerber und Bewerberin  der für der Wartung von Seilbahn in Frage kommen  müssen für jeder Kategorie von Seilbahn der für der Führerschein der Klasse B erforderlich körperlich und geistig Eignungsanforderung erfuellen 
Arbeiten dürfen von Leiterstufen oder einer Plattform dauerhaft nur bis zu einer Standhöhe von 2 m ausgeführt werden.	Leiterstufe	Stufe,Treppenstufe	der Arbeit dürfen von Stufe oder ein Plattform nur bis zu ein Standhöhe von 2 m dauerhaft ausführen werden 	der Arbeit dürfen nur von Stufe oder ein Plattform bis zu ein Parkhöhe von 2 m dauerhaft ausführen werden 	der Arbeit dürfen auf Dauer nur von Stufe oder ein Plattform bis zu ein Parkhöhe von 2 m ausführen werden 
Arbeitgeber können für die berufliche Weiterbildung von Arbeitnehmern, bei denen die Notwendigkeit der Weiterbildung wegen eines fehlenden Berufsabschlusses anerkannt ist, durch Zuschüsse zum Arbeitsentgelt gefördert werden, soweit die Weiterbildung im Rahmen eines bestehenden Arbeitsverhältnisses durchgeführt wird.	beruflich Weiterbildung	Aktualisierung	der Arbeitgeber können in Weg von Lohnzuschuß für der Aktualisierung von Arbeitnehmer subventionieren werden  für der aufgrund fehlend beruflich Qualifikation der Notwendigkeit der Aktualisierung anerkennen werden  sofern der Aktualisierung in Rahmen ein bestehend Arbeitsverhältnis erfolgen 	der Arbeitgeber können durch Lohnzuschlag für der Weiterbildung von Arbeitnehmer  der aufgrund fehlend beruflich Qualifikation ein Weiterbildung benötigen  unterstützen werden  sofern der Weiterbildung in Rahmen ein bestehend Arbeitsverhältnis erfolgen 	der Arbeitgeber können in Weg von Lohnzuschuß für der Weiterbildung von Arbeitnehmer unterstützen werden  der aufgrund fehlend beruflich Qualifikation ein Weiterbildung benötigen  sofern der Weiterbildung in Rahmen ein bestehend Arbeitsverhältnis erfolgen 
Arbeitnehmer unterliegen  der Gesundheitsüberwachung, wenn sie gesundheitsgefährdenden chemischen Arbeitsstoffen ausgesetzt sind, die als hochgiftig, giftig, gesundheitsschädlich, sensibilisierend, irritierend, für den Produktionszyklus giftig, krebserregend und erbgutverändernd  klassifiziert sind.	erbgutverändernd	Mutage,erbgutverändernd Stoff	der Arbeitnehmer unterliegen ein Gesundheitsüberwachung  wenn sie gesundheitsgefährdend Chemikalie aussetzen sein  der als sehr giftig  giftig  schädlich  sensibilisierend  reizend  fortpflanzungsgefährdend  krebserregend und mutage einstufen sein 	der Arbeitnehmer unterliegen ein Gesundheitsüberwachung  wenn sie gefährlich chemisch Arbeitsstoff aussetzen sein  der als sehr giftig  giftig  schädlich  sensibilisierend  reizend  reproduktiv  karzinoge und mutage einstufen sein 	der Arbeitnehmer unterliegen ein Gesundheitsüberwachung  wenn sie gefährlich chemisch Arbeitsstoff aussetzen sein  der als sehr giftig  giftig  schädlich  sensibilisierend  reizend  fortpflanzungsgefährdend  krebserregend und erbgutverändernd einstufen sein 
ArbeitnehmerInnen sind vor Gefahren durch natürliche optische Strahlung, insbesondere solarer Strahlung, wie IR-Strahlung, sichtbares Licht und UV-Strahlung, zu schützen .	sichtbar Licht	GVP,Gesundheitsverträglichkeitsprüfung	Arbeitnehmerin und Arbeitnehmerin müssen vor der Gefahr natürlich optisch Strahlung schützen werden  insbesondere vor Sonnenstrahlung wie IR-Strahlung  VIS und UV-Strahlung 	Arbeitnehmerin und Arbeitnehmer müssen vor der Gefahr der natürlich optisch Strahlung  insbesondere der Sonnenstrahlung  wie IR-Strahlung  VIS und UV-Strahlung schützen werden 	Arbeitnehmerin und Arbeitnehmer müssen vor der Gefahr der natürlich optisch Strahlung  insbesondere der Sonnenstrahlung  wie IR-Strahlung  VIS-Strahlung und UV-Strahlung schützen werden 
Arbeitsbedingte Erkrankungen sind Gesundheitsstörungen, die ganz oder teilweise durch die Arbeitsumstände verursacht werden.	Arbeitsumstand	Arbeitsbedingung	Berufskrankheit sein Gesundheitsproblem  der ganz oder teilweise durch der Arbeitsbedingung verursachen werden 	Berufskrankheit sein gesundheitlich Störung  der ganz oder teilweise durch der Arbeitsbedingung verursachen werden 	Berufskrankheit sein gesundheitlich Störung  der ganz oder teilweise durch der Arbeitsbedingung verursachen werden 
Arbeitsmittel und Arbeitsvorgänge, die an Arbeitsplätzen Lärm oder Vibrationen über den Auslösewerten verursachen, sind unter Berücksichtigung der Arbeitsabläufe nach Möglichkeit in eigenen Räumen unterzubringen bzw. durchzuführen.	Auslösewert	Interventionsschwelle	Arbeitsmittel und Arbeitsverfahren  der Lärm oder Vibration erzeugen  der der Auslösewert an Arbeitsplatz überschreiten  müssen so weit wie möglich in getrennt Raum unterbringen oder ausführen werden  wobei der Arbeitsprozesse zu berücksichtigen sein 	Arbeitsmittel und Arbeitsverfahren  der Lärm oder Vibration verursachen  der der Auslösewert an Arbeitsplatz überschreiten  müssen unter Berücksichtigung der Arbeitsablauf so weit wie möglich in getrennt Raum unterbringen oder ausführen werden 	Arbeitsmittel und Arbeitsverfahren  der Lärm oder Vibration verursachen  der über der Auslösewert an Arbeitsplatz liegen  müssen unter Berücksichtigung der Arbeitsablauf so weit wie möglich in getrennt Raum unterbringen oder ausführen werden 
Arbeitsmittel, die beim Verwenden eine Gefährdung der Arbeitnehmer durch bewegte Teile darstellen, sind mit entsprechenden Schutzeinrichtungen auszurüsten, die verhindern, dass in den Gefahrenbereich bewegter Teile getreten oder gegriffen werden kann.	Gefährdung	Gefahr,Risiko	Arbeitsmittel  der während der Gebrauch ein Risiko für der Arbeitnehmer aufgrund von sich bewegend Teil darstellen  müssen mit geeignet Schutzeinrichtung versehen sein  der der Zugang zu oder der Berührung mit der Gefahrenbereich der sich bewegend Teil verhindern 	Arbeitsmittel  der bei Benutzung durch fahrend Teil ein Risiko für der Arbeitnehmer darstellen  müssen mit geeignet Schutzvorrichtung ausstatten sein  der der Zugang zu oder Kontakt zu Gefahrenbereich der sich bewegend Teil verhindern 	Arbeitsmittel  der bei Benutzung von beweglich Teil ein Risiko für der Arbeitnehmer darstellen  müssen mit geeignet Schutzvorrichtung ausstatten sein  der der Zugang zu oder der Berührung mit der Gefahrenzone der beweglich Teil verhindern 
Arbeitsstoffe, wie Gase, Dämpfe, Stäube und Aerosole, gelangen entweder bei der Einatmung oder bei Flüssigkeiten und Stäuben durch Verschlucken oder durch die Hautresorption in den Körper.	Arbeitsstoff	Handelsvertreter,Täter	Stoff  wie Gas  Dämpfe  Pulver und Aerosole  durchdringen in der Körper oder durch einatmen oder  bei Flüssigkeit und Pulver  durch Verschlucken oder Absorption der Haut 	Stoff wie Gas  Dämpfe  Pulver und Aerosole gelangen in der Körper oder durch einatmen oder  bei Flüssigkeit und Staub  durch Verschlucken oder Hautresorption 	Stoff wie Gas  Dämpfe  Pulver und Aerosole gelangen in der Körper oder durch einatmen oder  in Fall von Flüssigkeit und Staub  durch Verschlucken oder Hautresorption 
Art. 20 des Landesgesetzes Nr. 17/93 betrifft Fachgutachten, die während der Ermittlungsphase des Verfahrens aufgrund einer Rechtsvorschrift des Landes, der Region, des Staates oder der Gemeinschaft von dazu vorgesehenen Organen oder Einrichtungen eingeholt werden müssen.	Ermittlungsphase	Entscheidungsvorbereitung,Ermittlungstätigkeit,Ermittlungsverfahren	Artikel 20 der Provinzgesetz Nr. 17  93 betreffen der Gutachten  der bei der Prüfung der Verfahren aufgrund ein Provinz  Regional  Staat oder Gemeinschaftsregelung durch der für dieser Verfahren zuständig Organ oder Einrichtung einholen werden müssen 	L'articolo 20 della legge provinciale n. 17  93 Riguarda Le visazioni che deve essere essere Acquisiti nell'accessione del Procedura in virtù di un disposizione regolamento provinciale  regional  Statale o Comunitario da Parte organi o enti a Tali Comunitari 	L'articolo 20 della legge provinciale n. 17  93 Riguarda Le Affermazioni che deve essere essere Acquisiti nell'accessione del Procedura in virtù di un disposizione regolamento provinciale  regional  Statale o Comunitario da Parte organi o enti a tali Comunitari 
Arten der dienstlichen Ausbildung sind 1. die Grundausbildung, 2. das Management-Training sowie 3. die sonstige dienstliche Weiterbildung und Mitarbeiterqualifizierung.	dienstlich Weiterbildung	Aktualisierung	1. Grundausbildung  2. Managementtraining sowie 3. Weiterbildung und Qualifizierung der Personal 	der beruflich Ausbildungsform sein 1. Grundausbildung  2. Managementtraining sowie 3. Weiterbildung und Qualifizierung der Personal 	der beruflich Ausbildungsform sein 1. Grundausbildung  2. Managementtraining sowie 3. Weiterbildung und Qualifizierung der Personal 
Auch Konzessionsverträge  können die Erfüllung öffentlicher Aufgaben durch Private zum Gegenstand haben, indem sie die Konzessionäre verpflichten, gewisse öffentliche Interessen wahrzunehmen (z.B. Transport-, Fahrplan-, Tarifplficht der Konzessionäre für die regelmässige Personenbeförderung).	Konzessionsvertrag	Bewilligung,Konzession	auch Konzession können der Erfüllung öffentlich Aufgabe durch Privatperson zu Gegenstand haben  indem sie der Konzessionär verpflichten  bestimmt öffentlich Interesse zu verfolgen  z. B. der Verpflichtung zu Beförderung  zu Zeit  zu Tarif der Konzessionär für der regelmäßig Personenbeförderung  	Konzession können auch der Erfüllung öffentlich Aufgabe durch Privatperson zu Gegenstand haben  indem sie der Vertragshändler verpflichten  bestimmt öffentlich Interesse zu verfolgen  z. B. der Verpflichtung zu Beförderung  zu Zeit  zu Tarif für der regelmäßig Personenbeförderung  	Konzession können auch der Erfüllung öffentlich Aufgabe durch Privatperson zu Gegenstand haben  indem sie der Vertragshändler verpflichten  bestimmt öffentlich Interesse zu verfolgen  z. B. der Verpflichtung zu Beförderung  zu Zeit  zu Tarif für der regelmäßig Personenbeförderung  
Auch bei den Dienstbarkeiten ist das obligatorische Verpflichtungsgeschäft, das auch über eine etwaige Gegenleistung bestimmt, von dem dinglichen Geschäft, der Bestellung der Dienstbarkeit, zu unterscheiden.	Dienstbarkeit	Grunddienstbarkeit	auch für der Dienst sein es notwendig  zwischen der obligatorisch Geschäft  der auch zu ein möglich Gegenleistung führen  und der königlich Geschäft  d.her der Einrichtung der Dienstleistung  zu unterscheiden 	auch für der Sklavendienst müssen zwischen der obligatorisch Geschäft  der auch ein Gegenleistung nach sich ziehen  und der tatsächlich Geschäft  der heißen der Einrichtung der Sklaverei  unterscheiden werden 	auch für der Sklaverei sein es notwendig  zwischen der obligatorisch Geschäft  der auch zu ein möglich Gegenleistung führen  und der tatsächlich Geschäft  der heißen der Einrichtung der Sklaverei  zu unterscheiden 
Auch bloße Motive können zur Bedingung gemacht werden (§ 901).	Motiv	Beweggrund	auch der bloß Grund können unter Vorbehalt abziehen werden  § 901  	auch der einfach Grund können unter Vorbehalt abziehen werden  § 901  	auch der bloß Grund können unter Vorbehalt abziehen werden  § 901  
Auch die Nötigung zu einem rechtswidrigen Tun oder Unterlassen fällt unter Art. 181.	Tun	Aktie,handeln,Handlung,Klage,Tat,verhalten	auch der Beteiligung an ein rechtswidrig Handlung oder Unterlassung fallen in der Anwendungsbereich von Artikel 181.	auch der Beteiligung an ein rechtswidrig Handlung oder Unterlassung fallen unter Artikel 181.	der Beteiligung an ein rechtswidrig Handlung oder Unterlassung fallen ebenfalls unter Artikel 181.
Auch ein einziger Fall kann einen Ausbruch darstellen. Nämlich dann, wenn die Krankheit lange nicht oder noch nie aufgetreten ist.	Ausbruch	Ausbruchsgebiet	auch ein Einzelfall können ein Ausbruch sein  insbesondere dann  wenn der Krankheit lange nicht auftreten sein oder nie auftreten sein 	auch ein Einzelfall können ein Ausbruch sein  ganz konkret  wenn der Krankheit nicht lange auftreten sein oder nie auftreten sein 	auch ein Einzelfall können ein Ausbruch sein  ganz konkret  wenn der Krankheit nicht lange auftreten sein oder nie auftreten sein 
Auf Basis der Vollstreckungsverfügung erfolgt  der eigentliche Exekutionsakt.	Exekutionsakt	Ausführungshandlung,Vollstreckungshandlung	auf der Grundlage der Vollstreckungsmaßnahme finden der eigentlich Vollstreckungsakt statt 	auf der Grundlage der Vollstreckungsentscheidung finden der eigentlich Vollstreckungsakt statt 	auf der Grundlage der Vollstreckungsentscheidung finden der eigentlich Vollstreckungsakt statt 
Auf Deponien sind folgende Abfälle nicht zulässig: a) flüssige Abfälle, b) Abfälle, die explosiv, brandfördernd, oder entzündbar .	Abfall	Verweigerung	Folgende Abfall sein auf Deponie nicht zulässig  a  flüssig Abfall    explosiv  brandfördernd oder entzündbar Abfall 	Folgende Abfall sein auf Deponie nicht zulässig  a  fluessig Abfall    explosiv  brandfördernd oder entzuendlich Abfall 	Folgende Abfall sein auf Deponie nicht zulässig  a  fluessig Abfall    explosiv  brandfördernd oder entzuendlich Abfall 
Auf Strassenverzweigungen hat das von rechts kommende Fahrzeug den Vortritt. Fahrzeuge auf gekennzeichneten Hauptstrassen haben den Vortritt, auch wenn sie von links kommen.	Vortritt	Vorrang,Vorzug	bei Straßenkreuzung haben der Fahrzeug von rechts der Vorrang  Fahrzeug  der auf markiert Hauptstraße fahren  haben der Vorrang  auch wenn sie von links kommen 	bei Straßenkreuzung haben der von der rechter Seite kommend Fahrzeug Vorrang  wobei der auf der Hauptverkehrsstraße verkehrend Fahrzeug Vorrang haben  auch wenn sie von links kommen 	bei Straßenkreuzung haben der von der rechter Seite kommend Fahrzeug Vorrang  wobei der auf der Hauptverkehrsstraße verkehrend Fahrzeug Vorrang haben  auch wenn sie von links kommen 
Auf Verlangen des Beschuldigten sind ihm weitere konkret zu bezeichnende Aktenstücke schriftlich zu übersetzen .	Aktenstück	Prozesshandlung,Verfahrenshandlung	auf Antrag der angeklagter sein ihm weit Verfahrenshandlung schriftlich zu übersetzen  der konkret festlegen sein 	auf Antrag der angeklagter müssen ihm weit konkret Verfahrensakt schriftlich übersetzen werden 	auf Antrag der angeklagter müssen ihm weit konkret Verfahrensakt schriftlich übersetzen werden 
Auf den Jahresdurchschnitt bezogen, kann man davon ausgehen, dass in Südtirol insgesamt in ca. 11% der untersuchten Häuser, im Erdgeschoss, die von der EU empfohlene Eingriffsschwelle von 400 Bq/m³ überschritten wird.	Eingriffsschwelle	Auslösewert	anhand der Jahresdurchschnitt können davon ausgehen werden  dass in Südtirol insgesamt in etwa 11 % der untersucht Haus in Erdgeschoss der von der EU empfohlen Aktionsniveau von 400 Bq  m3 überschreiten werden 	in Jahresdurchschnitt sein davon ausgehen  dass in Südtirol insgesamt etwa 11 % der untersucht Haus in Erdgeschoss über der von der EU empfohlen Aktionswert von 400 Bq  m3 liegen 	unter Zugrundelegung der Jahresdurchschnitt können davon ausgehen werden  dass in Südtirol insgesamt etwa 11 % der geprüft Haus in Erdgeschoss über der von der EU empfohlen Aktionswert von 400 Bq  m3 liegen 
Auf den Tauschvertrag finden die Vorschriften über den Kaufvertrag in dem Sinne Anwendung, dass jede Vertragspartei mit Bezug auf die von ihr versprochene Sache als Verkäufer und mit Bezug auf die ihr zugesagte Sache als Käufer behandelt wird.	Vertragspartei	Kunde,Versicherungsnehmer	der Bestimmung über der Kaufvertrag gelten für der Permutationsvertrag in der Sinn  dass jeder Vertragspartner als Verkäufer in Bezug auf der von ihm zugesagt Sache und Käufer in Bezug auf der ihm zugesagt Sache gelten 	auf der Tauschvertrag finden der Bestimmung über der Kaufvertrag Anwendung  wonach jeder Vertragspartner als Verkäufer in Hinblick auf der von ihm zugesagt Sache und der von ihm zugesagt Auftrag betrachten werden 	für der Tauschvertrag gelten der Bestimmung über der Kaufvertrag in der Sinn  daß jeder Vertragspartner unter Bezugnahme auf der  wer er versprechen haben  und unter Bezugnahme auf der  wer er versprechen haben  als Verkäufer gelten 
Auf die CE-Kennzeichnung auf Aufzügen folgt die Kennnummer der notifizierten Stelle, die im Rahmen eines der folgenden Konformitätsbewertungsverfahren tätig geworden ist .	Kennnummer	Benutzerkennung,Kennung	der CE-Kennzeichnung auf Aufzug folgen der Identifizierungscode der notifiziert Stelle  der in Rahmen einer der folgend Konformitätsbewertungsverfahren tätig werden 	der CE-Kennzeichnung auf der Aufzug folgen der Kenncode der benannt Stelle  der in Rahmen einer der folgend Konformitätsbewertungsverfahren tätig werden sein 	der CE-Kennzeichnung auf der Aufzug folgen der Kenncode der benannt Stelle  der in Rahmen einer der folgend Konformitätsbewertungsverfahren tätig werden sein 
Auf die Einlagen der Gesellschafter und auf die Geschäfte, durch die die Gesellschaft Güter und Forderungen von Gründungsgesellschaftern, Gesellschaftern und Verwaltern erwirbt, finden die Artikel 2342, 2343 und 2343-bis Anwendung.	Gründungsgesellschafter	Stifter	der Artikel 2342  2343 und 2343a gelten für Beitrag der Gesellschafter und für Transaktion  durch der der Gesellschaft Vermögenswert und Forderung von Gründer  Gesellschafter und Geschäftsführer erwerben 	der Artikel 2342  2343 und 2343a finden auf der Beitrag der Gesellschafter und auf der Transaktion Anwendung  durch der der Gesellschaft Vermögenswert und Forderung von Gründungsmitglied  Gesellschafter und Geschäftsführer erwerben 	der Artikel 2342  2343 und 2343a finden auf Beitrag der Gesellschafter und auf Transaktion Anwendung  durch der der Gesellschaft Vermögenswert und Forderung von Gründungsmitglied  Gesellschafter und Geschäftsführer erwerben 
Aufgabe der drei Pädagogischen Landesforschungs-, Versuchs- und Fortbildungsinstituten ist es  die wichtigsten Initiativen in den Bereichen der Forschung, der Schulversuche und der Fortbildung durch geeignete Veröffentlichungen bekanntzugeben.	Fortbildung	Aktualisierung	Aufgabe der drei provinziell Bildungsinstitut für Forschung  Erprobung und Aktualisierung sein es  der wichtig Initiative in der Bereich Forschung  schulisch Erprobung und Aktualisierung durch geeignet Veröffentlichung bekannt zu machen 	Aufgabe der drei Bildungseinrichtung in der Provinz für Forschung  Erprobung und Aktualisierung sein es  der wichtig Initiative in der Bereich Forschung  schulisch Ausbildung und Fortbildung durch geeignet Veröffentlichung bekannt zu machen 	Aufgabe der drei provinziell Bildungseinrichtung für Forschung  Erprobung und Aktualisierung sein es  der wichtig Initiative in der Bereich Forschung  schulisch Ausbildung und Fortbildung durch geeignet Veröffentlichung bekannt zu machen 
Aufwendungen sind dem Mäkler nur zu ersetzen, wenn es vereinbart ist. 2Dies gilt auch dann, wenn ein Vertrag nicht zustande kommt.	Mäkler	Mediator	der Kosten werden der Bürgerbeauftragte nur erstatten  wenn sie vereinbaren werden sein  dieser gelten auch  wenn ein Vertrag nicht schließen werden 	der Kosten sein der Bürgerbeauftragte nur dann zu erstatten  wenn sie vereinbaren werden sein  und zwar auch dann  wenn ein Vertrag nicht schließen werden 	der Kosten werden der Bürgerbeauftragte nur dann erstatten  wenn sie vereinbaren werden sein  und zwar auch dann  wenn ein Vertrag nicht schließen werden 
Augen- und Gesichtsschutz ist persönliche Schutzausrüstung zum Schutz der Augen und des Gesichts vor Verletzungen und vor anderen Schädigungen.	Schutz der Auge	Augenschutz,Augenschutzgerät	der Schutz von Auge und Gesicht sein ein persönlich Schutzausrüstung zu Schutz von Auge und Gesicht vor Verletzung und anderer Schaden 	der Schutz von Auge und Gesicht sein ein persönlich Schutzvorrichtung zu Schutz von Auge und Gesicht vor Verletzung und anderer Schaden 	der Schutz der Auge und der Gesicht sein ein persönlich Schutzvorrichtung zu Schutz der Auge und der Gesicht vor Verletzung und anderer Schaden 
Augenschutzgeräte werden unterteilt in: Bügelbrillen mit angebautem oder integriertem Seitenschutz, Korbbrillen (Vollsichtbrillen), Augenschutzgeräte mit Gesichtsschutz (Schutzschilde, Schutzschirme/Schutzgitter, Schutzhauben).	Augenschutzgerät	Schutz der Auge	der Augenschutz teilen sich in  Stanzbrille mit aufgebracht oder integriert Seitenschutz  Maskenbrille  Vollsichtbrille   Augenschutz mit Gesichtsschutz  Gesichtsschutzschild  Sichtfenster  Schutzgitter  Schutzkappe  	der Augenschutzmittel sein unterteilen in  Laschenbrille mit seitlich Schutz oder integriert Schutz  Maskenbrille  Vollsichtbrille   Augenschutz mit Gesichtsschutz  Fotobrille  Visenschütze  Schutzgrill  Schutzhaube  	der Schutzeinrichtung der Auge sein unterteilen in  Seitenbrille mit aufgebracht oder integriert Seitenschutz  Maskenbrille  Vollsichtbrille   Augenschutz mit Gesichtsschutz  Fotobrille  Sichtfenster  Schutzgrill  Schutzhaube  
Aus besonderen Gründen kann der Standesbeamte verpflichtet sein, eine Trauung außerhalb des Amtsgebäudes und der Dienstzeit zu ermöglichen.	Trauung	Ehe	aus besonderer Grund können der Zivilstaatsbeamter verpflichten werden  außerhalb der Bürogebäude und der Dienstzeit ein Hochzeit zu gestatten 	aus besonderer Grund können der Zivilstaatsbeamter verpflichten werden  außerhalb der Amtsgebäude und der Dienstzeit ein Ehe zu schließen 	aus besonderer Grund können der Zivilstaatsbeamter verpflichten werden  außerhalb der Amtsgebäude und der Dienstzeit ein Ehe zu schließen 
Aus dem Verlöbnis entsteht kein klagbarer Anspruch auf Eingehung der Ehe.	Ehe	Eheschliessung,Heirat,Trauung	aus der Verheißung der Ehe ergeben sich kein vor Gericht handlungsfähig Recht auf der Feier der Ehe 	aus der Heiratsversprechen ergeben sich kein Recht  der bei der Eheschließung vor Gericht geltend machen werden können 	aus der Heiratsversprechen ergeben sich kein Recht  der vor Gericht geltend machen werden können  wenn der Ehe feiern werden 
Aus dem gesamten Verhalten, namentlich der umsichtigen Vorbereitung der Tat und Flucht ins Ausland, und dem Umstand, dass sich der Beschwerdeführer als internationaler Verbrecher betätigt hat, ist auf Charaktereigenschaften zu schliessen, die ihn als besonders gefährlichen Täter kennzeichnen.	Verbrecher	verbrecherisch	aus der gesamt verhalten  insbesondere aus der sorgfältig Vorbereitung der Handlung und der Flucht in Ausland und aus der Umstand  dass der Kläger als international Verbrecher handeln haben  müssen persönlich Merkmal ableiten werden  der ihn als ein besonders gefährlich Täter bezeichnen 	aus der ganz verhalten  insbesondere aus der sorgfältig Vorbereitung der Akt und der Flucht in Ausland sowie aus der Tatsache  dass der Kläger als international Verbrecher auftreten sein  müssen persönlich Merkmal ableiten werden  der ihn als ein besonders gefährlich Täter bezeichnen 	aus der gesamt verhalten  insbesondere aus der sorgfältig Vorbereitung der Akt und der Flucht in Ausland sowie aus der Tatsache  dass der Kläger als international Verbrecher auftreten sein  müssen persönlich Merkmal ableiten werden  der ihn als ein besonders gefährlich Täter bezeichnen 
Aus der Ehe entspringt die gegenseitige Pflicht zur Treue, zum geistigen und materiellen Beistand, zur Mitarbeit im Interesse der Familie und zum Zusammenleben.	Ehe	Eheschließung,Heirat,Trauung	der Ehe entspringen der gegenseitig Verpflichtung zu Treue  zu geistig und materiell Beistand  zu Zusammenarbeit in Interesse der Familie und zu Mitbewohnung 	aus der Ehe erwächst der gegenseitig Verpflichtung zu Treue  zu geistig und materiell Unterstützung  zu Zusammenarbeit in Interesse der Familie und zu Kohabitation 	aus der Ehe erwächst der gegenseitig Verpflichtung zu Treue  zu geistig und materiell Fürsorge  zu Zusammenarbeit in Interesse der Familie und zu Kohabitation 
Aus der Ehe entspringt die gegenseitige Pflicht zur Treue, zum geistigen und materiellen Beistand, zur Mitarbeit im Interesse der Familie und zum Zusammenleben.	Pflicht zu Treue	Treuepflicht	aus der Ehe ergeben sich der gegenseitig Pflicht der Treue  der geistig und materiell Hilfe  der Zusammenarbeit in Interesse der Familie und der Mitwohnung 	der Ehe sein der Ergebnis der gegenseitig Verpflichtung zu Treue  zu geistig und materiell Unterstützung  zu Zusammenarbeit in Interesse der Familie und zu Kohabitation 	der Ehe sein der gegenseitig Pflicht der Treue  der geistig und materiell Unterstützung  der Zusammenarbeit in Interesse der Familie und der Zusammenlebens 
Aus der Ehe entspringt die gegenseitige Pflicht zur Treue, zum geistigen und materiellen Beistand, zur Mitarbeit im Interesse der Familie und zum Zusammenleben.	zusammenleben	ehelich Lebensgemeinschaft	aus der Ehe ergeben sich der gegenseitig Verpflichtung zu Treue  zu moralisch und materiell Unterstützung  zu Zusammenarbeit in Interesse der Familie und zu zusammenleben 	der gegenseitig Verpflichtung zu Treue  zu moralisch und materiell Unterstützung  zu Zusammenarbeit in Interesse der Familie und zu zusammenleben ergeben sich aus der Ehe 	aus der Ehe erwächst der gegenseitig Verpflichtung zu Treue  zu moralisch und materiell Unterstützung  zu Zusammenarbeit in Interesse der Familie und zu zusammenleben 
Aus dieser Überzeugung und Erkenntnis heraus entwickelten er Montesquieu und seine Nachfolger die klassische Lehre von der Gewaltenteilung in einem Staat, das heißt der Trennung der gesetzgebenden Gewalt (Exekutive) und der richterlichen Gewalt (Jurisdiktion).	gesetzgebend Gewalt	Legislative	aus dieser Glaube und Wissen entwickeln Montesquieu und sein Nachfolger der klassisch Doktrin der Gewaltenteilung in ein Staat  nämlich der Trennung der Legislative  Exekution  und der Justiz  Jurydiction  	aus dieser Überzeugung und Erkenntnis entwickeln Montesquieu und sein Nachfolger der klassisch Doktrin der Gewaltenteilung in ein Staat  nämlich der Trennung der Legislative  Exekutivregierung  und der Judikative  Juryssion  	aus dieser Überzeugung und Erkenntnis entwickeln Montesquieu und sein Nachfolger der klassisch Doktrin der Gewaltenteilung in ein Staat  nämlich der Trennung der Legislative  Exekutivregierung  und der Judikative  Juryssion  
Ausnahmsweise besteht ein Formzwang dann, wenn er durch Parteivereinbarung oder Gesetz vorgesehen ist.	Formzwang	gesetzlich vorgeschrieben Form	ausnahmsweise bestehen ein gebunden Form  wenn sie in ein Vereinbarung zwischen der Partei oder in Gesetz vorsehen sein 	ausnahmsweise bestehen ein verbindlich Form  wenn sie in ein Vereinbarung zwischen der Partei oder in ein Gesetz vorsehen sein 	ausnahmsweise bestehen ein verbindlich Form  wenn sie in ein Vereinbarung zwischen der Partei oder in Gesetz vorsehen sein 
Ausnahmsweise ist der Öffentlichkeitsgrundsatz aber auch dann verletzt, wenn die physische Möglichkeit des Zutritts zwar besteht, aber im unmittelbaren Bereich des Zugangs zum Verhandlungsraum starke psychische Hemmungsschwellen errichtet sind.	Öffentlichkeitsgrundsatz	Öffentlichkeitsprinzip	in Ausnahmefall werden der Werbeprinzip auch dann verletzen  wenn ein physisch Zugang möglich sein  aber in der unmittelbar neben der Zugang zu Sitzungssaal liegend Bereich hoch psychologisch Hemmungsschwelle errichten werden 	ausnahmsweise werden gegen der Grundsatz der Werbung verstoßen  auch wenn physisch Zugangsmöglichkeit bestehen  aber in der unmittelbar neben der Eingang zu Sitzungssaal gelegen Gebiet hoch psychologisch Hemmschwelle errichten werden 	ausnahmsweise werden gegen der Grundsatz der Werbung verstoßen  auch wenn physisch Zugangsmöglichkeit bestehen  aber in der Gebiet  der unmittelbar neben der Zugang zu Sitzungssaal liegen  hoch psychologisch Hemmschwelle errichten werden 
Autonome Legitimation kennzeichnet vor allem die unter der Bezeichnung der „funktionalen Selbstverwaltung“ zusammengefassten Bereiche der Universitäten, der Sozialversicherungsträger und der Kammern .	funktional Selbstverwaltung	Träger funktional Selbstverwaltung,funktional Selbstverwaltungskörperschaft	der autonom Legitimation kennzeichnen vor alle der Bereich der Universität  der Sozialversicherungsträger und der Kammer  der unter der Bezeichnung  funktional Autonomie  zusammengefasst sein 	der autonom Legitimation kennzeichnen vor alle der Bereich der Universität  der Sozialversicherungsträger und der Kammer  der unter der Bezeichnung  funktional Autonomie  zusammengefasst sein 	der autonom Legitimierung kennzeichnen vor alle der Bereich der Universität  der Sozialversicherungsträger und der Kammer  der unter der Bezeichnung  funktional Autonomie  zusammengefasst sein 
Bandenmässigkeit ist erst anzunehmen, wenn der Wille der Täter auf die gemeinsame Verübung einer Vielheit von Diebstählen oder Raubtaten gerichtet ist.	Verübung	Kommission,Kommissionsvertrag	der Art der Bande sein nur dann annehmen  wenn der Wille der Autor an der gemeinsam Kommission für mehrere Diebstahl oder Raubüberfall richten sein 	der Art der Bande sein nur dann denkbar  wenn der Wille der Autor an der gemeinsam Kommission für mehrere Diebstahl oder Raubüberfall richten sein 	der Art der Bande sein nur dann denkbar  wenn der Wille der Autor an der gemeinsam Kommission für ein Vielzahl von Diebstahl oder Raubüberfall richten sein 
Beantragt eine erwerbstätige Person die Feststellung der Eigenschaft als schwerbehinderter Mensch .... gelten gesetzlich festgelegte Fristen .	erwerbstätig Person	Arbeitnehmer	Erfordert ein Arbeitnehmer der Feststellung der Status ein schwerbehindert Person  so gelten der gesetzlich festgelegt Frist 	Beantragn ein Arbeitnehmer der Feststellung der Status ein Person  der schwer behindern sein  so gelten der gesetzlich Frist 	Beantragn ein Arbeitnehmer der Feststellung der Status ein Person  der schwer behindern sein  so gelten der gesetzlich festgelegt Frist 
Befinden sich alle Anteile eines übertragenden Rechtsträgers in der Hand des übernehmenden Rechtsträgers, so entfallen die Angaben über den Umtausch der Anteile .	übernehmend Rechtsträger	neu Rechtsträger	werden aller Anteil ein gespalten Gesellschaft von der übernehmend Gesellschaft halten  so sein der Angabe über der Austausch der Anteil nicht zu machen 	werden aller Anteil ein gespalten Gesellschaft von der übernehmend Gesellschaft halten  so sein der Angabe über der gemeinsam Einbringung der Anteil zu unterlassen 	werden aller Anteil ein gespalten Gesellschaft von der übernehmend Gesellschaft halten  so sein der Angabe über der Austausch der Anteil zu unterlassen 
Begünstigung ist die Hilfeleistung an einen anderen , der eine rechtswidrige - nicht notwendig schuldhafte - Tat begangen hat, in der Absicht, ihm die Vorteile der Tat zu sichern .	Vorteil	Ertrag	bei der Beihilfe handeln es sich um der Beihilfe für anderer Person  der ein rechtswidrig Handlung begehen haben  der nicht unbedingt schuldig sein  um ihnen der Gewinn der Handlung zu sichern 	Beihilfe sein der Beihilfe für anderer Person  der ein rechtswidrig Handlung begehen haben   der nicht unbedingt schuldig sein  um ihnen der Gewinn aus der Beihilfe zu sichern 	Beihilfe sein der Beihilfe für anderer Person  der ein rechtswidrig Handlung begehen haben   der nicht unbedingt schuldig sein  um ihnen der Gewinn aus der Beihilfe zu sichern 
Bei Auslegung von Verträgen ist nicht an dem buchstäblichen Sinne des Ausdrucks zu haften, sondern die Absicht der Parteien zu erforschen und der Vertrag so zu verstehen, wie es der Übung des redlichen Verkehrs entspricht.	Partei	Teilnehmer,Versicherungsnehmer	bei der Auslegung der Vertrag dürfen man sich nicht der wörtlich Sinn der Ausdruck anschließen  sondern müssen der Absicht der Vertragspartner anstreben  und der Vertrag müssen in der der Praxis der ehrlich Angelegenheit entsprechend Weise verstehen werden 	bei der Auslegung der Vertrag dürfen man sich nicht der wörtlich Sinn der Ausdruck anschließen  sondern müssen der Absicht der Vertragspartner suchen  und der Vertrag müssen so verstehen werden  wie er der Praxis der ehrlich Geschäft entsprechen 	bei der Auslegung der Vertrag dürfen man sich nicht der wörtlich Sinn der Ausdruck anschließen  sondern müssen der Absicht der Vertragspartner suchen  und der Vertrag müssen so verstehen werden  wie er der Praxis der ehrlich Geschäft entsprechen 
Bei Bestellung der Überwachungsratsmitglieder und vor Annahme des Amtes müssen der Gesellschafterversammlung Beauftragungen im Bereich der Verwaltung und der Kontrolle, die von ihnen bei anderen Gesellschaften wahrgenommen werden, bekannt gegeben werden.	Überwachungsratsmitglied	Bürgermeister,Rechnungsprüfer	bei der Ernennung der Bürgermeister und vor Annahme der Amt sein der Mitgliederversammlung der Aufgabe in Rahmen der Verwaltung und Kontrolle mitteilen  der sie bei anderer Gesellschaft innehaben 	bei der Ernennung der Bürgermeister und vor der Übernahme der Amt sein der Gesellschafterversammlung der Aufgabe in Bereich der Verwaltung und Kontrolle mitteilen  der sie bei anderer Gesellschaft innehaben 	bei der Ernennung der Bürgermeister und vor der Übernahme der Amt sein der Versammlung der Mitglied der Aufgabe in Rahmen der Verwaltung und Kontrolle mitteilen  der sie bei anderer Gesellschaft innehaben 
Bei Fahrlässigkeit können sie als Massnahmen die Verwarnung, den Verweis oder die Änderung des Aufgabenkreises vorsehen. Bei Vorsatz oder Grobfahrlässigkeit können sie zudem die Lohnkürzung, die Busse sowie die Änderung der Arbeitszeit und des Arbeitsortes vorsehen.	Verwarnung	Impfauffrischung	in Fall von Fahrlässigkeit können sie als Maßnahme der Rückrufung  der Zurechtweisung oder der Änderung der Zuständigkeitsbereich vorsehen  in Fall von grob Fahrlässigkeit oder vorsätzlich Fahrlässigkeit können sie ferner der Senkung der Arbeitsentgelt  der Geldstrafe sowie der Änderung der Arbeitszeit und der Arbeitsplatz vorsehen 	in Fall von Fahrlässigkeit können sie als Maßnahme der Zurückziehung  der Vorwurf oder der Änderung der Zuständigkeitsbereich vorsehen  in Fall von vorsätzlich oder grob fahrlässig verhalten können sie ferner der Kürzung der Entgelt  der Bußgeld sowie der Änderung der Arbeitszeit und der Arbeitsplatz vorsehen 	in Fall von Fahrlässigkeit können sie als Maßnahme der Zurückziehung  der Vorwurf oder der Änderung der Zuständigkeitsbereich vorsehen  in Fall ein vorsätzlich oder grob fahrlässig verhalten können sie ferner der Kürzung der Entgelt  der Bußgeld sowie der Änderung der Arbeitszeit und der Arbeitsplatz vorsehen 
Bei Fahrlässigkeit können sie als Massnahmen die Verwarnung, den Verweis oder die Änderung des Aufgabenkreises vorsehen. Bei Vorsatz oder Grobfahrlässigkeit können sie zudem die Lohnkürzung, die Busse sowie die Änderung der Arbeitszeit und des Arbeitsortes vorsehen.	Verweis	Zensur	in Fall von Fahrlässigkeit können sie Maßnahme zu Vermeidung  Zensur oder Änderung der Zuständigkeitsbereich vorsehen  bei grob Fahrlässigkeit oder grob Fahrlässigkeit können sie ferner ein Senkung der Arbeitsentgelt  ein Geldbuße sowie ein Änderung der Arbeitszeit und der Arbeitsplatz vorsehen 	bei Fahrlässigkeit können sie als Maßnahme der Verwarnung  Zensur oder Änderung der Zuständigkeitsbereich vorsehen  bei grob Fahrlässigkeit können sie ferner der Kürzung der Entgelt  der Bußgeld sowie der Änderung der Arbeitszeit und der Arbeitsplatz vorsehen 	bei Fahrlässigkeit können sie als Maßnahme der Verwarnung  Zensur oder Änderung der Zuständigkeitsbereich vorsehen  bei grob Fahrlässigkeit können sie ferner der Kürzung der Entgelt  der Bußgeld sowie der Änderung der Arbeitszeit und der Arbeitsplatz vorsehen 
Bei Gefahr im Verzug hat die Behörde die erforderlichen Maßnahmen unmittelbar anzuordnen und gegen Ersatz der Kosten durch den Verpflichteten nötigenfalls unverzüglich durchführen zu lassen.	Ersatz der Kosten	Kostenersatz	in Fall ein drohend Gefahr muss der Behörde unverzüglich der erforderlich Maßnahme treffen und sie gegebenenfalls unverzüglich auf Kosten der Schuldners und unter Erstattung der Kosten durchführen lassen 	bei unmittelbar Gefahr müssen der Behörde unverzüglich der erforderlich Maßnahme treffen und sie gegebenenfalls unverzüglich auf Kosten der Auskunftspflichtigen und unter Erstattung der Kosten durchführen lassen 	bei unmittelbar Gefahr müssen der Behörde unverzüglich über der erforderlich Maßnahme verfügen und sie gegebenenfalls unverzüglich auf Kosten der Auskunftspflichtigen und unter Erstattung der Kosten durchführen lassen 
Bei Kollusion entfällt die Vertretungsmacht, ist also der Vertretungsakt unwirksam. Kollusion macht das Geschäft überdies wegen Sittenwidrigkeit ungültig, auch wenn der Vertreter innerhalb seiner Vertretungsmacht gehandelt hat.	Kollusion	rechtswidrig Absprache	in Fall ein Kollusion verlieren der Vertretungsmacht  so dass der Vertretungshandlung unwirksam sein  durch der Kollusion werden auch der Geschäft aus Gegensatz zu der gut Sitte ungültig  auch wenn der Vertreter in Rahmen sein Vertretungsbefugnis handeln haben 	in Fall ein Kollusion verlieren der Vertretungsmacht  so daß der Vertretungshandlung unwirksam sein  und der Vereinbarung machen der Sache aus Grund der Widerstand gegen der gut Sitte nichtig  auch wenn der Vertreter in Rahmen sein Vertretungsmacht handeln haben 	in Fall ein Kollusion verlieren der Vertretungsmacht  so daß der Vertretungshandlung unwirksam sein  und der Kollusion machen auch der Sache ungültig  weil sie der gut Sitte widersprechen  auch wenn der Vertreter in Rahmen sein Vertretungsmacht handeln haben 
Bei Namenaktien tritt an die Stelle der Veröffentlichungen eine Zahlungsaufforderung und Ansetzung der Nachfrist an die im Aktienbuch eingetragenen Aktionäre durch eingeschriebenen Brief. In diesem Falle läuft die Nachfrist vom Empfang der Zahlungsaufforderung an.	Zahlungsaufforderung	Anweisung	in Fall von Aktie mit Name werden der Veröffentlichung durch ein Delegation und durch der Festlegung der zusätzlich Frist für der in Aktienbuch eingetragen Aktionär durch Einschreiben ersetzen  in dieser Fall beginnen der zusätzlich Frist mit der Eingang der Delegation 	bei Aktie  der namentlich nennen werden  werden der Veröffentlichung durch ein Delegation und durch der Festlegung der zusätzlich Frist für der in Aktienbuch eingetragen Aktionär durch Einschreiben ersetzen  in dieser Fall beginnen der zusätzlich Frist mit der Eingang der Delegation 	in Fall von Aktie werden der Veröffentlichung durch ein Delegation und durch der Festlegung der zusätzlich Frist für der in Aktienbuch eingetragen Aktionär durch eingeschrieben Brief ersetzen  in dieser Fall beginnen der zusätzlich Frist mit der Eingang der Delegation 
Bei Nichteinhaltung der Pflichten und bei unentschuldigten Absenzen schlagen der Primararzt und der Direktor der Apotheke dem Sanitätsdirektor einen schriftlichen Verweis vor.	Verweis	Impfauffrischung	in Fall ein Nichteinhaltung der Verpflichtung und ein ungerechtfertigt Abwesenheit schlagen der Leiter der Apotheke und der Direktor der Apotheke der Gesundheitsdirektor ein schriftlich Rückruf vor 	bei Nichteinhaltung der Verpflichtung und bei ungerechtfertigt Abwesenheit schlagen der Leiter der Apotheke und der Leiter der Apotheke der Gesundheitsdirektor ein schriftlich Antrag vor 	bei Nichteinhaltung von Verpflichtung und ungerechtfertigt Abwesenheit schlagen der Chef und der Leiter der Apotheke der Gesundheitsdirektor ein schriftlich Antrag vor 
Bei Personen, die gemäß § 5 Abs. 5  StVO Straßenverkehrsordnung zu einem Arzt gebracht werden, ist nach Feststellung der klinisch festgestellten Symptome einer Blutalkoholkonzentration von unter 0,8 Promille nicht zwingend eine Blutabnahme vorzunehmen.	Blutalkoholkonzentration	AAK,Atemalkoholkonzentration,Atemluft auf Alkoholgehalt	für Person  der gemäß § 5 Absatz 5 StVO  Straßencode  von ein Arzt durchführen werden  sein ein Blutentnahme nicht erforderlich  wenn nach Feststellung der klinisch festgestellt Symptom der Blutalkoholgehalt weniger als 0,8 pro 1000 betragen 	für Person  der gemäß § 5 Absatz 5 StVO  Code  Road  von ein Arzt durchführen werden  sein der Blutentnahme nicht vorschreiben  wenn nach Feststellung der klinisch festgestellt Symptom der Blutalkoholspiegel unter 0,8 Promille liegen 	für Person  der gemäß § 5 Absatz 5 StVO  Straßencode  von ein Arzt durchführen werden  sein der Blutentnahme nicht vorschreiben  wenn nach Feststellung der klinisch festgestellt Symptom der Blutalkoholspiegel weniger als 0,8 Promille betragen 
Bei Privatisierung durch Abstoßung an den Markt werden die Archive der Behörden auch privatisiert, mit Ausnahme der laufenden Archive.	laufend Archiv	laufend Ablage,laufend Registratur	in Fall der Privatisierung durch Veräußerung auf der Markt werden auch der Archiv der Behörde  mit Ausnahme der laufend Archiv  privatisieren 	in Fall der Privatisierung durch Veräußerung auf der Markt werden der Archiv der Behörde ebenfalls privatisieren  mit Ausnahme der laufend Archiv 	in Fall der Privatisierung durch Veräußerung auf der Markt werden der Archiv der Behörde ebenfalls privatisieren  mit Ausnahme der laufend Archiv 
Bei Teilungen der Grundstücke sind die gegenseitigen Grenzen durch entsprechende Grenzzeichen auf eine deutliche und unwandelbare Art zu bezeichnen.	Grundstück	Fonds	in Fall ein Aufteilung der Mittel müssen der gegenseitig Grenze klar und unveränderlich durch entsprechend Grenzzeichen bestimmen werden 	in Fall ein Aufteilung der Mittel müssen der Grenze zwischen beide klar und unveränderlich durch entsprechend Grenzzeichen bestimmen werden 	in Fall ein Aufteilung der Mittel müssen der gegenseitig Grenze klar und unveränderlich durch entsprechend Grenzzeichen bestimmen werden 
Bei Vornahme der übrigen Gemeindewahlen beschliesst die Wählerschaft, ob sie die Wahlen in offener oder geheimer Abstimmung vornehmen wolle. Im letztern Falle hat sie sich zugleich darüber zu entscheiden, ob die Wahlen mittels der Wahlurnen vorgenommen werden sollen.	Wählerschaft	Wahlrecht	bei der übrig Kommunalwahl entscheiden der Wählerin darüber  ob der Wahl in ein klar oder geheim Wahl stattfinden sollen  und in letzter Fall entscheiden sie darüber  ob der Wahl durch Wahlurne durchführen werden sollen 	bei der übrig Kommunalwahl entscheiden der Wählerschaft darüber  ob sie der Wahl in ein offen oder geheim Wahl durchführen sollen  und in letzter Fall entscheiden sie darüber  ob der Wahl durch Wahlurne durchführen werden sollen 	bei der übrig Kommunalwahl entscheiden der Wählerschaft darüber  ob sie der Wahl in offen oder geheim Wahl durchführen  und in letzter Fall entscheiden sie darüber  ob der Wahl durch Wahlurne durchführen werden sollen 
Bei Zwangsübertragungen  werden Grunddienstbarkeiten je nach den Erfordernissen der neuen Anordnung aufgehoben, erhalten oder begründet.	Grunddienstbarkeit	Dienstbarkeit,Dienstbarkeitsrecht	bei erzwungen Entfremdung werden der Dienst leistung nach Maßgabe der Erfordernis der neu Ordnung streichen  aufrechterhalten oder bilden 	bei erzwungen Veräußerung werden der Dienst nach Maßgabe der Erfordernis der neu Struktur abschaffen  erhalten oder aufbauen 	bei erzwungen Veräußerung werden der Dienst nach Maßgabe der Erfordernis der neu Struktur abschaffen  erhalten oder aufbauen 
Bei dem Gericht der Klage kann eine Widerklage erhoben werden, wenn der Gegenanspruch mit dem in der Klage geltend gemachten Anspruch oder mit den gegen ihn vorgebrachten Verteidigungsmitteln in Zusammenhang steht.	Anspruch	Antrag,Gesuch	bei der Gericht der Antrag können ein Widerklage erheben werden  wenn der Gegenantrag mit der in der Klageschrift geltend gemacht Klage oder mit der gegen sie geltend gemacht Rechtsmittel verbinden sein 	bei der Gericht der Antrag können ein Widerklage erheben werden  wenn der Widerklage mit der in der Ladungsschrift geltend gemacht Klage oder mit der gegen sie eingelegt Rechtsmittel zusammenhängen 	bei der Gericht der Antrag können ein Widerklage erheben werden  wenn der Widerklage mit der in der Ladungsschrift geltend gemacht Klage oder mit der gegen sie eingelegt Rechtsmittel zusammenhängen 
Bei den Landesgerichten nimmt der Präsident die Bestellung des Vollstreckungsrichters nach Vorlage der Akte durch den Kanzleibeamten, die innerhalb von zwei Tagen nach ihrer Anlegung zu erfolgen hat, vor.	Vollstreckungsrichter	Vollstreckungsgericht	in der Regionalgericht ernennen der Präsident der Vollstreckungsrichter nach Vorlage der Schriftstück durch der Kanzler  der innerhalb von zwei Tag nach ihr Einsetzung zu erfolgen haben 	bei der Regionalgericht ernennen der Präsident der vollstreckend Richter nach Vorlage der Urkund durch der Kanzler  der innerhalb von zwei Tag nach ihr Einsetzung zu erfolgen haben 	bei der Regionalgericht ernennen der Präsident der vollstreckend Gericht nach Vorlage der Urkund durch der Kanzler  der innerhalb von zwei Tag nach ihr Einsetzung zu erfolgen haben 
Bei den Realakten kommt es auf die Geschäftsfähigkeit des Handelnden nicht an.	Realakt	schlicht Verwaltungshandeln	bei materiell Handlung nehmen der Handlungsfähigkeit der Person nicht zu 	bei materiell Handlung werden der Handlungsfähigkeit der betreffend Person nicht feststellen 	bei materiell Handlung nehmen der Handlungsfähigkeit der Person nicht zu 
Bei der Anwendung der Auslösewerte wird die dämmende Wirkung eines persönlichen Gehörschutzes der Beschäftigten nicht berücksichtigt.	Auslösewert	Interventionsschwelle	bei der Anwendung der Auslösewert werden der mildernd Wirkung ein individuell Gehörschutzvorrichtung der Arbeitnehmer nicht berücksichtigen 	bei der Anwendung der Auslösewert werden der mildernd Wirkung ein individuell Gehörschutz der Arbeitnehmer nicht berücksichtigen 	bei der Anwendung der Auslösewert werden der mildernd Wirkung ein individuell Gehörschutz der Arbeitnehmer nicht berücksichtigen 
Bei der Auswahl der Objekte, die unter Denkmalschutz gestellt werden, ist die Bewertung in den vom Bundesdenkmalamt geführten bzw. verfassten Denkmalverzeichnissen zu berücksichtigen.	Denkmalschutz	Konservierung	bei der Auswahl der Gegenstand  der zu Erhaltung der Kulturgut bestimmen sein  sein der Bewertung in der von Bundesdenkmalamt geführt oder erstellt Liste der Kulturgut zu berücksichtigen 	bei der Auswahl der Gegenstand  der zu Erhaltung der Kulturgut bestimmen sein  sein der Bewertung in der von Bundesdenkmalamt geführt oder erstellt Verzeichnis der Kulturgut zu berücksichtigen 	bei der Auswahl der Gegenstand  der zu Erhaltung von Kulturgut bestimmen sein  sein der Bewertung zu berücksichtigen  der in der von Bundesdenkmalamt geführt oder erstellt Verzeichnis der Kulturgut enthalten sein 
Bei der Berechnung des geschätzten Auftragswertes von Bauaufträgen ist neben dem Auftragswert der Bauleistungen auch der geschätzte Gesamtwert aller für die Ausführung der Bauleistungen erforderlichen Waren und Dienstleistungen einzubeziehen, die dem Unternehmer vom Sektorenauftraggeber zur Verfügung gestellt werden.	Bauleistung	öffentlich Arbeit	bei der Berechnung der geschätzt Wert der öffentlich Bauauftrag sein neben der Wert der öffentlich Bauauftrag auch der geschätzt Gesamtwert aller für der Ausführung der öffentlich Bauauftrag erforderlich Ware und Dienstleistung zu berücksichtigen  der der Wirtschaftsteilnehmer von sektoral Auftraggeber zu Verfügung stellen werden 	bei der Berechnung der geschätzt Wert der öffentlich Bauauftrag sein neben der Wert der öffentlich Bauauftrag auch der geschätzt Gesamtwert aller für der Ausführung der öffentlich Bauauftrag erforderlich Gegenstand und Dienstleistung zu berücksichtigen  der der Wirtschaftsteilnehmer von sektoral Auftraggeber zu Verfügung stellen werden 	bei der Berechnung der geschätzt Wert öffentlich Bauauftrag sein neben der Wert öffentlich Bauauftrag auch der geschätzt Gesamtwert aller für der Ausführung öffentlich Bauauftrag erforderlich Gegenstand und Dienstleistung zu berücksichtigen  der der Wirtschaftsteilnehmer von sektoral Auftraggeber zu Verfügung stellen werden 
Bei der Bestimmung der Nebenstrafen und jeder anderen strafrechtlichen Wirkung der Verurteilung sind die einzelnen Straftaten, derentwegen die Verurteilung erfolgt,  zu berücksichtigen.	strafrechtlich	Vertragsstrafe	bei der Festlegung der Nebenstrafe und jeder sonstig strafrechtlich Wirkung der Verurteilung sein der einzeln Straftat zu berücksichtigen  für der der Verurteilung ergehen sein 	bei der Festlegung der Nebenstrafe und jeder sonstig strafrechtlich Wirkung der Verurteilung sein der einzeln Straftat zu berücksichtigen  für der der Verurteilung ergehen sein 	bei der Festlegung der Nebenstrafe und jeder sonstig strafrechtlich Wirkung der Verurteilung sein der einzeln Straftat  für der der Verurteilung ergehen sein  zu berücksichtigen 
Bei der Beurteilung der Lärmemissionen sind alle Geräusche in die Betrachtung miteinzubeziehen, die durch die bestimmungsgemässe Nutzung der Anlage verursacht werden	Geräusch	Lärm	bei der Bewertung der Geräuschemission sein aller Geräusch zu berücksichtigen  der durch der bestimmungsgemäß Gebrauch der Anlage verursachen werden 	bei der Bewertung der Lärmemission sein aller Geräusch zu berücksichtigen  der durch der bestimmungsgemäß Gebrauch der Anlage verursachen werden 	bei der Bewertung der Lärmemission sein aller Geräusch zu berücksichtigen  der durch der bestimmungsgemäß Gebrauch der Anlage verursachen werden 
Bei der Einfahrt in einen  Kreisverkehr ist die Benutzung des Fahrtrichtungsanzeigers unzulässig. Innerhalb des Kreisverkehrs ist das Halten auf der Fahrbahn verboten.	halten	Haltestelle	bei Eintritt in ein Kreisverkehr sein der Verwendung der Fahrtrichtungsanzeiger unzulässig  innerhalb der Kreisverkehr sein der Haltestelle auf der Fahrbahn verbieten 	bei der Einfahrt in ein Kreisverkehr sein der Verwendung der Fahrtrichtungsanzeiger unzulässig  in Kreisverkehr sein der Haltestelle auf der Fahrbahn verbieten 	bei der Einfahrt in ein Kreisverkehr sein der Verwendung der Fahrtrichtungsanzeiger unzulässig  in Kreisverkehr sein der Haltestelle auf der Fahrbahn verbieten 
Bei der Erbfolge nach dem Wahlkind in der zweiten Parentel genießen jedoch die Wahlentern und deren Nachkommen den Vorrang vor den leiblichen Eltern und deren Nachkommen, wobei auch Eintrittsrecht und Anwachsung nach allgemeinen Grundsätzen gelten.	Erbfolge	Rechtsnachfolge	in der Nachfolge der Adoptivkind in der zweiter Verwandtschaft haben der Adoptivelter und ihr Nachkomme jedoch Vorrang vor der natürlich Eltern und ihr Nachkomme  wobei auch der Recht auf Darstellung und der aufwachsen nach der allgemein Grundsatz Anwendung finden 	bei der Nachfolge der Adoptivkind in der zweiter Familie haben Adoptivelter und ihr Nachkomme jedoch Vorrang vor natürlich Eltern und ihr Nachkomme  wobei der Recht auf Vertretung und Weiterentwicklung gemäß der allgemein Grundsatz gelten 	bei der Nachfolge der Adoptivkind in der zweiter Familie haben Adoptivelter und ihr Nachkomme jedoch Vorrang vor natürlich Eltern und ihr Nachkomme  wobei der Recht auf Vertretung und Weiterentwicklung gemäß der allgemein Grundsatz gelten 
Bei der Hand- und Armschutzausrüstung wird  das übermäßige Schwitzen (40,3 %), das Entstehen von Allergien und Ekzemen (29,4 %), Händejucken (31,9 %), sowie drückende Nähte (27,7 %) als Problembereich identifiziert .	Armschutzausrüstung	Schutz der Arm	was der Schutz der Hand und Arm betreffen  so werden übermäßig schwitzen  40,3 %   Allergie und Ekzeme  29,4 %   Juckreiz in der Hand  31,9 %  und Näht  27,7 %  als Problembereich identifizieren 	was der Schutz der Hand und Arm  übermäßig schwitzen  40,3 %   Allergie und Ekzem  29,4 %   der Handjucke  31,9 %  und der Naht  27,7 %  betreffen  so werden dieser als problematisch Bereich identifizieren 	was der Schutz der Hand und Arm  übermäßig schwitzen  40,3 %   der auftreten von Allergie und Ekzem  29,4 %   der Jucken in der Hand  31,9 %  und der scharf Naht  27  %  betreffen  so werden dieser als problematisch Bereich identifizieren 
Bei der Kontrolle des Alkoholisierungsgrades von Kfz-LenkerInnen kommt derzeit vor allem die AAK-Messung zur Anwendung. Zur Erfassung der AAK ist in Österreich gesetzlich der Alkomat  vorgesehen.	AAK	BAK,Blutalkoholgehalt,Blutalkoholkonzentration	bei der Kontrolle der Blutalkoholgehalt der Fahrer von Kraftfahrzeug werden derzeit vor alle der Alkoholgehalt messen 	bei der Kontrolle der Blutalkoholspiegel der Fahrer von Kraftfahrzeug werden derzeit vor alle der Blutalkoholkonzentration messen  und in Österreich sein ein Blutalkoholspiegel gesetzlich vorschreiben 	bei der Kontrolle der Blutalkoholspiegel der Fahrer von Kraftfahrzeug werden derzeit vor alle der Blutalkoholspiegel messen  und in Österreich sein ein Blutalkoholspiegel gesetzlich vorschreiben 
"Bei der Strafbemessung wertete das Schöffengericht als erschwerend beim Erstangeklagten die Wiederholung der Erpressungsversuche, das Zusammentreffen ""dreier"" (gemeint wohl: zweier) Verbrechen sowie den Umstand, daß er Rädelsführer gewesen ist ."	Rädelsführer	Abschnitt	in der Mitbesetzung der Strafe betrachten der Gericht von Skabinen als erschwerend für der erster angeklagter der Wiederholung der Erpressungsversuch  der Wettbewerb von  drei   wahrscheinlich verstehen  zwei  Verbrechen sowie der Umstand  dass er der Chef sein 	"bei der Verhängung der Geldbuße haben der Gericht von Skabinen als erschwerend für der erster angeklagter der erneut auftreten von Erpressungsversuch  der Wettbewerb von  drei""(wahrscheinlich meinen  zwei  Verbrechen sowie der Umstand ansehen  dass er der Anführer sein "	"in Zusammenhang mit der Verhängung der Geldbuße haben der Gericht von Skabinen als erschwerend für der erster angeklagter der Wiederholung der Erpressungsversuch  der Wettbewerb von  drei""(wahrscheinlich meinen  zwei  Verbrechen sowie der Umstand ansehen  dass er der Anführer sein "
Bei der Verschmelzung durch Aufnahme überträgt ein Rechträger im Wege der Gesamtrechtsnachfolge sein Vermögen als Ganzes auf einen bestehenden anderen Rechtsträger.	Aufnahme	Verbindung	bei der Integrationsfusion übertragen ein juristisch Person ihr gesamt Vermögen als universell Erbschaft an ein anderer bereits bestehend juristisch Person 	bei der Verschmelzung durch Beimischung übertragen ein Rechtsperson ihr gesamt Vermögen als Gesamterbserbschaft an ein anderer bereits bestehend Rechtsperson 	bei der Verschmelzung durch Beimischung übertragen ein Rechtsperson ihr gesamt Vermögen als universell Erbschaft an ein anderer bereits bestehend Rechtsperson 
Bei der Vormundschaft über Minderjährige ist dem Kindesschutz und dem weitrei-chenden Gedanken des Kindeswohls besondere Beachtung zu schenken.	Vormundschaft über Minderjährige	Schutz von Minderjährigen	bei Schutz von Kind sein der Schutz der Kind und der breit Konzept sein Wohlergehen besonderer Aufmerksamkeit zu widmen 	bei Schutz von Kind muss der Schutz der Kind und sein umfassend Wohlergehen besonderer Aufmerksamkeit widmen werden 	Besonderes Augenmerk muss der Schutz der Kind und sein umfassend Wohlergehen gelten  wenn es um der Schutz von Minderjährigen gehen 
Bei der Übermittlung quantitativer Informationen haben sich die Unternehmen gegenüber der Bundesanstalt durch eine Kennziffer für die juristische Person zu identifizieren.	Kennziffer	Benutzerkennung,Kennung	bei der Übermittlung quantitativ Information müssen sich der Unternehmen bei der Bundesanstalt durch ein Identifikationscode für der juristisch Person identifizieren 	bei der Übermittlung quantitativ Angabe müssen sich der Unternehmen bei der Bundesanstalt für Betrugsbekämpfung mit ein Identifikationscode für der juristisch Person identifizieren 	bei der Übermittlung quantitativ Angabe müssen sich der Unternehmen bei der Bundesanstalt mit ein Identifikationsnummer für der juristisch Person identifizieren 
Bei der übernehmenden Gesellschaft ist regelmäßig eine Kapitalerhöhung erforderlich, um den Aktionären der übertragenden Gesellschaften Aktien als Abfindung gewähren zu können.	übernehmend Gesellschaft	neu Rechtsträger	in der übernehmend Gesellschaft sein regelmäßig ein Kapitalerhöhung erforderlich  damit der Aktie der übertragend Aktiengesellschaft als Entschädigung gewähren werden können 	in der übernehmend Gesellschaft sein regelmäßig ein Kapitalerhöhung erforderlich  um der Aktie der übertragend Aktiengesellschaft ein Entschädigung gewähren zu können 	in der übernehmend Gesellschaft sein regelmäßig ein Kapitalerhöhung erforderlich  um der Aktie der übertragend Aktiengesellschaft ein Entschädigung gewähren zu können 
Bei einer Fusion in der Form einer Absorption verliert die absorbierte Gesellschaft ihre Rechtspersönlichkeit im Zeitpunkt der Eintragung der Fusionsbeschlüsse in das Handelsregister, obwohl ihre formelle Registerlöschung aus Gründen des Gläubigerschutzes erst später erfolgt.	Absorption	Akzession	in Fall ein Verschmelzung durch Übernahme verlieren der übertragend Gesellschaft ihr Rechtspersönlichkeit zu Zeitpunkt der Eintragung der Verschmelzungsbeschluß in der Handelsregister  obwohl ihr förmlich Löschung aus der Register erst zu ein spät Zeitpunkt aus Grund der Gläubigerschutz erfolgen 	in Fall ein Verschmelzung durch Umwandlung verlieren der übertragend Gesellschaft ihr Rechtspersönlichkeit zu Zeitpunkt der Eintragung der Verschmelzungsentscheidung in der Handelsregister  obwohl ihr förmlich Löschung aus der Register erst zu ein spät Zeitpunkt aus Grund der Gläubigerschutz erfolgen 	in Fall ein Verschmelzung durch Umwandlung verlieren der übertragend Gesellschaft ihr Rechtspersönlichkeit zu Zeitpunkt der Eintragung der Verschmelzungsentscheidung in der Handelsregister  obwohl ihr förmlich Löschung aus der Register erst zu ein spät Zeitpunkt aus Grund der Gläubigerschutz erfolgen 
Bei einer Verarbeitung im Rahmen eines Dienstverhältnisses oder Werkvertrages behält der Dienstgeber bzw Werkbesteller das Alleineigentum an der von ihm zur Bearbeitung beigestellten Sache .	Verarbeitung	Konzentration	in Fall ein Spezifikation in Rahmen ein Dienstverhältnis oder ein Bauvertrag behalten der Arbeitgeber oder der Auftraggeber der ausschließlich Eigentum an der Sache  der er für der Verarbeitung liefern haben 	bei Spezifikation in Rahmen ein Dienstleistungsverhältnis oder ein Bauvertrag behalten der Arbeitgeber oder der Bauherr der ausschließlich Eigentum an der von ihm zu Verarbeitung geliefert Ware 	bei Spezifikation in Rahmen ein Dienstleistungsverhältnis oder ein Bauvertrag behalten der Arbeitgeber oder der Bauherr der ausschließlich Eigentum an der von ihm zu Verarbeitung geliefert Ware 
Bei in Konzession vergebenen Straßen und Autobahnen werden die Eigentümerbefugnisse, nach einer entsprechenden Mitteilung an den Eigentümer, vom Konzessionsinhaber ausgeübt.	Konzessionsinhaber	Vertragshändler	in Fall von Straße und Autobahn  der in Zug der Konzession vergeben werden  werden der Befugnis der Eigentümer von Konzessionär nach entsprechend Unterrichtung der Eigentümer ausüben 	in Fall von Straße und Autobahn  der in Konzession stehen  werden der Befugnis der Eigentümer von Konzessionär nach entsprechend Unterrichtung der Eigentümer ausüben 	bei Straße und Autobahn  für der ein Konzession erteilen werden  werden der Befugnis der Eigentümer von Konzessionär nach entsprechend Unterrichtung der Eigentümer ausüben 
Bei kleinen Mannlöchern ist eine Rettung kaum möglich, daher sind Mindestgrößen der Zugangsöffnungen unbedingt einzuhalten.	Zugangsöffnung	Zufahrt,Zugang,Zutritt,Zutrittsrecht	in Fall klein Röhrchen sein ein Rettung nur schwer möglich  so dass der Mindestzugang unbedingt einhalten werden müssen 	bei klein Schächten sein ein Rettung nur schwer möglich  so dass der Mindestöffnung der Zugang unbedingt einhalten werden müssen 	bei klein Schächten sein ein Rettung nur schwer möglich  so dass der Mindestöffnung der Zugang unbedingt einhalten werden müssen 
Bei rechtsgeschäftlichen Handlungen spricht man von Geschäftsfähigkeit bzw. Vertragsfähigkeit, bei unerlaubten Handlungen von Deliktsfähigkeit.	unerlaubt	Unrecht,rechtswidrig Verhalten	in der Verhandlung gehen es um der Handlungsfähigkeit oder der Vertragsfähigkeit bei rechtswidrig Handlung der kriminell Handlungsfähigkeit 	in der Verhandlungsverfahren werden von Handlungsfähigkeit oder Vertragsfähigkeit sprechen  in der rechtswidrig Handlung der kriminell Handlungsfähigkeit 	bei der Verhandlung gehen es um Handlungsfähigkeit oder Vertragsfähigkeit  bei der rechtswidrig Handlung der kriminell Handlungsfähigkeit 
Bei Ämtern mit nur einem Kanzleibeamten wird diesem das den Vorwurf enthaltende Schriftstück direkt vom Leiter des Amtes mitgeteilt.	Vorwurf	Anschuldigung	in der Büro mit nur ein Beamter der Kanzlei werden der Papier  der der Gebühr enthalten  von Leiter der Dienststelle direkt an der Leiter der Kanzlei übermittelen 	in der Geschäftsraum mit nur ein Beamter der Geschäftsstelle werden der Papier  der der Gebührenbetrag enthalten  der Leiter der Geschäftsstelle unmittelbar mitteilen 	in der Geschäftsraum mit nur ein Beamter der Geschäftsstelle werden der Papier  der der Gebühr enthalten  der Leiter der Geschäftsstelle unmittelbar mitteilen 
Beim Erlöschen der Schuldverhältnisse ist zu unterscheiden, ob das Schuldverhältnis als ganzes, also mit allen Rechten und Pflichten, oder ob nur eine einzelne Pflicht erlischt.	erlöschen	aussterben	bei der Beendigung der obligatorisch Beziehung sein zu unterscheiden  ob der obligatorisch Verhältnis in sein Gesamtheit  der heißen mit aller Recht und Pflicht  erlischen oder ob nur ein einzig Verpflichtung erlischen 	bei der Beendigung der obligatorisch Beziehung sein zu unterscheiden  ob der obligatorisch Verhältnis in sein Gesamtheit  der heißen mit aller Recht und Pflicht  erlischen oder ob nur ein einzeln Verpflichtung erlischen 	bei der Beendigung der obligatorisch Beziehung sein zu unterscheiden  ob der obligatorisch Verhältnis vollständig erlischen  der heißen mit aller Recht und Pflicht  oder ob nur ein einzeln Verpflichtung erlischen 
Beim Erwerb des Eigentums an einer beweglichen Sache wird der gute Glaube des Erwerbers an das Eigentum des besitzenden Veräußerers geschützt .	gut Glaube	Treu und Glaube	bei Erwerb der Eigentum an ein beweglich Gegenstand sein der gut Glaube der Käufer an der Eigentum der ausländisch Inhaber schützen 	bei Erwerb der Eigentum an ein beweglich Vermögensgegenstand sein der gut Glaube der Käufer hinsichtlich der Eigentum der veräußerersinhaber schützen 	bei Erwerb der Eigentum an ein beweglich Vermögensgegenstand sein der gut Glauben der Käufer an der Eigentum der veräußerersinhaber schützen 
Beim Obergericht können mit Beschwerde in Verwaltungssachen grundsätzlich nur Rechtsverletzungen  sowie die unrichtige oder unvollständige Feststellung des Sachverhaltes gerügt werden .	Beschwerde in Verwaltungssach	Beschwerde in Strafsache,Beschwerde in Zivilsach	vor der oberer Gerichtshof können mit Kassationsbeschwerde grundsätzlich nur Rechtsverletzung sowie der falsch oder unvollständig Feststellung der Tatsache zensieren werden 	bei oberer Gerichtshof können Rechtsmittel einlegen werden  um in Prinzip nur Rechtsverletzung sowie der unrichtig oder unvollständig Feststellung der Tatsache zu ahnden 	bei oberer Gerichtshof können durch Rechtsmittel grundsätzlich nur Rechtsverletzung sowie der unrichtig oder unvollständig Feststellung der Tatbestand beanstandeen werden 
Beim Überqueren von Eisenbahn- oder Straßenbahnlinien muss der Fahrer den Schienenfahrzeugen Vorfahrt geben, sofern nichts anderes angezeigt ist.	Vorfahrt	Vorrang,Vorzug	bei der Überquerung von Eisenbahn oder Straßenbahnstrecke haben der Fahrer der Schienenfahrzeug Vorrang einräumen  sofern nicht anders angeben 	bei der Überquerung von Eisenbahn oder Straßenbahnstrecke haben der Fahrer der Schienenfahrzeug Vorrang einräumen  sofern nichts anderer angeben sein 	bei der Überquerung von Eisenbahn oder Straßenbahnstrecke haben der Fahrer der Schienenfahrzeug Vorrang einräumen  sofern nichts anderer angeben sein 
Beschränkt sich die jeweilige Ausübung einer Grunddienstbarkeit auf einen Teil des belasteten Grundstücks, so kann der Eigentümer die Verlegung der Ausübung auf eine andere, für den Berechtigten ebenso geeignete Stelle verlangen .	Grunddienstbarkeit	Dienstbarkeit	Beschränkt sich der Ausübung ein Dienstleistung auf ein Teil der Versorgungsfonds  so können der Eigentümer der Übertragung der Dienstleistung an ein anderer Ort beantragen  der für der Anspruchsberechtigten gleichermaßen eignen sein 	Beschränkt sich der Inanspruchnahme ein Dienstleistung auf ein Teil der Hilfsfonds  so können der Eigentümer der Verlegung der Dienstleistung an ein anderer Ort beantragen  der für der Anspruchsberechtigten gleichermaßen eignen sein 	Beschränkt sich der Inanspruchnahme ein Dienstleistung auf ein Teil der Hilfsfonds  so können der Eigentümer der Verlegung der Dienstleistung an ein anderer Ort beantragen  der für der Anspruchsberechtigten gleichermaßen eignen sein 
Besonderes Zubehör/besondere Zusatzausstattung für Beinschutz für Arbeiten mit handgeführten Kettensägen wird derzeit nicht angeboten.	Beinschutz	Schutz der Bein	Zurzeit werden kein speziell Zubehör  Zusatzausstattung zu Schutz der Bein für Arbeit mit tragbar Kettensäge anbieten 	Zurzeit geben es kein speziell Zubehörteil  Zusatzausstattung zu Schutz der Bein für Arbeit mit handgeführt Kettensäge 	Zurzeit geben es kein speziell Zubehörteil  Zusatzausstattung zu Schutz der Bein für Arbeit mit handgeführt Kettensäge 
Bestandteile einer Sache, die voneinander nicht getrennt werden können, ohne dass der eine oder der andere zerstört oder in seinem Wesen verändert wird (wesentliche Bestandteile), können nicht Gegenstand besonderer Rechte sein.	Sache	Gut,Leasing-Objekt,Leasingobjekt	der Bestandteil ein Gegenstand  der nicht voneinander trennen werden können  ohne dass der einer oder anderer in sein Wesen zerstören oder verändern werden  wesentlich Bestandteil   dürfen nicht Gegenstand besonderer Recht sein 	der Bestandteil ein Gegenstand  der nicht voneinander trennen werden können  ohne dass der einer oder anderer in sein Wesen zerstören oder verändern werden  wesentlich Bestandteil   dürfen nicht Gegenstand besonderer Recht sein 	der Bestandteil ein Gegenstand  der nicht voneinander trennen werden können  ohne dass der einer oder anderer in sein Wesen zerstören oder verändern werden  wesentlich Bestandteil   dürfen nicht Gegenstand besonderer Recht sein 
Bestehen mehrere Fonds, so bestimmt das BPV den jeweils zu leistenden Mindestbetrag.	Fonds	Grundstück	geben es mehrere Fonds  so legen der BPV der für jeder Fonds zu zahlend Mindestbetrag fest 	geben es mehrere Fonds  so bestimmen der BPV der Mindestbetrag  der für jeder dieser Fonds zu zahlen sein 	geben es mehrere Fonds  so bestimmen der BPV der Mindestbetrag  der für jeder dieser Fonds zu zahlen sein 
Besteht an der Sache ein Fruchtgenußrecht, führt die Separation zum Eigentumserwerb des Fruchtnießers.	Separation	Trennung	wenn ein Anspruch auf Nutzung bestehen  bedeuten der Trennung  dass der Eigentum durch der Nutzer erwerben werden 	wenn ein Anspruch auf Nutzungsrecht bestehen  bedeuten der Trennung der Erwerb der Eigentum durch der Nutznießer 	wenn ein Anspruch auf Nutzungsrecht bestehen  bedeuten der Trennung der Erwerb der Eigentum durch der Nutznießer 
Besteht der Verdacht oder die Kenntnis über einen bundesländerübergreifenden Ausbruch einer Erkrankung , so haben die Landeshauptmänner der betroffenen Bundesländer zusammenzuarbeiten und ihre Tätigkeiten zu koordinieren.	Ausbruch	Ausbruchsgebiet	bestehen ein Verdacht oder Wissen über ein Ausbruch ein Krankheit in mehrere Land  so müssen der Gouverneur der betreffend Land zusammenarbeiten und ihr Aktivität koordinieren 	bestehen ein Seuchenherd in mehrere Land  so müssen der Gouverneur der betreffend Land zusammenarbeiten und ihr Aktivität koordinieren  wenn der Verdacht bestehen oder bekannt sein 	bestehen der Verdacht oder der Kenntnis ein Seuchenausbruch in mehrere Land  so müssen der Gouverneur der betreffend Land zusammenarbeiten und ihr Aktivität koordinieren 
Besteht der Vorstand aus mehreren Personen, so erfolgt die Beschlußfassung nach den für die Beschlüsse der Mitglieder des Vereins geltenden Vorschriften der §§ 32, 34.	Mitglied	Stiller,still Beteiligte,still Gesellschafter	bestehen der EZB-Rat aus mehrere Person  so werden der Beschluß gemäß der Artikel 32 , 34 fassen  der für der Beratung der Mitglied der Assoziation gelten 	bestehen der EZB-Rat aus mehrere Person  so werden der Beratung gemäß der Artikel 32  34  der für der Beratung der Mitglied der Assoziation gelten  treffen 	bestehen der EZB-Rat aus mehrere Person  so werden der Beratung gemäß der Artikel 32  34  der für der Beratung der Mitglied der Assoziation gelten  treffen 
Besteht zwischen Minderjährigen, die derselben Vormundschaft unterstehen, ein Interessenwiderstreit, so bestellt das Vormundschaftsgericht den Minderjährigen einen Spezialkurator.	Spezialkurator	Prozesskurator	bestehen ein Interessenkonflikt zwischen Kind  für der ein solcher Schutz gelten  so ernennen der Gericht zu Schutz der Kind ein Sonderverwalter 	bestehen ein Interessenkonflikt zwischen derselbe Schutz genießend Minderjährigen  so benennen der Gericht der Schutz Minderjähriger zu ein Sonderverwalter 	bestehen ein Interessenkonflikt zwischen derselbe Schutz genießend Minderjährigen  so benennen der Gericht der Schutz Minderjähriger zu ein Sonderverwalter 
Bestimmen die Ehegatten keinen Ehenamen, so führen sie ihren zur Zeit der Eheschließung geführten Namen auch nach der Eheschließung .	Eheschließung	Ehe	wenn der Ehegatt kein ehelich Nachname bestimmen  behalten sie der Nachname  der sie bei der Hochzeit tragen  auch nach der Hochzeit 	Legen der Ehegatt kein Ehename fest  so behalten sie der Familienname  der sie zu Zeitpunkt der Eheschließung tragen  auch nach der Ehe 	Legen der Ehegatt kein Ehename fest  so behalten sie der Familienname  der sie zu Zeitpunkt der Eheschließung tragen  auch nach der Ehe 
Betriebsvereinbarungen gelten unmittelbar und zwingend. Werden Arbeitnehmern durch die Betriebsvereinbarung Rechte eingeräumt, so ist ein Verzicht auf sie nur mit Zustimmung des Betriebsrats zulässig. Die Verwirkung dieser Rechte ist ausgeschlossen.	Verwirkung	Rücknahme,Verfall	der Unternehmensvereinbarung haben unmittelbar und verbindlich Wirkung  werden der Arbeitnehmer durch der Betriebsvereinbarung Recht zuerkennen  so sein der Verzicht auf dieser Recht nur mit Zustimmung der Betriebsrat zulässig  der Verfall dieser Recht sein ausschließen 	der Vereinbarung sein unmittelbar wirksam und verbindlich  und wenn der Arbeitnehmer durch der Vereinbarung Recht einräumen werden  sein der Verzicht auf dieser Recht nur mit Zustimmung der Betriebsrat zulässig  der Entzug dieser Recht sein ausschließen 	der Vereinbarung sein unmittelbar wirksam und verbindlich  und wenn der Arbeitnehmer durch der Vereinbarung Recht einräumen werden  sein der Verzicht auf dieser Recht nur mit Zustimmung der Betriebsrat zulässig  der Entzug dieser Recht sein ausschließen 
Biozid-Produkte, die als sehr giftig, giftig, oder als krebserzeugend, erbgutverändernd oder fortpflanzungsgefährdend  einzustufen sind, dürfen nur für das Inverkehrbringen für und zur Verwendung durch berufsmäßige Verbraucher zugelassen werden.	erbgutverändernd	erbgutverändernd Arbeitsstoff	Biozid-Produkt  der als sehr giftig  giftig oder krebserregend  mutage oder fortpflanzungsgefährdend einstufen werden sollen  dürfen nur für der Inverkehrbringen und der Verwendung durch professionell Anwender zulassen werden 	Biozid-Produkt  der als sehr giftig  giftig oder als krebserzeugend  erbgutverändernd oder fortpflanzungsgefährdend einstufen werden sollen  dürfen nur für der Inverkehrbringen und der Verwendung durch professionell Anwender zulassen werden 	Biozid  der als sehr giftig  giftig oder als krebserzeugend  erbgutverändernd oder fortpflanzungsgefährdend einstufen sein  dürfen nur für der Inverkehrbringen und der Verwendung durch professionell Anwender zulassen werden 
Bis zur Anerkennung des Erwerbers durch die Gesellschaft kann dieser weder das mit den Aktien verknüpfte Stimmrecht noch andere mit dem Stimmrecht zusammenhängende Rechte ausüben.	Stimmrecht	Wahlrecht	bis zu Anerkennung der Erwerber durch der Gesellschaft dürfen dieser weder der mit der Aktie verbunden Stimmrecht noch anderer mit der Stimmrecht verbunden Recht ausüben 	bis zu Anerkennung der Erwerber durch der Gesellschaft dürfen dieser weder der mit Aktie verbunden Stimmrecht noch anderer mit der Stimmrecht zusammenhängend Stimmrecht ausüben 	bis zu Anerkennung der Erwerber durch der Gesellschaft dürfen der Erwerber weder der mit der Aktie verbunden Stimmrecht noch anderer mit der Stimmrecht zusammenhängend Stimmrecht ausüben 
Bis zur Festlegung der Anträge kann der Instruktionsrichter auf Antrag der Partei die Zahlung der Beträge verfügen, die von den Parteien, die sich in das Verfahren eingelassen haben, nicht bestritten sind.	Instruktionsrichter	Untersuchungsrichter	bis zu Einreichung der Antrag können der Untersuchungsrichter auf Antrag der Partei der Zahlung der von der Partei  der vor Gericht stellen werden  nicht beanstandet Betrag vorsehen 	bis zu Eingang der Antrag können der Ermittlungsrichter auf Antrag der Partei der Zahlung der von der Partei  der sich vor Gericht stellen haben  nicht bestritten Betrag vorsehen 	bis zu Abfassung der Antrag können der Ermittlungsrichter auf Antrag der Partei der Zahlung der von der Partei  der sich vor Gericht stellen haben  nicht bestritten Betrag vorsehen 
Bleiben Zweifel oder handelt es sich um Delikte, die für einen bestimmten Berufskreis bedeutsam sind, so trifft den Täter eine Erkundigungspflicht, so bei Geschäftsleuten, die sich über die einschlägigen Vorschriften orientieren .	Erkundigungspflicht	Informationspflicht	bestehen für ein bestimmt Berufsgruppe weiterhin Zweifel oder handeln es sich um erheblich Straftat  so sein der Täter mit ein Informationspflicht zu versehen  wie etwa bei Wirtschaftsteilnehmer  der sich über der einschlägig Rechtsvorschrift informieren müssen 	wenn Zweifel bestehen oder es sich um erheblich Verstoß für ein bestimmt Berufsgruppe handeln  sein der Täter mit ein Informationspflicht konfrontieren  wie etwa bei Wirtschaftsteilnehmer  der sich über der einschlägig Rechtsvorschrift informieren müssen 	bestehen weiterhin Zweifel oder handeln es sich um erheblich Verstoß für ein bestimmt Berufsgruppe  so sein der Täter mit ein Informationspflicht zu belegen  wie dieser bei Wirtschaftsteilnehmer der Fall sein  der sich über der einschlägig Rechtsvorschrift informieren müssen 
Bleibt das Fahrzeug infolge eines technischen Defektes stehen, liegt weder Halten noch Warten vor.	Warten	Festnahme,Freiheitsstrafe,Verhaftung	wenn der Fahrzeug aufgrund ein technisch Defekt anhalten werden  dürfen weder der Haltestelle noch der Haltestelle vorhanden sein 	werden der Fahrzeug aufgrund ein technisch Defekt zu Stillstand bringen  so dürfen es weder anhalten noch festhalten werden 	werden der Fahrzeug aufgrund ein technisch Defekt zu Stillstand bringen  so dürfen es weder anhalten noch festhalten werden 
Da Brände fast immer auf kleine Brandherde zurückzuführen sind, müssen diese möglichst schnell entdeckt, gemeldet und bekämpft werden. Dazu dienen die Feuermelder.	Brandherd	Ausbruch	da der Brand fast immer auf klein Ausbruch zurückführen sein  müssen sie so schnell wie möglich entdecken  melden und bekämpfen werden  und dazu dienen Rauchmelder 	da der Brand fast immer auf klein Brand zurückführen sein  müssen sie so schnell wie möglich entdecken  melden und bekämpfen werden  und dazu müssen Rauchmelder einsetzen werden 	da der Brand fast immer auf klein Brand zurückführen sein  müssen sie so schnell wie möglich entdecken  melden und bekämpfen werden  und dazu müssen Rauchmelder einsetzen werden 
Da Dienstbarkeiten dingliche Rechte sind, bedarf es zu ihrer Begründung eines Titels und einer Erwerbungsart (Modus).	Dienstbarkeit	Grunddienstbarkeit,Prädialservitut,Realservitut	da der Dienst echt Recht sein  erfordern ihr Gründung ein Titel und ein Art der Erwerb  Modus  	da es sich bei der Dienstleistung um echt Recht handeln  erfordern ihr Gründung ein Titel und ein Form der Erwerb  Modus  	da es sich bei der Dienstleistung um echt Recht handeln  erfordern ihr Gründung ein Titel und ein Form der Erwerb  Modus  
Da das Stechschutzhemd kürzer als Schürze oder Bolero ist, muss auf einen ausreichenden Schutz der Beine der oder des Arbeitenden geachtet werden. Dieser Schutz wird in der Regel mit Stechschutzhosen erreicht.	Schutz der Bein	Beinschutz	da der Schnürstrick kurz sein als der Schürze oder der Schnürsenkel  muss ein angemessen Schutz der Bein der Arbeitnehmer oder der Arbeitnehmerin gewährleisten werden 	da der Schnittmasche kurz sein als der Schürze oder der Kordel  muss ein angemessen Schutz der Bein der Arbeitnehmer oder der Arbeitnehmerin gewährleisten werden  der in der Regel mit scharf Hose erzielen werden 	da der Schnittmasche kurz sein als der Schürze oder der Kordel  muss ein angemessen Schutz der Bein der Arbeitnehmer oder der Arbeitnehmerin gewährleisten werden  der in der Regel mit scharf Hose erzielen werden 
Da der Strafprozess von Bundesrechts wegen vom Grundsatz der freien richterlichen Beweiswürdigung beherrscht ist (Art. 249 BStP), müssen tatfernere Beweismittel zwar nicht a priori ausgeschlossen werden	Grundsatz der frei richterlich Beweiswürdigung	Grundsatz der frei Beweiswürdigung	da der Strafverfahren nach Bundesrecht durch der Grundsatz der frei Überzeugung  Art . 249 CPP  regeln sein  dürfen Beweismittel  der der Tatsache am wenig nah kommen  nicht a priori ausschließen werden 	da der Strafverfahren nach der Bundesrecht von Grundsatz der frei Überzeugung  Artikel 249 CPP  leiten werden  dürfen der Beweismittel  der der Sache am wenig nah kommen  nicht a priori ausschließen werden 	da der Strafverfahren nach der Bundesrecht von Grundsatz der frei Überzeugung leiten werden  Art . 249 CPP   dürfen Beweismittel  der der Tatbestand am wenig nah kommen  nicht a priori ausschließen werden 
Da es bei den unechten Unterlassungsdelikten an Kausalität und Tatbestandhandlung fehlt und es daher darauf ankommt, welche Handlung im Einzelfall vom Täter zu fordern ist, ist die Zumutbarkeit Bestandteil des Tatbestandes und nicht bloßes Schuldelement.	Zumutbarkeit	Fälligkeit	da es bei unsachgemäß Straftat an Kausalität und typisch handeln mangeln und daher feststellen werden  welcher Maßnahme der Täter in Einzelfall zu ergreifen haben  sein der Verjährung ein integral Bestandteil der typisch Tatsache und nicht nur ein Element der Schuld 	da es bei der unkorrekt Verbrechen an Ursache und Tat fehlen und es daher feststellen geben  welcher Maßnahme von der einzeln Straftäter verlangen werden müssen  sein der Einbürgerung ein wesentlich Bestandteil der typisch Tatbestand und nicht nur ein Element der Schuld 	da der Ursache und der typisch Tat bei unsachgemäß missbräuchlich Handlung fehlen und daher feststellen werden  welcher Maßnahme von der Täter in Einzelfall verlangen werden müssen  sein der Eindeutigkeit ein integral Bestandteil der typisch Tatbestand und nicht nur ein Element der Schuld 
Daher genügt,  dass der Geldwäscher die Umstände kennt, die den Verdacht nahelegen, das Geld stamme aus einer verbrecherischen Vortat.	verbrecherisch	Verbrecher	daher genügen es  dass der Recyclinger der Umstand kennen  der der Verdacht aufkommen lassen  dass der Geld aus ein kriminell Annahme stammen 	es genügen daher  dass der Geldwäscher der Umstand kennen  der der Verdacht aufkommen lassen  dass der Geld aus ein kriminell Vortat stammen 	daher genügen es  dass der Geldwäscher der Umstand kennen  der der Verdacht aufkommen lassen  dass der Geld aus ein kriminell Vortat stammen 
Damit die Arbeitssicherheit gewährleistet ist, muss eine Fremdfirma in die betriebsspezifischen Verhältnisse des Auftraggebers eingewiesen werden.	Arbeitssicherheit	Arbeitsschutz	damit der Sicherheit an Arbeitsplatz gewährleisten sein  muss ein extern Unternehmen über der spezifisch Bedingung der Unternehmen der Auftraggeber unterrichten werden 	damit der Sicherheit an Arbeitsplatz gewährleisten sein  müssen ein extern Unternehmen über der besonderer Bedingung der Unternehmen der Auftraggeber aufklären werden 	damit der Sicherheit an Arbeitsplatz gewährleisten sein  müssen ein extern Unternehmen über der besonderer Bedingung der Unternehmen der Auftraggeber aufklären werden 
Damit die Leistung das Erlöschen der Schuld bewirkt, muß sie der Verpflichtung entsprechen.	erlöschen	aussterben	damit der Leistung der Tilgung der Schuld bewirken  muss sie der Verpflichtung entsprechen 	damit der Leistung der Schuldenerlass bewirken  muss sie der Schuld entsprechen 	damit der Leistung zu Tilgung der Schuld führen  muss sie der Schuld entsprechen 
Darüber hinaus habe der Vater dem Darlehensgeber Teile seines Geschäftsanteils zu einem unter dem Nominalwert liegenden Betrag abgetreten.	Nominalwert	Nennwert,Nominaler	darüber hinaus haben der Vater der Kreditgeber Teil sein Gesellschaftsanteil in ein niedrig Betrag als der Nennwert überlassen 	darüber hinaus haben der Vater Teil sein Gesellschaftsanteil an der Kreditgeber abtreten  und zwar um ein Betrag unterhalb der Nennwert 	darüber hinaus haben der Vater Teil sein Gesellschaftsanteil an der Kreditgeber abtreten  und zwar um ein Betrag  der unter der Nennbetrag liegen 
Das Aktienstimmrecht entsteht mit der vollständigen Leistung der Einlage.	Aktienstimmrecht	Wahlrecht	der Stimmrecht entstehen durch der vollständig Auszahlung der Einlage 	der Stimmrecht entstehen durch der vollständig Auszahlung der Einlage 	der Stimmrecht entstehen durch der vollständig Auszahlung der Einlage 
Das Amtsgericht hat die Eintragung des Vereins in das Vereinsregister durch Veröffentlichung in dem von der Landesjustizverwaltung bestimmten elektronischen Informations- und Kommunikationssystem bekannt zu machen.	Veröffentlichung	Aufgebot,Verkündung	der Gericht erster Instanz haben der Eintragung der Vereinigung in der Register der Vereinigung durch Veröffentlichung in der elektronisch Information und Kommunikationssystem  der von der Landesgerichtsverwaltung benennen werden  bekanntzugeben 	der Gericht erster Instanz müssen der Eintragung der Vereinigung in der Register der Maschinenring durch Veröffentlichung in der von der Landesgerichtsbarkeit bezeichnet elektronisch Information und Kommunikationssystem bekanntgeben 	der Gericht erster Instanz müssen der Eintragung der Vereinigung in der Register der Maschinenring durch Veröffentlichung in der von der Landesgerichtsbarkeit bezeichnet elektronisch Information und Kommunikationssystem bekanntgeben 
Das Ausfallverfahren gilt bis zur Übermittlung des elektronischen Verwaltungsdokuments durch das Hauptzollamt.	Übermittlung	Übertragung	der Reserveverfahren gelten bis zu Übermittlung der elektronisch Verwaltungsdokument durch der Hauptzollstelle 	der Reserveverfahren gelten bis zu Übermittlung der elektronisch Verwaltungsdokument durch der Hauptzollstelle 	der Reserveverfahren gelten bis zu Übermittlung der elektronisch Verwaltungsdokument durch der Hauptzollstelle 
Das Bundesgericht in Lausanne ist das oberste Gericht der Schweiz. Es verkörpert auf der Ebene der drei Staatsgewalten neben der gesetzgebenden Bundesversammlung (Legislative) und dem ausführenden Bundesrat (Exekutive) die rechtsprechende Gewalt (Judikative).	Legislative	gesetzgebend Gewalt	der Bundesgericht von Lausanne sein der hoch Justizinstanz der Schweiz  es verkörpern neben der Bundesversammlung der Legislative  Gesetzgebungsbefugnis  und der Bundesexekutivrat  Exekutivmacht  der Judikativ auf der Ebene der drei staatlich Befugnis 	der Bundesgericht von Lausanne sein der hoch Gericht der Schweiz  der neben der Legislative der Föderalen Versammlung  Gesetzgebung  und der Bundesexekutivrat  Exekutivbehörde  der Judikative auf der Ebene der drei Staatsgewalt verkörpern 	der Bundesgericht von Lausanne sein der hoch Gericht der Schweiz  der neben der Legislative der Föderalen Versammlung  Gesetzgebung  und der Bundesexekutivrat  Exekutivbehörde  der Judikative auf der Ebene der drei staatlich Befugnis verkörpern 
Das Bundesverwaltungsamt gliedert sich in mehreren Abteilungen, die sich teilweise wiederum in Referatsgruppen und diese in Referate unterteilen.	Abteilung	Aufteilung	der Bundesverwaltungsamt gliederen sich in mehrere Abteilung  der wiederum in Gruppe von Referend und solcher von Referend unterteilen sein 	der Bundesverwaltungsamt bestehen aus mehrere Abteilung  der wiederum in Referend und Referend unterteilen sein 	der Bundesverwaltungsamt bestehen aus mehrere Abteilung  der wiederum in Referend und Referend unterteilen sein 
Das Deutsche Volk bekennt sich darum zu unverletzlichen und unveräußerlichen Menschenrechten als Grundlage jeder menschlichen Gemeinschaft, des Friedens und der Gerechtigkeit in der Welt.	Gerechtigkeit	Justiz,Rechtspflege	der deutsch Volk sprechen sich daher für unantastbar und unveräußerlich Menschenrecht als Grundlage jeder menschlich Gemeinschaft  für Frieden und Gerechtigkeit in der Welt aus 	der deutsch Volk sprechen sich daher für unantastbar und unveräußerlich Menschenrecht als Grundlage jeder menschlich Gemeinschaft  für Frieden und Gerechtigkeit in der Welt aus 	der deutsch Volk sprechen sich daher für unantastbar und unveräußerlich Menschenrecht als Grundlage jeder menschlich Gemeinschaft  für Frieden und Gerechtigkeit in der Welt aus 
Das Dienstzimmer für den Hausmeister oder die Hausmeisterin bzw. für die Schulwarte und Schulwartinnen muss in der Nähe des Haupteinganges liegen und diesen im Blickfeld haben.	Hausmeister	Verwahrer	der Dienstraum für der Hausmeister  der Hausmeister oder der Schulassistent und der Schulassistent muss in der Nähe der Haupteingang liegen und in sein Sichtfeld liegen 	der Dienstraum für der Wächter oder Wächter oder für der Schul und Schulassistent muss in der Nähe der Haupteingang liegen sein und in sein Sichtfeld liegen 	der Dienstraum für der Wächter oder Wächter bzw. für der Schul und Schulassistent muss in der Nähe der Haupteingang liegen sein und in sein Sichtfeld liegen 
Das Eigentum wird durch Aneignung, durch Fund, durch Zuwachs, durch Verarbeitung, durch Vereinigung oder Vermischung, durch Ersitzung, auf Grund von Verträgen, durch Nachfolge von Todes wegen und durch die anderen vom Gesetz festgesetzten Arten erworben.	Fund	Erfindung,gewerblich Erfindung	der Eigentum werden durch Beschäftigung  Erfindung  Beitritt  Spezifikation  Vereinigung oder Vermischung  durch Usucapion  durch Vertrag  durch Erbfolge durch Tod und auf anderer Weise erwerben  der durch der Gesetz festlegen werden 	der Eigentum werden durch Beschäftigung  durch Erfindung  durch Zutritt  durch Spezifikation  durch Vereinigung oder Vermischung  durch Usukasion  durch Vertrag  durch Erbfolge aufgrund der Tod und auf anderer gesetzlich festgelegt Weise erwerben 	der Eigentum werden durch Beschäftigung  durch Erfindung  durch Zutritt  durch Spezifikation  durch Vereinigung oder Vermischung  durch Usukasion  durch Vertrag  durch Nachfolge durch Tod und auf anderer gesetzlich festgelegt Weise erwerben 
Das Ergebnis seiner Erkundigungen hielt er in Aktennotizen fest.	Erkundigung	Information	er notieren der Ergebnis sein Information in Aktennotiz 	er nehmen der Ergebnis sein Information in der Unterlage auf 	er nehmen der Ergebnis sein Information in der Unterlage auf 
Das Erstgericht gab dem Klagebegehren statt. Der beklagten Partei sei nicht der Beweis für den behaupteten Ausschlußtatbestand gelungen, zumindestens hätten die Täter physische Gewalt anwenden müssen, um in die Räume der Klägerin einzudringen.	physisch Gewalt	absolut Gewalt,vis absoluta	der Gericht erster Instanz haben der Antrag stattgegeben  der Beklagter können nicht nachweisen  dass der geltend gemacht Ausschlussfall bestehen  zumindest haben der Autor körperlich Gewalt anwenden müssen  um in der Räumlichkeit der Klägerin eindringen 	der Gericht erster Instanz haben der Antrag stattgegeben  der Beklagter können nicht nachweisen  dass der geltend gemacht Ausschlussfall existieren  zumindest haben der Täter körperlich Gewalt anwenden müssen  um in der Räumlichkeit der Klägerin eindringen 	der Gericht erster Instanz haben der Antrag stattgegeben  der Beklagter können nicht nachweisen  dass der geltend gemacht Ausschlussfall existieren  zumindest haben der Täter körperlich Gewalt anwenden müssen  um in der Räumlichkeit der Klägerin eindringen 
Das Fahren unter Alkoholeinfluss ist verboten:  beim Transport gefährlicher Güter mit kennzeichnungspflichtigen Beförderungseinheiten; .	Transport	Frachtvertrag	der führen von Fahrzeug unter Alkoholeinfluss sein verbieten  bei der Beförderung gefährlich Gut mit Beförderungseinheit  der kennzeichnen werden müssen 	der führen von Fahrzeug unter Alkoholeinfluss sein verbieten  bei der Beförderung gefährlich Gut mit etikettiert Beförderungseinheit 	der führen von Fahrzeug unter Alkoholeinfluss sein verbieten  bei der Beförderung gefährlich Gut mit etikettiert Beförderungseinheit 
Das Fakultätskollegium der Rechts- und Wirtschaftswissenschaftlichen Fakultät der Universität Bern  erlässt folgende Geschäftsordnung	Geschäftsordnung	Rechtsverordnung,Verordnung	der Fakultätskollegium der Fakultät für Recht und Wirtschaft der Universität Bern erläßen folgend Regelung 	der Fakultätskollegium der Fakultät für Recht und Wirtschaft der Universität Bern erlässen folgend Verordnung 	der Fakultätskollegium der Fakultät für Recht und Wirtschaft der Universität Bern erlässen folgend Verordnung 
Das G wurde als Artikel 1 des G v. 12.12.2019 I 2652 vom Bundestag mit Zustimmung des Bundesrates beschlossen.	G	Gesetz	der Gesetz werden als Artikel 1 der Gesetz von 12.12.2019 I 2652 von Bundestag mit Genehmigung der Bundesrat annehmen 	der Gesetz werden von Bundestag mit Genehmigung der Bundesrat als Artikel 1 der Gesetz von 12.12.2019 I 2652 annehmen 	der Gesetz werden von Bundestag mit Genehmigung der Bundesrat als Artikel 1 der Gesetz von 12.12.2019 I 2652 annehmen 
Das Gericht darf einer Kündigung  nur zustimmen, wenn  das Betriebsratsmitglied unfähig wird, die im Arbeitsvertrag vereinbarte Arbeit zu leisten, sofern in absehbarer Zeit eine Wiederherstellung seiner Arbeitsfähigkeit nicht zu erwarten ist .	Arbeitsfähigkeit	Erwerbsfähigkeit	der Gericht können ein Entlassung nur dann zustimmen  wenn der Mitglied der Betriebsrat nicht in der Lage sein  der in Arbeitsvertrag vereinbart Arbeit zu verrichten  wenn ein Wiederherstellung sein Arbeitsfähigkeit nicht kurzfristig vorhersehbar sein 	der Gericht können ein Entlassung nur dann zustimmen  wenn der Mitglied der Betriebsrat nicht in der Lage sein  der in Arbeitsvertrag vereinbart Arbeit zu leisten  wenn ein baldig Wiederherstellung sein Arbeitsfähigkeit nicht vorhersehbar sein 	der Gericht können ein Entlassung nur dann zustimmen  wenn der Mitglied der Betriebsrat nicht in der Lage sein  der in Arbeitsvertrag vereinbart Arbeit zu leisten  wenn ein baldig Wiederherstellung sein Arbeitsfähigkeit nicht vorhersehbar sein 
Das Gericht erklärt das Verfahren für erloschen: a) wenn es in den in diesem Gesetzbuch Verwaltungsprozessordnung angeführten Fällen innerhalb der vom Gesetz festgesetzten oder vom Gericht bestimmten Ausschlussfrist nicht festgesetzt oder fortgeführt wird .	Gesetzbuch	Kode	der Gericht erklären der Verfahren für beenden  a ) wenn in der in dieser Verwaltungsordnung genannt Fall nicht innerhalb der gesetzlich festgelegt oder von Gericht festgelegt Frist festsetzen oder fortsetzen werden 	der Gericht erklären der Verfahren für beenden  a ) wenn in der in dieser Verwaltungsordnung genannt Fall nicht innerhalb der von Gesetz festgelegt oder von Gericht festgesetzt Frist festlegen oder weiterbestehen 	der Gericht erklären der Verfahren für beenden  a ) wenn in der in dieser Verwaltungsordnung genannt Fall nicht innerhalb der von Gesetz festgelegt oder von Gericht festgesetzt Frist festlegen oder weiterbestehen 
Das Gericht habe von der Enteignung, mit deren Rechtskraft die Enteignungswerberin originär Eigentum am Enteignungsobjekt erworben habe, auszugehen und auf dieser Grundlage lediglich die Frage der Enteignungsentschädigung neu zu beurteilen.	Enteignungsentschädigung	Entschädigung	der Gericht haben mit der Enteignung zu beginnen  mit der der Enteigner ursprünglich der Eigentum an der Gegenstand der Enteignung erwerben haben  und auf dieser Grundlage nur der Frage der Entschädigung zu prüfen 	der Gericht müssen von der Enteignung ausgehen  durch der Rechtskraft der Enteigner ursprünglich der Eigentum an der Gegenstand der Enteignung erwerben haben  und auf dieser Grundlage nur der Frage der Entschädigung überprüfen 	der Gericht müssen von der Enteignung ausgehen  durch der Rechtskraft der Enteigner ursprünglich der Eigentum an der Gegenstand der Enteignung erwerben haben  und auf dieser Grundlage nur der Frage der Entschädigung überprüfen 
Das Gericht hat jedermann, der Nachrichten über den Verschwundenen oder Abwesenden geben kann, in angemessener Weise öffentlich aufzufordern, sich binnen einer bestimmten Frist zu melden.	Frist	Grenzzeichen,prozessual Frist	der Gericht muss in angemessen Weise aller Person  der Information über der verstorbener oder der vermisster übermitteln können  öffentlich einladen  sich innerhalb ein bestimmt Frist zu melden 	der Gericht muss aller Person  der Information über der Vermisste oder der Abwesende übermitteln können  in angemessen Weise öffentlich einladen  sich innerhalb ein bestimmt Frist zu melden 	der Gericht muss aller Person  der Information über der Vermisste oder der Abwesende übermitteln können  in angemessen Weise öffentlich einladen  sich innerhalb ein bestimmt Frist zu melden 
Das Gericht kann auch Verfügungen treffen, die es zum Unterhalt, zur Ausbildung und zur Erziehung des Kindes sowie zum Schutz seiner Vermögensinteressen für nützlich erachtet.	Schutz	Schutzeinrichtung,Schutzvorrichtung	der Gericht können auch Maßnahme ergreifen  der es für der Unterhalt  der Ausbildung und der Erziehung der Kind sowie für der Schutz sein vermögensrechtlich Interesse als nützlich erachten 	der Gericht können auch Maßnahme ergreifen  der es für der Unterhalt  der Ausbildung und der Erziehung der Kind sowie für der Schutz sein vermögensrechtlich Interesse als nützlich erachten 	der Gericht können auch Maßnahme ergreifen  der es für der Unterhalt  der Ausbildung und der Erziehung der Kind sowie für der Schutz sein vermögensrechtlich Interesse als nützlich erachten 
Das Gericht kann dem Verurteilten Auflagen erteilen, die der Genugtuung für das begangene Unrecht dienen.	Unrecht	rechtswidrig,unerlaubt,widerrechtlich	der Gericht können der verurteilter Bedingung auferlegen  der der Wiedergutmachung der begangen Verstoß dienen 	der Gericht können der verurteilter Bedingung auferlegen  der der Wiedergutmachung der Verstoß dienen 	der Gericht können der verurteilter Bedingung auferlegen  der der Wiedergutmachung der Vergehen dienen 
Das Gericht kann den Parteien, ihren Bevollmächtigten und Beiständen auf Antrag oder von Amts wegen gestatten, sich während einer mündlichen Verhandlung an einem anderen Ort aufzuhalten und dort Verfahrenshandlungen vorzunehmen.	Verfahrenshandlung	Aktenstück,Aktenteil	der Gericht können der Partei  ihr Staatsanwält und ihr Verteidiger auf Antrag oder von Amts wegen gestatten  sich während ein mündlich Verhandlung an ein anderer Ort zu befinden und dort Verfahrenshandlung durchführen 	der Gericht können der Verfahrensbeteiligter  ihr Staatsanwalt und Verteidiger auf Antrag oder von Amts wegen gestatten  sich während ein Verhandlung an ein anderer Ort zu befinden und dort Verfahrensakt zu vollstrecken 	der Gericht können der Verfahrensbeteiligter  ihr Ankläger und Verteidiger auf Antrag oder von Amts wegen gestatten  sich während ein Verhandlung an ein anderer Ort zu befinden und dort Gerichtsverfahren einleiten 
Das Gericht kann zur Durchsetzung seiner Anordnungen die Polizei beiziehen.	Anordnung	Bestimmung,Verfügung	der Gericht können sich bei der Durchführung sein Vorschrift auf der Polizei berufen 	der Gericht können der Polizei bei der Durchführung sein Vorschrift in Anspruch nehmen 	der Gericht können der Polizei zu Durchführung sein Bestimmung heranziehen 
Das Gericht misst die Strafe nach dem Verschulden des Täters zu. Es berücksichtigt das Vorleben und die persönlichen Verhältnisse sowie die Wirkung der Strafe auf das Leben des Täters.	Täter	schuldig	der Gericht legen der Strafe nach der Schuld der Täter fest  wobei der früh Leben und der persönlich Verhältnis sowie der Auswirkung der Strafe auf der Leben der Täter zu berücksichtigen sein 	der Gericht legen der Strafe nach der Schuld der Schuldige fest und berücksichtigen dabei der früh Leben und der persönlich Umstand sowie der Auswirkung der Strafe auf der Leben der Schuldigen 	der Gericht legen der Strafe nach der Schuld der Schuldige fest  wobei der früh Leben und der persönlich Umstand sowie der Auswirkung der Strafe auf der Leben der Schuldigen zu berücksichtigen sein 
Das Gericht nimmt nach Anhörung der Parteien unter Außerachtlassung jeder für das rechtliche Gehör nicht wesentlichen Förmlichkeit, wie es dies für am zweckdienlichsten hält, jene entscheidungsvorbereitenden Handlungen vor, die  unerläßlich sind .	rechtlich Gehör	Widerstreit	der Gericht nehmen nach Anhörung der Partei und ohne jeder Formalität  der nicht unbedingt der kontradiktorisch Charakter entsprechen  der Vorbereitung der Entscheidung vor  der es für angemessen halten und der unerläßlich sein 	nach Anhörung der Partei und ohne jeder Formalität  der der Streitfall nicht wesentlich sein  treffen der Gericht der erforderlich Maßnahme  um der sein Ansicht nach geeignet und unerläßlich Entscheidung vorbereiten 	der Gericht nehmen nach Anhörung der Partei und ohne jeder Formalität  der der Streitfall nicht wesentlich sein  der vorbereitend Maßnahme für der Entscheidung vor  der es für angebracht halten und der unerläßlich sein 
Das Gericht ordnet die Verwahrung an, wenn der Täter einen Mord, eine vorsätzliche Tötung, eine schwere Körperverletzung, eine Vergewaltigung,  oder eine andere mit einer Höchststrafe von fünf oder mehr Jahren bedrohte Tat begangen hat .	vorsätzlich	arglistig	der Gericht ordnen der Sorgerecht an  wenn der Täter ein Mord  ein vorsätzlich Mord  ein schwer persönlich Verletzung  sexuell Gewalt oder ein anderer Straftat begehen haben  der mit ein Höchststrafe von fünf oder mehr Jahr bestrafen werden können 	der Gericht ordnen der Gewahrsam an  wenn der Täter ein Mord  ein vorsätzlich Mord  ein schwer Körperverletzung  sexuell Gewalt oder ein anderer Verbrechen begehen haben  der mit ein Höchststrafe von fünf oder mehr Jahr bedrohen sein 	der Gericht ordnen der Gewahrsam an  wenn der Täter ein Mord  ein vorsätzlich Mord  ein schwer Körperverletzung  sexuell Gewalt oder ein anderer Verbrechen begehen haben  der mit ein Höchststrafe von fünf oder mehr Jahr bedrohen sein 
Das Gericht trifft die notwendigen Verfügungen, damit die Streitsache möglichst am ersten Termin erledigt werden kann.	Streitsache	Rechtsgrund,Rechtsstreit,Ursache,causa	der Gericht treffen der erforderlich Maßnahme  damit der Rechtssache möglichst in der erster mündlich Verhandlung entscheiden werden können 	der Gericht treffen der erforderlich Maßnahme  damit der Rechtssache möglichst bei der erster Verhandlung entscheiden werden können 	der Gericht treffen der erforderlich Maßnahme  damit der Rechtssache möglichst bei der erster Verhandlung entscheiden werden können 
Das Gesetz kann allgemein oder bei einzelnen Tatbildern die verschiedenen Beteiligungsformen verschieden werten und behandeln; es kann aber auch alle, die einen ursächlichen (kausalen) Beitrag zur Verwirklichung des Tatbildes leisten, als Täter bezeichnen und ihre grundsätzliche Gleichbehandlung anordnen.	Täter	schuldig	der Gesetz können der verschieden Form der Beteiligung in Allgemein oder in Einzelfall unterschiedlich bewerten und behandeln  es können jedoch auch Person  der ein Kausalzusammenhang zu Verwirklichung der vorliegend Fall darstellen  als schuldig bezeichnen und der grundlegend Gleichbehandlung vorsehen 	der Gesetz können der verschieden Form der Beteiligung in Allgemein oder in Einzelfall unterschiedlich bewerten und behandeln  es können jedoch auch jeder  der ein kausal Beitrag zu Verwirklichung der Tatbestand leisten  als schuldig bezeichnen und der grundlegend Gleichbehandlung festlegen 	der Gesetz können der verschieden Form der Beteiligung in Allgemein oder in Einzelfall unterschiedlich bewerten und behandeln  es können jedoch auch jeder Person  der ein kausal Beitrag zu Verwirklichung der Tatbestand leisten  als schuldig bezeichnen und der grundlegend Gleichbehandlung festlegen 
Das Gesetz sieht vor, dass mittels Verfügung eine Person ernannt werden kann, die den Patienten oder die Patientin in den Beziehungen zu Ärzten, Ärztinnen und Personal des Gesundheitsbetriebs vertritt: die Vertrauensperson.	Vertrauensperson	Treuhänder	der Gesetz sehen vor  dass ein Person  der der Patient oder der Patientin in Umgang mit Arzt  Arzt und Mitarbeiter der Gesundheitsunternehmen vertreten  durch Anordnung ernennen werden können  der Treuhänder 	der Gesetz sehen vor  dass ein Person  der der Patient oder der Patientin in Umgang mit Arzt  Arzt und Mitarbeiter der Gesundheitsunternehmen vertreten  durch ein entsprechend Bestimmung ernennen werden können  der Treuhänder 	der Gesetz sehen vor  dass ein Person benennen werden können  der der Patient oder der Patientin in Umgang mit Arzt  Arzt und Mitarbeiter der Gesundheitsunternehmen vertreten  der Treuhänder 
"Das Gesetz spricht meist statt vom Verschulden von ""Vertretenmüssen""."	Vertretenmüssen	Schuld	der Gesetz sprechen nicht von Schuld  sondern meist von Schuld 	der Gesetz sprechen nicht von Schuld  sondern von Schuld 	der Gesetz sprechen nicht von Schuld  sondern in erster Linie von Schuldgefühl 
Das Gesetz unterscheidet die Fällung des Urteils (§ 309ZPO) von seiner Verkündung (§ 310 ZPO).	Fällung der Urteil	Beratung	der Gesetz unterscheiden der Entscheidung der Urteil  § 309 ZPO  von sein Veröffentlichung  § 310 ZPO  	der Gesetz unterscheiden der Entscheidung über der Urteil  § 309 ZPO  von sein Veröffentlichung  § 310 ZPO  	der Gesetz unterscheiden der Entscheidung über der Urteil  § 309 ZPO  von sein Veröffentlichung  § 310 ZPO  
Das Getrenntleben der Ehegatten - ob berechtigt oder nicht - begründet innerhalb gewisser Fristen die unwiderlegbare Vermutung des Scheiterns der Ehe .	Getrenntleben	Trennung	der Trennung der Ehegatt  ob rechtfertigen oder nicht  begründen innerhalb bestimmt Frist der unwiderlegbar Vermutung der Eheversagen 	der   gerechtfertigt oder nicht gerechtfertigt   Trennung der Ehegatt begründen innerhalb bestimmt Frist der unwiderlegbar Vermutung ein Ehebruch 	der   gerechtfertigt oder nicht gerechtfertigt   Trennung der Ehegatt begründen innerhalb bestimmt Frist der unwiderlegbar Vermutung der scheitern der Ehe 
Das Halten i.S. von Art. 37. Abs. 2 SVG Strassenverkehrsgesetz umfasst jedes Stillstehen mit Fahrzeugen auf öffentlichem Verkehrsraum, ausgenommen das vorübergehende, durch die Verkehrslage bedingte Anhalten, etwa um vortrittsberechtigten Fahrzeugen die Durchfahrt zu ermöglichen .	Anhalten	Anhaltung,Festnahme,Freiheitsstrafe,Verhaftung	der Haltestelle in Sinn von Artikel 37 cpv . 2 LCStr umfassen aller Haltestelle mit Fahrzeug in öffentlich Verkehrsbereich  mit Ausnahme der vorübergehend Abschaltung aufgrund der Verkehrssituation  z. B. um der Umstellung auf Fahrzeug mit Vorrang zu ermöglichen 	der Haltestelle gemäß Artikel 37 cpv . 2 LCSr umfassen aller Fahrtunterbrechung mit Fahrzeug in öffentlich Verkehr  mit Ausnahme der vorübergehend Unterbrechung aufgrund der Verkehrssituation  z. B. um der Übergang zu Fahrzeug mit Vorrang zu ermöglichen 	der Haltestelle gemäß Artikel 37 cpv . 2 LCSr umfassen aller Abschaltung mit Fahrzeug in öffentlich Verkehr  mit Ausnahme der vorübergehend Abschaltung aufgrund der Verkehrssituation  z. B. um der Übergang zu Fahrzeug mit Vorrang zu ermöglichen 
Das Interesse an der Verwahrung liegt  bei demjenigen, der den unmittelbaren Besitz weggibt, also beim Hinterleger: er ist der Last der Aufbewahrung enthoben, während der Verwahrer kein Benutzungsrecht erlangt.	Verwahrung	Lager	der Zins an der Einlage liegen in der  der der unmittelbar Besitz nicht besitzen  der heißen in der Einleger  er werden von der Verantwortung für der Verwahrung befreien  während der Verwahrer kein Nutzungsrecht erwerben 	der Pfandinteresse liegen bei demjenigen  der der unmittelbar Besitz nicht besitzen  der heißen bei Einleger  er werden von der Verwahrung befreien  während der Depositar kein Nutzungsrecht erwerben 	der Pfandinteresse liegen bei demjenigen  der der unmittelbar Besitz nicht besitzen  der heißen bei Einleger  er werden von der Verwahrung befreien  während der Depositar kein Nutzungsrecht erwerben 
Das Konkordat regelt die Vollstreckung von Zivilurteilen, die in einem Konkordatskanton ergangen und in einem anderen zu vollziehen sind.	Vollstreckung	Durchführung	der Konkordat regeln der Vollstreckung von Zivilurteil  der in ein konkordarisch Kanton ergehen sein und in ein anderer vollstrecken werden müssen 	der übereinkommen regeln der Vollstreckung von Zivilurteil  der in ein konkordiert und in ein anderer zu vollstreckend Land ergehen sein 	der Konkordat regeln der Vollstreckung zivilrechtlich Urteil  der in ein konkordiert und in ein anderer zu vollstreckend Land ergehen sein 
Das Land fördert die Qualitätsentwicklung der betrieblichen Ausbildung durch Einführung einer Zertifizierung für Lehrbetriebe. Zu diesem Zweck legt die Landesregierung nach Anhören der Sozialpartner die Kriterien für die Anerkennung eines Betriebes als zertifizierter Lehrbetrieb fest.	Zertifizierung	Bescheinigung,Bestätigung,Nachweis	der Land fördern der qualitativ Entwicklung der betrieblich Berufsbildung durch der Einführung ein Zertifizierung für Ausbildungsbetrieb  zu dieser Zweck legen der Provinzialregierung nach Anhörung der Sozialpartner der Kriterium für der Anerkennung ein Unternehmen als zertifiziert Ausbildungsbetrieb fest 	der Land fördern der qualitativ Entwicklung der betrieblich Berufsausbildung durch der Einführung ein Zertifizierung für der Aus und Weiterbildungsbetriebe  zu dieser Zweck legen der Provinzialregierung nach Anhörung der Sozialpartner der Kriterium für der Anerkennung ein Betrieb als zertifiziert Aus und Weiterbildungsbetrieb fest 	der Land fördern der qualitativ Entwicklung der betrieblich Berufsausbildung durch der Einführung ein Zertifizierung für der Aus und Weiterbildungsbetriebe  zu dieser Zweck legen der Provinzialregierung nach Anhörung der Sozialpartner der Kriterium für der Anerkennung ein Betrieb als zertifiziert Aus und Weiterbildungsbetrieb fest 
Das Landesgericht entscheidet in nichtöffentlicher Sitzung nach Einholung von Erkundigungen und Anhörung des Staatsanwalts.	Erkundigung	Information	der Gericht entscheiden in Rat nach Anhörung der Staatsanwaltschaft 	der Gericht entscheiden in der Kammer der Rat nach Anhörung der Staatsanwaltschaft 	der Gericht entscheiden in der Kammer der Rat nach Einholung von Auskunft und Anhörung der Staatsanwaltschaft 
"Das Landesgesetz vom 22. Oktober 1993, Nr. 17 ""Regelung des Verwaltungsverfahrens und des Rechts auf Zugang zu Verwaltungsunterlagen"" enthält Bestimmungen zu Eigenerklärungen und Verwaltungsunterlagen."	Eigenerklärung	Erklärung zu Ersatz ein beeidet Bezeugungsurkunde,Ersatzerklärung ein beeidet Bezeugungsurkunde	der Provinzgesetz Nr. 17 von 22. Oktober 1993  Sache der Verwaltungsverfahren und der Recht auf Zugang zu Verwaltungsunterlage  enthalten Bestimmung über Selbsterklärung und Verwaltungsdokument 	der Provinzgesetz Nr. 17 von 22. Oktober 1993  Disciplina del procedimento ministrativo e del ritto di accesso agli documenti Ministrativi  enthalten Bestimmung über Selbsterklärung und Verwaltungsdokument 	der Provinzgesetz Nr. 17 von 22. Oktober 1993  Disciplina del procedimento ministrativo e del ritto di accesso agli documenti Ministrativi  enthalten Bestimmung über Selbsterklärung und Verwaltungsdokument 
Das Leasingobjekt wird sodann direkt an den Leasingnehmer geliefert.	Leasingobjekt	Gut,Sache	der Ware werden dann direkt an der Mieter lieferen 	der Ware werden dann direkt an der Mieter lieferen 	der Ware werden dann direkt an der Mieter lieferen 
Das Ministerium legt, auch mit Hilfe der Regionen und in Zusammenarbeit mit den zuständigen Universitäten und Forschungsanstalten, Richtlinien, technische Vorschriften, Kriterien und Modelle für Eingriffe zur Erhaltung von Kulturgütern fest.	Erhaltung von Kulturgütern	Denkmalpflege,Denkmalschutz	der Ministerium legen  auch mit Unterstützung der Region und in Zusammenarbeit mit der zuständig Universität und Forschungseinrichtung  Richtlinie  technisch Norm  Kriterium und Modell für Maßnahme zu Erhaltung der kulturell Erbe fest 	der Ministerium legen  auch mit Unterstützung der Region und in Zusammenarbeit mit der zuständig Universität und Forschungseinrichtung  Richtlinie  technisch Norm  Kriterium und Modell für Maßnahme zu Erhaltung der Kulturgut fest 	der Ministerium legen  auch mit Unterstützung der Region und in Zusammenarbeit mit der zuständig Universität und Forschungseinrichtung  Richtlinie  technisch Norm  Kriterium und Modell für Maßnahme zu Erhaltung der Kulturgut fest 
Das Personal des Berufsbildes des/der Försters/Försterin übt im Sinne der entsprechenden staatlichen Bestimmungen auch die Funktionen des einfachen Amtsträgers der Sicherheitspolizei und des höheren Amtsträgers der Gerichtspolizei aus.	Förster	Superintendent	der Personal der Berufsprofil der Vorgesetzter üben gemäß der entsprechend staatlich Bestimmung auch der Aufgabe ein Sicherheitsbeauftragter und ein Polizeibeamter aus 	der Personal der beruflich Profil der Übernehmer üben gemäß der entsprechend staatlich Vorschrift auch der Aufgabe ein Sicherheitsbeauftragter und ein Polizeibeamter aus 	der Personal der beruflich Profil der Übernehmer üben gemäß der entsprechend staatlich Vorschrift auch der Aufgabe der Sicherheitsbeauftragter und der Polizeibeamter aus 
Das Personal, das sich  bei Ämtern der Verwaltung der öffentlichen Arbeiten im Dienst befindet, die in Trentino-Südtirol ihre Tätigkeit ausüben, hat das Recht  Überstellung an die Provinzen zu beantragen.	öffentlich Arbeit	Bauleistung,öffentlich Bauleistung	der Personal  der in der Büro der öffentlich Bauverwaltung in Trentino-Südtirol beschäftigen sein  haben der Recht  der Versetzung in der Provinz zu beantragen 	der Personal  der in der in Trentino-Südtirol tätig öffentlich Bauamt beschäftigen sein  haben der Recht  der Verlegung an der Provinz zu beantragen 	der Personal  der in der Büro der öffentlich Bauverwaltung in Trentino-Alto Adige beschäftigen sein  haben der Recht  der Versetzung in der Provinz zu beantragen 
Das Pfandrecht muß nach außen erkennbar sein, Grundsatz der Publizität.	Publizität	Werbung	der Pfandrecht muss nach außen erkennbar sein  der Prinzip der Werbung 	der Pfandrecht müssen nach außen erkennbar sein  der Prinzip der Öffentlichkeit 	der Pfandrecht müssen nach außen erkennbar sein  der Prinzip der Öffentlichkeit 
Das Produkt ist in Verkehr gebracht, wenn es dem Erwerber, dem Benutzer oder deren Gehilfen übergeben wird, auch wenn das zur Ansicht oder zur Probe geschieht.	Benutzer	Nutzer	der Produkt werden in Verkehr bringen  wenn es der Käufer  Benutzer oder der Hilfskraft liefern werden  auch wenn dieser zu Zweck der Sehen oder der Prüfens geschehen 	der Erzeugnis werden in der Verkehr bringen  wenn es der Käufer  Benutzer oder der Hilfskraft liefern werden  selbst wenn dieser zu Zweck der Sicht oder zu Zweck der Prüfung geschehen 	der Erzeugnis werden in der Verkehr bringen  wenn es der Käufer  Benutzer oder der Hilfskraft liefern werden  selbst wenn dieser zu Zweck der Sicht oder zu Zweck der Prüfung geschehen 
Das Programm mit den beglaubigten Unterschriften der Gründer ist vor der Veröffentlichung bei einem Notar zu hinterlegen.	Gründer	Initiator	der Programm mit der beglaubigt Unterschrift der Projektträger sein vor der Veröffentlichung bei ein Notar zu hinterlegen 	der Programm mit der beglaubigt Unterschrift der Sponsor sein vor der Veröffentlichung bei ein Notar einreichen 	der Programm mit der beglaubigt Unterschrift der Sponsor muss vor der Veröffentlichung bei ein Notar hinterlegen werden 
Das Schweizer Parlament hat zwei Kammern, die zusammen Vereinigte Bundesversammlung heissen und die gesetzgebende Gewalt im Bund bilden.	gesetzgebend Gewalt	Legislative	der Schweizer Parlament haben zwei Kammer  der zusammen als Bundesversammlung bezeichnen werden und der Legislative in Bundesverband bilden 	der Schweizer Parlament haben zwei Kammer  der sich gemeinsam als Bundesversammlung bezeichnen und der Legislative in Bundesverband bilden 	der Schweizer Parlament haben zwei Kammer  der sich gemeinsam als Bundesversammlung bezeichnen und der Legislative der Bund bilden 
Das Sehvermögen ist auf den Spektralbereich 380 nm bis 780 nm begrenzt und diese für den Menschen sichtbare Strahlung wird als Licht bezeichnet.	sichtbar Strahlung	GVP,Gesundheitsverträglichkeitsprüfung	der Sehkraft sein auf der Spektralbereich von 380 nm bis 780 nm begrenzen und dieser VIS für der Mensch werden als Licht bezeichnen 	der Sehvermögen sein auf der Spektarbereich von 380 nm bis 780 nm begrenzen  und dieser VIS für der Mensch werden als Licht bezeichnen 	der Sehvermögen sein auf der Spektarbereich von 380 nm bis 780 nm begrenzen  und dieser VIS für der Mensch werden als Licht bezeichnen 
Das Sicherheitsdatenblatt dient dazu, berufliche Verwenderinnen und Händlerinnen in den Stand zu versetzen, die für den Gesundheitsschutz und die Sicherheit am Arbeitsplatz sowie den Umweltschutz erforderlichen Massnahmen zu treffen.	Sicherheit an Arbeitsplatz	Arbeitssicherheit	der Sicherheitsdatenblatt sollen professionell Anwender und Händler in der Lage versetzen  der erforderlich Maßnahme zu Schutz von Gesundheit und Sicherheit an Arbeitsplatz und zu Schutz der Umwelt zu treffen 	der Sicherheitsdatenblatt sollen professionell Anwender und Händler in der Lage versetzen  der erforderlich Maßnahme zu Schutz der Gesundheit und Sicherheit an Arbeitsplatz und zu Schutz der Umwelt zu ergreifen 	der Sicherheitsdatenblatt sollen professionell Anwender und Händler in der Lage versetzen  der erforderlich Maßnahme zu Schutz der Gesundheit und Sicherheit an Arbeitsplatz und zu Schutz der Umwelt zu ergreifen 
Das Sparheft ist kein Inhaber-, sondern ein Namenpapier .	Sparheft	Fahrzeugausweis	der Sparbuch sein kein Inhabertitel  sondern ein Name 	der Sparausweis sein kein Inhabertitel  sondern ein Name 	der Sparausweis sein kein Inhabertitel  sondern ein Name 
Das Spektrum der optischen Strahlung wird unterteilt in ultraviolette Strahlung, sichtbare Strahlung und Infrarotstrahlung .	Infrarotstrahlung	ionisierend Strahlung	der Spektrum der optisch Strahlung sein in ultraviolett Strahlung  sichtbar Strahlung und IR unterteilen 	der Spektrum der optisch Strahlung sein in ultraviolett Strahlung  sichtbar Strahlung und IR unterteilen 	der Spektrum der optisch Strahlung sein in ultraviolett Strahlung  sichtbar Strahlung und IR unterteilen 
Das Spektrum der optischen Strahlung wird unterteilt in ultraviolette Strahlung, sichtbare Strahlung und Infrarotstrahlung .	sichtbar Strahlung	GVP,Gesundheitsverträglichkeitsprüfung	der Spektrum der optisch Strahlung werden in ultraviolett Strahlung  VIS und Infrarotstrahlung unterteilen 	der Spektrum der optisch Strahlung sein in ultraviolett Strahlung  VIS und Infrarotstrahlung unterteilen 	der Spektrum der optisch Strahlung sein in ultraviolett Strahlung  VIS und Infrarotstrahlung unterteilen 
Das Stiftungsgeschäft unter Lebenden bedarf der schriftlichen Form. Es muss die verbindliche Erklärung des Stifters enthalten, ein Vermögen zur Erfüllung eines von ihm vorgegebenen Zweckes zu widmen.	Stifter	Gründer,Gründungsaktionär	der Gründungsakt inter vivos erfordern der schriftlich Form  er muss der verbindlich Erklärung der Gründer enthalten  ein Vermögen für der Verfolgung ein von ihm vorherbestimmt Zweck zu verwenden 	der Gründungsakt inter vitals bedürfen der schriftlich Form  er müssen der verbindlich Erklärung der Gründer enthalten  daß ein Vermögen für der Verfolgung ein von ihm vorher festgelegt Zweck verwenden werden sollen 	der Gründungsakt inter vitals bedürfen der schriftlich Form  er müssen der verbindlich Erklärung der Gründer enthalten  daß ein Vermögen für der Verfolgung ein von ihm vorher festgelegt Zweck verwenden werden sollen 
Das Stimm- und Wahlrecht steht allen Kantonseinwohnern mit Schweizer Bürgerrecht zu, die das 18. Altersjahr zurückgelegt haben.	Wahlrecht	Wählerschaft	der Wahlrecht und der Wähler haben aller Bewohner der Kanton mit Schweizer Staatsangehörigkeit  der der 18. Lebensjahr vollenden haben 	der Wahlrecht und der Wählerschaft haben aller Einwohner der Kanton mit Schweizer Staatsangehörigkeit  der der 18. Lebensjahr vollendeen haben 	der Wahlrecht und der Wählerschaft haben aller Einwohner der Kanton mit Schweizer Staatsangehörigkeit  der der 18. Lebensjahr vollendeen haben 
Das Stimmrecht bestimmt sich nach dem Nennbetrag der Aktien.	Stimmrecht	Wahlrecht	der Stimmrecht werden durch der Nennwert der Aktie bestimmen 	der Stimmrecht bestimmen sich nach der Nennwert der Aktie 	der Stimmrecht bestimmen sich nach der Nennwert der Aktie 
Das Treppenhaus muss auf der Höhe des Fußbodens des ersten Stockes mit einem robusten Gerüst abgedeckt werden, um vorbeigehende Personen im Erdgeschoss vor dem Herabfallen von Gegenständen zu schützen.	Treppenhaus	Leiter,Stiege,Treppe	der Treppe muss auf der Höhe der Boden in erster Stock mit ein robust Gerüst bedecken werden  um der Person zu schützen  der in Erdgeschoss vor der Fall von Objekt passieren 	der Leiter muss auf der Höhe der Boden in erster Stock mit ein robust Gerüst bedecken sein  um der Person  der zu Erdgeschoss wechseln  vor der Fall von Gegenstand zu schützen 	der Leiter sein auf der Höhe der Boden in erster Stock mit ein robust Gerüst zu verdecken  um der Person  der zu Erdgeschoss wechseln  vor der Fall von Gegenstand zu schützen 
Das Urteil der provinzialen Kommission kann vor der  zuständigen regionalen Kommission angefochten werden.	provinzial Kommission	Landeskommission	der Urteil der Provinzkommission können vor der zuständig Regionalkommission angefochten werden 	der Urteil der Provinzkommission können vor der zuständig Regionalkommission angefochten werden 	der Urteil der Provinzkommission können vor der zuständig Regionalkommission angefochten werden 
Das Verbot steht  von vorneherein unter dem Vorbehalt, die Erlaubnis zu erteilen, wenn sich im Erlaubnisverfahren keine gesetzlichen Versagungsgründe ergeben.	Erlaubnis	Ermächtigung,Fahrschulerlaubnis,Genehmigung	dieser Verbot sein von Anfang an von der Vorbehalt abhängig  der Genehmigung zu erteilen  wenn in Genehmigungsverfahren kein rechtlich Grund für der Ablehnung vorliegen 	dieser Verbot sein von Anfang an von der Vorbehalt abhängig  der Genehmigung zu erteilen  wenn in Genehmigungsverfahren kein rechtlich Grund für der Verweigerung der Genehmigung vorliegen 	dieser Verbot werden von Anfang an von der Vorbehalt abhängig machen  der Genehmigung zu erteilen  wenn in Genehmigungsverfahren kein rechtlich Grund für der Verweigerung der Genehmigung vorliegen 
Das Verfahren leitet: im Gerichtsverfahren bei Einzelgerichten: die Richterin oder der Richter.	Richter	Gericht	der Verfahren sein unmittelbar  in Gerichtsverfahren vor monokratisch Gericht  durch der Richter oder Richter 	der Verfahren sein unmittelbar  in gerichtlich Verfahren vor einklagbar Gericht  durch der Richter oder Richter 	der Verfahren sein unmittelbar  bei Gerichtsverfahren vor einklagbar Gericht durch Richter oder Richter 
Das Vermischen oder Vermengen eines Abfalls mit anderen Abfällen oder Sachen ist unzulässig, wenn  abfallrechtlich erforderliche Untersuchungen oder Behandlungen erschwert oder behindert werden, .	Abfall	Verweigerung	der Mischen oder Mischen ein Abfall mit anderer Abfall oder Stoff sein unzulässig  wenn der Untersuchung oder Behandlung  der in der Abfallvorschrifte vorschreiben sein  erschweren oder behindern werden 	der Vermischung oder Vermischung von Abfall mit anderer Abfall oder Stoff sein unzulässig  wenn der Untersuchung oder Behandlung  der in der Abfallvorschrifte vorschreiben sein  erschweren oder behindern werden 	der Vermischung oder Vermischung von Abfall mit anderer Abfall oder Stoff sein unzulässig  wenn der in der Abfallvorschrift vorgeschrieben Untersuchung oder Behandlung erschweren oder behindern werden 
Das Verschulden des gesetzlichen Vertreters und das des Erfüllungsgehilfen steht gemäß der allgemeinen Regel dem eigenen Verschulden gleich.	Erfüllungsgehilfe	richterlich Hilfsbeamter	der Schuld der gesetzlich Vertreter und der Hilfskraft werden nach der allgemein Regel mit der eigen Schuld gleichsetzen 	der Schuld der gesetzlich Vertreter und der Helfershelferin werden nach der allgemein Regel ihr Schuld gleichstellen 	der Schuld der gesetzlich Vertreter und der Helferin werden nach der allgemein Regel ihr Schuld gleichstellen 
Das Verschulden wird nach der Schwere der Verletzung oder Gefährdung des betroffenen Rechtsguts, nach der Verwerflichkeit des Handelns,  bestimmt,	handeln	Aktie,Handlung,Klage,Tun	der Schuld richten sich nach der Schwere der Verletzung oder der Gefährdung der geschützt Rechtsgut aufgrund der Verwerflichkeit der Handlung 	der Schuld werden nach Maßgabe der Schwere der Verletzung oder der Gefährdung der geschützt Rechtsgut aufgrund der Verwerflichkeit der Handlung bestimmen 	der Schuld richten sich nach der Schwere der Verletzung oder der Gefährdung der geschützt Rechtsgut aufgrund der Verwerflichkeit der Handlung 
Das Versicherungsunternehmen übernimmt gegen eine kalkulierte Prämie das versicherte Risiko von einem Versicherungsnehmer und ist bei Eintritt des Versicherungsfalls verpflichtet, die vereinbarte Versicherungsleistung zu erbringen.	Versicherungsunternehmen	Versicherungsagent,Versicherungsvertreter	der Versicherer übernehmen gegen Zahlung ein berechnet Prämie der von ein Versicherter versichert Risiko und sein bei Eintritt der Schaden verpflichten  der vereinbart Versicherungsleistung zu erbringen 	der Versicherer übernehmen gegen Zahlung ein berechnet Prämie der von ein Versicherter versichert Risiko und sein nach Eintritt der Schaden verpflichten  der vereinbart Versicherungsleistung zu erbringen 	der Versicherer übernehmen gegen Zahlung ein berechnet Prämie der von ein Versicherter versichert Risiko und sein nach Eintritt der Schaden verpflichten  der vereinbart Versicherungsleistung zu erbringen 
Das Verwaltungsarchiv  nimmt Akten auf, die für den laufenden Geschäftsgang nicht mehr benötigt werden.	Verwaltungsarchiv	Zwischenarchiv	der Archiv empfangen Akte  der für der laufend Geschäftsabwicklung nicht mehr erforderlich sein 	der Akte werden in der Archiv aufbewahren  der für der laufend Geschäftsabwicklung nicht mehr erforderlich sein 	in Archiv werden Akte aufbewahren  der für der laufend Geschäftsabwicklung nicht mehr erforderlich sein 
Das Wesen des Treuhandgeschäftes besteht in der Ausübung von Rechten im eigenen Namen, jedoch für fremdes Interesse und auf fremde Rechnung.	Treuhandgeschäft	vertrauen	der Wesen der Vertrauen bestehen in der Ausübung von Recht in eigen Name  aber in Interesse und in Name anderer 	der Wesen der Vertrauen bestehen in der Ausübung von Recht in eigen Name  aber in Interesse und in Name anderer 	der Wesen der Vertrauen bestehen in der Ausübung von Recht in eigen Name  aber in Interesse und in Name anderer 
Das Wohnungseigentum kann von jedem Miteigentümer erworben werden, dessen Anteil dem Mindestanteil entspricht. Zwei natürliche Personen, deren Miteigentumsanteile je dem halben Mindestanteil entsprechen, können als Eigentümerpartnerschaft gemeinsam Wohnungseigentum erwerben.	Wohnungseigentum	Eigentümergemeinschaft,Wohnungseigentümergemeinschaft	der Eigentumswohnung können von jeder Eigentümer erwerben werden  der Anteil der Mindestanteil entsprechen  zwei natürlich Person  der Anteil jeweils der Hälfte der Mindestanteil entsprechen  können der Eigentumswohnung gemeinsam als Partnerschaft von Eigentümer erwerben 	der Eigentumswohnung können von jeder Miteigentümer erwerben werden  der Anteil der Mindestanteil entsprechen  und zwei natürlich Person  der Anteil an der Miteigentümerschaft jeweils der Hälfte der Mindestquote entsprechen  können gemeinsam der Kondom als Eigentümerpartnerschaft erwerben 	der Eigentumswohnung können von jeder Miteigentümer erwerben werden  der Anteil der Mindestanteil entsprechen  und zwei natürlich Person  der Anteil an der Miteigentümerschaft jeweils der Hälfte der Mindestquote entsprechen  können gemeinsam der Eigentumswohnung als Eigentümerpartnerschaft erwerben 
Das Wählerverzeichnis kann auch im automatisierten Verfahren geführt werden.	Wählerverzeichnis	Wahlvorschlagliste,Wahlvorschlagsliste	der Wahlliste können auch in automatisiert Verfahren führen werden 	der Wahlliste können auch in automatisiert Verfahren führen werden 	der Wahlliste können auch in automatisiert Verfahren führen werden 
Das Explosionsschutzdokument ist vor Aufnahme der Arbeit zu erstellen und immer dann zu überarbeiten, wenn wesentliche Änderungen, Erweiterungen oder Umgestaltungen der Arbeitsplätze, der Arbeitsmittel oder des Arbeitsablaufes vorgenommen werden.	Arbeitsablauf	Arbeitsorganisation	der Explosionsschutzdokument sein vor Beginn der Arbeit zu erstellen und bei wesentlich Änderung  Erweiterung oder Neuorganisation von Arbeitsplatz  Arbeitsmittel oder Arbeitsorganisation zu überprüfen 	der Explosionsschutzdokument sein vor Beginn der Arbeit zu erstellen und zu überprüfen  wenn wesentlich Änderung  Erweiterung oder Neuorganisation der Arbeitsstätte  Arbeitsmittel oder der Arbeitsorganisation vornehmen werden 	der Explosionsschutzdokument sein vor Beginn der Arbeit zu erstellen und zu überprüfen  wenn wesentlich Änderung  Erweiterung oder Umstrukturierung der Arbeitsstätte  der Arbeitsmittel oder der Arbeitsorganisation vornehmen werden 
Das  Gutachten  wurde dem Rechnungshof für die Durchführung der gerichtlichen Billigung im Sinne des  Artikels 14, Absatz 1, Buchstabe e), GD Nr. 138/2011, umgewandelt in das G Nr. 148/2011, am 18. Mai 2020 übermittelt.	G	Gesetz	der Gutachten werden der Rechnungshof gemäß Artikel 14 Absatz 1 Buchstabe e der Verordnung  EG  Nr. 138  2011 übermittelen  der an 18. Mai 2020 in der Gesetz Nr. 148  2011 umwandeln werden 	dieser Gutachten werden der Rechnungshof zu Ausstellung der Visum für der Rechtmäßigkeit gemäß Artikel 14 Absatz 1 Buchstabe e  D.L. Nr. 138  2011 übermittelen  der an 18. Mai 2020 in der Gesetz Nr. 148  2011 umwandeln werden 	der Gutachten werden der Rechnungshof gemäß Artikel 14 Absatz 1 Buchstabe e  D.L. n. 138  2011 übermittelen  der an 18. Mai 2020 in der Gesetz Nr. 148  2011 umwandeln werden 
Das akademische Lehrpersonal auf Planstelle ist einer Fakultät zugeordnet.	Fakultät	Befugnis	Akademisches Lehrpersonal werden ein Fakultät zuteilen 	der akademisch qualifiziert Lehrpersonal werden ein Fakultät zuordnen 	der Akademikerteam werden ein Fakultät zuordnen 
Das an den Präsidenten der Republik gerichtete Gnadengesuch ist vom Verurteilten, von einem seiner nächsten Angehörigen, vom Lebensgefährten, vom Vormund, vom Beistand oder von einem Advokaten oder Rechtsanwalt zu unterfertigen und beim Justizminister einzureichen.	Lebensgefährte	in selber Haushalt lebend Person	der an der Präsident der Republik gerichtet Gnadenantrag muss von der verurteilter  sein Nächsten  der Lebensgefährte  der Vormund  der Kurator oder ein Anwalt oder Anwalt unterzeichnen und der Justizminister vorlegen werden 	der an der Präsident der Republik gerichtet Gnadengesuch muss von der verurteilter  einer sein nächster Ehegatt  ein Lebenspartner  ein Vormund  ein Verwalter oder ein Rechtsanwalt oder Staatsanwalt unterzeichnen und an der Justizminister richten werden 	der Begnadigungsersuchen an der Präsident der Republik muss von der verurteilter  einer sein Mitmensche  ein Lebenspartner  ein Vormund  ein Verwalter oder ein Rechtsanwalt oder Ankläger unterzeichnen und an der Justizminister richten werden 
Das bloß eigenmächtige Verfügen ist nicht Zueignung, da Zueignungsabsicht fehlt, hieran fehlt es auch bei bloßer Preisgabe oder Zerstörung der Sache, es sei denn der Zueignungswille wäre zuvor betätigt worden.	Zueignung	Besitzergreifung	der bloß willkürlich Anordnung stellen kein Besessenheit dar  da sie der Absicht der Besessenheit verfehlen  dieser Absicht fehlen auch in Fall ein bloß Verzicht oder der Zerstörung der Sache  es sein denn  der Wille zu Besessenheit sein zuvor zu Ausdruck bringen werden 	der bloß Willkür sein kein Beschlagnahmung  da sie nicht beabsichtigen  sie zu beschlagnahmen  der sein auch nicht der Fall  wenn es nur um Verzicht oder Zerstörung gehen  es sein denn  der Wille zu Beschlagnahmung sein zuvor bekunden werden 	Willkürliche Willkür sein kein Beschlagnahmung  denn sie sein nicht beabsichtigen  sie zu beschlagnahmen  dieser Absicht fehlen auch in Fall ein Verzicht oder ein Zerstörung der Sache  es sein denn  der Wille zu Beschlagnahmung sein zuvor bekunden werden 
Das erkennende Gericht muß Beschuldigte und Zeugen in der Hauptverhandlung vernehmen und Sachverständige ihre Gutachten vortragen lassen. Er darf sich nicht mit der Verlesung der Protokolle und schriftlichen Gutachten begnügen.	Verlesung	Lesung	der Richter müssen der angeklagter und Zeuge bei der Verhandlung befragen und der Gutachten der Sachverständigen vorlegen lassen  er können sich nicht mit der Lektüre der Protokoll und schriftlich Gutachten zufrieden geben 	der Richter  der vor Gericht gehen  müssen der angeklagter und Zeuge bei der Verhandlung befragen und der Gutachten der Sachverständigen vorlegen lassen  er dürfen sich nicht mit der Lektüre der Protokoll und schriftlich Gutachten begnügen 	der Richter  der vor Gericht gehen  müssen der angeklagter und Zeuge bei der Verhandlung befragen und der Gutachten der Sachverständigen vorlegen lassen  er dürfen sich nicht mit der Lektüre der Protokoll und schriftlich Gutachten begnügen 
Das initiale Ausbruchsgebiet ist die Provinz Hubei in China, wo ab dem 8. Dezember 2019 erste Erkrankungen mit typischen Symptomen auftraten.	Ausbruchsgebiet	Ausbruch	der erster Ausbruch sein der Provinz Hubei in China  wo seit der 8. Dezember 2019 der erster Krankheit mit typisch Symptom auftreten sein 	der ursprünglich Herd sein der Provinz Hubei in China  in der sich seit der 8. Dezember 2019 der erster Krankheit mit typisch Symptom ereignen haben 	der ursprünglich Herd sein der Provinz Hubei in China  wo seit der 8. Dezember 2019 der erster Krankheit mit typisch Symptom auftreten sein 
Das materielle Strafrecht, das die Voraussetzungen der Strafbarkeit und die Straftatfolgen regelt, ist im Strafgesetzbuch (StGB), in strafrechtlichen Hauptgesetzen (Jugendgerichtsgesetz, Wehrstrafgesetz) und in zahlreichen Nebengesetzen (z.B. Abgabenordnung, Betäubungsmittelgesetz, Gesetz gegen den unlauteren Wettbewerb, Strassenverkehrsgesetz, Urheberrechtsgesetz, Waffengesetz) geregelt.	strafrechtlich	Vertragsstrafe	der materiell Strafrecht  der der Voraussetzung für der Strafbarkeit und der Folge der Straftat regeln  sein in Strafgesetzbuch  StGB   in der wichtig Strafgesetz  Gesetz über Kindergericht  Militärstrafgesetz  und in zahlreich Sondergesetz  z. B. Steuergesetz  Drogengesetz  Gesetz gegen unlauter Wettbewerb  Gesetz über der Straßenverkehr  Urheberrecht  Waffengesetz  regeln 	der materiell Strafrecht  der der Voraussetzung für der Strafbarkeit und der Folge der Straftat regeln  sein in Strafgesetzbuch  StGB   in der Hauptstrafgesetz  Gesetz über der Jugendgericht  Militärstrafgesetz  und in zahlreich Sondergesetz  z. B. Steuergesetz  Drogengesetz  Gesetz gegen unlauter Wettbewerb  Gesetz über der Straßenverkehr  Urheberrecht  Waffengesetz  regeln 	der materiell Strafrecht  der der Voraussetzung für der Strafbarkeit und der Folge der Straftat regeln  sein in Strafgesetzbuch  StGB   in der Hauptstrafgesetz  Gesetz über der Jugendgericht  Militärstrafgesetz  und in zahlreich Sondergesetz  z. B. Steuergesetz  Drogengesetz  Gesetz gegen unlauter Wettbewerb  Gesetz über der Straßenverkehr  Urheberrecht  Waffengesetz  regeln 
Das tatsächliche Verwaltungshandeln umfasst wirtschaftliche Tätigkeiten des Gemeinwesens , Aufgaben im Infrastrukturbereich  oder im Bildungs- und Gesundheitswesen , aber auch Auskünfte, Belehrungen, Empfehlungen, Warnungen und Ähnliches, amtliche Berichte und Vernehmlassungen sowie Vollzugshandlungen.	tatsächlich Verwaltungshandeln	Realakt	der materiell Rechtsakt umfassen wirtschaftlich Tätigkeit der öffentlich Einrichtung  Aufgabe in Bereich der Infrastruktur oder der Bildung und Gesundheitssystem  aber auch Information  Anweisung  Empfehlung  Warnung und dergleichen  amtlich Bericht und Konsultation sowie Durchführungsrechtsakt 	der materiell Akt umfassen wirtschaftlich Tätigkeit der öffentlich Einrichtung  Aufgabe in Bereich der Infrastruktur oder der Bildung und Gesundheitssystem  aber auch Information  Anweisung  Empfehlung  Warnung und dergleichen  amtlich Bericht und Konsultation sowie Durchführungsrechtsakt 	der materiell Akt umfassen wirtschaftlich Tätigkeit der öffentlich Einrichtung  Aufgabe in Bereich der Infrastruktur oder der Bildung und Gesundheitssystem  aber auch Information  Anweisung  Empfehlung  Warnung und dergleichen  amtlich Bericht und Konsultation sowie Durchführungsrechtsakt 
Das typische Ziel eines Verwaltungsverfahrens ist die Erledigung durch Erlassung eines Bescheides ; der Bescheid ist das zentrale Element des österreichischen Verwaltungsrechts, weil das gesamte Rechtsschutzsystem primär auf ihn ausgerichtet ist.	Bescheid	Maßnahme	der typisch Ziel ein Verwaltungsverfahren sein der Definition durch Erlass ein Maßnahme  der Maßnahme sein der zentral Element der österreichisch Verwaltungsrecht  da der gesamt System der gerichtlich Rechtsschutz in erster Linie darauf ausrichten sein 	der typisch Ziel ein Verwaltungsverfahren sein der Festlegung ein Maßnahme  der Maßnahme sein der zentral Element der österreichisch Verwaltungsrecht  da der gesamt System der gerichtlich Rechtsschutz in erster Linie darauf ausrichten sein 	der typisch Ziel ein Verwaltungsverfahren sein der Festlegung ein Maßnahme  der Maßnahme sein der zentral Element der österreichisch Verwaltungsrecht  da der gesamt System der gerichtlich Rechtsschutz in erster Linie darauf ausrichten sein 
Das von einem Leuchtzeichen erzeugte Licht muss je nach den vorgesehenen Benutzungsbedingungen deutlich mit seiner Umgebung kontrastieren. Das Leuchtzeichen darf weder durch zu grelles Licht blenden noch durch zu schwaches Licht die Sichtbarkeit beeinträchtigen.	Leuchtzeichen	Lichtzeichen	der Licht  der durch ein Lichtsignal erzeugen werden  muss  je nach der vorgesehen Verwendungsbedingung  deutlich gegen der Umgebung richten sein  der Lichtsignal dürfen weder mit zu stark Licht blenden noch der Sichtbarkeit durch zu schwach Licht beeinträchtigen 	der Licht  der durch ein Lichtzeichen erzeugen werden  müssen entsprechend der vorgesehen Einsatzbedingung deutlich gegen der Umgebungsumgebung richten sein  und der Licht dürfen nicht mit zu stark Licht blenken oder der Sichtbarkeit durch zu schwach Licht beeinträchtigen 	der Licht  der durch ein Lichtzeichen erzeugen werden  muss entsprechend der vorgesehen Einsatzbedingung deutlich gegen der Umgebungsumgebung richten sein  und der Licht dürfen nicht mit zu stark Licht blenken oder der Sichtbarkeit durch zu schwach Licht beeinträchtigen 
Das zuständige Gericht wird durch das im Rechtszug zunächst höhere Gericht bestimmt: 2. wenn es mit Rücksicht auf die Grenzen verschiedener Gerichtsbezirke ungewiss ist, welches Gericht für den Rechtsstreit zuständig sei;	Rechtsstreit	Rechtsgrund,Streitsache,Ursache,causa	der zuständig Gericht werden von unmittelbar hoch Gericht bestimmen  der in der Lage sein  2. wenn es aufgrund der Grenze verschieden Gerichtsbezirk unsicher sein  welcher Gericht für der Sache zuständig sein 	der zuständig Gericht werden von der unmittelbar hoch Gericht bestimmen  der in der Lage sein  2. wenn aufgrund der Grenze verschieden Gerichtsbezirk unklar sein  welcher Gericht für der Sache zuständig sein 	der zuständig Gericht werden von der unmittelbar hoch Gericht bestimmen  der in der Lage sein  2. wenn aufgrund der Grenze verschieden Gerichtsbezirk unklar sein  welcher Gericht für der Sache zuständig sein 
Das öffentliche Interesse an der Rücknahme eines VA (Verwaltungsaktes) besteht darin, einen gesetzmäßigen Zustand wiederherzustellen und für eine zweckentsprechende Mittelverwendung zu sorgen.	Rücknahme	Verfall,Verwirkung	der öffentlich Interesse an Verfall ein Verwaltungsakts  VA  bestehen in der Wiederherstellung ein gesetzeskonform Situation und der Gewährleistung ein zielgerecht Nutzung der Mittel 	der öffentlich Interesse an erlöschen ein Verwaltungsakts bestehen darin  ein gesetzeskonform Situation wiederherzustellen und sicherstellen  dass der Mittel zweckentsprechend einsetzen werden 	der öffentlich Interesse an erlöschen ein Verwaltungsakts  VA  bestehen darin  ein gesetzeskonform Situation wiederherzustellen und sicherstellen  dass der Mittel zweckentsprechend einsetzen werden 
Dem 'Bauleiter' iSd Richtlinie 92/57/EWG entspricht der 'Projektleiter' iSd §2 Abs2 BauKG Bauarbeitenkoordinationsgesetz.	Projektleiter	DL	der  Bauteiler  in Sinn der Richtlinie 92  57  EWG entsprechen der  DL  in Sinn von § 2 Absatz 2 der Gesetz über der Koordinierung der Baustelle  BauKG  	der  Bauteiler  in Sinn der Richtlinie 92  57  EWG entsprechen der  DL  in Sinn von § 2 Absatz 2 der Gesetz über der Koordinierung der Bauvorhaben  BauKG  	der  Bauteiler  in Sinn der Richtlinie 92  57  EWG entsprechen der  DL  in Sinn von § 2 Absatz 2 der Gesetz über der Koordinierung der Bauvorhaben  BauKG  
Dem Antragsteller obliegt keine Erkundigungspflicht. Es wird ihm nicht zugemutet, nach dem wahren Tatbestand zu forschen (z.B. durch Einholen von Informationen von Dritten) oder auf andere Weise Aufschluss über allenfalls bestehende Gefahrstatsachen zu erlangen.	Erkundigungspflicht	Informationspflicht	der Antragsteller sein nicht verpflichten  Auskunft zu erteilen  er können vernünftigerweise nicht auffordern werden  der tatsächlich Tatsache  z. B. durch der Erwerb von Information von dritter  zu untersuchen oder auf anderer Weise Information über möglich Gefahrensituation einholen 	der Antragsteller sein nicht zu Unterrichtung verpflichten  und er können nicht um ein Untersuchung der tatsächlich Tatsache  z. B. Beschaffung von Information von dritter  oder um ein anderweitig Klärung der bestehend Gefahrensituation ersuchen werden 	der Antragsteller haben keinerlei Informationspflicht  und er können vernünftigerweise nicht auffordern werden  der tatsächlich Sachverhalt zu untersuchen  z. B. durch der Beschaffung von Information von dritter  oder auf anderer Art und Weise Information über bestehend gefährlich Umstand einholen 
Dem Aussterben einheimischer Tier- und Pflanzenarten ist durch die Erhaltung genügend grosser Lebensräume (Biotope) und andere geeignete Massnahmen entgegenzuwirken.	aussterben	erlöschen	der aussterben einheimisch Tier und Pflanzenart muss durch der Erhaltung ausreichend groß Lebensraum  Biotop  und anderer geeignet Maßnahme verhindern werden 	der aussterben einheimisch Tier und Pflanzenart muss durch der Erhaltung ausreichend groß Lebensraum  Biotop  und anderer geeignet Maßnahme verhindern werden 	der aussterben einheimisch Tier und Pflanzenart muss durch der Erhaltung ausreichend groß Lebensraum  Biotop  und anderer geeignet Maßnahme verhindern werden 
Dem Verwaltungsrat obliegt die Beschlußfassung über:  den Haushaltsvoranschlag mit Tätigkeitsprogramm, die Haushaltsänderungen und die Rechnungsabschlüsse .	Haushaltsvoranschlag	Haushaltsplan	es sein Sache der Verwaltungsrat  über folgend Punkt zu entscheiden  der Haushaltsvoranschlag mit der Tätigkeitsprogramm  der Änderung der Haushaltsplan und der Jahresabschluß 	es sein Sache der Verwaltungsrat  folgender zu beschließen  der Bedarfsvorausschätzung mit der Tätigkeitsprogramm  der Haushaltsänderung und der Bilanz 	es sein Sache der Verwaltungsrat  folgender zu beschließen  der Bedarfsvorausschätzung mit der Tätigkeitsprogramm  der Haushaltsänderung und der Bilanz 
Den Anträgen sind die technischen Unterlagen sowie eine Verpflichtung des Antragstellers beizulegen, alle Kosten für den Lokalaugenschein und die Bearbeitung des Antrages zu übernehmen; eventuell muss eine Kaution hinterlegt werden.	Lokalaugenschein	Augenschein an Örtlichkeit	der Antrag sein der technisch Unterlage sowie ein Verpflichtung der Antragsteller beifügen  aller Kosten für der Ort der Kontrollbesuch und der Bearbeitung der Antrag zu übernehmen  gegebenenfalls sein ein Sicherheit zu leisten 	der Antrag sein der technisch Unterlage beifügen sowie ein Verpflichtung der Antragsteller  aller Kosten für der Ort der Prüfung und der Bearbeitung der Antrag zu übernehmen  gegebenenfalls sein ein Sicherheit zu leisten 	der Antrag sein der technisch Unterlage sowie ein Verpflichtung der Antragsteller beifügen  aller Kosten für der Ort der Kontrollbesuch und der Bearbeitung der Antrag zu übernehmen  gegebenenfalls sein ein Sicherheit zu leisten 
Den Chefs der ständigen Missionen oder anderen Vertretungen bei zwischenstaatlichen Organisationen und den zu ihrem Haushalt gehörenden Familienmitgliedern werden die Erleichterungen gewährt, die den leitenden Beamten der internationalen Organisationen zustehen.	leitend Beamter	Führungskraft,leitend Angestellter	der Leiter der ständig Mission oder sonstig Vertretung bei zwischenstaatlich Organisation und der Mitglied ihr zu ihr Haushalt gehörend Familie werden der Erleichterung gewähren  der der Leiter der international Organisation zustehen 	der Leiter der ständig Mission oder sonstig Vertretung bei zwischenstaatlich Organisation und der Mitglied ihr zu ihr Haushalt gehörend Familie werden der Erleichterung gewähren  der der Leiter der international Organisation gewähren werden 	der Leiter der ständig Mission oder sonstig Vertretung bei zwischenstaatlich Organisation und der Mitglied ihr zu ihr Haushalt gehörend Familie werden der Erleichterung gewähren  der der Leiter der international Organisation gewähren werden 
Den Erwerbstätigen gleichgestellt sind  Personen, die unmittelbar vor dem Einrücken ihre Ausbildung abgeschlossen haben oder diese während des Dienstes beendet hätten.	Erwerbstätiger	Arbeitnehmer	Person  der unmittelbar vor der Eingliederung ihr Ausbildung abschließen haben oder sie während der Dienst abschließen haben  werden der Arbeitnehmer gleichstellen 	Person  der unmittelbar vor der Eingliederung ihr Ausbildung abschließen haben oder der sie während der Arbeitszeit abschließen haben  werden der Arbeitnehmer gleichstellen 	der Arbeitnehmer werden Person gleichstellen  der unmittelbar vor ihr Eingliederung ihr Ausbildung abschließen haben oder der sie während ihr Tätigkeit abschließen haben 
Den Omnibussen des Kraftfahrlinienverkehrs ist im Ortsgebiet das ungehinderte Abfahren von gekennzeichneten Haltestellen zu ermöglichen, sobald der Lenker eines solchen Fahrzeugs mit dem Fahrtrichtungsanzeiger die Absicht anzeigt, von der Haltestelle abzufahren.	Haltestelle	halten	der Kraftomnibus müssen in der Stadt ungehindert von der markiert Haltestelle abfahren können  sobald der Fahrer dieser Fahrzeug sein Absicht  von der Haltestelle aus mit der Fahrtrichtungsanzeiger zu fahren  angeben 	Auto-Linienbus müssen in der Stadt ungehindert von der markiert Haltestelle aus starten können  sobald der Fahrer der Fahrzeug angeben  dass er von der Haltestelle mit der Fahrtrichtungsanzeiger abfahren möchten 	Auto-Linienbus müssen in der Stadt ungehindert von der markiert Haltestelle abfahren können  sobald der Fahrer der Fahrzeug angeben  dass er von der Haltestelle mit Hilfe der Fahrtrichtungsanzeiger abfahren möchten 
Den Schuldverschreibungen stehen Rentenverschreibungen und Zwischenscheine über Einzahlungen auf die Wertpapiere und solche Schuldbucheintragungen gleich, bei denen der Gläubiger verlangen kann, daß ihm an Stelle seiner Schuldbuchforderung eine Schuldverschreibung erteilt wird.	Schuldverschreibung	Obligation,Verbindlichkeit	mit der Schuldverschreibung werden Rentenverpflichtung und vorläufig Bescheinigung für Wertpapierzahlung sowie der Verbuchung von Schuldverschreibung gleichstellen  für der der Gläubiger verlangen können  dass er anstelle sein buchhalterisch Forderung ein Verpflichtung erhalten 	der Rentenschuldverschreibung und der vorläufig Bescheinigung für Wertpapierzahlung sowie der Schuldenbucheintragung  für der der Gläubiger anstelle sein Buchwertforderung ein Verpflichtung verlangen können  werden der Schuldverschreibung gleichstellen 	der Rentenschuldverschreibung und der provisorisch Bescheinigung für Wertpapierzahlung sowie der Verbuchung von Schuld  für der der Gläubiger anstelle sein buchhalterisch Forderung der Ausstellung ein Forderung verlangen können  werden der Schuldverschreibung gleichstellen 
Den Stiftungszweck und damit di Begünstigten bestimmt der Stifter.	Stifter	Gründer	der Gründer bestimmen der Zweck der Stiftung und damit der Begünstigten 	der Gründer bestimmen der Zweck der Stiftung und damit der Begünstigten 	der Gründer bestimmen der Zweck der Stiftung und damit der Begünstigten 
Den Verhandlungen des Bundesstrafgerichts  gehen Ermittlungen und Untersuchungen voraus. Sie werden von Bundesorganen, nämlich von der Bundesanwaltschaft  und vom eidgenössischen Untersuchungsrichter , besorgt.	Untersuchungsrichter	Instruktionsrichter	bei der Verhandlung der Bundesgerichtshof werden Untersuchung und Untersuchung durchführen  der von Bundesbehörde  insbesondere von Bundesministerium und von Bundesunterweisergericht durchführen werden 	der Untersuchung und Untersuchung werden von Bundesbehörde  insbesondere von Bundesministerium und von Bundesuntersuchungsrichter  vor der Verfahren der Strafgerichtshof durchführen 	bei der Behandlung der Strafgerichtshof sein Untersuchung und Untersuchung vorausgehen  der von Bundesbehörde  insbesondere von Bundesministerium und von Ermittlungsrichter der Bund  durchführen werden 
Den Vorsitz in der Wohnungseigentümerversammlung führt, sofern diese nichts anderes beschließt, der Verwalter.	Wohnungseigentümerversammlung	Versammlung der Wohnungseigentümer	der vorsitzend der Versammlung der Eigentumswohnung sein  sofern der Versammlung nichts anderer beschließen  der Verwalter 	Sofern der Versammlung nicht anders beschließen  sein der Präsident der Kondomeversammlung der Verwalter 	der vorsitzend der Parlamentarischen Versammlung sein  sofern der Versammlung nicht anders beschließen  der Verwalter 
Denkmalpflege umschließt alle Handlungen nichthoheitlicher Art, welche auf die Erhaltung und Instandsetzung ausgerichtet sind.	Denkmalpflege	Erhaltung von Kulturgütern	der Erhaltung der kulturell Erbe umfassen aller Handlung nicht souverän Natur  der auf der Erhaltung und Wiederherstellung der kulturell Erbe abzielen 	der Erhaltung der kulturell Erbe umfassen aller Handlung  der nicht souverän sein und auf der Erhaltung und Wiederherstellung der kulturell Erbe abzielen 	der Erhaltung von Kulturgütern umfassen aller Handlung nicht souverän Natur  der auf der Erhaltung und Wiederherstellung von Kulturgut abzielen 
Der Abfallerzeuger, der die bei ihm anfallenden gefährlichen Abfälle selbst behandelt, hat dem Landeshauptmann vierteljährlich die über die im vorangegangenen Kalendervierteljahr selbst behandelten gefährlichen Abfälle geführten Aufzeichnungsdaten  schriftlich zu melden.	Abfallerzeuger	Hersteller	der Hersteller  der der bei ihm entstehend gefährlich Abfall selbst behandeln  müssen der Präsident der Provinzialregierung vierteljährlich der aufgezeichnet Datum über der gefährlich Abfall  der in vorig Quartal selbst behandeln werden  schriftlich übermitteln 	der Hersteller  der selbständig mit der gefährlich Abfall umgehen  der bei ihm entstehen  müssen der Präsident der Provinzialregierung vierteljährlich der Aufzeichnung über der gefährlich Abfall übermitteln  der in vorangegangen Quartal selbständig behandeln werden 	der Hersteller  der selbständig mit der gefährlich Abfall umgehen  der bei ihm entstehen  müssen der Präsident der Provinzialregierung vierteljährlich der Aufzeichnung über der gefährlich Abfall übermitteln  der in vorangegangen Quartal selbständig behandeln werden 
Der Abstand DL wird durch die Nennspannung des unter Spannung stehenden Teiles bestimmt.	DL	Bauleiter	der Abstand DL werden durch der Nennspannung der Phasenteil bestimmen 	der Abstand DL werden durch der Nennspannung der Spannungsteils bestimmen 	der Abstand DL werden durch der Nennspannung der Spannungsteils bestimmen 
Der Agent hat die Interessen des Auftraggebers mit der Sorgfalt eines ordentlichen Kaufmannes zu wahren.	Agent	Arbeitsstoff,Einwirkung,Täter	der Agent muss der Interesse der Auftraggeber mit der Sorgfalt der gut Vater der Familie schützen 	der bediensteter haben der Interesse der Auftraggeber mit der Sorgfalt sein gut Familienvater zu schützen 	der bediensteter haben der Interesse der Auftraggeber mit der Sorgfalt sein gut Familienvater zu schützen 
Der Anspruch auf Wohnungsüberlassung ist nur dann ausgeschlossen, wenn keine weiteren Verletzungen und widerrechtlichen Drohungen zu besorgen sind, es sei denn, dass dem verletzten Ehegatten das weitere Zusammenleben mit dem anderen wegen der Schwere der Tat nicht zuzumuten ist.	zusammenleben	ehelich Lebensgemeinschaft	der Recht auf Veräußerung der Wohnung sein nur dann ausschließen  wenn weit Verstoß und Drohung nicht zu befürchten sein  es sein denn  der verletzt Ehepartner haben aufgrund der Schwere der Handlung der zusammenleben mit der anderer zustehen 	der Recht auf Veräusserung von Wohnung sein nur dann ausschließen  wenn weit Verstoß und Drohung nicht zu befürchten sein  es sein denn  der verletzt Ehegatte haben aufgrund der Schwere der Verstoß kein Anspruch mehr auf ein zusammenleben mit der anderer 	der Recht auf Wohnung werden nur dann ausschließen  wenn weit Verstoß und Drohung nicht zu befürchten sein  es sein denn  der verletzt Ehegatte haben aufgrund der Schwere der Verstoß kein Anspruch mehr auf ein zusammenleben mit der anderer 
Der Anteil, der dem Gesellschafter zusteht, der seine Arbeit eingebracht hat, wird, wenn er im Vertrag nicht bestimmt ist, vom Gericht nach Billigkeit festgesetzt.	Arbeit	Bauwerk	der Anteil der Gesellschafter  der sein Werk übertragen haben  werden  wenn es nicht in Vertrag festlegen sein  von Gericht nach Gleichheit festsetzen 	der Anteil der Mitglied  der sein Werk übertragen haben  werden  wenn es nicht vertraglich festlegen sein  von Richter in gleich Weise festsetzen 	der Anteil der Mitglied  der sein Werk übertragen haben  wenn es nicht in Vertrag festlegen sein  werden von Richter in gleich Weise festsetzen 
Der Antrag hat  die Identifizierungsnummer des Containers seitens des Herstellers zu enthalten oder, bei Baumusterzulassung, jene Identitätskennzeichen, die der Hersteller dem Containertyp zuteilt, auf den sich der Zulassungsantrag bezieht.	Identifizierungsnummer	Benutzerkennung,Kennung	der Antrag muss der Containeridentifikationscode der Hersteller oder  in Fall ein Typgenehmigung  der von Hersteller der Containertyp  auf der sich der Antrag auf Genehmigung beziehen  zugeschrieben Kennzeichnungszeich enthalten 	der Antrag müssen der Containercode der Hersteller oder  in Fall ein Typgenehmigung  der von Hersteller der Containertyp  auf der sich der Antrag beziehen  zugeschrieben Kennzeichen enthalten 	der Antrag müssen der Code zu Identifizierung der Container durch der Hersteller oder  in Fall ein Typgenehmigung  der von Hersteller der Containertyp  auf der sich der Antrag beziehen  zugeschrieben Kennzeichen enthalten 
Der Arbeiter muss beim Umgang mit der Kettensäge Handschutz tragen, welcher der EN-Norm 381-7 entspricht.	Handschutz	Schutz der Hand	der Arbeitnehmer muss während der Benutzung der Kettensäge Handschutz gemäß EN 381 - 7 tragen 	der Arbeitnehmer muss während der Benutzung der Säge Handschutz gemäß EN 381 - 7 tragen 	der Arbeitnehmer muss während der Benutzung der Säge Handschutz gemäß EN 381 - 7 tragen 
Der Arbeitgeber berücksichtigt die dämmende Wirkung der persönlichen Schutzausrüstungen für das Gehör des Arbeitnehmers nur zu dem Zweck, die Wirksamkeit der PSA für das Gehör und die Einhaltung der Expositionsgrenzwerte zu prüfen.	persönlich Schutzausrüstung für der Gehör	Gehörschutz,Schutz der Gehör	der Arbeitgeber berücksichtigen der mildernd Wirkung der Gehörschutz der Arbeitnehmer nur bei der Überprüfung der Wirksamkeit der Gehörschutz und der Einhaltung der Expositionsgrenzwert 	der Arbeitgeber berücksichtigen der mildernd Wirkung der Gehörschutz der Arbeitnehmer nur bei der Überprüfung der Wirksamkeit der Gehörschutz und der Einhaltung der Expositionsgrenzwert 	der Arbeitgeber berücksichtigen der mildernd Wirkung der Gehörschutz der Arbeitnehmer nur bei der Überprüfung der Wirksamkeit der Gehörschutz und der Einhaltung der Expositionsgrenzwert 
Der Arbeitgeber darf einen Arbeitnehmer bei einer Vereinbarung oder einer Maßnahme, insbesondere bei der Begründung des Arbeitsverhältnisses, beim beruflichen Aufstieg, bei einer Weisung oder einer Kündigung, nicht wegen seines Geschlechts benachteiligen .	Arbeitnehmer	Erwerbstätiger,erwerbstätig Person	der Arbeitgeber dürfen ein Arbeitnehmer nicht aufgrund sein Geschlecht aufgrund ein Vereinbarung oder ein Maßnahme diskriminieren  insbesondere nicht bei der Schaffung der Arbeitsverhältnis  bei der Laufbahnentwicklung  bei der Erteilung von Weisung oder bei der Entlassung 	der Arbeitgeber dürfen ein Arbeitnehmer wegen sein Geschlecht nicht wegen ein Vereinbarung oder Maßnahme diskriminieren  insbesondere bei der Begründung der Arbeitsverhältnis  bei der Beförderung  bei der Erteilung von Weisung oder bei der Entlassung 	der Arbeitgeber dürfen ein Arbeitnehmer wegen sein Geschlecht nicht aufgrund ein Vereinbarung oder Maßnahme diskriminieren  insbesondere bei der Begründung der Arbeitsverhältnis  der Laufbahnentwicklung  der Erteilung von Weisung oder der Entlassung 
Der Arbeitgeber hat dafür zu sorgen, dass Schutz- und Sicherheitseinrichtungen  einer regelmäßigen Kontrolle der Funktionsfähigkeit unterzogen werden.	Sicherheitseinrichtung	nicht trennend Schutzeinrichtung	der Arbeitgeber haben dafür zu sorgen  dass der Schutz und Sicherheitseinrichtung ein regelmäßig Funktionskontrolle unterziehen werden 	der Arbeitgeber haben dafür zu sorgen  daß der Schutz und Sicherheitsvorkehrung ein regelmäßig Kontrolle der Funktionsfähigkeit unterliegen 	der Arbeitgeber haben dafür zu sorgen  daß der Schutz und Sicherheitsvorkehrung ein regelmäßig Kontrolle der Funktionsfähigkeit unterliegen 
Der Arbeitgeber hat dem Arbeitnehmer zum Besuch von Kursen und Vorträgen zur beruflichen Weiterbildung, mit Ausnahme der Jahres- oder Halbjahreskurse der Molkereischulen, bezahlten Urlaub zu gewähren, soweit dies mit den Interessen des Betriebes vereinbar ist.	beruflich Weiterbildung	Aktualisierung	der Arbeitgeber haben der Arbeitnehmer ein bezahlt Urlaub für der Teilnahme an Fortbildungskurs und -konferenzen zu gewähren  mit Ausnahme der jährlich oder halbjährlich Kurs der Milchschule  soweit dieser mit der Interesse der Betrieb vereinbar sein 	der Arbeitgeber muss der Arbeitnehmer ein bezahlt Urlaub für der Teilnahme an Fortbildungskurs und -konferenzen gewähren  mit Ausnahme der jährlich oder halbjährlich Kurs an der Milchschule  sofern dieser mit der Interesse der Betrieb vereinbar sein 	der Arbeitgeber haben der Arbeitnehmer ein bezahlt Urlaub für der Teilnahme an Fortbildungskurs und -konferenzen zu gewähren  mit Ausnahme der jährlich oder halbjährlich Kurs an der Molkereischule  sofern dieser mit der Interesse der Betrieb vereinbar sein 
Der Arbeitsschutz hat das Ziel, die Gesundheit und die Sicherheit aller Abeitnehmerinnen und Arbeitnehmer zu gewährleisten bzw. ständig zu verbessern .	Arbeitsschutz	Arbeitssicherheit,Sicherheit an Arbeitsplatz	der Sicherheit an Arbeitsplatz zielen darauf ab  der Gesundheit und Sicherheit aller Arbeitnehmer und Arbeitnehmerin ständig zu gewährleisten oder zu verbessern 	der Sicherheit an Arbeitsplatz sollen der Gesundheit und Sicherheit aller Arbeitnehmerin und Arbeitnehmer gewährleisten oder ständig verbessern 	der Sicherheit an Arbeitsplatz zielen darauf ab  der Gesundheit und Sicherheit aller Arbeitnehmerin und Arbeitnehmer zu gewährleisten oder ständig zu verbessern 
Der Aufbau und die Tätigkeit der Verwaltung der Sonderbetriebe Sanitätseinheiten fußen auf folgenden Grundsätzen:  d) Effizienz und Wirtschaftlichkeit der Verwaltung sowie Vereinfachung und Öffentlichkeit der Verfahren.	Öffentlichkeit	Werbung	der Struktur und der Tätigkeit der Verwaltung der Sonderkrankenkasse stützen sich auf folgend Grundsatz  d  Effizienz und Wirtschaftlichkeit der Verwaltung sowie Vereinfachung und Bekanntmachung der Verfahren 	Struktur und Tätigkeit der Verwaltung der Krankenversicherungsunternehmen beruhen auf folgend Grundsatz  d  Effizienz und Wirtschaftlichkeit der Verwaltung sowie Vereinfachung und Bekanntmachung der Verfahren 	Struktur und Tätigkeit der Verwaltung der Krankenversicherungsunternehmen beruhen auf folgend Grundsatz  d  Effizienz und Wirtschaftlichkeit der Verwaltung sowie Vereinfachung und Bekanntmachung der Verfahren 
Der Auftraggeber  kann den Auftrag jederzeit widerrufen, kündigen; er kann auch die Dienste weiterer Makler in Anspruch nehmen oder sich selbst um den Abschluß bemühen.	Makler	Mediator	der Auftraggeber können sein Auftrag jederzeit widerrufen  zurücktreten  der Dienst anderer Vermittler in Anspruch nehmen oder sich persönlich für der Abschluss einsetzen 	der Auftraggeber können jederzeit sein Auftrag zurückziehen  zurücktreten  der Dienst anderer Vermittler in Anspruch nehmen oder sich persönlich für der Abschluss einsetzen 	der Auftraggeber können sein Auftrag jederzeit zurückziehen  zurücktreten  der Dienst anderer Vermittler in Anspruch nehmen oder sich persönlich für der Abschluss einsetzen 
Der Auftraggeber ist schuldig, dem Beauftragten die Auslagen und Verwendungen, die dieser in richtiger Ausführung des Auftrages gemacht hat, samt Zinsen zu ersetzen und ihn von den eingegangenen Verbindlichkeiten zu befreien.	Auftraggeber	Versender	der Auftraggeber sein verpflichten  der Bevollmächtigter der Kosten und der Arbeitsplatz  der ihm bei der ordnungsgemäß Ausführung der Auftrag entstehen sein  zusammen mit der Zins zu erstatten und ihn von der übernommen Verpflichtung zu befreien 	der Auftraggeber sein verpflichten  der Bevollmächtigten der Kosten und der für der ordnungsgemäß Ausführung der Mandat anfallend Aufgabe sowie der Zins zu erstatten und ihn von sein Verpflichtung zu befreien 	der Auftraggeber sein verpflichten  der Bevollmächtigter der Kosten und der Verwendung  der ihm bei der ordnungsgemäß Ausführung der Mandat entstehen sein  sowie der Zins zu erstatten und ihn von sein Verpflichtung zu befreien 
Der Augenschein, die Durchsuchungen und die Beschlagnahmen in den Büroräumen der Verteidiger werden direkt durch das Gericht oder im Lauf der Vorerhebungen durch die Staatsanwaltschaft auf Grund eines begründeten Ermächtigungsdekretes des Gerichts vorgenommen.	Beschlagnahme	verwaltungsbehördlich Beschlagnahme,verwaltungsrechtlich Beschlagnahme	der Durchsuchung  Durchsuchung und Beschlagnahme in der Büro der Verteidiger erfolgen unmittelbar durch der Gericht oder  in Rahmen der vorläufig Untersuchung  durch der Staatsanwaltschaft der Republik aufgrund ein mit Grund versehen Beschluß der Gericht 	der Durchsuchung  Durchsuchung und Entführung in der Büro der Verteidiger werden durch ein Dekret über der mit Grund versehen Genehmigung der Gericht entweder unmittelbar von Gericht oder in Rahmen der vorläufig Untersuchung von der Staatsanwaltschaft der Republik anordnen 	Durchsuchung  Durchsuchung und Beschlagnahm in der Büro der Verteidiger werden entweder unmittelbar von Gericht oder in Rahmen von Voruntersuchung von der Staatsanwaltschaft der Republik aufgrund ein mit Grund versehen Genehmigung der Gericht anordnen 
Der Bauherr schliesst mit den Unternehmern/Lieferanten einen Werkvertrag ab. Dieser Vertrag wird in der Regel vom Architekten/Bauleiter vorbereitet (aufgrund einer Offerte) und dem Bauherrn zur Prüfung und zur Unterzeichnung vorgelegt. In der Regel unterzeichnet der Architekt ebenfalls.	Bauherr	Geschäftsherr,Kommittent,Versender	der Auftraggeber schließen mit der Auftragnehmer  Lieferant ein Auftrag  der in der Regel von Bauarchitekt  Direktor  auf der Grundlage ein Angebot  erstellen und der Bauherr zu Prüfung und Unterzeichnung vorlegen werden 	der Auftraggeber schließen mit der Auftragnehmer  Lieferant ein Auftrag  der in der Regel von Architekt  Leiter der Arbeit  auf der Grundlage ein Angebot  erstellen und der Auftraggeber zu Prüfung und Unterzeichnung vorlegen werden  wobei der Architekt in der Regel auch sein Unterschrift anbringen 	der Auftraggeber schließen mit der Auftragnehmer  Lieferant ein Auftrag  der in der Regel von Architekt  Leiter der Arbeit  auf der Grundlage ein Angebot  erstellen und der Auftraggeber zu Prüfung und Unterzeichnung vorlegen werden  wobei der Architekt in der Regel auch sein Unterschrift anbringen 
Der Bauleiter zahlt den Betrag der vorgesehen Sicherheitskosten je nach Baufortschritt aus, nach Genehmigung seitens des Sicherheitskoordinators in der Ausführungsphase, sofern vorgesehen.	Bauleiter	Gesetzesdekret	der DL zahlen der voraussichtlich Sicherheitskosten je nach Stand der Arbeit  sofern der Sicherheitskoordinator dieser genehmigen 	der DL zahlen der voraussichtlich Sicherheitskosten je nach Fortgang der Arbeit  sofern der Sicherheitskoordinator dieser wünschen 	der DL zahlen der voraussichtlich Sicherheitskosten entsprechend der Fortgang der Arbeit nach Genehmigung durch der Sicherheitskoordinator in der Durchführungsphase  sofern dieser vorsehen sein 
Der Begründungszwang dient dem Zweck, die Anfechtungsberechtigten in die Lage zu versetzen, eine sachgemäße Entscheidung über ihr weiteres prozessuales Vorgehen, insbesondere über die Einlegung eines Rechtsmittels, zu treffen ...	Begründungszwang	Begründungspflicht	der Begründungspflicht dienen dazu  der zu Rechtsmittel berechtigt Person in der Lage zu versetzen  über ihr weit Verfahren  insbesondere über der Einlegung ein Rechtsbehelf  ein angemessen Entscheidung zu treffen 	der Begründungspflicht dienen dazu  der zu Rechtsbehelf berechtigt Person der Möglichkeit zu geben  ein angemessen Entscheidung über ihr weit Verfahrensverfahren  insbesondere über der Einlegung ein Rechtsbehelf  zu treffen	mit der Begründungspflicht sollen der zu Rechtsbehelf berechtigt Person der Möglichkeit geben werden  ein angemessen Entscheidung über ihr weit Verfahrensverfahren  insbesondere über der Einlegung ein Rechtsbehelf  zu treffen 
Der Bereich des sichtbaren Lichts befindet sich an der Grenze zwischen ionisierender und nicht ionisierender Strahlung.	sichtbar Licht	GVP,Gesundheitsverträglichkeitsprüfung	der VIS-Region befinden sich an der Grenze zwischen ionisierend und nichtionisierend Strahlung 	der VIS-Region liegen an der Grenze zwischen ionisierend und nichtionisierend Strahlung 	der VIS-Region liegen an der Grenze zwischen ionisierend und nichtionisierend Strahlung 
Der Berichtigungsbescheid wirkt auf den berichtigten Bescheid zum Zeitpunkt seiner Erlassung zurück  und bildet mit ihm eine Einheit .	Berichtigungsbescheid	Vertragsanpassung	der Berichtigung erfolgen rückwirkend zu Zeitpunkt der Erlass der berichtigt Rechtsakt und sein Bestandteil dieser Rechtsakt 	der Berichtigung werden bei der Annahme der berichtigt Rechtsakt rückwirkend vornehmen und sein Bestandteil der berichtigt Rechtsakt 	der Berichtigung werden bei der Annahme der berichtigt Rechtsakt rückwirkend vornehmen und sein Bestandteil der berichtigt Rechtsakt 
Der Beschwerde in Strafsachen unterliegen auch Entscheide über: a. Zivilansprüche, wenn diese zusammen mit der Strafsache zu behandeln sind; b. den Vollzug von Strafen und Massnahmen.	Beschwerde in Strafsache	Beschwerde in Verwaltungssach,Beschwerde in Zivilsach	der Kassationsbeschwerde in Strafsach sein auch gegen Entscheidung in folgend Fall zulässig  a  Zivilanspruch  wenn sie in Verbindung mit der Strafverfahren zu behandeln sein b  der Vollstreckung von Strafe und Maßnahme 	ein Rechtsbehelf in Strafsache sein auch gegen Entscheidung zulässig  der folgender betreffen  a  zivilrechtlich Anspruch  wenn sie in Verbindung mit der Strafverfahren zu behandeln sein  b  der Vollstreckung von Strafe und Maßnahme 	ein Rechtsbehelf in Strafsache sein auch gegen Entscheidung zulässig  der folgender betreffen  a  zivilrechtlich Anspruch  wenn sie in Verbindung mit der Strafverfahren zu behandeln sein  b  der Vollstreckung von Strafe und Maßnahme 
Der Bestimmungsort der gefährlichen Abfälle wird von Seiten des Abfallerzeugers nur auf Grund von wirtschaftlichen Überlegungen entschieden.	Abfallerzeuger	Hersteller	der Bestimmung der gefährlich Abfall werden von Hersteller nur auf der Grundlage wirtschaftlich Erwägung festlegen 	der Bestimmung der gefährlich Abfall werden von Hersteller nur auf der Grundlage wirtschaftlich Erwägung festlegen 	der Bestimmung der gefährlich Abfall werden von Hersteller nur auf der Grundlage wirtschaftlich Erwägung festlegen 
Der Bezirksrichter bestimmt im Dekret nach Artikel 25 und in jedem Fall im Erbschein, an wievielen und welchen Räumen des Wohngebäudes und an welchen Einrichtungsgegenständen Wohnrecht und Benutzungsrecht ausgeübt werden können.	Benutzungsrecht	Gebrauch,Gewohnheitsrecht	der Bezirksgericht bestimmen in der Verordnung nach Artikel 25 und in jeder Fall in Erbschein  in wie vielen und in welcher Raum der Wohngebäude und auf welcher Einrichtungsgegenständ der Recht auf Wohnung und Nutzung ausüben werden können 	der Bezirksgericht bestimmen in der Dekret nach Artikel 25 und in jeder Fall in der Erbschein  in wie vielen und in welcher Raum der Wohngebäude und auf welcher Möbel der Recht auf Wohnung und Nutzung ausüben werden können 	der Bezirksgericht bestimmen in der Verfügung nach Artikel 25 und in jeder Fall in der Erbschaftsurkunde  in wie vielen und auf welcher Raum der Wohngebäude und auf welcher Möbel der Wohn und Nutzungsrecht ausüben werden können 
Der Blutalkoholgehalt eines Menschen läßt sich durch die Analyse einer von ihm genommene Blutprobe exakt feststellen.	Blutalkoholgehalt	AAK,Atemalkoholkonzentration	der Blutalkoholgehalt ein Person können anhand ein Blutprobe  der von dieser Person entnehmen werden  genau ermitteln werden 	der Blutalkoholgehalt ein Person können durch ein Blutprobe  der von dieser Person entnehmen werden  genau ermitteln werden 	der Blutalkoholgehalt ein Person lässen sich anhand ein Blutprobe  der von dieser Person entnehmen werden  genau feststellen 
Der Blutalkoholgehalt zur Zeit der Tat wird dadurch errechnet, daß dem Blutalkoholgehalt zur Zeit der Untersuchung für jede zwischen Tat und Untersuchung liegende Stunde der entsprechende Verbrennungswert zugerechnet wird.	Blutalkoholgehalt	AAK,Atemalkoholkonzentration,Atemluft auf Alkoholgehalt	der Alkoholgehalt zu Zeitpunkt der Feststellung werden berechnen  indem der Alkoholgehalt zu Zeitpunkt der Feststellung für jeder Stunde zwischen der Tatbestand und der Feststellung der entsprechend Brennwert hinzufügen werden 	der Alkoholgehalt werden zu Zeitpunkt der Feststellung durch Addition der Blutalkoholgehalt für jeder Stunde zwischen der Feststellung und der Feststellung mit der entsprechend Brennwert berechnen 	der Blutalkoholgehalt werden zu Zeitpunkt der Feststellung durch Addition der Blutalkoholgehalt für jeder Stunde zwischen der Feststellung und der Feststellung mit der entsprechend Brennwert berechnen 
Der Bund, die Länder, die Gemeinden und die sonstigen Körperschaften und Anstalten des öffentlichen Rechts haften für den Schaden, den die als ihre Organe handelnden Personen in Vollziehung der Gesetze durch ein rechtswidriges Verhalten wem immer schuldhaft zugefügt haben.	Anstalt der öffentlich Recht	unselbständig Anstalt	der Staat  der Bundesland  der Gemeinde und der anderer öffentlich-rechtlich Einrichtung und Einrichtung tragen der Verantwortung für der Schaden  dass Person  der als ihr Organ bei der Vollstreckung von Gesetz handeln  durch ein rechtswidrig verhalten wahllos an jemander fesseln haben 	der Staat  der Land  der Gemeinde und anderer öffentlich-rechtlich Körperschaft und Institution sein für der Schaden verantwortlich  der Person  der in ihr Eigenschaft als Organ handeln  bei der Durchsetzung der Gesetz durch unrechtmäßig verhalten fälschlich an der Pranger stellen haben 	der Staat  der Land  der Gemeinde und der anderer öffentlich-rechtlich Körperschaft und Institution sein für der Schaden verantwortlich  der Person  der in ihr Eigenschaft als ihr Organ handeln  bei der Durchsetzung der Gesetz durch unrechtmäßig verhalten fälschlich an der Pranger stellen haben 
Der Bundesminister für Finanzen wird ermächtigt im Einvernehmen mit dem Bundeskanzler mittels Verordnung  die Mitteilungspflicht  anzupassen, und zwar  zusätzliche Leistungen in die Abfrage bestehender Datenbanken  oder in die Mitteilungspflicht  aufzunehmen .	Mitteilungspflicht	Informationspflicht	der Bundesminister der Finanz sein in Einvernehmen mit der Bundeskanzler befugen  der Mitteilungspflicht durch Beschluss zu ändern  der heißen zusätzlich Leistung in der Abfrage bestehend Datenbank oder in der Berichterstattungspflicht aufnehmen 	der Bundesminister der Finanz sein ermächtigen  in Einvernehmen mit der Bundeskanzler der Mitteilungspflicht durch Beschluss zu ändern  nämlich zusätzlich Leistung in der Abfrage bestehend Datenbank oder in der Berichterstattungspflicht aufnehmen 	der Bundesminister der Finanz sein in Einvernehmen mit der Bundeskanzler befugen  der Mitteilungspflicht durch Beschluss zu ändern  der heißen zusätzlich Leistung in der Abfrage bestehend Datenbank oder in der Berichterstattungspflicht aufnehmen 
Der Bundesminister für Inneres hat ein Merkblatt über die einem Asylwerber obliegenden Pflichten und zustehenden Rechte aufzulegen.	Merkblatt	Promemoria	der Bundesminister der Innern muss ein Erinnerung an der Pflicht und Recht ein Asylbewerber veröffentlichen 	der Bundesminister der Innern muss ein Erinnerung an der Pflicht und Recht ein Asylbewerber veröffentlichen 	der Bundesminister der Innern muss ein Erinnerung an der Pflicht und Recht ein Asylbewerber veröffentlichen 
Der Bundespräsident wird ohne Aussprache von der Bundesversammlung gewählt. Wählbar ist jeder Deutsche, der das Wahlrecht zum Bundestage besitzt und das vierzigste Lebensjahr vollendet hat.	Wahlrecht	Aktienstimmrecht,Stimmrecht	der Bundespräsident werden von der Bundesversammlung ohne Aussprache wählen  jeder deutsch Bürger  der der Wahlrecht für der Bundestag haben und der 40. Lebensjahr vollenden haben  können wählen werden 	der Bundespräsident werden von der Bundesversammlung ohne Aussprache wählen  und jeder deutsche  der der Wahlrecht für der Bundestag haben und 40 Jahr alt sein  können wählen werden 	der Bundespräsident werden von der Bundesversammlung ohne Aussprache wählen  und jeder deutsche  der der Wahlrecht für der Bundestag haben und der 40. Lebensjahr vollenden haben  sein wählbar 
Der Bundespräsident wird vom Bundesvolk auf Grund des gleichen, unmittelbaren, geheimen und persönlichen Wahlrechtes gewählt; stellt sich nur ein Wahlwerber der Wahl, so ist die Wahl in Form einer Abstimmung durchzuführen.	Wahlwerber	Bewerber	der Bundespräsident werden von Bundesvolk auf der Grundlage der gleich  direkt  geheim und persönlich Wahlrecht wählen  wenn nur ein Kandidat anwesend sein  muss der Wahl in Form ein Abstimmung erfolgen 	der Bundespräsident werden von Bundesvolk auf der Grundlage der gleich  direkt  geheim und persönlich Wahlrecht wählen  wenn nur ein einzig Kandidat anwesend sein  muss der Wahl in Form ein Abstimmung erfolgen 	der Bundespräsident werden von Bundesvolk auf der Grundlage der gleich  direkt  geheim und persönlich Wahlrecht wählen  wenn nur ein einzig Kandidat anwesend sein  muss der Wahl in Form ein Abstimmung erfolgen 
Der Bundesrat legt die Einzelheiten fest, insbesondere: a. die Verantwortung für die Datenbearbeitung;	Verantwortung	Verantwortlichkeit,strafrechtlich Verantwortlichkeit	der Bundesrat legen der Einzelheit fest  insbesondere  a. der Verantwortung für der Verarbeitung der Datum	der Bundesrat legen der Einzelheit fest  insbesondere  a. der Verantwortlichkeit für der Verarbeitung der Datum	der Bundesrat legen der Einzelheit fest  insbesondere  a. der Verantwortlichkeit für der Verarbeitung der Datum
Der Bundesrat legt fest, bei welcher Blutalkoholkonzentration unabhängig von weiteren Beweisen und individueller Alkoholverträglichkeit Angetrunkenheit  angenommen wird.	Blutalkoholkonzentration	AAK,Atemalkoholkonzentration	der Bundesrat legen fest  zu welcher Blutalkoholgehalt der Alkoholgehalt unabhängig von weit Test und der individuell Toleranz gegenüber Alkohol annehmen werden 	der Bundesrat legen fest  zu welcher Blutalkoholgehalt  unabhängig von weit Test und der individuell Alkoholtoleranz  Alkoholkonsum annehmen werden 	der Bundesrat legen fest  zu welcher Blutalkoholgehalt  unabhängig von weit Test und der individuell Toleranz gegenüber Alkohol  Alkohol annehmen werden 
Der Bundesrat regelt das Zutrittsrecht zu Fernmeldeanlagen, die militärischen Geheimhaltungsvorschriften unterstehen.	Zutrittsrecht	Zufahrt,Zugang,Zutritt	der Bundesrat regeln der Zugang zu Telekommunikationsanlage  der der militärisch Geheimhaltungsvorschrift unterliegen 	der Bundesrat regeln der Zugang zu der Telekommunikationsanlage  der der militärisch Geheimhaltungsvorschrift unterliegen 	der Bundesrat regeln der Zugang zu der Telekommunikationsanlage  der der militärisch Geheimhaltungsvorschrift unterliegen 
Der Bundesrat sorgt auf dem Gebiet der Beurkundung des Personenstandes für den Schutz der Persönlichkeit und der Grundrechte der Personen, über die Daten bearbeitet werden.	Schutz	Vormundschaft,umfassend Beistandschaft	der Bundesrat sorgen für der Schutz der Persönlichkeit und der Grundrecht der Person  der Datum verarbeiten werden 	der Bundesrat sorgen in Rahmen der Bescheinigung der Personenstand für der Schutz der Persönlichkeit und der Grundrecht der Person  der Datum verarbeiten werden 	der Bundesrat sorgen in Rahmen der Bescheinigung der Personenstand für der Schutz der Persönlichkeit und der Grundrecht der Person  der Datum verarbeiten werden 
Der CE-Kennzeichnung muss die Kennnummer der Benannten Stelle hinzugefügt werden, die an der Durchführung des Konformitätsbewertungsverfahrens  beteiligt war, das zur Berechtigung zur Anbringung der CE-Kennzeichnung geführt hat.	Kennnummer	Benutzerkennung,Kennung	der CE-Kennzeichnung sein der Kenncode der benannt Stelle hinzufügen  der an der Durchführung der Konformitätsbewertungsverfahren beteiligen sein  der zu Genehmigung der Anbringung der CE-Kennzeichnung führen haben 	der CE-Kennzeichnung sein der Kenncode der benannt Stelle hinzufügen  der an der Verfahren zu Konformitätsbewertung beteiligen sein  der zu Genehmigung der Anbringung der CE-Kennzeichnung führen 	der CE-Kennzeichnung sein der Kenncode der benannt Stelle hinzufügen  der an der Durchführung der Konformitätsbewertungsverfahren beteiligen sein  der zu Genehmigung der Anbringung der CE-Kennzeichnung führen haben 
Der Cloud Provider Microsoft Italien GmbH  hat sich aufgrund des bestehenden Vertrags verpflichtet, personenbezogene Daten nicht außerhalb der Europäischen Union und der Länder des Europäischen Wirtschaftsraums (Norwegen, Island, Lichtenstein) zu übermitteln.	Cloud Provider	Sicherheitskoordinator in der Planungsphase	der CSP Microsoft Italia GmbH haben sich aufgrund der bestehend Vertrag verpflichten  kein personenbezogen Datum außerhalb der europäisch Union und der Land der europäisch Wirtschaftsraum  Norwegen  Island  Liechtenstein  zu übermitteln 	der CSP Microsoft Italia GmbH haben sich in Rahmen der bestehend Vertrag verpflichten  kein personenbezogen Datum außerhalb der europäisch Union und der Land der europäisch Wirtschaftsraum  Norwegen  Island  Liechtenstein  zu übermitteln 	der CSP Microsoft Italia GmbH haben sich in Rahmen der bestehend Vertrag verpflichten  kein personenbezogen Datum außerhalb der europäisch Union und der Land der europäisch Wirtschaftsraum  Norwegen  Island  Liechtenstein  zu übermitteln 
Der Direktor der zuständigen Abteilung  verfügt die Archivierung des Verfahrens, sobald die abschließende Maßnahme mitgeteilt oder durchgeführt ist .	abschließend Maßnahme	Entscheidung	der Direktor der zuständig Abteilung bestimmen der Einstellung der Verfahren  sobald der Entscheidung mitteilen oder vollstrecken werden 	der Direktor der zuständig Departement sorgen dafür  dass der Verfahren einstellen werden  sobald der Entscheidung mitteilen oder vollstrecken werden sein 	der Direktor der zuständig Departement sorgen dafür  dass der Verfahren einstellen werden  sobald der Entscheidung mitteilen oder vollstrecken werden sein 
Der Direktor des für Jagd zuständigen Landesamtes verhängt auf Landesebene die Verwaltungsstrafen, die  wegen Verstoß gegen die Bestimmungen über den Handel, die Einfuhr und das Halten der vom Aussterben bedrohten Tier- und Pflanzenarten  vorgesehen sind; .	aussterben	erlöschen,Löschen	der Direktor der für der Jagd zuständig Provinzbüro verhängen auf Provinzebene der Verwaltungssanktion für Verstoß gegen der Bestimmung über der Handel  der Einfuhr und der Besitz bedroht Tier und Pflanzenart 	der Direktor der für der Jagd zuständig Provinzialamt verhängen auf Provinzebene der für der Verletzung der Bestimmung über der Handel  der Einfuhr und der Besitz von von aussterben bedroht Tier und Pflanzenart vorgesehen verwaltungsrechtlich Sanktion 	der für der Jagd zuständig Direktor der Provinzialamt verhängen auf Provinzebene der für der Verletzung der Bestimmung über der Handel  der Einfuhr und der Besitz von von aussterben bedroht Tier und Pflanzenart vorgesehen verwaltungsrechtlich Sanktion 
Der Direktor oder die Direktorin des Eidgenössischen Instituts für Geistiges Eigentum wird ohne Befristung gewählt.	Befristung	Grenzzeichen,prozessual Frist	der Direktor oder der Direktorin der Bundesinstitut für geistig Eigentum werden ohne Frist ernennen 	der Direktor oder der Direktorin der Bundesinstitut für geistig Eigentum werden ohne Frist ernennen 	der Direktor oder der Direktorin der Bundesinstitut für geistig Eigentum werden ohne Frist ernennen 
Der Eigenthümer eines Grundstückes kann dem Nachbarn die von dessen Grund ausgehenden Einwirkungen durch Abwässer, Rauch, Wärme, Geruch, Geräusch, Erschütterung und ähnliche insoweit untersagen .	Geräusch	Lärm	der Eigentümer ein Fonds können der Nachbar der Aufnahme aus der Boden der Fonds verbieten  wie etwa Abwasser  Rauch  Hitze  Geruch  Lärm  Vibration und dergleichen  soweit dieser der normal Verträglichkeit übersteigen 	der Eigentümer ein Fonds können der Nachbarland Einträge aus der Boden der Fonds verbieten  wie Abwasser  Rauch  Wärme  Geruch  Lärm  Vibration usw.  soweit dieser über der normal Verträglichkeit hinausgehen 	der Eigentümer ein Fonds können der Nachbar Eintrag aus der Boden der Fonds verbieten  wie Abwasser  Rauch  Wärme  Geruch  Lärm  Vibration usw.  soweit dieser der normal Verträglichkeit übersteigen 
Der Eigentumserwerb des Finders wird als ungerechtfertigte Bereicherung gegenüber dem früheren Eigentümer behandelt; daher ist er noch drei Jahre vom Erwerb an einem Bereicherungsanspruch ausgesetzt .	Eigentumserwerb der Finder	Erfindung	der Erfindung werden gegenüber der früh Eigentümer ohne Ursache als Anreicherung behandeln  so dass der Entdecker noch drei Jahr nach der Kauf ein Anreicherungsmaßnahme unterliegen 	der Erfindung werden als ungerechtfertigt Bereicherung gegenüber der früh Eigentümer behandeln  so dass der Wiederveräußerer noch drei Jahr nach der Erwerb ein Anreicherungsmaßnahme unterziehen werden 	der Erfindung werden als ungerechtfertigt Bereicherung gegenüber der früh Eigentümer behandeln  so dass der Wiederveräußerer noch drei Jahr nach der Erwerb ein Bereicherungsmaßnahme aussetzen sein 
Der Eigentümer eines Grundstückes kann Immissionen von Rauch oder Wärme, Gerüche oder Geräusche nicht untersagen .	Geräusch	Lärm	der Eigentümer ein Fonds dürfen Rauch  Hitze  Geruch oder Lärm nicht verbieten 	der Eigentümer ein Fonds dürfen kein Rauch  Wärme  Geruchs oder Lärmemission verbieten 	der Eigentümer ein Fonds dürfen kein Rauch  Wärme  Geruchs oder Lärmemission verbieten 
Der Eigentümer eines Grundstücks darf das Betreten desselben zur Ausübung der Jagd nicht verhindern, es sei denn, dass das Grundstück in der vom Jagdgesetz gebotenen Weise abgeschlossen ist oder sich darauf gerade Kulturen befinden, die Schaden nehmen können.	Grundstück	Fonds	der Eigentümer ein Fonds dürfen der Zugang zu dieser Fonds für der Ausübung der Jagd nicht verhindern  es sein denn  der Fonds sein in der in Jagdgesetz vorgesehen Weise einzäunen oder es werden Kultur anbauen  der schädigen werden können 	der Eigentümer ein Fonds dürfen der Zugang zu dieser Fonds für der Jagd nicht verhindern  es sein denn  der Fonds werden in der in Jagdgesetz vorgesehen Weise einzäunen oder es werden Kultur anbauen  der schädigen werden können 	der Eigentümer ein Fonds dürfen der Zugang zu dieser Fonds für der Jagd nicht verhindern  es sein denn  der Fonds werden in der in Jagdgesetz vorgesehen Weise einzäunen oder es werden Kultur anbauen  der schädigen werden können 
Der Eigentümer eines Grundstücks kann die Zuführung von Gasen, Dämpfen, Gerüchen, Rauch, Ruß, Wärme, Geräusch, Erschütterungen und ähnliche von einem anderen Grundstück ausgehenden Einwirkungen insoweit nicht verbieten .	Geräusch	Lärm	der Eigentümer ein Fonds dürfen der Einbringen von Gas  Dämpfen  Gerüchen  Rauch  Ruß  Hitze  Lärm  Erschütterung und ähnlich Einfluß aus ein anderer Fonds nicht verbieten 	der Eigentümer ein Fonds dürfen der Einbringung von Gas  Dämpfen  Geruche  Rauch  Ruß  Hitze  Lärm  Erschütterung und ähnlich Einfluß aus ein anderer Fonds nicht verbieten 	der Eigentümer ein Fonds dürfen der Einbringung von Gas  Dämpfen  Geruche  Rauch  Ruß  Hitze  Lärm  Erschütterung und ähnlich Einfluß aus ein anderer Fonds nicht verbieten 
Der Eigentümer eines Grundstücks kann von dem Eigentümer eines Nachbargrundstücks verlangen, dass dieser zur Errichtung fester Grenzzeichen und, wenn ein Grenzzeichen verrückt oder unkenntlich geworden ist, zur Wiederherstellung mitwirkt.	Grenzzeichen	Befristung,Frist,Termin,Verfahrensfrist,prozessual Frist	der Eigentümer ein Fonds können von Eigentümer ein nah gelegen Fonds verlangen  dass dieser mit der Errichtung fest Frist und  wenn ein Frist verschieben werden oder nicht erkennbar werden sein  mit der Wiederherstellung dieser Frist konkurrieren können 	der Eigentümer ein Fonds können von Eigentümer ein nah gelegen Fonds verlangen  dass dieser zu Errichtung fest Frist beitragen und  wenn ein Frist verschieben werden oder nicht mehr erkennbar werden sein  zu ihr Wiederherstellung 	der Eigentümer ein Fonds können von Eigentümer ein nah gelegen Fonds verlangen  dass dieser zu Errichtung fest Frist beitragen und  wenn ein Frist verschieben werden oder nicht mehr erkennbar werden sein  zu ihr Wiederherstellung 
Der Eigentümer eines Tieres hat bei der Ausübung seiner Befugnisse die besonderen Vorschriften zum Schutz der Tiere zu beachten.	Schutz	Vormundschaft	der Besitzer ein Tier haben bei der Ausübung sein Befugnis der besonderer Bestimmung zu Schutz der Tier einhalten 	der Eigentümer ein Tier müssen bei der Ausübung sein Befugnis der besonderer Vorschrift zu Schutz der Tier beachten 	der Eigentümer ein Tier müssen bei der Ausübung sein Befugnis der besonderer Vorschrift zu Schutz der Tier beachten 
Der Empfänger  hat die noch geschuldete Fracht bis zu dem Betrag zu zahlen, der aus dem Frachtbrief hervorgeht.	Empfänger	Nutzer	der Empfänger sein verpflichten  der noch geschuldet Fracht bis zu der Betrag zu zahlen  der sich aus der Frachtbrief ergeben 	der Empfänger sein verpflichten  der noch zu zahlend Frachtgut bis zu der Betrag zu zahlen  der sich aus der Frachtbrief ergeben 	der Empfänger sein verpflichten  der noch zu zahlend Frachtgut bis zu der Betrag zu zahlen  der sich aus der Frachtbrief ergeben 
Der Empfänger ist berechtigt, auf eigene Kosten vor der Ablieferung die Nämlichkeit und den Zustand der beförderten Sache feststellen zu lassen.	Empfänger	Nutzer	der Empfänger sein berechtigen  auf eigen Kosten vor der Lieferung der Identität und der Status der befördert Sache feststellen 	der Empfänger sein befugen  auf eigen Kosten vor der Lieferung der Identität und der Zustand der befördert Gegenstand zu überprüfen 	der Empfänger sein befugen  auf eigen Kosten vor der Lieferung der Identität und der Zustand der befördert Gegenstand zu überprüfen 
Der Empfänger ist vor der Ankunft des Gutes am Orte der Ablieferung dem Frachtführer gegenüber berechtigt, alle zur Sicherstellung des Gutes erforderlichen Maßregeln zu ergreifen und dem Frachtführer die zu diesem Zwecke notwendigen Anweisungen zu erteilen.	Empfänger	Nutzer	der Empfänger sein berechtigen  vor der Ankunft der Ware an Ort der Lieferung aller erforderlich Maßnahme gegen der Beförderer zu treffen und der Beförderer der hierfür erforderlich Anweisung zu erteilen 	der Empfänger sein vor eintreffen der Ware an Ort der Rücksendung berechtigen  gegenüber der Luftfrachtführer aller erforderlich Maßnahme zu treffen  um der Sicherheit der Ware zu gewährleisten  und der Luftfrachtführer der hierfür erforderlich Anweisung zu erteilen 	der Empfänger sein vor eintreffen der Ware an Ort der Rücksendung berechtigen  gegenüber der Luftfrachtführer aller erforderlich Maßnahme zu treffen  um der Sicherheit der Ware zu gewährleisten  und der Luftfrachtführer der hierfür erforderlich Anweisung zu erteilen 
Der Erblasser hat dem Beamten seinen Willen mitzuteilen, worauf dieser die Urkunde aufsetzt oder aufsetzen lässt und dem Erblasser zu lesen gibt.	Urkunde	Handlung,Rechtshandlung	der Tester muss der Beamter sein Wille mitteilen  danach erstellen er der Urkunde oder lässt sie der Tester vorlesen 	der Erblasser muss der Beamter sein Wille mitteilen  und dann erstellen er der Urkunde oder lässt sie verlesen und legen sie der Erblasser vor 	der Erblasser muss der Beamter sein Wille mitteilen und dann der Urkunde erstellen oder verfassen lassen und sie der Erblasser vorlesen lassen 
Der Erbpächter ist verpflichtet, den Boden zu verbessern und dem Verpächter einen wiederkehrenden Pachtzins zu bezahlen.	Verpächter	Leasinggeber	der Erbschaftshändler sein verpflichten  der Fonds zu verbessern und der Konzessionsnehmer ein regelmäßig Erbschaftsgebühr zu zahlen 	der Erbbauer sein verpflichten  der Fonds zu verbessern und der Konzessionsgeber ein regelmäßig Erbpachtgebühr zu zahlen 	der Erbbauer sein verpflichten  der Fonds zu verbessern und der Konzessionsgeber ein regelmäßig Erbpachtgebühr zu zahlen 
Der Finder hat den Fund unverzüglich der zuständigen Fundbehörde  unter Abgabe der gefundenen Sache anzuzeigen und über alle für die Ausforschung eines Verlustträgers maßgeblichen Umstände Auskunft zu geben.	Auskunft	Information	der Entdecker muss der zuständig Behörde für verloren gegangen Gegenstand unverzüglich der Entdeckung melden  indem er der gefunden Objekt aushändigen und Information über aller Umstand liefern  der für der Identifizierung ein Eigentümer relevant sein 	der Auffinder müssen der zuständig Behörde unverzüglich der Entdeckung der verloren Gegenstand melden  indem er der Gegenstand übergeben und aller Umstand mitteilen  der für der Feststellung ein Eigentümer von Bedeutung sein 	der Auffinder muss der zuständig Behörde unverzüglich der Entdeckung der verloren gegangen Gegenstand melden  indem er der wiedergefunden Gegenstand aushändigen und Information über aller Umstand übermitteln  der für der Feststellung ein Eigentümer von Bedeutung sein 
Der Fruchtnießer kann sich der Setzlinge der Sämereien bedienen, wobei er jedoch die ständige Übung in der betreffenden Gegend hinsichtlich der Zeit und der Art der Entnahme und hinsichtlich der Nachzucht der Schösslinge zu beachten hat.	Zeit	Dauer,Zeitpunkt,Zeitraum	der Nutztier können Samensame verwenden  müssen jedoch der in der betreffend Gebiet üblich Praxis hinsichtlich der Zeit und der Art der Entnahme und der Vermehrung der Sprosse beobachten 	der Nutzpflanze können der Samensame verwenden  müssen jedoch in der betreffend Gebiet hinsichtlich der Zeit und der Art der Entnahme und der Vermehrung der Trieb stets verwenden werden 	der Nutzpflanze können der Samensame verwenden  müssen jedoch in der betreffend Gebiet in Bezug auf der Zeit  der Art und Weise der Entnahme und der Fortpflanzung der Keimling stets üblich sein 
Der Geschäftsanteil jedes Gesellschafters bestimmt sich mangels anderwertiger Festsetzung im Gesellschaftsvertrag nach der Höhe der von ihm übernommenen Stammeinlagen.	Geschäftsanteil	Anteil	der Anteil jeder Gesellschafter werden in Ermangelung ein anderer Bestimmung der Gesellschaftsstatut anhand der Höhe der von ihm gezeichnet Einlage bestimmen 	der Anteil jeder Gesellschafter werden in Ermangelung ein anderer Bestimmung der Gesellschaftsvertrag auf der Grundlage der Höhe der von ihm gezeichnet Einlage bestimmen 	der Anteil jeder Gesellschafter werden in Ermangelung ein anderer Bestimmung in der Satzung auf der Grundlage der Höhe der von ihm gezeichnet Einlage bestimmen 
Der Geschäftsführer kann im Namen des Geschäftsherrn hinsichtlich jener Verbindlichkeiten vor Gericht auftreten, die aus Rechtshandlungen herrühren, die beim Betrieb des von ihm geleiteten Unternehmens vorgenommen wurden.	Geschäftsführer	vorgesetzter	der Beauftragter können in Name der beschuldigter wegen der Verpflichtung  der sich aus in der Ausübung der von ihm geleitet Unternehmen durchgeführt Rechtsinstrument ergeben  vor Gericht stehen 	der beschuldigter können in Name der Unternehmer wegen der Verpflichtung  der sich aus der in Ausübung der von ihm geleitet Unternehmen getroffen Rechtsakt ergeben  vor Gericht stellen werden 	der beschuldigter können in Name der Unternehmer wegen Verbindlichkeit  der sich aus Handlung ergeben  der er in Ausübung der von ihm geleitet Unternehmen vornehmen haben  vor Gericht stellen werden 
Der Gesellschaft gegenüber tritt die Ersatzpflicht nicht ein, wenn die Handlung auf einem gesetzmäßigen Beschluß der Hauptversammlung beruht.	gesetzmäßig	rechtsgültig	für der Gesellschaft bestehen kein Entschädigungspflicht  wenn der Handlung auf ein gesetzlich Entscheidung der Generalversammlung beruhen 	der Verpflichtung zu Entschädigung gegenüber der Gesellschaft bestehen nicht  wenn der Handlung auf ein gerichtlich Entscheidung der Generalversammlung beruhen 	für der Gesellschaft bestehen kein Schadensersatzpflicht  wenn der Handlung auf ein gerichtlich Entscheidung der Generalversammlung beruhen 
Der Gesetzgeber hat die Möglichkeit, ein bestimmtes Verhalten als gefährlich oder schädlich zu qualifizieren und deshalb generell zu verbieten, für Ausnahmefälle aber eine Befreiungsmöglichkeit (Dispens) vorzusehen.	Dispens	Befreiung	der Gesetzgeber haben der Möglichkeit  ein bestimmt verhalten als gefährlich oder schädlich einstufen und es daher generell zu verbieten  wobei jedoch in Ausnahmefall ein Freistellung  erforderlich  vorsehen sein 	der Gesetzgeber haben der Möglichkeit  ein bestimmt verhalten als gefährlich oder schädlich zu bezeichnen und es daher generell zu verbieten  wobei jedoch in Ausnahmefall ein Möglichkeit der  notwendig  Freistellung vorsehen sein 	der Gesetzgeber haben der Möglichkeit  ein bestimmt verhalten als gefährlich oder schädlich einstufen und es daher generell zu verbieten  wobei jedoch in Ausnahmefall ein  notwendig  Freistellungsmöglichkeit vorsehen sein 
Der Gläubiger der Dienstleistung hießt im BGB Dienstberechtigter, der Schuldner heißt Dienstverpflichteter.	Dienstberechtigter	Geschäftsherr,Kommittent,Versender	der Leistungsempfänger werden in BGB-Auftraggeber nennen  der Schuldner werden zu Leistung verpflichten 	der Leistungsempfänger werden in BGB-Beschaffer nennen  der Schuldner werden zu Leistung verpflichten 	der Leistungsempfänger werden in BGB-Beschaffer nennen  der Schuldner werden zu Leistung verpflichten 
Der Grundsatz der Öffentlichkeit gilt nur für die mündlichen Verhandlungen, weil er beim schriftlichen Verfahren naturgemäß nicht zur Anwendung gelangen kann.	Grundsatz der Öffentlichkeit	Öffentlichkeitsprinzip	der Grundsatz der Werbung gelten nur für mündlich Anhörung  da er natürlich nicht in schriftlich Verfahren zu Anwendung kommen können 	der Öffentlichkeitsgrundsatz gelten nur für mündlich Anhörung  da er selbstverständlich nicht in schriftlich Verfahren zu Anwendung kommen können 	der Öffentlichkeitsgrundsatz gelten nur für mündlich Anhörung  da er selbstverständlich nicht in schriftlich Verfahren zu Anwendung kommen können 
Der Gründungsaktionär muss die Einlage (erneut) leisten. Er ist durch die bei Gründung erbrachte Zahlung nicht von seiner Einlagepflicht frei geworden, denn diese war Teil eines nichtigen Rechtsgeschäfts, nämlich einer verdeckten gemischten Sacheinlage.	Gründungsaktionär	Stifter	der Gründer muss  neu  der Einlage vornehmen  er werden nicht von sein Verpflichtung zu Einbringung durch der Zahlung zu Zeitpunkt der Gründung befreien  da dieser Teil ein nicht rechtlich Geschäft sein  der heißen ein verdeckt gemischt Einlage 	der Gründer haben der Einlage  wieder  vornehmen  und er werden nicht von sein Einlagespflicht durch der Zahlung zu Zeitpunkt der Gründung befreien  da dieser Teil ein nicht geregelt Rechtsgeschäft  der heißen ein verschleiert Einbringung in Mischgattung  sein 	der Begründer haben der Einlage  wieder  vornehmen  er werden nicht von sein Verpflichtung zu Einbringung durch der zu Zeitpunkt der Gründung erfolgt Zahlung entbinden  da dieser Teil ein rechtlich ungültig Geschäft  der heißen ein verschleiert Einbringung in ein gemischt Einlage  sein 
Der Handlungsgehilfe darf ohne Einwilligung des Prinzipals weder ein Handelsgewerbe betreiben noch in dem Handelszweig des Prinzipals für eigene oder fremde Rechnung tätig werden.	Handlungsgehilfe	Verrichtungsgehilfe	der Verkäufer dürfen ohne Zustimmung der Auftraggeber weder ein Geschäftstätigkeit ausüben noch in Geschäftszweig der Verkäufer für eigen Rechnung oder für dritter tätig sein 	der Verkäufer dürfen ohne Zustimmung der Unternehmer weder ein Geschäftstätigkeit ausüben noch in Geschäftszweig der Unternehmer für eigen oder anderer Rechnung tätig sein 	der Verkäufer dürfen ohne Zustimmung der Unternehmer weder ein Geschäftstätigkeit ausüben noch in Geschäftszweig der Unternehmer für eigen oder anderer Rechnung tätig sein 
Der Hersteller richtet häufig Warenlager direkt beim Händler ein.	Hersteller	Leasinggeber	der Konzessionsgeber führen häufig Lagerhaus direkt bei Händler ein 	der Konzessionsgeber führen häufig Lager direkt bei Verkäufer ein 	der Konzessionsgeber richten häufig Lager direkt bei Händler ein 
Der Inhaber der Datensammlung ist verpflichtet, die betroffene Person über die Beschaffung von besonders schützenswerten Personendaten oder Persönlichkeitsprofilen zu informieren; diese Informationspflicht gilt auch dann, wenn die Daten bei Dritten beschafft werden.	Informationspflicht	Erkundigungspflicht	der Inhaber der Datenerhebung sein verpflichten  der betroffen Person über der Erhebung besonders sensibl personenbezogen Datum oder Persönlichkeitsprofil zu unterrichten  dieser Informationspflicht bestehen auch dann  wenn der Datum bei dritter erheben werden 	der Inhaber der Datensammlung sein verpflichten  der betroffen Person über der Erwerb besonders sensibl personenbezogen Datum oder Persönlichkeitsprofil zu unterrichten  dieser Informationspflicht bestehen auch dann  wenn der Datum bei dritter erheben werden 	der Inhaber der Datensammlung sein verpflichten  der betroffen Person über der Erwerb besonders sensibl personenbezogen Datum oder Persönlichkeitsprofil zu unterrichten  dieser Informationspflicht bestehen auch dann  wenn der Datum bei dritter erheben werden 
Der Kanzleibeamte hat für jeden Geschäftsvorgang seiner Behörde eine Akte anzulegen, auch wenn dies vom Gesetz nicht ausdrücklich vorgesehen ist.	Geschäftsvorgang	Geschäft	der Beamter der Kanzlei müssen für jeder Angelegenheit sein Amt ein Akte erstellen  auch wenn dieser nicht ausdrücklich gesetzlich vorsehen sein 	der Beamter der Kanzlei müssen für jeder Angelegenheit sein Amt ein Akte erstellen  auch wenn dieser nicht ausdrücklich gesetzlich vorsehen sein 	der Beamter der Kanzlei müssen für jeder Angelegenheit sein Amt ein Akte erstellen  auch wenn dieser in Gesetz nicht ausdrücklich vorsehen sein 
Der Kommissionsvertrag ist formfrei, die Verkehrssitte kann Schriftform verlangen .	Kommissionsvertrag	Kommission	der Provisionsvertrag sein formlos  der kommerziell Nutzung können der schriftlich Form erfordern 	der Provisionsvertrag sein formlos  Geschäftsgepflogenheit können ein schriftlich Form erfordern 	der Provisionsvertrag sein formlos  Geschäftspraktik können ein schriftlich Form erfordern 
Der Kommissionär haftet dem Kommittenten für die Erfüllung des Geschäfts, wenn er nicht zugleich mit der Anzeige von der Ausführung der Kommission den Dritten namhaft macht, mit dem er das Geschäft abgeschlossen hat.	Kommittent	Auftraggeber,Bauherr,Besteller,Dienstberechtigter,Geschäftsherr,Versender	der Auftraggeber haften der Auftraggeber für der Erfüllung der Vereinbarung  wenn er nicht gleichzeitig mit der Mitteilung über der Ausführung der Kommission der dritter  mit der er der Vereinbarung abschließen haben  angeben 	der Kommissionär haften der Auftraggeber für der Erfuellung der Angelegenheit  wenn er nicht gleichzeitig mit der Mitteilung über der Ausführung der Kommission der dritter angeben  mit der er der Angelegenheit abschließen haben 	der Kommissionär haften der Auftraggeber für der Erfuellung der Angelegenheit  wenn er nicht gleichzeitig mit der Mitteilung über der Ausführung der Kommission der dritter angeben  mit der er der Angelegenheit abschließen haben 
Der Kommissionär ist zur Forderung der Provision berechtigt, wenn das Geschäft zur Ausführung gekommen oder aus einem in der Person des Kommittenten liegenden Grunde nicht ausgeführt worden ist.	Kommittent	Bauherr,Besteller,Geschäftsherr,Versender	der Kommissionär haben Anspruch auf der Provision  wenn der Geschäft in ein mit der Person der Auftraggeber zusammenhängend Fall ausführen werden oder nicht ausführen werden 	der Kommissionär haben Anspruch auf Provision  wenn der Geschäft in ein Sache  der der Person der Auftraggeber betreffen  ausführen werden sein oder nicht ausführen werden sein 	der Kommissionär haben Anspruch auf Provision  wenn der Geschäft in ein Sache  der der Person der Auftraggeber betreffen  ausführen werden sein oder nicht vollstrecken werden sein 
Der Konzessionär leitet seine Berechtigung, eine Aufgabe wahrzunehmen, von einer Konzession ab.	Konzessionär	Eigenhändler,Vertragshändler	der Konzessionär sein berechtigen  ein Konzession zu erfüllen 	der Konzessionsnehmer sein berechtigen  ein Konzession zu erfüllen 	der Konzessionsnehmer sein berechtigen  ein Konzession ausüben 
Der Krediteröffnungsvertrag ist ein Grund- bzw. Rahmenvertrag, durch den sich der Kreditgeber zur Kreditgewährung bis zu einer bestimmten Höhe (Kreditrahmen) nach Abruf ver-pflichtet.	Kreditrahmen	Verfügbarkeit	der Krediteröffnungsvertrag sein ein Basisvertrag oder Rahmenvertrag  durch der sich der Kreditgeber verpflichten  auf Antrag bis zu ein bestimmt Betrag  Verfügbarkeit  Kredit zu gewähren 	der Krediteröffnungsvertrag sein ein Grund oder Rahmenvertrag  mit der der Gläubiger sich verpflichten  auf Antrag Kredit bis zu ein bestimmt Betrag  Verfügbarkeit  zu gewähren 	der Krediteröffnungsvertrag sein ein Gründungsvertrag oder Rahmenvertrag  durch der der Gläubiger sich verpflichten  auf Antrag Kredit bis zu ein bestimmt Betrag  Verfügbarkeit  zu gewähren 
Der Kunde kann seinen Antrag zum Vertragsabschluss oder seine Annahmeerklärung innerhalb von sieben Tagen auf Papier oder in elektronischer Form wiederrufen.	Kunde	Empfänger	der Empfänger können sein Vertragsabschlussvorschlag oder sein Annahmeerklärung innerhalb von sieben Tag auf Papier oder in elektronisch Form widerrufen 	der Empfänger können sein Vertragsabschlussvorschlag oder sein Annahmeerklärung innerhalb von sieben Tag auf Papier oder in elektronisch Form widerrufen 	der Empfänger können sein Vertragsabschlussvorschlag oder sein Annahmeerklärung innerhalb von sieben Tag auf Papier oder in elektronisch Form widerrufen 
Der Lauf der Frist ist gehemmt, solange die antragsberechtigte Person minderjährig oder nicht entscheidungsfähig ist oder innerhalb des letzten Jahres der Frist durch ein unvorhergesehenes oder unabwendbares Ereignis an der Antragstellung gehindert ist.	Frist	Grenzzeichen,Verfahrensfrist,prozessual Frist	der Ablauf der Frist werden aussetzen  bis der Person  der zu Einreichung der Antrag berechtigen sein  minderjährig oder nicht in der Lage sein  der Antrag zu verstehen und zu wollen  oder aufgrund ein unvorhergesehen oder unvermeidlich Ereigniss nicht innerhalb der letzter Jahr der Frist zu stellen 	der Frist werden so lange aussetzen  bis der zu Antragstellung berechtigt Person minderjährig sein oder nicht in der Lage sein  der Antrag zu verstehen und zu wollen  oder sie aufgrund ein unvorhergesehen oder unvermeidbar Ereignis nicht innerhalb der letzter Jahr der Frist stellen werden 	der Frist werden so lange aussetzen  bis der zu Antragstellung berechtigt Person minderjährig oder unfähig sein  der Antrag zu verstehen und zu wollen  oder sie aufgrund ein unvorhergesehen oder unvermeidbar Ereignis daran hindern werden  der Antrag innerhalb der letzter Jahr der Frist zu stellen 
Der Leasingnehmer zahlt (meist monatliche) Teilbeträge, erhält dafür aber nicht das Eigentum an der Sache, sondern nur die Nutzung.	Leasingnehmer	Mieter	der Mieter zahlen Rate  in der Regel monatlich   erwerben aber nicht der Eigentum an der Vermögen  sondern nur der Nutzungsrecht 	der Mieter zahlen Rate  in der Regel monatlich   erwerben aber nicht der Eigentum an der Vermögensgegenstand  sondern nur der Nutzungsrecht 	der Mieter zahlen Rate  in der Regel monatlich   erwerben aber nicht der Eigentum an der Vermögensgegenstand  sondern nur der Nutzungsrecht 
Der Leiter der Dienststelle kann nach Anhörung des Personalrates bestimmen, das Beschäftigte, bei denen dies wegen ihrer dienstlichen Aufgaben zwingend geboten ist, nicht an Personalversammlungen teilnehmen.	Leiter	Führungskraft,leitend Angestellter	der Leiter der Amt können nach Anhörung der Personalrat vorsehen  dass der Bediensteter  der aufgrund ihr Diensttätigkeit unbedingt benötigen werden  nicht an der Personalversammlung teilnehmen 	der Leiter der Amt können nach Anhörung der Personalrat vorsehen  daß der bediensteter  der aufgrund ihr dienstlich Aufgabe dieser unbedingt benötigen  nicht an der Personalversammlung teilnehmen 	der Leiter der Amt können nach Rücksprache mit der Personalrat vorsehen  daß der bediensteter  der aufgrund ihr dienstlich Aufgabe dieser unbedingt benötigen  nicht an der Personalversammlung teilnehmen 
Der Lenker eines Fahrzeuges hat stets einen solchen Abstand vom nächsten vor ihm fahrenden Fahrzeug einzuhalten, daß ihm jederzeit das rechtzeitige Anhalten möglich ist, auch wenn das vordere Fahrzeug plötzlich abgebremst wird.	Anhalten	Anhaltung,Festnahme,Freiheitsstrafe,Verhaftung	der Fahrer ein Fahrzeug muss stets ein solcher Abstand von Fahrzeug vor der Fahrzeug halten  dass es zu jeder Zeit zu Stillstand bringen werden können  auch wenn der Fahrzeug vor der Fahrzeug plötzlich bremsen 	der Fahrer ein Fahrzeug muss stets so weit von der Fahrzeug vor der Fahrzeug entfernt sein  dass es jederzeit zu Stillstand bringen werden können  auch wenn der Fahrzeug vor der Fahrzeug plötzlich bremsen 	der Fahrer ein Fahrzeug muss stets so weit von Fahrzeug vor der Fahrzeug entfernt sein  dass es jederzeit zu Stillstand bringen werden können  auch wenn der Fahrzeug vor der Fahrzeug plötzlich bremsen 
Der Lenker hat das Fahrzeug zum Halten oder Parken unter Bedachtnahme auf die beste Ausnützung des vorhandenen Platzes so aufzustellen, daß kein Straßenbenützer gefährdet und kein Lenker eines anderen Fahrzeuges am Vorbeifahren oder am Wegfahren gehindert wird.	halten	Haltestelle	der Fahrer muss der Fahrzeug für der Halte oder Haltestelle so positionieren  dass kein Verkehrsteilnehmer in Gefahr sein und kein Fahrer ein anderer Fahrzeug bei Überfahren oder abfahren behindern werden 	der Fahrer muss der Fahrzeug für Halte oder Haltezweck unter Berücksichtigung der bestmöglich Nutzung der verfügbar Platz so positionieren  dass kein Verkehrsteilnehmer in Gefahr sein und kein Fahrer ein anderer Fahrzeug an der Über oder Abfahrt hindern werden 	der Fahrer muss der Fahrzeug für Halte oder Haltezweck unter Berücksichtigung der bestmöglich Nutzung der verfügbar Platz so positionieren  dass kein Verkehrsteilnehmer in Gefahr sein und kein Fahrer ein anderer Fahrzeug an der Über oder Abfahrt hindern werden 
Der Makler hat Anspruch auf die Provision von jeder der Parteien, wenn das Geschäft durch sein Zutun zustandegekommen ist.	Makler	Mediator	der Bürgerbeauftragter haben der Recht auf Provision von jeder der Partei  wenn der Geschäft durch ihn abschließen werden 	der Bürgerbeauftragter haben Anspruch auf Provision von jeder Partei  wenn der Angelegenheit durch sie abschließen werden 	der Bürgerbeauftragter haben Anspruch auf Provision von jeder Partei  wenn der Angelegenheit durch sie abschließen werden sein 
Der Maklervertrag ist, sofern nicht anders vereinbart, von unbestimmter Dauer.	Maklervertrag	Mediation	der Mediationsvertrag sein  sofern nicht anders vereinbaren  auf unbestimmt Zeit 	der Vertrag über der Mediation sein  sofern nicht anders vereinbaren  auf unbestimmt Zeit schließen 	der Vertrag über der Mediation sein  sofern nicht anders vereinbaren  auf unbestimmt Zeit schließen 
Der Masseverwalter verwaltet das Konkursvermögen und nimmt im Rahmen der ihm übertragenen Aufgaben alle Verfahrenshandlungen unter der Aufsicht des beauftragten Richters und des Gläubigerausschusses vor.	Masseverwalter	Beistand	der Verwalter verwalten der Konkursvermögen und führen in Rahmen der ihm übertragen Aufgabe aller Verfahrenshandlung unter Aufsicht der bevollmächtigt Gericht und der Gläubigerausschuß durch 	der Verwalter verwalten der Konkursvermögen und nehmen in Rahmen der ihm übertragen Aufgabe aller Verfahrensvorgäng unter der Aufsicht der nachgeordnet Gericht und der Gläubigerausschuß vor 	der Verwalter verwalten der Konkursvermögen und nehmen in Rahmen der ihm übertragen Aufgabe aller Verfahrensvorgäng unter der Aufsicht der nachgeordnet Gericht und der Gläubigerausschuß vor 
Der Mieter kann vom Vermieter frühestens vier Monate vor Ablauf der Befristung verlangen, dass dieser ihm binnen eines Monats mitteilt, ob der Befristungsgrund noch besteht.	Befristung	Grenzzeichen,Verfahrensfrist,prozessual Frist	der Betriebsinhaber können der Vermieter spätestens vier Monat nach Ablauf der Frist auffordern  ihm innerhalb ein Monat mitteilen  ob der Grund für der Festsetzung der Frist noch bestehen 	der Betriebsinhaber können der Verpächter frühestens vier Monat nach Ablauf der Frist auffordern  ihm innerhalb ein Monat mitteilen  ob der Grund für der Festsetzung der Frist noch bestehen 	der Betriebsinhaber können der Verpächter frühestens vier Monat nach Ablauf der Frist auffordern  ihm innerhalb ein Monat mitteilen  ob der Grund für der Festsetzung der Frist noch bestehen 
Der Mieter muss dem Vermieter gestatten, die Sache zu besichtigen, soweit dies für den Unterhalt, den Verkauf oder die Wiedervermietung notwendig ist.	Mieter	Leasingnehmer	der Leasingnehmer muss der Vermieter der Möglichkeit geben  der Sache zu prüfen  soweit dieser für der Instandhaltung  der Verkauf oder der Umlagerung erforderlich sein 	der Mieter muss der Verpächter der Möglichkeit geben  der Sache zu überprüfen  soweit dieser für der Wartung  der Verkauf oder der Wiederverlegung erforderlich sein 	der Mieter muss der Verpächter der Möglichkeit geben  der Sache zu inspizieren  soweit dieser für der Wartung  der Verkauf oder der Wiederverlegung erforderlich sein 
Der Mieter wird von der Entrichtung des Mietzinses nicht dadurch befreit, daß er durch einen in seiner Person liegenden Grund an der Ausübung des ihm zustehenden Gebrauchsrechts verhindert wird .	Gebrauchsrecht	Brauch,Gewohnheitsrecht	der Betriebsinhaber werden nicht von der Zahlung der Mietgebühr befreien  weil er an der Ausübung der ihm zustehend Nutzung für ein Sache  der sein Person betreffen  hindern werden 	der Mieter werden nicht von der Zahlung der Miete befreien  weil er an der Ausübung der ihm zustehend Nutzung hindern werden  und zwar aus Grund  der sich auf sein Person beziehen 	der Mieter werden nicht von der Zahlung der Miete befreien  weil er an der Ausübung der ihm zustehend Nutzung hindern werden  und zwar aus Grund  der sich auf sein Person beziehen 
Der Nacherbe erwirbt die Erbschaft des Erblassers, wenn er den für die Auslieferung bestimmten Zeitpunkt erlebt hat.	Nacherbe	Ersatzerbe	der Stellvertreter erwerben der Erbteil der Erblasser  wenn er zu der für der Lieferung festgelegt Zeitpunkt noch an Leben sein 	der Stellvertreter erwerben der Erbteil der Erblasser  wenn er zu Zeitpunkt der Übergabe noch an Leben sein 	der Stellvertreter erwerben der Erbteil der Erblasser  wenn er zu Zeitpunkt der Übergabe noch an Leben sein 
Der Nacherbe soll bei Eintritt des Substitutionsfalles nach dem Vorerben den Nachlaß erhalten.	Nacherbe	Ersatzerbe	der Ersatz muss der Erbe erhalten  wenn der Ersatzfall nach der Prälegator eintreten 	der Stellvertreter müssen der Erbteil erhalten  sobald der Ersatz nach der Prälegitär erfolgen sein 	der Stellvertreter müssen der Vermächtnis erhalten  sobald nach der Prälegat ein Ersatz erfolgen sein 
Der Nachweis über die geringe Ertragskraft ist durch eine Selbsterklärung des Betriebsinhabers zu erbringen, woraus die Indikatoren: Pachtpreis, Anzahl aller im Betrieb Beschäftigten und Umsatz der letzten zwei Jahre hervorgehen.	Nachweis	Zertifizierung	der Bescheinigung der schlecht Rentabilität muss durch ein Selbstauskunft der Betriebsinhaber erbringen werden  aus der der Indikator hervorgehen  Miete  Anzahl aller beschäftigter in Betrieb und Umsatz in der letzter zwei Jahr 	der Bescheinigung der gering Rentabilität müssen durch ein Selbstzertifizierung der Betriebsinhaber erbringen werden  aus der der Angabe hervorgehen  Miete  Anzahl der beschäftigter in Betrieb und Umsatz der letzter beide Jahr 	der Bescheinigung der gering Rentabilität müssen durch ein Selbstzertifizierung der Betriebsinhaber erbringen werden  aus der der Angabe hervorgehen  Miete  Anzahl der beschäftigter in Betrieb und Umsatz der letzter beide Jahr 
Der Nutzen für das herrschende Grundstück kann auch in einer größeren Bequemlichkeit oder Schönheit bestehen. Er kann ebenso die industrielle Widmung des Grundstücks betreffen.	Nutzen	Vorteil	der Nutzen für der beherrschend Fonds können auch in ein groß Bequemlichkeit oder Schönheit bestehen  er können sich auch auf der industriell Zweckbestimmung der Fonds beziehen 	der Nutzen für der marktbeherrschend Fonds können auch in mehr Komfort oder Schönheit bestehen  und er können sich auch auf der industriell Zweckbestimmung der Fonds beziehen 	der Nutzen für der marktbeherrschend Fonds können auch in groß Bequemlichkeit oder Schönheit bestehen  und er können sich auch auf der industriell Zweckbestimmung der Fonds beziehen 
Der Präsident des Landesgerichts oder des Schwurgerichts kann, nachdem das Dekret, auf Einleitung des Hauptverfahrens bei ihm eingegangen ist, bei Vorliegen rechtfertigender Gründe mit Dekret die Verhandlung nicht mehr als einmal vorverlegen oder auf später verschieben.	Hauptverfahren	Verfahren	der Präsident der Gericht oder der Gericht erster Instanz können der mündlich Verhandlung in begründet Fall nicht mehr als einmal vorwegnehmen oder verschieben 	der Präsident der Gericht oder der Gericht erster Instanz  der der Urteil über der Verweisung an der Gericht erhalten haben  können in begründet Fall der mündlich Verhandlung nicht mehr als einmal vorwegnehmen oder verschieben 	der Präsident der Gericht oder der Gericht erster Instanz  der der Urteil über der Verweisung an der Gericht erhalten haben  können in begründet Fall der mündlich Verhandlung nicht mehr als einmal vorwegnehmen oder verschieben 
Der Rechnungshofkontrolle unterliegen selbständige Anstalten nur dann, wenn sie von Organen einer Gebietskörperschaft oder von Personen verwaltet werden, die hiezu von Organen der Gebietskörperschaft bestellt sind .	selbständig Anstalt	unselbständig Anstalt	der autonom Organ unterliegen der Kontrolle der Rechnungshof nur  wenn sie von Organ ein Gebietskörperschaft oder von Person verwalten werden  der zu dieser Zweck von Organ der Gebietskörperschaft ernennen werden 	der autonom Organ unterliegen der Prüfung durch der Rechnungshof nur  wenn sie von Organ ein Gebietskörperschaft oder von zu dieser Zweck von Organ der Gebietskörperschaft ernannt Person verwalten werden 	der autonom Organ unterliegen der Kontrolle der Rechnungshof nur  wenn sie von Organ ein Gebietskörperschaft oder von zu dieser Zweck von Organ der Gebietskörperschaft ernannt Person verwalten werden 
Der Rechtsanwalt ist ein unabhängiges Organ der Rechtspflege .	Rechtspflege	Gerechtigkeit	der Anwalt sein ein unabhängig Justizbehörde 	der Rechtsanwalt sein ein unabhängig Gericht 	der Rechtsanwalt sein ein unabhängig Justizbehörde 
Der Regionalausschuss ist das Vollzugsorgan der Region. Ihm obliegen: 1. die Beschlussfassung über die Durchführungsverordnungen zu den vom Regionalrat verabschiedeten Gesetzen, .	Beschlussfassung	Beschluss	der Regionalregierung sein der Exekutivorgan der Region  zu ihr gehören  1. der Entscheidung über der von Regionalrat genehmigt Gesetz zu Durchführung der Gesetz 	der Regionalregierung sein der Exekutivorgan der Region 	der Regionalregierung sein der Exekutivorgan der Region 
Der Regionalrat übt die der Region aufgetragene Gesetzgebungsgewalt und die anderen ihm durch die Verfassung und durch die Gesetze zugewiesenen Befugnisse aus.	Gesetzgebungsgewalt	Legislative	der Regionalrat üben der der Region übertragen Gesetzgebungsbefugnis und der anderer ihr durch der Verfassung und der Gesetz übertragen Aufgabe aus 	der Regionalrat üben der der Region übertragen Gesetzgebungsbefugnis und der anderer ihr durch der Verfassung und der Gesetz übertragen Aufgabe aus 	der Regionalrat üben der der Region übertragen Gesetzgebungsbefugnis und der anderer ihr durch der Verfassung und der Gesetz übertragen Aufgabe aus 
Der Schuldner ist verpflichtet, die Leistung so zu bewirken, wie Treu und Glauben mit Rücksicht auf die Verkehrssitte es erfordern.	Treu und Glaube	gut Glaube	der Schuldner sein verpflichten  der Leistung sowie der gut Glaube in Bezug auf der Nutzung der Rechtsverkehr erfordern 	der Schuldner sein verpflichten  der Leistung in gleich Weise wie der redlich Absicht in Bezug auf der Zweck der Rechtsverkehr zu erbringen  der er verlangen 	der Schuldner sein verpflichten  der Leistung in gleich Weise wie der redlich Absicht in Bezug auf der Zweck der Rechtsverkehr zu erbringen  der er verlangen 
Der Senat entscheidet unter der Leitung des Vorsitzenden der Reihe nach die von den Parteien aufgeworfenen oder von Amts wegen wahrzunehmenden präjudiziellen Fragen und dann in der Sache selbst .	Sache	Rechtsgrund,Rechtsstreit,Ursache	der Senat entscheiden unter der Leitung der Präsident in nachfolgend Reihenfolge über der von der Partei gestellt oder von Amts wegen zu erhebend Vorabentscheidungsfrage und dann über der Sache selbst 	der Senat entscheiden unter der Leitung der Präsident nacheinander über der von der Partei gestellt oder von Amts wegen zu erhebend Frage und sodann über der Sache selbst 	der Senat entscheiden unter der Leitung der Präsident nacheinander über der von der Partei gestellt oder von Amts wegen zu erhebend Frage und sodann über der Sache selbst 
Der Sozialassistent beaufsichtigt die Anvertrauung der Minderjährigen und hält den Kontakt mit der Pflegefamilie und mit der Familie des Minderjährigen aufrecht.	Anvertrauung der Minderjährigen	Vergabe	der Sozialarbeiter überwachen der Sorgerecht für Kind und halten der Kontakt mit der Pflegefamilie und der Familie der Kind aufrecht 	der Sozialarbeiter überwachen der Sorgerecht für Kind und halten Kontakt mit der Pflegefamilie und der Familie der Kind 	der Sozialarbeiter überwachen der Sorgerecht für Kind und halten Kontakt mit der Pflegefamilie und der Familie der Kind 
Der Staatsangehörige, der, sei es auch mittelbar, von einem Ausländer für sich oder einen anderen zu dem Zweck, Handlungen gegen die nationalen Interessen vorzunehmen, Geld oder irgendeinen Vorteil erhält , wird  bestraft.	Vorteil	Nutzen	ein Bürger  der selbst indirekt von ein Ausländer Geld oder irgendein Nutzen für sich selbst oder für anderer erhalten  um Handlung gegen der national Interesse zu begehen  werden bestrafen 	ein Bürger  der selbst indirekt von ein Ausländer Geld oder irgendein Nutzen für sich selbst oder anderer empfangen  um gegen national Interesse vorgehen  werden bestrafen 	ein Bürger  der selbst indirekt von ein Ausländer Geld oder irgendein Nutzen für sich oder anderer empfangen  um gegen national Interesse vorgehen  werden bestrafen 
Der Staatsanwalt leitet auf der Grundlage einer spezifischen und konkreten Schadensnachricht die Ermittlungstätigkeit ein, damit eine Entscheidung hinsichtlich der Ausübung einer Klage wegen Schadens zum Nachteil der öffentlichen Hand getroffen werden kann .	Ermittlungstätigkeit	Entscheidungsvorbereitung,Ermittlungsphase,Ermittlungsverfahren,Sachverhaltsermittlung	der Staatsanwaltschaft leiten der Untersuchung auf der Grundlage ein spezifisch und konkret Schadensmeldung ein  damit ein Entscheidung über der Ausübung ein Schadensersatzklage gegen der öffentlich Verwaltung treffen werden können 	der Staatsanwaltschaft leiten der Untersuchung auf der Grundlage ein konkret und konkret Schadensmeldung ein  damit ein Entscheidung über der Ausübung ein Schadenersatzklage gegen der öffentlich Verwaltung treffen werden können 	der Staatsanwaltschaft leiten der Untersuchung auf der Grundlage ein konkret und konkret Schadensmeldung ein  damit ein Entscheidung über der Ausübung ein Schadenersatzklage gegen der öffentlich Verwaltung treffen werden können 
Der Staatsrat und die anderen Organe der Verwaltungsgerichtsbarkeit haben Rechtsprechungsgewalt zum Schutz der rechtmäßigen Interessen und, in besonderen durch Gesetz bezeichneten Fällen, auch der subjektiven Rechte gegenüber der öffentlichen Verwaltung.	subjektiv Recht	objektiv Recht	der Staatsrat und der anderer Organ der Verwaltungsgerichtsbarkeit sein zuständig für der Schutz der berechtigt Interesse und  in bestimmt  gesetzlich festgelegt Fall  auch der subjektiv Recht an der öffentlich Verwaltung 	der Staatsrat und der anderer Organ der Verwaltungsgericht sein für der Schutz der legitim Interesse und in bestimmt  gesetzlich festgelegt Fall auch der subjektiv Recht gegenüber der öffentlich Verwaltung zuständig 	der Staatsrat und der anderer Organ der Verwaltungsgericht sein für der Schutz der legitim Interesse und in bestimmt  gesetzlich festgelegt Fall auch der subjektiv Recht gegenüber der öffentlich Verwaltung zuständig 
Der Stiftungsakt kann vom Stifter widerrufen werden, solange die Anerkennung der Stiftung nicht erfolgt ist oder der Stifter die Tätigkeit des von ihm verfügten Werkes nicht aufnehmen lassen hat.	Stifter	Gründungsgesellschafter	der Gründungsurkunde können von Gründer widerrufen werden  bis der Stiftung anerkennen werden sein oder der Gründer der von ihm angeordnet Arbeit aufnehmen haben 	der Gründungsakt können von Gründungsgründer zurücknehmen werden  bis der Anerkennung der Stiftung erfolgen sein oder der Gründungsgründer der Tätigkeit der von ihm vorgesehen Werk aufnehmen haben 	der Gründungsakt können von Gründungsgründer zurücknehmen werden  bis der Anerkennung der Stiftung erfolgen sein oder der Gründungsgründer der von ihm beabsichtigt Arbeit aufnehmen haben 
Der Strahlenschutzverantwortliche hat dafür zu sorgen, dass  die aufgebrachte Identifizierungsnummer dem Bundesamt für Strahlenschutz innerhalb Monatsfrist mitgeteilt wird.	Identifizierungsnummer	Benutzerkennung,Kennung	der Strahlenschutzbeauftragter haben dafür zu sorgen  dass der angebracht Identifizierungscode der Bundesamt für Strahlenschutz innerhalb ein Monat mitteilen werden 	der Strahlenschutzbeauftragter haben dafür zu sorgen  daß der verwendet Kenncode innerhalb ein Monat der Bundesamt für Strahlenschutz mitteilen werden 	der Strahlenschutzbeauftragter haben dafür zu sorgen  daß der verwendet Kenncode innerhalb ein Monat der Bundesamt für Strahlenschutz übermittelen werden 
Der Tag der Trauung, kirchlich oder standesamtlich, muss im beantragten Zeitraum für bezahlten Sonderurlaub enthalten sein.	Trauung	Ehe	der Tag der Eheschließung  ob religiös oder zivil Art  muss innerhalb der für der bezahlt Sonderurlaub erforderlich Zeit liegen 	der Tag der Eheschließung  sein er nun religiös oder zivil  muss in der Dauer der bezahlt Sonderurlaub einbeziehen werden 	der Tag der Eheschließung  sein er religiös oder zivil  muss in der Dauer der bezahlt Sonderurlaub einbeziehen werden 
Der Täter befindet sich in einem Sachverhaltsirrtum, wenn er zwar objektiv den Tatbestand erfüllt, nicht aber subjektiv nach seiner Vorstellung und seinem Willen.	Sachverhaltsirrtum	Tatsachenirrtum	der Täter befinden sich in ein Fehler  wenn er  obwohl er objektiv der typisch Tatsache verwirklichen  es nicht subjektiv nach sein Darstellung und sein Wille tun 	der Täter befinden sich in ein Fehler  wenn er  obwohl er objektiv der typisch Tatsache wahren  dieser nicht nach sein Darstellung und sein Wille subjektiv tun 	der Täter befinden sich in ein Fehler  wenn er  obwohl er objektiv der typisch Tatsache erfüllen  dieser nicht nach sein Darstellung und sein Wille subjektiv tun 
Der Unternehmer hat dafür zu sorgen, dass während der Beförderung ein Nachweis über eine gültige Haftpflichtversicherung, die den Ansprüchen des Absatzes 1 entspricht, mitgeführt wird.	Beförderung	Beförderungsgeschäft,Beförderungsvertrag,Frachtvertrag	der Unternehmer haben dafür Sorge zu tragen  dass während der Beförderung ein Dokument mitbringen werden  der ein gültig Haftpflichtversicherung gemäß Absatz 1 bescheinigen 	der Unternehmer haben dafür Sorge zu tragen  daß während der Beförderung ein Dokument mitbringen werden  aus der hervorgehen  daß ein gültig Haftpflichtversicherung gemäß Absatz 1 vorliegen 	der Unternehmer haben dafür Sorge zu tragen  daß während der Beförderung ein Dokument mitbringen werden  aus der hervorgehen  daß ein gültig Haftpflichtversicherung gemäß Absatz 1 vorliegen 
Der Unternehmer hat den Arbeitnehmern, die im Lärmbereich  beschäftigt werden, geeignete Gehörschutzmittel zur Verfügung zu stellen.	Gehörschutzmittel	Gehörschutz,Schutz der Gehör	der Arbeitgeber muss der Arbeitnehmer  der in Lärmzone beschäftigen sein  geeignet Gehörschutzmittel zu Verfügung stellen 	der Arbeitgeber muss der Arbeitnehmer  der in lärmintensiv Bereich beschäftigen sein  angemessen Gehörschutzmittel zu Verfügung stellen 	der Arbeitgeber muss der Arbeitnehmer  der in Lärmzone arbeiten  angemessen Gehörschutzmittel zu Verfügung stellen 
Der Unterschied zwischen Handelsmakler und Handelsvertreter besteht vor allem darin, daß der Handelsmakler zur Neutralität verpflichtet ist, während der Handelsvertreter die wirtschaftlichen Interessen seines auftraggebenden Unternehmers vertreten kann.	Handelsvertreter	Arbeitsstoff,Einwirkung,Täter	der Unterschied zwischen Handelsvermittler und Vermittler bestehen vor alle darin  daß der Handelsvermittler zu Neutralität verpflichten sein  während der Vermittler der wirtschaftlich Interesse sein Unternehmer vertreten können 	der Unterschied zwischen Handelsvermittler und Vermittler bestehen vor alle darin  daß der Handelsvermittler neutral sein  während der Vermittler der wirtschaftlich Interesse sein Unternehmer vertreten können 	der Unterschied zwischen Handelsvermittler und Vermittler bestehen vor alle darin  daß der Handelsvermittler neutral sein müssen  während der Vermittler der wirtschaftlich Interesse sein Unternehmer vertreten können 
Der Urheber oder die Urheberin eines Computerprogrammes hat zudem das ausschliessliche Recht, dieses zu vermieten.	Computerprogramm	Software	der Autor oder Autor ein Computerprogramm haben außerdem der ausschließlich Recht  es zu vermieten 	der Autor oder der Verfasserin ein Computerprogramm haben auch der ausschließlich Recht  es zu vermieten 	der Autor oder der Verfasserin ein Computerprogramm haben auch der ausschließlich Recht  es zu vermieten 
Der Usufruktuar hat auch das Recht, die Sache in Bestand zu geben, sie also zu vermieten oder zu verpachten.	Usufruktuar	Fruchtnießer	der Nutznießerei haben auch der Recht  der Sache dritter zu Verfügung zu stellen  der heißen sie zu vermieten oder zu mieten 	der Nutznießer haben auch der Recht  der Sache dritter zu überlassen  der heißen sie zu vermieten oder zu vermieten 	der Nutznießung haben auch der Recht  der Sache dritter zu überlassen  der heißen sie zu vermieten oder zu vermieten 
Der Verantwortliche sieht angemessene und spezifische Maßnahmen zur Wahrung der Interessen der betroffenen Person  vor.	Wahrung	Vormundschaft	der für der Verarbeitung verantwortliche muss angemessen und spezifisch Maßnahme zu Schutz der Interesse der betroffen Person vorsehen 	der für der Verarbeitung verantwortliche legen angemessen und spezifisch Maßnahme zu Schutz der Interesse der betroffen Person fest 	der für der Verarbeitung verantwortliche legen angemessen und spezifisch Maßnahme zu Schutz der Interesse der betroffen Person fest 
Der Verpflichtete hat dem Zwangsverwalter alle zur Geschäftsführung nötigen Unterlagen zu übergeben und alle erforderlichen Aufklärungen zu erteilen.	Zwangsverwalter	gerichtlich bestellt Verwalter	der Schuldner sein verpflichten  der Verwalter aller für der Verwaltung erforderlich Unterlage zu übermitteln und aller erforderlich Information zu Verfügung zu stellen 	der Schuldner sein verpflichten  der Verwalter aller für der Verwaltung erforderlich Unterlage zu übergeben und aller erforderlich Information zu Verfügung zu stellen 	der Schuldner sein verpflichten  der Verwalter aller für der Verwaltung erforderlich Unterlage zu übergeben und aller erforderlich Information zu Verfügung zu stellen 
Der Verpächter kann die Anerkennung des eigenen Rechts ein Jahr vor Ablauf des Zwanzigjahresfrist von dem verlangen, der sich im Besitz der Erbpachtgrundstück befindet.	Anerkennung	Identifizierung	der Konzessionsgeber können der Erkundung sein Anspruch ein Jahr vor Ablauf der 20-jährig Frist durch der in Besitz der Erbschaftsfonds befindlich Gläubiger verlangen 	der Konzessionsgeber können der Geltendmachung sein Recht ein Jahr vor Ablauf der Frist von 20 Jahr von demjenigen verlangen  der sich in Besitz der Erbbaufond befinden 	der Konzessionsgeber können der Geltendmachung sein Anspruch ein Jahr vor Ablauf der 20-jährig Frist von demjenigen verlangen  der sich in Besitz der Erbbaufond befinden 
Der Versicherte ist verpflichtet, dem Versicherer, wenn er es verlangt, auf dessen Kosten eine öffentlich beglaubigte Anerkennungsurkunde über den Eintritt in die Rechte gegen den Dritten zu erteilen.	Versicherer	Versicherungsagent,Versicherungsvertreter	der versicherte sein verpflichten  der Versicherer auf eigen Kosten ein öffentlich beglaubigt Anerkennungsurkunde über der Eintritt in sein Recht gegen der Dritter zu erteilen  wenn dieser dieser verlangen 	der Versicherungsnehmer sein verpflichten  der Versicherer auf eigen Kosten ein öffentlich beglaubigt Urkunde über der Einräumung von Anspruch gegen der dritter ausstellen 	der Versicherungsnehmer sein verpflichten  der Versicherer auf eigen Kosten ein öffentlich beglaubigt Urkunde über der Eintritt in der Anspruch gegen der dritter ausstellen 
Der Versicherungsnehmer hat die vereinbarte Prämie zu entrichten. Als Prämien  gelten auch die bei Versicherungsunternehmungen auf Gegenseitigkeit zu entrichtenden Beiträge.	Prämie	Preis	der Versicherungsnehmer sein verpflichten  der vereinbart Prämie zu zahlen  als Prämie gelten auch der bei der Versicherungsverein auf Gegenseitigkeit zu zahlend Beitrag 	der Versicherungsnehmer sein verpflichten  der vereinbart Prämie zu zahlen  als Prämie gelten auch der Beitrag an Versicherungsverein auf Gegenseitigkeit 	der Versicherungsnehmer sein verpflichten  der vereinbart Prämie zu zahlen  als Prämie gelten auch der bei Versicherungsverein auf Gegenseitigkeit zu zahlend Beitrag 
Der Versicherungsvertrag muss Deckung für die sich aus der gewerblichen Tätigkeit im Anwendungsbereich dieser Verordnung Immobiliardarlehensvermittlungsverordnung ergebenden Haftpflichtgefahren für Vermögensschäden gewähren.	Verordnung	Geschäftsordnung	der Versicherungsvertrag muss in Anwendungsbereich dieser Verordnung über der Vermittlung von Immobilienkredit der Deckung von Haftpflichtrisiko für durch der Geschäftstätigkeit verursacht Vermögensschaden gewährleisten 	der Versicherungsvertrag muss der Deckung der Haftpflichtversicherung für Schaden in Zusammenhang mit der Geschäftstätigkeit in Rahmen dieser Verordnung über der Vermittlung von Immobilienkredit gewährleisten 	der Versicherungsvertrag muss der Deckung der Haftpflichtversicherung für Kapitalschaden gewährleisten  der sich aus der Geschäftstätigkeit in Anwendungsbereich dieser Verordnung über der Vermittlung von Immobilienkredit ergeben 
Der Versicherungsvertreter hat einen Provisionsanspruch aus §§ 354, 87 ff. HGB. Dieser Anspruch ist erfolgsbezogen.	Versicherungsvertreter	Versicherer,Versicherungsgesellschaft,Versicherungsunternehmen	der Versicherer haben Anspruch auf ein Provision gemäß § 354  87 ff . HGB  dieser Recht sein mit der Erfolg verbinden 	der Versicherer haben Anspruch auf ein Provision gemäß § § 354  87 ff . der HGB  dieser Recht sein mit der Erfolg verbinden 	der Versicherer haben Anspruch auf ein Provision gemäß § § 354  87 ff . der HGB  dieser Recht sein mit der Erfolg verbinden 
Der Versprechende kann dem Dritten gegenüber die Einwendungen erheben, die auf dem Vertrag beruhen, aus dem der Dritte sein Recht herleitet .	Versprechend	Verlobter	der Produzent können der dritter auf der Grundlage der Vertrag  aus der der dritter sein Recht begründen  der Ausnahme auferlegen 	der Fernsehveranstalter können der dritter der auf der Vertrag beruhend Ausnahme auferlegen  aus der der dritter sein Anspruch begründen 	der Fernsehveranstalter können der dritter auf der Grundlage der Vertrag  aus der der dritter sein Anspruch begründen  Ausnahmeregelung auferlegen 
Der Verteidiger hat das Recht, auf den Vortrag der Anklage mit einer Gegenäußerung zu erwidern.	Gegenäußerung	Gegeneinwendung	der Verteidiger haben der Recht  auf der Anzeige der Anklage mit ein Erwiderung zu antworten 	der Verteidiger haben der Recht  auf der Anzeige der Vorwürfes mit ein Erwiderung zu antworten 	der Verteidiger haben der Recht  auf der Anklage durch ein Erwiderung zu antworten 
Der Vertrag kann bestimmen, auf welche Art und Weise der stille Gesellschafter die Führung des Unternehmens oder die Abwicklung des Geschäfts, für welche die stille Gesellschaft vereinbart worden ist, überwachen darf.	still Gesellschafter	Mitglied,Vereinsmitglied	in der Vertrag können festlegen werden  wie der Verein der Leitung der Unternehmen oder der Geschäftstätigkeit  für der der Beteiligungsgesellschaft vereinbaren werden  überwachen können 	in der Vertrag können festlegen werden  wie der Vereinigung der Leitung der Unternehmen oder der Geschäft  für der der Beteiligungsgesellschaft vereinbaren werden  überwachen können 	in der Vertrag können festlegen werden  wie der Vereinigung der Leitung der Unternehmen oder der Geschäftstätigkeit  für der der Beteiligungsgesellschaft vereinbaren werden  überwachen können 
Der Vertrag zugunsten Dritter begründet eine Dreiecksbeziehung zwischen Versprechendem, Versprechensempfänger und Drittem.	Versprechend	Verlobter	mit der Vertrag zugunsten dritter werden ein trilateral Verhältnis zwischen Produzent  Vertragsnehmer und dritter herstellen 	durch der Vertrag zugunsten dritter werden ein trilateral Verhältnis zwischen Sender  Vertragsnehmer und dritter schaffen 	der Vertrag zugunsten dritter schaffen ein trilateral Verhältnis zwischen Sender  Vertragsnehmer und dritter 
Der Verwahrer hat bei der Aufbewahrung die Sorgfalt eines guten Familienvaters anzuwenden.	Aufbewahrung	Beaufsichtigung,Obhut	der Verwahrer muss in Gewahrsam der Sorgfalt der gut Familienvater verwenden 	der Lagerhalter muss der Sorgfalt der gut Familienvater in sein Gewahrsam einsetzen 	der Verwahrer muss der Sorgfalt sein gut Familienvater in Sorgerecht einsetzen 
Der Verwahrungsvertrag ist ein Realvertrag, der erst durch die tatsächliche Übergabe der Sache zustande kommt.	Verwahrungsvertrag	Hinterlegung	der Depositvertrag sein ein real Vertrag  der nur durch der tatsächlich Lieferung der Sache perfektionieren werden 	der Hinterlegungsvertrag sein ein wirklich Vertrag  der nur durch der tatsächlich Lieferung der Sache ergänzen werden 	der Hinterlegungsvertrag sein ein wirklich Vertrag  der nur durch der tatsächlich Lieferung der Sache ergänzen werden 
Der Vorgesetzte, der gemäß vorhergehendem Artikel 64 für die Erteilung des Verweises oder der Geldstrafe zuständig ist und der wie immer von einem Verstoß gegen die Dienstordnung erfährt, muß die entsprechenden Mitteilungen durchführen und schriftlich Beschuldigung erheben .	Verweis	Zensur	der Vorgesetzter  der gemäß Artikel 64 zuständig sein  der Zensur oder Strafe zu verhängen  und der auf jeder Fall Kenntnis von ein Verstoß gegen der Dienstordnung erhalten  haben der entsprechend Mitteilung zu machen und der Anklage schriftlich einreichen 	der Vorgesetzter  der gemäß Artikel 64 für der Zensur oder der Buße zuständig sein und auf jeder Fall Kenntnis von ein Verstoß gegen der Dienstordnung erhalten  müssen der entsprechend Mitteilung machen und der Anklage schriftlich einreichen 	der Vorgesetzter  der gemäß Artikel 64 für der Zensur oder der Buße zuständig sein und auf jeder Fall Kenntnis von ein Verstoß gegen der Dienstordnung erlangen  haben der entsprechend Mitteilung zu machen und der Anklage schriftlich zu erheben 
Der Vorsitzende der Gemeindebaukommission kann ein Gutachten der Landesabteilung Natur, Landschaft und Raumentwicklung anfordern. Sofern es sich um einen Wiedergewinnungsplan handelt oder der Durchführungsplan unter Denkmalschutz stehende Liegenschaften betrifft, ist das Gutachten der Landesabteilung Denkmalpflege einzuholen.	Denkmalschutz	Erhaltung von Kulturgütern	der vorsitzend der kommunal Baukommission können ein Stellungnahme der Provinzialabteilung Natur  Landschaft und Entwicklung der Territorium anfordern  falls es sich um ein Sanierungsplan oder um ein Plan zu Umsetzung von Immobilie handeln  der der Erhaltung von Kulturgut unterliegen  sein es notwendig  der Stellungnahme der Provinzialabteilung Erhaltung von Kulturgut einholen 	der vorsitzend der Gemeindebauausschuß können ein Stellungnahme der Provinzialministerium für Natur  Landschaft und Entwicklung der Gebiet einholen  und wenn es sich um ein Sanierungsplan oder ein Plan zu Umsetzung von Gebäude handeln  der der Erhaltung von Kulturgut unterliegen  muss der Stellungnahme der Provinzialministerium für Erhaltung von Kulturgut einholen werden 	der vorsitzend der Gemeindebauausschuß können ein Stellungnahme der Provinzialministerium für Natur  Landschaft und Entwicklung der Gebiet einholen  und wenn es sich um ein Sanierungsplan oder ein Durchführungsplan für Gebäude handeln  der der Erhaltung von Kulturgut unterliegen  muss der Stellungnahme der Provinzialministerium für Erhaltung von Kulturgut einholen werden 
Der Vorsitzende ist befugt, ausnahmsweise den Angeklagten während der Abhörung eines Zeugen oder eines Mitangeklagten aus dem Sitzungssaal abtreten zu lassen.	Abhörung	Anhörung	der Präsident werden ausnahmsweise ermächtigen  der angeklagter während der Vernehmung ein Zeuge oder Mitangeklagter aus der Saal zu entlassen 	der Präsident werden ausnahmsweise ermächtigen  der angeklagter während der Vernehmung ein Zeuge oder Mitangeklagter aus der Plenarsaal zu entfernen 	der Präsident werden ausnahmsweise ermächtigen  der angeklagter während der Vernehmung ein Zeuge oder Mitangeklagter aus der Plenarsaal fernhalten 
Der Vorstand hat dem Amtsgericht auf dessen Verlangen jederzeit eine von ihm vollzogene Bescheinigung über die Zahl der Vereinsmitglieder einzureichen.	Vereinsmitglied	Stiller,still Beteiligte,still Gesellschafter	der EZB-Rat legen der Bezirksgericht auf der verlangen jederzeit ein von ihm unterzeichnet Bescheinigung vor  aus der der Zahl der Mitglied hervorgehen 	der EZB-Rat legen der Bezirksgericht auf der verlangen jederzeit ein von ihm unterzeichnet Bescheinigung über der Zahl der Mitglied vor 	der EZB-Rat legen der Bezirksgericht auf der verlangen jederzeit ein von ihm unterzeichnet Bescheinigung über der Zahl der assoziiert Mitglied vor 
Der Vorzug wird in dem vom vorhergehenden Absatz vorgesehenen Fall auch den Gläubigern, die nicht abgesondert haben, gegenüber den Vermächtnisnehmern, die abgesondert haben, gewährt.	Vorzug	Vorfahrt	in der in vorstehend Absatz vorgesehen Fall werden der Gläubiger  der der Trennung nicht beantragen haben  gegenüber der Vermächtnisnehmer  der der Trennung beantragen haben  Vorrang einräumen 	in der in vorstehend Absatz vorgesehen Fall werden der Gläubiger  der der Trennung nicht beantragen haben  gegenüber der verbündeter  der der Trennung beantragen haben  der Vorrang einräumen 	in der in vorstehend Absatz vorgesehen Fall werden der Gläubiger  der der Trennung nicht beantragen haben  gegenüber der verbündeter  der der Trennung beantragen haben  der Vorrang einräumen 
Der Wert des Kaufgegenstandes bei Kaufverträgen mit Verpflichtung zur Rückübertragung zu einem bestimmten Termin muss in der Bilanz des Verkäufers ausgewiesen werden.	Termin	Grenzzeichen,Verfahrensfrist	der Wert der Gegenstand der Kauf in Kaufvertrag  der auf ein bestimmt Frist übertragen werden müssen  sein in der Bilanz der Verkäufer ausweisen 	der Wert der Gegenstand der Kauf in der Kaufvertrag mit Rückübertragungspflicht zu ein bestimmt Frist sein in der Bilanz der Verkäufer ausweisen 	der Wert der Gegenstand  der Gegenstand ein Kaufvertrag sein  der zu ein bestimmt Frist retrozessionspflichtig sein  sein in der Bilanz der Verkäufer ausweisen 
Der Zulassungsbesitzer hat das Fahrzeug dem Ermächtigten zur wiederkehrenden Begutachtung vorzuführen und dafür zu sorgen, dass dieses gereinigt ist, sowie den Zulassungsschein vorzulegen.	wiederkehrend Begutachtung	Wiederaufnahme	der Inhaber der Genehmigung muss der Fahrzeug der für der Prüfung zuständig Behörde vorlegen und sicherstellen  dass es sauber sein  und der Typgenehmigungsbogen vorlegen 	der Inhaber der Genehmigung muss der Fahrzeug der für der Prüfung zuständig Behörde vorlegen und sich vergewissern  dass es sauber sein  und der Typgenehmigungsbogen vorlegen 	der Inhaber der Genehmigung muss der Fahrzeug der für der Prüfung zuständig Behörde vorlegen und sich vergewissern  dass es sauber sein  und der Typgenehmigungsbogen vorlegen 
Der Zuwachs wird durch Natur, durch Kunst, oder durch beide zugleich bewirkt.	Zuwachs	Aufnahme	der Beimischung erfolgen durch Natur  Kunst oder beide gleichzeitig 	der Beimischung erfolgen durch Natur  Kunst oder beide gleichzeitig 	der Beimischung erfolgen in der Natur  in der Kunst oder in beide gleichzeitig 
Der Alters- und Hinterlassenenversicherung können beitreten:  im Ausland wohnhafte nicht erwerbstätige Ehegatten von erwerbstätigen Personen, die nach Absatz 1 Buchstabe c, Absatz 3 Buchstabe a oder auf Grund einer zwischenstaatlichen Vereinbarung versichert sind.	erwerbstätig Person	Arbeitnehmer	der Alter und Hinterbliebenenversicherung können beitreten  Ehegatt  der kein Arbeitnehmer sein  der ihr Wohnsitz in Ausland haben  müssen gemäß Absatz 1 Buchstabe c  Absatz 3 Buchstabe a oder aufgrund ein international Vereinbarung versichern sein 	der Alter und Hinterbliebenenversicherung können beitreten  Ehegatt  der nicht in Ausland wohnen  von Arbeitnehmer  der gemäß Absatz 1 Buchstabe c  Unterabsatz 3 Buchstabe a  oder aufgrund ein international Abkommen versichern sein 	der Alter und Hinterbliebenenversicherung können beitreten  Ehegatt  der nicht in Ausland wohnen  von Arbeitnehmer  der gemäß Absatz 1 Buchstabe c  Unterabsatz 3 Buchstabe a  oder aufgrund ein international Abkommen versichern sein 
Der aus der elterlichen Gewalt entlassene Minderjährige kann mit Hilfe des Beistands Gelder unter der Bedingung einer geeigneten Anlage einfordern und sowohl als Kläger wie als Beklagter vor Gericht auftreten.	Beistand	Masseverwalter	der Kind  der von der elterlich Verantwortung befreien sein  können mit Unterstützung der Kurator unter der Voraussetzung ein angemessen Investition Geld verlangen und sowohl als Schauspieler als auch als Beklagter vor Gericht erscheinen 	der Kind  der von der elterlich Verantwortung befreien sein  können mit Hilfe der Verwalter Geldsumme verlangen  sofern es angemessen investieren werden  und es können sowohl als Kläger als auch als Beklagter vor Gericht stellen werden 	der Kind  der von der elterlich Verantwortung freisprechen werden  können mit Unterstützung der Verwalter unter der Bedingung ein angemessen Investition Geld verlangen und sowohl als Kläger als auch als Beklagter vor Gericht stellen werden 
Der einem Gesellschafter zukommende Gewinn wird dem Kapitalanteile des Gesellschafters zugeschrieben .	Kapitalanteil	Anteil	der Gewinn ein Gesellschafter werden der Anteil der Gesellschafter gutgeschrieben 	der Gewinn ein Mitglied werden der Anteil der Mitglied gutgeschrieben 	der Gewinn ein Mitglied werden auf der Anteil der Mitglied anrechnen 
Der funktionelle Aspekt der juristischen Person des öffentlichen Rechts liegt in der Wahrnehmung von Verwaltungsaufgaben.	Verwaltungsaufgabe	Verwaltung,Verwaltungstätigkeit	der funktionell Aspekt der juristisch Person der öffentlich Recht bestehen in der Wahrnehmung von Verwaltungsaufgabe 	der funktionell Aspekt der juristisch Person der öffentlich Recht bestehen in der Wahrnehmung von Verwaltungsaufgabe 	der funktionell Aspekt der juristisch Person der öffentlich Recht bestehen in der Wahrnehmung von Verwaltungsaufgabe 
Der für das Verfahren Verantwortliche  sorgt nach den Weisungen des vorgesetzten Organs für die Durchführung der endgültigen Maßnahme.	endgültig Maßnahme	Entscheidung	der für der Verfahren verantwortliche sorgen für der Durchführung der abschließend Entscheidung gemäß der Richtlinie der hoch Instanz 	der für der Verfahren verantwortliche sorgen für der Durchführung der abschließend Entscheidung nach Maßgabe der Richtlinie der oberer Organ 	der für der Verfahren verantwortliche sorgen für der Durchführung der abschließend Entscheidung gemäß der Weisung der oberer Instanz 
Der inhaftierte oder in eine Anstalt zum Vollzug von Sicherungsmaßregeln eingewiesene Angeklagte kann Rechtsmittel, Erklärungen und Anträge beim Leiter der Anstalt einreichen.	Sicherungsmaßregel	Sicherheitsmaßnahme	der angeklagter  der in ein Einrichtung zu Durchführung von Sicherheitsmaßnahme inhaftieren oder in Haft sein  können der Direktor der Institut Rechtsmittel  Erklärung und Beschwerde vorlegen 	der angeklagter  der in ein Einrichtung zu Durchführung von Sicherungsmaßnahme festhalten oder in Haft nehmen werden  können der Direktor der Einrichtung Rechtsbehelf  Erklärung und Rechtsbehelfe vorlegen 	der angeklagter  der in ein Einrichtung zu Durchführung von Sicherungsmaßnahme festhalten oder in Haft nehmen werden  können der Direktor der Einrichtung Rechtsbehelf  Erklärung und Rechtsbehelfe vorlegen 
Der mit den Einzahlungen säumige Gesellschafter kann das Stimmrecht nicht ausüben.	Stimmrecht	Wahlrecht	ein pflichtversichert Gesellschafter dürfen sein Stimmrecht nicht ausüben 	ein zahlungsunfähig Gesellschafter können sein Stimmrecht nicht ausüben 	ein zahlungsunfähig Gesellschafter können sein Stimmrecht nicht ausüben 
Der mit der Eheschließung indizierten gegenseitigen Zuneigung entspricht  ferner die Pflicht zur ehelichen Treue.	Pflicht zu ehelich Treue	Treuepflicht	der gegenseitig Zuneigung  der in der Ehe zu Ausdruck kommen  entsprechen auch der Treuepflicht 	der gegenseitig Verbundenheit  der der Ehe zu erkennen geben  entsprechen auch der Treuepflicht 	der gegenseitig Verbundenheit  der in der Ehe zu Ausdruck kommen  entsprechen auch der Treuepflicht 
Der neue Vertrag der sanitären Leitung des Landesgesundheitsdienstes wird auf das Personal der beiden Vertragsbereiche des ärztlichen und tierärztlichen Personals, der sanitären Leitung (Biologen, Chemiker, Physiker, Psychologen und Apotheker) und der Leiter der sanitären Berufe  angewandt.	Leiter	Führungskraft,leitend Angestellter	der neu Vertrag der Gesundheitsleitung der Gesundheitsdienst gelten für der Personal in der beide Vertragsbereichen der Gesundheit und Veterinärverwaltung  der Gesundheitsleitung  Biologe  Chemie  Physiker  Psychologe und Apotheker  und der Leiter der Gesundheitsberuf 	der neu Vertrag der Gesundheitsverwaltung der Provinzialgesundheitsdienst gelten für der Personal in der beide Vertragsbereichen der Gesundheit und Veterinärverwaltung  der Gesundheitsverwaltung  Biologe  Chemie  Physiker  Psychologe und Apotheker  und der Gesundheitsberuf 	der neu Vertrag der Gesundheitsverwaltung der Provinzialgesundheitsdienst gelten für der Personal in der beide Vertragsbereichen der Gesundheit und Veterinärverwaltung  der Gesundheitsverwaltung  Biologe  Chemie  Physiker  Psychologe und Apotheker  und der Führungskraft der Gesundheitsberuf 
Der normale Fall der Treuhandschaft liege nämlich vor, wenn jemand eine bislang zu seinem Vermögen gehörende Sache einem anderen mit der Bestimmung übergebe, diese Sache in Hinkunft für den Übergeber zu besitzen.	Treuhandschaft	vertrauen	der normal Fall der Vertrauen sein nämlich der Fall  wenn jemand ein Vermögen  der bislang zu sein Vermögen gehören  an ein anderer übertragen  mit der Bestimmung  dass er es in Zukunft für der Veräußerer halten 	der normal Fall der Vertrauen sein nämlich der Fall  wenn jemand ein Vermögensgegenstand  der bisher zu sein Vermögen gehören  in ein anderer übertragen  mit der Bestimmung  dass er ihn künftig für der Übernehmer besitzen 	der normal Fall der Vertrauen sein nämlich der Fall  wenn jemand ein Vermögensgegenstand  der bisher zu sein Vermögen gehören  in ein anderer übertragen  mit der Bestimmung  dass er ihn in Zukunft für der Veräußerer halten 
Der rechtfertigende Grund für diese Rechtsinstitute Organleihe und Auftrag liegt in der Effektivität und der Ökonomie der Verwaltung.	Effektivität	Rechtswirksamkeit,Wirksamkeit	der Grund für dieser rechtlich Einrichtung für Organdarlehen und Mandat liegen in der Effizienz und Wirtschaft der Verwaltung 	der Grund für dieser rechtlich Organ  der Organleihe und der Mandat zu gewähren  liegen in der Effizienz und der Wirtschaftlichkeit der Verwaltung 	der Grund für dieser rechtlich Organ für Organdarlehen und Mandat liegen in der Effizienz und der Wirtschaftlichkeit der Verwaltung 
Der rechtlich erhebliche Zeitpunkt heißt Termin, der rechtlich erhebliche Zeitraum heißt Frist.	Termin	Grenzzeichen,Verfahrensfrist,prozessual Frist	der rechtlich relevant Zeitpunkt werden ein Ende nennen  der rechtlich relevant Zeitraum ein Ende 	der rechtswirksam relevant Zeitpunkt heißen Ende  der rechtlich Zeitraum heißen Ende 	der rechtlich relevant Moment heißen Ende  der rechtlich relevant Zeitraum heißen Ende 
Der technische Zugang zu den einzelnen IT-Systemen wird durch Benutzerkennung und Passwort oder Smartcard und Passwort realisiert.	Benutzerkennung	Identifikationsnummer,Identifizierungsnummer,Kennnummer,Kennziffer	der technisch Zugang zu der einzeln IT-System erfolgen über ein Identifikationscode und ein Passwort oder ein Smartcard und ein Passwort 	der technisch Zugang zu der einzeln IT-System erfolgen über ein Kenncode und ein Passwort oder ein smart card oder ein Passwort 	der technisch Zugang zu der einzeln IT-System erfolgen über ein Kenncode  ein Passwort oder ein smart card oder ein Passwort 
Der zürcherischen Universität bleibt das Benützungsrecht der geologischen und mineralogischen Sammlungen und Institute des Polytechnikums so lange gewährleistet, als gemeinsame Hauptprofessoren in den Fächern der Geologie und Mineralogie bestehen.	Benützungsrecht	Gewohnheitsrecht	an der Universität Zürich sein der Recht auf Nutzung der geologisch und mineralogisch Sammlung und Institut der Polytechnic gewährleisten  solange es gemeinsam gewöhnlich Professor in der Fach Geologie und Mineralologie geben 	an der Universität Zürich werden der Recht auf Nutzung der geologisch und mineralogisch Sammlung und Institut der Polytechnik bis zu Existenz gemeinsam ordentlich Professor in Geologie und Mineralologie gewährleisten 	der Universität Zürich haben der Recht  der geologisch und mineralogisch Sammlung und Einrichtung der Polytechnik so lange zu nutzen  bis es gemeinsam ordentlich Professor für Geologie und Mineralologie geben 
Die Abfallbehälter dürfen nur zum Sammeln von Abfällen benutzt werden. Der Benutzer ist zur pfleglichen Behandlung und zum Sauberhalten des Abfallbehälters sowie des  Abfallbehälterschranks verpflichtet und hat diese vor Verlust oder Beschädigung durch Dritte zu schützen.	Benutzer	Nutzer	Abfallbehälter dürfen nur zu Sammlung von Abfall verwenden werden  der Benutzer sein verpflichten  der Abfallbehälter und der Schrank der Abfallbehälter sorgfältig zu behandeln und sauber zu halten und sie vor Verlust oder Beschädigung durch dritter zu schützen 	der Abfallbehälter dürfen nur zu Sammlung von Abfall verwenden werden  der Benutzer sein verpflichten  der Abfallbehälter und der Schrank der Abfallbehälter sorgfältig zu behandeln und sauber zu halten sowie sie vor Verlust oder Beschädigung durch dritter zu schützen 	der Abfallbehälter dürfen nur zu Sammlung von Abfall verwenden werden  der Benutzer sein verpflichten  der Abfallbehälter und der Schrank der Abfallbehälter sorgfältig zu behandeln und sauber zu halten und sie vor Verlust oder Beschädigung durch dritter zu schützen 
Die Abfallwirtschaftspläne stellen Folgendes dar:  die Ziele der Abfallvermeidung, der Abfallverwertung, insbesondere der Vorbereitung zur Wiederverwendung und des Recyclings, sowie der Abfallbeseitigung .	Abfallverwertung	Rehabilitation,Suchtrehabilitation	in der Abfallbewirtschaftungsplan sein folgend Ziel festlegen  Vermeidung von Abfall  Abfallverwertung  insbesondere Vorbereitung auf der Wiederverwendung und Wiederverwertung sowie Abfallbeseitigung 	in der Abfallbewirtschaftungsplan werden folgend Ziel festlegen  Vermeidung der Abfallgewinnung  Abfallverwertung  insbesondere Vorbereitung auf der Wiederverwendung und stofflich Verwertung sowie Abfallbeseitigung 	in der Abfallbewirtschaftungsplan werden folgend Ziel festlegen  Vermeidung der Entstehung von Abfall  Verwertung von Abfall  insbesondere Vorbereitung auf der Wiederverwendung und stofflich Verwertung sowie Beseitigung von Abfall 
Die Ablagerung von Materialien an der Oberkante der Baugrube ist untersagt.	Baugrube	Aushub,Aushubarbeit	der Lagerung von Material an oberer Rand der Ausgrabung sein verbieten 	der Lagerung von Material an der Oberkante der Graben sein verbieten 	der Lagerung von Material an oberer Rand der Graben sein verbieten 
Die Abmachung, mit der sich der Bezugsberechtigte verpflichtet, dem Lieferanten den Vorrang beim Abschluss eines nachfolgenden Vertrags über den gleichen Gegenstand einzuräumen, ist gültig, sofern die Dauer der Verpflichtung den Zeitraum von fünf Jahren nicht übersteigt.	Vorrang	Vorfahrt	der Vereinbarung  mit der sich der Anspruchsberechtigte verpflichten  der Lieferant bei Abschluss ein spät Vertrag mit derselbe Gegenstand Vorrang einräumen  sein gültig  sofern der Dauer der Verpflichtung fünf Jahr nicht überschreiten 	der Vereinbarung  mit der der Anspruchsberechtigte sich verpflichten  der Lieferant bei Abschluß ein spät Vertrag mit derselbe Gegenstand Vorrang einräumen  sein gültig  sofern der Dauer der Verpflichtung fünf Jahr nicht überschreiten 	der Vereinbarung  mit der der Anspruchsberechtigte sich verpflichten  der Lieferant bei Abschluß ein spät Vertrag mit derselbe Gegenstand Vorrang einräumen  sein gültig  sofern der Dauer der Verpflichtung fünf Jahr nicht überschreiten 
Die Abteilung Wasserrecht (MA 58) ist Anlaufstelle für die Erteilung von Genehmigungen in den großen Rechtsbereichen Wasser- und Schifffahrtswesen, aber auch für jene in den Bereichen Jagd, Fischerei, Pflanzenschutz, Tierhalterecht, Tierversuchsrecht, Forstrecht oder Landwirtschaft.	Abteilung	Aufteilung	der Aufteilung Wasserrecht  MA 58  sein der Kontaktstelle für der Erteilung von Genehmigung in der groß Bereich Wasser und Schifffahrt  aber auch in der Bereich Jagd  Fischerei  Pflanzenschutz  Tierrecht  Tierversuchsrecht  Forstrecht oder Landwirtschaft 	der Aufteilung der Wassergebühr  MA 58  sein der Kontaktstelle für der Erteilung von Genehmigung in der groß Bereich der Wasser und Schifffahrtsrecht  aber auch in der Bereich Jagd  Fischerei  Pflanzenschutz  Tierrecht  Tierversuchsrecht  Forstrecht oder Landwirtschaft 	der Aufteilung der Wasserrecht  MA 58  sein der Kontaktstelle für der Erteilung von Genehmigung in der groß Bereich der Wasser und Schifffahrtsrecht  aber auch in der Bereich Jagd  Fischerei  Pflanzenschutz  Tierrecht  Tierversuchsrecht  Forstrecht oder Landwirtschaft 
Die Aktien dürfen nur zum Nennwert oder zu einem diesen übersteigenden Beträge ausgegeben werden.	Aktie	handeln,Handlung,Klage,Tat,Tun,verhalten	Aktie dürfen nur zu Nennwert oder zu ein hoch Betrag ausgeben werden 	Aktie dürfen nur zu Nennwert oder zu ein darüber hinausgehend Betrag ausgeben werden 	Aktie dürfen nur zu Nennwert oder zu ein darüber hinausgehend Betrag ausgeben werden 
Die Aktien können auf den Inhaber oder auf Namen lauten.	Aktie	handeln,Handlung,Klage,Tun	der Aktie können Inhaber oder Name sein 	der Aktie können Inhaber oder Name sein 	der Aktie können Inhaber oder Name sein 
Die Aktionäre üben ihre Rechte in den Angelegenheiten der Gesellschaft in der Hauptversammlung aus .	Hauptversammlung	Mitgliederversammlung,Vereinsversammlung	der Aktionär üben ihr Recht in der Angelegenheit der Gesellschaft in der Hauptversammlung aus 	der Aktionär üben ihr Recht in der Hauptversammlung in Geschäftsbetrieb der Gesellschaft aus 	der Aktionär üben ihr Recht in der Geschäft der Gesellschaft auf der Hauptversammlung aus 
Die Akzeptanz für das Tragen von Gehörschutzmitteln steigt, wenn jeder Mitarbeiter seinen Gehörschutz aus verschiedenen Typen auswählen kann	Gehörschutz	Schutz der Gehör	der Akzeptanz der Verwendung von Gehörschutzmittel werden erhöhen  wenn jeder Mitarbeiter sein Gehörschutz zwischen verschieden Typ wählen können 	der Akzeptanz der Verwendung von Gehörschutzmittel nehmen zu  wenn jeder Arbeitnehmer sein Gehörschutz zwischen verschieden Art wählen können	der Akzeptanz der Verwendung von Gehörschutzmittel nehmen zu  wenn jeder Arbeitnehmer sein Gehörschutz zwischen verschieden Art wählen können 
Die Anbieterinnen von Diensten der Grundversorgung sind für die Erhebung der Verzeichnisdaten bei ihren Kundinnen und Kunden verantwortlich und allein berechtigt, diese Daten auf deren Verlangen zu ändern.	Kunde	Partei,Versicherungsnehmer,Vertragspartei	der Anbieter von Basisdienst sein für der Erfassung der in der Liste aufgeführt Datum bei ihr Auftragnehmer verantwortlich und dürfen dieser Datum nur auf der Anfrage ändern 	der Anbieter von Basisdienst sein für der Erfassung der in der Liste aufgeführt Datum bei ihr Auftragnehmer verantwortlich und sein der einzig  der dieser Datum auf der Anfrage ändern dürfen 	der Anbieter von Basisdienst sein für der Erfassung der in der Liste aufgeführt Datum bei ihr Auftragnehmer verantwortlich und sein der einzig  der befugen sein  dieser Datum auf der Anfrage zu ändern 
Die Anerkennung ist unwiderrufbar. Ist sie in einem Testament enthalten, so wirkt sie ab dem Tag des Todes des Erblassers, auch wenn das Testament widerrufen wurde.	unwiderrufbar	unwiderruflich	der Anerkennung sein unwiderruflich  wenn sie in ein Testament enthalten sein  werden sie ab der Tag der Tod der Testator wirksam  auch wenn der Testament widerrufen werden 	der Anerkennung sein unwiderruflich  und wenn sie in ein Testament enthalten sein  dann haben sie Wirkung seit der Todestag der Erblasser  auch wenn der Testament zurückziehen werden 	der Anerkennung sein unwiderruflich  und wenn sie in ein Testament enthalten sein  werden sie ab der Tag der Tod der Erblasser wirksam  auch wenn der Testament zurückziehen werden 
Die Anerkennungsurkunde oder die Erneuerungsurkunde begründet vollen Beweis über die in der Urschrift enthaltenen Erklärungen, sofern nicht durch Vorlage der letzteren bewiesen wird, daß bei der Anerkennung oder Erneuerung ein Irrtum vorlag.	Anerkennungsurkunde	Identifizierung	der Erkundungsurkunde oder der Erneuerungsurkunde muss der voll Nachweis für der in ursprünglich Rechtsakt enthalten Erklärung erbringen  es sein denn  es werden durch der Herstellung der ursprünglich Rechtsakt nachweisen  dass zu Zeitpunkt der Erkundung oder Erneuerung ein Fehler auftreten sein 	der Bekanntmachung oder der Erneuerungsurkunde sein ein vollständig Nachweis für der in der ursprünglich Urkunde enthalten Erklärung  es sein denn  es werden durch der Erstellung der Original nachweisen  dass bei der Prüfung oder Erneuerung ein Fehler vorliegen 	der Erkundung oder Erneuerungsakt sein ein vollständig Nachweis für der in ursprünglich Rechtsakt enthalten Erklärung  es sein denn  es werden durch der Erstellung der Original nachweisen  daß bei der Erkundung oder Erneuerung ein Fehler auftreten sein 
Die Anfechtung muss  ohne schuldhaftes Zögern (unverzüglich) erfolgen, nachdem der Anfechtungsberechtigte von dem Anfechtungsgrunde Kenntnis erlangt hat.	Anfechtung	Kraftloserklärung von Aktie,Rücknahme mit Rückwirkung	der Nichtigkeit muss unverzüglich erfolgen  nachdem der zu Nichtigerklärung berechtigt Beteiligter Kenntnis von der Nichtigkeitsgrund erlangen haben 	der Annullierung muss unverzüglich erfolgen  nachdem der zu Nichtigkeit berechtigt Beteiligter Kenntnis von der Nichtigkeitsgrund erlangen haben 	der Ungültigerklärung muss unverzüglich erfolgen  nachdem der zu Ungültigerklärung berechtigt beteiligter Kenntnis von der Nichtigkeitsgrund erlangen haben 
Die Anführer oder die Hintermänner des bewaffneten Haufens unterliegen derselben Strafe wie die Urheber.	Anführer	Abschnitt	der Leiter oder Leiter der bewaffnet Bande unterliegen derselbe Strafe wie der Projektträger 	der Chef oder Besatzer der bewaffnet Bande werden ebenso bestrafen wie der Förderer 	der Chef oder Besatzer der bewaffnet Bande werden ebenso bestrafen wie der Förderer 
Die Anhängigkeit des Rechtsstreits vor dem ausländischen Gericht bestimmt sich nach den Gesetzen des Staates, in dem das Verfahren abgewickelt wird.	Anhängigkeit der Rechtsstreit	Streitanhängigkeit	der Rechtshängigkeit vor der ausländisch Gericht werden durch der Recht der Staat bestimmen  in der der Verfahren abschließen sein 	der Rechtshängigkeit vor ein ausländisch Gericht bestimmen sich nach der Recht der Staat  in der der Verfahren anhängig sein 	der Rechtshängigkeit vor ein ausländisch Gericht bestimmen sich nach der Recht der Staat  in der der Verfahren anhängig sein 
Die Anhörung der Beteiligten ist ein wesentlicher Teil der Parteienöffentlichkeit des Verfahrens und stellt das wichtigste Recht der Beteiligten im Verfahren dar.	Anhörung	rechtlich Gehör	der kontradiktorisch verhalten der Partei sein ein wesentlich Bestandteil der Verfahrenswerbung der Partei und der wichtig Recht der Partei in Verfahren 	der kontradiktorisch Vorgehen der Partei sein ein wesentlich Bestandteil der Verfahrenswerbung der Partei und der wichtig Recht der Verfahrensbeteiligter 	der kontradiktorisch Vorgehen der Partei sein ein wesentlich Bestandteil der Verfahrenswerbung der Partei und der wichtig Recht der Verfahrensbeteiligter 
Die Anordnung, wodurch der Erblasser seinem Erben eine unmögliche oder unerlaubte Handlung mit dem Beisatze aufträgt, daß er, wofern er den Auftrag nicht befolgte, einem Dritten ein Legat entrichten soll, ist ungültig.	unerlaubt	Unrecht,rechtswidrig Verhalten	der Bestimmung  mit der der Erblasser sein Erbe ein unmöglich oder rechtswidrig Handlung auferlegen  mit der Zusatz  dass er  wenn er sein Auftrag nicht erfüllen  ein dritter zustehen muss  sein ungültig 	der Bestimmung  mit der der Erblasser sein Erbe ein unmöglich oder rechtswidrig Handlung auferlegen  mit der Zusatz  dass er  wenn er sein Amt nicht ausüben  ein dritter ein Vermächtnisanspruch zuerkennen  sein ungültig 	der Bestimmung  mit der der Erblasser sein Erbe ein unmöglich oder unrechtmäßig Handlung auferlegen  mit der Zusatz  dass er  wenn er sein Amt nicht ausüben  ein Dritter ein verbunden Betrag zu zahlen haben  sein ungültig 
Die Anschwemmung wächst auch dem Ufer einer im Fluß entstandenen Insel zu.	Anschwemmung	Überschwemmung	der Flut vergrößern auch der Ufer ein Insel  der sich in Fluss bilden 	der Flut vergrößern auch der Ufer ein Insel  der sich in Fluss bilden haben 	der Hochwasser vergrößern auch der Ufer ein Insel  der sich in Fluss bilden haben 
Die Ansuchen um die Erlaubnis zur Ausübung eines Gastgewerbes, um Einstufung des Betriebes und um andere in diesem Gesetz vorgesehene Bewilligungen sind an den jeweils zuständigen Bürgermeister zu richten.	ansuchen	Anspruch	Antrag auf Genehmigung zu Ausübung ein Beherbergungstätigkeit  auf Klassifizierung der Betrieb und auf anderer in dieser Gesetz vorgesehen Genehmigung sein an der jeweilig zuständig Bürgermeister zu richten 	Antrag auf Genehmigung zu Ausübung ein Aufnahmetätigkeit  auf Klassifizierung der Geschäftsjahr und auf anderer in dieser Gesetz vorgesehen Genehmigung sein an der zuständig Bürgermeister zu richten 	Antrag auf Genehmigung zu Ausübung ein Aufnahmetätigkeit  auf Klassifizierung der Geschäftsjahr und auf anderer in dieser Gesetz vorgesehen Genehmigung sein an der zuständig Bürgermeister zu richten 
Die Anteile der Teilhaber der Gemeinschaft werden als gleich vermutet.	Teilhaber	Teilnehmer	es werden annehmen  dass der Anteil der Teilnehmer an der Kommunion gleich sein 	es werden davon ausgehen  dass der Anteil der Teilnehmer an der Gemeinschaft gleich sein 	es werden davon ausgehen  dass der Anteil der Teilnehmer an der Gemeinschaft gleich sein 
Die Anteile, mit denen die Gesellschafter beteiligt sind, werden durch Aktien verkörpert.	Aktie	Handlung,Klage,Tat	der Anteil  an der der Gesellschafter beteiligen sein  werden in Aktie einbeziehen 	der Anteil  an der der Mitglied beteiligen sein  werden in Aktie einbeziehen 	der Anteil  an der der Mitglied beteiligen sein  werden in Aktie einbeziehen 
Die Anwendung unmittelbarer Gewalt (gewaltsames Führen der Hand bei der Unterschrift) fällt nicht unter § 123 dBGB, da hier schon tatbestandlich keine Willenserklärung vorliegt.	unmittelbar Gewalt	physisch Gewalt	der Anwendung physisch Gewalt  erzwungen Handführung zu Zeitpunkt der Zeichnung  fallen nicht unter Art . 123 BGB  da in dieser Fall bereits ein Willensbekundung fehlen 	der Anwendung körperlich Gewalt  erzwungen Handschlag zu Zeitpunkt der Zeichnung  fallen nicht unter Artikel 123 der BGB  da in dieser Fall bereits ein Willensäußerung vorliegen 	der Anwendung körperlich Gewalt  erzwungen Handschlag zu Zeitpunkt der Zeichnung  fallen nicht unter Artikel 123 BGB  da in dieser Fall bereits ein Willensbekundung fehlen 
Die Anwendung von Bestimmungen eines ausländischen Rechts, ist ausgeschlossen, wenn sie zu einem Ergebnis führen würde, das mit dem schweizerischen Ordre public unvereinbar ist.	ordre public	öffentlich Ordnung,öffentlich Sicherheit	der Anwendung von Bestimmung ein ausländisch Recht sein ausschließen  wenn dieser zu ein Ergebnis führen werden  der mit der schweizerisch öffentlich Ordnung unvereinbar sein 	der Anwendung ausländisch Rechtsvorschrift sein ausschließen  wenn dieser zu ein Ergebnis führen werden  der mit der schweizerisch öffentlich Ordnung unvereinbar sein 	der Anwendung ausländisch Rechtsvorschrift sein ausschließen  wenn dieser zu ein Ergebnis führen werden  der mit der schweizerisch öffentlich Ordnung unvereinbar sein 
Die Arbeitnehmer melden dem Arbeitgeber, der Führungskraft oder dem Vorgesetzten unverzüglich alle Mängel oder Funktionsstörungen, die sie an der ihnen zur Verfügung stehenden persönlichen Schutzausrüstung feststellen.	vorgesetzter	Geschäftsführer	der Arbeitnehmer melden der Arbeitgeber  der Arbeitgeber oder der Betreuer unverzüglich aller Mangel oder Störung  der sie in der ihnen zu Verfügung gestellt persönlich Schutzausrüstung feststellen 	der Arbeitnehmer melden der Arbeitgeber  der Betriebsleiter oder der Betreiber unverzüglich aller Mangel oder Fehlfunktion  der sie in der ihnen zu Verfügung gestellt persönlich Schutzausrüstung feststellen 	der Arbeitnehmer melden der Arbeitgeber  der Leiter oder der Leiter unverzüglich aller Mangel oder Fehlfunktion  der sie in der ihnen zu Verfügung gestellt persönlich Schutzausrüstung feststellen 
Die Arbeitnehmer werden in leitende Angestellte, höhere Angestellte, Angestellte und Arbeiter eingeteilt.	leitend Angestellter	Leiter,leitend Beamter	der Arbeitnehmer werden in Führungskraft  Führungskraft  angestellter und Arbeiter einstufen 	der Arbeitnehmer werden in Führungskraft  Führungskraft  angestellter und Arbeitnehmer einstufen 	der Arbeitnehmer werden in Führungskraft  Führungskraft  angestellter und Arbeitnehmer einstufen 
Die Arbeitsstoffe können in die großen Gruppen der Gefahrstoffe (Chemikalien) und der Biostoffe (Mikroorganismen) unterschieden werden.  Eine weitere Gruppe von Arbeitsstoffen, bei deren Anwendung besondere Schutzvorschriften beachtet werden müssen, sind die Sprengstoffe.	Arbeitsstoff	Handelsvertreter,Täter	der Stoff können in der groß Gruppe gefährlich Stoff  Chemikalie  und biologisch Arbeitsstoff  Mikroorganisme  unterteilen werden  ein weit Gruppe von Stoff  der Handhabung besonderer Schutznorm erfordern  sein Explosivstoff 	der Arbeitsstoff können in der groß Gruppe gefährlich Stoff  chemisch Stoff  und biologisch Arbeitsstoff  Mikroorganisme  unterteilen werden  und ein weit Gruppe von Arbeitsstoff  der Handhabung besonderer Schutzvorschrift erfordern  sein Explosivstoff 	der Arbeitsstoff können in der groß Gruppe gefährlich Stoff  Chemikalie  und biologisch Arbeitsstoff  Mikroorganisme  unterteilen werden  ein weit Gruppe von Arbeitsstoff  der Handhabung besonderer Schutzvorschrift erfordern  sein Explosivstoff 
Die Arbeitsunfähigkeitsrente erhält, wer auf Grund von körperlicher oder psychischer Krankheit nicht arbeitsfähig ist und mindestens 5 Versicherungsjahre nachweisen kann . Da die Rente nur bei totaler Arbeitsunfähigkeit zusteht, kann keine lohnabhängige oder selbständige Arbeit ausgeführt werden.	Arbeitsunfähigkeitsrente	Zivilinvalidenrente	der Erwerbsunfähigkeitsrente werden von Person zahlen  der aufgrund ein körperlich oder psychisch Krankheit nicht arbeiten können und mindestens 5 Jahr versichern sein können  da der Rente nur bei vollständig Arbeitsunfähigkeit zahlen werden  können kein abhängig oder selbständig Erwerbstätigkeit ausüben werden 	der Arbeitsunfähigkeitsrente werden von Person beziehen  der aufgrund ein körperlich oder geistig Krankheit nicht arbeitsfähig sein und mindestens 5 Jahr lang versichern sein können  da der Rente nur bei vollständig Arbeitsunfähigkeit zu zahlen sein  so daß kein selbständig oder abhängig Tätigkeit ausüben werden können 	der Arbeitsunfähigkeitsrente werden von Person beziehen  der aufgrund ein körperlich oder geistig Krankheit nicht arbeitsfähig sein und mindestens 5 Jahr lang versichern sein können  da der Rente nur bei vollständig Arbeitsunfähigkeit zu zahlen sein  dürfen kein selbständig oder selbständig Erwerbstätigkeit ausuebn werden 
Die Aufhebbarkeit geht  von der Behörde oder vom Verwaltungsgericht aus und besagt, dass sie einen rechtswidrigen Verwaltungsakt aufheben, d.h. seine Rechtswirksamkeit beseitigen können.	Aufhebbarkeit	Anfechtbarkeit,Vernichtbarkeit	der Ungültigkeit ergeben sich aus der Behörde oder der Verwaltungsgericht und bestimmen  dass sie ein rechtswidrig Verwaltungsakt aufheben können  der heißen der Rechtswirkung aufheben können 	der Ungültigkeitserklärung der Verwaltungsbehörde oder der Verwaltungsgericht begründen der Ungültigkeit ein rechtswidrig Verwaltungsakts  der heißen der Rechtswirkung zu beseitigen 	der Ungültigkeitserklärung erfolgen durch der Behörde oder der Verwaltungsgericht und bestimmen  dass sie ein rechtswidrig Verwaltungsakt aufheben können  der heißen der Rechtswirkung abschaffen können 
Die Aufrechnung bewirkt, dass die Forderungen, soweit sie sich decken, als in dem Zeitpunkt erloschen gelten, in welchem sie zur Aufrechnung geeignet einander gegenübergetreten sind.	Zeitpunkt	Dauer,Zeit,Zeitraum	der Ausgleich löschen der Forderung  soweit sie gleichwertig sein  rückwirkend auf der Zeit  in der sie als anfechtbar Forderung Koexistenz entstehen sein 	der Ausgleich erlischen der Forderung  soweit sie sich als solcher ergeben  rückwirkend auf der Zeit  in der sie als anfechtbar Forderung in Kraft treten sein 	der Ausgleich erlischen der Forderung  soweit sie gleichwertig sein  rückwirkend auf der Zeit  in der sie als anfechtbar Forderung entstehen sein 
Die Aufsichtsratsmitglieder müssen unter den Personen ausgewählt werden, die im Register der Rechnungsprüfer, das beim Justizministerium eingerichtet ist, eingetragen sind.	Rechnungsprüfer	Bürgermeister,Überwachungsratsmitglied	der Mitglied der Aufsichtsrat sein aus der Person auswählen  der in der bei Justizministerium eingerichtet Bürgermeisterregister eintragen sein 	der Mitglied der Aufsichtsrat werden aus der Person auswählen  der in der bei Justizministerium eingerichtet Bürgermeisterregister eintragen sein 	der Mitglied der Aufsichtsrat werden aus der Person auswählen  der in der bei Justizministerium eingerichtet Bürgermeisterregister eintragen sein 
Die Aufstellung von Wahlbewerbern für Wahlen zu Volksvertretungen muß in geheimer Abstimmung stattfinden.	Wahlbewerber	Bewerber	der Ernennung von Kandidat für Wahl in Volksvertretung muss geheim erfolgen 	der Ernennung von Kandidat für Wahl in Volksvertretung muss geheim erfolgen 	der Ernennung von Kandidat für Wahl in Volksvertretung muss geheim erfolgen 
Die Augenschutzgeräte bestehen im Allgemeinen aus dem Tragkörper und den Sichtscheiben.	Augenschutzgerät	Schutz der Auge	Augenschutz bestehen in der Regel aus der Trägerkörper und der Linse 	Augenschutz bestehen in Allgemein aus der tragend Körper und der Linse 	der Schutz der Auge bestehen in Allgemein aus der tragend Körper und der Linse 
Die Aus- und Fortbildung im Bereich Arbeitsschutz ist eine wesentliche Vorbeugemaßnahme zum Schutz der Arbeitnehmerinnen und Arbeitnehmer.	Vorbeugemaßnahme	Maßnahme zu Verhütung der Kriminalität,Vorsorgemaßnahme	der beruflich Aus und Weiterbildung in Bereich der Sicherheit an Arbeitsplatz sein für der Schutz der Arbeitnehmerin und Arbeitnehmer von entscheidend Bedeutung 	der beruflich Aus und Weiterbildung in Bereich der Sicherheit an Arbeitsplatz sein ein wichtig Präventionsmaßnahme zu Schutz der Arbeitnehmerin und Arbeitnehmer 	der beruflich Aus und Weiterbildung in Bereich der Sicherheit an Arbeitsplatz sein für der Schutz der Arbeitnehmerin und Arbeitnehmer von entscheidend Bedeutung 
Die Ausgabe und der Verkauf der Aktien vor der Eintragung der Gesellschaft ist nichtig.	Ausgabe	Emission,Schadstoffemission	der Ausgabe und der Verkauf der Aktie vor der Eintragung der Gesellschaft sein null 	der Ausgabe und der Verkauf der Aktie vor der Eintragung der Gesellschaft sein nichtig 	der Ausgabe und der Verkauf der Aktie vor der Eintragung der Gesellschaft sein nichtig 
Die Ausnahmebewilligung stellt  nicht nur formell, sondern auch materiell einen begünstigenden Verwaltungsakt dar.	Ausnahmebewilligung	Befreiung	der Befreiung stellen nicht nur ein formell  sondern auch in Wesentlichen günstig Verwaltungsakt dar 	der Befreiung stellen nicht nur formal  sondern auch in Wesentlichen ein positiv Verwaltungsrechtsakt dar 	der Befreiung stellen ein nicht nur formell  sondern auch grundsätzlich positiv Verwaltungsakt dar 
Die Aussagen der Parteien, die mündlichen Entscheide der Behörden sowie alle anderen Verfahrenshandlungen, die nicht schriftlich durchgeführt werden, werden protokolliert.	Verfahrenshandlung	Aktenstück	der Erklärung der Partei  der mündlich Entscheidung der Behörde sowie aller sonstig nicht schriftlich vorgenommen Verfahren sein zu verbal Protokoll zu machen 	der Erklärung der Partei  der mündlich Entscheidung der Behörde sowie aller anderer nicht schriftlich erledigt Verfahrensakte sein zu Protokoll zu nehmen 	der Erklärung der Partei  der mündlich Entscheidung der Behörde sowie aller sonstig Verfahrensakt  der nicht schriftlich ausführen werden  sein zu Protokoll zu nehmen 
Die Ausschließung vom Wahlrecht und von der Wählbarkeit kann nur die Folge einer gerichtlichen Verurteilung sein.	Wahlrecht	Wählerschaft	der Ausschluss von aktiv und passiv Wähler können nur der Folge ein gerichtlich Verurteilung sein 	der Ausschluss von aktiv und passiv Wähler können nur der Folge ein Verurteilung sein 	der Ausschluss von aktiv und passiv Wähler können nur der Ergebnis ein strafrechtlich Verurteilung sein 
Die Beamtinnen und Beamten sind verpflichtet, an Maßnahmen der dienstlichen Fortbildung teilzunehmen, die der Erhaltung und Verbesserung der Befähigung für ihren Dienstposten oder für gleich bewertete Tätigkeiten dienen.	dienstlich Fortbildung	Aktualisierung	Beamter und Beamter sein verpflichten  sich an der Aktualisierungsmaßnahme zu beteiligen  der zu Aufrechterhaltung und Verbesserung der Eignung für ihr Dienststellung oder für gleichwertig Tätigkeit dienen 	Beamter und Beamter sein verpflichten  sich an der Aktualisierungsmaßnahme zu beteiligen  der zu Erhaltung und Verbesserung ihr Eignung für ihr dienstlich Stellung oder für gleichwertig Tätigkeit dienen 	Beamter und Beamter sein verpflichten  sich an der Aktualisierungsmaßnahme zu beteiligen  der zu Erhaltung und Verbesserung ihr Eignung für ihr dienstlich Stellung oder für gleichwertig Tätigkeit dienen 
Die Bedeutung der ausnahmsweise erlaubten Zufahrt für Taxis im Unterschied zur (verbotenen) direkten Durchfahrt war vor Ort ohne besonderen Interpretationsbedarf erkennbar.	Zufahrt	Zugang,Zutrittsrecht	der Bedeutung der außergewöhnlich Zugang zu Taxi  in Gegensatz zu direkt  verboten  Transit  sein vor Ort ohne besonderer Auslegungserfordernis erkennbar 	der außergewöhnlich Zugang zu Taxi sein in Gegensatz zu  nicht zugelassen  Direkttransit vor Ort ohne besonderer Notwendigkeit der Auslegung erkennbar 	der Bedeutung der außergewöhnlich Zugang zu Taxi  in Gegensatz zu  unerlaubt  Direkttransit  sein vor Ort ohne besonderer Notwendigkeit der Auslegung erkennbar 
Die Behörde habe nicht erklärt, was sie unter der errichteten Betriebsanlage genau verstehe. Das wäre ebenso erforderlich gewesen wie eine genaue Definition, welcher Zustand aus Sicht der Behörde gesetzesmäßig sei.	gesetzesmäßig	rechtsgültig	der Behörde haben nicht genau erläutern  was sie mit der realisiert Betriebsanlage meinen  wer ebenso notwendig sein sein wie ein genau Definition der  wer aus der Sicht der Behörde rechtmäßig sein 	der Behörde haben nicht genau erläutern  wer genau unter der durchgeführt Betriebsanlage zu verstehen sein  wer ebenso notwendig sein sein wie ein genau Definition der  wer aus der Sicht der Behörde rechtmäßig sein 	der Behörde haben nicht genau erläutern  wer genau unter ein Betriebsanlage zu verstehen sein  wer ebenso notwendig sein sein wie ein genau Definition der  wer aus der Sicht der Behörde rechtmäßig sein 
Die Beisitzer des Wahlvorstandes sollen möglichst aus den Wahlberechtigten der Gemeinde, nach Möglichkeit aus den Wahlberechtigten des Wahlbezirks berufen werden.	Wahlvorstand	Wahllokal,Wahlraum	der Mitglied der Wahlsitz werden soweit wie möglich aus der wahlberechtigte der Gemeinde und  soweit möglich  aus der Wahlberechtigten der Wahlbezirk ernennen 	der Mitglied der Wahlbezirk müssen soweit wie möglich aus der wahlberechtigte der Gemeinde und  soweit möglich  aus der Wahlberechtigten der Wahlbezirk ernennen werden 	der Mitglied der Wahlbezirk müssen soweit wie möglich aus der wahlberechtigte der Gemeinde und  soweit möglich  aus der Wahlberechtigten der Wahlbezirk ernennen werden 
Die Beobachtung der für die Hauptverhandlung vorgeschriebenen Förmlichkeiten kann nur durch das Protokoll bewiesen werden. Gegen den diese Förmlichkeiten betreffenden Inhalt des Protokolls ist nur der Nachweis der Fälschung zulässig.	Fälschung	falsch	der Einhaltung der für der Verhandlung vorgeschrieben Formalität können nur durch der Protokoll nachweisen werden  gegen der Inhalt der Protokoll über dieser Formalität sein nur der Nachweis der Fälschung zulässig 	der Einhaltung der für der Verhandlung vorgeschrieben Formalität können nur durch der Protokoll nachweisen werden  gegen der Inhalt der Protokoll über dieser Formalität sein nur der Nachweis der Fälschung zulässig 	der Einhaltung der für der Verhandlung vorgeschrieben Formalität können nur durch der Protokoll nachweisen werden  gegen der Inhalt der Protokoll über dieser Formalität sein nur der Nachweis der Fälschung zulässig 
Die Berufung ist das Rechtsmittel gegen Urteil der 1. Instanz, die Revision gegen Urteil der 2. Instanz, und der Rekurs ist ein Rechtsmittel gegen Beschlüsse.	Rechtsmittel	Anfechtung,Rechtsmittelverfahren	der Berufung sein der Rechtsmittel gegen der Urteil erster Instanz  der Kassationsbeschwerde gegen der Urteil zweiter Instanz  und der Beschwerde sein ein Rechtsmittel gegen Beschluß 	der Berufung sein ein Rechtsmittel gegen der Urteil erster Instanz  ein Rechtsmittel gegen der Urteil zweiter Instanz  und der Beschwerde sein ein Rechtsmittel gegen der Anordnung 	der Berufung sein ein Rechtsmittel gegen der Urteil erster Instanz  ein Rechtsmittel gegen der Urteil zweiter Instanz  und der Beschwerde sein ein Rechtsmittel gegen der Anordnung 
Die Berufung wegen Nichtigkeit kann nur aus bestimmten Nichtigkeitsgründen ergriffen werden.	Nichtigkeit	absolut Nichtigkeit	ein Nichtigkeitsklage können nur aus bestimmt Grund eingelegt werden 	ein Antrag auf Nichtigerklärung können nur aus bestimmt Grund stellen werden 	ein Antrag auf Nichtigerklärung können nur aus bestimmt Grund stellen werden 
Die Beschwerde ist innerhalb einer Ausschlussfrist von 45 Tagen ab dem Tag der Zustellung des angefochtenen Aktes oder der Mitteilung des Aktes im Verwaltungsweg oder ab dem Zeitpunkt, an dem der Betroffene volle Kenntnis des Aktes erlangt hat, einzubringen.	Betroffener	interessiert Person	der Klage sein innerhalb von 45 Tag nach Zustellung der angefochten Schriftstück oder nach Übermittlung der Verwaltungsakts oder nachdem der beteiligter davon in voll Umfang Kenntnis erlangen haben  zu erheben 	der Klage sein innerhalb von 45 Tag nach Zustellung der angefochten Handlung oder nach Zustellung der Verwaltungsakt oder nach vollständig Kenntnis der betreffend Person zu erheben 	der Klage sein innerhalb von 45 Tag nach Zustellung der angefochten Schriftstück oder nach Zustellung der Schriftstück auf der Verwaltungsweg oder ab der Zeitpunkt  zu der der beteiligter davon in voll Umfang Kenntnis erlangen haben  zu erheben 
Die Beschwerdeführerin beruft sich in erster Linie darauf, die Baubewilligung habe ihr ein subjektives Recht verschafft.	subjektiv Recht	objektiv Recht	der Klägerin machen zunächst geltend  der Baugenehmigung haben ihr ein Anspruch gewähren 	der Beschwerdeführerin verweisen in erster Linie darauf  dass der Baugenehmigung ihr ein Recht gewähren haben 	der Beschwerdeführerin verweisen in erster Linie darauf  dass der Baugenehmigung ihr ein Recht gewähren haben 
Die Bestellung des Planungskoordinators hat zu Beginn der Planungsarbeiten zu erfolgen.	Planungskoordinator	Cloud-Anbieter,Cloud-Provider	der Ernennung der CSP muss zu Beginn der Planungsarbeit erfolgen 	der Ernennung der SCP erfolgen zu Beginn der Planungsarbeit 	der Bestellung der CSP muss zu Beginn der Planungsarbeit erfolgen 
Die Bestellung oder Abbestellung des Abfallbeauftragten und seines Stellvertreters ist der Behörde unverzüglich zu melden. Die Meldung über die Bestellung hat die Zustimmung des Abfallbeauftragten und seines Stellvertreters und Angaben über die fachliche Qualifikation des Abfallbeauftragten zu enthalten.	Zustimmung	Einwilligung,Konsens	der Benennung oder der Widerruf der Abfallverantwortlichen und sein Stellvertreter sein der Behörde unverzüglich mitteilen  der Mitteilung über der Benennung muss der Zustimmung der Abfallbeauftragter und sein Stellvertreter sowie Information über der beruflich Qualifikation der Abfallverantwortlichen enthalten 	der Benennung oder der Widerruf der für der Abfall verantwortliche und sein Stellvertreter sein der Behörde unverzueglich mitteilen  der Mitteilung über der Benennung muss der Zustimmung der für der Abfall verantwortliche und sein Stellvertreter sowie Information über der beruflich Qualifikation der Abfallverantwortlichen enthalten 	der Benennung oder der Widerruf der für der Abfall verantwortliche und sein Stellvertreter sein der Behörde unverzueglich mitteilen  der Mitteilung über der Benennung muss der Zustimmung der für der Abfall verantwortliche und sein Stellvertreter sowie Information über der fachlich Eignung der für der Abfall verantwortliche enthalten 
Die Bestimmungen der Artikel 2206 und 2207 sind auch auf Bevollmächtigte anzuwenden, die aufgrund einer ständigen Rechtsbeziehung die Befugnis haben, für den Unternehmer die mit dem Betrieb des Unternehmens zusammenhängenden Rechtshandlungen vorzunehmen, auch wenn sie dieses nicht leiten.	Bevollmächtigter	Prozessbevollmächtigter	der Bestimmung der Artikel 2206 und 2207 gelten auch für Staatsanwalt  der auf der Grundlage ein ständig Verhältnis befugen sein  für der Unternehmer der für der Ausübung der Unternehmen relevant Handlung zu vollstrecken  obwohl sie nicht dafür verantwortlich sein 	der Bestimmung der Artikel 2206 und 2207 gelten auch für Staatsanwalt  der auf der Grundlage ein ständig Bericht befugen sein  für der Unternehmer der für der Ausübung der Unternehmen relevant Handlung vornehmen  obwohl sie nicht für dieser Handlung verantwortlich sein 	der Bestimmung der Artikel 2206 und 2207 gelten auch für Staatsanwalt  der auf der Grundlage ein ständig Bericht befugen sein  für der Unternehmer der für der Ausübung der Unternehmen relevant Handlung vornehmen  auch wenn sie nicht dafür verantwortlich sein 
Die Bestimmungen der Exekutionsordnung über die Fahrnispfändung als auch jene der Geschäftsordnung für die Gerichte erster und zweiter Instanz  sind als Schutzgesetze anzusehen.	Geschäftsordnung	Rechtsverordnung,Verordnung	der Bestimmung der Durchführungsverordnung über der Zwangsvollstreckung sowie der Bestimmung der Verordnung für der Gericht erster und zweiter Instanz gelten als Schutzgesetz 	der Bestimmung der Durchführungsverordnung über der Zwangsvollstreckung sowie der Bestimmung der Verordnung über der Gericht erster und zweiter Instanz gelten als Schutzgesetz 	der Bestimmung der Durchführungsverordnung über der Zwangsvollstreckung sowie der Bestimmung der Verordnung über der Gericht erster und zweiter Instanz gelten als Schutzgesetz 
Die Bestimmungen über die Aussetzung oder den Entzug des Führerscheins  werden  auf die Bescheinigung über die Eignung zum Führen von Oberleitungsbussen angewandt, wenn sich der Sachverhalt beim Führen dieser Busse ergibt.	Bestimmung	Anordnung,Verfügung	der Bestimmung über der Aussetzung oder der Entzug der Führerschein gelten für der Bescheinigung über der Fahreignung von Kraftomnibussen  wenn der Umstand während der Führen solcher Kraftomnibusse eintreten 	der Bestimmung über der Aussetzung oder der Entzug der Führerschein gelten für der Befähigungsnachweis für der Führen ein Kraftomnibuss  wenn dieser während der Fahren ein solcher Kraftomnibuss der Fall sein 	der Bestimmung über der Aussetzung oder der Entzug der Führerschein gelten für der Befähigungszeugnis für der Führen ein Kraftomnibuss  wenn dieser während der Fahren ein solcher Kraftomnibuss der Fall sein 
Die Bestimmungen über die Wiedereinsetzung in die früheren Rechte werden auch bei einem auf Verurteilung lautenden ausländischen Urteil angewendet, das nach Artikel 12 anerkannt worden ist.	Wiedereinsetzung in der früh Recht	Rehabilitation	der Bestimmung über der Rehabilitation gelten auch für ein ausländisch Verurteilungsurteil  der gemäß Artikel 12 anerkennen werden 	der Bestimmung über der Rehabilitation gelten auch für ein ausländisch Urteil  der gemäß Artikel 12 anerkennen werden 	der Bestimmung über der Rehabilitation gelten auch für ein ausländisch Verurteilungsurteil  der gemäß Artikel 12 anerkennen werden 
Die Betreibende beantragte die Bewilligung der Exekution zur Erwirkung vertretbarer Handlungen nach § 353 EO, welche mit Beschluss des Bezirksgerichts Innsbruck vom 28. September 2006, GZ 25 E 4484/06x-3, bewilligt wurde.	Exekution zu Erwirkung vertretbar Handlung	Exekution zu Erwirkung unvertretbar Handlung	der Gläubigerin beantragen der Genehmigung zu Zwangsvollstreckung von Verpflichtung gemäß § 353 EO  der durch Entscheidung der Bezirksgericht Innsbruck von 28. September 2006  Ref . 25 E 4484  06x-3  genehmigen werden 	der Gläubigerin beantragen der Genehmigung der Zwangsvollstreckung von Pflichtpflicht gemäß § 353 EO  der durch Entscheidung der Distriktgericht Innsbruck von 28. September 2006  Ref . 25 E 4484  06x-3  genehmigen werden 	der Gläubigerin beantragen der Genehmigung der Zwangsvollstreckung von Verpflichtungszusage gemäß § 353 EO  der durch Entscheidung der Distriktgericht Innsbruck von 28. September 2006  Ref . 25 E 4484  06x-3  genehmigen werden 
Die Bezeichnungen der einzelnen Verwaltungseinheiten sollen Aufschluss über die jeweilige Sachzuständigkeit geben.	Sachzuständigkeit	sachlich Zuständigkeit	der Bezeichnung der einzeln Verwaltungseinheit müssen Angabe über ihr Sachkompetenz enthalten 	der Bezeichnung der einzeln Verwaltungseinheit müssen Angabe über ihr jeweilig Sachkompetenz enthalten 	der Bezeichnung der einzeln Verwaltungseinheit müssen Angabe über der jeweilig Sachkunde enthalten 
Die Brandausbreitung wird  durch folgende 3 Faktoren wesentlich beeinflusst: bauliche Mängel, betriebstechnische Mängel und feuerwehrtaktische Mängel.	Brandausbreitung	Brandverlauf	der Entwicklung der Brand werden durch folgend drei Faktor erheblich beeinflussen  strukturell Mangel  technisch-operativ Mangel und taktisch Mangel der Feuerwehr 	der Entwicklung der Brand werden durch folgend drei Faktor erheblich beeinflussen  strukturell Mangel  technisch-operationell Mangel und taktisch Mangel der Feuerwehr 	der Entwicklung der Brand werden durch folgend drei Faktor erheblich beeinflussen  strukturell Mangel  technisch-operationell Mangel und taktisch Mangel der Feuerwehr 
Die Buchführung bildet die Grundlage der Rechnungslegung. Sie erfasst diejenigen Geschäftsvorfälle und Sachverhalte, die für die Darstellung der Vermögens-, Finanzierungs- und Ertragslage des Unternehmens (wirtschaftliche Lage) notwendig sind.	Buchführung	Buchhaltung	der Rechnungsführung bilden der Grundlage für der Berichterstattung und stellen fest  welcher Geschäftsvorgang und Fakt für der Darstellung der Vermögen  Finanz und Ertragslage der Unternehmen  wirtschaftlich Lage  erforderlich sein 	der Rechnungslegung bilden der Grundlage für der Berichterstattung und erfassen der Geschäftsvorgang und der Fakt  der für der Darstellung der Vermögen  Finanz und Ertragslage der Unternehmen erforderlich sein  wirtschaftlich Lage  	der Rechnungslegung bilden der Grundlage für der Berichterstattung und erfassen der Geschäftsvorgang und Sachverhalt  der für der Darstellung der Vermögen  Finanz und Ertragslage der Unternehmen  wirtschaftlich Lage  erforderlich sein 
Die Bundesagentur ist der für die Durchführung der Aufgaben nach diesem Buch Sozialgesetzbuch III zuständige Verwaltungsträger. Sie darf ihre Mittel nur für die gesetzlich vorgeschriebenen oder zugelassenen Zwecke verwenden.	Durchführung	Exekution,Vollstreckung	der Bundesagentur sein der Verwaltungsstelle  der für der Erfüllung der in dieser Buch der Sozialgesetzbuch III genannt Aufgabe zuständig sein  sie können ihr Mittel nur für der gesetzlich vorgeschrieben oder gesetzlich zulässig Zweck verwenden 	der Bundesagentur sein für der Wahrnehmung der in dieser Buch der Sozialgesetzbuchs III genannt Aufgabe zuständig  sie dürfen ihr Mittel nur für gesetzlich vorgeschrieben oder gesetzlich zulässig Zweck verwenden 	der Bundesagentur sein der für der Durchführung der in dieser Buch der Sozialgesetzbuchs III genannt Aufgabe zuständig Verwaltungsbehörde  sie dürfen ihr Mittel nur für gesetzlich vorgeschrieben oder gesetzlich genehmigt Zweck verwenden 
Die Bundesgesetze sind vom Bundeskanzler im Bundesgesetzblatt kundzumachen. Soweit nicht ausdrücklich anderes bestimmt ist, treten sie mit Ablauf des Tages ihrer Kundmachung in Kraft und gelten für das gesamte Bundesgebiet.	Kundmachung	Veröffentlichung	der Bundesgesetz müssen von Bundeskanzler in Bundesamt veröffentlichen werden  Sofern nichts anderer bestimmen sein  treten sie an Tag ihr Veröffentlichung in Kraft und gelten für der gesamt Bundesgebiet 	der Bundesgesetz müssen von Bundeskanzler in Bundesgesetzblatt veröffentlichen werden  und sofern nicht ausdrücklich etwas anderer vorsehen sein  treten sie an Tag ihr Veröffentlichung in Kraft und gelten für der gesamt Bundesgebiet 	der Bundesgesetz müssen von Bundeskanzler in Bundesgesetzblatt veröffentlichen werden  und sofern nicht ausdrücklich etwas anderer vorsehen sein  treten sie an Tag ihr Veröffentlichung in Kraft und gelten für der gesamt Bundesgebiet 
Die Bundesregierung regelt durch Rechtsverordnung das Erstattungsverfahren sowie das Nähere hinsichtlich der betrieblichen oder überbetrieblichen Alters- und Hinterbliebenenversorgung; in ihr kann bestimmt werden, welche Einrichtungen als betriebliche oder überbetriebliche Alters und Hinterbliebenenversorgung im Sinne des Gesetzes anzusehen sind.	Rechtsverordnung	Geschäftsordnung	der Bundesregierung regeln durch Verordnung der Erstattungsverfahren sowie der Modalität der betrieblich oder betrieblich Alter und Hinterbliebenenversicherung  darin können festlegen werden  welcher Einrichtung als betrieblich oder interbetrieblich Alter und Hinterbliebenenversicherung in Sinn der Gesetz ansehen sein 	der Bund regeln durch Verordnung der Verfahren der Erstattung sowie der Modalität der betrieblich oder betriebsübergreifend Alter und Hinterbliebenenversicherung  in dieser Verfahren können festlegen werden  welcher Einrichtung als betrieblich oder betriebsübergreifend Alter und Hinterbliebenenversicherung in Sinn der Gesetz ansehen sein 	der Bund regeln durch Verordnung der Verfahren der Erstattung sowie der Modalität der betrieblich oder betriebsübergreifend Alter und Hinterbliebenenversicherung  in dieser Verfahren können festlegen werden  welcher Einrichtung als betrieblich oder betriebsübergreifend Alter und Hinterbliebenenversicherung in Sinn der Gesetz ansehen sein 
Die Datenschutzbehörde hat die Genehmigung an die Erfüllung von Bedingungen und Auflagen zu knüpfen, soweit dies zur Wahrung der schutzwürdigen Interessen der betroffenen Person notwendig ist.	Wahrung	Vormundschaft	der Datenschutzbehörde muss der Genehmigung von der Erfüllung der Bedingung und Auflage abhängig machen  soweit dieser zu Schutz der Interesse der betroffen Person erforderlich sein 	der Datenschutzbehörde muss der Genehmigung von der Erfuellung der Bedingung und Auflage abhängig machen  soweit dieser zu Schutz der schutzwürdig Interesse der betroffen Person erforderlich sein 	der Datenschutzbehörde muss der Genehmigung von der Erfuellung der Bedingung und Auflage abhängig machen  soweit dieser zu Schutz der schutzwürdig Interesse der betroffen Person erforderlich sein 
Die Datenschutzbehörde teilt die Entscheidung über den Antrag auf Genehmigung innerhalb von 45 Tagen mit; .	Entscheidung	abschließend Maßnahme,endgültig Maßnahme	der Datenschutzbehörde teilen ihr Entscheidung über der Genehmigungsantrag innerhalb von 45 Tag mit	der Datenschutzbehörde teilen ihr Entscheidung über der Genehmigungsantrag innerhalb von 45 Tag mit 	der Datenschutzbehörde teilen ihr Entscheidung über der Genehmigungsantrag innerhalb von 45 Tag mit 
Die Dauer der Freiheitsstrafe beträgt in der Regel mindestens sechs Monate; die Höchstdauer beträgt 20 Jahre. Wo es das Gesetz ausdrücklich bestimmt, dauert die Freiheitsstrafe lebenslänglich.	Freiheitsstrafe	Anhalten,Anhaltung,Festnahme,Verhaftung	der Dauer der Festnahme betragen in der Regel mindestens sechs Monat  der maximal Dauer betragen 20 Jahr  soweit der Gesetz dieser ausdrücklich vorsehen  sein der Festnahme an Leben 	der Dauer der Festnahme betragen in der Regel mindestens sechs Monat  höchstens 20 Jahr  und wenn der Gesetz dieser ausdrücklich vorsehen  sein der Festnahme an Leben 	der Dauer der Festnahme betragen in der Regel mindestens sechs Monat  höchstens 20 Jahr  und wenn der Gesetz dieser ausdrücklich vorsehen  sein der Festnahme an Leben 
Die Dekrete laut Artikel 20-bis des Gesetzesdekretes vom 18. Oktober 2012, Nr. 179  regeln im Einzelnen, wie die Register im Rahmen der elektronischen Datenverarbeitung zu führen sind .	Gesetzesdekret	Bauleiter	der in Artikel 20a der DL von 18. Oktober 2012 genannt Erlass Nr. 179 regeln in Einzelner der Art und Weise der Führung der Register in Rahmen der elektronisch Datenverarbeitung 	der in Artikel 20a der Gesetzesdekret DL Nr. 179 von 18. Oktober 2012 genannt Erlass regeln detailliert der Modalität der Führung der Register in Rahmen der elektronisch Datenverarbeitung 	der in Artikel 20a der Gesetzesdekret DL Nr. 179 von 18. Oktober 2012 genannt Erlass regeln detailliert der Modalität der Führung der Register in Rahmen der elektronisch Datenverarbeitung 
Die Delegierung von Verwaltungsaufgaben bringt für den Beauftragten die Verantwortung dafür mit sich, daß die Verwaltungsmaßnahme fachlich, buchhalterisch oder in Hinblick auf die Rechtmäßigkeit regulär ist.	Rechtmäßigkeit	Ehelichkeit,ehelich Abstammung	der Übertragung von Verwaltungsaufgabe beinhalten für der delegierter der Verantwortung  dass der Verwaltungsmaßnahme technisch  buchhalterisch oder rechtlich ordnungsgemäß sein 	der Übertragung von Verwaltungsaufgabe umfassen für der delegierter der Verantwortung dafür  dass der Verwaltungsmaßnahme in technisch  buchhalterisch oder gesetzlich Hinsicht ordnungsgemäß durchführen werden 	bei der Übertragung von Verwaltungsaufgabe sein der bevollmächtigt Vertreter dafür verantwortlich  dass der Verwaltungsmaßnahme in technisch  buchhalterisch oder gesetzlich Hinsicht ordnungsgemäß durchführen werden 
Die Dienststellen haben eine territoriale Zuständigkeit, das bedeutet, dass Unternehmer/innen sich an die Dienstelle der Handelskammer der Provinz wenden können, in der der Betrieb seinen Rechtsitz hat.	territorial Zuständigkeit	örtlich Zuständigkeit	der Niederlassung haben ein gebietsspezifisch Zuständigkeit  wer bedeuten  dass Unternehmer  Unternehmerin sich an der Sitz der Handelskammer der Provinz wenden können  in der der Unternehmen sein Sitz haben 	der Geschäftsstelle sein gebietsspezifisch zuständig  wer bedeuten  dass Unternehmer / innen sich an der Sitz der Handelskammer in der Provinz wenden können  in der der Unternehmen sein Firmensitz haben 	der Niederlassung sein gebietsspezifisch zuständig  wer bedeuten  dass Unternehmer / innen sich an der Sitz der Handelskammer in der Provinz wenden können  in der der Unternehmen sein Firmensitz haben 
Die Ehe wird auf Lebenszeit geschlossen. Die Ehegatten sind einander zur ehelichen Lebensgemeinschaft verpflichtet; sie tragen füreinander Verantwortung.	ehelich Lebensgemeinschaft	zusammenleben	der Ehe sein lebenslänglich  der Ehegatt sein zu zusammenleben verpflichten  sie sein füreinander verantwortlich 	Eheschließung sein lebenslang  der Ehegatt sein zu zusammenleben verpflichten  sie sein füreinander verantwortlich 	der Ehe sein ein Lebensvertrag  und der Ehegatt sein zu zusammenleben verpflichten  sie sein füreinander verantwortlich 
Die Eheschliessung ist zwischen Verwandten in gerader Linie sowie zwischen Geschwistern oder Halbgeschwistern, gleichgültig ob sie miteinander durch Abstammung oder durch Adoption verwandt sind, verboten.	Eheschliessung	Ehe	der Ehe sein zwischen verwandte in gerad Linie sowie zwischen Brüdern oder Schwester oder Halbbrüder oder Halbschwester verbieten  unabhängig davon  ob sie durch Nachkommenschaft oder Adoption verwandt sein 	der Ehe sein zwischen verwandte in gerad Linie sowie zwischen Brüdern oder Schwester oder Halbgeschwistern oder Schwester verbieten  unabhängig davon  ob sie durch Nachkommenschaft oder Adoption als verwandte verbinden sein 	der Ehe sein zwischen verwandte in gerad Linie sowie zwischen Brüdern oder Schwester oder Halbgeschwistern oder Schwester verbieten  unabhängig davon  ob sie durch Nachkommenschaft oder Adoption als verwandte verbinden sein 
Die Einrichtung durch Gesetz, der eigene und übertragene Wirkungsbereich die Weisungsfreiheit im eigenen Wirkungsbereich, die Staatsaufsicht, die demokratische Bestellung der Organe, die Privatrechtsfähigkeit und die Satzungsautonomie stellen die organisationsrechtlichen und funktionalen Grundlagen und Schranken der nichtterritorialen Selbstverwaltung dar.	nichtterritorial Selbstverwaltung	nichtterritorial Selbstverwaltungskörper	der Institution durch Gesetz  ihr eigen und übertragen Zuständigkeitsbereich  der Autonomie der Richtlinie in ihr eigen Zuständigkeitsbereich  der staatlich Aufsicht  der demokratisch Ernennung von Organ  der Rechtsfähigkeit der Privatrecht und der statutarisch Autonomie bilden der Grundlage und der organisatorisch-rechtlich und funktionell Grenze der funktionell Autonomie 	der Institution per Gesetz  ihr eigen und übertragen Zuständigkeitsbereich  der Autonomie der Richtlinie in ihr eigen Zuständigkeitsbereich  der staatlich Aufsicht  der demokratisch Bestellung von Organ  der Rechtsfähigkeit der Privatrecht und der Autonomie der Statut bilden der Grundlage und der organisatorisch-juristisch und funktionell Grenze der funktional Autonomie 	der Institution per Gesetz  ihr eigen und übertragen Zuständigkeitsbereich  der Autonomie der Richtlinie in ihr eigen Zuständigkeitsbereich  der staatlich Aufsicht  der demokratisch Bestellung von Organ  der Rechtsfähigkeit der Privatrecht und der statutarisch Autonomie bilden der Grundlage und der organisatorisch-juristisch und funktionell Grenze der funktional Autonomie 
Die Eintragung in die zusätzliche Wählerliste gilt von dem Tag an, an dem der Staatsbürger nach den geltenden Gesetzen in das Personenstandsregister der ansässigen Bevölkerung der Zuwanderungsgemeinde im Gebiet der  Region Trentino-Südtirol eingetragen wird.	Wählerliste	Kandidatenliste,Wahlwerberliste	der Aufnahme in der Hinzugefügte Wahlliste werden ab der Tag wirksam  an der der Bürger gemäß der geltend Rechtsvorschrift in der Verzeichnis der Einwohner der Einwanderungsgemeinde in der Gebiet der Region Trentino-Südtirol eintragen sein 	der Aufnahme in der neu hinzugefügt Wählerliste werden ab der Tag wirksam  an der der Bürger nach der geltend Rechtsvorschrift in der Verzeichnis der Einwohner der Einwanderungsgemeinde in Gebiet der Region Trentino-Alto Adige eintragen sein 	der Aufnahme in der hinzugefügt Wählerliste werden ab der Tag wirksam  an der der Bürger gemäß der geltend Rechtsvorschrift in der Verzeichnis der Einwohner der Einwanderungsgemeinde in Gebiet der Region Trentino-Alto Adige eintragen sein 
Die Einweisung in eine Trinkerheilanstalt schränkt die durch das ungeschriebene Verfassungsrecht des Bundes gewährleistete persönliche Freiheit des Betroffenen erheblich ein.	Einweisung	Zuweisung	der Zuweisung an ein Alkoholiker-Heilanstalt schränken der persönlich Freiheit der betroffen Person erheblich ein  der durch der ungeschrieben Bundesverfassungsrecht gewährleisten sein 	der Zuteilung an ein Behandlungsinstitut für Alkoholiker schränken der persönlich Freiheit der betroffener erheblich ein  der durch der ungeschrieben Bundesverfassungsgericht garantieren werden 	der Zuteilung an ein Alkoholsorgeanstalt schränken der persönlich Freiheit der Betreffenden erheblich ein  der durch der ungeschrieben Bundesverfassungsgericht garantieren werden 
Die Einwilligung ist frei, wenn sie ohne Irrtum, List oder Zwang zustande gekommen ist.	Zwang	Gewalt	der Zustimmung sein frei  wenn sie ohne Fehler  Vorsatz oder Gewalt erteilen werden 	der Zustimmung sein frei  wenn sie ohne Fehler  Vorsatz oder Gewalt erteilen werden 	der Zustimmung sein frei  wenn sie fehlerfrei  vorsätzlich oder gewaltsam erteilen werden 
Die Einzelgläubiger eines der Ehegatten können sich, auch wenn die Forderung vor der Eheschließung entstanden ist, subsidiär aus den Sachen der Gütergemeinschaft bis zu dem Wert, der dem Anteil des verpflichteten Ehegatten entspricht, befriedigen.	Einzelgläubiger	Privatgläubiger	der besonderer Gläubiger einer der Ehegatt können sich erfüllen  auch wenn der Forderung vor der Ehe entstehen sein  subsidiär auf der Vermögensgegenstand der Gütergemeinschaft bis zu der Wert  der der Anteil der verpflichtet Ehegatt entsprechen 	der besonderer Gläubiger einer der Ehegatt können sich erfuellen  auch wenn der Forderung vor der Ehe entstehen sein  und zwar ergänzend zu der Vermögenswert der Gütergemeinschaft bis zu der Wert  der der Anteil der verpflichtet Ehegatt entsprechen 	der besonderer Gläubiger einer der Ehegatt können sich selbst erfuellen  auch wenn der Forderung vor der Ehe entstehen sein  und zwar ergänzend zu der Vermögensgegenständ der Gütergemeinschaft bis zu der Wert  der der Anteil der verpflichtet Ehegatt entsprechen 
Die Entscheidung darüber, ob eine innerhalb der Frist erfolgte Bewerbung der Auslobung entspricht oder welche von mehreren Bewerbungen den Vorzug verdient, ist durch die in der Auslobung bezeichnete Person, in Ermangelung einer solchen durch den Auslobenden zu treffen.	Vorzug	Vorfahrt	der Entscheidung über der Eignung ein Bewerbung  der vor Ablauf der Ausschreibungsfrist einreichen werden oder der zwischen mehrere Bewerbung Vorrang einräumen werden sollen  werden von der in der Ausschreibung genannt Person oder  falls kein solcher Angabe vorliegen  von Auftraggeber treffen 	der Entscheidung darüber  ob ein Bewerbung innerhalb der Frist für der Bekanntmachung stellen werden oder unter welcher Bewerber der Vorrang einräumen werden sollen  werden von der in der Bekanntmachung genannt Person oder  falls dieser nicht der Fall sein  von Aussteller treffen 	der Entscheidung über der Eignung ein Bewerbung  der innerhalb der Frist für der Bekanntmachung einreichen werden oder bei der zwischen mehrere Bewerber der Vorrang gewähren werden sollen  werden von der in der Bekanntmachung genannt Person oder  wenn dieser nicht der Fall sein  von Aussteller treffen 
Die Entschädigung wird vom Richter unter Würdigung aller Umstände festgesetzt, darf aber den Betrag nicht übersteigen, der dem Lohn des Arbeitnehmers für sechs Monate entspricht. Schadenersatzansprüche aus einem anderen Rechtstitel sind vorbehalten.	Rechtstitel	Titel	der Entschädigung werden von Gericht unter Berücksichtigung aller Umstand festsetzen  dürfen jedoch der Betrag  der der Entgelt der Arbeitnehmer für sechs Monat entsprechen  nicht überschreiten  der Anspruch auf Ersatz der Schaden  der sich aus ein anderer Titel ergeben  bleiben hiervon unberührt 	der Entschädigung werden von Gericht unter Berücksichtigung aller Umstand festsetzen  dürfen jedoch der Betrag  der der Arbeitsentgelt der Arbeitnehmer für ein Zeitraum von sechs Monat entsprechen  nicht überschreiten  Anspruch auf Ersatz der Schaden  der sich aus ein anderer Titel ergeben  bleiben hiervon unberührt 	der Entschädigung werden von Gericht unter Berücksichtigung aller Umstand festsetzen  dürfen jedoch der Betrag  der der Arbeitsentgelt der Arbeitnehmer für ein Zeitraum von sechs Monat entsprechen  nicht überschreiten  Anspruch auf Ersatz der Schaden  der sich aus ein anderer Titel ergeben  bleiben hiervon unberührt 
Die Erklärung der Brautleute, den anderen zum Ehemann beziehungsweise zur Ehefrau zu nehmen, kann weder an eine Befristung noch an eine Bedingung geknüpft werden.	Befristung	Grenzzeichen,Verfahrensfrist	der Erklärung der Bräutigam  sich gegenseitig als Ehemann oder Ehefrau zu nehmen  dürfen weder ein Frist noch ein Bedingung untergeordnet sein 	der Erklärung der Bräutigam  sich gegenseitig als Ehemann oder Ehefrau zu nehmen  dürfen weder ein Frist noch ein Bedingung untergeordnet werden 	der Erklärung der Bräutigam  sich gegenseitig als Ehemann oder Ehefrau zu nehmen  dürfen weder ein Frist noch ein Bedingung untergeordnet werden 
Die Erklärung, nur Verträge mit den Personen zu vermitteln, welche die einzelnen Reiseleistungen ausführen sollen (Leistungsträger), bleibt unberücksichtigt, wenn nach den sonstigen Umständen der Anschein begründet wird, dass der Erklärende vertraglich vorgesehene Reiseleistungen in eigener Verantwortung erbringt.	Verantwortung	Verantwortlichkeit,strafrechtlich Verantwortlichkeit	der Erklärung  Vertrag nur mit Person zu schließen  der der einzeln Reiseleistung  Dienstleistungserbringer  erbringen müssen  bleiben irrelevant  wenn nach der anderer Umstand der Eindruck entstehen  dass der Registrant vertraglich vorgesehen Reiseleistung unter sein Verantwortung erbringen 	der Erklärung  Vertrag nur mit der Person zu schließen  der der einzeln Dienstleistung erbringen müssen  Dienstleistungserbringer   sein irrelevant  wenn unter der anderer Umstand der Anschein entstehen  als ob der Registrant der Dienstleistung erbringen  für der er vertraglich verantwortlich sein 	der Erklärung  Vertrag nur mit Person abschließen  der der einzeln Dienstleistung  Dienstleistungserbringer  erbringen müssen  sein irrelevant  wenn unter der anderer Umstand der Anschein entstehen  als ob der Registrant vertraglich vereinbart Dienstleistung in eigen Verantwortung erbringen 
Die Ernennung der Friedensrichter und ihrer Stellvertreter, die Erklärung des Amtsverlustes, die Entlassung und die Amtsenthebung erfolgen durch den Präsidenten der Region auf Grund einer Delegierung durch den Präsidenten der Republik unter Beachtung der übrigen einschlägigen Bestimmungen der Gerichtsordnung.	Delegierung	Anweisung,Zahlungsanweisung,Zahlungsaufforderung,Zahlungsauftrag	der Ernennung der Friedensrichter und ihr Stellvertreter  der Erklärung der Verfall  der Ruhepause und der Absetzung werden von Präsident der Region auf der Grundlage ein Delegation der Präsident der Republik unter Beachtung der anderer einschlägig Bestimmung der Justizsystem anordnen 	der Ernennung der Friedensrichter und ihr Stellvertreter  der Erklärung über der Verfall  der Ruhepause und der Absetzung werden von Präsident der Region auf der Grundlage ein Delegation der Präsident der Republik unter Einhaltung der übrig einschlägig Bestimmung der Justizsystem anordnen 	der Ernennung der Friedensrichter und ihr Stellvertreter  der Erklärung über der Verfall  der Ruhepause und der Absetzung werden von Präsident der Region auf der Grundlage ein Delegation der Präsident der Republik unter Einhaltung der übrig einschlägig Bestimmung der Justizsystem anordnen 
Die Ernennungsurkunde ist zur Kenntnisnahme an den in Artikel 3 genannten Schriftführer zu senden.	Ernennungsurkunde	Ernennung,Ernennungsakt	der Ernennungsurkunde sein der in Artikel 3 genannt Sekretär zu Kenntnisnahme zuleiten 	der Ernennungsakt sein der in Artikel 3 genannt Sekretär zu Kenntnisnahme zu übermitteln 	der Ernennungsakt sein der in Artikel 3 genannt Sekretär zu Kenntnisnahme zu übermitteln 
Die Ersatzerben haben die den eingesetzten Erben auferlegten Pflichten zu erfüllen, es sei denn, daß der Erblasser einen anderen Willen zum Ausdruck gebracht hat oder daß es sich um Verpflichtungen persönlicher Art  handelt.	Ersatzerbe	Nacherbe	ersetzt Erbe müssen ihr Verpflichtung nachkommen  es sein denn  der Erblasser haben ein anderer Wille bekunden oder es handeln sich um persönlich Verpflichtung 	der Ersetzung müssen der der etabliert Erbe auferlegt Verpflichtung erfuellen  es sein denn  der Erblasser haben ein anderer Wille bekunden oder es handeln sich um persönlich Verpflichtung 	der Ersetzung müssen der der etabliert Erbe auferlegt Verpflichtung erfuellen  es sein denn  der Erblasser haben ein anderer Wille bekunden oder es handeln sich um persönlich Verpflichtung 
Die Ersatzerklärung laut Absatz 1 kann folgende Gegebenheiten persönlicher Natur betreffen:Unbescholtenenstand oder Fehlen von Verurteilungen wegen bestimmter Vergehen; Fehlen von Verfahren zur Verhängung von Maßnahmen zur Verhütung der Kriminalität, unbeschadet der besonderen Bestimmungen über die Mafiaverbrechensbekämpfung .	Maßnahme zu Verhütung der Kriminalität	Präventionsmaßnahme,Vorbeugemaßnahme,Vorsorgemaßnahme	der Ersatzerklärung gemäß Absatz 1 können sich auf folgend Staat  persönlich Eigenschaft und Tatsache beziehen  Unzulässigkeit oder fehlen von Verurteilung bei bestimmt Straftat  fehlen von Verfahren zu Durchführung von Präventivmaßnahme  unbeschadet besonderer Bestimmung zu Bekämpfung der Mafiakriminalität 	der Ersatzerklärung nach Absatz 1 können sich auf folgend Personenstand und -qualität und Sachverhalt beziehen  Unzulässigkeit oder fehlen von Verurteilung bei bestimmt Straftat  fehlen von Verfahren zu Durchführung von Präventivmaßnahme  unbeschadet besonderer Bestimmung zu Bekämpfung der Mafiakriminalität 	der Ersatzerklärung nach Absatz 1 können sich auf folgend Personenstand und -qualität und Sachverhalt beziehen  Unzulässigkeit oder fehlen von Verurteilung bei bestimmt Straftat  fehlen von Verfahren zu Durchführung von Präventivmaßnahme  unbeschadet besonderer Bestimmung zu Bekämpfung der Mafiakriminalität 
Die Ersitzung wird durch Vornahme oder Beantragung einer gerichtlichen oder behördlichen Vollstreckungshandlung unterbrochen.	Vollstreckungshandlung	Ausführungshandlung	der Usukapion werden durch der Erlass oder der Aufforderung ein gerichtlich oder administrativ Vollstreckungsakt unterbrechen 	der Verwahrer werden durch der Erhebung oder der Antrag auf Erlass ein gerichtlich oder verwaltungsrechtlich Vollstreckbarerklärung unterbrechen 	der Verwahrer werden durch der Erhebung oder der Antrag auf Erlass ein gerichtlich oder verwaltungsrechtlich Vollstreckbarerklärung unterbrechen 
Die Exekution auf Geldforderungen des Verpflichteten erfolgt durch Pfändung und Überweisung.	Exekution auf Geldforderung	Anspruchsexekution,Exekution auf Anspruch auf Herausgabe und Leistung körperlich Sache	der Enteignung der Schuldner durch dritter erfolgen durch Zwangsvollstreckung und Zuweisung 	der Enteignung der Schuldner bei dritter erfolgen durch Pfändung und Beschlagnahmung 	der Enteignung der Schuldner bei dritter erfolgen durch Pfändung und Beschlagnahmung 
Die Fahrschulbewilligung  darf nur erteilt werden, wenn a) die für die theoretische und praktische Ausbildung von Fahrschülern erforderlichen Räume und die Mittel für Lehrpersonen, Lehrbehelfe und Schulfahrzeuge sichergestellt sind, .	Fahrschulbewilligung	Ermächtigung,Genehmigung,behördlich Erlaubnis	der Zulassung der Fahrschule können nur erteilen werden  wenn a  der erforderlich Räumlichkeit für der theoretisch und praktisch Ausbildung der Fahrerschüler und der Mittel für der Lehrer  der pädagogisch Unterstützung und der Fahrzeug der Schule garantieren sein  	der Zulassung der Fahrschule können nur erteilen werden  wenn a  der für der theoretisch und praktisch Ausbildung der Fahrerschüler erforderlich Räumlichkeit sowie der Mittel für Lehrer  Lehrmittel und Schulfahrzeug gewährleisten sein 	der Fahrerlaubnis dürfen nur erteilen werden  wenn a  der erforderlich Räumlichkeit für der theoretisch und praktisch Ausbildung der Fahrerschüler und der Ausstattung der Lehrer  der Lehrmittel und der Schulfahrzeug gewährleisten sein 
Die Feststellung der Sprachkenntnisse nach Abs. 3 erfolgt vor der Ernennung, der Versetzung oder der Auftragserteilung. Das diesbezügliche Verfahren wird in einer entsprechenden Verordnung festgelegt.	Verordnung	Anordnung	der Feststellung der Sprachkenntniss gemäß Absatz 3 erfolgen vor der Ernennung  Übertragung oder Übertragung der Amt  der Verfahren hierfür werden in ein entsprechend Beschluss festlegen 	der Feststellung der Sprachkenntniss gemäß Absatz 3 erfolgen vor der Ernennung  Übertragung oder Übertragung der Amt  der Verfahren hierfür werden in ein entsprechend Beschluss festlegen 	der Feststellung der Sprachkenntniss gemäß Absatz 3 erfolgen vor der Ernennung  Übertragung oder Übertragung der Amt  der entsprechend Verfahren werden in ein entsprechend Beschluss festlegen 
Die Finanzbehörden können Ausnahmen von der Mitteilungspflicht zulassen, wenn die Zahlungen geringe oder keine steuerliche Bedeutung haben.	Mitteilungspflicht	Informationspflicht	der Finanzbehörde können Ausnahme von der Meldepflicht zulassen  wenn der Zahlung ein gering oder gar kein steuerlich Bedeutung haben 	der Finanzbehörde können Ausnahme von der Meldepflicht zulassen  wenn Zahlung von gering steuerlich Bedeutung oder von gering Bedeutung sein 	der Finanzbehörde können Ausnahme von der Meldepflicht zulassen  wenn der Zahlung ein gering steuerlich oder sonstig Bedeutung haben 
Die Finanzierungen zu Lasten des ordentlichen Fonds, des Fonds für Investitionen und des Ausgleichsfonds werden in vier gleichen Raten zugewiesen.	Fonds	Grundstück	der Finanzierung aus der ordentlich Fonds  der Investitionsfonds und der Ausgleichsfonds erfolgen in vier gleich Rate 	der Mittel aus der ordentlich Fonds  der Investitionsfonds und der Ausgleichsfonds werden in vier gleich Rate bereitstellen 	der Mittel aus der ordentlich Fonds  der Investitionsfonds und der Ausgleichsfonds werden in vier gleich Rate bereitstellen 
Die Forderungen bezüglich der Abfertigung sowie der Entschädigung gemäß Artikel 2118 werden im Falle der fruchtlosen Vollstreckung auf die beweglichen Sachen hilfsweise mit Vorrang gegenüber den nicht bevorrechtigten Forderungen im Erlös aus den Liegenschaften untergebracht.	Vollstreckung	Ausführung,Durchführung	Forderung in Zusammenhang mit der Berichtsabschluss und der Entschädigung nach Artikel 2118  der nicht in Anspruch nehmen werden können  werden subsidiär gegenüber Forderung  der nicht bevorzugt auf der Erlös aus Immobilie sein  stellen 	Forderung in Zusammenhang mit der Aufwandsentschädigung sowie Forderung in Sinn der Artikel 2118 in Fall ein erfolglos Ausführung von beweglich Vermögensgegenständ werden subsidiär zu Last von nicht bevorrechtigt Forderung aus der Erlös aus unbeweglich Vermögensgegenständ stellen 	Forderung  der sich auf der Aufwandsentschädigung sowie auf der Entschädigung nach Artikel 2118 beziehen  werden in Fall ein erfolglos Ausführung von beweglich Vermögensgegenständ subsidiär zu Last von nicht bevorrechtigt Forderung über der Erlös aus unbeweglich Vermögensgegenständ stellen 
Die Form der Gegenüberstellung zum Zweck der Identifizierung und ihren Zeitpunkt bestimmt der Richter, zB die Kleidung  oder eine Veränderung der Haar- oder Barttracht .	Identifizierung	Anerkennung	der Form der Vergleich zu Zweck der Anerkennung und der Zeitpunkt werden von Gericht festlegen  z. B. der Kleidung oder ein Änderung der Frisur oder der Bart 	der Form der Vergleich zu Zweck der Anerkennung und der Zeitpunkt werden von Gericht festlegen  z. B. bei Kleidung oder ein Änderung der Frisur oder der Bart 	der Form der Vergleich zu Zweck der Anerkennung und der Zeitpunkt werden von Gericht festlegen  z. B. bei Kleidung oder ein Änderung der Frisur oder der Bart 
Die Freiheitsstrafe ist zeitig, wenn das Gesetz nicht lebenslange Freiheitsstrafe androht. Das Höchstmaß der zeitigen Freiheitsstrafe ist fünfzehn Jahre, ihr Mindestmaß ein Monat.	Freiheitsstrafe	Festnahme,Verhaftung,Warten	der Festnahme sein vorübergehend  wenn der Gesetz der lebenslang Festnahme nicht zu Folge haben  der maximal Höhe der vorübergehend Festnahme betragen 15 Jahr  der Mindestdauer betragen ein Monat 	der Festnahme sein zeitlich befristen  wenn der Gesetz nicht der lebenslang Festnahme zu Folge haben  wobei der maximal Dauer der Festnahme 15 Jahr betragen  der Mindestdauer betragen ein Monat 	der Festnahme sein befristen  wenn der Gesetz der lebenslang Festnahme nicht zu Folge haben  der Höchststrafe betragen 15 Jahr  der Mindestdauer betragen ein Monat 
Die Freiwilligen des Landeszivildienstes erhalten monatlich eine Spesenrückvergütung, die vom Träger vorgestreckt wird.	Spesenrückvergütung	Ersatz der Kosten	der Freiwilligen der Zivildienst der Provinz werden monatlich ein Erstattung der Kosten zahlen  der von Leitungsorgan vorverlegen werden 	der freiwillig Helfer der Provinzbürgerdienst werden monatlich ein Erstattung der Kosten zahlen  der von der Verwaltungsbehörde vorwegnehmen werden 	der Freiwilligen der Provinz-Zivildienst werden monatlich ein von Leitungsorgan vorweggenommen Erstattung zahlen 
Die Fremdunterbringung des Kindes darf nur in Ausnahmefällen (ultima ratio) ausgeordnet werden, uzw nur dann, wenn auch die Unterstützung und Hilfe durch die Sozialdienste zu keiner Besserung der Situation des Kindes führen .	Fremdunterbringung	Vergabe	der Sorgerecht für der Kind können nur in Ausnahmefall  letzter Satz  und nur dann gewähren werden  wenn der Unterstützung und Hilfe der Sozialdienst nicht zu ein Verbesserung der Situation der Kind führen 	der Sorgerecht für der Kind können nur in Ausnahmefall  letzter Mittel  und nur dann anordnen werden  wenn der Unterstützung und Hilfe der Sozialdienst nicht zu ein Verbesserung der Situation der Kind führen 	der Sorgerecht für der Kind können nur in Ausnahmefall  letzter Mittel  und nur dann anordnen werden  wenn der Unterstützung und Hilfe der Sozialdienst nicht zu ein Verbesserung der Situation der Kind führen 
Die Gemeindebehörden führen für jeden Wahlbezirk ein Verzeichnis der Wahlberechtigten.	Verzeichnis der wahlberechtigte	Wahlvorschlagliste,Wahlvorschlagsliste	der Kommunalbehörde führen für jeder Wahlbezirk ein Wahlliste 	der Kommunalbehörde führen für jeder Wahlbezirk ein Wahlliste 	der Kommunalbehörde führen für jeder Wahlbezirk ein Wahlliste 
Die Gemeinden sind befugt, Lizenzen für das Platzfuhrwerk-Gewerbe zu erteilen.	Lizenz	Kündigung	der Gemeinde sein berechtigen  Lizenz für der Beförderung mit tierisch Antrieb zu erteilen 	der Gemeinde werden ermächtigen  Genehmigung für der Beförderung mit tierisch Zugbetrieb zu erteilen 	der Gemeinde werden ermächtigen  Lizenz für Transport mit tierisch Zugbetrieb zu erteilen 
Die Gemeinschaft der Stockwerkeigentümer kann unter ihrem Namen klagen und betreiben sowie beklagt und betrieben werden.	Gemeinschaft der Stockwerkeigentümer	Stockwerkeigentum	der Eigentumswohnung können tätig werden und sich vor Gericht stellen  vereinbaren werden und sich unter ihr eigen Bezeichnung vor Gericht verklagen lassen 	der Kondom können handeln und sich vor Gericht verantworten  und es können vereinbaren werden  und es können sich unter sein Name vor Gericht einigen 	der Kondom können handeln und vor Gericht stellen werden  und es können vereinbaren werden  und es können sich unter sein Name vor Gericht einigen 
Die Gemeinschaft der Wohnungseigentümer übt die sich aus dem gemeinschaftlichen Eigentum ergebenden Rechte sowie solche Rechte der Wohnungseigentümer aus, die eine einheitliche Rechtsverfolgung erfordern, und nimmt die entsprechenden Pflichten der Wohnungseigentümer wahr.	Gemeinschaft der Wohnungseigentümer	Wohnungseigentum	der Eigentumswohnung üben der Recht aus  der sich aus der gemeinsam Eigentum ergeben  sowie der Recht der einzeln Eigentumswohnung  der ein einheitlich Rechtshandlung erfordern  und erfüllen der entsprechend Pflicht der Eigentumswohnung 	der Kondom üben der Recht aus  der sich aus der gemeinsam Eigentum ergeben  sowie der Recht der einzeln Kondom  der ein einheitlich Gerichtsverfahren erfordern  und erfüllen der entsprechend Pflicht der Kondom 	der Kondom üben der Recht aus  der sich aus der gemeinsam Eigentum ergeben  sowie der Recht der einzeln Kondom  der ein einheitlich Gerichtsverfahren erfordern  und erfüllen der entsprechend Pflicht der Kondom 
Die Gerichtsbarkeit in bürgerlichen Rechtssachen wird, soweit dieselben nicht durch besondere Gesetze vor andere Behörden oder Organe verwiesen sind, durch Bezirksgerichte, Bezirksgerichte für Handelssachen, Landesgerichte, Handelsgerichte, durch Oberlandesgerichte und durch den Obersten Gerichtshof (ordentliche Gerichte) ausgeübt.	Gerichtsbarkeit	Rechtsprechung	der gerichtlich Zuständigkeit in Zivilsache werden ausüben  soweit dieser nicht durch besonderer Gesetz an anderer Behörde oder Organ  Bezirksgericht  Bezirksgericht für Handelssach  regional Gericht  Handelsgericht  hoch regional Gericht und der oberer Gericht  ordentlich Gericht  verweisen werden 	der gerichtlich Zuständigkeit in Zivilsache werden ausüben  soweit dieser nicht durch besonderer Gesetz an anderer Behörde oder Organ verweisen werden  von der Bezirksgericht  der Bezirksgericht für Handelssache  der Regionalgericht  der Handelsgericht  der oberer Regionalgericht und der oberer Gerichtshof  ordentlich Gericht  	der gerichtlich Zuständigkeit in Zivilsache werden ausüben  soweit dieser nicht durch besonderer Rechtsvorschrift an anderer Behörde oder Organ verweisen werden  durch der Bezirksgericht  der Bezirksgericht für Handelssache  der Regionalgericht  der Handelsgericht  der Obersten Regionalgericht und der oberer Gerichtshof  ordentlich Gericht  
Die Gerichtsbarkeit und die Zuständigkeit bestimmen sich nach der Gesetzeslage und Sachlage im Zeitpunkt der gerichtlichen Geltendmachung des Anspruchs, und spätere Änderungen der Gesetzeslage oder der Sachlage haben auf sie keinen Einfluß.	Gerichtsbarkeit	Rechtsprechung	der Zuständigkeit und der Zuständigkeit richten sich nach der Recht und Sachlage zu Zeitpunkt der gerichtlich Forderung  und spät Änderung der Recht oder Sachlage haben kein Auswirkung auf sie 	der Rechtsprechung und der Zuständigkeit richten sich nach der Rechtslage und der tatsächlich Situation zu Zeitpunkt der gerichtlich Forderung  und spät Änderung der Recht oder Sachlage haben kein Auswirkung auf dieser 	Rechtsprechung und Zuständigkeit richten sich nach der Recht und Sachlage zu Zeitpunkt der gerichtlich Geltendmachung der Forderung  und spät Änderung der Recht oder Sachlage haben kein Auswirkung auf sie 
Die Geschäfte mit gemischten Tätigkeiten, welche der Verwaltungsermächtigung der Gemeinde unterliegen, beachten die Geschäftszeiten für die vorwiegende Tätigkeit. Unterschiedliche Geschäftszeiten sind nicht zulässig.	Verwaltungsermächtigung	Ermächtigung,Genehmigung	der Tätigkeit mit gemischt Leistung  der der Genehmigung der Gemeinde unterliegen  halten der Öffnungszeit für der vorherrschend Tätigkeit fest  verschieden Öffnungszeit sein nicht zulässig 	der Tätigkeit mit gemischt Leistung  der der Genehmigung der Gemeinde unterliegen  unterliegen der für der vorherrschend Tätigkeit vorgesehen Öffnungszeit 	für Tätigkeit mit gemischt Leistung  der der Genehmigung der Gemeinde unterliegen  gelten der für der vorherrschend Tätigkeit vorgesehen Öffnungszeit  anderer Öffnungszeit sein nicht zulässig 
Die Geschäftsordnung des Regionalrates und jene des Südtiroler Landtages bestimmen Näheres zur Einbringung des Antrages auf Abstimmung nach Sprachgruppen .	Geschäftsordnung	Verordnung	in der Verordnung der Regionalrat und der Verordnung der Provinzrat Bozen sein der Modalität für der Einreichung der Antrag auf Stimmabgabe nach Sprachgruppe festlegen 	in der Verordnung der Regionalrat und der Verordnung der Provinzrat von Bozen sein der Modalität für der Einreichung der Antrag auf Abstimmung nach Sprachengruppe festlegen 	in der Verordnung der Regionalrat und der Verordnung der Provinzrat von Bozen sein der Modalität für der Einreichung der Antrag auf Abstimmung nach Sprachengruppe festlegen 
Die Gesellschaft ist verpflichtet, die Gründer von den eingegangenen Verbindlichkeiten zu befreien und ihnen die gemachten Aufwendungen zu ersetzen, wenn sie zur Gründung der Gesellschaft notwendig waren oder von der Versammlung genehmigt worden sind.	Versammlung	Mitgliederversammlung	der Gesellschaft sein verpflichten  der Gründer von der übernommen Verpflichtung zu entheben und ihnen der entstanden Kosten zu erstatten  wenn dieser für der Gründung der Gesellschaft erforderlich sein oder von der Hauptversammlung genehmigen werden 	der Gesellschaft sein verpflichten  der Gründer von der übernommen Verpflichtung zu entheben und ihnen der entstanden Kosten zu erstatten  wenn dieser für der Gründung der Gesellschaft erforderlich sein oder von der Hauptversammlung genehmigen werden 	der Gesellschaft sein verpflichten  der Gründer von der übernommen Verpflichtung zu entheben und ihnen der entstanden Kosten zu erstatten  wenn dieser für der Gründung der Gesellschaft erforderlich sein oder von der Hauptversammlung genehmigen werden 
Die Gesellschaft wird durch die Geschäftsführer gerichtlich und außergerichtlich vertreten.	Geschäftsführer	Verwalter	der Gesellschaft werden von der Verwalter außergerichtlich und gerichtlich vertreten 	der Unternehmen werden gerichtlich und außergerichtlich durch der Unternehmensleitung vertreten 	der Unternehmen werden gerichtlich und außergerichtlich durch der Unternehmensleitung vertreten 
Die Gesetzgebung ist an die verfassungsmäßige Ordnung, die vollziehende Gewalt und die Rechtsprechung sind an Gesetz und Recht gebunden.	Rechtsprechung	Gerichtsbarkeit	der Gesetzgebung sein an der verfassungsmäßig Ordnung binden  der Exekutive und der Gerichtsbarkeit sein an der Gesetz und der Recht binden 	der Gesetzgebung sein an der verfassungsmäßig Ordnung binden  der Exekutive und der Gerichtsbarkeit sein an der Gesetz und der Recht binden 	der Gesetzgebung sein an der verfassungsmäßig Ordnung binden  der Exekutive und der Gerichtsbarkeit sein an der Gesetz und der Recht binden 
Die Gesuche um Teilnahme an den Wettbewerben müssen nach den in der Ausschreibung festgelegten Vorschriften direkt beim zuständigen Amt eingereicht oder mit der Post dorthin geschickt werden.	Gesuch	Anspruch	Antrag auf Teilnahme an Auswahlverfahren sein nach der in der Bekanntmachung festgelegt Modalität direkt bei der zuständig Stelle einreichen oder an der zuständig Stelle zu senden 	Antrag auf Teilnahme an Auswahlverfahren sein direkt bei der zuständig Stelle einreichen oder gemäß der in der Bekanntmachung festgelegt Modalität an der zuständig Stelle zu senden 	Antrag auf Teilnahme an Auswahlverfahren sein direkt bei der zuständig Stelle einreichen oder der zuständig Stelle gemäß der in der Bekanntmachung festgelegt Modalität per Post zu übermitteln 
Die Gesundheitsbescheinigungen müssen eine individuelle Identifizierungsnummer tragen. Besteht eine Gesundheitsbescheinigung aus mehreren aufeinanderfolgen-den Seiten, so ist jede Seite mit der Identifizierungsnummer sowie mit der Unterschrift der unterzeichnungsberechtigten Person und dem amtlichen Stempel zu versehen.	Identifizierungsnummer	Benutzerkennung	werden ein Gesundheitsbescheinigung aus mehrere aufeinanderfolgend Seite ausstellen  so sein jeder Seite mit der Kenncode sowie mit der Unterschrift der zu unterzeichnend Person und der amtlich Stempel zu versehen 	der Genusstauglichkeitsbescheinigung müssen ein individuell Kenncode tragen  bestehen ein Genusstauglichkeitsbescheinigung aus mehrere Seite  so sein jeder Seite mit der Kenncode sowie der Unterschrift der zu Unterzeichnung befugt Person und der amtlich Stempel zu kennzeichnen 	der Genusstauglichkeitsbescheinigung müssen ein individuell Kenncode tragen  bestehen ein Genusstauglichkeitsbescheinigung aus mehrere Seite  so sein jeder Seite mit der Kenncode und der Unterschrift der zu Unterzeichnung befugt Person und der amtlich Stempel zu kennzeichnen 
Die Gründungsurkunde und die Satzung haben die Bezeichnung der Körperschaft, Angaben über den Zweck, das Vermögen und den Sitz sowie Bestimmungen über die Verfassung und Verwaltung zu enthalten.	Gründungsurkunde	rechtsgestaltend Verwaltungsakt	der Gründungsakt und der Satzung müssen der Bezeichnung der Institut  Angabe zu Zweck  Vermögen und Sitz sowie Bestimmung über Gründung und Verwaltung enthalten 	der Errichtungsakt und der Satzung müssen der Bezeichnung der Institut  Angabe über Zweck  Vermögen und Sitz sowie Vorschrift über der Gründung und Verwaltung enthalten 	der Errichtungsakt und der Satzung müssen der Bezeichnung der Institut  Angabe zu Zweck  Vermögen und Sitz sowie Bestimmung über der Gründung und Verwaltung enthalten 
Die Gutachterkosten sind auf einen Fachmann für jedes einzelne mit dem Gutachten zusammenhängende Fachgebiet oder jeden speziellen Bereich beschränkt.	Gutachten	Amtsgutachten	der Kosten der Fachwissen sein auf ein Sachverständiger je Fachbereich oder Fachbereich beschränken  der mit der Gutachten in Zusammenhang stehen 	der Kosten für der Gutachten sein auf ein Sachverständige für jeder einzeln Fachbereich oder ein bestimmt Bereich beschränken  der mit der Gutachten in Zusammenhang stehen 	der Kosten für der Gutachten sein auf ein Sachverständige für jeder einzeln Fachbereich oder ein spezifisch Bereich beschränken  der mit der Gutachten in Zusammenhang stehen 
Die Hauptflicht des Versicherungsnehmers besteht in der Zahlung der Versicherungsprämie samt Versicherungssteuer .	Versicherungsprämie	Preis	der Hauptpflicht der Versicherungsnehmer bestehen darin  der Prämie zusammen mit der Versicherungssteuer zu zahlen 	der Hauptpflicht der Versicherungsnehmer bestehen in der Zahlung der Prämie zusammen mit der Versicherungssteuer 	der Hauptpflicht der Versicherungsnehmer bestehen in der Zahlung der Prämie zusammen mit der Versicherungssteuer 
Die Hauptverhandlung schließt mit der auf die Beratung folgenden Verkündung des Urteils.	Beratung	Fällung der Urteil,Urteilsfällung	der mündlich Verhandlung enden mit der Verkündung der Urteil nach der Beschlußfassung 	der Verhandlung enden mit der Entscheidung über der Urteil nach der Entscheidung 	der mündlich Verhandlung enden mit der Verkündung der Urteil nach der Entscheidung über der Urteil 
Die Hochschulen dienen dem weiterbildenden Studium und entwickeln Veranstaltungen der Weiterbildung.	Weiterbildung	Aktualisierung	der Universität dienen der Auffrischungsstudie und entwickeln Auffrischungsveranstaltung 	der Universität dienen der Aktualisierungsstudie und entwickeln Fortbildungsveranstaltung 	der Universität dienen der Weiterbildung und entwickeln Fortbildungsveranstaltung 
Die Informatiksicherheit stellt die Vertraulichkeit, Verfügbarkeit, Integrität und Nachvollziehbarkeit bei der elektronischen Bearbeitung von Informationen sicher.	Verfügbarkeit	Kreditlimit	der Cybersicherheit gewährleisten der Vertraulichkeit  Verfügbarkeit  Integrität und Rückverfolgbarkeit bei der elektronisch Verarbeitung von Information 	der Informationssicherheit gewährleisten Vertraulichkeit  Verfügbarkeit  Integrität und Rückverfolgbarkeit bei der elektronisch Verarbeitung von Information 	der Informationssicherheit gewährleisten Vertraulichkeit  Verfügbarkeit  Integrität und Rückverfolgbarkeit bei der elektronisch Datenverarbeitung 
Die Informationspflicht hinsichtlich der Netzdaten  kann in der Weise erfüllt werden, dass diese einem sachverständigen Dritten übergeben werden (Gutachter).	Informationspflicht	Erkundigungspflicht	der Pflicht zu Information über Netzdatum können erfüllen werden  indem sie an ein dritter Sachverständiger  Experte  liefern werden 	der Pflicht zu Information über Netzdatum können durch Übergabe an ein Dritter  perito  erfuellen werden 	der Pflicht zu Information über der Netzdatum können erfüllen werden  indem ein dritter  Experte  übersenden werden 
Die Infrarotstrahlung wird als Wärmestrahlung wahrgenommen und befindet sich im elektromagnetischen Spektrum im Wellenlängenbereich von 750 nm bis zu 1000 nm.	Infrarotstrahlung	ionisierend Strahlung	der IR-Strahlung werden als thermisch Strahlung wahrnehmen und befinden sich in elektromagnetisch Spektrum in Wellenlängenbereich von 750 nm bis 1000 nm 	der IR-Strahlung werden als thermisch Strahlung wahrnehmen und befinden sich in elektromagnetisch Spektrum in Wellenlängenbereich von 750 nm bis 1000 nm 	der IR-Strahlung werden als thermisch Strahlung wahrnehmen und befinden sich in elektromagnetisch Spektrum in Wellenlängenbereich von 750 nm bis 1000 nm 
Die Kapitalgesellschaften (GmbH, AG und KGaA) unterscheiden sich gesellschaftsrechtlich von Personengesellschaften dadurch, daß sie juristische Personen sind.	Kapitalgesellschaft	Gründungsgesellschaft	Kapitalgesellschaft  GmbH  AG und KGaA  unterscheiden sich von Personengesellschaft in Hinblick auf der Gesellschaftsrecht dadurch  dass sie juristisch Person sein 	Kapitalgesellschaft  GmbH  AG und KGaA  unterscheiden sich von Personengesellschaft aus der Sicht der Gesellschaftsrecht dadurch  dass sie juristisch Person sein 	Kapitalgesellschaft  GmbH  AG und KGaA  unterscheiden sich von Gesellschaftsrecht her von Personengesellschaft  da sie juristisch Person sein 
Die Klage auf gerichtliche Feststellung der unehelichen Vaterschaft oder Mutterschaft ist nur zulässig, wenn besondere Umstände vorliegen, die sie als gerechtfertigt erscheinen lassen.	Klage	Aktie,Handlung,Tat	Maßnahme zu gerichtlich Feststellung der natürlich Vaterschaft oder Mutterschaft sein nur zulässig  wenn besonderer Umstand vorliegen  der sie rechtfertigen 	der Klage auf Feststellung der Vaterschaft oder der natürlich Mutterschaft sein nur zulässig  wenn besonderer Umstand vorliegen  der dieser rechtfertigen 	der Klage auf Feststellung der Vaterschaft oder der natürlich Mutterschaft sein nur zulässig  wenn besonderer Umstand vorliegen  der dieser rechtfertigen 
Die Klage ist auf Unterlassung künftiger Störungen bzw auf Duldung der Ausübung, auf Wiederherstellung durch Beseitigung der vom Störer verursachten Beeinträchtigungen und auf Schadenersatz nach den allgemeinen Regeln gerichtet.	Duldung	Toleranz	der Maßnahme zielen auf der Beendigung künftig Störung oder auf der Toleranz der Ausübung  der Wiederherstellung durch der Beseitigung von Störung  der durch der Turbulenzer verursachen werden  und der Ersatz der Schaden nach der allgemein Regel ab 	Ziel der Maßnahme sein es  künftig Störung zu beenden  der Ausübung zu tolerieren  Störung durch der Störfaktor zu beseitigen und der Schaden nach der allgemein Regel zu ersetzen 	Ziel der Maßnahme sein es  künftig Störung zu beenden  der heißen der Toleranz der Ausübung  der Wiederherstellung der durch der Störfaktor verursacht Störung und der Entschädigung der Schaden nach der allgemein Regel 
Die Klage kann in allen  vorgesehenen Fällen durch den anderen Ehegatten nicht eingebracht werden, wenn er wegen Teilnahme an der strafbaren Handlung verurteilt wurde oder wenn die eheliche Lebensgemeinschaft wieder aufgenommen wurde.	ehelich Lebensgemeinschaft	zusammenleben	der Klage können nicht von der anderer Ehegatt in aller vorgesehen Fall erheben werden  wenn er wegen Teilnahme an der Straftat verurteilen werden sein oder wenn der zusammenleben wiederherstellen sein 	der Klage können nicht von der anderer Ehegatt in aller vorgesehen Fall erheben werden  wenn er wegen Beteiligung an der Straftat verurteilen werden sein oder der zusammenleben wiederherstellen werden sein 	der Klage können nicht von der anderer Ehegatt in aller vorgesehen Fall erheben werden  wenn er wegen Beteiligung an der Straftat verurteilen werden sein oder der zusammenleben wiederherstellen werden sein 
Die Klage kann nach Ablauf eines Jahres ab der Verweigerung der Eheschließung nicht mehr erhoben werden.	Verweigerung	Abfall	der Klage können nach ein Jahr nicht mehr erheben werden  nachdem der Ehe verweigern werden sein 	der Klage können nicht mehr nach ein Jahr erheben werden  wenn der Ehe verweigern werden 	der Klage können nach ein Jahr nicht mehr erheben werden  wenn der Ehe verweigern werden 
Die Klägerin schloss mit der beklagten Versicherungsgesellschaft für ihre Liegenschaft einen Bündelversicherungsvertrag ab, dem  die Allgemeinen Bedingungen für die Leitungswasserversicherung (AWB), die Versicherungsbedingungen für „Außergewöhnliche Naturereignisse“  und die Ergänzenden Bedingungen für den „ZuHaus-Komfortschutz“  zugrunde liegen.	Versicherungsgesellschaft	Versicherungsagent,Versicherungsvertreter	der Klägerin haben mit der Versicherungsnehmer ein Paketversicherungsvertrag für ihr Immobilie abschließen  der auf der allgemein Bedingung für der geführt Wasserversicherung  AWB   der Versicherungsbedingung für  außergewöhnlich Naturereignis  und der Integralbedingung für der  Comfort-Haus-Schutz  basieren 	der Klägerin haben mit der Versicherer  der sich auf der allgemein Bedingung für der Wasserversorgung  AWB   der Versicherungsbedingung für  außergewöhnlich Naturereignis  und der integriert Bedingung für der  Comfort-Haus-Schutz  berufen  ein Paketvertrag für der Immobilie abschließen 	der Klägerin haben mit der Versicherer ein Vertrag über ein Pauschalversicherung für ihr Immobilie schließen  der sich auf der Allgemeinen Bedingung für der Wasserversorgung  AWB   der Versicherungsbedingung für  außerordentlich Naturereignis  und der Integrativen Bedingung für der  Comfort-Haus-Schutz  beruhen 
Die Konservierung konzentriert sich auf die Erhaltung der überlieferten Substanz, wobei die authentischen Eigenschaften des Objektes durch den Eingriff möglichst wenig verändert werden sollten.	Konservierung	Denkmalpflege,Denkmalschutz	der Erhaltung der kulturell Erbe konzentrieren sich auf der Erhaltung der weitergegeben Stoff  wo der wahr Eigenschaft der Gegenstands durch der Intervention so wenig wie möglich verändern werden sollen 	der Erhaltung von Kulturgüt konzentrieren sich auf der Erhaltung der weitergegeben Stoff  wo der wahr Eigenschaft der Gegenstands durch der Intervention so wenig wie möglich verändern werden sollen 	der Erhaltung der Kulturgüt konzentrieren sich auf der Erhaltung der weitergegeben Substanz  wobei der wahr Eigenschaft der Gegenstands durch der Intervention so wenig wie möglich verändern werden sollen 
Die Konzession ist mit der Auflage verbunden, im Konzessionsgebiet alle oder bestimmte Dienste der Grundversorgung  allen Bevölkerungskreisen anzubieten.	Konzession	Konzessionsvertrag	der Konzession sein an der Verpflichtung binden  in Konzessionsgebiet aller Bevölkerungsgruppe aller oder bestimmt grundlegend Dienstleistung anbieten 	der Konzession sein an der Verpflichtung binden  in Konzessionsgebiet aller Bevölkerungsgruppe aller oder bestimmt grundlegend Dienstleistung anbieten 	der Konzession sein an der Verpflichtung binden  in Konzessionsgebiet aller Bevölkerungsgruppe aller oder bestimmt grundlegend Dienstleistung anbieten 
Die Kosten des Rechtsmittelverfahrens sind der obsiegenden Partei ganz oder teilweise aufzuerlegen, wenn sie auf Grund eines neuen Vorbringens obsiegt, das sie in einem früheren Rechtszug geltend zu machen imstande war.	Rechtsmittelverfahren	Anfechtung,Rechtsmittel	der Kosten der Rechtsmittel werden ganz oder teilweise von der siegreich Partei tragen  wenn sie der Sieg auf der Grundlage neu Erklärung erlangen haben  der sie in ein früh Urteil haben geltend machen können 	der Kosten der Rechtsmittel werden ganz oder teilweise von der Sieger tragen  wenn der Rechtsmittelführer der Sieg auf der Grundlage neu Ausführung erringen haben  der er in ein früh Urteil haben geltend machen können 	der Kosten der Rechtsmittel gehen ganz oder teilweise zu Last der Sieger  wenn der Rechtsmittelführer aufgrund neu Ausführung  der er in ein früh Urteil haben geltend machen können  der Sieg erringen haben 
Die Kosten des Unterhalts umfassen bei minderjährigen Kindern auch die Kosten der Erziehung und bei volljährigen Kindern, die für einen Beruf ausgebildet oder in ihrem Beruf fortgebildet werden, auch die Kosten der Berufsausbildung oder der Berufsfortbildung.	Berufsfortbildung	Aktualisierung	der Unterhaltskosten umfassen für minderjährig Kind auch der Bildungskosten und für volljährig Kind  der sich für ein Beruf ausbilden oder sich in ihr Beruf auf der neu Stand bringen  auch der Kosten für der Berufsausbildung oder der beruflich Weiterbildung 	zu der Unterhaltskosten gehören für minderjährig Kind auch Erziehungskosten und für volljährig Kind  der sich für ein Beruf ausbilden oder sich in ihr Beruf auffrischen  auch Kosten für der beruflich Bildung oder der beruflich Weiterbildung 	der Unterhaltskosten umfassen für minderjährig Kind auch der Erziehungskosten und für volljährig Kind  der sich für ein Beruf ausbilden oder sich in ihr Beruf auffrischen  auch der Kosten für der Berufsausbildung oder der beruflich Weiterbildung 
Die Ladung des Beklagten geschieht durch Zustellung einer schriftlichen Ausfertigung des über die Klage ergehenden Beschlusses unter gleichzeitiger Mitteilung eines Exemplares der schriftlichen Klage oder einer Abschrift des über die Klage aufgenommenen Protokolles .	Klage	Aktie,handeln,Handlung,Tun	der Ladung der Antragsgegner erfolgen durch Zustellung ein schriftlich Kopie der Entscheidung  mit der der Klage annehmen werden  und gleichzeitig durch Übermittlung ein Exemplar der schriftlich Klage oder ein Abschrift der Protokoll über der Klage 	der Ladung der Antragsgegner erfolgen durch Zustellung ein schriftlich Abschrift der Entscheidung  mit der der Klage annehmen werden  und gleichzeitig durch Zustellung ein Exemplar der schriftlich Klage oder ein Abschrift der Niederschrift der Niederschrift über der Klage 	der Ladung der Beklagten erfolgen durch Zustellung ein schriftlich Abschrift der Entscheidung  mit der der Klage stattgegeben werden  zusammen mit ein Abschrift der Schriftstück oder ein Abschrift der Niederschrift über der Klage 
Die Ladung zu einem Termin wird von Amts wegen veranlasst.	Ladung	Vorladung	der Einberufung ein mündlich Verhandlung werden von Amts wegen anordnen 	der Einberufung zu ein Anhörung sein von Amts wegen vorsehen 	der Einberufung zu ein Anhörung sein von Amts wegen vorsehen 
Die Landesregierung bestimmt die Abfälle und die Arten der Verwertung von Abfällen, um Sekundärrohstoffe, Brennstoffe und Produkte zu erhalten; .	Verwertung	Bergung,Rehabilitation	der Provinzialjunta bestimmen der Abfall und der Art von der Verwertung von der Abfall  um der sekundär Rohstoff  der Brennstoff und der Produkt zu erhalten 	La Giunta Provinciale determinata i rispetti e Le Tipo di recuperazione dei Risorse per ottenuto materiali secondiori  Combustibili e Prodotti 	La Giunta Provinciale determinate i risorse e Le Tipo di recuperazione dei Risorse per ottenuto materiali secondiori  Combustibili e Prodotti 
Die Landesregierung entscheidet darüber innerhalb von 30 Tagen, nötigenfalls mit der Annullierung der Konzession und mit dem unmittelbaren Erlaß der in Artikel 89 erwähnten Verfügungen.	Annullierung	Nichtigerklärung,Vernichtung	der Provinzialregierung entscheiden hierüber innerhalb von 30 Tag  gegebenenfalls mit der Annullierung der Konzession und mit der unverzüglich Erlass der in Artikel 89 genannt Maßnahme 	der Provinzialregierung entscheiden hierüber innerhalb von 30 Tag  gegebenenfalls mit der Aufhebung der Konzession und der unverzüglich Erlass der in Artikel 89 genannt Maßnahme 	der Provinzialregierung entscheiden hierüber innerhalb von 30 Tag  gegebenenfalls mit der Aufhebung der Konzession und der unverzüglich Erlass der in Artikel 89 genannt Maßnahme 
Die Leasing-Rate richtet sich nach den Anschaffungskosten des Leasing-Objektes und der Leasing-Dauer.	Leasing-Objekt	Sache	der Leasinggebühr werden auf der Grundlage der Kosten für der Erwerb der Gegenstand und der Laufzeit der Leasing berechnen 	der Leasing-Gebühr werden auf der Grundlage der Kosten für der Kauf der Gegenstands und der Dauer der Leasing berechnen 	der Leasinggebühr werden auf der Grundlage der Kosten für der Kauf der Gegenstand und der Dauer der Leasing berechnen 
Die Lebensgefährten sind somit einander insbesondere nicht zu Unterhaltsleistungen verpflichtet und es steht ihnen frei, die Gemeinschaft jederzeit aufzulösen.	Lebensgefährte	in gemeinsam Haushalt lebend Person	der Lebenspartner sein daher insbesondere nicht verpflichten  Nahrungsmittel zu leisten  und sie können der Gemeinschaft jederzeit auflösen 	der Lebenspartner sein daher insbesondere nicht verpflichten  Nahrungsmittel zu leisten  und es sein ihnen jederzeit möglich  der Gemeinschaft auflösen 	der Lebenspartner sein daher insbesondere nicht verpflichten  Nahrungsmittel zu leisten  und es sein ihnen jederzeit möglich  der Gemeinschaft auflösen 
Die Legislative ist in Österreich das Parlament, also Nationalrat und Bundesrat. Alle Bundesgesetze werden von den Abgeordneten des Parlaments beschlossen.	Legislative	gesetzgebend Gewalt	der Legislative in Österreich sein der Parlament  der heißen der Nationalrat und der Bundesrat  aller Bundesgesetz werden von der abgeordneter der Parlament beschließen 	der Legislative in Österreich sein der Parlament  der heißen der national Rat und der Bundesrat  und aller Bundesgesetz werden von der abgeordneter der Parlament beschließen 	der Legislative in Österreich sein der Parlament  der heißen der national Rat und der Bundesrat  und aller Bundesgesetz werden von der abgeordneter der Parlament beschließen 
Die Leistungsdichte (S) wird für sehr hohe Frequenzen benutzt, bei denen die Eindringtiefe in den Körper niedrig ist.	Leistungsdichte	geheim	S werden für sehr hoch Frequenz verwenden  bei der der Eindringtiefe in Körper niedrig sein 	S werden für sehr hoch Frequenz einsetzen  bei der der Durchdringtiefe der Körper niedrig sein 	S werden für sehr hoch Frequenz einsetzen  bei der der Durchdringtiefe der Körper niedrig sein 
Die Leistungsdichte S ergibt sich aus dem Betrag des Kreuzproduktes von elektrischer Feldstärke E und magnetischer Feldstärke H. Sie wird ausgedrückt in Watt pro Quadratmeter (W/m²).	Leistungsdichte	geh ,geheim	S ergeben sich aus der Vektorproduktmodul der elektrisch Feldstärke E und der Magnetfeldstärke H. es werden in Watt pro Quadratmeter  W / m2  ausdrücken 	S ergeben sich aus der Vektorproduktmodul der elektrisch Feldstärke E und der Magnetstärke H. es werden in Watt pro Quadratmeter  W / m2  ausdrücken 	S ergeben sich aus der Vektorproduktmodul der elektrisch Feldstärke E und der Magnetstärke H. es werden in Watt pro Quadratmeter  W / m2  ausdrücken 
Die Leiterin oder der Leiter  entscheidet über die Zuteilung von Personal, Infrastruktur und anderen Ressourcen.	Leiter	Führungskraft,leitend Angestellter	der Manager entscheiden über der Zuweisung von Personal  Infrastruktur und anderer Ressource 	der Management entscheiden über der Zuweisung von Personal  Infrastruktur und anderer Ressource 	der Management entscheiden über der Zuweisung von Personal  Infrastruktur und anderer Ressource 
Die Lichter der Ampeln für öffentliche Verkehrsmittel haben die Form eines weißen Balkens oder eines gelben Dreieckes auf schwarzem Hintergrund: Ein waagrechter weißer Balken bedeutet „Anhalten“, ein senkrechter gerader Balken bedeutet „Freie Fahrt geradeaus“ .	Anhalten	Anhaltung,Gefängnisstrafe,Verhaftung	der Licht der Ampel für öffentlich Verkehrsmittel haben der Form ein weiß Balken oder ein gelb Dreieck auf schwarz Hintergrund  ein horizontal weiß Balken bedeuten  halten   ein gerad senkrecht Balken bedeuten  direkt Weg  	der Licht der Ampel für öffentlich Verkehrsmittel haben der Form ein weiß Stab oder ein gelb Dreieck auf schwarz Hintergrund  ein horizontal weiß Stab bedeuten  stören   ein gerad senkrecht Stab bedeuten  direkt Weg  	der Licht der Ampel für öffentlich Verkehrsmittel haben der Form ein weiß Stab oder ein gelb Dreieck auf schwarz Hintergrund  ein horizontal weiß Stab bedeuten  stören   ein gerad senkrecht Stab bedeuten  direkt Weg  
Die Mediation geht davon aus, dass die am Mediationsverfahren beteiligten Parteien unter Mitwirkung einer neutralen, unabhängigen und entsprechend ausgebildeten Fachperson, der Mediatorin bzw. des Mediators, eigenverantwortlich für ihren Konflikt eine gemeinsame Lösung suchen und sich einigen .	Mediator	Mäkler	Mediation setzen voraus  dass der an Mediationsverfahren beteiligt Partei unter Beteiligung ein neutral  unabhängig und angemessen ausgebildet Berufsangehörigen  der Mediatorin oder der Mediator selbst ein gemeinsam Lösung für ihr Konflikt suchen und vereinbaren 	Mediation setzen voraus  dass der an Mediationsprozess beteiligt Partei unter Beteiligung ein neutral  unabhängig und gut ausgebildet Berufsangehörigen  der Mediatorin oder der Mediator selbst ein gemeinsam Lösung für ihr Konflikt suchen und vereinbaren 	Mediation setzen voraus  dass der an Mediationsprozess beteiligt Partei unter Beteiligung ein neutral  unabhängig und gut ausgebildet Gewerbetreibender  der Mediatorin oder der Mediator selbst ein gemeinsam Lösung für ihr Konflikt suchen und vereinbaren 
Die Messinstrumente und Zählerstandorte von Wasserzählern liegen prinzipiell in den Gebäuden, kurz nach dem Eintreten der Anschlussleitung in das Gebäude. Vorzuziehen sind leicht zugängliche Gemeinschaftsräume wie Stiegenhäuser oder Heizräume.	Stiegenhaus	Leiter,Stiege,Treppe	der Messinstrument und der Standort der Wasserzähler befinden sich grundsätzlich in Gebäude  unmittelbar nach der Eingang der Anschlussleitung in der Gebäude  es sein leicht zugänglich Gemeinschaftsraum wie Treppe oder Kesselraum zu bevorzugen 	der Meßgerät und der Ort der Wasserzähler befinden sich grundsätzlich in Gebäude  unmittelbar nach Eingang der Verbindungsleitung in der Gebäude  und es sein leicht zugänglich Gemeinschaftsraum wie Treppe oder Kesselraum vorziehen 	der Meßgerät und der Ort der Wasserzähler befinden sich grundsätzlich in Gebäude  unmittelbar nach Eingang der Verbindungsleitung in der Gebäude  und es sein leicht zugänglich Gemeinschaftsraum wie Treppe oder Kesselraum vorziehen 
Die Miete kann für bestimmte Zeiträume in unterschiedlicher Höhe schriftlich vereinbart werden; .	Zeitraum	Satz	der Miete können für bestimmt Zeitraum in unterschiedlich Umfang schriftlich vereinbaren werden 	der Miete können für bestimmt Zeitraum in anderer schriftlich Form vereinbaren werden 	der Miete können für bestimmt Zeitraum in anderer schriftlich Form vereinbaren werden 
Die Mietparteien bieten sich gegenseitig Dienstleistungen an, die sie untereinander entsprechend ihren Möglichkeiten frei vereinbaren.	Mietpartei	Leasingnehmer	der Mieter leisten einander Dienst  der sie nach ihr Möglichkeit frei vereinbaren 	der Mieter bieten sich gegenseitig an  der sie nach ihr Möglichkeit frei untereinander vereinbaren 	der Mieter leisten einander Dienst  der sie nach ihr Möglichkeit frei vereinbaren 
Die Miteigentümerversammlung kann mit der Mehrheit  sinnvolle Alternativen zur Durchführung des Eingriffs vorschreiben oder Vorsichtsmaßnahmen zum Schutz der Statik, der Sicherheit oder des architektonischen Charakters des Gebäudes zur Auflage machen .	Durchführung	Vollstreckung	der Miteigentümerversammlung können mehrheitlich sinnvoll Alternative zu Durchführung der Intervention vorschreiben oder Vorkehrung zu Schutz der statisch  sicherheitstechnisch oder architektonisch Gestaltung der Gebäude treffen 	der Versammlung der Miteigentümer können mit Mehrheit sinnvoll Alternative zu Durchführung der Intervention vorschreiben oder Vorsichtsmaßnahme zu Schutz der statisch  sicherheitstechnisch oder architektonisch Gestaltung der Gebäude vorschreiben 	der Versammlung der Miteigentümer können mehrheitlich sinnvoll Alternative zu Durchführung der Intervention vorschreiben oder vorsorglich Maßnahme zu Schutz der statisch  sicherheitstechnisch oder architektonisch Beschaffenheit der Gebäude vorschreiben 
Die Mitglieder der Gemeindeleitstelle für den Zivilschutz werden vom Gemeinderat ernannt; sie haben die Aufgabe, den Bürgermeister in der Vorhersage, in der Vorbeugung und in der Durchführung der im Katastrophenfall zu ergreifenden Maßnahmen zu unterstützen.	Bürgermeister	Rechnungsprüfer,Überwachungsratsmitglied	der Mitglied der Centro Comunale di Protezione Civile werden von Stadtrat ernennen und haben der Aufgabe  der Bürgermeister bei der Vorhersage  Prävention und Durchführung der in Fall ein Katastrophe zu ergreifend Maßnahme zu unterstützen 	der Mitglied der Gemeinde-Operativ Zentrum für Zivilschutz werden von Gemeinderat ernennen und haben der Aufgabe  der Bürgermeister bei der Vorhersage  Verhütung und Durchführung der in Katastrophenfall zu ergreifend Maßnahme zu unterstützen 	der Mitglied der Centro Operativo Comunale di Protezione Civile werden von Rat der Stadt ernennen und haben der Aufgabe  der Bürgermeister bei der Vorhersage  Verhütung und Durchführung der in Katastrophenfall zu ergreifend Maßnahme zu unterstützen 
Die Mitglieder werden unter Personen ausgewählt, die im Rahmen eines Auswahlverfahrens ihre Kandidatur einreichen; die Bekanntmachung dieses Verfahrens muss auf den Websites der Abgeordnetenkammer, des Senats und der Datenschutzbehörde mindestens 60 Tage vor der Ernennung veröffentlicht werden.	Ernennung	Ernennungsakt,Ernennungsurkunde	der Mitglied werden aus Person auswählen  der ihr Kandidatur in Rahmen ein Auswahlverfahren einreichen  der Benachrichtigung mindestens 60 Tag vor der Ernennung auf der Website der Abgeordnetenkammer  der Senat und der Datenschutzbehörde veröffentlichen werden muss 	der Mitglied werden aus Person auswählen  der ihr Kandidatur in Rahmen ein Auswahlverfahren einreichen  dessen Bekanntmachung mindestens 60 Tag vor der Ernennung auf der Internetseite der Abgeordnetenhaus  der Senat und der Datenschutzbehörde veröffentlichen werden muss 	der Mitglied werden aus Person auswählen  der ihr Kandidatur in Rahmen ein Auswahlverfahren einreichen  dessen Bekanntmachung mindestens 60 Tag vor der Ernennung auf der Internetseite der Abgeordnetenhaus  der Senat und der Datenschutzbehörde veröffentlichen werden muss 
Die Mitgliederversammlung ist in den durch die Satzung bestimmten Fällen sowie dann zu berufen, wenn das Interesse des Vereins es erfordert.	Mitgliederversammlung	Gesellschafterversammlung,Hauptversammlung	der Versammlung werden in der in der Satzung vorgesehen Fall einberufen  wenn der Interesse der Vereinigung dieser erfordern 	der Versammlung werden in der in der Satzung vorgesehen Fall einberufen  wenn dieser in Interesse der Vereinigung liegen 	der Versammlung werden in der in der Satzung vorgesehen Fall einberufen  wenn der Interesse der Vereinigung dieser erfordern 
Die Mitgliederversammlung von Vereinen ist von den Verwaltern einmal im Jahr zur Genehmigung des Jahresabschlusses einzuberufen.	Mitgliederversammlung	Gesellschafterversammlung,Versammlung	der Versammlung der Verein werden von der Direktor einmal jährlich zu Genehmigung der Jahreshaushalt einberufen 	der Versammlung der Vereinigung sein von der Direktor einmal jährlich zu Genehmigung der Jahreshaushalt einberufen 	der Versammlung der Vereinigung sein von der Direktor einmal jährlich zu Genehmigung der Jahreshaushalt einberufen 
Die Nichtigerklärung des Vertrages kann nur von der Partei, in deren Interesse sie vom Gesetz festgesetzt ist, beantragt werden.	Nichtigerklärung	Annullierung,Aufhebung,Vernichtung	der Kündigung der Vertrag können nur von der Partei beantragen werden  in der Interesse es gesetzlich regeln sein 	der Kündigung der Vertrag können nur von der Partei beantragen werden  in der Interesse der Gesetz bestimmen sein 	der Kündigung der Vertrag können nur von der Partei beantragen werden  in der Interesse der Gesetz bestimmen sein 
Die Nichtigkeit oder die Nichtigerklärung des Arbeitsvertrages hat keine Wirkung für die Zeit, während der das Arbeitsverhältnis zur Ausführung gelangt ist, es sei denn, daß die Nichtigkeit auf der Unerlaubtheit des Gegenstandes oder des Rechtsgrundes beruht.	Unerlaubtheit	Rechtswidrigkeit,Strafrechtswidrigkeit	der Nichtigkeit oder Nichtigerklärung der Arbeitsvertrag haben für der Zeitraum  in der der Arbeitsverhältnis vollstrecken werden  kein Wirkung  es sein denn  der Nichtigkeit beruhen auf der Ungültigkeit der Gegenstand oder der Rechtssache 	der Nichtigkeit oder Ungültigerklärung ein Arbeitsvertrag haben für der Zeitraum  in der der Arbeitsverhältnis vollstrecken werden  kein Wirkung  es sein denn  der Nichtigkeit beruhen auf der Ungültigkeit der Gegenstand oder der Rechtssache 	der Nichtigkeit oder Ungültigerklärung ein Arbeitsvertrag haben für der Zeitraum  in der der Arbeitsverhältnis vollstrecken werden  kein Wirkung  es sein denn  der Nichtigkeit stützen sich auf der Ungültigkeit der Gegenstand oder der Rechtssache 
Die Nichtigkeit von Urteilen, gegen welche Berufung oder Kassationsbeschwerde erhoben werden kann, kann nur im Rahmen dieser Rechtsmittel und nach den für diese geltenden Regeln geltend gemacht werden.	Rechtsmittel	Anfechtung,Rechtsmittelverfahren	der Nichtigkeit von Urteil  gegen der ein Rechtsmittel oder ein Kassationsbeschwerde einlegen werden können  können nur in Rahmen dieser Rechtsmittel und nach der für sie geltend Regel geltend machen werden 	der Nichtigkeit von Entscheidung  gegen der Rechtsmittel einlegen werden können  können nur in Rahmen dieser Rechtsmittel und nach der für sie geltend Regel geltend machen werden 	der Nichtigkeit von Entscheidung  gegen der Rechtsmittel einlegen werden können  können nur in Rahmen dieser Rechtsmittel und nach der für sie geltend Regel geltend machen werden 
Die Notarkammer ist befugt, Notaren und Notarassessoren bei ordnungswidrigem Verhalten leichterer Art eine Ermahnung auszusprechen.	Ermahnung	Impfauffrischung	der Notarkammer sein berechtigen  Notar und Notar in Fall ein leicht Fehlverhalten anrufen 	der Notarkammer sein befugen  Notar und Notar in Fall ein leicht Fehlverhalten anrufen 	der Notarkammer sein befugen  Notar und Notar in Fall ein leicht Fehlverhalten zu verweisen 
Die Parteien können innerhalb der durch das Gesetz gezogenen Grenzen den Inhalt des Vertrages frei bestimmen.	Partei	Teilnehmer,Versicherungsnehmer,Vertragnehmer	der Vertragspartner können der Inhalt der Vertrag innerhalb der gesetzlich festgelegt Grenze frei bestimmen 	der Vertragspartner können der Inhalt der Vertrag innerhalb der gesetzlich festgelegt Grenze frei bestimmen 	der Vertragspartner können der Inhalt der Vertrag innerhalb der gesetzlich festgelegt Grenze frei bestimmen 
Die Pflicht,  ein Abfallregister zu führen, haben  Händler und Vermittler von Abfällen, mit oder ohne Besitz der Abfälle.	Vermittler von Abfall	Mittelsmann	der Verpflichtung zu Führung ein Abfallregister obliegen der Abfallhändler und -vermittlern mit oder ohne Besitz von Abfall 	der Verpflichtung zu Führung ein Abfallregister obliegen der Abfallhändler und -vermittlern  unabhängig davon  ob der Abfall lagern werden oder nicht 	der Verpflichtung zu Führung ein Abfallregister obliegen der Abfallhändler und -vermittlern  unabhängig davon  ob der Abfall lagern werden oder nicht 
Die Planung im Bereich der öffentlichen Bauleistungen und der Lieferungen gliedert sich in Ebenen mit zunehmend detaillierten technischen Angaben, um die Qualität des Bauvorhabens oder der Lieferung und die Übereinstimmung mit dem jeweiligen Zweck zu gewährleisten.	öffentlich Bauleistung	öffentlich Arbeit	der Planung von öffentlich Bau und Lieferauftrag erfolgen in Stufe mit zunehmend detailliert technisch Inhalt  um der Qualität der Intervention oder der Lieferung zu gewährleisten und der Übereinstimmung mit der jeweilig Zweck zu gewährleisten 	der Planung in öffentlich Bau und Lieferbereich erfolgen in Stufe mit schrittweis inhaltlich Verbesserung  um der Qualität der Intervention oder der Lieferung und der Übereinstimmung mit der jeweilig Zweck zu gewährleisten 	der Planung auf der Gebiet der öffentlich Bau und Lieferauftrag erfolgen in Stufe mit zunehmend detailliert technisch Inhalt  um der Qualität der Intervention oder der Lieferung zu gewährleisten und der Übereinstimmung mit der jeweilig Zweck zu gewährleisten 
Die Preissumme beträgt je 25'000 Franken. Pro Jahr werden 10 Preise zugesprochen.	Preis	Prämie,Versicherungsprämie	der Preis betragen jeweils 25'000 Franken  jeder Jahr werden 10 Preis vergeben 	der Prämie betragen jeweils 25.000 Franc  und jeder Jahr werden 10 Franc vergeben 	der Prämie betragen jeweils 25.000 Franc  und jeder Jahr werden 10 Franc vergeben 
Die Präsidenten der legislativen Organe sind  Verwaltungsbehörden, soweit sie nicht Regierungs-, sondern Verwaltungsfunktionen wahrnehmen, z.B. Beamte ernennen, beurkunden u.ä. .	Verwaltungsfunktion	Verwaltung,Verwaltungstätigkeit	der Präsident der gesetzgebend Organ sein Verwaltungsbehörde  soweit sie kein Regierungsfunktion ausüben  sondern Verwaltungsaufgabe wahrnehmen  z. B. Beamter ernennen  Handlung und ähnlich Handlung beglaubigen 	der vorsitzend der gesetzgebend Organ sein Verwaltungsbehörde  soweit sie kein Regierungsaufgabe wahrnehmen  sondern Verwaltungsaufgabe wahrnehmen  wie z. B. der Ernennung von Beamter  der Authentifizierung von Akte und dergleichen 	der vorsitzend der gesetzgebend Organ sein Verwaltungsbehörde  soweit sie kein Regierungsaufgabe wahrnehmen  sondern Verwaltungsaufgabe wahrnehmen  wie z. B. der Ernennung von Beamter  der Authentifizierung von Akte und dergleichen 
Die Publizität bei der Einräumung bzw Übertragung von Sachenrechten wird grundsätzlich durch das Erfordernis eines Modus, der sich nach den für die betreffende Sache geltenden Bestimmung richtet (zB Übergabe bei beweglichen Sachen), gewährleistet.	Publizität	Werbung	der Offenlegung in der Verfassung oder in der Übertragung real Recht werden grundsätzlich durch der Anforderung ein Modus gewährleisteen  der der für der betreffend Gegenstand geltend Bestimmung  z. B. Lieferung von beweglich Gegenstand  entsprechen 	der Offenlegung in der Verfassung oder bei der Übertragung von Recht werden grundsätzlich durch der Forderung nach ein Modus gewährleisteen  der der für der betreffend Gegenstand geltend Bestimmung  z. B. Lieferung beweglich Sache  entsprechen 	der Offenlegung in der Verfassung oder bei der Übertragung von dinglich Recht werden grundsätzlich durch der Forderung nach ein Modus gewährleisteen  der der für der betreffend Gegenstand geltend Bestimmung  z. B. Lieferung beweglich Sache  entsprechen 
Die Rechte des Käufers wegen Mangels sind ausgeschlossen , wenn er bei Vertragsschluss den Mangel kennt.	Mangel	Fehler	der Recht der Käufer aufgrund ein Sucht sein ausschließen  wenn er zu Zeitpunkt der Vertragsschluss der Sucht kennen 	der Recht der Käufer aufgrund ein Mangel sein ausschließen  wenn er zu Zeitpunkt der Vertragsabschluss der Mangel kennen 	der Recht der Käufer aufgrund ein Mangel sein ausschließen  wenn er zu Zeitpunkt der Vertragsabschluss der Mangel kennen 
Die Rechtmäßigkeit der Ermächtigung ist nach der Beschlussfassung auf einer satzungs- und gesetzesmäßig einberufenen Hauptversammlung ohne Bedeutung.	gesetzesmäßig	rechtsgültig	der Rechtmäßigkeit der Befugnisübertragung sein nach der Beschluss  der auf ein regelmäßig einberufen Generalversammlung nach Maßgabe der Satzung und der Gesetz gefasst werden  unerheblich 	der Rechtmäßigkeit der Übertragung sein nach der Beschluss  der in ein Hauptversammlung fassen werden  der nach Maßgabe der Statut und der Gesetz regelmäßig einberufen werden  irrelevant 	der Rechtmäßigkeit der Übertragung sein nach der Beschluss  der in ein Hauptversammlung fassen werden  der regelmäßig nach Maßgabe der Statut und der Gesetz einberufen werden  irrelevant 
Die Rechtshandlungen im engeren Sinne haben mit dem Rechtsgeschäft gemeinsam, daß sie Erklärungen sind, dh Aüßerungen, mit denen einem anderen etwas kundgetan werden soll.	Rechtshandlung	Urkunde	der Handlung in eng Sinn haben gemeinsam mit der Rechtsgeschäft der Tatsache  dass es sich um Erklärung handeln  der heißen um Demonstration  mit der man jemand etwas mitteilen wollen 	der Handlung in eng Sinn haben mit der Rechtsgeschäft gemein  daß es sich um Erklärung handeln  der heißen um Demonstration  mit der man irgendetwas anderer bekannt machen wollen 	der Handlung in eng Sinn haben mit der Rechtsgeschäft gemein  daß es sich um Erklärung handeln  der heißen um Demonstration  mit der man irgendetwas anderer bekannt machen wollen 
Die Rechtspflege wird nicht nur durch falsche persönliche Beweismittel, sondern auch durch falsche oder verfälschte sachliche Beweismittel gefährdet.	Rechtspflege	Gerechtigkeit	der Gerechtigkeit werden nicht nur durch falsch persönlich Beweis  sondern auch durch falsch oder gefälscht materiell Beweis gefährden 	der Justiz werden nicht nur durch falsch persönlich Beweismittel  sondern auch durch gefälscht oder gefälscht materiell Beweismittel in Gefahr bringen 	der Gerechtigkeit werden nicht nur durch falsch persönlich Beweismittel  sondern auch durch gefälscht oder nachgeahmt materiell Beweismittel gefährden 
Die Rechtsprechung ist ordentlichen Richtern anvertraut, deren Einsetzung und Rechtstellung durch die Rechtsvorschirften zur Justizverfassung geregelt werden.	Rechtsprechung	Gerichtsbarkeit	der Gerichtsbarkeit werden von ordentlich Richter wahrnehmen  der Ernennung und Rechtsstellung durch der Rechtsvorschrift über der Rechtssystem regeln sein 	der Gerichtsbarkeit werden von ordentlich Richter wahrnehmen  der Bestellung und Rechtsstellung durch der Rechtsvorschrift über der Rechtssystem regeln werden 	der Gerichtsbarkeit werden von ordentlich Richter wahrnehmen  der Bestellung und Rechtsstellung durch der Rechtsvorschrift über der Rechtssystem regeln werden 
Die Rechtswidrigkeit ist unabdingbare Voraussetzung für Sanktionen gegenüber dem Täter; nur ein tatbestandsmässiges und rechtswidriges Verhalten begründet den Schuldvorwurf.	Rechtswidrigkeit	Widerrechtlichkeit	Illoyalität sein ein unabdingbar Voraussetzung für Sanktion gegen der Urheber  nur ein verhalten  der der typisch und rechtswidrig Tatsache entsprechen  begründen der Schuldschuld 	Unbilligkeit sein ein unabdingbar Voraussetzung für Sanktion gegen der Täter  nur ein verhalten  der der typisch und rechtswidrig Tatbestand entsprechen  rechtfertigen der Schuldzuweisung 	Unbilligkeit sein ein unabdingbar Voraussetzung für Sanktion gegen der Täter  nur ein verhalten  der der typisch und rechtswidrig Tatbestand entsprechen  rechtfertigen der Schuldzuweisung 
Die Rechtswirksamkeit dieses Gesetzes  ist bis zur Veröffentlichung des positiven Abschlusses der Kompatibilitätsprüfung seitens der Europäischen Kommission  ausgesetzt.	Rechtswirksamkeit	Effektivität,Wirksamkeit	der Wirksamkeit dieser Gesetz werden bis zu Veröffentlichung der positiv Ergebnis der Kompatibilitätsprüfung durch der europäisch Kommission aussetzen 	der Wirksamkeit dieser Gesetz werden bis zu Veröffentlichung der positiv Ergebnis der Kompatibilitätsprüfung durch der europäisch Kommission aussetzen 	der Wirksamkeit dieser Gesetz werden bis zu Veröffentlichung der positiv Ergebnis der Kompatibilitätsprüfung durch der europäisch Kommission aussetzen 
Die Resozialisierung dient auch dem Schutz der Gemeinschaft selbst: Diese hat ein unmittelbares Interesse daran, dass der Täter nicht wieder rückfällig wird und seine Mitbürger erneut schädigt .	rückfällig	Rückfalltäter	der Resozialisierung dienen auch der Schutz der Gemeinschaft selbst  sie haben ein sofortig Interesse daran  dass der Täter nicht wieder heimlich werden und sein Mitbürger nicht erneut verletzen 	der Resozialisierung dienen auch der Schutz der Gemeinschaft an sich  sie haben ein unmittelbar Interesse daran  dass der Täter nicht wieder torpedieren werden und sein Mitbürger nicht wieder schaden 	der Resozialisierung dienen auch der Schutz der Gemeinschaft selbst  sie haben ein unmittelbar Interesse daran  dass der Täter nicht wieder torpedieren werden und sein Mitbürger nicht wieder schaden 
Die Sachen in dem Staatsgebiete sind entweder ein Staats- oder ein Privatgut.	Sache	Gut,Leasingobjekt	der Gut in Hoheitsgebiet der Staat sein entweder ein Staatsgut oder ein Privatgut 	der Vermögen in Staatsgebiet sein entweder ein Staatsvermögen oder ein Privatvermögen 	der Vermögen auf der Staatsgebiet der Staat sein entweder ein Staatsvermögen oder ein Privatvermögen 
Die Satzungen der Kassenärztlichen Vereinigungen müssen Bestimmungen enthalten für die Fortbildung der Ärzte auf dem Gebiet der vertragsärztlichen Tätigkeit, das Nähere über die Art und Weise der Fortbildung sowie die Teilnahmepflicht.	Fortbildung	Aktualisierung	der Satzung der Ärztevereinigung müssen Bestimmung für der Aktualisierung der Arzt auf der Gebiet der vertraglich medizinisch Tätigkeit  der Modalität der Aktualisierung und der Verpflichtung zu Teilnahme enthalten 	der Satzung der zugelassen Ärztevereinigung müssen Bestimmung für der Aktualisierung der Arzt in Bereich der zugelassen medizinisch Tätigkeit  der Modalität der Aktualisierung und der Teilnahmepflicht enthalten 	der Satzung der zugelassen Ärztevereinigung müssen Bestimmung für der Aktualisierung der Arzt auf der Gebiet der zugelassen medizinisch Tätigkeit  der Modalität der Aktualisierung und der Pflicht zu Teilnahme enthalten 
Die Satzungsgewalt der Universitäten und wissenschaftlichen Hochschulen ist teilweise in den Landesverfassungen ausdrücklich anerkannt.	Satzungsgewalt	Satzungsautonomie	der gesetzlich Autonomie der Universität und wissenschaftlich Hochschule werden in der Verfassung der Land zu Teil ausdrücklich anerkennen 	der satzungsmässig Autonomie der Universität und wissenschaftlich Hochschule werden in der Verfassung der Land zu Teil ausdrücklich anerkennen 	der satzungsmässig Autonomie der Universität und wissenschaftlich Hochschule werden in der Verfassung der Land zu Teil ausdrücklich anerkennen 
Die Sicherheitsvorrichtung darf nicht die vorgesehenen Leistungseigenschaften oder die ordnungsgemäße Entsorgung des Produktes negativ beeinflussen; die vorgesehene klinische Anwendung des Produktes verhindern oder nachteilig beeinflussen; versehentlich unter den vorgesehenen Anwendungsbedingungen aktiviert werden können.	Sicherheitsvorrichtung	nicht trennend Schutzeinrichtung	der Sicherheitseinrichtung dürfen der zu erwartend Leistungsmerkmal oder der ordnungsgemäß Entsorgung der Produkt nicht beeinträchtigen  der vorgesehen klinisch Verwendung der Produkt verhindern oder beeinträchtigen oder unter der vorgesehen Verwendungsbedingung versehentlich aktivieren werden können 	der Sicherheitseinrichtung dürfen der erwartet Leistungsmerkmal oder der ordnungsgemäß Entsorgung der Produkt nicht beeinträchtigen  der vorgesehen klinisch Verwendung der Produkt verhindern oder beeinträchtigen oder unter der vorgesehen Verwendungsbedingung versehentlich aktivieren werden können 	der Sicherheitseinrichtung dürfen der erwartet Leistungsmerkmal oder der ordnungsgemäß Entsorgung der Produkt nicht beeinträchtigen  der vorgesehen klinisch Verwendung der Produkt verhindern oder beeinträchtigen oder unter der vorgesehen Verwendungsbedingung versehentlich aktivieren werden können 
Die Staatsanwaltschaft gibt, wenn sie erscheint, die Gründe für die Anhaltung oder Festnahme an und erläutert die Anträge, die die Freiheit der Person betreffen.	Anhaltung	Anhalten,Gefängnisstrafe	der Staatsanwaltschaft geben  wenn sie erscheinen  der Grund für der Festnahme oder Inhaftierung an und legen der Antrag auf Freiheit der Person dar 	der Staatsanwalt geben  wenn er auftauchen  der Grund für der Festnahme oder Inhaftierung an und stellen der Anspruch auf der Freiheit der Person dar 	der Staatsanwalt geben  wenn er auftauchen  der Grund für der Festnahme oder Inhaftierung an und legen der Antrag auf Freiheit der Person dar 
Die Staatsanwaltschaft und alle Beamten des Polizeidienstes sind gem. Abs. 2 auch dann zur Festnahme berechtigt, wenn zum einen die Voraussetzungen eines Haftbefehls (oder eines Unterbringungsbefehls nach § 126a) vorliegen.	Festnahme	Freiheitsstrafe,Warten	der Staatsanwaltschaft der Republik und aller Polizeibeamter sein zu Festnahme nach Absatz 2 berechtigen  auch wenn der Voraussetzung für ein Haftbefehl  oder ein Anordnungsbefehl nach § 126a  geben sein 	der Staatsanwaltschaft der Republik Moldau und aller Polizeibeamter sein nach Absatz 2 zu Festnahme berechtigen  auch wenn der Voraussetzung für ein Haftbefehl  oder ein Anordnungsbefehl nach § 126a  geben sein 	der Staatsanwaltschaft der Republik Moldau und aller Polizeibeamter sein nach Absatz 2 auch dann zu Festnahme berechtigen  wenn der Voraussetzung für ein Haftbefehl  oder ein Anordnungsbefehl nach § 126a  geben sein 
Die Staatsanwaltschaft und die Verteidiger der privaten Parteien dürfen erwidern; eine Erwiderung ist nur einmal zulässig und muß sich in den zur Widerlegung der gegnerischen Argumente unbedingt notwendigen Grenzen halten.	Erwiderung	Gegenäußerung	der Staatsanwaltschaft und der Verteidiger der privat Partei können sich replizieren  ein Erwiderung sein nur einmal zulässig und muss innerhalb der Grenze bleiben  der zu Widerlegung der Argument der anderer Partei unbedingt erforderlich sein 	der Staatsanwaltschaft und der Verteidiger der Privatpartei können antworten  ein Erwiderung sein nur einmal zulässig und muss sich in der Grenze halten  der unbedingt erforderlich sein  um der Argument der Gegenseite widerlegen zu können 	der Staatsanwaltschaft und der Verteidiger der Privatpartei können antworten  ein Erwiderung sein nur einmal zulässig und muss sich in der Grenze halten  der unbedingt erforderlich sein  um der Argument der Gegenseite widerlegen zu können 
Die Statuten haben jedenfalls Organe zur gemeinsamen Willensbildung der Vereinsmitglieder (Mitgliederversammlung) sowie zur Führung der Vereinsgeschäfte und zur Vertretung des Vereins nach außen (Leitungsorgan) vorzusehen.	Vereinsmitglied	Stiller,still Gesellschafter	der Satzung müssen in jeder Fall Einrichtung für der gemeinsam Ausbildung der Wille der Mitglied  Versammlung der Mitglied  sowie für der Verwaltung der Angelegenheit der Verein und für der Vertretung der Verein nach außen  Direktorium  vorsehen 	der Satzung muss auf jeder Fall Einrichtung für der gemeinsam Willensbildung der Mitglied  Versammlung der Mitglied  sowie für der Verwaltung der Angelegenheit der Vereinigung und für der Vertretung der Vereinigung nach außen  Verwaltungsorgan  vorsehen 	der Satzung muss auf jeder Fall Einrichtung für der gemeinsam Willensbildung der Mitglied  Versammlung der Mitglied  sowie für der Verwaltung der Angelegenheit der Vereinigung und für der Vertretung der Vereinigung nach außen  Verwaltungsorgan  vorsehen 
Die Stimmabgabe ist vom Vorsitzenden des Dienststellenwahlausschusses mit dem Ablaufe der festgesetzten Zeit für beendet zu erklären. Hierauf haben alle Personen mit Ausnahme der Mitglieder des Dienststellenwahlausschusses und der Wahlzeugen das Wahllokal zu verlassen.	Wahllokal	Wahlbehörde	der Wahl sein von vorsitzend der Wahlausschuß nach Ablauf der festgelegt Zeit für beenden zu erklären  danach müssen aller Person  mit Ausnahme der Mitglied der Wahlausschuß und der Wahlzeuge  der Wahlsitz verlassen 	der Wahl sein von vorsitzend der Wahlausschuß nach Ablauf der festgelegt Frist für beenden zu erklären und aller Person  mit Ausnahme der Mitglied der Wahlausschuß und der Wahlzeuge  müssen anschließend ihr Wahlsitz verlassen 	der Wahl sein von vorsitzend der Wahlausschuß nach Ablauf der festgelegt Frist für beenden zu erklären und aller Person  mit Ausnahme der Mitglied der Wahlausschuß und der Wahlzeuge  müssen anschließend ihr Wahlsitz verlassen 
Die Strafkammern erledigen außerdem die in der Strafprozeßordnung den Landgerichten zugewiesenen Geschäfte.	Strafkammer	Strafsenat	der Strafkammer bearbeiten auch der Angelegenheit  der der Regionalgericht in der Strafprozessordnung zugewiesen werden 	der Strafkammer bearbeiten auch der Angelegenheit  der der Regionalgericht in der Strafprozessordnung zugewiesen werden 	der Strafkammer bearbeiten auch der Angelegenheit  der der Regionalgericht in der Strafprozessordnung zugewiesen werden 
Die Strafverfolgung verjährt:  bei vollendeter Steuerhinterziehung zehn Jahre nach dem Ablauf der Steuerperiode, für die der Steuerpflichtige nicht oder unvollständig veranlagt wurde oder der Steuerabzug an der Quelle nicht gesetzmässig erfolgte, .	gesetzmässig	rechtsgültig	der Strafverfolgung sein vorsehen  in Fall ein Steuerrückführung zehn Jahr nach Ablauf der Steuerzeitraum  für der der Steuerpflichtige nicht besteuern oder unvollständig besteuern werden oder der Steuerabzug an der Quelle nicht rechtmäßig erfolgen sein 	der Strafverfolgung schreiben folgender vor  in Fall ein Steuerhinterziehung  der zehn Jahr nach Ablauf der Steuerzeit  für der der Steuerpflichtige nicht besteuern oder nicht vollständig besteuern werden  oder in Fall ein Steuerabzug an der Quelle  erfolgen dieser nicht auf legal Weise 	der Strafverfolgung schreiben folgender vor  in Fall der Steuerhinterziehung zehn Jahr nach Ablauf der Steuerzeitraum  für der der Steuerpflichtige nicht besteuern oder unvollkommen besteuern werden  oder der Steuerabzug an der Quelle nicht rechtmäßig erfolgen sein 
Die Todeserklärung begründet die Vermutung, daß der Verschollene in dem im Beschluß festgestellten Zeitpunkt gestorben ist. Dies gilt auch, wenn vor der Todeserklärung ein anderer Zeitpunkt im Sterbebuch eingetragen ist.	Verschollener	abwesend	der angeblich Todesdeklaration begründen der Vermutung  dass der vermißter zu der in der Entscheidung festgelegt Zeitpunkt verstorben sein  auch wenn vor der angeblich Todesdeklaration ein weit Zeitpunkt in der Sterberegister eintragen werden sein 	der mutmaßlich Todesanzeige begründen der Annahme  dass der Verstorbene zu der in der Entscheidung festgelegt Zeitpunkt verstorben sein  auch wenn vor der mutmaßlich Todesanzeige ein anderer Zeitpunkt in der Todesregister eintragen werden 	der mutmaßlich Todesanzeige begründen der Annahme  dass der Verstorbene zu der in der Entscheidung festgelegt Zeitpunkt verstorben sein  auch wenn vor der mutmaßlich Todesanzeige ein anderer Zeitpunkt in der Todesregister eintragen werden 
Die Tourismusverbände sind befugt, Reservierungen, samt den dazugehörigen Leistungen, ohne eigene Verwaltungsbewilligung vorzunehmen, sofern sie sich auf das jeweilige Einzugsgebiet beschränken.	Verwaltungsbewilligung	Ermächtigung,Genehmigung	der touristisch Einrichtung sein berechtigen  Buchung  einschließlich damit zusammenhängend Dienstleistung  ohne eigen behördlich Genehmigung vornehmen  sofern sie sich auf der jeweilig Nutzergebiet beschränken 	Reiseveranstalter dürfen ohne eigen behördlich Genehmigung Buchung  einschließlich damit verbunden Dienstleistung  vornehmen  sofern sie sich auf ihr jeweilig Einzugsgebiet beschränken 	Reiseveranstalter sein berechtigen  Buchung  einschließlich damit verbunden Dienstleistung  ohne eigen behördlich Genehmigung vornehmen  sofern sie sich auf ihr Einzugsgebiet beschränken 
Die Trauung ist öffentlich und findet in Anwesenheit von zwei volljährigen und urteilsfähigen Zeuginnen oder Zeugen statt.	Trauung	Ehe	der Ehe sein öffentlich und finden in Anwesenheit von zwei volljährig Zeuge statt  der fähig sein zu verstehen und zu wollen 	der Ehe sein öffentlich und finden in Anwesenheit von zwei volljährig Zeuge statt  der fähig sein  zu verstehen und zu wollen 	der Ehe sein öffentlich und finden in Anwesenheit von zwei volljährig Zeuge statt  der fähig sein  zu verstehen und zu wollen 
Die Trennung der Ehegatten ist zulässig. Die Trennung kann eine gerichtliche oder einverständliche sein. Das Recht, die gerichtliche Trennung oder die Bestätigung der einverständlichen Trennung zu verlangen, steht ausschließlich den Ehegatten zu.	Trennung	Absonderung	der Trennung der Ehegatt sein zulässig  der Trennung können gerichtlich oder einvernehmlich Natur sein  der Recht  der gerichtlich Trennung oder der Genehmigung der einvernehmlich Trennung zu beantragen  liegen ausschließlich bei der Ehegatt 	der Trennung der Ehegatt sein zulässig  der Trennung können gerichtlich oder einvernehmlich erfolgen  der Recht  ein gerichtlich Trennung oder der Genehmigung ein einvernehmlich Trennung zu beantragen  sein ausschließlich Sache der Ehegatt 	der Trennung der Ehegatt sein zulässig  der Trennung können gerichtlich oder einvernehmlich erfolgen  der Recht  ein gerichtlich Trennung oder der Genehmigung ein einvernehmlich Trennung zu beantragen  sein ausschließlich Sache der Ehegatt 
Die Treppen, welche zur Erreichung der normalen Arbeitsbereiche bestimmt sind, müssen so gebaut und erhalten werden, dass diese die Normallast bei einer Anhäufung von Personen in Notfallsituationen aufnehmen können.	Treppe	Leiter,Stiege,Stiegenhaus,Treppenhaus	Treppe  der zu Erreichung der normal Arbeitsbereich bestimmen sein  sein so zu bauen und zu halten  dass sie bei Anhäufung von Person in Notsituation der normal Belastung standhalten können 	Treppe  der für normal Arbeitsraum bestimmen sein  müssen so bauen und warten werden  dass sie bei Anhäufung von Person in Notfall der normal Belastung tragen können 	Treppe  der zu erreichen normal Arbeitsbereich bestimmen sein  müssen so bauen und warten werden  dass sie bei Anhäufung von Person in Notfall der normal Belastung tragen können 
Die Umrechnung erfolgt nach dem Kurswert, der zur Zeit der Zahlung für den Zahlungsort maßgebend ist.	Zeit	Dauer,Zeitpunkt,Zeitraum	der Umrechnung erfolgen nach der Wechselkurs  der zu Zeitpunkt der Zahlung für der Zahlungsort ausschlaggebend sein 	der Umrechnung erfolgen nach der Wechselkurs  der zu Zeitpunkt der Zahlung für der Ort der Zahlung maßgebend sein 	der Umrechnung erfolgen nach der Wechselkurs  der zu Zeitpunkt der Zahlung für der Ort der Zahlung maßgebend sein 
"Die Unterbringung in der Sicherungsverwahrung gemäß § 66 StGB ist ihrem Wesen nach keine ""Zusatzstrafe"" oder Strafschärfung für Rückfalltäter, sondern eine der zukünftigen Gefährlichkeit des Angeklagten entgegenwirkende Maßregel."	Rückfalltäter	rückfällig	der Sicherheitsmaßnahme für der Untersuchungshaft in Sinn von § 66 StGB sein von Natur aus kein  zusätzlich Strafe  oder ein Verschärfung der Strafe für der Strafvollzug  sondern ein Maßnahme zu Bekämpfung der künftig Gefährlichkeit der angeklagter 	der Maßnahme zu Sicherung der Untersuchungshaft nach § 66 StGB sein von Natur aus kein zusätzlich  Strafe  oder ein Verschärfung der Strafe für der Straftäter  sondern ein Maßnahme zu Bekämpfung der künftig Gefährlichkeit der angeklagter 	der Maßnahme zu Sicherung der Untersuchungshaft in Sinn von § 66 StGB sein naturgemäß kein zusätzlich  Strafe  oder ein Verschärfung der Strafe für der Straftäter  sondern ein Maßnahme zu Bekämpfung der künftig Gefährlichkeit der angeklagter 
Die Unterbringung in einer gerichtlichen Erziehungsanstalt wird bei einem Minderjährigen unter achtzehn Jahren, der Gewohnheitsverbrecher, gewerbsmäßiger Verbrecher oder Hangverbrecher ist, stets angeordnet .	Verbrecher	verbrecherisch	der Internierung in ein Einrichtung der Rechtsumsetzung sein immer für ein Minderjährigen unter 18 Jahr vorsehen  der ein gewöhnlich Kriminelle  Berufskriminelle oder ein trendig Verbrecher sein 	der Internierung in ein Justizumerziehungseinrichtung sein stets für minderjährige unter 18 Jahr vorsehen  der ein gewöhnlich Krimineller  ein Berufskriminelle oder ein gewöhnlich Krimineller sein 	der Internierung in ein Justizumerziehungseinrichtung sein stets für minderjährige unter 18 Jahr vorsehen  der ein gewöhnlich Krimineller  ein Berufskriminelle oder ein gewöhnlich Krimineller sein 
Die Vaterschaftsbestreitungsklage seitens der Mutter muss innerhalb einer Frist von sechs Monaten ab der Geburt des Kindes eingebracht werden oder ab dem Tag, an dem sie Kenntnis von der Zeugungsunfähigkeit des Ehemanns zum Zeitpunkt der Empfängnis erhalten hat.	Frist	Grenzzeichen,Verfahrensfrist	der Vaterschaft werden von der Mutter innerhalb von sechs Monat nach der Geburt der Kind oder von der Tag  an der sie von der Ohnmacht ihr Mann zu Zeitpunkt der Empfängnis erfahren haben  anerkennen 	der Unkenntnis der Vaterschaft durch der Mutter muss innerhalb von sechs Monat nach der Geburt der Kind oder von der Tag  an der sie von der Ohnmacht der Ehemann bis zu Empfängnis erfahren haben  vorschlagen werden 	der Unkenntnis der Vaterschaft durch der Mutter muss innerhalb von sechs Monat nach der Geburt der Kind oder von der Tag  an der sie von der Ohnmacht der Ehemann bis zu Empfängnis erfahren haben  vorschlagen werden 
Die Verbindlichkeit erlischt, wenn die Parteien die ursprüngliche Verbindlichkeit durch eine neue Verbindlichkeit ersetzen, die einen anderen Gegenstand oder Rechtstitel hat.	Rechtstitel	Titel	der Verpflichtung erlischen  wenn der Partei der ursprünglich Verpflichtung durch ein neu Verpflichtung mit ein anderer Gegenstand oder ein anderer Urkunde ersetzen 	der Schuld erlischen  wenn der Partei der ursprünglich Schuld durch ein neu mit ein anderer Gegenstand oder ein anderer Bezeichnung verbunden Verbindlichkeit ersetzen 	der Schuld erlischen  wenn der Partei der ursprünglich Verbindlichkeit durch ein neu Verbindlichkeit mit ein anderer Gegenstand oder ein anderer Urkunde ersetzen 
Die Vereinbarung der Parteien sieht bezüglich Mängeln der Software vor, dass diese während einer Garantiefrist von drei Monaten durch einen Programmservice der Beklagten nachzubessern seien.	Software	Computerprogramm,Programm	der Vereinbarung der Vertragspartei sehen vor  dass der Mangel der Computerprogramm von der Beklagter über ein Software-Support während ein Garantiefrist von drei Monat beseitigen werden müssen 	der Vereinbarung der Vertragspartei sehen vor  dass der Computerprogramm in Anbetracht der Mangel der Computerprogramm während ein dreijährig Garantiefrist durch ein Software-Support von der Beklagten entfernen werden müssen 	der Vereinbarung der Vertragspartei sehen vor  dass der Mangel der Computerprogramm durch ein Software-Support-Dienst während ein Garantiefrist von drei Monat beseitigen werden müssen 
Die Vereinsversammlung beschliesst über die Aufnahme und den Ausschluss von Mitgliedern, wählt den Vorstand und entscheidet in allen Angelegenheiten, die nicht andern Organen des Vereins übertragen sind.	Vereinsversammlung	Gesellschafterversammlung	der Versammlung entscheiden über der Zulassung und der Ausschluss der Mitglied  wählen der Vorstand und entscheiden über aller Frage  der nicht anderer Organ der Verein zuordnen werden 	der Versammlung entscheiden über der Zulassung und der Ausschluss der Mitglied  wählen der Verwaltungsrat und entscheiden über aller Frage  der anderer Organ der Vereinigung nicht zugewiesen werden 	der Versammlung entscheiden über der Zulassung und der Ausschluss der Mitglied  wählen der Verwaltungsrat und entscheiden über aller Frage  der anderer Organ der Vereinigung nicht zugewiesen werden 
Die Vereinsversammlung wird durch die Gesamtheit der Mitglieder gebildet.	Vereinsversammlung	Gesellschafterversammlung,Hauptversammlung	der Versammlung setzen sich aus aller Mitglied zusammen 	der Hauptversammlung setzen sich aus aller Mitglied zusammen 	der Hauptversammlung setzen sich aus aller Mitglied zusammen 
Die Vergabe von Aufträgen über Leistungen hat im Wege eines offenen Verfahrens, eines nicht offenen Verfahrens, eines Verhandlungsverfahrens, einer Rahmenvereinbarung, eines dynamischen Beschaffungssystems, eines wettbewerblichen Dialoges, einer Direktvergabe oder einer Direktvergabe mit vorheriger Bekanntmachung zu erfolgen.	Vergabe	Fremdunterbringung,Pflegekindschaft,Übernahme der Kind in Pflege	der Vergabe von Dienstleistungsauftrag erfolgen in Weg ein offen Verfahren  ein nichtoffen Verfahren  ein Verhandlungsverfahren  ein Rahmenabkommen  ein dynamisch Beschaffungssystem  ein wettbewerblich Dialog  ein direkt Vertrauen oder ein direkt Vertrauen mit vorherig Veröffentlichung 	der Vergabe von Dienstleistungsauftrag muss in Weg ein offen Verfahren  ein nichtoffen Verfahren  ein Verhandlungsverfahren  ein Rahmenabkommen  ein dynamisch Beschaffungssystem  ein wettbewerblich Dialog  ein direkt oder ein direkt Vertrauensverfahren erfolgen  wobei der Ausschreibung erfolgen 	der Vergabe von Dienstleistungsauftrag muss in Weg ein offen Verfahren  ein nichtoffen Verfahren  ein Verhandlungsverfahren  ein Rahmenvertrag  ein dynamisch Beschaffungssystem  ein wettbewerblich Dialog  ein Direktvertrauen oder ein vorherig Veröffentlichung erfolgen 
Die Vergabe von öffentlichen Liefer-, Bau- und Dienstleistungsaufträgen erfolgt in offenen Verfahren, in nicht offenen Verfahren, in Verhandlungsverfahren oder im wettbewerblichen Dialog.	Vergabe	Fremdunterbringung,Pflegekindschaft	der Vergabe öffentlich Liefer  Bau und Dienstleistungsauftrag erfolgen über offen Verfahren  nichtoffen Verfahren  Verhandlungsverfahren oder ein wettbewerblich Dialog 	der Vergabe öffentlich Lieferauftrag  Bau und Dienstleistungsauftrag erfolgen in Weg von offen Verfahren  nichtoffen Verfahren  Verhandlungsverfahren oder ein wettbewerblich Dialog 	der Vergabe öffentlich Lieferauftrag  Bau und Dienstleistungsauftrag erfolgen über offen Verfahren  nichtoffen Verfahren  Verhandlungsverfahren oder ein wettbewerblich Dialog 
Die Vergütung für den Verwahrer wird mit Dekret des Bezirksgerichts, wenn die Bestellung durch den Gerichtsvollzieher erfolgt ist, und in jedem anderen Fall durch das Gericht, das ihn bestellt hat, festgesetzt.	Verwahrer	Hausmeister	der Vergütung für der Hausmeister werden durch Erlass der Bezirksgericht festlegen  wenn der Ernennung erfolgen durch der Gerichtsvollzieher  und in jeder anderer Fall durch der Gericht  der ihn ernennen haben 	der Vergütung für der Wächter werden durch Erlass der Bezirksgericht festlegen  wenn der Ernennung von Gerichtsvollzieher und in jeder anderer Fall von Gericht  der ihn ernennen haben  vornehmen werden 	der Vergütung für der Wächter werden durch Erlass der Bezirksgericht festlegen  wenn der Ernennung durch der Gerichtsvollzieher und in jeder anderer Fall durch der Gericht  der ihn ernennen haben  erfolgen sein 
Die Verhandlung zur Erörterung der Streitsache erfolgt bei sonstiger Nichtigkeit öffentlich . Doch kann der die Verhandlung leitende Richter aus Gründen der Staatssicherheit, der öffentlichen Ordnung oder der Sittlichkeit den Ausschluß der Öffentlichkeit anordnen. .	Streitsache	Rechtsgrund,Rechtsstreit,Ursache	der mündlich Verhandlung finden in öffentlich Sitzung statt  wobei der Richter  der der Verhandlung leiten  aus Grund der Staatssicherheit  der öffentlich Ordnung oder der Moral der Ausschluss der Öffentlichkeit vorsehen können 	der Verhandlung zu Streitfrage werden öffentlich abhalten  wobei jedoch der Richter  der der Verhandlung leiten  aus Grund der Staatssicherheit  der öffentlich Ordnung oder der Moral der Ausschluss der Öffentlichkeit vorsehen können 	der Verhandlung zu Streitfrage werden öffentlich abhalten  wobei jedoch der Richter  der der Verhandlung leiten  aus Grund der Staatssicherheit  der öffentlich Ordnung oder der Moral der Ausschluss der Öffentlichkeit vorsehen können 
Die Verjährung von Ansprüchen des Kindes gegen den Beistand ist während der Dauer der Beistandschaft gehemmt.	Dauer	Zeit,Zeitpunkt	der Verjährung der Recht der Kind gegenüber der Assistent werden während der Pflegezeit aussetzen 	der Verjährung der Recht der Kind gegenüber der Assistent werden während der Pflegezeit aussetzen 	der Verjährung der Recht der Kind gegenüber der Assistent werden während der Pflegezeit aussetzen 
Die Verjährung wird durch die Anerkennung des Rechtes durch denjenigen unterbrochen, dem gegenüber dieses Recht geltend gemacht werden kann.	Anerkennung	Identifizierung	der Verjährung werden durch der Anerkennung der Recht durch derjenige unterbrechen  gegen der der Recht geltend machen werden können 	der Verjährung werden durch der Anerkennung der Recht durch ein Dritter unterbrechen  gegen der der Recht geltend machen werden können 	der Verjährung werden durch der Anerkennung der Recht durch derjenige unterbrechen  gegen der der Recht geltend machen werden können 
Die Verjährung wird gehemmt durch  die Einreichung des Antrags bei einer Behörde, wenn die Zulässigkeit der Klage von der Vorentscheidung dieser Behörde abhängt und innerhalb von drei Monaten nach Erledigung des Gesuchs die Klage erhoben wird .	Gesuch	Anspruch	der Verjährung werden durch der Einreichung der Antrag bei ein Behörde aussetzen  wenn der Zulässigkeit der Klage von der vorherig Entscheidung dieser Behörde abhängen und der Klage innerhalb von drei Monat nach Eingang der Antrag erheben werden 	der Verjährung werden aussetzen  wenn der Antrag bei ein Behörde einreichen werden  wenn der Zulässigkeit der Klage von der vorherig Entscheidung dieser Behörde abhängen und der Klage innerhalb von drei Monat nach Eingang der Antrag erheben werden 	der Verjährung werden durch der Einreichung der Antrag bei ein Behörde aussetzen  wenn der Zulässigkeit der Klage von der vorherig Entscheidung dieser Behörde abhängen und der Klage innerhalb von drei Monat nach Eingang der Antrag erheben werden 
Die Verjährungsfrist für den Ausgleich von Fehlern in der Liquidierung sowie den Ausgleich für Änderungen oder Richtigstellungen der mittleren Konzessionsnennleistung ist jene, die in den entsprechenden Staatsgesetzen festgelegt ist.	Richtigstellung	Vertragsanpassung	der Verjährungsfrist für der Ausgleich von Fehler bei der Liquidation sowie für Änderung oder Berichtigung der durchschnittlich Nennleistung der Konzession sein der in der entsprechend staatlich Gesetz festgelegt Frist 	der Verjährungsfrist für der Ausgleich von Fehler bei der Liquidation sowie für Änderung oder Berichtigung der durchschnittlich nominal Konzessionsleistung sein in der entsprechend staatlich Rechtsvorschrift festlegen 	der Verjährungsfrist für der Ausgleich von Fehler bei der Liquidation sowie für Änderung oder Berichtigung der durchschnittlich nominal Konzessionsleistung sein in der entsprechend staatlich Rechtsvorschrift festlegen 
Die Verkürzung muß bis zum Zeitpunkt der Klagserhebung fortdauern.	Verkürzung	Angriff,Verletzung	der Läsion muss bis zu Zeitpunkt der Auslösens bestehen bleiben 	der Verletzung müssen bis zu Zeitpunkt der Eintretens der Klage bestehen bleiben 	der Verletzung müssen so lange bestehen bleiben  bis der Klage erheben werden 
Die Vernehmung eines Zeugen, Sachverständigen oder Mitbeschuldigten darf durch Verlesung von Niederschriften über eine frühere Vernehmung sowie von Urkunden, die eine von ihnen stammende schriftliche Äußerung enthalten, ersetzt werden.	Verlesung	Lesung	der Aussprache ein Zeuge  Sachverständiger oder Mitangeklagter können durch der Lektüre von Protokoll über ein früh Aussprache sowie von Dokument ersetzen werden  der ein schriftlich Erklärung dieser Person enthalten 	der Erledigung ein Zeuge  Sachverständiger oder Mitangeklagter können durch der Lektüre von Protokoll über ein früh Verhandlung sowie von Dokument ersetzen werden  der ein schriftlich Erklärung von ihnen enthalten 	der Befragung ein Zeuge  Sachverständiger oder Mitangeklagten können durch der Lektüre von Protokoll über ein früh Aussprache sowie von Dokument ersetzen werden  der ein schriftlich Erklärung dieser Person enthalten 
Die Verpflichtung zur Duldung des Notwegs tritt nicht ein, wenn die bisherige Verbindung des Grundstücks mit dem öffentlichen Weg durch eine willkürliche Handlung des Eigentümers aufgehoben wird.	Duldung	Toleranz	der Verpflichtung zu Toleranz der Notwendigkeitsübergabe entstehen nicht  wenn der vorherig Verknüpfung der Fonds mit der öffentlich Weg durch ein willkürlich Handlung der Eigentümer aufheben werden 	der Verpflichtung zu Toleranz der Notwendigkeitsübergabe entstehen nicht  wenn der vorherig Verbindung der Fonds mit der öffentlich Weg durch ein willkürlich Handlung der Eigentümer aufheben werden 	der Verpflichtung zu Toleranz der Notwendigkeitsübergabe entstehen nicht  wenn der vorherig Verbindung der Fonds mit der öffentlich Weg durch ein willkürlich Handlung der Eigentümer aufheben werden 
Die Verschmelzung durch Aufnahme ist nur zulässig, wenn die Hauptversammlung jeder Gesellschaft sie beschließt.	Verschmelzung durch Aufnahme	Konsumtion	der Übernahme sein nur zulässig  wenn der Hauptversammlung jeder Unternehmen dieser beschließen 	der Übernahme sein nur zulässig  wenn der Hauptversammlung der einzeln Gesellschaft darüber entscheiden 	der Übernahme sein nur zulässig  wenn der Hauptversammlung jeder Unternehmen dieser beschließen 
Die Verschmelzung mehrerer Gesellschaften kann durch Gründung einer neuen Gesellschaft oder durch Aufnahme einer oder mehrerer Gesellschaften in eine andere erfolgen.	Aufnahme	Verbindung,Zuwachs	der Verschmelzung mehrere Gesellschaft können durch der Gründung ein neu Gesellschaft oder durch der Eingliederung ein oder mehrere Gesellschaft in ein anderer erfolgen 	der Verschmelzung mehrere Gesellschaft können entweder durch Gründung ein neu Gesellschaft oder durch Eingliederung ein oder mehrere Gesellschaft in ein anderer erfolgen 	der Verschmelzung mehrere Gesellschaft können entweder durch Gründung ein neu Gesellschaft oder durch Eingliederung ein oder mehrere Gesellschaft in ein anderer erfolgen 
Die Versäumung einer Prozesshandlung hat zur allgemeinen Folge, dass die Partei mit der vorzunehmenden Prozesshandlung ausgeschlossen wird.	Prozesshandlung	Aktenstück,Aktenteil	der ausbleiben ein Verfahrenshandlung haben zu allgemein Folge  dass der Partei von der zu vollstreckend Verfahrenshandlung ausschließen werden 	der ausbleiben ein Verfahrensakt haben allgemein zu Folge  dass der Verfahrensbeteiligter von der zu vollstreckend Verfahrensakt ausschließen werden 	der Unterlassung ein Verfahrensakt haben allgemein zu Folge  dass der Verfahrensbeteiligter von der zu vollstreckend Verfahrensakt ausschließen werden 
Die Vertragsparteien werden nach Maßgabe ihres jeweiligen nationalen Rechts durch ihre zuständigen Behörden bei der Abwehr von Gefahren für die öffentliche Sicherheit und Ordnung sowie bei der Vorbeugung und Aufklärung von strafbaren Handlungen zusammenarbeiten.	öffentlich Sicherheit	ordre public,öffentlich Ordnung	der Vertragspartei arbeiten in Einklang mit ihr innerstaatlich Recht über ihr zuständig Behörde zusammen  um gegen der Gefahr für der öffentlich Ordnung und Sicherheit sowie gegen der Verhütung und Feststellung strafbar Handlung vorgehen 	der Vertragspartei arbeiten nach Maßgabe ihr national Recht über ihr zuständig Behörde zusammen  um der Gefahr für der öffentlich Ordnung und Sicherheit sowie der Verhütung und Feststellung strafbar Handlung zu schützen 	der Vertragspartei arbeiten in Einklang mit ihr innerstaatlich Recht über ihr zuständig Behörde zusammen  um gegen der Gefahr für der öffentlich Ordnung und Sicherheit sowie gegen der Verhütung und Feststellung strafbar Handlung vorgehen 
Die Verwaltung des gemeinschaftlichen Gegenstands steht den Teilhabern gemeinschaftlich zu.	gemeinschaftlich Gegenstand	Gemeingut	der Verwaltung der gemeinsam Sache obliegen gemeinsam der Teilnehmer 	der Verwaltung der gemeinsam Sache obliegen gemeinsam der Teilnehmer 	der Verwaltung der gemeinsam Sache obliegen gemeinsam der Teilnehmer 
Die Verwaltung kann sich im Verfahren durch eine Führungskraft oder einen eigens dazu delegierten Beamten vertreten lassen.	Führungskraft	Leiter,leitend Beamter	der Verwaltung können sich in Verfahren durch ein leitend Direktor oder ein speziell beauftragt Beamter vertreten lassen 	der Verwaltung können sich in der Verfahren durch ein Direktor oder ein hierfür bevollmächtigt Beamter vertreten lassen 	der Verwaltung können sich in der Verfahren durch ein Direktor oder ein eigens hierfür bevollmächtigt Beamter vertreten lassen 
Die Verwaltungskommission trägt die Verantwortung für die Gerichtsverwaltung. Sie ist zuständig für  die Gewährleistung einer angemessenen Fortbildung des Personals .	Fortbildung	Aktualisierung	der Verwaltungskommission sein für der Justiz zuständig  sie sein dafür zuständig  ein angemessen Personalaktualisierung zu gewährleisten 	der Verwaltungskommission sein für der Verwaltung zuständig  sie sein zuständig  um ein angemessen Personalaktualisierung zu gewährleisten 	der Verwaltungskommission sein für der Rechtspflege zuständig  sie sein zuständig  um ein angemessen Personalaktualisierung zu gewährleisten 
Die Verwaltungsvorschriften sollen die richtige, zweckmäßige und einheitliche Ausübung der Verwaltungstätigkeit gewährleisten; sie konkretisieren vielfach die oft nur sehr allgemeine Regelung des Gesetzes.	Verwaltungstätigkeit	Verwaltungsaufgabe,Verwaltungsfunktion	der Verwaltungsvorschrift müssen der ordnungsgemäß  angemessen und einheitlich Erfüllung der Verwaltungsaufgabe gewährleisten  sie konkretisieren häufig der häufig sehr allgemein Regelung der Gesetz 	der Verwaltungsvorschrift müssen der ordnungsgemäß  angemessen und einheitlich Ausübung der Verwaltungstätigkeit gewährleisten  sie konkretisieren häufig der oft recht allgemein gehalten Regelung der Recht 	der Verwaltungsvorschrift müssen der ordnungsgemäß  angemessen und einheitlich Erfüllung der Verwaltungsaufgabe gewährleisten  sie konkretisieren häufig der oft recht allgemein gehalten Regelung der Recht 
Die Verwertung von Abfällen hat Vorrang vor deren Beseitigung.	Verwertung	Rehabilitation,Suchtrehabilitation	der Verwertung von Abfall haben Vorrang vor ihr Entsorgung 	der Verwertung von Abfall haben Vorrang vor ihr Entsorgung 	der Verwertung von Abfall haben Vorrang vor ihr Entsorgung 
Die Verwirkung wird nur durch die Vornahme der vom Gesetz oder vom Vertrag vorgesehenen Rechtshandlung verhindert.	Verwirkung	Rücknahme	der Verfall werden nur durch der Erfüllung der in Gesetz oder in Vertrag vorgesehen Rechtsakt verhindern 	der Verfall werden nur durch der Vollendung der gesetzlich oder vertraglich Handlung verhindern 	der Verfall werden nur verhindern  wenn der gesetzlich oder vertraglich vorgesehen Rechtsakt vollstrecken werden 
Die Vorschriften über die Anfechtung der vor der Eröffnung des Verfahrens vorgenommenen Rechtshandlungen gelten auch für die Anfechtung von Rechtshandlungen, die nach der Eröffnung des Verfahrens vorgenommen worden sind .	Rechtshandlung	Handlung,Urkunde	der Bestimmung über der Rechtsmittel gegen der vor Einleitung der Verfahren ergangen Handlung gelten auch für der Rechtsmittel gegen der nach Einleitung der Verfahren ergangen Handlung 	der Bestimmung über der Rechtsbehelf gegen der vor der Einleitung der Verfahren ergangen Handlung gelten auch für der Rechtsmittel gegen der nach der Einleitung der Verfahren ergangen Handlung 	der Bestimmung über der Rechtsbehelf bei Handlung  der vor der Einleitung der Verfahren ergehen sein  finden auch auf der Rechtsbehelf bei Handlung Anwendung  der nach der Einleitung der Verfahren ergehen sein 
Die Vorschriften über die Wiedergutmachung wegen eines Irrtums des Gerichts finden, soweit sie vereinbar sind, Anwendung.	Wiedergutmachung	Ausbesserung,Repararatur	der Bestimmung über der Wiedergutmachung aufgrund von Rechtsirrtümern finden Anwendung  soweit sie miteinander vereinbar sein 	der Bestimmung über der gerichtlich Wiedergutmachung finden Anwendung  soweit sie miteinander vereinbar sein 	der Bestimmung über der gerichtlich Wiedergutmachung finden Anwendung  soweit sie miteinander vereinbar sein 
Die Vorschriftszeichen sind a) Verbots- oder Beschränkungszeichen, b) Gebotszeichen oder c) Vorrangzeichen.	Verbot oder Beschränkungszeiche	Verbotszeiche	Verjährungssignal sein a  Verbotssignal    Pflichtsignal oder c  Vorabsignal 	der Verjährungssignal sein a  Verbotszeich    Pflichtsignal oder c  Vorabsignal 	Verjährungssignal sein a  Verbotszeich  b  Pflichtsignal oder c  Vorabsignal 
Die Wahlwerberlisten jedes Wahlkreises sind mit einer Erklärung vorzulegen, die von nicht weniger als 400 und nicht mehr als 600 Wählern unterzeichnet sein muß, die im jeweiligen Wahlkreis für die Wahl des Regionalrates das Recht zur Stimmabgabe besitzen.	Wahlwerberliste	Wählerliste,Wählerverzeichnis	der Wahlliste jeder Wahlbezirk müssen mit ein Erklärung einreichen werden  der von mindestens 400 und höchstens 600 Wähler unterzeichnen werden  der in jeweilig Wahlbezirk für der Wahl der Regionalrat wählen können 	der Wählerliste der einzeln Wahlkreis müssen in ein Erklärung enthalten sein  der von mindestens 400 und höchstens 600 Wähler unterzeichnen werden  der in ihr Wahlkreis für der Wahl der Regionalrat stimmberechtigt sein 	der Wählerliste der einzeln Wahlkreis müssen in ein Erklärung enthalten sein  der von mindestens 400 und höchstens 600 Wähler unterzeichnen werden  der in ihr Wahlkreis für der Wahl der Regionalrat stimmberechtigt sein 
Die Wahrnehmung von Treppen und besonders die Erkennbarkeit der Stufen ist von grundsätzlicher Bedeutung für die Sicherheit auf Treppen. Hierbei ist eine gute Allgemeinbeleuchtung erforderlich, die die Treppenstufen räumlich hervor hebt.	Treppenstufe	Leiterstufe,Stufe	der Wahrnehmung der Treppe und insbesondere der Erkennbarkeit der Stufe sein für der Sicherheit auf der Treppe von entscheidend Bedeutung  dazu sein ein gut allgemein Beleuchtung erforderlich  der der Stufe räumlich hervorheben 	der Wahrnehmung der Leiter und insbesondere der Erkennbarkeit der Stufe sein für der Sicherheit auf der Leiter von entscheidend Bedeutung  und dazu bedürfen es ein gut allgemein Beleuchtung  der der Stufe deutlich hervorheben 	der Wahrnehmung der Leiter und insbesondere der Erkennbarkeit der Stufe sein für der Sicherheit auf der Leiter von entscheidend Bedeutung  und dazu bedürfen es ein gut allgemein Beleuchtung  der der Stufe deutlich hervorheben 
Die Warnzeichen sind gelbe Dreiecke mit schwarzem Piktogramm und rotem Rand, Verbotszeichen sind als weiße Kreise mit schwarzem Piktogramm und rotem Rand und Gebotszeichen als blaue Kreise mit weißem Piktogramm zu gestalten.	Gebotszeiche	Vorschriftszeiche	der Warnzeichen müssen gelb Dreieck mit schwarz Piktogramm und rot Rand sein  der Verbotszeiche müssen weiß Kreis mit schwarz Piktogramm und rot Rand sein und der Verschreibungszeichen müssen blau Kreis mit weiß Piktogramm sein 	der Warnsignal müssen gelb Dreieck mit schwarz Piktogramm und rot Rand  weiß Kreis mit schwarz Piktogramm und rot Rand und blau Kreis mit weiß Piktogramm sein 	der Warnsignal müssen gelb Dreieck mit schwarz Piktogramm und rot Rand sein  weiß Kreis mit schwarz Piktogramm und rot Rand und blau Kreis mit weiß Piktogramm 
Die Weiterbildung setzt nach dem Abschluss der Grundausbildung ein. Sie erhält und erweitert die Kernkompetenzen der Berufs- und Zeitmilitärs.	Weiterbildung	Aktualisierung	der Aktualisierung erfolgen nach Abschluss der Grundausbildung  der der Schlüsselkompetenz der Beruf und Zeitsoldat aufrechterhalten und erweitern 	dieser Aktualisierung werden nach Abschluss der Grundausbildung vornehmen  wobei der Schlüsselkompetenz der Beruf und Zeitsoldat beibehalten und erweitern werden 	dieser Aktualisierung erfolgen nach Abschluss der Grundausbildung  der der Schlüsselkompetenz der Beruf und Zeitsoldaten-Militär aufrechterhalten und erweitern 
Die Wirkung von Infrarot-Strahlung (IR) beruht darauf, dass ihre Energie vom Körper aufgenommen wird.	Infrarot-Strahlung	ionisierend Strahlung	der Wirkung der IR-Strahlung basieren auf der Absorption sein Energie durch der Körper 	der Auswirkung der IR-Strahlung beruhen auf der Absorption der Energie durch der Körper 	der Auswirkung der IR-Strahlung beruhen auf der Absorption sein Energie durch der Körper 
Die Wähler geben  ihre Stimme persönlich im Wahllokal ab .	Wahllokal	Wahlvorstand	der Wähler äußern ihr Stimme persönlich in Wahllokal 	der Wähler äußern ihr Stimme in Wahllokal 	der Wähler äußern ihr Stimme in Wahllokal 
Die Zivilinvalidenrenten werden bis zum 67. Lebensjahr von der Agentur für soziale und wirtschaftliche Entwicklung ausbezahlt. Dann geht die Rente als Sozialrente auf das NISF/INPS über.	Zivilinvalidenrente	Arbeitsunfähigkeitsrente,Erwerbsunfähigkeitsrente	der Leistung bei Invalidität werden bis zu Alter von 67 Jahr von der Agentur für sozial und wirtschaftlich Entwicklung gewähren  danach werden der Rente als Sozialrente in der INPS übergeführt 	der Leistung bei Arbeitsunfähigkeit werden bis zu Alter von 67 Jahr von der Agentur für sozial und wirtschaftlich Entwicklung zahlen  und danach werden der Rente als Sozialrente in der INPS übergeführt 	der Leistung bei Arbeitsunfähigkeit werden bis zu Alter von 67 Jahr von der Agentur für sozial und wirtschaftlich Entwicklung zahlen  und danach werden der Rente als Sozialrente in der INPS übergeführt 
Die Zivilstandsbeamtin oder der Zivilstandsbeamte hört die Brautleute an und kann bei anderen Behörden oder bei Drittpersonen Auskünfte einholen.	Auskunft	Information	der Zivilstaatsbeamter hören der Wolke und können bei anderer Behörde oder dritter Information einholen 	der Zivilstaatsbeamter hören der Neuling und können Information bei anderer Behörde oder dritter einholen 	der Zivilstaatsbeamter hören der Nachricht und können Auskunft bei anderer Behörde oder dritter einholen 
Die Zivilstandsbeamtin oder der Zivilstandsbeamte tritt auf das Gesuch nicht ein, wenn die Braut oder der Bräutigam offensichtlich keine Lebensgemeinschaft begründen, sondern die Bestimmungen über Zulassung und Aufenthalt von Ausländerinnen und Ausländern umgehen will.	Ausländer	ausländisch	der Zivilstaatsbeamter gehen nicht in der Sache der Antrag ein  wenn der Braut oder der Bräutigam offensichtlich nicht beabsichtigen  ein Lebensgemeinschaft zu bilden  sondern der Bestimmung über der Zulassung und der Aufenthalt von Ausländer zu umgehen 	der Zivilstaatsbeamter gehen nicht in der Sache der Frage ein  ob der Ehefrau oder der Bräutigam offensichtlich nicht ein Lebensgemeinschaft bilden  sondern der Bestimmung über der Einreise und der Aufenthalt von Ausländer umgehen wollen 	der Zivilstaatsbeamter gehen nicht in der Sache der Frage ein  ob der Braut oder der Bräutigam offensichtlich nicht ein Lebensgemeinschaft bilden  sondern der Bestimmung über der Einreise und der Aufenthalt von Ausländer umgehen wollen 
Die Zulassungsbescheinigung besteht aus einem Teil I und einem Teil II. Die Auflagen und behördlichen Eintragungen sind nur im Teil I enthalten.	Zulassungsbescheinigung	Sparbuch	der Verkehrsbuch bestehen aus ein Teil I und ein Teil II. der Verwaltungsbedingung und -eintragungen sein nur in Teil I enthalten 	der Fahrtenpaß bestehen aus ein Teil I und ein Teil II. der Bedingung und Vermerk der Verwaltung sein nur in Teil I enthalten 	der Fahrtenpaß bestehen aus ein Teil I und ein Teil II. der Verwaltungsvorschrift und Vermerk sein nur in Teil I enthalten 
Die Zustimmung der Vormundschaftsbehörde wird für folgende Fälle gefordert  Ermächtigung des Bevormundeten zum selbständigen Betrieb eines Berufes oder Gewerbes.	Ermächtigung	Bewilligung	der Genehmigung der Aufsichtsbehörde sein in folgend Fall erforderlich  Genehmigung der Pupille zu selbständig Ausübung ein Beruf oder ein gewerblich Tätigkeit 	der Genehmigung der Aufsichtsbehörde sein in folgend Fall erforderlich  Genehmigung der Pupille zu selbständig Ausübung ein Beruf oder ein gewerblich Tätigkeit 	der Genehmigung der Aufsichtsbehörde sein in folgend Fall erforderlich  Genehmigung der Pupille zu selbständig Ausübung ein Beruf oder ein gewerblich Tätigkeit 
Die Sicherheitszeichen sind aus gegen Schlag und Umgebungsbedingungen möglichst widerstandsfähigem und witterungsbeständigem Material herzustellen.	widerstandsfähig	Rekursgegner	der Sicherheitssignal müssen aus Material bestehen  der so stoßfest wie möglich und wetterfest sein 	der Sicherheitssignal müssen aus Material bestehen  der so stoß und umweltbeständig wie möglich und wetterbeständig sein 	der Sicherheitssignal müssen aus Material bestehen  der so stoß und umgebungssicher und wetterfest wie möglich sein 
Die aus der Verschmelzung hervorgehende Gesellschaft darf keine Aktien oder Anteile im Austausch für Aktien oder Anteile der an der Verschmelzung beteiligten Gesellschaften zuteilen .	aus der Verschmelzung hervorgehend Gesellschaft	übernehmend Gesellschaft	der übernehmend Gesellschaft dürfen kein Aktie oder Anteil in Austausch für Aktie oder Anteil der an der Verschmelzung beteiligt Gesellschaft zuteilen 	der übernehmend Gesellschaft dürfen Aktie oder Anteil an Aktie oder Anteil der an der Verschmelzung beteiligt Gesellschaft nicht gegen Entgelt vergeben 	der übernehmend Gesellschaft dürfen Aktie oder Anteil an Aktie oder Anteil der an der Verschmelzung beteiligt Gesellschaft nicht veräussern 
Die besondere Bedeutung, die das Rechtsinstitut der Begründung somit erwirbt, wird jedoch von den Ausführungen von Art. 7 Absatz 2 teilweise gemildert, der  die Rechtsvorschriften im allgemeinen sowie die Akte allgemeinen Inhalts von der Verpflichtung zur Begründung ausnimmt.	Verpflichtung zu Begründung	Begründungspflicht	der besonderer Bedeutung  der der Rechtsorgan der Begründung auf dieser Weise erlangen  werden jedoch teilweise durch der Bestimmung der Artikel 7 Absatz 2 abschwächen  der der Rechtsvorschrift in Allgemeiner und der Rechtsakt mit allgemein Inhalt von der Begründungspflicht befreien 	der besonderer Bedeutung  der der Rechtsinstanz der Begründung auf dieser Weise zukommen  werden jedoch durch Artikel 7 Absatz 2  der Rechtsvorschrift in Allgemein und Rechtsakt mit allgemein Inhalt von der Begründungspflicht befreien  teilweise abschwächen 	der besonderer Bedeutung  der der Rechtsorgan der Begründung dadurch erlangen  werden jedoch durch der Bestimmung von Artikel 7 Absatz 2  der der Rechtsvorschrift in Allgemein und der Rechtsakt mit allgemein Inhalt von der Begründungspflicht befreien  teilweise abschwächen 
Die der zweiten Stufe des Landesverzeichnisses zugehörenden Sicherheitsfachkräfte sind befugt, die Aufgaben der Sicherheitsfachkraft in Betrieben jeder Größe, wenn keine besondere Gefährdung vorliegt, bzw. in Betrieben mit einer Belegschaft bis zu 1600 Arbeitnehmern, wenn besondere Gefährdung vorliegt, wahrzunehmen.	Gefährdung	Gefahr,Risiko	Sicherheitstechniker der zweiter Ebene der Provinzliste sein berechtigen  Sicherheitstechniker in Unternehmen jeder Größe ohne besonderer Risiko oder in Unternehmen mit bis zu 1600 beschäftigter zu sein  wenn ein besonderer Risiko bestehen 	der Sicherheitstechniker der zweiter Ebene der Provinzliste sein befugen  Sicherheitstechniker in Unternehmen jeder Größe ohne besonderer Gefahr  der heißen in Unternehmen mit bis zu 1600 beschäftigter  bei Vorliegen ein besonderer Risiko zu sein 	der Sicherheitstechniker der zweiter Ebene der Provinzliste sein befugen  Sicherheitstechniker in Unternehmen aller Größenordnung ohne besonderer Gefahr  der heißen in Unternehmen mit bis zu 1600 beschäftigter  bei Vorliegen ein besonderer Risiko zu sein 
Die deutsche Gerichtsbarkeit erstreckt sich auch nicht auf Repräsentanten anderer Staaten und deren Begleitung, die sich auf amtliche Einladung der Bundesrepublik Deutschland  aufhalten.	Gerichtsbarkeit	Rechtsprechung	der deutsch Gerichtsbarkeit erstrecken sich auch nicht auf Vertreter anderer Staat und der Folgemaßnahme  der sich auf der Hoheitsgebiet der Bundesrepublik Deutschland auf offiziell Einladung befinden 	der deutsch Gerichtsbarkeit erstrecken sich auch nicht auf Vertreter anderer Staat und der Folgemaßnahme  der sich auf der Hoheitsgebiet der Bundesrepublik Deutschland auf Einladung befinden 	der deutsch Gerichtsbarkeit erstrecken sich auch nicht auf Vertreter anderer Staat und der Follow-up  der sich auf offiziell Einladung der Bundesrepublik Deutschland in Hoheitsgebiet befinden 
Die didaktische Autonomie betrifft die freie und planmäßige Auswahl von Unterrichtsverfahren, Medien, Organisationsformen, Unterrichtszeiten und jede weitere Initiative, die Ausdruck von Planungsfreiheit ist, einschließlich des Angebots von Wahlfächern und fakultativen Fächern.	didaktisch Autonomie	Autonomie in Lehre	der didaktisch Autonomie betreffen der frei und geplant Wahl von Lehrverfahren  Mittel  Organisationsform  Unterrichtszeit und aller anderer Initiative  der Ausdruck der Freiheit der Gestaltung sein  einschließlich der Angebot an fakultativ und fakultativ Fach 	der pädagogisch Autonomie betreffen der frei und geplant Wahl von Lehrmethode  Mittel  Organisationsform  Unterrichtszeit und aller anderer Initiative  der Ausdruck der Freiheit der Gestaltung sein  einschließlich der Angebot an optional und fakultativ Fach 	der pädagogisch Autonomie betreffen der frei und geplant Wahl der Lehrmethode  Mittel  Organisationsform  Unterrichtszeit und aller anderer Initiative  der Ausdruck der Freiheit der Gestaltung sein  einschließlich der Angebot an optional und fakultativ Fach 
Die durch die strafbare Handlung verletzte Person gibt im Widerspruch, den sie gegen den von der Staatsanwaltschaft vorgebrachten Antrag auf Archivierung erhebt, die Beweiselemente an, die die Ablehnung des Antrags rechtfertigen.	Beweiselement	Umstand	der Person  der von der Straftat beleidigen werden  geben in ihr Einspruch gegen der Antrag der Staatsanwalt auf Archivierung der Grund an  aus der der Ablehnung der Antrag rechtfertigen sein 	der Person  der durch der Straftat beleidigen werden  weisen in der Einspruch  der sie gegen der von der Staatsanwaltschaft gestellt Forderung nach Archivierung einreichen  auf der Grund hin  der der Ablehnung der Antrag rechtfertigen 	der Person  der durch der Straftat beleidigen werden  weisen in der Einspruch  der sie gegen der Antrag der Staatsanwalt auf Archivierung einreichen  auf der Grund hin  der der Ablehnung der Antrag rechtfertigen 
Die durch dieses Gesetz geregelten Maßnahmen des Landes fördern  die Übernahme von Betrieben seitens der Arbeitergenossenschaften.	Übernahme	Verbindung,Zuwachs	durch der von dieser Gesetz erfasst Provinzmaßnahme werden der Eingliederung von Unternehmen durch Arbeitnehmergenossenschaft fördern 	der von dieser Gesetz geregelt Provinzmaßnahme fördern der Integration von Unternehmen durch Arbeitnehmergenossenschaft 	der durch dieser Gesetz geregelt Provinzmaßnahme fördern der Integration von Unternehmen durch Arbeitnehmergenossenschaft 
Die elektrischen Anlagen, und zwar Erdungsanlagen, Blitzschutzanlagen und explosionsgeschützte Anlagen, sind nach den anerkannten Regeln der Technik zu planen, sofern vorgeschrieben, sowie in Betrieb zu setzen und zu halten.	anerkannt Regel der Technik	gängig fachlich Richtlinie	Elektrische Anlage  der heißen Erdbauanlage  Blitzschutzanlage und Explosionsschutzanlage  müssen  sofern vorschreiben  nach der Regel der gut Technik auslegen und in Betrieb nehmen und in Betrieb nehmen werden 	Elektroinstallation  und zwar Erdbauanlage  Blitzschutzanlage und explosionssicher Anlage  müssen  sofern erforderlich  so konzipieren und in Betrieb nehmen und nach der Regel der gut Technik aufrechterhalten werden 	Elektroinstallation  der heißen Erdbauanlage  Blitzschutzanlage und Explosionsschutzanlage  müssen  wenn sie vorschreiben sein  entwerfen und in Betrieb nehmen und nach der Regel der gut Technik aufrechterhalten werden 
Die elterliche Befugnis endet notwendig mit der Heirat des vermögenden Kindes.	Heirat	Ehe	der elterlich Gewalt enden notwendigerweise mit der Heirat der Kind 	der elterlich Verantwortung enden notwendigerweise mit der Heirat der Kind 	der elterlich Verantwortung enden notwendigerweise mit der Heirat der Kind 
Die fehlende Vertretungsmacht kann u.a. auf einer nicht, nicht mehr oder nicht wirksam erteilten Vollmacht beruhen bzw. einer Überschreitung der Vertretungsmacht durch den an sich bevollmächtigten Vertreter.	Überschreitung der Vertretungsmacht	Ermessensfehler	der Mangel an Vertretungsbefugnis können unter anderer auf ein nicht erteilt  nicht mehr gültig oder nicht gültig Vollmacht oder auf ein Übermacht der an sich ermächtigt Vertreter zurückzuführen sein 	Mangelnde Vertretungsbefugnis können unter anderer auf ein nicht erteilt Vollmacht  der nicht mehr gültig sein oder nicht mehr gültig sein  oder auf ein Übermacht der an sich zugelassen Vertreter zurückzuführen sein 	Mangelnde Vertretungsbefugnis können unter anderer auf ein nicht erteilt  nicht mehr gültig oder nicht gültig Vollmacht oder auf ein Übermacht der an sich zugelassen Vertreter zurückzuführen sein 
Die für die Entsorgungsanlage zuständige Behörde übersendet das Original des bestätigten Entsorgungsnachweises dem Abfallerzeuger sowie eine Ablichtung dem Abfallentsorger.	Abfallerzeuger	Hersteller	der für der Beseitigungsanlage zuständig Behörde übermittelen der Hersteller der Original der Bestätigung über der Beseitigung sowie ein Kopie an der Abfallentsorgungsbetreiber 	der für der Beseitigungsanlage zuständig Behörde übermittelen der Hersteller der Original der Bescheinigung über der genehmigt Beseitigung sowie ein Kopie an der Betreiber der Abfallentsorgungsanlage 	der für der Beseitigungsanlage zuständig Behörde übermittelen der Hersteller der Original der Bescheinigung über der genehmigt Beseitigung sowie ein Kopie an der Betreiber der Abfallentsorgungsanlage 
Die gegenseitige Vertretung der Räte wird mit Verfügung des Sektionspräsidenten festgelegt.	Verfügung	Anordnung	der gegenseitig Vertretung der Mitglied werden durch Beschluss der Fachgruppenvorsitzender festlegen 	der gegenseitig Vertretung der Mitglied werden durch Beschluss der Kammerpräsident festlegen 	der gegenseitig Vertretung der Mitglied werden durch Beschluss der Kammerpräsident festlegen 
Die gemeinrechtliche Doktrin pflegte zu unterscheiden zwischen Prädialservituten  und Personalservituten . Diese Einteilung liegt auch dem ZGB zugrunde, wenn sie auch äusserlich nicht zum Ausdruck kommt.	Prädialservitut	Dienstbarkeit,Dienstbarkeitsrecht,Servitut	der Doktrin der allgemein Recht unterschied zwischen Leibes - und Leibesdienerschaft  dieser Unterscheidung sein auch der Grundlage der Schweizer Zivilgesetzbuch  obwohl sie nicht äußerlich zu Ausdruck kommen 	in der Doktrin der allgemein Recht sein zwischen Sklaverei und persönlich Sklaverei zu unterscheiden  und dieser Unterscheidung sein auch der Grundlage der Schweizer Zivilgesetzbuch  auch wenn er nicht external zu Ausdruck bringen werden 	in der Doktrin der allgemein Recht sein zwischen Sklaverei und persönlich Sklaverei zu unterscheiden  und dieser Unterscheidung sein auch der Grundlage der Schweizer Zivilgesetzbuch  auch wenn er nicht external zu Ausdruck bringen werden 
Die gemeinschaftliche Sache kann auch zugunsten eines Miteigentümers belastet werden.	gemeinschaftlich Sache	Gemeingut	der gemeinsam Sache können auch zugunsten ein Miteigentümer belasten werden 	der gemeinsam Sache können auch für ein Miteigentümer aufgezwungen werden 	der Allgemeingut können auch für ein Miteigentümer belasten werden 
Die gemeinschaftlichen Teile des Gebäudes sind nicht teilbar, es sei denn, eine Teilung lässt sich vornehmen, ohne dass sich der Gebrauch der Sache für die einzelnen Miteigentümer erschwert, und alle Teilhaber an der Miteigentümergemeinschaft sind mit der Teilung einverstanden.	Miteigentümergemeinschaft	Gemeinschaftseigentum,Kondominium,Miteigentumsgebäude	der gemeinsam Teil der Gebäude sein nicht teilbar  es sein denn  ein Teilung können durchführen werden  ohne dass der Nutzung der Sache für der einzeln Eigentumswohnung erschweren werden  und aller Teilnehmer der Gebäude sein mit der Teilung einverstanden 	der gemeinsam Teil der Gebäude sein nicht teilbar  es sein denn  ein Teilung können ohne der Beeinträchtigung der Gebrauch der Sache für der einzeln Kondom vornehmen werden  und aller Kondomteilnehmer sein mit der Teilung einverstanden 	der gemeinsam Teil der Gebäude sein nicht teilbar  es sein denn  dass ein Teilung vornehmen werden können  ohne dass der Gebrauch der Sache für der einzeln Kondom erschweren werden  und aller Kondomteilnehmer sein mit der Teilung einverstanden 
Die gerichtlichen Handlungen, welche die Zwangsvollstreckung in Forderungen und andere Vermögensrechte zum Gegenstand haben, erfolgen durch das Vollstreckungsgericht.	Zwangsvollstreckung in Forderung und anderer Vermögensrecht	Zwangsvollstreckung in Geldforderung	Gerichtliche Schriftstück  der der Enteignung durch dritter zu Gegenstand haben  werden von Vollstreckungsgericht vollstrecken 	der gerichtlich Schritt  der der Enteignung durch dritter zu Gegenstand haben  werden von vollstreckend Gericht vornehmen 	der gerichtlich Schritt  der der Enteignung durch dritter zu Gegenstand haben  werden von vollstreckend Gericht vornehmen 
Die gesetzesmäßig einberufene und ordnungsgemäß zusammengetretene Gesellschafterversammlung vertritt die Gesamtheit der Aktionäre.	gesetzesmäßig	rechtsgültig	der Hauptversammlung der Aktionär  der einberufen und regelmäßig zusammengetreten sein  vertreten aller Aktionär 	der Hauptversammlung der Aktionär  der einberufen und regelmäßig einberufen werden  vertreten aller Aktionär 	der Hauptversammlung der Aktionär  der rechtmäßig einberufen und ordnungsgemäß zusammengetreten sein  vertreten aller Aktionär 
Die getrennte Sammlung der Verpackungsabfälle bleibt zu Lasten der Erzeuger und Verwender.	Erzeuger	Hersteller	der getrennt Sammlung von Verpackungsabfall bleiben von der Hersteller und Verwender zu tragen 	der getrennt Sammlung von Verpackungsabfall bleiben von der Hersteller und Nutzer zu tragen 	der getrennt Sammlung von Verpackungsabfall bleiben von der Hersteller und Verwender zu tragen 
Die in der strafrechtlichen Rechtsprechung anerkannte Bedingungs-(Äquivalenz-)theorie läßt als Ursache jede Bedingung genügen, die nicht hinweggedacht werden kann, ohne daß der konkrete Erfolg entfiele .	Ursache	Rechtsgrund,Rechtsstreit,Streitsache,causa	der in der Strafjustiz anerkannt Bedingungstheorie  oder Gleichwertigkeitstheorie  betrachten als Ursache jeder Bedingung  der nicht geistig beseitigen werden können  ohne dass der konkret Ergebnis fehlschlagen 	der Theorie der Bedingung  oder der Gleichwertigkeit   der in der Strafjustiz anerkennen werden  betrachten aller Bedingung als Ursache  der nicht geistig ausmerzen werden können  ohne dass der konkret Ergebnis verloren gehen 	der Theorie der Bedingung  oder der Gleichwertigkeit   der in der Strafjustiz anerkennen werden  betrachten aller Bedingung als Ursache  der nicht geistig ausmerzen werden können  ohne dass der konkret Ergebnis zunichte machen werden 
Die intervenierende Person kann zur Unterstützung der Hauptpartei alle Prozesshandlungen vornehmen, die nach dem Stand des Verfahrens zulässig sind .	Prozesshandlung	Aktenstück	der Streithelferin können zu Unterstützung der Hauptpartei aller nach der Stand der Verfahren zulässig Verfahrenshandlung durchführen 	der Streithelferin können zu Unterstützung der Hauptpartei aller nach der Stand der Verfahren zulässig Verfahrenshandlung vornehmen 	der Streithelferin können zu Unterstützung der Hauptpartei aller nach der Stand der Verfahren zulässig Verfahrenshandlung vornehmen 
Die jährlichen Höchstzahlen und Kontingente für erwerbstätige Ausländerinnen und Ausländer sind auf die gesamtwirtschaftlichen Interessen der Schweiz unter Berücksichtigung eines Vorranges für Schweizerinnen und Schweizer auszurichten; die Grenzgängerinnen und Grenzgänger sind einzubeziehen.	Vorrang	Vortritt	der jährlich Hoechstzahle und Quote für Ausländer  der ein Erwerbstätigkeit ausüben  müssen auf der allgemein wirtschaftlich Interesse der Schweiz ausrichten sein  wobei der Schweizer Staatsangehörige Vorrang einräumen sein  der Grenzbeamter sein einbeziehen 	der jährlich Hoechstzahle und Quote für Ausländer  der ein Erwerbstätigkeit ausüben  müssen an der allgemein wirtschaftlich Interesse der Schweiz ausrichten sein  wobei der schweizerisch Staatsangehörige Vorrang einräumen sein  der Grenzgänger müssen einbeziehen werden 	der jährlich Hoechstzahle und Quote für Ausländer  der ein Erwerbstätigkeit ausüben  müssen auf der allgemein wirtschaftlich Interesse der Schweiz ausrichten sein  wobei der schweizerisch Staatsangehörige Vorrang einräumen werden  der Grenzgänger müssen einbeziehen werden 
Die klagende Partei hat auf Antrag der beklagten Partei für deren Parteientschädigung Sicherheit zu leisten .	Antrag	Anspruch	der Klägerin leisten auf Antrag der Beklagter ein Sicherheit für der Ersatz der Verfahrenskosten der Beklagter 	der klagend Partei haben auf Antrag der Beklagter für der Ersatz der Verfahrenskosten der Beklagten Kaution zu leisten 	der klagend Partei haben auf Antrag der Beklagter ein Sicherheit für der Ersatz der Verfahrenskosten der Beklagter zu leisten 
Die lichte Breite von Treppen sowie die Höhe und Auftrittsbreite ihrer Stufen sind so zu bemessen, dass ein sicheres Begehen gewährleistet ist.	Treppe	Leiter,Treppenhaus	der nutzbar Breite der Treppe sowie der Höhe und Höhe ihr Stufe müssen so bemessen sein  dass ein sicher Durchfahrt gewährleisten sein 	der Breite der Leiter sowie der Höhe und der Tritthöhe der Leiter müssen so bemessen sein  dass ein sicher Transit gewährleisten sein 	der nutzbar Breite der Leiter sowie der Höhe und der Tritthöhe ihr Stufe müssen so bemessen sein  dass ein sicher Transit gewährleisten sein 
Die nachfolgenden Grundrechte binden Gesetzgebung, vollziehende Gewalt und Rechtsprechung als unmittelbar geltendes Recht.	vollziehend Gewalt	Exekutive	der folgend Grundrecht binden der Gesetzgebung  der Exekutive und der Gerichtsbarkeit als unmittelbar anwendbar Recht 	der folgend Grundrecht binden der Gesetzgebung  der Exekutive und der Gerichtsbarkeit als unmittelbar anwendbar Recht 	der folgend Grundrecht binden der Gesetzgebung  der Exekutive und der Gerichtsbarkeit als unmittelbar anwendbar Recht 
Die neue Datenschutz-Grundverordnung ändert und erweitert wesentlich die Inhalte des Informationsblattes, welches von den Artikeln 13 und 14 der DSGVO geregelt wird.	Informationsblatt	Informationsschreiben	der neu Datenschutz-Grundverordnung ändern und erweitern der Inhalt der Datenschutzerklärung erheblich  der in der Artikel 13 und 14 der DSGVO regeln sein 	der neu Datenschutz-Verordnung ändern und erweitern der Inhalt der Berichterstattung erheblich  der in der Artikel 13 und 14 der GDPR regeln sein 	der neu Datenschutz-Verordnung ändern und erweitern der Inhalt der Berichterstattung erheblich  der in der Artikel 13 und 14 der GDPR regeln sein 
Die nichtnamentliche Meldung  muss unverzüglich erfolgen und dem Gesundheitsamt, in dessen Bezirk sich die Einrichtung befindet, spätestens 24 Stunden nach der Feststellung des Ausbruchs vorliegen.	Ausbruch	Ausbruchsgebiet	der nicht namentlich Meldung muss unverzüglich erfolgen und innerhalb von 24 Stunde nach Feststellung der Ausbruch bei der Gesundheitsbehörde  in der Bezirk sich der Einrichtung befinden  eingehen 	der nicht namentlich Mitteilung sein unverzüglich zu übermitteln und spätestens 24 Stunde nach Feststellung der Seuchenausbruch bei der Gesundheitsbehörde  in der Bezirk sich der Einrichtung befinden  zu übermitteln 	der nicht namentlich Meldung muss unverzüglich erfolgen und spätestens 24 Stunde nach Feststellung der Seuchenausbruch bei der Gesundheitsbehörde  in der Bezirk sich der Einrichtung befinden  eingehen 
Die optische Strahlung umfasst die Infrarotstrahlung (IR), das für den Menschen sichtbare Licht (VIS) und die ultraviolette Strahlung (UV).	IR	ionisierend Strahlung	der optisch Strahlung umfassen Infrarotstrahlung  IR   sichtbar Licht für der Mensch  VIS  und ultraviolett Strahlung  UV  	der optisch Strahlung umfassen Infrarotstrahlung  IR   sichtbar Licht für der Mensch  VIS  und ultraviolett Strahlung  UV  	der optisch Strahlung umfassen Infrarotstrahlung  IR   sichtbar Licht für der Mensch  VIS  und ultraviolett Strahlung  UV  
Die optische Strahlung umfasst die Infrarotstrahlung (IR), das für den Menschen sichtbare Licht (VIS) und die ultraviolette Strahlung (UV).	VIS	GVP,Gesundheitsverträglichkeitsprüfung	der optisch Strahlung umfassen Infrarotstrahlung  IR   sichtbar Licht für der Mensch  VIS  und ultraviolett Strahlung  UV  	der optisch Strahlung umfassen Infrarotstrahlung  IR   sichtbar Licht für der Mensch  VIS  und ultraviolett Strahlung  UV  	der optisch Strahlung umfassen Infrarotstrahlung  IR   sichtbar Licht für der Mensch  VIS  und ultraviolett Strahlung  UV  
Die präventive Konservierung ist  ein kontinuierlicher Prozess, der über die gesamte Lebensdauer von Kulturgütern geht und nicht mit einer intervenierenden Behandlung zu beenden ist.	präventiv Konservierung	Prävention,Verhütung,Vorbeugung	der Prävention sein ein kontinuierlich Prozess  der sich über der gesamt Leben der Kulturerbe erstrecken und sich nicht durch ein interventionell Behandlung erschöpfen 	der Prävention sein ein kontinuierlich Prozess  der sich über der gesamt Leben der Kulturgut erstrecken und nicht mit ein interventionell Behandlung enden 	Prävention sein ein kontinuierlich Prozess  der sich über der gesamt Leben der Kulturgut erstrecken und sich nicht mit ein interventionell Behandlung erschöpfen 
Die rechtlichen Tatsachen können verschiedener Art sein: Man unterscheidet zwischen Naturereignissen, menschlichen Handlungen, Eigenschaften und rechtlichen Verhältnissen.	menschlich Handlung	Urkunde	Rechtliche Fakt können unterschiedlich Natur sein  sie unterscheiden sich zwischen Naturereignis  Handlung  Qualität und Rechtsbeziehung 	es können unterschiedlich rechtlich Sachverhalt geben  sie unterscheiden sich zwischen Naturereignis  Handlung  Qualität und rechtlich Beziehung 	Rechtliche Fakt können unterschiedlich Natur sein  sie unterscheiden sich zwischen Naturereignis  Handlung  Qualität und Rechtsbeziehung 
Die schriftliche Begutachtung kann durch die Verwertung eines gerichtlich oder staatsanwaltschaftlich eingeholten Sachverständigengutachtens aus einem anderen Verfahren ersetzt werden.	Sachverständigengutachten	Gerichtsgutachten	der schriftlich Gutachten können durch ein technisch Beratung ersetzen werden  der in ein anderer Verfahren durch der Staatsanwaltschaft der Republik erwerben werden 	an der Stelle der schriftlich Gutachten können der Heranziehung technisch Beratung treten  der in ein anderer Verfahren in ein Gerichtsverfahren oder durch der Staatsanwaltschaft der Republik einholen werden 	an der Stelle der schriftlich Gutachten können der Heranziehung ein fachlich Beratung treten  der in Gerichtsverfahren oder durch der Staatsanwaltschaft der Republik in ein anderer Verfahren einholen werden 
Die später hinzugetretenen Ursachen schließen den Kausalzusammenhang aus, wenn sie allein zur Herbeiführung des Erfolgs ausreichend waren.	Ursache	Rechtsgrund,Rechtsstreit,Sache,Streitsache	der Ursache schließen der ursächlich Zusammenhang aus  wenn sie allein zu Entstehung der Ereignis ausreichen 	der entstanden Ursache schließen der ursächlich Zusammenhang aus  wenn sie allein zu Entstehung der Ereignis ausreichen 	der entstanden Ursache schließen der ursächlich Zusammenhang aus  wenn sie allein zu Entstehung der Ereignis ausreichen 
Die systematische Analyse der Gefährdungen an unterschiedlichen Arbeitsplätzen und bei verschiedenen Tätigkeiten ist ein Kerngedanke im präventiven Konzept der Gefährdungsbeurteilung.	Gefährdung	Gefahr,Risiko	der systematisch Risikoanalyse an verschieden Arbeitsplatz und für verschieden Tätigkeit sein ein grundlegend Konzept der präventiv Modell der Risikobewertung 	der systematisch Risikoanalyse an verschieden Arbeitsplatz und für verschieden Tätigkeit sein ein Schlüsselkonzept in präventiv Modell der Risikobewertung 	der systematisch Risikoanalyse an verschieden Arbeitsplatz und für verschieden Tätigkeit sein ein Schlüsselkonzept in präventiv Modell der Risikobewertung 
Die territoriale Zuständigkeit hinsichtlich der Beantragung von Visa der Kategorien A und C richtet sich nach dem rechtmäßigen Wohnsitz der Antragstellerin/des Antragstellers im Konsularbezirk der Vertretungsbehörde.	territorial Zuständigkeit	örtlich Zuständigkeit	der Zuständigkeit für der Beantragung von Visa der Kategorie A und C nach Gebiet werden durch der rechtmäßig Wohnsitz der Antragstellers in Konsularbezirk der Vertretungsbehörde bestimmen 	der Zuständigkeit für Visumanträge der Kategorie A und C für der einzeln Gebiet werden durch der rechtmäßig Wohnsitz der Antragsteller in Konsularbezirk der Vertretungsbehörde bestimmen 	der Zuständigkeit für der Visumantragsverfahren der Kategorie A und C werden durch der rechtmäßig Wohnsitz der Antragstellers in Konsularbezirk der Vertretungsbehörde bestimmen 
Die von einem der Miteigentümer unabhängig von den anderen vorgenommene Einräumung verpflichtet jedoch den Besteller und seine Erben oder Rechtsnachfolger, die Ausübung des eingeräumten Rechts nicht zu behindern.	Besteller	Leasinggeber	der von ein Miteigentümer unabhängig von der anderer gemacht Konzession verpflichten jedoch der Konzessionsgeber und sein Erbe oder Erbe  der Ausübung der gewährt Recht nicht zu behindern 	der von ein Miteigentümer unabhängig von der anderer zu gewährend Konzession verpflichten jedoch der Erbe und sein Erbe zu der Recht  der Ausübung der gewährt Recht nicht zu behindern 	der von ein Miteigentümer unabhängig von der anderer zu gewährend Konzession verpflichten jedoch der Zuschlagsempfänger und sein Erbe oder Erbe zu der Recht  der Ausübung der gewährt Recht nicht zu behindern 
Die vorzugsweise Befriedigung gilt auch zugunsten der Zinsen für das im Zeitpunkt der Pfändung oder, wenn eine solche nicht erfolgt, im Zeitpunkt der Zustellung der Leistungsaufforderung laufende Jahr.	Leistungsaufforderung	Gebot	der Vorzugszufriedenheit erstrecken sich auch auf der Zins für der laufend Jahr zu Zeitpunkt der Zwangsvollstreckung oder  falls dieser nicht der Fall sein  zu Zeitpunkt der Zustellung der Gebot 	der Vorzugsbehandlung erstrecken sich auch auf der Zins für der laufend Jahr zu Zeitpunkt der Zwangsvollstreckung oder  falls dieser nicht der Fall sein  zu Zeitpunkt der Zustellung der Erfordernis 	der Vorzugsbehandlung erstrecken sich auch auf der Zins für der laufend Jahr zu Zeitpunkt der Zwangsvollstreckung oder  falls dieser nicht der Fall sein  zu Zeitpunkt der Zustellung der Erfordernis 
Die wöchentliche Arbeitszeit kann auf die einzelnen Arbeitstage und die einzelnen Arbeitnehmer oder Gruppen von Arbeitnehmern gleichmässig oder zeitlich verschieden verteilt werden.	Arbeitnehmer	Erwerbstätiger,erwerbstätig Person	der wöchentlich Arbeitszeit können gleichmäßig oder zeitlich unterschiedlich auf der einzeln Arbeitstag und der einzeln Arbeitnehmer oder Gruppe von Arbeitnehmer verteilen werden 	der wöchentlich Arbeitszeit können gleichmäßig oder zeitlich unterschiedlich auf der einzeln Arbeitstag und der einzeln Arbeitnehmer oder Gruppe von Arbeitnehmer verteilen werden 	der wöchentlich Arbeitszeit können gleichmäßig oder zeitlich unterschiedlich auf der einzeln Arbeitstag und der einzeln Arbeitnehmer oder Gruppe von Arbeitnehmer verteilen werden 
Die zertifizierte elektronische Post (PEC) ist eine spezifische Mailform, durch die die Übermittlung (Übermittlungsbestätigung) und die erfolgte Zustellung (Zustellungsbestätigung) einer zwischen zwei zertifizierten elektronischen Postfächern gesendeten Nachricht bestätigt werden.	zertifiziert elektronisch Post	gewöhnlich Person	der GEP sein ein spezifisch Form der E-Mail  durch der der Übermittlung  Annahmeerscheinung  und der Lieferung  Anlieferungerscheinung  ein Nachricht zwischen zwei zertifiziert E-Mail-Boxe bestätigen werden 	bei der PEC handeln es sich um ein spezifisch Form der elektronisch Post  mit der der Übermittlung  Annahmebestätigung  und der Übermittlung  Auslieferungsbestätigung  ein Nachricht zwischen zwei Feld zertifiziert elektronisch Post bestätigen werden 	bei der PEC handeln es sich um ein spezifisch Form der elektronisch Post  mit der der Übermittlung  Annahmebestätigung  und der Übermittlung  Auslieferungsbestätigung  ein Nachricht zwischen zwei Feld zertifiziert elektronisch Post bestätigen werden 
Die zuständige Behörde sieht von einer Strafverfolgung, einer Überweisung an das Gericht oder einer Bestrafung ab, wenn Schuld und Tatfolgen geringfügig sind.	Schuld	Verschulden	der zuständig Behörde dürfen sich von der strafrechtlich Verfolgung  der Verkündung vor Gericht oder der Sanktion enthalten  wenn der Schuld und der Folge der Straftat geringfügig sein 	der zuständig Behörde verzichten darauf  strafrechtlich zu verfolgen  vor Gericht zu bringen oder Sanktion zu verhängen  wenn der Schuld und der Folge der Tat geringfügig sein 	der zuständig Behörde dürfen nicht strafrechtlich verfolgen  vor Gericht bringen oder sanktionieren werden  wenn der Schuld und der Folge der Tat geringfügig sein 
Die zuständige Behörde überprüft in regelmäßigen Abständen und in angemessenem Umfang Erzeuger von gefährlichen Abfällen, Anlagen und Unternehmen, die Abfälle entsorgen, sowie Sammler, Beförderer, Händler und Makler von Abfällen.	Makler von Abfall	Mittelsmann	der zuständig Behörde überprüfen in regelmäßig und angemessen Abstand der Hersteller von gefährlich Abfall  Anlage und Unternehmen  der Abfall entsorgen  sowie Sammelstelle  Transportunternehmer  Händler und Abfallvermittler 	der zuständig Behörde überprüfen in regelmäßig Abstand und in angemessen Weise der Hersteller gefährlich Abfall  Anlage und Unternehmen  der Abfall entsorgen  sowie Sammelstelle  Transportunternehmer  Händler und Abfallvermittler 	der zuständig Behörde überprüfen in regelmäßig Abstand und in angemessen Weise der Hersteller gefährlich Abfall  Anlage und Unternehmen  der Abfall entsorgen  sowie Sammelstelle  Spediteur  Händler und Abfallvermittler 
Die zuständige Bundesoberbehörde erteilt die Genehmigung schriftlich unter Zuteilung einer Genehmigungsnummer. Sie kann die Genehmigung mit Auflagen verbinden.	Genehmigung	Erlaubnis,Fahrschulerlaubnis,behördlich Erlaubnis	der zuständig Bundesbehörde erteilen der Genehmigung schriftlich und teilen ein Genehmigungsnummer zu  sie können der Genehmigung an Bedingung knüpfen 	der zuständig Bundesbehörde erteilen der Genehmigung schriftlich unter Angabe ein Genehmigungsnummer  sie können der Genehmigung an Bedingung knüpfen 	der zuständig Bundesbehörde erteilen der Genehmigung schriftlich unter Angabe ein Genehmigungsnummer  sie können der Genehmigung an Bedingung knüpfen 
Die »Präventive Konservierung« kann auch »vorbeugende Konservierung« genannt werden.	vorbeugend Konservierung	Prävention,Verhütung,Vorbeugung	der präventiv Erhaltung können auch als  Prävention  bezeichnen werden 	der  vorbeugend Erhaltung  können auch als  Vermeidung  bezeichnen werden 	der  vorbeugend Erhaltung  können auch als  Vermeidung  bezeichnen werden 
Die Übermittlung des Gesuchs zur Ausnützung der Rangordnung  hat im elektronischen Rechtsverkehr derart zu erfolgen, dass der Rangordnungsbeschluss im Papieroriginal längstens binnen einer Woche, jedenfalls aber innerhalb der Frist des § 55 GBG (einlangend bei Gericht) nachgereicht wird.	Übermittlung	Übertragung	der Übermittlung der Antrag auf Besoldungsgruppennutzung erfolgen in elektronisch Rechtsverkehr so  dass der Besoldungsgruppenentscheidung spätestens innerhalb ein Woche  in jeder Fall jedoch innerhalb der in § 55 GBG  vor Gericht  vorgesehen Frist in Papierform vorlegen werden 	der Übermittlung der Antrag auf Nutzung der Besoldungsgruppe muss in elektronisch Rechtsverkehr so erfolgen  dass der Entscheidung über der Besoldungsgruppe spätestens innerhalb ein Woche in Papierform  jedoch in jeder Fall innerhalb der in § 55 GBG vorgesehen Frist  vor Gericht  ergehen sein 	der Übermittlung der Antrag auf Nutzung der Besoldungsgruppe muss in elektronisch Rechtsverkehr so erfolgen  dass der Entscheidung über der Besoldungsgruppe spätestens innerhalb ein Woche in Papierform  in jeder Fall jedoch innerhalb der in § 55 GBG vorgesehen Frist  vor Gericht  ergehen sein 
Die Übertragung von Verwaltungsbefugnissen des Staates kann mit einfachem Staatsgesetz geändert oder widerrufen werden, auch wenn sie durch dieses Gesetz erfolgt ist.	Übertragung	Bevollmächtigung,Delegierung,Vollmacht	der Übertragung von Verwaltungsbefugnissen der Staat können durch einfach staatlich Recht ändern oder widerrufen werden  auch wenn dieser nach dieser Gesetz der Fall sein 	der Übertragung von Verwaltungsbefugnissen der Staat können durch einfach staatlich Recht ändern oder aufheben werden  auch wenn dieser nach dieser Gesetz der Fall sein 	der Übertragung von Verwaltungsbefugnissen der Staat können durch einfach staatlich Recht ändern oder aufheben werden  auch wenn dieser nach dieser Gesetz der Fall sein 
Die Überwachung des Post- und des Fernmeldeverkehrs bedarf der Genehmigung durch das Zwangsmassnahmengericht.	Genehmigung	Bewilligung	der Überwachung von Postsendung und Telekommunikation erfordern der Genehmigung der Gericht für Zwangsmaßnahme 	der Überwachung der Post und Telekommunikationspost erfordern der Genehmigung der Gericht für Zwangsmaßnahme 	der Überwachung der Post und Telekommunikationsverkehr erfordern der Genehmigung der Gericht für Zwangsmaßnahme 
Die öffentlichen Organe sind für ihre laufenden Archive und Zwischenarchive zuständig.	laufend Archiv	laufend Ablage,laufend Registratur	Öffentliche Stelle sein für ihr laufend Archiv und Archiv verantwortlich 	der öffentlich Stelle sein für ihr laufend Archiv und Archiv verantwortlich 	der öffentlich Stelle sein für ihr laufend Archiv und Archiv verantwortlich 
Die übernehmende Gesellschaft darf keine Aktien oder Anteile im Austausch für Aktien oder Anteile der übertragenden Gesellschaften zuteilen, die den übertragenden Gesellschaften oder der übernehmenden Gesellschaft unmittelbar oder über Treuhandgesellschaften oder über eine vorgeschobene Person gehören.	übernehmend Gesellschaft	aus der Verschmelzung hervorgehend Gesellschaft	der übernehmend Gesellschaft dürfen kein Aktie oder Anteil in Austausch für Aktie oder Anteil der übertragend Gesellschaft  der zu der übertragend Gesellschaft oder der übernehmend Gesellschaft gehören  direkt oder über Treuhandgesellschaft oder über ein Pfandleihe zuweisen 	der übernehmend Gesellschaft dürfen Aktie oder Anteil an Aktie oder Anteil der übertragend Gesellschaft  der der übertragend Gesellschaft oder der übernehmend Gesellschaft gehören  weder direkt noch über Treuhandgesellschaft oder über ein Pfandstelle zuteilen 	der übernehmend Gesellschaft dürfen kein Aktie oder Anteil an Aktie oder Anteil der übertragend Gesellschaft  der der übertragend Gesellschaft oder der übernehmend Gesellschaft gehören  direkt oder über Treuhandgesellschaft oder über ein Pfandstelle zuteilen 
Dienste zum Verkauf von Waren und Dienstleistungen und für den Nutzer unentgeltliche Dienste .	Nutzer	Empfänger	Dienstleistung für der Verkauf von Ware und Dienstleistung sowie kostenlos Dienstleistung für der Empfänger 	Dienstleistung für der Verkauf von Ware und Dienstleistung sowie kostenlos Dienstleistung für der Empfänger 	Dienstleistung für der Verkauf von Ware und Dienstleistung sowie kostenlos Dienstleistung für der Empfänger 
Dies schließt Informationen aus, die als Teil eines Rundfunkdienstes über ein elektronisches Kommunikationsnetz an die Öffentlichkeit weitergeleitet werden, soweit die Informationen nicht mit einem bestimmten oder bestimmbaren Teilnehmer oder Nutzer, der sie erhält, in Verbindung gebracht werden können, .	Teilnehmer	Partei,Versicherungsnehmer,Vertragspartei	dieser schließen Information aus  der der Öffentlichkeit als Teil ein Rundfunkdienst über ein elektronisch Kommunikationsnetz übermitteln werden  sofern der Information nicht an ein bestimmt Auftragnehmer oder Nutzer  der sie erhalten  anschließen werden können 	dieser schließen Information aus  der der Öffentlichkeit als Teil ein Rundfunkdienst über ein elektronisch Kommunikationsnetz übermitteln werden  sofern der Information nicht an ein bestimmt oder identifizierbar Vertragsnehmer oder Nutzer  der sie erhalten  anschließen werden können 	dieser schließen Information aus  der der Öffentlichkeit als Teil ein Rundfunkdienst über ein elektronisch Kommunikationsnetz übermitteln werden  sofern der Information nicht an ein bestimmt oder identifizierbar Vertragsnehmer oder Nutzer  der sie erhalten  anschließen werden können 
Diese Beihilferegelung wird rechtswirksam, nachdem die Kommission gemäß Artikel 9 der Verordnung (EU) Nr. 702/2014 mittels einer Empfangsbestätigung und einer Identifikationsnummer den Erhalt der entsprechenden Kurzbeschreibung bestätigt hat.	Identifikationsnummer	Benutzerkennung	dieser Beihilferegelung werden rechtswirksam  nachdem der Kommission gemäß Artikel 9 der Verordnung  EU  Nr. 702  2014 der Eingang der Zusammenfassung durch ein Empfangsbescheinigung und ein Identifikationscode bestätigen haben 	dieser Beihilferegelung werden rechtswirksam  nachdem der Kommission gemäß Artikel 9 der Verordnung  EU  Nr. 700  90 der Eingang der Zusammenfassung durch ein Empfangsbescheinigung und ein Identifikationscode bestätigen haben 	dieser Beihilferegelung werden rechtswirksam  nachdem der Kommission gemäß Artikel 9 der Verordnung  EU  Nr. 700  90 der Eingang der entsprechend Zusammenfassung durch ein Empfangsbescheinigung und ein Identifikationscode bestätigen haben 
Dieser Artikel der Neuen Straßenverkehrsordnung gilt auch für Fahrzeuge und Fahrer der Staatspolizei, der Finanzwache, der Gefängnispolizei, des staatlichen Feuerwehrkorps, der Berufsfeuerwehren der autonomen Provinzen Trient und Bozen und der Region Aosta, .	staatlich Feuerwehrkorps	Feuerwehr	dieser Artikel der neu Kodex der Straße gelten auch für Fahrzeug und Fahrer der Staatspolizei  der Carabinieri-Waffe  der Finanzgarde  der Strafpolizei  der Feuerwehr  der ständig Feuerwache der autonom Provinz Trient und Bozen und der Region Aostatal 	dieser Artikel der neu Straßenverkehrsgesetzbuch gelten auch für Fahrzeug und Fahrer der staatlich Polizei  der Carabinieri Army  der Guardia di Finanza  der Strafpolizei  der Feuerwehr  der ständig Feuerwehr der autonom Provinz Trient und Bozen sowie der Region Valle d'Aosta 	dieser Artikel der neu Straßenverkehrsgesetzbuch gelten auch für Fahrzeug und Fahrer der staatlich Polizei  der Carabinieri Army  der Guardia di Finanza  der Strafpolizei  der Feuerwehr  der ständig Feuerwehr der autonom Provinz Trient und Bozen sowie der Region Valle d'Aosta 
Dieses Gesetz Schweizerische Zivilprozessordnung regelt das Verfahren vor den kantonalen Instanzen für: a. streitige Zivilsachen; b. gerichtliche Anordnungen der freiwilligen Gerichtsbarkeit c. gerichtliche Angelegenheiten des Schuldbetreibungs- und Konkursrechts; d. die Schiedsgerichtsbarkeit.	Verfahren	Hauptverhandlung	dieser Gesetz  Schweizer Zivilprozessrechtskodex  regeln der Gerichtsverfahren vor kantonal Instanz für  a. Zivilsache  b. Gerichtsentscheidung freiwillig Gerichtsbarkeit  c. Gerichtsfrage der Vollstreckung und Konkursrecht  d. l. Schiedsverfahren 	dieser Gesetz  Schweizer Zivilprozessrechtskodex  regeln der Verfahren vor kantonal Instanz für a. Zivilsach  b. Gerichtsurteil  der auf Freiwilligkeit beruhen  c. Rechtsfrage in Bereich der Vollstreckung und der Konkursrecht  der Schiedsgericht 	dieser Gesetz  Schweizer Zivilprozessrechtskodex  regeln der Verfahren vor kantonal Instanz für a. Zivilsach  b. Gerichtsurteil mit freiwillig Rechtsprechung  c. Rechtsfrage in Bereich der Vollstreckung und der Konkursrecht  der Schiedsgericht 
Dieses Gesetz über die Rehabilitierung administrativ versorgter Menschen bezweckt, denjenigen Menschen Gerechtigkeit widerfahren zu lassen, die administrativ versorgt worden sind.	Gerechtigkeit	Justiz,Rechtspflege	dieser Gesetz über der Rehabilitation von Person  der zu verwaltungstechnisch Zweck internieren sein  zielen darauf ab  derjenige  der zu verwaltungstechnisch Zweck internieren werden  Gerechtigkeit zu verschaffen 	dieser Gesetz über der Rehabilitation von Person  der zu verwaltungstechnisch Zweck internieren werden  zielen darauf ab  derjenige  der zu verwaltungstechnisch Zweck internieren werden  Gerechtigkeit widerzuspiegeln 	dieser Gesetz über der Rehabilitation von Person  der zu verwaltungstechnisch Zweck internieren werden  zielen darauf ab  derjenige  der zu verwaltungstechnisch Zweck internieren werden  Gerechtigkeit widerzuspiegeln 
Durch den Frachtvertrag wird der Frachtführer verpflichtet, das Gut zum Bestimmungsort zu befördern und dort an den Empfänger abzuliefern.	Frachtvertrag	Beförderung	durch der Beförderungsvertrag verpflichten sich der Beförderer  der Ware an der Bestimmungsort zu befördern und sie dort an der Empfänger zu liefern 	durch der Beförderungsvertrag verpflichten sich der Luftfrachtführer  der Ware an der Bestimmungsort zu befördern und sie dort an der Empfänger zu liefern 	durch der Beförderungsvertrag verpflichten sich der Luftfrachtführer  der Ware an der Bestimmungsort zu befördern und sie dort an der Empfänger zu liefern 
Durch den Fund kann Eigentum erworben werden an verlorenen Sachen.	Fund	Erfindung	durch Erfindung können man der Eigentum an verloren Ding erwerben 	durch Erfindung können man Besitz an verloren Sache erwerben 	durch Erfindung können man der Eigentum an verloren Sache erwerben 
Durch den Mietvertrag wird der Vermieter verpflichtet, dem Mieter den Gebrauch der Mietsache während der Mietzeit zu gewähren.	Mieter	Leasingnehmer	durch der Mietvertrag sein der Vermieter verpflichten  der Mieter der Nutzung der Mietwohnung während der Mietdauer zu gewähren 	durch der Mietvertrag sein der Mieter verpflichten  der Mieter während der Dauer der Miete der Nutzung der Mietwohnung zu gewähren 	durch der Mietvertrag sein der Mieter verpflichten  der Mieter der Nutzung der Mietwohnung für der Dauer der Miete zu gewähren 
Durch den Verwahrungsvertrag wird der Verwahrer verpflichtet, eine ihm von dem Hinterleger übergebene bewegliche Sache aufzubewahren.	Verwahrungsvertrag	Lager	mit der Depositvertrag verpflichten sich der Verwahrstelle  ein beweglich Sache zu lagern  der von Einleger liefern werden 	durch der Hinterlegungsvertrag verpflichten sich der Lagerhalter  ein beweglich Sache  der er von Einleger abliefern  aufbewahren 	durch der Hinterlegungsvertrag verpflichten sich der Depositar  ein beweglich Sache zu verwahren  der von Einleger liefern werden 
Durch den Werkvertrag verpflichtet sich der Unternehmer zur Herstellung eines Werkes und der Besteller zur Leistung einer Vergütung.	Besteller	Geschäftsherr,Kommittent,Versender	durch der Bauvertrag verpflichten sich der Unternehmer zu Ausführung ein Bauwerk und der Auftraggeber zu Zahlung ein Vergütung 	durch der Bauvertrag verpflichten sich der Bauunternehmer zu Ausführung ein Bauvorhaben und der Bauherr zu Zahlung ein Vergütung 	durch der Bauvertrag verpflichten sich der Bauunternehmer zu Ausführung ein Bauvorhaben und der Bauherr zu Zahlung ein Vergütung 
Durch den Werkvertrag wird der Unternehmer zur Herstellung des versprochenen Werkes, der Besteller zur Entrichtung der vereinbarten Vergütung verpflichtet.	Besteller	Geschäftsherr,Kommittent,Versender	durch der Bauvertrag sein der Unternehmer verpflichten  der verheißen Werk  der Auftraggeber zu Zahlung der vereinbart Vergütung durchführen 	durch der Bauvertrag sein der Unternehmer zu Ausführung der zugesagt Werk verpflichten  wobei der Auftraggeber der vereinbart Vergütung zu zahlen haben 	durch der Bauvertrag sein der Unternehmer zu Ausführung der zugesagt Werk verpflichten  d.her der Beschaffer zu Zahlung der vereinbart Entgelt 
Durch die Annahme eines Auftrags verpflichtet sich der Beauftragte, ein ihm vom Auftraggeber übertragenes Geschäft für diesen unentgeltlich zu besorgen.	Auftraggeber	Versender	mit der Annahme ein Mandat verpflichten sich der Bevollmächtigter  ein ihm anvertraut Angelegenheit unentgeltlich für der Beauftragen zu erledigen 	mit der Annahme ein Mandat verpflichten sich der bevollmächtigter  der Auftraggeber unentgeltlich ein ihm anvertraut Angelegenheit zu unterbreiten 	mit der Annahme ein Mandat verpflichten sich der Beauftragte  der Auftraggeber unentgeltlich ein Geschäft zu machen 
Durch die Aufnahme eines Lebensgefährten in die Mietwohnung, wird dieser nicht Vertragspartner.	Lebensgefährte	in Haushalt lebend Person	mit der Annahme ein Lebensgefährte in der Mietwohnung  werden dieser nicht zu ein vertraglich Teil 	mit der Aufnahme ein Lebenspartner in der Wohnung werden dieser nicht zu vertraglich Partner 	mit der Aufnahme ein Lebenspartner in der Wohnung werden dieser nicht zu vertraglich Partner 
Durch die Erhebung der Klage wird die Rechtsanhängigkeit der Streitsache begründet.	Streitsache	Rechtsgrund,Rechtsstreit,Ursache,causa	mit der Einreichung der verfahrenseinleitend Schriftstück bilden sich der Rechtshängigkeit der Rechtssache 	durch der Einreichung der verfahrenseinleitend Schriftstück werden der Rechtsstreit mit der Rechtshängigkeit begründen 	mit der Einreichung der verfahrenseinleitend Schriftstück stellen sich der Rechtshängigkeit der Rechtssache dar 
Durch die mehrfachen Verstöße gegen das geltende Asylverfahrensgesetz werden die öffentliche Sicherheit und Ordnung i. S. v. § 45 Abs.1 AuslG maßgeblich beeinträchtigt sowie erhebliche Interessen der Bundesrepublik Deutschland berührt.	öffentlich Sicherheit	ordre public,öffentlich Ordnung	der zahlreich Verstoß gegen der geltend Gesetz über der Asylverfahren beeinträchtigen der öffentlich Ordnung in Sinn von Artikel 45 Absatz 1 der Ausländergesetz erheblich und beeinträchtigen erheblich Interesse der Bundesrepublik Deutschland 	der zahlreich Verstoß gegen der geltend Asylverfahrensgesetz untergraben der öffentlich Ordnung in Sinn von Artikel 45 Absatz 1 der Ausländergesetz erheblich und schaden der Interesse der Bundesrepublik Deutschland 	der zahlreich Verstoß gegen der geltend Asylverfahrensgesetz untergraben der öffentlich Ordnung in Sinn von Artikel 45 Absatz 1 der Ausländergesetz erheblich und schaden der Interesse der Bundesrepublik Deutschland 
Durch die unmittelbare und durch die mittelbare eigenmächtige Besitzergreifung erhält man nur so viel in Besitz, als wirklich ergriffen, betreten, gebraucht, bezeichnet, oder in Verwahrung gebracht worden ist .	Verwahrung	Obhut	durch der willkürlich sofortig und vermittelt Lagerung werden nur der Besitz der erwerben  wer tatsächlich lernen  mit Fuß treten  benutzen  kennzeichnen oder in Gewahrsam nehmen werden 	durch der willkürlich  sofortig und medienwirksam Beschlagnahmung werden nur der erwerben  wer tatsächlich lernen  mit Fuß treten  benutzen  gekennzeichnet oder in Gewahrsam nehmen werden 	durch der sofortig und vermittelt willkürlich Belagerung werden nur der erwerben  wer tatsächlich lernen  mit Fuß treten  benutzen  kennzeichnen oder in Gewahrsam nehmen werden 
Dämpfe entzündlicher Flüssigkeiten sind im Allgemeinen explosiv. Der Funke eines Lichtschalters oder einer elektrostatischen Entladung kann diese Dämpfe entzünden.	explosiv	explosionsfähig	der Funke ein Lichtschalter oder ein elektrostatisch Entladung können dieser Dämpfe in Brand setzen 	entzündlich Dämpfe sein in Allgemeiner explosionsgefährlich  und der Funke ein Lichtschalter oder ein elektrostatisch Entladung können dieser Dämpfe in Brand setzen 	entzündlich Dämpfe sein in Allgemeiner explosionsgefährlich  und der Funke ein Lichtschalter oder ein elektrostatisch Entladung können dieser Dämpfe in Brand setzen 
Dürfen dem Vertrag weitere Parteien beitreten und sind Art und Weise des Beitritts nicht bestimmt, so ist die Beitrittserklärung an die für die Ausführung des Vertrages eingesetzte Stelle oder, bei Fehlen einer solchen, an alle ursprünglichen Vertragsparteien zu richten.	Vertragspartei	Teilnehmer,Versicherungsnehmer,Vertragnehmer	können weit Vertragspartei der Vertrag beitreten und sein der Bedingung für der Beitritt nicht festlegen  so sein der Beitrittserklärung an der für der Ausführung der Vertrag zuständig Stelle oder  falls kein solcher Stelle vorhanden sein  an aller ursprünglich Vertragspartner zu richten 	können sich weit Vertragspartei der Vertrag anschließen und werden der Beitrittsbedingung nicht festlegen  so sein der Beitrittserklärung an der für der Vertragserfüllung zuständig Stelle oder  falls kein solcher Stelle bestehen  an aller ursprünglich Vertragspartei zu richten 	können weit Vertragspartei der Vertrag beitreten und werden der Bedingung für der Beitritt nicht festlegen  so sein der Beitrittserklärung an der für der Durchführung der Vertrag zuständig Stelle oder  falls kein solcher Stelle bestehen  an aller ursprünglich Vertragspartei zu richten 
Eigenmerkmale von Verbotszeichen sind: Form: rund, schwarzes Piktogramm auf weißem Grund, Rand und Querbalken (von links nach rechts in einem Neigungswinkel von 45° zur Horizontalen) rot (die Sicherheitsfarbe Rot muss mindestens 35% der Oberfläche des Zeichens ausmachen).	Querbalken	Haufen,bewaffnet Haufen	der intrinsisch Merkmal der Verbotssignal sein  Form  rund  schwarz Piktogramm auf weiß Hintergrund  Rand und Band  von links nach rechts mit ein Neigungswinkel von 45 ° zu Horizontalen  rot  der rot Sicherheitsfarbe muss mindestens 35 % der Signaloberfläche abdecken  	Merkmal der Verbotszeiche sein  rund  schwarz Piktogramm auf weiß Hintergrund  Rand und Band  von links nach rechts mit ein Neigungswinkel von 45 ° gegenüber der Horizontalen  rot  der rot Sicherheitsfarbe muss mindestens 35 % der Fläche der Signal abdecken  	Merkmal von Verbotszeich sein  rund  schwarz Piktogramm auf weiß Hintergrund  Rand und Band  von links nach rechts mit ein Neigungswinkel von 45 ° gegenüber der Horizontalen  rot  der rot Sicherheitsfarbe muss mindestens 35 % der Fläche der Signal abdecken  
Ein Amtsgutachten ist zuzulassen, wenn Erhebungen angestellt oder Daten oder Bewertungen eingeholt werden müssen, die eine besondere technische, wissenschaftliche oder künstlerische Fachkenntnis erfordern.	Amtsgutachten	Gutachten	ein Gutachten sein zulässig  wenn Datum oder Bewertung  der ein besonderer technisch  wissenschaftlich oder künstlerisch Kompetenz erfordern  überprüfen oder einholen werden müssen 	ein Sachverständigengutachten sein zulässig  wenn es notwendig sein  Untersuchung durchführen oder Datum oder Bewertung zu sammeln  der ein besonderer fachlich  wissenschaftlich oder künstlerisch Kompetenz erfordern 	ein Gutachten sein zulässig  wenn Untersuchung durchführen oder Datum oder Bewertung einholen werden müssen  der ein besonderer fachlich  wissenschaftlich oder künstlerisch Kompetenz erfordern 
Ein Beschuldigter gilt als abwesend, wenn sein Aufenthalt unbekannt ist oder wenn er sich im Ausland aufhält und seine Gestellung vor das zuständige Gericht nicht ausführbar oder nicht angemessen erscheint.	abwesend	Verschollener	ein angeklagter gelten als abwesend  wenn sein Wohnort unbekannt sein oder sich in Ausland befinden und sein erscheinen vor der zuständig Gericht nicht durchführbar sein oder nicht angebracht erscheinen 	ein angeklagter gelten als abwesend  wenn sein Wohnort unbekannt sein oder er sich in Ausland aufhalten und sein erscheinen vor der zuständig Gericht nicht durchführbar sein oder nicht angebracht erscheinen 	ein angeklagter gelten als abwesend  wenn sein Wohnort unbekannt sein oder er sich in Ausland aufhalten und sein erscheinen vor der zuständig Gericht nicht durchführbar sein oder nicht angebracht erscheinen 
Ein Ehegatte ist berechtigt, den gemeinsamen Haushalt für solange aufzuheben, als seine Persönlichkeit, seine wirtschaftliche Sicherheit oder das Wohl der Familie durch das Zusammenleben ernstlich gefährdet ist.	zusammenleben	ehelich Gemeinschaft	ein Ehepartner haben der Recht  der häuslich Gemeinschaft zu lösen  bis sein Persönlichkeit  sein wirtschaftlich Sicherheit oder der Wohl der Familie durch der zusammenleben ernsthaft bedrohen sein 	ein Ehepartner haben der Recht  der häuslich Gemeinschaft so lange aufgeben  bis sein Persönlichkeit  sein wirtschaftlich Sicherheit oder der Wohlergehen sein Familie ernsthaft von zusammenleben bedrohen sein 	ein Ehepartner haben der Recht  der häuslich Gemeinschaft so lange aufgeben  bis sein Persönlichkeit  sein wirtschaftlich Sicherheit oder der Wohlergehen sein Familie ernsthaft von zusammenleben bedrohen sein 
Ein Ehegatte ist nicht verpflichtet, dem Verlangen des anderen Ehegatten nach Herstellung der Gemeinschaft Folge zu leisten, wenn sich das Verlangen als Missbrauch seines Rechts darstellt oder wenn die Ehe gescheitert ist.	Ehe	Eheschließung,Heirat,Trauung	ein Ehepartner sein nicht verpflichten  der Forderung der anderer Ehegatt nach Wiederherstellung der Lebensgemeinschaft nachkommen  wenn der Forderung ein Missbrauch sein Recht darstellen oder der Ehe scheitern sein 	ein Ehegatte sein nicht verpflichten  der Forderung der anderer Ehegatt nach Wiederherstellung der Lebensgemeinschaft nachkommen  wenn der Anspruch ein Missbrauch sein Recht darstellen oder der Ehe scheitern sein 	ein Ehegatte sein nicht verpflichten  der Forderung der anderer Ehegatt nach Wiederherstellung der Lebensgemeinschaft nachkommen  wenn der Anspruch ein Missbrauch sein Recht darstellen oder der Ehe scheitern sein 
Ein Ehegatte kann Aufhebung der Ehe begehren, wenn er zur Eingehung der Ehe widerrechtlich durch Drohung bestimmt worden ist.	widerrechtlich	Unrecht,rechtswidrig Verhalten	ein Ehepartner können der Ungültigerklärung der Ehe beantragen  wenn er durch Drohung dazu verleiten werden sein  ein Ehe eingehen 	ein Ehegatte können der Ungültigerklärung ein Ehe beantragen  wenn er durch Drohung unrechtmäßig zu Heirat zwingen werden sein 	ein Ehegatte können der Ungültigerklärung ein Ehe beantragen  wenn er durch Drohung unrechtmäßig zu Heirat verleiten werden sein 
Ein Ehevertrag kann vor oder nach der Heirat geschlossen werden.	Heirat	Ehe	ein Ehevertrag können vor oder nach der Ehe schließen werden 	Eheschließung können vor oder nach der Eheschließung abschließen werden 	Eheschließung können vor oder nach der Eheschließung abschließen werden 
Ein Erschwerungsgrund ist es insbesondere, wenn der Täter  aus besonders verwerflichen Beweggründen gehandelt hat .	Beweggrund	Motiv	dieser sein insbesondere der Umstand  dass der König aus besonders verwerflich Grund handeln haben 	es sein vor alle ein erschwerend Umstand  daß man aus besonders verwerflich Grund handeln haben 	es sein vor alle ein erschwerend Umstand  daß man aus besonders verwerflich Grund handeln haben 
Ein Richter oder richterlicher Hilfsbeamter, dem ein Verhältnis bekannt wird, das ihn im gegebenen Falle nach dem Gesetze von der Ausübung richterlicher Geschäfte ausschließt, hat dieses dem Vorsteher des Gerichtes  unverzüglich anzuzeigen.	richterlich Hilfsbeamter	Erfüllungsgehilfe	ein Richter oder Hilfsbeamte  der Kenntnis von ein Umstand erlangen haben  der ihn in konkret Fall gesetzlich von der Ausübung der richterlich Tätigkeit ausschließen  müssen dieser der Präsident der Gericht unverzüglich mitteilen 	ein Richter oder Hilfskraft  der Kenntnis von ein Umstand erlangen haben  der ihn in konkret Fall rechtlich von der Ausübung der richterlich Gewalt ausschließen  müssen dieser unverzüglich der Präsident der Gericht mitteilen 	ein Richter oder Hilfskraft  der Kenntnis von ein Umstand erlangen haben  der ihn in konkret Fall rechtlich von der Ausübung der richterlich Gewalt ausschließen  müssen dieser unverzüglich der Präsident der Gericht mitteilen 
Ein Sparguthaben wird  nicht durch Übertragung des Eigentums am Sparbuch durch Übereignung des Sparbuches übertragen, sondern - soweit nicht die Satzung entgegensteht - durch Forderungsabtretung.	Sparbuch	Zulassungsbescheinigung,Zulassungsbescheinigung Teil I	ein Sparkredit werden nicht durch der Übertragung der Eigentum an der Buch durch der Veräußerung der Buch übertragen  sondern                     es sein denn  der Satzung sehen durch der Übertragung der Forderung etwas anderer vor 	ein Sparguthaben werden nicht durch der Übertragung der Besitz der Ausweis durch der Übertragung der Ausweis übertragen  sondern   sofern in der Satzung nichts anderer bestimmen sein   durch der Abtretung der Forderung 	ein Sparguthaben werden nicht durch der Übertragung der Besitz der Ausweis durch der Übertragung der Ausweis übertragen  sondern   sofern in der Satzung nichts anderer bestimmen sein   durch der Abtretung der Forderung 
Ein Verein  erlangt Rechtsfähigkeit durch Eintragung in das Vereinsregister des zuständigen Amtsgericht.	Verein	Vereinigung	ein Vereinigung erwerben ihr Rechtsfähigkeit durch Eintragung in der Register der Verband der zuständig Bezirksgericht 	ein Vereinigung erwerben ihr Rechtsfähigkeit durch Eintragung in der Register der Vereinigung der zuständig Bezirksgericht 	ein Vereinigung erwerben ihr Rechtsfähigkeit durch Eintragung in der Register der Vereinigung der zuständig Bezirksgericht 
Ein Vergleich in zivilgerichtlichen Verfahren wegen Fälschung erzeugt keine Wirkung, wenn er nicht vom Landesgericht nach Anhörung des Staatsanwaltes bestätigt worden ist.	Fälschung	falsch	ein Transaktion in Zivilprozess  bei der es sich um Fälschung handeln  haben kein Wirkung  wenn sie von Regionalgericht nach Anhörung der Staatsanwalt nicht genehmigen werden 	ein Transaktion in Zivilverfahren  bei der es sich um ein Verletzung handeln  haben kein Wirkung  wenn sie von Regionalgericht nach Anhörung der Staatsanwaltschaft nicht genehmigen werden sein 	ein Transaktion in Zivilverfahren  bei der es sich um ein Verletzung handeln  haben kein Wirkung  wenn sie von Regionalgericht nach Anhörung der Staatsanwaltschaft nicht genehmigen werden sein 
Ein Verhalten ohne Handlungswillen (Reflexbewegung, Handeln unter Hypnose oder im Schlaf, Handeln unter unmittelbaren körperlichen Zwang ) ist auch dann keine Willenserklärung, wenn es wie die Äußerung eines Rechtsfolgewillens erscheint.	unmittelbar körperlich Zwang	physisch Gewalt	ein verhalten ohne Handlungswille  reflektiert Bewegung  verhalten unter Hypnose oder Schlaf  handeln unter körperlich Gewalt  stellen kein Willensbekundung dar  auch wenn es als Ausdruck ein Wille erscheinen  Rechtswirkung hervorzubringen 	ein verhalten ohne Handlungswille  Reflexion  Schlaf oder Schlafverhalten  körperlich Gewalt  sein kein Willensbekundung  auch wenn es als Ausdruck ein Wille erscheinen  rechtlich Wirkung zu entfalten 	ein verhalten ohne Handlungswille  Reflexionismus  Schlaf oder Schlafverhalten  körperlich Gewalt  sein kein Willensbekundung  auch wenn es als Ausdruck ein Wille erscheinen  rechtlich Wirkung zu entfalten 
Ein Verwaltungsakt ist demjenigen Beteiligten bekannt zu geben, für den er bestimmt ist oder der von ihm betroffen wird.	Verwaltungsakt	Maßnahme	ein Maßnahme sein der Teilnehmer mitteilen  an der sie richten sein oder der sie beteiligen sein 	ein Maßnahme sein der Teilnehmer mitteilen  an der sie richten sein oder der sie betreffen 	ein Maßnahme sein der Teilnehmer mitteilen  an der sie richten sein oder an der sie richten sein 
Ein Verwaltungsträger verfügt über Autonomie, wenn ihm in der Besorgung seiner Aufgaben eine erhebliche Entscheidungsfreiheit zusteht und diese Entscheidungsfreiheit dem Weisungszugriff der Aufsichtsbehörde entzogen bleibt. Das Mass der Autonomie richtet sich nach den einschlägigen Sachgesetzen.	Autonomie	Normsetzungskompetenz	ein Verwaltungsbehörde sein unabhängig  wenn ihr bei der Erfüllung ihr Aufgabe ein beträchtlich Entscheidungsfreiheit zuerkennen werden  und dieser Entscheidungsfreiheit werden von der Einmischung der Aufsichtsbehörde in der Richtlinie nicht berühren  der Umfang der Autonomie werden durch der einschlägig materiell Gesetz bestimmen 	ein Verwaltungsbehörde sein unabhängig  wenn sie bei der Erfuellung ihr Aufgabe ein erheblich Entscheidungsfreiheit besitzen und dieser Entscheidungsfreiheit der Einmischung durch der Aufsichtsbehörde entziehen werden  wobei der Größe der Autonomie durch der einschlägig materiell Gesetz bestimmen werden 	ein Verwaltungsbehörde sein unabhängig  wenn sie bei der Erfuellung ihr Aufgabe ein erheblich Entscheidungsfreiheit besitzen und dieser Entscheidungsfreiheit der Einmischung durch der Aufsichtsbehörde entziehen werden  wobei der Maß der Autonomie durch der einschlägig materiell Gesetz bestimmen werden 
Ein Vorzugspfandrecht am Miteigentumsanteil des Wohnungseigentümers sieht auch § 27 WEG zugunsten bestimmter Forderungen der Wohnungseigentümergemeinschaft  und der anderen Miteigentümer vor.	Wohnungseigentümergemeinschaft	Wohnungseigentum	ein besonderer Privileg hinsichtlich der Anteil der Eigentümer der Wohnung sein auch in Artikel 27 der Immobiliengesetz  WEG  zugunsten bestimmt Forderung der Eigentumswohnung und anderer Eigentümer vorsehen 	ein besonderer Privileg für der Anteil der Eigentümer an der Wohnung sein auch in Artikel 27 der Grundeigentumsgesetz  WEG  zugunsten bestimmt Kondomkredit und anderer Miteigentümer vorsehen 	ein besonderer Privileg hinsichtlich der Anteil der Eigentümer an der Wohnung sein auch in Artikel 27 der Grundeigentumsgesetz  WEG  zugunsten bestimmt Kondomkredit und anderer Miteigentümer vorsehen 
Ein Wechsel im Bestand der Gemeinschaft führt zu einer Akkreszenz oder Dekreszenz bei den verbleibenden Gemeinschaftern.	Gemeinschafter	Teilnehmer	ein Änderung in der Zusammensetzung der Gemeinschaft führen zu ein Zunahme oder Abnahme für der übrig Teilnehmer 	ein Änderung in der Zusammensetzung der Gemeinschaft bedeuten für der übrig Teilnehmer ein Zuwachs oder ein Rückgang 	ein Änderung in der Zusammensetzung der Gemeinschaft bedeuten für der übrig Teilnehmer ein Zuwachs oder ein Degression 
Ein Widerruf durch den Antragsteller ist allerdings so lange beachtlich, als die Offerte nicht wirksam geworden ist. Geht also der Widerruf dem Empfänger spätestens zugleich mit der Offerte zu, so tritt keine Bindung des Antragstellers ein.	Widerruf	Abberufung	ein Widerruf durch der Antragsteller sein jedoch so lange von Bedeutung  bis der Angebot wirksam werden sein  Kommt der Widerruf daher spätestens zu gleich Zeit wie der Angebot an der Empfänger  so bestehen für der Antragsteller keinerlei Verpflichtung 	ein Rücknahme durch der Antragsteller sein jedoch so lange von Bedeutung  bis der Angebot wirksam werden sein  und wenn der Widerruf daher spätestens gleichzeitig mit der Angebot bei Empfänger erfolgen  werden der Antragsteller kein Verpflichtung auferlegen 	ein Rücknahme durch der Antragsteller sein jedoch so lange von Bedeutung  bis der Angebot wirksam werden sein  und wenn der Widerruf daher spätestens zeitgleich mit der Angebot bei Empfänger erfolgen  werden der Antragsteller kein Verpflichtung auferlegen 
Ein allfälliger, von der Klägerin behaupteter Verstoß gegen spanische Bauvorschriften, weil die unterste Treppenstufe etwas niedriger war als die übrigen, ist nicht weiter zu erörtern, da dieser Umstand festgestelltermaßen nicht unfallskausal war.	Treppenstufe	Leiterstufe,Stufe	ein möglich Verletzung der spanisch Bauvorschrift  der von der Klägerin geltend machen werden  da der niedrig Stufe etwas niedrig sein als der anderer  sein nicht weiter zu erörtern  da feststellen werden  dass dieser Umstand für der Unfall nicht von Bedeutung sein 	ein möglich Verletzung der spanisch Bauvorschrift  der von der Beschwerdeführerin behaupten werden  weil der niedrig Stufe etwas niedrig sein als der anderer  sollen nicht weiter diskutieren werden  da feststellen werden  dass dieser für der Unfall nicht von Belang sein 	ein von der Beschwerdeführerin geltend gemacht Verletzung der spanisch Bauvorschrift  da der unterer Stufe etwas niedrig sein als der anderer  sollen nicht weiter diskutieren werden  da feststellen werden  dass dieser für der Unfall nicht von Belang sein 
Ein durch vorsätzliches oder grob nachlässiges Verhalten im Dienst verursachter Schaden für die Verwaltung oder Dritte ist von den Verantwortlichen gemäß den geltenden Bestimmungen zu vergüten.	vorsätzlich	arglistig	ein Schaden  der der Verwaltung oder Dritter durch vorsätzlich oder grob fahrlässig verhalten in Dienst verursachen werden  muss von der verantwortliche gemäß der geltend Bestimmung entschädigen werden 	ein Schaden  der der Verwaltung oder Dritter durch vorsätzlich oder grob fahrlässig verhalten verursachen werden  muss von der verantwortliche nach der geltend Vorschrift ausgleichen werden 	ein Schaden  der der Verwaltung oder Dritter durch vorsätzlich oder grob fahrlässig verhalten verursachen werden  muss von der verantwortliche gemäß der geltend Vorschrift ausgleichen werden 
Ein gerichtlicher Vergleich kann auch dadurch geschlossen werden, dass die Parteien dem Gericht einen schriftlichen Vergleichsvorschlag unterbreiten oder einen schriftlichen Vergleichsvorschlag des Gerichts durch Schriftsatz gegenüber dem Gericht annehmen.	gerichtlich Vergleich	Schlichtung,Versöhnung	ein Vermittlungsverfahren können auch durch Vorlage ein schriftlich Schlichtungsantrag durch der Partei vor der Gericht oder durch Annahme ein schriftlich Schlichtungsantrag durch der Gericht durch ein bei Gericht hinterlegt schriftlich Urkunde abschließen werden 	ein Vergleich können auch durch Vorlage ein schriftlich Vergleichsvorschlag durch der Partei vor Gericht oder durch Annahme ein schriftlich Vergleichsvorschlag durch der Gericht durch Hinterlegung ein schriftlich Urkunde abschließen werden 	ein Vergleich können auch dadurch abschließen werden  daß der Partei der Gericht ein schriftlich Vergleichsantrag vorlegen oder daß sie durch ein bei Gericht hinterlegt Urkunde ein schriftlich Vergleichsantrag der Gericht annehmen 
Ein gültiger Vertrag liegt nicht vor, wenn sich die Parteien über wesentliche Vertragsbestandteile  nicht geeinigt haben .	wesentlich Vertragsbestandteile	notwendig Bestandteil	ein gültig Vertrag bestehen nicht  wenn der Partei kein Einigung über der wesentlich Verhandlung erzielen haben 	ein gültig Vertrag bestehen nicht  wenn der Partei kein Einigung über der wesentlich Leugnung erzielen haben 	ein gültig Vertrag bestehen nicht  wenn der Partei kein Einigung über der wesentlich Leugnung erzielen haben 
Ein minderjähriges Kind teilt den Wohnsitz der Eltern; . Das Kind behält den Wohnsitz, bis es ihn rechtsgültig aufhebt.	rechtsgültig	gesetzesmäßig,gesetzlich,gesetzmäßig	ein minderjährig Kind teilen sich der Wohnung sein Eltern  und der Kind behalten sein Wohnsitz  bis es ihn legal zurücknehmen 	ein minderjährig Kind teilen der Wohnsitz sein Eltern  der Kind behalten sein Wohnsitz  bis es ihn legal zurücknehmen 	ein minderjährig Kind teilen der Wohnsitz sein Eltern  der Kind behalten sein Wohnsitz  bis es ihn legal zurücknehmen 
Ein neues Verständnis und geschärftes Bewusstsein für die Komplexität der so genannten »passive Konservierung« oder »präventiven Konservierung« vom Lichtschutz bis zur Handhabung von Kulturgut gewinnt in vielen Museen allmählich an Boden.	passiv Konservierung	Prävention,Verhütung,Vorbeugung	ein neu Verständnis und ein größ Bewusstsein für der Komplexität der so genannt  Prävention  oder  Präventionskonservierung   von Schutz vor Licht bis hin zu Manipulation von Kulturgut  treten allmählich in vieler Museum auf 	ein neu Verständnis und ein größ Bewusstsein für der Komplexität der so genannt  Prävention  oder  Präservierung   von Schutz vor Licht bis hin zu Manipulation von Kulturgüter  nehmen in vieler Museum allmählich Gestalt an 	ein neu Verständnis und ein größ Bewusstsein für der Komplexität der so genannt  Prävention  oder  Vorbeugung   von Schutz vor Licht bis hin zu Manipulation von Kulturgüter  nehmen in vieler Museum allmählich Gestalt an 
Ein schriftliches Sachverständigengutachten muss daher bei Gericht von der oder dem Sachverständigen eigenhändig unterschrieben auf Papier eingebracht werden. Der oder die Sachverständige hat außerdem das Rundsiegel beizufügen	Sachverständigengutachten	Gerichtsgutachten	ein schriftlich technisch Beratung sein daher vor ein Gericht auf Papier einreichen  der der Unterschrift der technisch Berater tragen  und der technisch Berater muss der Trockensiegel anbringen 	ein schriftlich technisch Beratung sein daher vor Gericht auf Papier einreichen  der der handschriftlich Unterschrift der technisch Berater tragen  und der technisch Berater müssen der Trockensiegel anbringen 	ein schriftlich technisch Beratung sein daher vor Gericht auf Papier einreichen  der der handschriftlich Unterschrift der technisch Berater tragen  und der technisch Berater müssen der Trockensiegel anbringen 
Ein unerlaubter Beweggrund macht die testamentarische Verfügung nichtig, wenn er aus dem Testament hervorgeht und der einzige ist, der den Erblasser zur Verfügung bestimmt hat.	unerlaubt	unerlaubt Handlung,unerlaubt Verhalten	ein unzulässig Grund machen der Testamentsordnung ungültig  wenn sie aus der Testament hervorgehen und der einzig sein  der der Testamentsträger dazu bestimmen haben 	ein unrechtmäßig Grund machen der Bestimmung der Testament ungültig  wenn sie aus der Testament hervorgehen und der einzig Grund sein  der der Testamentar dazu veranlassen haben  über ihn zu verfügen 	ein unrechtmäßig Grund machen der Bestimmung der Testament ungültig  wenn sie aus der Testament hervorgehen und der einzig Grund dafür sein  dass der Testamentar über der Testamentar verfügen 
Eine Ausdehnung der gemeinschaftlichen Teile ist nur mit Zustimmung der Interessierten und mit Billigung der Stockwerkeigentümergemeinschaft möglich .	Stockwerkeigentümergemeinschaft	Stockwerkeigentum	ein Erweiterung der gemeinsam Partei sein nur mit Zustimmung der beteiligter und mit Zustimmung der Eigentumswohnung möglich 	ein Ausweitung der gemeinsam Partei sein nur mit Zustimmung der beteiligter und Zustimmung der Kondom möglich 	ein Ausweitung der gemeinsam Partei sein nur mit Zustimmung der beteiligter und Zustimmung der Kondom möglich 
Eine Ausgleichung kann nicht verlangt werden, wenn für die Leistungen ein angemessenes Entgelt gewährt oder vereinbart worden ist oder soweit dem Abkömmling wegen seiner Leistungen ein Anspruch aus anderem Rechtsgrund zusteht.	Rechtsgrund	Titel,Überschrift	ein Ausgleich können nicht verlangen werden  wenn für der Leistung ein angemessen Gegenleistung gewähren oder vereinbaren werden sein oder wenn der Nachkomme für sein Leistung aufgrund ein anderer Anspruch Anspruch haben 	ein Ausgleich können nicht verlangen werden  wenn für der Leistung ein angemessen Ausgleich gewähren oder vereinbaren werden sein oder wenn der Abkömmling für sein Leistung aufgrund ein anderer Titels ein Anspruch haben 	ein Ausgleich können nicht verlangen werden  wenn für der Leistung ein angemessen Ausgleich gewähren oder vereinbaren werden sein oder wenn der Abkömmling ein Anspruch auf Leistung aufgrund ein anderer Titels zustehen 
Eine Ehenichtigerklärung allein aus dem Grund der Zugehörigkeit oder Nichtzugehörigkeit zu einer Religionsgemeinschaft steht aber jedenfalls in Widerspruch zu dem in § 6 IPR-Gesetz  verankerten österreichischen ordre public.	ordre public	öffentlich Ordnung,öffentlich Sicherheit	ein Erklärung über der Nichtigkeit der Ehe  der ausschließlich auf der Zugehörigkeit zu ein Religionsgemeinschaft beruhen oder nicht  stehen jedoch in jeder Fall in Widerspruch zu österreichisch öffentlich Ordnung  der in § 6 der Gesetz über der international Privatrecht verankern sein 	ein Erklärung der Nichtigkeit ein Ehe  der ausschließlich auf der Zugehörigkeit zu oder Nichtmitgliedschaft ein Religionsgemeinschaft beruhen  stehen jedoch in jeder Fall in Widerspruch zu österreichisch öffentlich Ordnung  der in § 6 der Gesetz über der international Privatrecht verankern sein 	ein Erklärung der Nichtigkeit ein Ehe  der ausschließlich auf der Zugehörigkeit zu oder Nichtmitgliedschaft ein Religionsgemeinschaft beruhen  stehen jedoch in jeder Fall in Widerspruch zu österreichisch öffentlich Ordnung  der in § 6 der Gesetz über der international Privatrecht verankern sein 
Eine Ersatzerklärung einer beeideten Bezeugungsurkunde über zukünftige Verpflichtungen, Verzicht, Haftungsübernahme u.Ä. ist nicht zulässig.	Ersatzerklärung ein beeidet Bezeugungsurkunde	Eigenerklärung	ein Selbsterklärung in Bezug auf künftig Verpflichtung  Verzicht  Haftungsübernahme oder ähnlich Verpflichtung sein nicht zulässig 	ein Selbsterklärung zu künftig Verpflichtung  Verzicht  Übernahme oder Ähnlichem sein nicht zulässig 	ein Selbsterklärung in Bezug auf künftig Verpflichtung  Verzicht  Übernahme von Verantwortung oder Ähnliches sein nicht zulässig 
Eine Gliederung der Wählerschaft in andere Wahlkörper ist nicht zulässig.	Wählerschaft	Wahlrecht	ein Aufteilung der Wähler in anderer Wahlbezirk sein nicht zulässig 	ein Aufteilung der Wählerschaft in anderer Wahlbezirk sein nicht zulässig 	ein Aufteilung der Wählerschaft in anderer Wahlbezirk sein nicht zulässig 
Eine Handlung liegt zunächst vor, wenn ein Willensentschluss eine Körperbewegung hervogerufen hat . Man spricht hier von einer Handlung im natürlichen Sinn .	Handlung	Rechtshandlung,Urkunde	ein Akt existieren erstens  wenn ein Willensbekundung ein körperlich Bewegung auslösen haben  hier werden von ein Akt in natürlich Sinn sprechen 	ein Handlung bestehen erstens  wenn ein Willensbekundung zu ein Bewegung der Körper führen haben  und hier werden von ein natürlich Handlung sprechen 	ein Handlung geben es erstens  wenn ein Willensbekundung zu ein Bewegung der Körper führen haben  und hier werden von ein Akt in natürlich Sinn sprechen 
Eine Stiftung kann von den Erben oder den Gläubigern des Stifters gleich einer Schenkung angefochten werden.	Stifter	Gründer	ein Stiftung können von der Erbe oder Gläubiger der Gründer wie ein Spende angefochten werden 	ein Stiftung können von der Erbe oder Gläubiger der Gründer wie ein Spende angefochten werden 	ein Stiftung können von der Erbe oder Gläubiger der Gründer wie ein Spende angefochten werden 
Eine Verbindlichkeit besteht und kann erfüllt, gegebenenfalls auch gesichert, aufgerechnet werden.	Verbindlichkeit	Schuldverschreibung	ein Verpflichtung bestehen und können erfüllen  gegebenenfalls auch garantieren  ausgleichen werden 	ein Verpflichtung bestehen und können erfuellen  gegebenenfalls auch sichern  ausgleichen werden 	ein Verpflichtung bestehen und können erfuellen  gegebenenfalls auch sichern  ausgleichen werden 
Eine Vergütung für die Aufbewahrung gilt als stillschweigend vereinbart, wenn die Aufbewahrung den Umständen nach nur gegen eine Vergütung zu erwarten ist.	Aufbewahrung	Obhut	ein Haftentschädigung gelten stillschweigend als vereinbaren  wenn der Sorgerecht unter der gegeben Umstand nur gegen ein Entschädigung zu erwarten sein 	ein Haftentschädigung gelten als stillschweigend vereinbaren  wenn der Sorgerecht unter der gegeben Umstand nur gegen ein Haftentschädigung zu erwarten sein 	ein Haftentschädigung gelten als stillschweigend vereinbaren  wenn der Sorgerecht unter der gegeben Umstand nur gegen ein Haftentschädigung zu erwarten sein 
Eine Verschlusssache ist  GEHEIM, wenn die Kenntnisnahme durch Unbefugte die Sicherheit der Bundesrepublik Deutschland oder eines ihrer Länder gefährden oder ihren Interessen schweren Schaden zufügen kann, .	geheim	Geheimhaltung,Geheimnis	ein als Verschlusssache eingestuft Information sein geheim  wenn ihr Kenntnis durch unbefugte der Sicherheit der Bundesrepublik Deutschland oder einer ihr Land gefährden oder ihr Interesse ernsthaft schädigen können 	ein als Verschlusssache eingestuft Information sein geheim  wenn ihr Kenntnis durch unbefugt Person der Sicherheit der Bundesrepublik Deutschland oder einer ihr Land gefährden oder ihr Interesse ernsthaft schädigen können 	ein als Verschlusssache eingestuft Information sein geheim  wenn ihr Kenntnis durch unbefugt Person der Sicherheit der Bundesrepublik Deutschland oder einer ihr Land gefährden oder ihr Interesse ernsthaft schädigen können 
Eine Verschlusssache ist  VS-VERTRAULICH, wenn die Kenntnisnahme durch Unbefugte für die Interessen der Bundesrepublik Deutschland oder eines ihrer Länder schädlich sein kann, .	VS-Vertraulich	Verschreibung zu wiederholt Abgabe,Wiederholungsrezept,Wiederholungsverordnung	ein eingestuft Information sein RR  wenn ihr Kenntnis durch unbefugte der Interesse der Bundesrepublik Deutschland oder einer ihr Land beeinträchtigen können 	ein eingestuft Information sein RR  wenn ihr Kenntnis durch unbefugt Person der Interesse der Bundesrepublik Deutschland oder einer ihr Land beeinträchtigen können 	ein eingestuft Information sein RR  wenn ihr Kenntnis durch unbefugt Person der Interesse der Bundesrepublik Deutschland oder einer ihr Land beeinträchtigen können 
Eine Wahl hat nicht nur das Ziel, eine Volksvertretung zu schaffen, die ein Spiegelbild der in der Wählerschaft vorhandenen politischen Meinungen darstellt, sondern sie soll auch ein funktionsfähiges Organ hervorbringen.	Wählerschaft	Wahlrecht	ein Wahl haben nicht nur der Ziel  ein Volksvertretung zu schaffen  der ein Spiegelbild der politisch Meinung in der Wähler sein  sondern muss auch ein funktionell Organ bilden 	mit ein Wahl sollen nicht nur ein Volksvertretung schaffen werden  der ein Spiegelbild der politisch Ansicht in der Wähler sein  sondern sie sollen auch ein funktionsfähig Organ schaffen 	mit ein Wahl sollen nicht nur ein Volksvertretung schaffen werden  der ein Spiegelbild der politisch Ansicht in der Wähler sein  sondern sie sollen auch ein funktionsfähig Organ schaffen 
Eine Wiederaufnahme aus dem Grunde, daß das Urteil mit verfahrensrechtlichen oder materiellrechtlichen Fehlern behaftet ist, daß die Beweiswürdigung verfehlt ist oder daß die Strafe innerhalb desselben Strafsatzes zu milde oder zu strenge bemessen wurde, ist ausgeschlossen .	Wiederaufnahme	wiederkehrend Begutachtung	ein Überprüfung sein aus der Grund ausschließen  dass der Urteil verfahrensrechtlich oder inhaltlich Mängeln unterliegen  dass der Prüfung der Beweis falsch sein oder dass der Strafe innerhalb derselbe baulich Rahmen zu mild oder zu streng sein 	ein Überprüfung sein nicht zulässig  da der Urteil verfahren oder materiellrechtlich Mängeln unterliegen  der Beweiserhebung fehlerhaft sein oder der Strafe innerhalb derselbe Rahmen zu mild oder zu streng sein 	ein Überprüfung sein aus der Grund ausschließen  dass der Urteil verfahren oder materiellrechtlich Mängeln unterliegen  dass der Beurteilung der Beweis falsch sein oder dass der Strafe innerhalb derselbe Rahmen zu mild oder zu streng sein 
Eine Zustellung oder Mitteilung an die letzte den Behörden bekannte Adresse von Asylsuchenden oder von diesen Bevollmächtigten wird nach Ablauf der ordentlichen siebentägigen Abholfrist rechtsgültig, .	rechtsgültig	gesetzesmässig,gesetzlich,gesetzmässig	ein Mitteilung oder Mitteilung an der letzter Anschrift  der der Behörde der Asylbewerber oder ihr Staatsanwalt bekannt sein  werden nach Ablauf der normal siebentägig Rücknahmefrist legal 	ein Zustellung an der letzter der Behörde der Asylbewerber oder ihr Staatsanwalt bekannt Anschrift werden nach Ablauf der normal siebentägig Rücknahmefrist rechtswirksam 	ein Zustellung an der letzter Anschrift  der der Behörde der Asylbewerber oder ihr Staatsanwalt bekannt sein  werden nach Ablauf der normal siebentägig Rücknahmefrist rechtswirksam 
Eine durch Vertrag oder Gesetz bestimmte Frist ist vorbehaltlich anderer Festsetzung so zu berechnen, daß bei einer nach Tagen bestimmten Frist der Tag nicht mitgezählt wird, in welchen das Ereignis fällt, von dem der Fristenlauf beginnt.	Ereignis	Erfolg	Sofern nichts anderer bestimmen sein  sein ein vertraglich oder gesetzlich festgelegt Frist so zu berechnen  dass für ein in Tag festgelegt Frist der Tag  an der der Ereignis eintreten  von der der Frist beginnen  nicht erreichen werden 	Sofern nichts anderer bestimmen sein  sein ein vertraglich oder gesetzlich festgelegt Frist so zu berechnen  daß für ein tagesbezogen Frist der Tag  an der der Ereignis eintreten  von der an der Frist beginnen  nicht eintreten 	Sofern nichts anderer bestimmen sein  sein ein vertraglich oder gesetzlich festgelegt Frist so zu berechnen  daß an der Tag  an der der Ereignis eintreten  von der an der Frist beginnen  für ein in Tag bestimmt Frist nicht vereinbaren werden 
Eine natürliche Person darf nicht mehr als eine Identifikationsnummer erhalten. Jede Identifikationsnummer darf nur einmal vergeben werden.	Identifikationsnummer	Benutzerkennung,Kennung	ein natürlich Person dürfen nicht mehr als ein Identifikationscode erhalten  jeder Identifikationscode können nur einmal zugewiesen werden 	ein natürlich Person dürfen nicht mehr als ein Kenncode erhalten  jeder Kenncode können nur einmal zuteilen werden 	ein natürlich Person dürfen nicht mehr als ein Kenncode erhalten  jeder Kenncode können nur einmal zuteilen werden 
Eine umfassende Beistandschaft wird errichtet, wenn eine Person, namentlich wegen dauernder Urteilsunfähigkeit, besonders hilfsbedürftig ist.	umfassend Beistandschaft	Schutz,Wahrung	ein Schutz werden schaffen  wenn ein Person  insbesondere wegen ihr Unfähigkeit  ein dauerhaft Unterscheidungsvermögen zu erlangen  besonders hilfsbedürftig sein 	ein solcher Schutz werden schaffen  wenn ein Person  insbesondere aufgrund ein Mangel an dauerhaft Urteilsvermögen  besonders auf Hilfe angewiesen sein 	ein solcher Schutz werden schaffen  wenn ein Person  vor alle aufgrund ihr Unfähigkeit  ein dauerhaft Urteilsvermögen ausüben  besonders auf Hilfe anweisen sein 
Eine vorsätzliche unrichtige Bezeichnung des Urhebers der beanstandeten Äußerungen haben die Kläger der Beklagten im Verfahren erster Instanz aber nicht vorgeworfen.	vorsätzlich	arglistig	der Kläger haben jedoch der Beklagter in Verfahren erster Instanz kein schmerzhaft falsch Bezeichnung der Verfasser der angefochten Erklärung in Frage stellen 	der Beschwerdeführer haben jedoch der Beklagten in Verfahren erster Instanz kein schmerzhaft falsch Bezeichnung der Verfasser der angefochten Erklärung entgegenhalten 	der Beschwerdeführer haben jedoch der Beklagter in Verfahren erster Instanz nicht der schmerzhaft falsch Bezeichnung der Verfasser der angefochten Erklärung in Frage stellen 
Einem Unternehmen, das in einem anderen Mitglied- oder Vertragsstaat die Erlaubnis zum Geschäftsbetrieb erhalten oder beantragt hat, kann auf Antrag widerruflich genehmigt werden, dass  es von der Verpflichtung befreit wird, im Inland eine Kaution zu stellen .	Kaution	Sicherheitsleistung	ein Unternehmen  der der Genehmigung zu Ausübung sein Tätigkeit in ein anderer Mitgliedstaat oder Vertragsnehmer beantragen oder erhalten haben  können auf Antrag von der Verpflichtung zu Leistung ein Sicherheit in Hoheitsgebiet sein Mitgliedstaats entbinden werden 	ein Unternehmen  der der Zulassung zu Ausübung sein Tätigkeit in ein anderer Mitgliedstaat oder Vertragsstaat erhalten oder beantragen haben  können auf Antrag von der Verpflichtung zu Leistung ein Sicherheit in Inland freistellen werden 	ein Unternehmen  der der Zulassung zu Ausübung sein Tätigkeit in ein anderer Mitgliedstaat oder Vertragsstaat erhalten oder beantragen haben  können auf Antrag von der Verpflichtung zu Leistung ein Sicherheit in Inland freistellen werden 
Einem abwesenden oder flüchtigen Beschuldigten, der sich gegen sicheres Geleit dem Gerichte stellen zu wollen bereit erklärt, kann dieses Geleit vom Bundesministerium für Justiz  erteilt werden .	abwesend	Verschollener	ein angeklagter  der nicht anwesend sein  oder ein Flüchtigen  der sich bereit erklären  sich vor der Gericht unter Begleitung zu melden  können dieser Vorrat von Bundesministerium für Justiz gewähren werden 	ein abwesend oder flüchtig angeklagter  der sich bereit erklären  sich unter Begleitung vor Gericht zu stellen  können dieser Begleiterhalt von Bundesjustizministerium gewähren werden 	ein abwesend oder flüchtig angeklagter  der sich bereit erklären  sich unter Begleitung vor Gericht zu stellen  können dieser Begleiterhalt von Bundesjustizministerium gewähren werden 
Einige Chemikalien sind karzinogen, sie können also Krebs erzeugen oder die Krebshäufigkeit erhöhen.	karzinog	krebserzeugend Arbeitsstoff	einiger Chemikalie sein krebserregend und können dadurch Krebs verursachen oder ihr Inzidenz erhöhen 	einiger Chemikalie sein krebserregend und können dadurch Krebs erzeugen oder der Krebshäufigkeit erhöhen 	einiger Chemikalie sein krebserregend und können dadurch Krebs erzeugen oder der Krebshäufigkeit erhöhen 
Einreden, die der Forderung des Abtretenden entgegenstanden, kann der Schuldner auch gegen den Erwerber geltend machen, wenn sie schon zu der Zeit vorhanden waren, als er von der Abtretung Kenntnis erhielt.	Zeit	Dauer,Zeitpunkt,Zeitraum	der Schuldner können der Erwerber auch der Ausnahme entgegenstellen  der der Forderung der Übernehmer entgegenstehen  wenn sie bereits zu der Zeitpunkt bestehen  zu der er von der Veräußerung Kenntnis haben 	der Schuldner können der Erwerber auch der Ausnahme entgegenstellen  der sich gegen der Forderung der Übertragenden richten  wenn dieser bereits zu der Zeitpunkt bestehen  als er von der Abtretung Kenntnis haben 	der Schuldner können der Erwerber auch der gegen der Forderung der Übertragenden gerichtet Ausnahme entgegenstellen  wenn dieser bereits zu der Zeitpunkt bestehen  zu der er von der Abtretung Kenntnis haben 
Einträge von Schadstoffen, für die keine Vorsorgewerte festgesetzt sind, sind  soweit technisch möglich und wirtschaftlich vertretbar zu begrenzen. Dies gilt insbesondere für die Stoffe, die nach der Gefahrstoffverordnung als krebserzeugend, erbgutverändernd oder fortpflanzungsgefährdend eingestuft sind.	erbgutverändernd	erbgutverändernd Stoff	der Einleitung von Schadstoff  für der kein Vorsorgewert festlegen werden  müssen soweit technisch möglich und wirtschaftlich tragfähig sein  insbesondere bei Stoff  der als krebserzeugend  erbgutverändernd oder fortpflanzungsgefährdend in Sinn der Verordnung über gefährlich Stoff einstufen sein 	der Eintrag von Schadstoff  für der kein Vorsorgewert festlegen werden  müssen soweit technisch möglich und wirtschaftlich vertretbar begrenzen werden  insbesondere bei Stoff  der gemäß der Verordnung über gefährlich Stoff als krebserzeugend  erbgutverändernd oder fortpflanzungsgefährdend einstufen werden 	der Eintrag von Schadstoff  für der kein Vorsorgewert festlegen werden  müssen soweit technisch möglich und wirtschaftlich vertretbar begrenzen werden  insbesondere bei Stoff  der gemäß der Verordnung über gefährlich Stoff als krebserzeugend  erbgutverändernd oder fortpflanzungsgefährdend einstufen werden 
Einzutragen sind  die Klagen auf Kürzung von Schenkungen und testamentarischen Verfügungen wegen Verletzung des Pflichtteils.	Verletzung	Angriff,Verstoß	der Maßnahme zu Verringerung der Spende und der Testamentsvorschrift für der Verletzung der rechtmäßig Anteil sein zu protokollieren 	der Maßnahme zu Reduzierung der Spende und der Testamentsbestimmung zu Verletzung der Anteil der rechtmäßig Person sein zu dokumentieren 	der Maßnahme zu Reduzierung der Spende und der Testamentsbestimmung zu Verletzung der Anteil der rechtmäßig Person müssen festhalten werden 
Eltern ohne elterliche Sorge sollen über besondere Ereignisse im Leben des Kindes benachrichtigt und vor Entscheidungen, die für die Entwicklung des Kindes wichtig sind, angehört werden.	Entscheidung	Endverfügung	Eltern ohne elterlich Verantwortung müssen über besonderer Ereignis in Leben ihr Kind informieren und vor wichtig Entscheidung für der Entwicklung ihr Kind hören werden 	Eltern ohne elterlich Verantwortung müssen über besonderer Ereignis in Leben ihr Kind informieren und vor wichtig Entscheidung für der Entwicklung ihr Kind hören werden 	Eltern ohne elterlich Verantwortung müssen über besonderer Ereignis in Leben ihr Kind informieren und vor Entscheidung  der für der Entwicklung ihr Kind wichtig sein  hören werden 
Eltern ohne elterliche Sorge sollen über besondere Ereignisse im Leben des Kindes benachrichtigt und vor Entscheidungen, die für die Entwicklung des Kindes wichtig sind, angehört werden.	Ereignis	Erfolg	Eltern ohne elterlich Verantwortung müssen über besonderer Ereignis in Leben ihr Kind informieren und vor wichtig Entscheidung für der Entwicklung ihr Kind hören werden 	Eltern ohne elterlich Verantwortung müssen über besonderer Ereignis in Leben ihr Kind informieren und vor Entscheidung  der für der Entwicklung ihr Kind wichtig sein  hören werden 	Eltern ohne elterlich Verantwortung müssen über besonderer Ereignis in Leben ihr Kind informieren und vor Entscheidung  der für der Entwicklung ihr Kind wichtig sein  hören werden 
Emissionen sind möglichst nahe am Ort ihrer Entstehung möglichst vollständig zu erfassen und so abzuleiten, dass keine übermässigen Immissionen entstehen.	Emission	Ausgabe,Emission	der Emission sein so nah wie möglich an Ort ihr Ursprungs zu erfassen und so zu leiten  dass sie nicht zu übermäßig Emission führen 	der Emission müssen so nah wie möglich an Ort ihr Ursprungs messen und so leiten werden  dass kein übermäßig Emission entstehen 	der Emission müssen so nah wie möglich an Ursprungsort messen und so leiten werden  dass kein übermäßig Emission entstehen 
Entlang internationaler Strecken, Autobahnen und erstrangiger Freilandstraßen und deren Zufahrten sowie in deren Sichtweite ist jede Art von Werbung verboten.	Werbung	Publizität,Öffentlichkeit	auf international Strecke  Autobahn und Hauptstraße außerhalb der Stadt und der Zugangsrampe sowie in ihr Sichtfeld sein jeder Form von Werbung verbieten 	auf international Strecke  Autobahn und Hauptstraße vor Ort und der Zugangsrampe sowie in Sichtbereich sein jeder Werbung verbieten 	auf international Strecke  Autobahn und Vorortstraße und der Zugangsrampe sowie in Sichtbereich sein jeder Werbung verbieten 
Entscheidend ist, dass dem Leasingnehmer die Sache nicht übereignet, sondern lediglich zum Gebrauch überlassen wird.	Leasingnehmer	Mieter	deutlich sein  dass der Mieter der Sache nicht in der Besitz übertragen werden  sondern nur in Gebrauch gewähren werden 	entscheidend sein  dass der Mieter nicht in Eigentum  sondern nur in Gebrauch bringen werden 	entscheidend sein  dass der Mieter nicht in Eigentum  sondern nur in Gebrauch bringen werden 
Entsteht durch Anschwemmung, Anschüttung, Bodenverschiebung, Veränderungen im Lauf oder Stand eines öffentlichen Gewässers oder in anderer Weise aus herrenlosem Boden der Ausbeutung fähiges Land, so gehört es dem Kanton, in dessen Gebiet es liegt.	Anschwemmung	Überschwemmung	wenn durch Hochwasser  Ansammlung  Bodenverlegung  Veränderung in Verlauf oder in der Höhe ein öffentlich Wasser oder auf anderer Weise aus unbewohnt Boden ein befischbar Boden entstehen  gehören er zu Kanton  in der Hoheitsgebiet er sich befinden 	bestehen durch Hochwasser ein ausbeutefähig Gelände  Bodenverlegung  Veränderung der Verlauf oder Niveau ein öffentlich Wasser oder auf anderer Weise aus ein unbewohnt Boden  so gehören es der Canton  in der Gebiet es liegen sein 	bestehen durch Hochwasser ein ausbeutefähig Boden  Bodenvermehrung  Veränderung der Verlauf oder Niveau ein öffentlich Wasser oder auf anderer Weise aus frei Boden  so gehören er zu der Kanton  in der Gebiet er liegen sein 
Erbringt der Schuldner freiwillig die Leistung, so hat er damit eine Verbindlichkeit erfüllt und kann nicht etwa das Geleistete mit der Begründung zurückverlangen, der Gläubiger habe keinen Anspruch gehabt.	Verbindlichkeit	Schuldverschreibung	Erfüllt der Schuldner freiwillig der Leistung  so haben er dadurch ein Verpflichtung erfüllen und können nicht verlangen  dass der  wer er mit der Begründung leisten haben  dass der Gläubiger kein Anspruch haben  zurückerstatten werden 	Erfuellt der Schuldner freiwillig der Leistung  so haben er damit ein Verpflichtung erfuelln und können nicht verlangen  daß der  wer er unter der Begründung leisten haben  daß der Gläubiger kein Anspruch haben  zurückzahlen werden 	Erfuellt der Schuldner freiwillig der Leistung  so haben er auf dieser Weise ein Verpflichtung erfuelln und können nicht verlangen  daß der  wer er mit der Begründung leisten haben  daß der Gläubiger kein Anspruch haben  zurückzahlen werden 
Erfolgt der Diskont durch Indossament eines Wechsels oder eines Bankschecks, so hat die Bank bei Nichteinlösung außer den aus dem Wertpapier erwachsenden Rechten auch Anspruch auf Rückgabe des vorgestreckten Betrags.	Diskont	Nachlass	Erfolgt der Rabatt über ein Wechsel oder ein Banküberweisung  so haben der Bank in Fall der Nichtzahlung zusätzlich zu der Recht aus der Lizenz auch Anspruch auf der Rückzahlung der Vorschussbetrag 	Erfolgt der Rabatt über Wechsel oder Scheck  so haben der Bank in Fall der Nichtzahlung zusätzlich zu der aus der Lizenz erwachsend Recht Anspruch auf der Rückzahlung der Vorschuss 	Erfolgt der Rabatt in Form ein Wechsel oder ein Scheck  so haben der Bank in Fall der Nichtzahlung zusätzlich zu der Recht aus der Lizenz Anspruch auf der Rückzahlung der Vorschuss 
Erfordert die Bestandsache Ausbesserungen, die nicht vom Bestandnehmer zu tragen sind, hat dieser den Bestandgeber davon zu benachrichtigen.	Ausbesserung	Wiedergutmachung	wenn der Mietsache Reparatur erfordern  der nicht zu Last der Betriebsinhaber gehen  muss dieser der Vermieter davon in Kenntnis setzen 	wenn der Mieter ein Reparatur verlangen  der nicht von Betriebsinhaber zu tragen sein  muss dieser der Verpächter davon in Kenntnis setzen 	wenn der Mietvertrag Reparatur erfordern  der nicht von Mieter tragen werden  muss der Mieter dieser der Mieter mitteilen 
Erfüllt der Schuldner die Verpflichtung nicht, eine Handlung vorzunehmen, deren Vornahme durch einen Dritten erfolgen kann, so ist der Gläubiger von dem Prozeßgericht des ersten Rechtszuges auf Antrag zu ermächtigen, auf Kosten des Schuldners die Handlung vornehmen zu lassen.	Handlung	Aktie,Klage,Tun	Erfüllt der Schuldner sein Verpflichtung zu Durchführung ein Klage  der von ein Dritter durchführen werden können  so muss der Gläubiger auf Antrag von der für der Verfahren zuständig erstinstanzlich Gericht ermächtigen werden  der Klage auf Kosten der Schuldner zu erheben 	Erfuellt der Schuldner nicht der Verpflichtung  ein Klage zu erheben  der von ein Dritter erledigen werden können  so müssen der Gläubiger auf Antrag von der Gericht erster Instanz  der für der Verfahren zuständig sein  ermächtigen werden  der Klage auf Kosten der Schuldner zu erheben 	Erfuellt der Schuldner nicht der Verpflichtung  ein Klage zu erheben  der von ein Dritter erledigen werden können  so müssen der Gläubiger auf Antrag von der Gericht erster Instanz  der für der Verfahren zuständig sein  ermächtigen werden  der Klage auf Kosten der Schuldner zu erheben 
Erfüllt die verpflichtete Person die Unterhaltspflicht nicht, so hilft eine vom kantonalen Recht bezeichnete Fachstelle der berechtigten Person auf Gesuch hin bei der Vollstreckung des Unterhaltsanspruchs in geeigneter Weise und in der Regel unentgeltlich.	Gesuch	Anspruch	Kommt der verpflichtet Person ihr Unterhaltspflicht nicht nach  so unterstützen ein von Kantonsrecht benannt spezialisiert Dienststelle der Person  der auf Antrag der Recht auf Unterhalt in angemessen und in der Regel unentgeltlich Weise ausüben können 	Erfuellt der verpflichtet Person ihr Unterhaltspflicht nicht  so unterstützen ein von Kantonal Recht bezeichnet spezialisiert Stelle der Person  der auf Antrag Anspruch auf Unterhalt haben  in angemessen Weise und in der Regel unentgeltlich 	Erfuellt der verpflichtet Person ihr Unterhaltspflicht nicht  so unterstützen ein von Kantonal Recht bezeichnet spezialisiert Dienststelle der Person  der auf Antrag Anspruch auf Unterhalt haben  in angemessen Weise und in der Regel unentgeltlich 
Erklärungen, die die Durchführung des durch Vermittlung des Agenten geschlossenen Vertrages betreffen, sowie Beanstandungen über die nicht gehörige Vertragserfüllung werden in gültiger Weise dem Agenten gegenüber vorgebracht.	Agent	Arbeitsstoff,Forstwart,Täter	der Erklärung über der Ausführung der Vertrag  der über der Bediensteter schließen werden  sowie der Beschwerde über der Vertragsverletzung sein der Bediensteter gültig zu übermitteln 	der Erklärung über der Ausführung der Vertrag  der über der Bediensteter schließen werden  sowie der Beschwerde über der Vertragsverletzung sein der Bediensteter zu Verfügung zu stellen 	der Erklärung über der Ausführung der Vertrag  der über der Bediensteter schließen werden  sowie der Beschwerde über der Vertragsverletzung sein der Bediensteter zu Verfügung zu stellen 
Ermittlungen, Anordnungen und andere Verfahrenshandlungen im Verfahren wegen Straftaten  können nach Maßgabe des Staatsanwaltschaftsgesetzes Bezirksanwälten übertragen werden, die unter Aufsicht und Leitung von Staatsanwälten stehen.	Verfahrenshandlung	Aktenstück,Aktenteil	der Ermittlung  Bestimmung und sonstig Verfahrenshandlung in Rahmen der Strafverfahren können nach der Amtsrecht der Staatsanwalt der Bezirksanwält übertragen werden  der der Aufsicht und Leitung der Staatsanwaltschaft unterliegen 	Ermittlung  Anordnung und sonstig Verfahrensakt in Strafverfahren können nach der Amt der Staatsanwalt der Bezirksankläger übertragen werden  der der Aufsicht und Leitung der Staatsanwaltschaft unterstehen 	Untersuchung  Bestimmung und sonstig Verfahrensakt in Strafverfahren können nach der Amt der Staatsanwalt der Bezirksankläger übertragen werden  der der Aufsicht und Leitung der Staatsanwaltschaft unterstehen 
Ermächtigung und/oder Vollmacht bewirken keine Verpflichtung des Geschäftsbesorgers bzw. Bevollmächtigten und sind beide einseitige, empfangsbedürftige, nicht aber auch annahmebedürftige Rechtsgeschäfte.	Ermächtigung	Fahrschulbewilligung,behördlich Erlaubnis	der Genehmigung und  oder der Staatsanwaltschaft sein weder für der Geschäftsleiter noch für der Staatsanwalt bindend  und beide Rechtsgeschäft sein einseitig  receptiti  aber auch nicht akzeptierbar 	der Genehmigung und  oder Vollmacht sein für der Geschäftsleiter oder der Staatsanwalt nicht bindend  und beide Rechtsgeschäft sein einseitig  receptiös  aber nicht auch genehmigungspflichtig 	der Genehmigung und  oder der Vollmacht sein für der Geschäftsleiter oder der Staatsanwaltschaft nicht bindend  und beide Rechtsgeschäft sein einseitig  rücksichtslos  aber nicht genehmigungspflichtig 
Erscheint der Garant und erklärt sich bereit, den Rechtsstreit an Stelle des Garantienehmers zu übernehmen, kann dieser  seine Entlassung verlangen.	Garant	Sicherheitsleistende	Erscheint der Bürge und erklären sich bereit  anstelle der Garantie der Rechtsstreit zu übernehmen  so können er beantragen  ausschließen zu werden 	sein der Bürge bereit  anstelle der Sicherungsgeber der Streitigkeit zu übernehmen  so können der Sicherungsgeber der Entfernung beantragen 	Tritt der Bürge auf und erklären sich bereit  anstelle der Sicherungsgeber der Streitigkeit zu übernehmen  so können der Sicherungsgeber beantragen  daß er ausschließen werden 
Erst mit der Bekanntgabe wird das Verwaltungsverfahren abgeschlossen und erlangt der Verwaltungsakt rechtliche Existenz.	Bekanntgabe	Kommunikation,Mitteilung	nur mit der Mitteilung werden der Verwaltungsverfahren abschließen  und der Verwaltungsakt werden rechtsexistent 	erst mit der Mitteilung werden der Verwaltungsverfahren abschließen  und der Verwaltungsakt werden rechtskräftig 	erst mit der Mitteilung werden der Verwaltungsverfahren abschließen  und der Verwaltungsakt werden rechtskräftig 
Erst nach Absonderung (Separation) entsteht die Frage nach dem besonderen Eigentum an der Frucht.	Absonderung	Trennung	erst nach der Trennung  Separation  entstehen der Frage der besonderer Eigenschaft der Frucht 	erst nach der Trennung  Separation  stellen sich der Frage der besonderer Eigenschaft der Frucht 	erst nach der Trennung  Separation  stellen sich der Frage der besonderer Eigenschaft der Frucht 
Erstausgabe, auch Begebung oder Erstplazierung genannt, von Effekten und effektenähnlichen Finanzinstrumenten, bzw. die Finanzinstrumente selber, sofern sie zu einer Begebung gehören.	Begebung	Emission,Schadstoffemission	Erstausgabe von Wertpapier und Finanzinstrument  der Wertpapier gleichstellen sein  oder von Finanzinstrument  der ein Emission angehören  auch als Erstausgabe oder Erstplatzierung bezeichnen 	Erstemission von Wertpapier und Finanzinstrument  der Wertpapier gleichstellen sein  oder von Finanzinstrument  der Teil ein Emission sein  auch als Erstemission oder Erstplatzierung bezeichnen werden 	Erstemission von Wertpapier und Finanzinstrument  der der Wertpapier gleichstellen sein  oder von Finanzinstrument  der Teil ein Emission sein  auch als Erstemission oder Erstplatzierung bezeichnen 
Erster Titel: Die Entstehung der Obligationen - Erster Abschnitt: Die Entstehung durch den Vertrag	Abschnitt	Rädelsführer	Titel 1  der Ausbildung der Schuldverschreibung  Kapitel 1  der Ausbildung durch Vertrag	Titel 1  Ausbildung von Schuldverschreibung  Erster Teil  Ausbildung durch Vertrag	Titel 1  Ausbildung von Schuldverschreibung  Erster Teil  Ausbildung durch Vertrag
Es dürfen nur Leitern verwendet werden, die insbesondere bezüglich Belastbarkeit und Standfestigkeit für die beabsichtigten Arbeiten geeignet sind.	Leiter	Treppe,Treppenhaus	es dürfen nur Treppe verwendeen werden  der für der vorgesehen Arbeit eignen sein  insbesondere hinsichtlich der Tragfähigkeit und Stabilität 	es dürfen nur geeignet Leiter für der vorgesehen Arbeit verwenden werden  insbesondere hinsichtlich der Ladekapazität und der Stabilität 	es dürfen nur Leiter verwenden werden  der für der vorgesehen Arbeit eignen sein  insbesondere hinsichtlich der Ladekapazität und der Stabilität 
Es genügen berechtigte Zweifel an der Arbeitsfähigkeit für die vertraglich geschuldete Arbeitsleistung auf dem gegenwärtigen Arbeitsplatz.	Arbeitsfähigkeit	Erwerbsfähigkeit	es bestehen genügend Zweifel an der Arbeitsfähigkeit der vertraglich Arbeitsleistung an der derzeitig Arbeitsstelle 	es geben genügend begründet Zweifel an der Arbeitsfähigkeit der vertraglich Arbeit  der an der gegenwärtig Arbeitsplatz zu leisten sein 	es bestehen genügend begründet Zweifel an der Arbeitsfähigkeit der vertraglich Arbeitsleistung  der an der heutig Arbeitsplatz zu leisten sein 
Es ist der Auftrag der Denkmalpflege, sich um unser bauliches Erbe zu kümmern und die besonderen Werte und Qualitäten von Baudenkmälern zu vermitteln.	Denkmalpflege	Konservierung	es sein der Aufgabe der Erhaltung der Kulturgut  sich um unser Baugut zu kümmern und der besonderer Wert und Qualität der architektonisch Denkmäler zu vermitteln 	es sein Aufgabe der Erhaltung der Kulturgut  sich um unser Bauvermögen zu kümmern und der besonderer Wert und Eigenschaft der architektonisch Denkmäler zu vermitteln 	es sein Aufgabe der Erhaltung der Kulturgut  sich um unser Bauvermögen zu kümmern und der besonderer Wert und Qualität der architektonisch Denkmäler zu vermitteln 
Es kommt vielmehr darauf an, ob das Gesetz die Gültigkeit des in Rede stehenden Rechtsgeschäfts nur für den Fall anerkennen will, daß dieses die gesetzlich vorgeschriebene Form einhält .	gesetzlich vorgeschrieben Form	Formzwang	es gehen vielmehr darum feststellen  ob der Gesetz der Gültigkeit der betreffend Rechtsgeschäft nur unter der Voraussetzung anerkennen wollen  dass es der Form der Verpflichtung erfüllen 	vielmehr gehen es darum  ob der Gesetz der Rechtsgültigkeit der betreffend Rechtsgeschäft nur unter der Voraussetzung anerkennen wollen  dass es der verbindlich Form erfüllen 	vielmehr gehen es um der Frage  ob der Gesetz der Rechtsgültigkeit der betreffend Rechtsgeschäft nur unter der Voraussetzung anerkennen wollen  dass es der verbindlich Form entsprechen 
Es müsse verhindert werden, dass der Schadstoff durch die Kamine von Kehrichtverbrennungsanlagen austrete und über die Luft auf Böden und in Gewässer und damit in die Nahrungskette gelange.	Nahrungskette	Lebensmittelkette	es sollen verhindern werden  dass der Schadstoff aus der Schornstein der Abfallverbrennungsanlage austreten und durch der Luft in Böd und Gewässer und damit in der Nahrungskette gelangen 	es müssen verhindern werden  daß der Schadstoff aus der Schornstein der Müllverbrennungsanlage austreten und durch der Luft in der Böden und Gewässer und damit in der Nahrungskette gelangen 	es muss verhindern werden  dass der Schadstoff aus der Schornstein der Müllverbrennungsanlage austreten und über der Luft in der Böden und Gewässer und damit in der Nahrungskette gelangen 
Es müssen geeignete Stützgerüste und Vorsichtsmaßnahmen bei Untermauerungen angewandt werden und falls sich in der Nähe der Aushubarbeiten Fabriken oder Bauwerke befinden, bei denen die Fundament durch die Aushubarbeiten freigelegt oder geschwächt werden können.	Aushubarbeit	Baugrube	bei Untergrund und in der Nähe von Ausgrabung müssen geeignet Stützpfad und Vorsichtsmaßnahme verwenden werden  wenn Fabrik oder Bauwerk  der Fundament durch Ausgrabung enthüllen oder schwächen werden können  in der Nähe der Ausgrabung liegen 	bei Untergründung und in der Nähe von Grabenanlage müssen geeignet Stützpfeiler und Vorsichtsmaßnahme einsetzen werden  wenn sich in der Nähe von Grabenwerkstatt oder Bauwerk befinden  der Stiftung durch Ausgrabung entlarven oder schwächen werden können 	in Fall von Untergründung und in der Nähe von Ausgrabung müssen geeignet Unterstützung und Vorsichtsmaßnahme anwenden werden  wenn es sich um Fabrik oder Bauwerk handeln  der Stiftung durch Ausgrabung entlarven oder schwächen werden können 
Es verbleibt  die Notwendigkeit des Umsteigens oder Umladens an der Grundstücksgrenze unter Inanspruchnahme des Zugangsrechts über das Grundstück der Beklagten.	Zugangsrecht	Zufahrt,Zugang,Zugangsöffnung,Zutritt	der Notwendigkeit der Umladung oder Wiederverladung an der Eigentumsgrenze bleiben bestehen  wobei der Zugang über der Eigentum der Beklagter zu nutzen sein 	es bestehen weiterhin Bedarf an Umladung oder Wiederverladung an der Landesgrenze  wobei der Zugang über der Eigentum der Beklagter gewähren werden 	es bestehen weiterhin Bedarf an Umladung oder Wiederverladung an der Landesgrenze  wobei der Zugang über der Eigentum der Beklagter gewähren werden 
Es werden nur Ausgabenposten anerkannt, die in direktem Zusammenhang mit der Durchführung der Landesmeisterschaft des Handwerks und der Gastronomie stehen. Folgende Ausgabenposten sind zulässig:  - Preise für Schülerwettbewerbe, die im Rahmen der Veranstaltung stattfinden .	Preis	Prämie,Versicherungsprämie	nur Ausgabenposten  der unmittelbar mit der Durchführung der regional Meisterschaft für Handwerk und Gastronomie zusammenhängen  werden anerkennen  Folgende Ausgabenposten sein förderfähig   Auszeichnung für Studentenwettbewerb  der in Rahmen der Veranstaltung stattfinden 	es werden nur der Ausgabenposten anerkennen  der unmittelbar mit der Durchführung der regional Meisterschaft der Handwerk und der Gastronomie zusammenhängen 	nur der Ausgabenposten  der in unmittelbar Zusammenhang mit der Durchführung der regional Meisterschaft der Handwerk und der Gastronomie stehen  werden anerkennen 
Es wird  empfohlen jedem Lichtpunkt eine eindeutige Identifizierungsnummer zuzuweisen und jeden Lichtpunkt mit dieser Nummer zu versehen.	Identifizierungsnummer	Benutzerkennung	es werden empfehlen  jeder Lichtpunkt ein eindeutig Identifizierungscode zu geben und jeder Lichtpunkt mit dieser Zahl zu kennzeichnen 	es werden empfehlen  jeder Lichtpunkt ein eindeutig Kenncode zu geben und jeder Lichtpunkt mit dieser Zahl zu kennzeichnen 	es werden empfehlen  jeder Lichtpunkt ein eindeutig Kenncode zu geben und jeder Lichtpunkt mit dieser Zahl zu kennzeichnen 
Fallen Versicherungsnehmer und Anspruchsinhaber auseinander, so spricht man von von einer Versicherung für fremde Rechnung	Versicherungsnehmer	Partei,Teilnehmer,Vertragspartei	sein der Versicherungsnehmer und der Anspruchsberechtigte unterschiedlich Person  so handeln es sich um ein Versicherung für Rechnung anderer 	sein der Versicherungsnehmer und der Anspruchsberechtigte unterschiedlich Person  so sein von ein Versicherung für Rechnung Dritte der Rede 	wenn der Versicherungsnehmer und der Anspruchsberechtigte unterschiedlich Person sein  werden von ein Versicherung für Rechnung Dritte sprechen 
Falls sich aus den ärztlichen Untersuchungen an Arbeitnehmern, die in vergleichbarem Maß einen gleichen Arbeitsstoff ausgesetzt sind, eine Anomalie gibt, welche auf diese Exposition zurückgeführt werden kann, so verständigt der Betriebsarzt den Arbeitgeber.	Arbeitsstoff	Agent,Forstwart,Täter	Ergibt der ärztlich Untersuchung von Arbeitnehmer  der in ein mit derselbe Agent vergleichbar Umfang exponieren sein  ein auf dieser Exposition zurückzuführend Anomalie  so unterrichten der Arbeitsmediziner der Arbeitgeber 	Ergibt der ärztlich Untersuchung von Arbeitnehmer  der in ein mit derselbe Arbeitsstoff vergleichbar Maß exponieren sein  ein Anomalie  der auf dieser Exposition zurückführen sein  so unterrichten der Arbeitsmediziner der Arbeitgeber 	Ergibt der ärztlich Untersuchung von Arbeitnehmer  der in ein mit derselbe Arbeitsstoff vergleichbar Maß exponieren sein  ein Anomalie  der auf dieser Exposition zurückführen sein  so unterrichten der Arbeitsmediziner der Arbeitgeber 
Fehlen die Grenzzeichen zwischen aneinander grenzenden Grundstücken oder sind sie unkenntlich geworden, hat jeder der Egientümer das Recht zu verlangen, daß sie auf gemeinsame Kosten angebracht oder wieder eingesetzt werden .	Grenzzeichen	Befristung,Frist,Termin,Verfahrensfrist	Fehlt es an Frist zwischen benachbart Fonds oder sein sie nicht mehr erkennbar  so haben jeder Eigentümer der Recht zu verlangen  dass dieser auf gemeinsam Kosten anlegen oder wiederherstellen werden 	sein der Frist zwischen benachbart Fonds nicht einhalten oder sein sie nicht mehr erkennbar  so haben jeder Eigentümer der Recht zu verlangen  dass dieser auf gemeinsam Kosten verwenden oder wieder einsetzen werden 	Verfehlen der Frist zwischen benachbart Fonds oder sein sie nicht mehr erkennbar  so haben jeder Eigentümer der Recht zu verlangen  dass dieser auf gemeinsam Kosten verwenden oder wieder einsetzen werden 
Fehlt dem Verein eines der vorgeschriebenen Organe oder das Mitgliederverzeichnis  oder verfügt er über kein Rechtsdomizil an seinem Sitz mehr, so kann ein Mitglied oder ein Gläubiger dem Gericht beantragen, die erforderlichen Massnahmen zu ergreifen.	Massnahme	Verfügung,Verwaltungsverfügung	Verfehlt der Vereinigung einer der vorgeschrieben Organ oder der Liste der Gesellschafter oder haben sie nicht mehr über ein gesetzlich Wohnsitz an ihr Sitz  so können ein Gesellschafter oder Gläubiger der Gericht ersuchen  der erforderlich Maßnahme zu treffen 	Fehlt der Verband an einer der vorgeschrieben Stelle oder an der Liste der Gesellschafter oder verfügen er nicht mehr über ein gesetzlich Wohnsitz an sein Sitz  so können ein Gesellschafter oder Gläubiger der Gericht ersuchen  der erforderlich Maßnahme zu treffen 	Fehlt es der Vereinigung an einer der vorgeschrieben Stelle oder an der Liste der Gesellschafter oder verfügen sie nicht mehr über ein gesetzlich Wohnsitz an ihr Sitz  so können ein Gesellschafter oder Gläubiger der Gericht ersuchen  der erforderlich Maßnahme zu treffen 
Fehlt einem Vermögen die nötige Verwaltung, so hat die Vormundschaftsbehörde das Erforderliche anzuordnen und namentlich in folgenden Fällen einen Beistand zu ernennen:  bei Ungewissheit der Erbfolge und zur Wahrung der Interessen des Kindes vor der Geburt.	Erbfolge	Rechtsnachfolge	sein ein Vermögen nicht mit der erforderlich Verwaltung ausstatten  so haben der Aufsichtsbehörde in folgend Fall alle zu ordnen und insbesondere ein Verwalter zu bestellen  in Fall ein unsicher Erbschaft und zu Wahrung der Interesse der Kind vor der Geburt 	sein ein Vermögen nicht mit der erforderlich Verwaltung ausstatten  so ordnen der Sorgebehörde in folgend Fall an  wer erforderlich sein  und benennen insbesondere ein Verwalter  in Fall ein ungewiss Erbschaft und zu Wahrung der Interesse der Kind vor der Geburt 	sein ein Vermögen nicht mit der erforderlich Verwaltung ausstatten  so ordnen der Sorgebehörde in folgend Fall an  wer erforderlich sein  und benennen insbesondere ein Verwalter  in Fall ein ungewiss Erbschaft und zu Wahrung der Interesse der Kind vor der Geburt 
Findet das Revisionsgericht das Urtheil oder Verfahren wegen einer schon in erster Instanz unterlaufenen, von amtswegen wahrzunehmenden Nichtigkeit aufzuheben, so hat die Zurückweisung der Sache an die erste Instanz zu erfolgen (§. 478 Absatz 2 und 3).	Sache	Rechtsgrund,Rechtsstreit	stellen der Kassationshof fest  dass der Urteil oder der Verfahren wegen ein bereits in erster Instanz eingetreten und von Amts wegen nachweisbar Nichtigkeit für nichtig zu erklären sein  so sein der Rechtssache an der Gericht erster Instanz zurückzuverweisen  § 478 Abs. 2 und 3  	stellen der Kassationshof fest  daß der Urteil oder der Verfahren wegen ein bereits in erster Instanz eingetreten und von Amts wegen feststellbar Nichtigkeit für nichtig zu erklären sein  so sein der Sache an der Gericht erster Instanz zurückzuverweisen  Ziffer 478 Absätze 2 und 3  	stellen der Kassationshof fest  daß der Urteil oder der Verfahren wegen ein bereits in erster Instanz eingetreten und von Amts wegen feststellbar Nichtigkeit für nichtig zu erklären sein  so sein der Sache an der Gericht erster Instanz zurückzuverweisen  Ziffer 478 Absätze 2 und 3  
Flure und Treppen sind an beiden Seiten mit festen Handläufen zu versehen.	Treppe	Leiter,Treppenhaus,Treppenraum	der Korridor und Treppe müssen auf beide Seite mit fest Handlauf ausstatten sein 	der Korridor und Treppe müssen auf beide Seite mit fest angebracht Handlauf ausstatten sein 	der Korridor und Treppe müssen auf beide Seite mit fest angebracht Handlauf ausstatten sein 
Folgende Begehren sind innerhalb der Einsprachefrist von 30 Tagen geltend zu machen: a. Einsprachen gegen die Enteignung;  e. die geforderte Enteignungsentschädigung.	Enteignungsentschädigung	Entschädigung	der folgend Antrag sein innerhalb der Frist von 30 Tag einreichen  a. Einspruch gegen der Enteignung und der beantragt Entschädigung 	Folgende Antrag sein innerhalb der Frist von 30 Tag einreichen  a. Einspruch gegen der Enteignung und der gefordert Entschädigung 	Folgende Antrag sein innerhalb der Einspruchsfrist von 30 Tag einreichen  a. Einspruch gegen der Enteignung und beantragen Entschädigung 
Form und Farbe der Zeichen sind - in Abhängigkeit vom jeweiligen Zweck (Verbotszeichen, Warnzeichen, Gebotszeichen, Erste-Hilfe- oder Rettungszeichen und Hinweiszeichen auf Material oder Ausrüstungen zur Brandbekämpfung) gesetzlich definiert.	Gebotszeiche	Vorschriftszeiche	der Form und Farbe der Signal richten sich nach der spezifisch Zweck  Verbotszeich  Warnzeichen  Verschreibungssignal  Rettungs oder Erste-Hilfe-Signal und Kennzeichnungssignal auf Brandschutzmaterial oder -ausrüstung             s s s s s s s s s s s s s s s s s s s s s s s s s s s s s s s s s s s s s s s s s s s s s s s s s s s s s s s s s s s s s s s s s s s s s s s s s s s s s s s s s s s s s s  s s s s s s s s s s s s	Form und Farbe der Signal sein   je nach Zweck  Verbotszeiche  Warnsignal  Verjährungssignal  Rettungs oder Erste-Hilfe-Signal und Kennzeichnungszeich auf Brandschutzmaterial oder -ausrüstung    gesetzlich definieren 	Form und Farbe der Signal sein   je nach Zweck  Verbotszeiche  Warnsignal  Verjährungssignal  Rettungs oder Erste-Hilfe-Signal und Kennzeichnungszeich auf Brandschutzmaterial oder -ausrüstung    gesetzlich definieren 
Freiheitsstrafen werden auf Lebensdauer oder auf bestimmte Zeit verhängt. Die zeitliche Freiheitsstrafe beträgt mindestens einen Tag und höchstens zwanzig Jahre.	Freiheitsstrafe	Anhalten,Anhaltung,Festnahme,Verhaftung	der Verhaftung werden auf Lebenszeit oder auf bestimmt Zeit durchführen  der vorübergehend Festnahme betragen mindestens ein Tag und nicht lang als zwanzig Jahr 	der Festnahme erfolgen auf Lebenszeit oder auf Zeit  der vorläufig Festnahme betragen mindestens ein Tag und nicht mehr als 20 Jahr 	der Festnahme erfolgen auf Lebenszeit oder auf Zeit  der vorläufig Festnahme betragen mindestens ein Tag und nicht mehr als 20 Jahr 
Fremde, die der Meldepflicht unterliegen und im Bundesgebiet einer Erwerbstätigkeit nachgehen, deren Ausübung an eine behördliche Erlaubnis gebunden ist, sind ungeachtet einer  bestehenden Meldepflicht auch bei der Meldebehörde an- und abzumelden.	behördlich Erlaubnis	Ermächtigung,Fahrschulbewilligung,Genehmigung	Ausländer  der der Registrierungspflicht unterliegen und ein Erwerbstätigkeit in Bundesgebiet ausüben  der Tätigkeit an ein Genehmigung binden sein  müssen unabhängig von ein bestehend Registrierungspflicht bei der Registrierungsbehörde registrieren und registrieren werden 	Ausländer  der der Registrierungspflicht unterliegen und ein Erwerbstätigkeit in Bundesgebiet ausüben  der Geschäftstätigkeit an ein Genehmigung binden sein  müssen unabhängig von ein bestehend Registrierungspflicht bei der Registrierungsbehörde registrieren und bei der Registrierungsstelle anmelden werden 	Drittausland  der der Registrierungspflicht unterliegen und in Bundesgebiet ein Erwerbstätigkeit ausüben  der Geschäftstätigkeit an ein Genehmigung binden sein  müssen unabhängig von ein bestehend Registrierungspflicht bei der Registrierungsbehörde registrieren und deregistrieren werden 
Friaul - Julisch Venetien, Sardinien, Sizilien, Trentino - Alto Adige/Südtirol und Aostatal/Vallèe d‘Aoste verfügen über besondere Formen und Arten der Autonomie gemäß Sonderstatuten, die mit Verfassungsgesetz genehmigt werden.	Autonomie	normativ Selbstverwaltung	der Friaul-Julisch Venetien  Sardinien  Sizilien  der Trentino-Alto Adige  Südtirol und der Aosta  Vallée d'Aoste-Tal verfügen über besonderer Form und Bedingung der Autonomie nach besonderer Statut  der durch Verfassungsrecht genehmigen werden 	der Friaul-Julisch Venetien  Sardinien  Sizilien  der Trentino-Alto Adige  Südtirol und der Aosta  Vallée d'Aoste-Tal verfügen über besonderer Form und Bedingung der Autonomie nach Sonderstatut  der mit der Verfassungsrecht genehmigen werden 	der Friaul-Julisch Venetien  Sardinien  Sizilien  der Trentino-Alto Adige  Südtirol und der Aosta  Vallée d'Aoste-Tal verfügen über besonderer Form und Bedingung der Autonomie nach Sonderstatut  der mit der Verfassungsrecht genehmigen werden 
Frösche und Kröten sind wichtige Glieder in der natürlichen Nahrungskette von Gewässerökosystemen.	Nahrungskette	Lebensmittelkette	Frösche und Kröte sein wichtig Glied in der natürlich Nahrungskette der aquatisch Ökosystem 	Frösche und Kröte sein wichtig Glied in der natürlich Nahrungskette der aquatisch Ökosystem 	Frösche und Kröte sein wichtig Glied in der natürlich Nahrungskette der aquatisch Ökosystem 
Fund und Schatzfund wurden durch die SPG-Novelle 2002  neu geregelt.	Fund	Erfindung	der Erfindung und Entdeckung von Schatz werden durch der neu APS-Agenda von 2002 neu definieren 	Erfindung und Entdeckung von Schatz werden durch der neu APS 2002 neu definieren 	Erfindung und Entdeckung von Schatz werden durch der neu APS 2002 neu definieren 
Für DV und DL sind die grössten in der SN EN 50110-1 (ESTI-Weisung Nr. 407) spezifizierten Distanzen zu wählen.	DL	Bauleiter	für DV und DL sein der groß in EN 50110 - 1  ESTI-Richtlinie Nr. 407  angegeben Entfernung zu wählen 	für DV und DL sein der in der EN 50110 - 1  ESTI-Richtlinie Nr. 407  angegeben groß Entfernung zu wählen 	für DV und DL sein der in EN 50110 - 1  ESTI-Richtlinie Nr. 407  angegeben groß Entfernung zu wählen 
Für Erfindungen, die neu sind , sich für den Fachmann nicht in naheliegender Weise aus dem Stand der Technik ergeben und gewerblich anwendbar sind, werden auf Antrag Patente erteilt.	Erfindung	Fund	auf Antrag werden Patent für Erfindung erteilen  der neu sein  ein erfinderisch Tätigkeit mit sich bringen und für ein industriell Anwendung eignen sein 	auf Antrag werden Patent für Erfindung erteilen  der neu sein  ein erfinderisch Tätigkeit beinhalten und ein industriell Anwendung ermöglichen 	auf Antrag werden Patent für Erfindung erteilen  der neu sein  ein erfinderisch Tätigkeit beinhalten und für ein industriell Anwendung eignen sein 
Für Reisende, die nicht in einem Endemiegebiet leben, aber ein Endemie- oder Ausbruchsgebiet bereisen, kann nicht mit ausreichendem Impfschutz, mehr als 10 Jahre nach Gelbfiebererstimpfung gerechnet werden.	Ausbruchsgebiet	Ausbruch	für Reisende  der sich nicht in ein endemisch Gebiet aufhalten  sich aber in ein endemisch Gebiet oder ein Ausbruch begeben  können kein ausreichend Impfschutz mehr als 10 Jahr nach der erster Impfung gegen Gelbfieber gewähren werden 	für Reisende  der nicht in ein endemisch Gebiet wohnen  aber in ein endemisch Gebiet oder ein Herd reisen  können kein ausreichend Impfschutz mehr als 10 Jahr nach der erster Impfung gegen Gelbfieber gewähren werden 	für Reisende  der sich nicht in ein endemisch Gebiet aufhalten  sondern in ein endemisch Gebiet oder ein Herd reisen  können kein ausreichend Impfschutz mehr als 10 Jahr nach der erster Impfung gegen Gelbfieber gewähren werden 
Für Tiere, die der natürlichen Nahrungskette unterliegen, ist ein Sichtschutz erforderlich.	Nahrungskette	Lebensmittelkette	für Tier  der der natürlich Nahrungskette unterliegen  sein ein Sichtabschirmung erforderlich 	bei Tier  der der natürlich Nahrungskette unterliegen  sein ein visuell Abschirmung erforderlich 	bei Tier  der der natürlich Nahrungskette unterliegen  sein ein visuell Abschirmung erforderlich 
Für Verbindlichkeiten, die durch die den Verein vertretenden Personen eingegangen worden sind, können sich Dritte wegen ihrer Ansprüche an das gemeinschaftliche Vermögen halten.	Verbindlichkeit	Schuldverschreibung	bei Schuldverschreibung  der von der Person  der der Verein vertreten  eingehen werden  können dritter für ihr Forderung auf der gemeinsam Vermögen zurückgreifen 	bei Schuldverschreibung  der von der Person  der der Vereinigung vertreten  übernehmen werden  können dritter für ihr Forderung auf der gemeinsam Vermögen zurückgreifen 	bei Schuldverschreibung  der von der Person  der der Vereinigung vertreten  übernehmen werden  können dritter der gemeinsam Vermögen für ihr Forderung in Anspruch nehmen 
Für alle Hauptverhandlungen gilt die Öffentlichkeitsmaxime, auch für die Hauptverhandlung vor dem Revisionsgericht  nicht auch für andere gerichtliche Verhandlungen .	Öffentlichkeitsmaxime	Öffentlichkeitsprinzip	für aller Verhandlungsverfahren gelten der Grundsatz der Werbung  auch für der Verhandlung vor der Kassationshof  nicht aber für anderer Gerichtsverfahren 	für aller Aussprache gelten der Öffentlichkeitsprinzip  auch für der Aussprache vor der Kassationshof  nicht aber für anderer Gerichtsverhandlung 	für aller Aussprache gelten der Öffentlichkeitsprinzip  auch für der Aussprache vor der Kassationshof  nicht aber für anderer Gerichtsverhandlung 
Für auswärtige Fahrzeuge, die schon mit neuen Fahrzeugpapieren ausgestattet sind, können nur noch Dienstleistungen erbracht werden, wenn die Zulassungsbescheinigung komplett (al­so Teil I und Teil II) vorgelegt wird. Ersatzbescheinigungen können nur die kennzeichenführenden Zulassungsbehörden ausstellen.	Zulassungsbescheinigung	Sparbuch	bei extern Fahrzeug  der bereits mit neu Verkehrsdokument versehen sein  dürfen der Dienstleistung nur erbringen werden  wenn der Dokument vollständig vorlegen werden  der heißen Teil I und Teil II   Ersatzbescheinigung dürfen nur von der Zulassungsbehörde ausstellen werden  der für der Kennzeichen zuständig sein 	für extern Fahrzeug  der bereits mit neu Zulassungsbescheinigung versehen sein  können der Dienstleistung nur erbringen werden  wenn der Ausweis vollständig vorliegen  der heißen Teil I und Teil II   Ersatzbescheinigung können nur von der für der Kennzeichen zuständig Zulassungsbehörde ausstellen werden 	für extern Fahrzeug  der bereits mit neu Zulassungsbescheinigung versehen sein  können der Dienstleistung nur erbringen werden  wenn der Ausweis vollständig vorliegen  der heißen Teil I und Teil II   Ersatzbescheinigung können nur von der für der Kennzeichen zuständig Zulassungsbehörde ausstellen werden 
Für das Leasing ist typisch, dass der Leasinggeber den Leasinggegenstand vom Verkäufer erwirbt und ihn sodann im Rahmen des Leasingvertrages dem Leasingnehmer überlässt.	Leasinggeber	Hersteller	es sein typisch für der Leasing  dass der Konzessionär der Gegenstand der Leasing von Verkäufer erwerben und anschließend der Leasingnehmer in Rahmen der Leasingvertrag zu Verfügung stellen 	es sein typisch für der Leasing  dass der Konzessionsgeber der Gegenstand der Leasing von Verkäufer erwerben und der Leasinggeber in Rahmen der Leasingvertrag anschließend in Gebrauch geben 	es sein typisch für der Leasing  dass der Konzessionsgeber der Gegenstand der Leasing von Verkäufer erwerben und der Mieter anschließend in Rahmen der Leasingvertrag nutzen 
Für die Abberufung eines Ersatzmitglieds gelten die Vorschriften über die Abberufung des Aufsichtsratsmitglieds, für das es bestellt ist.	Abberufung	Widerruf	für der Widerruf ein stellvertretend Mitglied gelten der Bestimmung über der Widerruf der Mitglied der Aufsichtsrat  für der er ernennen werden 	für der Abberufung ein stellvertretend Mitglied gelten der Bestimmung über der Abberufung der Mitglied der Aufsichtsrat  für der er ernennen werden 	für der Abberufung ein stellvertretend Mitglied gelten der Bestimmung über der Abberufung der Mitglied der Aufsichtsrat  für der er ernennen werden 
Für die Organisation der Gerichte und die Rechtsprechung in Zivilsachen sind die Kantone zuständig, soweit das Gesetz nichts anderes vorsieht.	Gericht	Richter	für der Organisation der Gericht und der gerichtlich Zuständigkeit in Zivilsache sein der Kanton zuständig  soweit der Gesetz nichts anderer bestimmen 	für der Organisation der Gericht und der gerichtlich Zuständigkeit in Zivilsache sein der Kanton zuständig  soweit der Gesetz nichts anderer bestimmen 	für der Organisation der Gericht und der gerichtlich Zuständigkeit in Zivilsache sein der Kanton zuständig  soweit der Gesetz nichts anderer bestimmen 
Für die Zulassung zur Teilnahme des elektronischen Meldeverfahrens sind folgende Schritte erforderlich:  2. Erhalt einer individuellen Kennung und eines individuellen Passworts; Kennung und Passwort sind für alle folgenden Mitteilungen zu verwenden und dürfen nicht weitergegeben werden; .	Kennung	Identifikationsnummer,Identifizierungsnummer,Kennnummer,Kennziffer	für der Teilnahme an elektronisch Benachrichtigungsverfahren sein folgend Schritt erforderlich  2. Erhalt ein individuell Identifikationscode und ein individuell Passwort  der Identifikationscode und der Passwort müssen für aller nachfolgend Mitteilung verwenden werden und dürfen nicht weitergeben werden 	2. Erhalt ein individuell Identifikationscode und ein individuell Passwort  der Kenncode und der Passwort sein für aller nachfolgend Mitteilung zu verwenden und dürfen nicht verbreiten werden 	2. Erhalt ein individuell Kenncode und ein individuell Passwort  der Kenncode und der Passwort sein für aller nachfolgend Mitteilung zu verwenden und dürfen nicht verbreiten werden 
Für die Zulassung zu den verschiedenen Gattungen und Stufen der Schulen, für den Abschluß derselben und für die Befähigung zur Berufsausübung ist eine Staatsprüfung vorgeschrieben.	Staatsprüfung	staatlich Abschlussprüfung	für der Zulassung zu der verschieden Art und Besoldungsgruppe von Schule  für der Abschluss der Schule und für der Zulassung zu Ausübung ein Beruf sein ein staatlich Prüfung erforderlich 	für der Zulassung zu der verschieden Art und Besoldungsgruppe von Schule  für der Abschluss und für der Zulassung zu Ausübung ein Beruf sein ein staatlich Prüfung erforderlich 	für der Zulassung zu der verschieden Art und Besoldungsgruppe von Schule  für der Abschluss und für der Zulassung zu Ausübung ein Beruf sein ein staatlich Prüfung erforderlich 
Für die Zuteilung von Landtagssitzen ist ein Mindestanteil von fünf vom Hundert der im Land für alle Wahlvorschlagslisten abgegebenen gültigen Stimmen erforderlich.	Wahlvorschlagsliste	Verzeichnis der wahlberechtigte,Wählerverzeichnis	für der Zuweisung der Sitz der Landtag sein ein Mindestquote von fünf Prozent der gültig Stimme erforderlich  der in Land für aller Wahlliste abgeben werden 	für der Sitzverteilung in Landtag sein ein Mindestquote von 5 % der gültig Stimme in Land für aller Wahlliste erforderlich 	für der Sitzverteilung in Landtag sein ein Mindestquote von 5 % der gültig Stimme in Land für aller Wahlliste erforderlich 
Für die  vorgesehene Abordnung gilt die Regelung des Landes für die Abordnung von Landespersonal zu anderen öffentlichen Verwaltungen.	Abordnung	Gebot	für der geplant Kommando gelten der Landesordnung für der Personal der Land bei anderer öffentlich Verwaltung 	für der geplant Hauptquartier gelten der Regelung der Land für der Personalmandat der Land bei anderer öffentlich Verwaltung 	für der geplant Hauptquartier gelten der Regelung der Land für der Personalmandat der Land bei anderer öffentlich Verwaltung 
Für die bloße Beteiligung an dem bewaffneten Haufen ist die Strafe Gefängnisstrafe von drei bis zu neun Jahren.	bewaffnet Haufen	Querbalken	für der bloß Teilnahme an der Bande werden der Freiheitsstrafe von drei bis neun Jahr verhängen 	für der bloß Teilnahme an der Bande werden der Freiheitsstrafe von drei bis neun Jahr verhängen 	für der bloß Teilnahme an der Bande werden der Freiheitsstrafe von drei bis neun Jahr verhängen 
Für die von einem der Teilhaber eingeräumten Hypotheken sind die im 4. Abschnitt des 3. Titels des 6. Buches enthaltenen Bestimmungen zu beachten.	Abschnitt	Anführer	bei Hypothek  der von ein Miteigentümer gewähren werden  sein der Bestimmung von Titel 3 Kapitel 4 der Buch 6 einhalten 	bei Hypothek  der von einer der Miteigentümer gewähren werden  sein der Bestimmung von Kapitel 4 von Titel 3 der Buchs 6 einhalten 	bei Hypothek  der von einer der Miteigentümer gewähren werden  sein der Bestimmung von Titel 3 Kapitel 4 der Buch 6 einhalten 
Für diese fiduziarische Treuhand sei charakteristisch, daß der Treuhänder nach außen hin (also Dritten gegenüber) als Vollberechtigter auftrete, im Innenverhältnis hingegen dem Treugeber obligatorisch verpflichtet sei, sein Eigentumsrecht im Interesse des Treugebers auszuüben.	fiduziarisch Treuhand	vertrauen	dieser vertrauen sein charakteristisch dafür  dass der Treuhänder in Ausland  der heißen gegenüber dritter  als Vollinhaber auftreten  während er in der intern Beziehung verpflichten sein  sein Eigentumsrecht in Interesse der Vertrauensgeber ausüben 	für dieser vertrauen sein es kennzeichnend  dass der Treuhänder in Ausland  der heißen gegenüber dritter  als vollberechtigt Inhaber auftreten  während er in intern Geschäftsverhältnis der Vertrauensinhaber verpflichten sein  sein Eigentumsrecht in Interesse der Vertrauensinhaber ausüben 	für dieser vertrauen sein es charakteristisch  daß der Treuhänder in Ausland  der heißen gegenüber dritter  als vollberechtigt Inhaber auftreten  während er in intern Geschäftsverhältnis zwingend an der Vertrauensinhaber binden sein  sein Eigentumsrecht in Interesse der Vertrauensinhaber ausüben 
Für jedes Unternehmen wird eine entsprechend eindeutige Kennziffer vergeben und die Stammmerkmale der Einheit den jeweiligen konstitutiven Quellregistern entnommen, wobei hierfür eine Rangordnung dieser Register angewendet wird.	Kennziffer	Benutzerkennung,Kennung	für jeder Unternehmen werden ein entsprechend eindeutig Identifikationscode zugewiesen  und der grundlegend Merkmal der Einheit werden aus der jeweilig Herkunftsregister ableiten  wobei zu dieser Zweck ein Hierarchie dieser Register zugrunde legen werden 	für jeder Unternehmen werden ein entsprechend eindeutig Identifikationscode zuteilen  und der grundlegend Merkmal der Einheit werden aus der jeweilig Register ableiten  aus der sich der Herkunft zusammensetzen  wobei zu dieser Zweck ein Rangordnung dieser Register anwenden sein 	für jeder Unternehmen werden ein entsprechend eindeutig Identifizierungsnummer zuteilen  und der grundlegend Merkmal der Einheit ergeben sich aus der jeweilig Register  aus der der Ursprungserzeugniss hervorgehen sein  wobei zu dieser Zweck ein Rangordnung dieser Register anwenden sein 
Gebraucht der Täter in der Folge die von ihm gefälschte Urkunde selbst im Rechtsverkehr, so haftet er nur nach § 223 Abs 2 StGB; die Fälschung stellt insoweit eine straflose, weil nachbestrafte Vortat dar.	Fälschung	falsch	Verwenden der Urheber der von ihm gefälscht Dokument spät in Rechtsverkehr  so haften er nur gemäß Artikel 223 Absatz 2 StGB  der Fälschung stellen in dieser Fall ein unanfechtbar vorbereitend Handlung dar  da sie spät sanktionieren werden 	wenn der Urheber der von ihm gefälscht Dokument spät in Rechtsverkehr verwenden  haften er nur in Sinn von Artikel 223 Absatz 2 StGB  in dieser Fall stellen der Falschschrift ein unanfechtbar vorbereitend Handlung dar  da sie spät sanktionieren werden 	wenn der Urheber spät der von ihm gefälscht Dokument in Rechtsverkehr verwenden  haften er nur in Sinn von Artikel 223 Absatz 2 StGB  in dieser Fall stellen der Fälschung ein unanfechtbar Vorbereitungsmaßnahme dar  da sie spät sanktionieren werden 
Gegen den Verurteilten ist die Einziehung der Sachen zwingend anzuordnen, die zur Begehung der Straftat dienten oder dafür bestimmt waren sowie der Sachen, die den Lohn, das Ergebnis oder den Ertrag der Straftat bilden oder die deren Verwendung darstellen.	Ertrag	Vorteil	für der verurteilter sein der Einziehung von Vermögensgegenständ  der der Straftat dienen haben oder für der Straftat bestimmen sein  sowie von Vermögensgegenstand  der der Entschädigung  der Ergebnis oder der Gewinn der Straftat darstellen oder der Verwendung darstellen  zwingend vorschreiben 	gegenüber der Verurteilten sein der Einziehung von Vermögensgegenständ  der zu Begehung der Straftat dienen haben oder sein  sowie von Vermögensgegenständ  der der Vergütung  der Ergebnis oder der Gewinn der Straftat darstellen oder der Verwendung darstellen  zwingend vorschreiben 	gegenüber der Verurteilten sein der Einziehung von Vermögensgegenständ  der der Straftat dienen haben oder für der Begehung der Straftat bestimmen sein  sowie von Vermögensgegenstand  der der Vergütung  der Ergebnis oder der Gewinn der Straftat darstellen oder der Verwendung darstellen  zwingend vorschreiben 
Gegen eine analoge Anwendung der Rechtsprechung zum Fruchtgenussrecht auf Grunddienstbarkeiten spreche, dass eine Grunddienstbarkeit gerade kein allgemeines Verwertungsrecht beinhalte. Sie sei hinsichtlich der Ausübung an einen Nutzen für das herrschende Grundstück gebunden.	Nutzen	Vorteil	gegen ein analog Anwendung der Rechtsprechung in Bezug auf der Inanspruchnahme der Dienstvorrecht werden der Tatsache geltend machen  dass ein Dienstvorrecht überhaupt kein allgemein Verwertungsrecht enthalten  der für der beherrschend Fonds in Hinblick auf der Ausübung von Nutzen sein 	gegen ein analog Anwendung der Rechtsprechung über der Inanspruchnahme der bevorzugt Dienst werden der Tatsache entkräfteen  dass ein prädial Dienstetätigkeit kein allgemein Verwertungsrecht umfassen  sondern für der Ausübung von Recht an ein Nutzen für der beherrschend Fonds binden sein 	gegen ein analog Anwendung der Rechtsprechung in Bezug auf der Inanspruchnahme der bevorzugt Dienst werden der Tatsache entkräfteen  dass ein prädial Diensteleistung in kein Weise ein allgemein Nutzungsrecht umfassen  sie sein hinsichtlich der Ausübung an ein Nutzen für der beherrschend Fonds binden 
Gegenstand des Beweises sind rechtserhebliche, streitige Tatsachen. Beweisgegenstand können auch Übung, Ortsgebrauch und, bei vermögensrechtlichen Streitigkeiten, ausländisches Recht sein.	ausländisch	Ausländer	Gegenstand der Nachweis sein rechtlich relevant und umstritten Tatsache  Gegenstand der Nachweis können auch der Verwendung  der lokal Brauch und  in Kapitalstreitigkeit  der ausländisch Recht sein 	der Beweis sein rechtlich relevant und umstritten  und es können auch der Gebrauch  der lokal Praxis und bei Kapitalstreitigkeit der ausländisch Recht sein 	es handeln sich dabei um rechtlich und kontrovers Fakt  der sich auch auf der Verwendung  der lokal Brauch und bei Kapitalstreitigkeit auf ausländisch Recht beziehen können 
Gegenstände, wie Brillenfassungen, Augenschirme oder Kämme, aus leicht entzündlichen oder leicht brennbaren Kunststoffen, wie Zelluloid, dürfen bei Arbeiten, bei denen sie in Brand geraten können, nicht getragen werden.	Brand	Brandstiftung	Gegenstand wie Brille  Schirm oder Kämm  der aus leicht entzündbar oder leicht brennbar Kunststoff wie Celluloid herstellen sein  dürfen nicht bei Arbeit tragen werden  bei der sie brennen können 	Gegenstand wie Brille  Sichter oder Kämm  der aus leicht brennbar oder leicht brennbar Kunststoff wie z. B. Zelluloid herstellen sein  dürfen nicht bei Arbeit tragen werden  bei der sie sich in Brand befinden 	Gegenstand wie Brille  Sichter oder Kämm  der aus leicht brennbar oder leicht brennbar Kunststoff wie z. B. der Zelluloid herstellen sein  dürfen nicht bei Arbeit tragen werden  bei der sie verbrennen werden können 
Gehörschutz ist so auszuwählen, dass die Leistungswerte den erforderlichen Schutz bieten, aber nach Möglichkeit eine akustische Isolation vermieden wird.	Gehörschutz	Schutz der Gehör	der Gehörschutz sein so zu wählen  dass der Leistungswert der erforderlich Schutz bieten  aber nach Möglichkeit ein Schalldämmung vermeiden werden 	der Gehörschutz muss so wählen werden  dass der Leistungswert der erforderlich Schutz bieten  aber nach Möglichkeit kein Schalldämmung möglich sein 	der Gehörschutz muss so wählen werden  dass der Leistungswert der erforderlich Schutz bieten  aber nach Möglichkeit der Schalldämmung vermeiden werden 
Gelingt die Versöhnung nicht, sind im Protokoll die Einwilligung der Ehegatten in die Ehetrennung und die sie selbst und die Kinder betreffenden Abmachungen zu beurkunden.	Versöhnung	gerichtlich Vergleich	Erfolgt der Schlichtung nicht  so sein der Zustimmung der Ehegatt zu Trennung und der Vereinbarung  der sie betreffen und der ihr Kind betreffen  in Protokoll zu beglaubigen 	Erfolgt der Schlichtung nicht  so müssen der Zustimmung der Ehegatt zu Trennung und der sie betreffend und ihr Kind betreffend Vereinbarung in der Niederschrift bestätigen werden 	Erfolgt der Schlichtung nicht  so müssen der Zustimmung der Ehegatt zu Trennung und der sie betreffend und ihr Kind betreffend Vereinbarung in der Niederschrift beglaubigen werden 
Gemäss dem Polizeirapport stand der Versicherte vor dem Absturz auf der zweitobersten Leiterstufe bzw. 241 cm über dem Betonboden.	Leiterstufe	Stufe,Treppenstufe	Gemäß der Polizeibericht befinden sich der Versicherte vor der Sturz auf der vorletzter Stufe der Treppe bzw. 241 cm über der Betonboden 	der Polizeibericht zufolge befinden sich der Versicherte vor der Fall auf der vorletzter Stufe der Leiter  der heißen 241 cm über der Betonboden 	der Polizeibericht zufolge befinden sich der Versicherte vor der Fall auf der vorletzter Stufe der Leiter  der heißen 241 cm über der Betonboden 
Gemäß Art. 33 der Verfassung ist die Universität autonom. Sie besitzt im Rahmen der Universitätsordnung Rechtspersönlichkeit sowie Autonomie in Lehre, Forschung, Organisation, Verwaltung und disziplinarischen Belangen.	Autonomie in Lehre	didaktisch Autonomie	nach Artikel 33 der Verfassung sein der Universität autonom  sie besitzen in Rahmen der Hochschulordnung Rechtspersönlichkeit sowie didaktisch  Forschung  Organisation  Verwaltung und Disziplinarautonomie 	Gemäß Artikel 33 der Verfassung sein der Universität autonom  sie besitzen in Rahmen der Hochschulsystem Rechtspersönlichkeit und pädagogisch  wissenschaftlich  organisatorisch  administrativ und disziplinarisch Autonomie 	Gemäß Artikel 33 der Verfassung sein der Universität autonom  sie besitzen in Rahmen der Hochschulsystem Rechtspersönlichkeit und pädagogisch  wissenschaftlich  organisatorisch  administrativ und disziplinarisch Autonomie 
Gemäß  Artenschutzverordnung, Anlage 2, seien Zwergdeckelschnecken gänzlich geschützt. Diese seien daher auch in der roten Liste der gefährdeten Tierarten als vom Aussterben bedroht ausgewiesen. Jede Tötung, Störung oder sonstige Beeinträchtigung sei daher absolut verboten.	aussterben	erlöschen	Gemäß Anhang 2 der Artenschutzverordnung sein Zwergschnecke vollständig schützen  so dass sie auch auf der rot Liste der von aussterben bedroht Tierart aufführen sein 	Gemäß Anhang 2 der Verordnung über der Artenschutz sein der gepflegt Zwergmuschel vollständig schützen  so dass sie auch in der rot Liste der von aussterben bedroht Tierart aufführen sein  so dass aller Tötung  Störung oder sonstig Störung verbieten sein 	Gemäß Anhang 2 der Verordnung über der Artenschutz sein der gepflegt Zwergknolle vollständig schützen  so dass sie auch in der rot Liste der von aussterben bedroht Tierart aufführen sein  so dass aller Tötung  Störung oder sonstig Eingriff verbieten sein 
Gemäß staatlicher gesetzlicher Verfügung (D.P.R. 309/90) haben die D.f.A. Dienste für Abhängigkeitserkrankungen eine zentrale Bedeutung im Hilfs- und Versorgungssystem: Ihnen fallen Prävention, Behandlung und Rehabilitation der Suchtpathologien zu.	Rehabilitation	Abfallverwertung,Bergung,Verwertung	nach der staatlich Gesetzgebung  D.P.R. 309  90  sein der Suchtdienst  Ser . D.  in Hilf und Pflegesystem von zentral Bedeutung  sie sein für der Prävention  Behandlung und Wiederherstellung von Suchtkrankheit zuständig 	Gemäß der staatlich Rechtsvorschrift  D.P.R. 309  90  sein der Ser . D.-Dienste von zentral Bedeutung für der Hilf und Pflegesystem  sie sein für der Prävention  Behandlung und Wiederherstellung von Suchterkrankung zuständig 	in Rahmen der staatlich Rechtsvorschrift  D.P.R. 309  90  sein der Dienst für Abhängigkeit  Ser . D.  in Hilf und Pflegesystem von zentral Bedeutung  sie sein für der Prävention  Behandlung und Wiederherstellung von Suchterkrankung zuständig 
Gewohnheitsrecht darf nicht zu Lasten des Täters angewendet werden; jedoch können gewohnheitsrechtliche oder durch Richterrecht übergesetzliche Rechtfertigungs- und Schuldausschließungsgründe entwickelt werden .	Gewohnheitsrecht	Gewohnheit	der Brauch können nicht gegen der Täter anwandn werden  aber es können Grund für der Rechtfertigung und der Ausschluss der außerlegal Schuld auf der Grundlage der Brauch oder der Recht auf Rechtsprechung entwickeln werden 	der Praxis können nicht gegen der Täter anwandn werden  aber es können Grund für der Rechtfertigung und der Ausschluss der extralegal Schuld auf der Grundlage der Praxis oder der Recht auf Rechtsprechung entwickeln werden 	der Praxis können nicht gegen der Täter anwandn werden  aber es können Grund für der Rechtfertigung und der Ausschluss der extralegal Schuld auf der Grundlage der Praxis oder der Recht auf Rechtsprechung entwickeln werden 
Grundstücke im Sinne dieses Gesetzes sind: 1. die Liegenschaften; 2. die in das Grundbuch aufgenommenen selbständigen und dauernden Rechte; 3. die Bergwerke; 4. die Miteigentumsanteile an Grundstücken.	Grundstück	Fonds	nach dieser Gesetz sein der Fonds  1. der Immobilie 2. der in Grundbuch 3. der Bergwerk 4. der Anteil der Miteigentum an Fonds eingetragen autonom und ständig Recht 	nach dieser Gesetz sein der Fonds 1. der Gebäude 2. der in Grundbuch 3. der Bergwerk 4. der Anteil an der Beteiligung an Fonds 	nach dieser Gesetz handeln es sich bei der Fonds um  1. der Gebäude 2. der in Grundbuch eingetragen autonom und ständig Recht 3. der Bergwerk 4. der Anteil an der Beteiligung an Fonds 
Grundsätzlich kann jeder Träger öffentlicher Gewalt zum Erlass von Verwaltungsverfügungen ermächtigt sein.	Verwaltungsverfügung	Massnahme	in Prinzip können jeder Person der öffentlich Recht zu Erlass von Maßnahme ermächtigen werden 	grundsätzlich können jeder öffentlich-rechtlich Akteur zu Erlass von Maßnahme ermächtigen werden 	jeder Person der öffentlich Recht können grundsätzlich zu Erlass von Maßnahme ermächtigen werden 
Haben der Geklagte und der Kläger einen gleichen Titel ihres echten Besitzes, so gebühret dem Geklagten kraft des Besitzes der Vorzug.	Vorzug	Vorrang	haben der Beklagte und der Kläger ein gleichwertig Titel ihr tatsächlich Besitz  so haben der Beklagter aufgrund der Besitz der Vorrang 	haben der Beklagte und der Kläger ein gleichwertig Berechtigung für ihr tatsächlich Besitz  so haben der Beklagte aufgrund der Besitz der Vorrang 	haben der Beklagte und der Kläger ein gleichwertig Titel über ihr tatsächlich Besitz  so haben der Beklagte aufgrund der Besitz der Vorrang 
Haben die Parteien den Bewegungsgrund, oder den Endzweck ihrer Einwilligung ausdrücklich zur Bedingung gemacht; so wird der Bewegungsgrund oder Endzweck wie eine andere Bedingung angesehen.	Bewegungsgrund	Beweggrund	haben der Partei ihr Zustimmung ausdrücklich von der Endgrund oder der Endzweck abhängig machen  so gelten der Endgrund oder Endzweck als Bedingung 	haben der Vertragspartei ausdrücklich ihr Zustimmung von Grund oder Zweck abhängig machen  so gelten der Endzweck als Bedingung 	haben der Vertragspartei ausdrücklich ihr Zustimmung von der Begründung oder der endgültig Zweck abhängig machen  so gelten der endgültig Grund oder Zweck als Bedingung 
Handelsangestellte sind Personen, die im Geschäftsbetrieb eines Kaufmanns vorwiegend zur Leistung kaufmännischer Dienste (Handlungsgehilfen) oder höherer nichtkaufmännischer Dienste oder zu Kanzleiarbeiten angestellt ist, sofern das Dienstverhältnis die Erwerbstätigkeit des Angestellten hauptsächlich in Anspruch nimmt.	Handlungsgehilfe	Verrichtungsgehilfe	Handelsangestellte sein Person  der in der Geschäftstätigkeit ein Gewerbetreibend hauptsächlich für der Erbringung von gewerblich Dienstleistung  Auftrag  oder nichtgewerblich hoch Dienstleistung oder für Büroarbeit beschäftigen sein  sofern der Dienstleistungsverhältnis hauptsächlich der Tätigkeit der angestellter binden 	Handelsangestellte sein Person  der in der gewerblich Tätigkeit ein Gewerbetreibender hauptsächlich für der Erbringung von gewerblich Dienstleistung  Auftrag  oder hoch Dienstleistung außerhalb der Geschäft oder für Büroarbeit beschäftigen sein  sofern der Dienstleistungsverhältnis hauptsächlich der Arbeit der Gewerbetreibender binden 	Handelsangestellte sein Person  der in der gewerblich Tätigkeit ein Gewerbetreibender hauptsächlich für der Erbringung von gewerblich Dienstleistung  Auftrag  oder hoch nichtkommerziell Dienstleistung oder für Büroarbeit beschäftigen sein  sofern der Dienstleistungsverhältnis in erster Linie der Arbeit der Gewerbetreibender binden 
Handelsübliche Korrektionsbrillen haben keine Schutzwirkung. Deshalb muss der Unternehmer auch fehlsichtigen Versichertengeeigneten Augenschutz zur Verfügung stellen.	Augenschutz	Schutz der Auge	aus dieser Grund muss der Arbeitgeber der Arbeitnehmer mit Sehfehler ein angemessen Augenschutz bieten 	der kommerziell Sichtbrille haben keinerlei Schutzfunktion  und deshalb muss der Arbeitgeber der Arbeitnehmer mit Sehmängeln ein angemessen Augenschutz bieten 	Handelsbrille haben keinerlei Schutzfunktion  und deshalb muss der Arbeitgeber der Arbeitnehmer mit Sehmängeln ein angemessen Augenschutz bieten 
Handelt es sich um das Verfahren betreffende Akten, wird, sofern diese durchführbar und wirksam sind, das Zugangsrecht auch während des Verfahrens gegenüber der Organisationseinheit ausgeübt, die zuständig ist, den abschließenden Akt zu erlassen oder ständig aufzubewahren.	Zugangsrecht	Recht auf Zugang,Recht auf Zugang zu der Verwaltungsunterlage,Zugangsrecht zu der Verwaltungsunterlage,Zutrittsrecht	Handelt es sich um Akte in Zusammenhang mit der Verfahren  so werden der Zugangsrecht  soweit dieser durchführbar und wirksam sein  auch während der Verfahren gegenüber der Organisationseinheit ausüben  der für der Erlass oder der dauerhaft Erhaltung der Schlussakte zuständig sein 	Handelt es sich um Akte in Zusammenhang mit der Verfahren  so werden der Zugangsrecht  sofern dieser durchführbar und wirksam sein  auch während der Verfahren gegenüber der für der Erlass oder der dauerhaft Aufrechterhaltung der Schlussakte zuständig Organisationseinheit ausüben 	Handelt es sich um Akte in Zusammenhang mit der Verfahren  so werden der Zugangsrecht  sofern dieser durchführbar und wirksam sein  auch während der Verfahren gegenüber der Organisationseinheit ausüben  der für der Erlass oder der dauerhaft Aufrechterhaltung der Schlussakte zuständig sein 
Handelt es sich um verfahrensbezogene Akte, ist immer der Direktor verantwortlich, der zuständig ist, den abschließenden Akt zu erlassen oder diesen ständig aufzubewahren, oder der von ihm beauftragte Beamte, und zwar vorbehaltlich dessen, was Artikel 1 Absatz 4 bestimmt.	verfahrensbezogen Akt	Verfahrensakt,Verfahrenshandlung	Handelt es sich um Verfahrensakt  so sein der Direktor  der für der Erlaß der Schlußakte oder für der dauerhaft Aufbewahrung der Urkunde zuständig sein  oder der von ihm beauftragt Beamter  unbeschadet der Artikel 1 Absatz 4  stets verantwortlich 	Handelt es sich um Verfahrensakt  so sein stets der Direktor  der für der Erlaß oder der dauerhaft Erhaltung der Schlussakte zuständig sein  oder der von ihm beauftragt Beamter verantwortlich  unbeschadet der Artikel 1 Absatz 4.	Handelt es sich um Verfahrensakt  so sein stets der Direktor  der für der Abfassung der Schlussakte zuständig sein  oder der von ihm beauftragt Beamter verantwortlich  und zwar unbeschadet der Artikel 1 Absatz 4.
Handlung im Affekt (sog. „Kurzschlusshandlung“): die kurzschlüssige, direkte Umsetzung primitiv triebha fter, stark gefühlsbetonter Strebungen in die Tat, bei der eine denkende und willentliche Verarbeitung erschwert oder gar nicht möglich ist.	willentlich	Freiwilliger,freiwillig,wollen	-- Kettenreaktion  sein der direkt und impulsiv Umsetzung primitiv  stark emotional Trend  bei der ein nachdenklich und freiwillig Verarbeitung schwierig oder sogar unmöglich werden 	Impulswirkung  sog. Kettenreaktion ): der direkt und impulsiv Umsetzung primitiv  sehr emotional geprägt Tendenz  bei der der konzeptionell und freiwillig Entwicklung erschweren oder sogar unmöglich machen werden 	Impulswirkung  der heißen  Kettenreaktion  ): der direkt und impulsiv Umsetzung primitiv  sehr emotional geprägt Tendenz  bei der der konzeptionell und freiwillig Entwicklung erschweren oder sogar unmöglich machen werden 
Handlungen, die mit Duldung einer anderen Person vorgenommen worden sind, können nicht als Grundlage für den Besitzerwerb dienen.	Duldung	Toleranz	Handlung  der mit der Toleranz ein anderer Person begehen werden  können kein Grundlage für der Erwerb der Besitz darstellen 	Handlung  der mit der Duldung ein anderer Person begehen werden  können kein Grundlage für der Erwerb der Besitz sein 	Handlung  der mit der Duldung ein anderer Person begehen werden  können kein Grundlage für der Erwerb der Besitz sein 
Hat der Antragende für die Annahme des Antrags eine Frist bestimmt, so kann die Annahme nur innerhalb der Frist erfolgen.	Frist	Grenzzeichen,Verfahrensfrist,prozessual Frist	haben der Antragsteller ein Frist für der Annahme der Vorschlag festlegen  so können der Annahme nur innerhalb dieser Frist erfolgen 	haben der Antragsteller ein Frist für der Annahme der Vorschlag festlegen  so können der Annahme nur innerhalb dieser Frist erfolgen 	haben der Antragsteller ein Frist für der Annahme der Vorschlag festlegen  so können der Annahme nur innerhalb dieser Frist erfolgen 
Hat der Erblasser für den wegfallenden Abkömmling einen Ersatzerben eingesetzt, so ist im Zweifel anzunehmen, daß dieser nicht mehr erhalten soll, als der Abkömmling unter Berücksichtigung der Ausgleichungspflicht erhalten würde.	Ersatzerbe	Nacherbe	haben der Erblasser ein Ersatz für der verstorben Nachkomme ernennen  so sein in Zweifelsfall davon ausgehen  dass der Erblasser nicht mehr erhalten sollen  als der Nachkomme unter Berücksichtigung der Sammelpflicht erhalten haben 	haben der Erblasser ein Ersatz für der nicht vorhanden Nachkommer bestellen  so sein in Zweifelsfall davon ausgehen  dass er nicht mehr erhalten sollen  als der Nachkomme unter Berücksichtigung der Sammelpflicht erhalten haben 	haben der Erblasser ein Abkömmling bestellen  so sein in Zweifelsfall davon ausgehen  dass er nicht mehr erhalten sollen  als der Nachkömmling unter Berücksichtigung der Sammelpflicht erhalten haben 
Hat die zu bevormundende Person oder deren Vater oder Mutter jemand als den Vormund ihres Vertrauens bezeichnet, so soll dieser Bezeichnung, wenn nicht wichtige Gründe dagegen sprechen, Folge geleistet werden.	vertrauen	Treuhandgeschäft	haben der zu schützend Person oder ihr Vater oder ihr Mutter jemand zu ihr Vertrauensschutz bestimmen  so sein dieser Benennung Folge zu leisten  es sein denn  es werden ernsthaft Grund gegen sie geltend machen 	haben der zu schützend Person oder ihr Vater oder ihr Mutter jemand als Vormund ihr Vertrauen benennen  so sein dieser Person zu benennen  es sein denn  es werden schwerwiegend Grund gegen sie erheben 	Haben der zu beschützend Person oder ihr Vater oder ihr Mutter jemand zu ihr vertrauen ernennen  so sein dieser Benennung Folge zu leisten  es sein denn  dass schwerwiegend Grund dagegen sprechen 
Hat sich eine Vertragspartei vertraglich den Rücktritt vorbehalten oder steht ihr ein gesetzliches Rücktrittsrecht zu, so sind im Falle des Rücktritts die empfangenen Leistungen zurückzugewähren und die gezogenen Nutzungen herauszugeben.	Vertragspartei	Teilnehmer,Versicherungsnehmer	haben sich ein Vertragspartner vertraglich der Widerrufsrecht vorbehalten oder sein ihm ein gesetzlich Widerrufsrecht vorbehalten  so müssen der erhalten Leistung in Fall der Widerruf zurückgegeben und der erhalten Frucht liefern werden 	haben sich ein Vertragspartner vertraglich der Widerrufsrecht vorbehalten oder sein ihm ein gesetzlich Widerrufsrecht zustehen  so müssen der erhalten Leistung in Fall der Widerruf zurückgegeben und der erhalten Frucht liefern werden 	haben sich ein Vertragspartner vertraglich der Widerrufsrecht vorbehalten oder haben er ein gesetzlich Widerrufsrecht  so müssen der erhalten Leistung in Fall der Widerruf zurückgegeben und der erhalten Frucht liefern werden 
"Heute setzt sich mehr und mehr die Auffassung durch, erster Zweck des Strafrechts sei die ""positive Generalprävention"" die nicht durch Abschreckung, sondern durch das Erlebnis der Gerechtigkeit  die Anerkennung und Befolgung der strafrechtlichen Verbote und Gebote fördere."	Gebot	Abordnung	heutzutage werden zunehmend der Auffassung vertreten  dass der Strafrecht der erster Ziel der  positiv allgemein Prävention  sein  der nicht der Anerkennung und Einhaltung von Strafverbot und -befehlen durch Abschreckung  sondern durch der Erfahrung der Justiz fördern 	heutzutage werden zunehmend der Auffassung vertreten  dass der oberste Ziel der Strafrecht der  positiv allgemein Prävention  sein  der nicht der Anerkennung und Durchsetzung von Verbot und Strafvollzugsbefehl durch Abschreckung fördern  sondern durch der Erfahrung der Justiz 	heutzutage werden zunehmend der Auffassung vertreten  dass der oberste Ziel der Strafrecht der  positiv allgemein Prävention  sein  der nicht der Anerkennung und Einhaltung von Verbot und Strafvollzugsbefehl durch Abschreckung fördern  sondern durch der Erfahrung der Justiz 
Hingegen hindert ein Fehler in der Willensbildung nicht das Zustandekommen des Rechtsgeschäftes, sondern ermöglicht nur unter bestimmten Voraussetzungen seine nachträgliche Beseitigung durch Anfechtung.	Anfechtung	Kraftloserklärung von Aktie	in Gegenteil  ein Fehler in der Willensbildung verhindern nicht der Vervollkommnung der Rechtsgeschäft  sondern ermöglichen nur unter bestimmt Bedingung der anschließend Streichung durch Annullierung 	in Gegenteil  ein Fehler bei der Willensbildung verhindern nicht der Vervollkommnung der Rechtsgeschäft  sondern ermöglichen nur unter bestimmt Bedingung der anschließend Streichung durch Annullierung 	in Gegenteil  ein Fehler bei der Willensbildung verhindern nicht der Vervollkommnung der Rechtsgeschäft  sondern ermöglichen nur unter bestimmt Bedingung der anschließend Streichung durch Annullierung 
Hinsichtlich säumiger Zeugen ist im Vorverfahren wie folgt vorzugehen: .	säumig	säumig Partei	bei Versäumniszeuge sein in Vorverfahren wie folgen vorgehen 	bei Abwesenheitszeuge sein in Vorverfahren wie folgen vorgehen 	bei Abwesenheitszeuge sein in Vorverfahren wie folgen vorgehen 
Hinterlegung oder Verwahrung liegt vor, wenn jemandem eine Sache zur Aufbewahrung anvertraut wird.	Aufbewahrung	Obhut	sie haben Kaution oder Sorgerecht  wenn etwas jemand für der Sorgerecht anvertrauen werden 	sie haben Kaution oder Gewahrsam  wenn jemand etwas für der Sorgerecht haben 	sie haben Kaution oder Gewahrsam  wenn etwas von jemand für der Sorgerecht übergeben werden 
Hufbeschlagschmiedinnen und -schmiede betreiben ein Handwerk, d. h. sie arbeiten mit ihren Händen. Daher kommt auch dem Schutz der Hände eine besondere Bedeutung zu.	Schutz der Hand	Handschutz	Manischarche und Manischarche üben ein Beruf aus  d.her sie arbeiten mit der Hand  daher werden auch der Handschutz besonderer Bedeutung beimessen 	Manipulator und Manipulator üben ein Beruf aus  der heißen sie arbeiten mit der Hand  und deshalb werden auch der Handschutz besonderer Bedeutung beimessen 	Manipulator und Manipulator üben ein Beruf aus  der heißen sie arbeiten mit der Hand  und deshalb werden auch der Handschutz besonderer Bedeutung beimessen 
Häufig wird die Verhältniswahl. mit einer Mehrheitswahl verbunden, nach der die Kandidaten der einzelnen Wahlkreise gewählt werden, während die Sitze insgesamt nach dem Verhältnis der von den einzelnen Parteien erlangten Sitze verteilt werden .	Kandidat	Bewerber	der Verhältniswahlsystem werden häufig mit ein Mehrheitssystem kombinieren  nach der der Kandidat der einzeln Wahlkreis wählen werden  während der Gesamtsitz in Verhältnis zu der von der einzeln Partei erhalten Sitz aufteilen werden 	der Verhältniswahlrecht werden häufig mit ein Mehrheitssystem kombinieren  der der Kandidat der einzeln Wahlkreis wählen  während der Gesamtzahl der Sitz proportional zu der von der einzeln Partei erzielt Sitz aufteilen werden 	der Verhältniswahlsystem werden häufig mit ein Mehrheitssystem kombinieren  bei der der Kandidat der einzeln Wahlkreis wählen werden  während der Gesamtzahl der Sitz proportional zu der von der einzeln Partei erzielt Sitz aufteilen werden 
Im Anhang sind außer den in anderen Bestimmungen die Bewegungen des Anlagesvermögens anzuführen, wobei für jeden einzelnen Posten anzuführen sind: die Aufwendungen; die vorehergehenden Aufwertungen, Abschreibungen und Abwertungen .	Abwertung	Geldentwertung	in Anhang sein zusätzlich zu der in anderer Bestimmung vorgesehen Angabe der Bewegung der Anlagewert angeben und für jeder Posten angeben  Ausgabe  früh Neubewertung  Abschreibung und Abschreibung 	neben der anderer Bestimmung sein der Bewegung der Anlagewert in Anhang angeben  wobei für jeder Posten angeben sein  welcher Ausgabe  früh Aufwertung  Abschreibung und Abwertung anfallen 	in Anhang sein zusätzlich zu der anderer Bestimmung der Bewegung der Anlagewert angeben und für jeder Posten angeben  Ausgabe  früh Aufwertung  Abschreibung und Abwertung 
Im Fall der unterlassenen Einberufung der Gesellschafterversammlung  ist über den gerichtlich bestellten Verwalter die  vorgesehene Strafe zu verhängen.	gerichtlich bestellt Verwalter	Zwangsverwalter	werden der Mitgliederversammlung nicht einberufen  so sein der vorgesehen Sanktion über der gerichtlich Verwalter zu verhängen 	werden der Versammlung der Mitglied nicht einberufen  so sein der vorgesehen Sanktion über der Verwalter zu verhängen 	werden der Versammlung der Mitglied nicht einberufen  so sein der vorgesehen Sanktion über der Verwalter zu verhängen 
Im Gesellschaftsvertrag kann bestimmt werden, daß der stille Gesellschafter nicht am Verlust beteiligt sein soll .	still Gesellschafter	Mitglied,Vereinsmitglied	in Sozialvertrag können festlegen werden  dass der Verein nicht an Verlust beteiligen werden dürfen 	in der Sozialvertrag können festlegen werden  daß der betreffend Vereinigung nicht an Verlust beteiligen werden dürfen 	in der Sozialvertrag können festlegen werden  dass der Verband nicht an Verlust beteiligen werden dürfen 
Im Lagebericht sind der Geschäftsverlauf und die Lage des Unternehmens so darzustellen, daß ein möglichst getreues Bild der Vermögens-, Finanz- und Ertragslage vermittelt wird .	Lagebericht	Verschmelzungsbericht	der Geschäftsentwicklung und der Lage der Unternehmen müssen in der Bericht der Unternehmensleitung darlegen werden  um ein möglichst genau Bild der Vermögen  Finanz und wirtschaftlich Lage zu vermitteln 	in der Bericht der Unternehmensleitung müssen der Geschäftsentwicklung und der Lage der Unternehmen so darstellen werden  dass ein möglichst wahrheitsgetreu Bild der Vermögen  Finanz- und Finanzlage vermitteln werden 	der Geschäftsverlauf und der Lage der Unternehmen müssen in der Bericht der Unternehmensleitung darlegen werden  damit ein möglichst wahrheitsgetreu Bild der Vermögen  Finanz und wirtschaftlich Lage vermitteln werden können 
Im Lagebericht sind zumindest der Geschäftsverlauf und die Lage der Kapitalgesellschaft  darzustellen . Der Lagebericht soll auch eingehen auf  die voraussichtliche Entwicklung der Kapitalgesellschaft .	Lagebericht	Verschmelzungsbericht	in der Bericht der Direktor sein zumindest der Geschäftsentwicklung und der Lage der Kapitalgesellschaft zu beschreiben  in der Bericht der Direktor sein auch der voraussichtlich Entwicklung der Kapitalgesellschaft zu behandeln 	in der Bericht der Unternehmensleitung müssen zumindest der Geschäftsentwicklung und der Lage der Kapitalgesellschaft beschreiben werden  und der Bericht der Unternehmensleitung müssen auch der vorhersehbar Entwicklung der Kapitalgesellschaft behandeln 	in der Bericht der Unternehmensleitung sein zumindest der Geschäftsentwicklung und der Lage der Kapitalgesellschaft zu beschreiben  und in der Bericht der Unternehmensleitung müssen auch der voraussichtlich Entwicklung der Kapitalgesellschaft behandeln werden 
Im Rahmen der Service Level-Vereinbarungen werden Verfügbarkeits- und Performancevereinbarungen zwischen Cloud-Nutzerin bzw. Cloud-Nutzer und Cloud-Provider vereinbart und in den Dienstleistervertrag eingebunden.	Cloud-Provider	Koordinator für Sicherheit und Gesundheitsschutz für der Vorbereitungsphase,Planungskoordinator	in Rahmen der Service-Level-Vereinbarung werden Verfügbarkeit und Leistungsvereinbarung zwischen der Cloud-Benutzer und der CSP vereinbaren und in der Servicevertrag integrieren 	in Rahmen der Vereinbarung über der Umfang der Dienstleistung werden Verfügbarkeit und Leistungsvereinbarung zwischen der Nutzer der Cloud und der CSP vereinbaren und in der Dienstleistungsvertrag aufnehmen 	Verfügbarkeit und Leistungsvereinbarung werden in Rahmen der Dienstleistungsvereinbarung zwischen der Nutzer der Cloud und der CSP vereinbaren und in der Dienstleistungsvertrag aufnehmen 
Im Rechtsmittelverfahren ist die unentgeltliche Rechtspflege neu zu beantragen.	Rechtsmittelverfahren	Anfechtung,Rechtsmittel	in Rahmen der Rechtsmittelverfahren sein der unentgeltlich Rechtshilfe erneut zu beantragen 	in Rahmen der Rechtsbehelfsverfahren sein der unentgeltlich Rechtshilfe erneut zu beantragen 	in Rahmen der Rechtsbehelfsverfahren sein der unentgeltlich Rechtshilfe erneut zu beantragen 
Im Rechtssinne spricht man von Selbstverwaltung, wenn öffentliche Verwaltungsaufgaben durch Träger der mittelbaren Staatsverwaltung eigenverantwortlich wahrgenommen werden (sog. eigener Wirkungskreis).	Selbstverwaltung	Rechtsetzungskompetenz	in rechtlich Sinn werden von Autonomie sprechen  wenn öffentlich Verwaltungsaufgabe von Einrichtung der indirekt staatlich Verwaltung unabhängig wahrnehmen werden  z. B. in eigen Zuständigkeit  	in juristisch Sinn werden von Autonomie sprechen  wenn öffentlich Verwaltungsaufgabe unabhängig von Einrichtung der indirekt staatlich Verwaltung  der heißen in ihr Zuständigkeitsbereich  ausführen werden 	in juristisch Sinn werden von Autonomie sprechen  wenn öffentlich Verwaltungsaufgabe von Einrichtung der indirekt staatlich Verwaltung  der heißen in ihr eigen Zuständigkeitsbereich  eigenständig ausführen werden 
"Im Sinne dieser Verordnung  bedeutet ""korrekte Funktionsfähigkeit"": Wahrung der Vertraulichkeit, der Integrität und Verfügbarkeit der IKT-Infrastruktur."	Verfügbarkeit	Kreditlimit,Kreditrahmen	für der Zweck dieser Verordnung bedeuten  richtig Funktionieren   Wahrung der Vertraulichkeit  Integrität und Verfügbarkeit der IKT-Infrastruktur 	in Sinn dieser Verordnung bedeuten  richtig Funktionieren  der Wahrung der Vertraulichkeit  Integrität und Verfügbarkeit der IKT-Infrastruktur 	in Sinn dieser Verordnung bedeuten  richtig Funktionieren  der Wahrung der Vertraulichkeit  Integrität und Verfügbarkeit der IKT-Infrastruktur 
Im Sinne dieser Verordnung Handelsregisterverordnung gelten als: a. Gewerbe: eine selbstständige, auf dauernden Erwerb gerichtete wirtschaftliche Tätigkeit; b. Rechtsdomizil: die Adresse, unter der die Rechtseinheit an ihrem Sitz erreicht werden kann.	Verordnung	Geschäftsordnung	in Sinn dieser Verordnung über der Handelsregister gelten als a. gewerblich Tätigkeit  ein selbständig Wirtschaftstätigkeit  der auf ein dauerhaft Gewinn ausrichten sein b. Rechtsanschrift  der Anschrift  unter der der juristisch Person an ihr Sitz erreichen werden können 	in Sinn dieser Verordnung über der Handelsregister gelten als a. ein selbständig Wirtschaftstätigkeit  der auf ein dauerhaft Gewinn ausrichten sein  b. Rechtsanschrift  der Anschrift  unter der der juristisch Person an ihr Sitz erreichen werden können 	in Sinn dieser Verordnung über der Handelsregister bedeuten a   gewerblich Tätigkeit  ein selbständig Wirtschaftstätigkeit  der auf ein dauerhaft Gewinn ausrichten sein     legal Wohnsitz  der Anschrift  unter der der juristisch Person an ihr Sitz erreichen werden können 
Im Sozialrecht besteht grundsätzlich eine Pflicht zur Rücknahme mit Rückwirkung.	Rücknahme mit Rückwirkung	Anfechtung,Kraftloserklärung von Aktie	in Sozialrecht bestehen grundsätzlich ein Nichtigkeitspflicht 	in Sozialrecht bestehen grundsätzlich ein Nichtigkeitspflicht 	in Sozialrecht bestehen grundsätzlich ein Nichtigkeitsverpflichtung 
Im Strafverfahren herrscht das Prinzip der freien Beweiswürdigung. Damit ist das Gericht natürlcih nicht völlig frei in seiner Bewertung, sondern es muß im einzelnen begründen, warum es gerade diesem und nicht einem anderen Beweismittel Glauben schenkt..	Prinzip der frei Beweiswürdigung	Grundsatz der frei Beweiswürdigung,Grundsatz der frei richterlich Beweiswürdigung,frei Überzeugung	in Strafverfahren gelten der Grundsatz der frei Überzeugung  wer natürlich nicht bedeuten  dass der Richter bei sein Beurteilung völlig frei sein  sondern dass er in Einzelner begründen muss  warum er dieser und nicht ein anderer Beweismittel Glaubwürdigkeit verleihen 	in Strafverfahren gelten der Prinzip der frei Überzeugung  wer natürlich nicht bedeuten  dass der Richter bei sein Beurteilung völlig frei sein  sondern dass er in Einzelner begründen muss  warum er dieser und kein anderer Beweismittel Glaubwürdigkeit verleihen 	in Strafverfahren gelten der Grundsatz der frei Überzeugung  wer natürlich nicht bedeuten  dass der Richter bei sein Beurteilung völlig frei sein  sondern dass er in Einzelner begründen muss  warum er dieser und kein anderer Beweismittel Glaubwürdigkeit verleihen 
Im Verfahren vor Gerichtshöfen hat über den Antrag, wenn derselbe nicht während einer mündlichen Verhandlung gestellt wird, der Vorsitzende des Senates zu entscheiden, dem die Rechtssache zugewiesen ist.	Antrag	Anspruch	werden der Antrag nicht während ein mündlich Verhandlung einreichen  so entscheiden der Präsident der Senat über der Antrag 	werden der Antrag nicht in Rahmen ein mündlich Verhandlung stellen  so entscheiden der Präsident der Senat über der Antrag 	werden der Antrag nicht in Rahmen ein mündlich Verhandlung stellen  so entscheiden der Verfahren vor der Gericht über der Präsident der Senat  der der Fall zugewiesen werden 
Im Verfahren vor diesem Gericht üben die Parteien dieselben Rechte und Befugnisse aus, die ihnen vor dem ursprünglich zuständigen Gericht zugestanden wären.	Befugnis	Fakultät	in Verfahren vor dieser Gericht üben der Partei derselbe Recht und Möglichkeit aus  der ihnen vor der ursprünglich zuständig Gericht zustehen 	in der Verfahren vor dieser Gericht üben der Partei derselbe Recht und Möglichkeit aus wie vor der ursprünglich zuständig Gericht 	in der Verfahren vor dieser Gericht üben der Partei derselbe Recht und Möglichkeit aus wie vor der ursprünglich zuständig Gericht 
Im Verfahrensrecht bedeutet das Prinzip der Öffentlichkeit, dass die Allgemeinheit bei Gerichtsverhandlungen, insbesondere bei Verkündungen von Urteilen und Beschlüssen zugelassen ist.	Prinzip der Öffentlichkeit	Öffentlichkeitsprinzip	in Verfahrensrecht bedeuten der Grundsatz der Werbung  dass der Öffentlichkeit zu Gerichtsverfahren  insbesondere zu Entscheidung über Urteil und Beschluß  zulassen sein 	in Verfahrensrecht bedeuten der Öffentlichkeitsgrundsatz  dass der Öffentlichkeit zu Gerichtsverhandlung  insbesondere zu gerichtlich Entscheidung und Anordnung  zulassen sein 	in Verfahrensrecht bedeuten der Öffentlichkeitsgrundsatz  dass der Öffentlichkeit zu Gerichtsverhandlung  insbesondere zu gerichtlich Entscheidung und Anordnung  zulassen sein 
Im wesentlichen wird es sich in den Fällen der Unzumutbarkeit um einmalige Überförderungen handeln, die durch eine plötzliche Erkrankung, eine seelische Erschütterung wegen eines unmittelbar vorangegangenen Ereignisses oder einen ungewöhnlich hohen Anfall unaufschiebbarer Geschäfte herbeigeführt worden sind.	Unzumutbarkeit	Unerschwinglichkeit	in Wesentliche handeln es sich bei dieser Fall um einmalig Subvention  der durch ein plötzlich Krankheit  ein emotional Schock infolge ein unmittelbar zuvor eingetreten Ereignis oder ein ungewöhnlich hoch Anhäufung unteilbar Geschäft verursachen werden 	in Wesentliche handeln es sich bei der Fall der Uneinbringlichkeit um einmalig Subvention  der durch ein plötzlich Krankheit  ein emotional Schock infolge ein unmittelbar zurückliegend Ereignis oder ein ungewöhnlich hoch Anhäufung unteilbar Geschäft verursachen werden 	in Wesentliche handeln es sich bei der Fall der Uneinbringlichkeit um einmalig Subvention  der durch ein plötzlich Krankheit  ein emotional Schock infolge ein unmittelbar zurückliegend Ereignis oder ein ungewöhnlich hoch Anhäufung unteilbar Geschäft verursachen werden 
Im Übrigen gelten die Bestimmungen über die Teilung von Miteigentum und die Durchführung der Erbteilung sinngemäss.	Durchführung	Vollstreckung	darüber hinaus gelten der Bestimmung über der Aufteilung der Eigentumsverhältnis und der Vollstreckung der Erbschaft 	darüber hinaus gelten der Bestimmung über der Teilung der Miteigentümerschaft und der Durchführung der Erbschaft 	darüber hinaus gelten der Bestimmung über der Teilung der Miteigentümerschaft und der Durchführung der Erbschaft 
In Angelegenheiten der Ausbildung und des Berufs nehmen die Eltern insbesondere auf Eignung und Neigung des Kindes Rücksicht .	Ausbildung	Vorbereitung der Entscheidung	bei Frage der Bildung und der Beruf berücksichtigen der Eltern insbesondere der Einstellung und Neigung der Kind 	bei Frage der Bildung und der Beruf berücksichtigen der Eltern insbesondere der Eignung und Neigung der Kind 	in Frage der Bildung und der Beruf tragen der Eltern insbesondere der Eignung und Neigung der Kind Rechnung 
In Ausübung der Kontroll-und Aufsichtsfunktion hat das Inspektionspersonal der Landesagentur für Umwelt und Arbeitsschutz zur Durchführung der Tätigkeiten  Zutritt zu den Anlagen und zu den Arbeitsstätten und kann zweckdienliche Daten, Informationen und Unterlagen verlangen .	Zutritt	Eingangsöffnung,Zutrittsrecht	bei der Ausübung der Kontroll- und Aufsichtsfunktion haben der Inspektionspersonal der Provinzbehörde für Umwelt und Arbeitsschutz Zugang zu der Anlage und Arbeitsplatz für der Durchführung der Tätigkeit und können nützlich Datum  Information und Unterlage anfordern 	bei der Wahrnehmung der Kontroll- und Überwachungsaufgabe haben der Inspektionspersonal der Provinzbehörde für Umwelt und Arbeitsschutz Zugang zu der Einrichtung und Arbeitsstätte für der Durchführung der Tätigkeit und können nützlich Datum  Information und Dokument anfordern 	in Ausübung der Kontroll und Überwachungsfunktion haben der Inspektionspersonal der Provinzbehörde für Umwelt und Arbeitsschutz Zugang zu der Einrichtung und Arbeitsstätte für der Durchführung der Tätigkeit und können nützlich Datum  Information und Dokument anfordern 
In Bezug auf Elektroarbeiten kann eine Person sein: geeignet, erfahren oder vorgewarnt; wenn sie keine dieser Qualifikationen aufweist, handelt es sich unter diesem Gesichtspunkt um eine gewöhnliche Person.	gewöhnlich Person	PEC,zertifiziert elektronisch Post	in Zusammenhang mit elektrisch Arbeit können ein Person qualifizieren  erfahren oder warnen sein  wenn sie keiner dieser Qualifikation besitzen  handeln es sich dabei um ein GEP 	bei elektrisch Arbeit können es sich um qualifiziert  erfahren oder gewarnt Person handeln  wenn sie keiner dieser Qualifikation besitzen  dann handeln es sich hier um ein PEC 	in Zusammenhang mit elektrisch Arbeit können ein Person qualifizieren  erfahren oder warnen sein  wenn sie keiner dieser Qualifikation besitzen  handeln es sich hier um ein PEC 
"In Deutschland sind Postleitzahlen seit dem 1. Juli 1993 5-stellig (von 1941 bis 1961 waren sie 2-stellig, von 1961 bis 1993 4-stellig). Jede Stelle besteht aus einer Ziffer zwischen ""0"" und ""9""."	Postleitzahl	Fahrerlaubnis zu Fahrgastbeförderung	in der Bundesrepublik Deutschland sein der CAP seit der 1. Juli 1993 fünfstellig  von 1941 bis 1961 sein sie zweistellig  von 1961 bis 1993 vierstellig   jeder Zahl bestehen aus ein Zahl zwischen  0  und  9. 	"in Deutschland sein der Befähigungsnachweis von 1. Juli 1993 an fünf Ziffer  von 1941 bis 1961 sein sie zweistellig  von 1961 bis 1993 vierstellig   wobei jeder Zahl aus ein Zahl zwischen  0""und  9""besteht "	"in Deutschland sein der Befähigungsnachweis von 1. Juli 1993 an fünf Ziffer  von 1941 bis 1961 sein sie zweistellig  von 1961 bis 1993 vierstellig   wobei jeder Zahl aus ein Zahl zwischen  0""und  9""besteht "
In Erwartung der schiedsrichterlichen Entscheidung werden etwaige Maßnahmen der öffentlichen Verwaltung betreffend die Ausführung von Arbeiten von Amts wegen sowie andere Vertrags- und gesetzmäßige Maßnahmen, die sich im öffentlichen Interesse als notwendig erweisen, nicht ausgesetzt.	gesetzmäßig	rechtsgültig	solange der Schiedsentscheidung noch ausstehen  werden aller Maßnahme der öffentlich Verwaltung in Zusammenhang mit der Ausführung von Büroarbeit sowie sonstig vertraglich und rechtlich Maßnahme  der sich in öffentlich Interesse als notwendig erweisen  nicht aussetzen 	bis zu Erlass der Schiedsentscheidung werden Maßnahme der öffentlich Verwaltung  der der Durchführung von Büroarbeit sowie anderer vertraglich und rechtlich Maßnahme betreffen  der sich in öffentlich Interesse als notwendig erweisen  nicht aussetzen 	solange der Schiedsentscheidung noch ausstehen  werden Maßnahme der öffentlich Verwaltung zu Durchführung von Büroarbeit sowie anderer vertraglich und rechtlich Maßnahme  der sich in öffentlich Interesse als notwendig erweisen  nicht aussetzen 
In Fällen einer Kollusion, eines verbotenen Zusammenwirkens zwischen Vertreter und Geschäftspartner zum Nachteil des Vollmachtgebers, ist allerding das Vertretungsgeschäft nach § 138 Abs. 1 nichtig.	Kollusion	rechtswidrig Absprache	in Fall ein Kollusion  ein verboten Vereinbarung zwischen Vertreter und Handelspartner zu Nachteil der Vertreter  sein der Repräsentationsgeschäft jedoch in Sinn von Artikel 138 Absatz 1 ungültig 	in Fall ein Absprache  ein verboten Vereinbarung zwischen der Vertreter und der Handelspartner zu Nachteil der vertretener sein der Vertretungsgeschäft jedoch nach Artikel 138 Absatz 1 nichtig 	in Fall ein Absprache  ein verboten Vereinbarung zwischen der Vertreter und der Handelspartner zu Nachteil der vertretener sein der Vertretungsgeschäft jedoch in Sinn von Artikel 138 Absatz 1 nichtig 
In besonders schwerwiegenden Fällen kann auch die Rücknahme der amtlichen Bewilligung der Skischule verfügt werden.	Rücknahme	Verwirkung	in besonders schwer Fall können auch der Verfall der offiziell Zulassung der Skischule anordnen werden 	in besonders schwer Fall können auch der Entzug der amtlich Zulassung der Skischule anordnen werden 	in besonders schwer Fall können auch der Entzug der amtlich Zulassung der Skischule anordnen werden 
In dem Verschmelzungsvertrag muß der Gesellschaftsvertrag, die Satzung oder das Statut des neuen Rechtsträgers enthalten sein oder festgestellt werden.	neu Rechtsträger	übernehmend Gesellschaft,übernehmend Rechtsträger	der Gründungsakt  der Satzung oder der Satzung der übernehmend Gesellschaft müssen in Fusionsvertrag enthalten oder festlegen sein 	der Gründungsakt  der Satzung oder der Satzung der übernehmend Gesellschaft müssen in Verschmelzungsvertrag enthalten oder festlegen sein 	der Gründungsakt  der Satzung oder der Satzung der übernehmend Gesellschaft müssen in Verschmelzungsvertrag enthalten oder festlegen sein 
In den Betriebsstätten, in denen verschiedene Gasqualitäten erzeugt werden, die weder explosionsfähig noch selbstentzündend sind, jedoch vermischt gefährliche Reaktionen auslösen, müssen die Geräte, die zur Herstellung der jeweiligen Gase verwendet werden, in abgetrennten und genügend entfernten Räumen aufgestellt werden.	explosionsfähig	Sprengstoff,explosionsgefährlich,explosiv,explosiv Material	in Betriebsraum  in der Gas unterschiedlich Qualität erzeugen werden  der weder Sprengstoff noch selbstzündend sein  aber gefährlich Reaktion hervorrufen  müssen der zu Erzeugung ihr Gas verwendet Gerät trennen und in ausreichend weit entfernt Raum unterbringen sein 	in der Betriebsraum  in der Gas unterschiedlich Qualität herstellen werden  der weder Sprengstoff noch Selbstzünder sein  der aber bei ein Mischung gefährlich Reaktion hervorrufen  müssen der zu Erzeugung ihr Gas verwendet Gerät in getrennt Raum unterbringen werden  der ausreichend weit voneinander entfernt sein 	in der Betriebsraum  in der Gas unterschiedlich Qualität herstellen werden  der weder Sprengstoff noch Selbstzünder sein  der jedoch gefährlich Reaktion hervorrufen  müssen der zu Erzeugung ihr Gas verwendet Gerät in ausreichend weit entfernt Raum unterbringen werden 
In den Wahlraum können die Wähler zugelassen werden, welche den Wahlausweis mit der Eintragung in die Sektionsliste oder die vom Bürgermeister ausgestellte Ersatzbescheinigung des Wahlausweises  vorweisen.	Wahlraum	Wahlamt	in Wahllokal können Wähler  der der Wahlausweis mit der Eintragung in der Sektionsliste oder der von Bürgermeister ausgestellt Ersatzbescheinigung für der Wahllokal ausstellen  zulassen werden 	an der Wahllokal können der Wähler teilnehmen  der der Wahlkarte mit der Eintragung in der Sektionsliste oder der von Bürgermeister ausgestellt Ersatzbescheinigung für der Wahlkarte vorlegen 	an der Wahllokal können der Wähler teilnehmen  der der Wahlkarte mit der Eintragung in der Sektionsliste oder der von Bürgermeister ausgestellt Ersatzbescheinigung für der Wahlkarte vorlegen 
In der Disziplinarverfügung darf nur der Verweis ausgesprochen oder eine Geldbuße bis zur Höhe von 10 vH des Monatsbezuges - unter Ausschluß der Kinderzulage -, auf den der Beamte im Zeitpunkt der Erlassung der Disziplinarverfügung Anspruch hat, verhängt werden.	Verweis	Zensur	in der Disziplinarmaßnahme können nur ein Zensur oder ein Geldstrafe von bis zu 10 % der Monatsvergütung verhängen werden  mit Ausnahme der Familienzulage  auf der der Beamter bei Erlass der Disziplinarmaßnahme Anspruch haben 	in der Disziplinarmaßnahme können nur ein Zensur oder ein Geldbuße von bis zu 10 % der monatlich Vergütung   mit Ausnahme der Familienzulage   verhängen werden  auf der der Beamter bei Erlass der Disziplinarmaßnahme Anspruch haben 	in der Disziplinarmaßnahme können nur ein Zensur oder ein Geldstrafe von bis zu 10 % der monatlich Vergütung   mit Ausnahme der Familienzulage   verhängen werden  auf der der Beamter zu Zeitpunkt der Anordnung der Disziplinarmaßnahme Anspruch haben 
In der Freizeit entfällt  die Hauptpflicht des Arbeitnehmers zur Arbeitsleistung, nicht aber die Treuepflicht.	Treuepflicht	Pflicht zu Treue	in der Freizeit entfallen der Hauptpflicht der Arbeitnehmer zu Durchführung der Arbeit  nicht aber der Pflicht zu Treue 	in der Freizeit werden der Hauptpflicht der Arbeitnehmer zu Ausführung der Arbeit  aber nicht der Pflicht zu Treue  abschaffen 	in der Freizeit entfallen der Hauptpflicht der Arbeitnehmer  der Arbeit zu erbringen  aber nicht der Pflicht zu Treue 
In der Literatur wird zunehmend vom schlichten oder schlicht-hoheitlichen Verwaltungshandeln oder vom nichtförmlichen Verwaltungshandeln  gesprochen.	nichtförmlich Verwaltungshandeln	Realakt,Tathandlung	in der Lehre werden immer häufig von einfach oder einfach-autoritativ Verwaltungstätigkeit oder von materiell Handlung sprechen 	in der Doktrin werden immer häufig von einfach oder einfach autoritär Verwaltungstätigkeit oder von materiell handeln sprechen 	in der Doktrin werden immer häufig von einfach oder einfach autoritär Verwaltungstätigkeit oder von materiell handeln sprechen 
In der Literatur wird zunehmend vom schlichten oder schlicht-hoheitlichen Verwaltungshandeln oder vom nichtförmlichen Verwaltungshandeln  gesprochen.	schlicht-hoheitlich Verwaltungshandeln	Realakt,Tathandlung	in der Lehre werden immer häufig von ein materiell Akt oder ein nichtformal Verwaltungsakt sprechen 	in der Doktrin werden immer häufig von ein materiell oder nicht formal Verwaltungsakt sprechen 	in der Doktrin werden immer häufig von ein materiell oder nicht formal Verwaltungsakt sprechen 
"In der Regel bezeichnet das Gesetz die Person des Täters mit dem völlig offenen Wort ""Wer...""."	Täter	Agent,Arbeitsstoff,Einwirkung	in der Regel bestimmen der Gesetz der Person der Agent mit der völlig offen Wort  wer 	in der Regel bezeichnen der Gesetz der Person der bediensteter mit der völlig offen Wort  Wer  	in der Regel bezeichnen der Gesetz der Person der bediensteter mit der völlig offen Wort  Wer  
In einer ärztlichen Beurteilung vom 17. Juli 2003 gelangte Dr. med. R.________ zum Schluss, ein Zusammenhang mit arbeitsplatzbedingten Einwirkungen sei bezüglich einzelner der bestehenden Beschwerden und Befunde zwar möglich, nicht aber überwiegend wahrscheinlich.	Einwirkung	Agent,Täter	in ein medizinisch Beurteilung von 17. Juli 2003 kommen Dr. R. _ _ _ _ _ _ _ zu der Schluss  dass ein Kausalzusammenhang mit arbeitsbedingt Arbeitsstoff für einiger der bestehend Störung und Erkenntnis zwar möglich  aber nicht in erster Linie wahrscheinlich sein 	in ein medizinisch Beurteilung von 17. Juli 2003 kommen Dr. R. _ _ _ _ _ zu der Schluss  dass ein kausal Zusammenhang mit arbeitsbedingt Arbeitsstoff zwar für einiger der bestehend Störung und Erkenntnis möglich  aber nicht überwiegend wahrscheinlich sein 	in ein medizinisch Beurteilung von 17. Juli 2003 gelangen Dr. R. _ _ _ _ _ _ zu der Schluss  dass ein kausal Zusammenhang mit Arbeitsstoff  der mit der Arbeitsumwelt in Zusammenhang stehen  für einiger der bestehend Störung und Erkenntnis zwar möglich  aber nicht überwiegend wahrscheinlich sein 
In einigen Fällen verlangt das Gesetz neben den Willenserklärungen noch weitere Vollzugsakte als Bestandteile des Rechtsgeschäfts.	Vollzugsakt	Ausführungshandlung	in einiger Fall erfordern der Gesetz zusätzlich zu der Willenserklärung weit Durchführungsmaßnahme als Bestandteil der Rechtsgeschäft 	in einiger Fall erfordern der Gesetz neben der Willensäußerung weit Durchführungsmaßnahme als Bestandteil der Rechtsgeschäft 	in einiger Fall erfordern der Gesetz neben der Willensäußerung weit Durchführungsmaßnahme als Bestandteil der Rechtsgeschäft 
In folgenden Fällen haben die Bediensteten Anspruch auf bezahlten Sonderurlaub, wobei der jeweilige Grund belegt werden muß: a) bei Heirat: fünfzehn aufeinanderfolgende Tage, in denen der Hochzeitstag enthalten ist, .	Heirat	Ehe	in der folgend Fall haben der Arbeitnehmer Anspruch auf bezahlt Sonderurlaub  sofern sie der Grund dafür nachweisen  a  bei Heirat  15 aufeinander folgend Tag  einschließlich der Hochzeitstag  	in der folgend Fall haben der bediensteter Anspruch auf bezahlt Sonderurlaub  wobei ihr Grund zu begründen sein  a  bei Heirat  15 aufeinander folgend Tag  einschließlich der Hochzeitstag 	in der folgend Fall haben der bediensteter Anspruch auf bezahlt Sonderurlaub unter Angabe der Grund  a  bei Heirat  15 aufeinander folgend Tag  einschließlich der Hochzeitstag 
In gewissen Fällen verliert eine Servitut trotz Fortdauer des Eitnrags ihre Daseinsberechtigung: dann nämlich, wenn sie dem Berechtigten gar keinen Vorteil mehr bringt.	Servitut	Dienstbarkeit,Grunddienstbarkeit,Prädialservitut	in einiger Fall verlieren ein Bedienstete ihr Grund  trotz der Fortdauer der Eintragung zu sein  insbesondere wenn sie der Inhaber kein Vorteil mehr verschaffen 	in einiger Fall verlieren ein Dienstleistung ihr Existenzberechtigung trotz der fortbestehend Eintragung  insbesondere wenn sie der Inhaber kein Vorteil mehr verschaffen 	in einiger Fall verlieren ein Sklaverei ihr Existenzberechtigung  obwohl der Eintragung andauern  insbesondere dann  wenn sie der Inhaber kein Vorteil mehr verschaffen 
In jedem Fall hat der Pflichtteilsberechtigte, der die Kürzung von Schenkungen oder von testamentarischen Verfügungen verlangt, auf seinen Pflichtteil die ihm gemachten Schenkungen und ihm ausgesetzten Vermächtnisse anzurechnen .	Pflichtteil	Rücklage,Vorbehalt	in jeder Fall muss der Reservator  der der Kürzung der Spende oder der Testamentsbestimmung fordern  der ihm gegeben Spende und der ihm zugewiesen Vermächtnis auf sein Reserve zurückführen 	auf jeder Fall muss der Reservator  der der Reduzierung der Spende oder der Testamentsbestimmung fordern  sein eigen Spende und der ihm zugesagt Vermächtnis auf sein Reserve zurückführen 	auf jeder Fall muss der Reservator  der der Reduzierung der Spende oder der Testamentsbestimmung fordern  der ihm gegeben Spende und der ihm zugesagt Vermächtnis auf sein Reserve zurückübertragen 
In jedem Fall ist das Verlangen auf Herausgabe der Materialien  nach Ablauf von sechs Monaten ab dem Tag, an dem der Eigentümer von der Verbindung Kenntnis erhalten hat, nciht mehr zulässig .	Verbindung	Aufnahme,Übernahme	in jeder Fall sein der Antrag auf Rückgabe der Material sechs Monat nach der Tag  an der der Eigentümer Kenntnis von der Beimischung erlangen haben  nicht mehr zulässig 	in jeder Fall sein der Antrag auf Rücksendung der Material sechs Monat nach der Tag  an der der Eigentümer von der Beimischung Kenntnis erlangen haben  nicht mehr zulässig 	in jeder Fall sein der Antrag auf Rücksendung der Material sechs Monat nach der Tag  an der der Eigentümer von der Beimischung Kenntnis erlangen haben  nicht mehr zulässig 
In jedem Fall muß derjenige, welcher einen Vertrag durch List oder ungerechte Furcht bewirkt hat, für die nachteiligen Folgen Genugtuung leisten.	List	Vorsatz	in jeder Fall muss derjenige  der ein Vertrag aus Vorsatz oder ungerecht Furcht erhalten haben  der nachteilig Folge ausgleichen 	auf jeder Fall müssen derjenige  der ein Vertrag aus Vorsatz oder Furcht erlangen haben  der nachteilig Folge ausgleichen 	auf jeder Fall müssen derjenige  der ein Vertrag aus Vorsatz oder Furcht erlangen haben  der nachteilig Folge ausgleichen 
In Österreich sind die Postleitzahlen vierstellig und wurden zum 1. Jänner 1966 eingeführt.	Postleitzahl	Befähigungsnachweis,Berufsbefähigungsnachweis	in Österreich sein der CAP vierstellig und werden an 1. Januar 1966 einführen 	in Österreich sein der Befähigungsnachweis vierstellig und werden an 1. Januar 1966 einführen 	in Österreich sein der Befähigungsnachweis vierstellig und werden an 1. Januar 1966 einführen 
Inhaberinnen einer Bewilligung zur Verwaltung und Zuteilung von Kurznummern für SMS- und MMS-Dienste haben die folgenden Pflichten:  Sammlung und Aktualisierung der Daten über die Inhaberinnen und Inhaber der von ihnen zugeteilten Kurznummern für SMS- und MMS-Dienste .	Aktualisierung	Fortbildung,Weiterbildung,beruflich Weiterbildung	Inhaber ein Genehmigung für der Verwaltung und Zuweisung von Kurznummer für SMS und MMS-Dienst haben folgend Verpflichtung  Erhebung und Aktualisierung von Datum über der Inhaber von Kurznummer für von ihnen zugewiesen SMS und MMS-Dienst 	der Inhaber ein Genehmigung für der Verwaltung und Zuweisung von Kurznummer für SMS und MMS-Dienst haben folgend Pflicht  Erhebung und Aktualisierung von Datum über der Inhaber von Kurznummer für von ihnen zugewiesen SMS und MMS-Dienst 	der Inhaber ein Genehmigung für der Verwaltung und Zuweisung von Kurznummer für SMS und MMS-Dienst haben folgend Pflicht  Erhebung und Aktualisierung von Datum über der Inhaber von Kurznummer für von ihnen zugewiesen SMS und MMS-Dienst 
Innerhalb der vom B-VG lediglich in Grundzügen vorgenommenen Zuständigkeitsverteilung (Gesetzgebung, Gerichtsbarkeit, Verwaltung) obliegt es dem einfachen Gesetzgeber, detaillierte Festlegungen der Behördenzuständigkeit vorzunehmen.	Behördenzuständigkeit	Zuständigkeit	in Rahmen der Zuständigkeitsverteilung  Gesetzgebung  Gerichtsbarkeit  Verwaltung  durch der B-VG  der nur in sein wesentlich Leitlinie erfolgen  sein es Sache der ordentlich Gesetzgeber  der Zuständigkeit in Einzelner festlegen 	in Rahmen der Kompetenzverteilung  Rechtsvorschrift  Rechtsprechung  Verwaltung  durch der B-VG  der nur in ihr wesentlich Zügen erfolgen  sein es Sache der ordentlich Gesetzgeber  der Zuständigkeit in Einzelner festlegen 	in Rahmen der Zuständigkeitsverteilung  Rechtsvorschrift  Rechtsprechung  Verwaltung  durch der B-VG  der nur in ihr wesentlich Zügen erfolgen  obliegen es der ordentlich Gesetzgeber  der Zuständigkeit in Einzelner festlegen 
Innerhalb des zwanzigsten Tages vor dem Wahltag hat die Landeswahlkommission die Zahl und den jeweiligen Ort der Wahlsitze in der Weise festzulegen, daß jedem Wahlsitz so viele Wähler zugewiesen werden, als im Interesse des Wahlgeheimnisses zweckmäßig sind.	Wahlsitz	Wahlamt	spätestens an zwanzigster Tag vor der Wahl haben der regional Wahlkommission der Anzahl und der Sitz der Wahllokal so festlegen  dass jeder Wahllokal in Interesse der Geheimhaltung der Wahl ein für angemessen erachtet Anzahl von Wähler erhalten 	spätestens an zwanzigster Tag vor der Wahl muss der regional Wahlkommission der Anzahl und der Sitz der Wahllokal so festlegen  dass jeder Wahllokal in Interesse der Vertraulichkeit der Wahl ein angemessen Anzahl von Wähler erhalten 	spätestens an 20. Tag vor der Wahl muss der regional Wahlkommission der Anzahl und der Sitz der Wahllokal so festlegen  dass jeder Wahllokal ein Anzahl von Wähler zuteilen werden  der in Interesse der Geheimhaltung der Wahl für angemessen erachten werden 
Innerhalb einer jeden Liste wird die Reihenfolge der Kandidaten nach den erhaltenen Vorzugsstimmen festgelegt.	Kandidat	Bewerber	innerhalb jeder Liste werden der Reihenfolge der Bewerber anhand der bevorzugt Stimme festlegen 	innerhalb jeder Liste werden der Reihenfolge der Bewerber anhand der Stimme  der sie erhalten haben  festlegen 	innerhalb jeder Liste werden der Reihenfolge der Bewerber anhand der bevorzugt Stimme festlegen 
Investitionsgüter, auch Produktions- oder Kapitalgüter genannt, befinden sich im Besitz von Betrieben oder werden als Dienstleistungen für Betriebe erbracht. Sie dienen nur mittelbar der Bedürfnisbefriedigung.	Investitionsgut	unverbrauchbar Sache	Investitionsgut  auch  Produktionsgut  oder  Kapitalgut  nennen  sein Eigentum von Unternehmen oder werden als Dienstleistung an Unternehmen erbringen und dienen nur indirekt der Befriedigung der Bedürfnis 	Investitionsgut  auch als Produktion oder Kapitalgut bezeichnen  sein Eigentum von Unternehmen oder werden als Dienstleistung an Unternehmen erbringen  der nur mittelbar zu Befriedigung der Bedarf dienen 	Investitionsgut  auch  Produktionsgut  oder  Kapitalgut  nennen  sein Eigentum von Unternehmen oder werden als Dienstleistung an Unternehmen liefern  der nur mittelbar zu Befriedigung der Bedarf dienen 
Irreführende Geschäftspraktiken :  Das Anbieten von Wettbewerben und Preisausschreiben, ohne dass die beschriebenen Preise oder ein angemessenes Äquivalent vergeben werden.	Preis	Prämie,Versicherungsprämie	Irreführend Geschäftspraktik  der Angebot von Wettbewerb und Lotterie  ohne dass der genannt Preis oder ein entsprechend Entsprechung vergeben werden 	Irreführend Geschäftspraktik  der Angebot von Wettbewerb und Lotterie  ohne dass der genannt Preis oder ein entsprechend Entgelt vergeben werden 	Irreführend Geschäftspraktik  der Angebot von Wettbewerb und Lotterie  ohne dass der genannt Preis oder ein angemessen Gegenleistung vergeben werden 
Ist bei einem oder bei beiden Ehegatten ein Vorsorgefall bereits eingetreten oder können aus andern Gründen Ansprüche aus der beruflichen Vorsorge, die während der Dauer der Ehe erworben worden sind, nicht geteilt werden, so ist eine angemessene Entschädigung geschuldet.	Dauer	Zeit,Zeitpunkt	sein für ein oder beide Ehegatt bereits ein Vorsorgefall eintreten oder können aus anderer Grund der während der Ehezeit erworben Anspruch aus der beruflich Vorsorge nicht aufteilen werden  so sein ein angemessen Entgelt zu zahlen 	sein für ein oder beide Ehegatt bereits ein Versorgungsfall eintreten oder können der während der Ehezeit erworben Anspruch aus anderer Grund nicht aufteilen werden  so sein ein angemessen Entschädigung zu zahlen 	sein für ein oder beide Ehegatt bereits ein Versicherungsfall eintreten oder können aus anderer Grund der während der Ehezeit erworben Anspruch aus der betrieblich Vorsorge nicht aufteilen werden  so sein ein angemessen Entschädigung zu zahlen 
Ist bei einer Gemeinschaft zur gesamten Hand die Betreibung, wie im vorliegenden Fall, nur gegen einen der Teilhaber eingeleitet worden, so besteht der verwertbare Vermögensgegenstand bloss aus dem Anspruch des Teilhabers auf den Liquidationsanteil .	Teilhaber	Teilnehmer	sein der Ausführung  wie in vorliegend Fall nur gegen einer der Teilnehmer  in ein unteilbar Gemeinschaft einleiten werden  so bestehen der erreichbar Vermögen ausschließlich aus der Recht der Teilnehmer auf der Liquidationsanteil 	sein in ein unteilbar Pro-comunion wie in vorliegend Fall nur gegen einer der Teilnehmer der Ausführung einleiten werden  so bestehen der realisierbar Vermögen ausschließlich aus der Recht der Teilnehmer auf der Liquidationsanteil 	sein der Ausführung in ein unteilbar Pro-comunion wie in vorliegend Fall nur gegen einer der Teilnehmer einleiten werden  so bestehen der realisierbar Vermögen ausschließlich aus der Recht der Teilnehmer auf der Liquidationsanteil 
Ist das Fehlen, die gänzliche oder zum Teil erfolgte Vernichtung, die Verfälschung oder die Verbergung auf vorsätzliches Verhalten des Antragstellers zurückzuführen, ist dieser nicht befugt, den Nachweis gemäß der Bestimmung des vorhergehenden Absatzes zu erbringen.	vorsätzlich verhalten	Arglist,Vorsatz	sein der fehlen  der vollständig oder teilweise Vernichtung  der Veränderung oder der Verheimlichung der Antragsteller zuschreiben  so sein der Antragsteller nicht berechtigen  der Nachweis gemäß Unterabsatz 1 zu erbringen 	sein der fehlen  der vollständig oder teilweise Zerstörung  der Änderung oder der Verheimlichung auf der Vorsatz der Antragsteller zurückführen  so sein der Antragsteller nicht berechtigen  der Nachweis gemäß Unterabsatz 1 zu erbringen 	sein der fehlen  der vollständig oder teilweise Zerstörung  der Änderung oder der Verheimlichung auf der Vorsatz der Antragsteller zurückführen  so sein der Antragsteller nicht berechtigen  der Nachweis gemäß Unterabsatz 1 zu erbringen 
Ist das Geschäft durch das Zutun mehrerer Makler zustandegekommen, so hat jeder von ihnen Anspruch auf einen Teil der Provision.	Geschäft	Geschäftsvorgang	werden der Geschäft für der Intervention mehrere Vermittler abschließen  so haben jeder von ihnen Anspruch auf ein Teil der Provision 	werden der Angelegenheit für der Intervention mehrere Vermittler abschließen  so haben jeder von ihnen Anspruch auf ein Teil der Provision 	sein der Geschäft mit mehrere Vermittler abschließen werden  so haben jeder von ihnen Anspruch auf ein Teil der Provision 
Ist das Pfand auf den vereinbarten Termin nicht ausgelöst worden, so kann die Anstalt nach vorgängiger öffentlicher Aufforderung zur Einlösung den Pfandgegenstand amtlich verkaufen lassen.	Termin	Grenzzeichen,prozessual Frist	sein der Pfand nicht innerhalb der vereinbart Frist einlösen werden  so können der Institut nach öffentlich Versehen der Gegenstand der Pfandrecht offiziell verkaufen lassen 	sein der Sicherheit nicht innerhalb der vereinbart Frist einlösen werden  so können der Institut nach öffentlich Zurückhaltung der Gegenstand der Sicherheit offiziell verkaufen lassen 	sein der Sicherheit nicht innerhalb der vereinbart Frist einlösen werden  so können der Institut nach öffentlich Mahnung der Gegenstand der Sicherheit offiziell verkaufen lassen 
Ist das Verfahren ausgesetzt, kann vorbehaltlich einer abweichenden Anordnung des Vollstreckungsrichters keine Vollstreckungshandlung vorgenommen werden.	Anordnung	Bestimmung,Verfügung	werden der Verfahren aussetzen  so dürfen kein Vollstreckungsakt vollstrecken werden  es sein denn  der Vollstreckungsrichter haben etwas anderer bestimmen 	werden der Verfahren aussetzen  so dürfen kein Vollstreckungsakt vornehmen werden  es sein denn  der vollstreckend Gericht haben etwas anderer bestimmen 	werden der Verfahren aussetzen  so dürfen kein Vollstreckungsakt vornehmen werden  es sein denn  der vollstreckend Gericht haben etwas anderer bestimmen 
Ist das Verfahren ausgesetzt, kann vorbehaltlich einer abweichenden Anordnung des Vollstreckungsrichters keine Vollstreckungshandlung vorgenommen werden.	Vollstreckungshandlung	Ausführungshandlung	werden der Verfahren aussetzen  so dürfen kein Vollstreckungsakt vollstrecken werden  es sein denn  der Vollstreckungsgericht haben etwas anderer bestimmen 	werden der Verfahren aussetzen  so dürfen kein Vollstreckungsakt vornehmen werden  es sein denn  der vollstreckend Gericht haben etwas anderer bestimmen 	werden der Verfahren aussetzen  so dürfen kein Vollstreckungsakt vornehmen werden  es sein denn  der vollstreckend Gericht haben etwas anderer bestimmen 
Ist dem Soldaten infolge einer Wehrdienstbeschädigung nach Entlassung aus der Bundeswehr auf Grund des Soldatenversorgungsgesetzes Berufsumschulung oder Berufsfortbildung gewährt worden, so wird auch die hierfür erforderliche Zeit auf die Berufs- und Betriebszugehörigkeit oder als Dienst- und Beschäftigungszeit angerechnet.	Berufsfortbildung	Aktualisierung	werden der Soldat nach ein Verletzung in Militärdienst nach der Urlaub der Bundeswehr nach der Gesetz über der Unterstützung der Soldat ein Umschulung oder ein Auffrischung gewähren  so werden der hierfür erforderlich Zeit in der Beruf und Betriebsalter oder als Dienst und Beschäftigungszeit anrechnen 	werden der Soldat aufgrund ein Verletzung in Wehrdienst nach der Bundeswehrurlaub ein Umschulung oder ein Weiterbildung gemäß der Gesetz über der Unterstützung der Soldat gewähren  so werden der hierfür erforderlich Zeit in der Beruf und Betriebsalter oder als Dienstzeit und Beschäftigung anrechnen 	werden der Soldat infolge ein Verletzung in Wehrdienst nach der Bundeswehrurlaub gemäß der Gesetz über der Unterstützung der Soldat ein Umschulung oder ein Weiterbildung erhalten  so werden der hierfür erforderlich Zeit in der Beruf und Betriebsalter oder als Dienstzeit und Beschäftigung anrechnen 
Ist der Anteil des stillen Gesellschafters am Gewinn und Verlust nicht bestimmt, so gilt ein den Umständen nach angemessener Anteil als bedungen.	still Gesellschafter	Mitglied,Vereinsmitglied	sein der Beteiligung der assoziiert Unternehmen an der Gewinn und Verlust nicht festlegen  so gelten ein angemessen Beteiligung als vereinbaren 	sein der Beteiligung der assoziiert Unternehmen an der Gewinn und Verlust nicht bestimmen  so gelten ein angemessen Beteiligung als vereinbaren 	sein der Beteiligung der assoziiert Unternehmen an der Gewinn und Verlust nicht bestimmen  so gelten ein angemessen Beteiligung als vereinbaren 
Ist der Gerichtstypus bestimmt, muss geprüft werden, an welchem Ort des Bundesgebietes diese Art von Gericht verhandeln soll.	Gericht	Richter	sobald der Art der Richter bestimmen sein  sein zu prüfen  an welcher Ort der Bundesgebiet dieser Art der Richter der Rechtssache zu behandeln haben 	sobald der Art der Richter bestimmen sein  sein zu prüfen  an welcher Ort der Bundesgebiet dieser Art der Richter der Rechtssache zu behandeln haben 	sobald der Art der Richter bestimmen sein  sein zu prüfen  an welcher Ort der Bundesgebiet dieser Art der Richter der Rechtssache zu behandeln haben 
Ist die Drohung von einem Dritten ausgegangen, so hat, wo es der Billigkeit entspricht, der Bedrohte, der den Vertrag nicht halten will, dem andern, wenn dieser die Drohung weder gekannt noch hätte kennen sollen, Entschädigung zu leisten.	Drohung	Androhung	werden der Gefahr von ein Dritter ausüben  so muss der Gefahr  der nicht beabsichtigen  der Vertrag aufrechtzuerhalten  der anderer Partei entschädigen  wenn sie der Gefahr nicht kennen oder haben wissen müssen 	werden der Gefahr von ein dritter wahrnehmen  so müssen der Gefahr  der nicht beabsichtigen  der Vertrag aufrechtzuerhalten   wenn dieser der Gerechtigkeit entsprechen  der anderer Partei entschädigen  wenn sie der Gefahr nicht kennen oder haben kennen müssen 	Wurde der Gefahr von ein dritter wahrnehmen  so müssen der Gefahr  der nicht beabsichtigen  der Vertrag aufrechtzuerhalten   wenn dieser der Gerechtigkeit entsprechen  der anderer Partei entschädigen  wenn sie nicht wusste oder haben wissen müssen  daß der Gefahr drohen 
Ist die Erwerbsfähigkeit eingeschränkt oder wird ein Bediensteter als dienstunfähig erklärt, steht ihm unter bestimmten Voraussetzungen auch bereits in jüngeren Jahren eine Rente zu.	Erwerbsfähigkeit	Arbeitsfähigkeit	sein der Erwerbsfähigkeit einschränken oder werden ein Arbeitnehmer für dienstunfähig erklären  so haben er Anspruch auf ein Rente unter bestimmt Bedingung  auch in jung Jahr 	werden der Arbeitsfähigkeit einschränken oder werden ein Arbeitnehmer für dienstunfähig erklären  so haben er Anspruch auf ein Rente unter bestimmt Voraussetzung  auch in jung Jahr 	werden der Arbeitsfähigkeit einschränken oder werden ein Arbeitnehmer für dienstunfähig erklären  so haben er Anspruch auf ein Rente unter bestimmt Voraussetzung  auch in jung Jahr 
Ist die anhängig gewordene Rechtssache der inländischen Gerichtsbarkeit oder doch den ordentlichen Gerichten entzogen, so hat das angerufene Gericht in jeder Lage des Verfahrens seine Unzuständigkeit und die Nichtigkeit des vorangegangenen Verfahrens sofort durch Beschluß auszusprechen .	Verfahren	Hauptverhandlung	werden der anhängig Rechtsstreit der national Gericht oder auf jeder Fall der ordentlich Gericht entziehen  so haben der angerufen Gericht in jeder Stand der Verfahren unverzüglich sein Unzuständigkeit und der Ungültigkeit der früh Gericht durch Beschluss zu erklären 	werden der anhängig Fall der national Gericht oder in jeder Fall der ordentlich Gericht entziehen  so müssen der angerufen Gericht in jeder Stand der Entscheidung unverzueglich sein Unzuständigkeit und der Nichtigkeit der früh Gericht durch Beschluss für nichtig erklären 	werden der anhängig Fall der innerstaatlich Gericht oder in jeder anderer Fall der ordentlich Gericht entziehen  so müssen der angerufen Gericht in jeder Stand der Verfahren unverzueglich sein Unzuständigkeit und der Nichtigkeit der früh Gericht durch Beschluß für nichtig erklären 
Ist die gesamte Dauer der verhängten Strafe abgelaufen , bleibt die Strafe erloschen und die vom Richter in dem auf Verurteilung lautenden Urteil oder durch eine spätere Verfügung angeordneten persönlichen Sicherungsmaßnahmen werden widerrufen.	persönlich Sicherungsmaßnahme	Sicherheitsmaßnahme	sein der gesamt Dauer der verhängt Strafe ablaufen  so werden der Strafe und der von Gericht in Urteil angeordnet persönlich Sicherheitsmaßnahme aufheben 	Erfolgt der gesamt Strafe  so erlischen der Strafe  und der von Gericht in sein Urteil angeordnet persönlich Sicherheitsmaßnahme oder durch ein spät Maßnahme werden aufheben 	Erfolgt der gesamt Strafe  so erlischen der Strafe  und der von Gericht in sein Urteil angeordnet Maßnahme der persönlich Sicherheit werden aufheben 
Ist ein Beschuldigter der Gerichtssprache nicht hinreichend kundig, so ist ihm, nötigenfalls durch die Beistellung eines Dolmetschers, Übersetzungshilfe zu leisten .	Dolmetscher	Interpret	können ein angeklagter der Sprache der Gericht nicht ausreichend beherrschen  so sein ihm erforderlichenfalls durch der Bereitstellung ein Dolmetscher sprachlich Hilfe zu leisten 	können ein Beschuldigter der Sprache der Gericht nicht ausreichend beherrschen  so sein ihm erforderlichenfalls durch der Bereitstellung ein Dolmetscher sprachlich Unterstützung zu gewähren 	können ein Beschuldigter der Sprache der Gericht nicht ausreichend beherrschen  so sein ihm erforderlichenfalls durch der Bereitstellung ein Dolmetscher sprachlich Unterstützung zu gewähren 
Ist ein Drittschuldner nicht vorhanden, so ist die Pfändung mit dem Zeitpunkt als bewirkt anzusehen, in welchem dem Schuldner das Gebot, sich jeder Verfügung über das Recht zu enthalten, zugestellt ist.	Gebot	Abordnung	geben es kein dritter Schuldner  so gelten der Zwangsvollstreckung als abschließen  wenn der Schuldner mitteilen werden  dass er kein Rechtsvorschrift haben 	bestehen kein Drittschuldner  so gelten der Zwangsvollstreckung als abschließen  wenn der Schuldner der Weisung zu Unterlassung von Rechtsvorschrift mitteilen werden 	geben es kein dritter  so gelten der Zwangsvollstreckung als abschließen  wenn der Schuldner mitteilen werden  dass er sich jeglicher Rechtsbestimmung entledigen 
Ist eine Schuldverschreibung auf den Inhaber für kraftlos erklärt, so kann derjenige, welcher das Ausschlußurteil erwirkt hat, von dem Aussteller  die Erteilung einer neuen Schuldverschreibung auf den Inhaber anstelle der für kraftlos erklärten verlangen.	Schuldverschreibung	Verbindlichkeit,Verpflichtung	sein ein Inhaberverpflichtung für unwirksam erklären werden  so können derjenige  der der Ausschlussurteil ergehen sein  von Emittent verlangen  dass er ein neu Inhaberverpflichtung als Ersatz für der für unwirksam erklärt ausstellen 	sein ein Inhaberschuld für nichtig erklären werden  so können der Ausschlußersuchender von Emittenter verlangen  anstelle der für nichtig erklärt Inhaberschuldverschreibung ein neu Inhaberschuldverschreibung ausstellen 	sein ein Inhaberschuld für unwirksam erklären werden  so können derjenige  der der Ausschlussurteil ergehen sein  von Emittent der Ausstellung ein neu Inhaberschuldverschreibung als Ersatz für der für nichtig erklärt Pflicht verlangen 
Ist eine Verbindlichkeit fällig, so wird der Schuldner durch Mahnung des Gläubigers in Verzug gesetzt.	Verbindlichkeit	Schuldverschreibung	sein ein Schuld fällig  so werden der Schuldner durch ein Mahnschreiben der Gläubiger verspäten 	sein ein Forderung fällig  so sein der Schuldner durch Mahnung der Gläubiger zu versäumen 	sein ein Forderung fällig  so werden der Schuldner durch Mahnung der Gläubiger in Verzug setzen 
Ist eine widerrechtlich entzogene Sache wie auch immer untergegangen oder abhandengekommen, befreit ihr Verlust denjenigen, der sie entzogen hat, nicht von der Verpflichtung, ihren Wert zu erstatten.	widerrechtlich	unerlaubt Handlung,unerlaubt Verhalten	werden etwas  wer unrechtmäßig entwenden werden  in irgendein Weise verlieren oder verlieren gehen  so entbinden der Verlust nicht der  der ihn von der Verpflichtung zu Entschädigung sein Wert enthoben haben 	wenn etwas  wer unrechtmäßig stehlen werden  verloren gehen oder verloren gehen  entbinden der Verlust nicht der  der es von der Verpflichtung befreien haben  sein Wert zu entschädigen 	wenn etwas  wer unrechtmäßig entwenden werden  verloren gehen oder verloren gehen  entbinden der Verlust nicht der  der es von der Verpflichtung befreien haben  sein Wert zu entschädigen 
Ist für den Anfang einer Frist ein Ereignis oder ein in den Lauf eines Tages fallender Zeitpunkt maßgebend, so wird bei der Berechnung der Frist der Tag nicht mitgerechnet, in welchen das Ereignis oder der Zeitpunkt fällt.	Ereignis	Erfolg	sein ein Ereignis oder ein Zeit  der innerhalb ein Tag fallen  für der Beginn ein Frist ausschlaggebend  so werden bei der Berechnung der Termin nicht der Tag berechnen  an der der Ereignis oder der Zeitpunkt fallen 	sein für der Beginn ein Frist ein Ereignis oder ein Ereignis  der innerhalb ein Tag eintreten  maßgebend  so werden bei der Berechnung der Termin nicht der Tag zählen  an der der Ereignis oder der Zeitpunkt fallen 	sein ein Ereignis oder ein Zeitpunkt  der innerhalb ein Tag eintreten  für der Beginn ein Frist ausschlaggebend  so werden bei der Berechnung der Termin nicht der Tag zählen  an der der Ereignis oder der Zeitpunkt fallen 
Ist von der einen Seite teilweise geleistet worden, so kann die Gegenleistung insoweit nicht verweigert werden, als die Verweigerung nach den Umständen, insbesondere wegen verhältnismäßiger Geringfügigkeit des rückständigen Teils, gegen Treu und Glauben verstoßen würde.	Verweigerung	Abfall	haben ein Partei der Leistung teilweise erbringen  so können der Gegenleistung nicht ablehnen werden  da der Ablehnung unter der gegeben Umstand  insbesondere wegen der relativ gering Restleistung  gegen der Grundsatz der gut Glauben verstoßen werden 	haben ein Partei der Leistung teilweise erbringen  so können der Gegenleistung nicht ablehnen werden  da der Ablehnung unter der gegeben Umstand  insbesondere wegen der relativ Geringschätzung der verbleibend Teil  gegen der Grundsatz der Treu und Glaube verstoßen werden 	haben ein Partei der Leistung teilweise erbringen  so können der Gegenleistung nicht ablehnen werden  da der Ablehnung unter der gegeben Umstand  insbesondere wegen der relativ Schwäche der verbleibend Teil  gegen der Grundsatz der Treu und Glaube verstoßen werden 
Ist zwischen dem Zahlungsdienstnutzer und seinem Zahlungsdienstleister ein bestimmter Termin für die Ausführung eines Zahlungsauftrags  vereinbart worden, kann der Zahlungsdienstnutzer den Zahlungsauftrag bis zum Ende des Geschäftstags vor dem vereinbarten Tag widerrufen.	Termin	Grenzzeichen,Verfahrensfrist,prozessual Frist	werden zwischen der Zahlungsdienstnutzer und sein Zahlungsdienstleister ein bestimmt Frist für der Ausführung ein Zahlungsauftrag vereinbaren  so können der Zahlungsdienstnutzer der Zahlungsauftrag bis zu Ende der Arbeitstag vor der vereinbart Tag widerrufen 	sein zwischen der Zahlungsdienstnutzer und sein Zahlungsdienstleister ein bestimmt Frist für der Ausführung ein Zahlungsauftrag vereinbaren werden  so können der Zahlungsdienstnutzer der Zahlungsanweisung bis zu Ende der Arbeitstag vor der vereinbart Tag widerrufen 	sein zwischen der Zahlungsdienstnutzer und sein Zahlungsdienstleister ein bestimmt Frist für der Ausführung ein Zahlungsauftrag vereinbaren werden  so können der Zahlungsdienstnutzer der Zahlungsauftrag bis zu Ende der Arbeitstag vor der vereinbart Tag zurückziehen 
Ist über Bedeutung und Wirkung einer gesetzlich vorgeschriebenen Form nicht etwas anderes bestimmt, so hängt von deren Beobachtung die Gültigkeit des Vertrages ab.	gesetzlich	rechtsgültig	sein hinsichtlich der Bedeutung und Wirkung ein vorgeschrieben Rechtsform nichts anderer bestimmen  so hängen der Gültigkeit der Vertrag davon ab  ob der Vertrag einhalten werden 	sein hinsichtlich der Bedeutung und Wirkung ein vorgeschrieben Rechtsform nichts anderer bestimmen  so hängen der Gültigkeit der Vertrag von der Einhaltung der Vertrag ab 	Sofern hinsichtlich der Bedeutung und der Wirkung ein vorgeschrieben Rechtsform nichts anderer bestimmen sein  hängen der Gültigkeit der Vertrag von der Einhaltung ab 
Je nach der Art der Strahlungsquelle und den Ausbreitungsbedingungen der optischen Strahlung sind die einzelnen Spektralbereiche (UV, VIS, IR) zu beachten.	VIS	GVP,Gesundheitsverträglichkeitsprüfung	je nach Art der Strahlenquelle und der Bedingung für der Ausbreitung der optisch Strahlung sein der einzeln Spektralband  UV  VIS  IR  zu berücksichtigen 	je nach Art der Strahlenquelle und der Bedingung für der Ausbreitung optisch Strahlung sein der einzeln Spektarbander  UV  VIS  IR  zu berücksichtigen 	je nach Art der Strahlenquelle und der Bedingung für der Ausbreitung optisch Strahlung sein der einzeln Spektarbander  UV  VIS  IR  zu berücksichtigen 
Jede Abmachung, die das Austrittsrecht ausschließt oder seine Ausübung erschwert, ist nichtig.	Austrittsrecht	Rücktrittsrecht	jeder Vereinbarung  der der Widerrufsrecht ausschließen oder der Ausübung erschweren  sein nichtig 	jeder Vereinbarung  der der Widerrufsrecht ausschließen oder der Ausübung erschweren  sein nichtig 	jeder Vereinbarung  der der Widerrufsrecht ausschließen oder der Ausübung erschweren  sein nichtig 
Jede Funkanlage muss gegebenenfalls mit der Identifikationsnummer der Konformitätsbewertungsstelle gekennzeichnet sein.	Identifikationsnummer	Benutzerkennung	jeder Funkgerät muss gegebenenfalls mit der Identifizierungscode der Konformitätsbewertungsstelle versehen sein 	jeder Funkgerät sein gegebenenfalls mit der Kenncode der Konformitätsbewertungsstelle zu kennzeichnen 	jeder Funkgerät sein gegebenenfalls mit der Kenncode der Konformitätsbewertungsstelle zu kennzeichnen 
Jede Packung und jede Außenverpackung von Rauchtabakerzeugnissen hat die folgende Informationsbotschaft zu tragen: „Tabakrauch enthält über 70 Stoffe, die erwiesenermaßen krebserregend sind.“	krebserregend	krebserzeugend Arbeitsstoff	jeder Verpackung und jeder äußerer Verpackung von Rauchtabakerzeugniss muss folgend Angabe enthalten 	jeder Verpackung und jeder äußerer Verpackung von Rauchtabakerzeugniss müssen folgend Information tragen   der Tabakrauch enthalten mehr als 70 Stoff  der nachweislich krebserregend sein  	jeder Verpackung und jeder äußerer Verpackung von Rauchtabakerzeugniss müssen folgend Information tragen   Tabakrauch enthalten mehr als 70 Stoff  der nachweislich krebserregend sein  
Jede Person gilt bis zu ihrer rechtskräftigen Verurteilung als unschuldig.	unschuldig	Nichtschuldiger	jeder Person gelten bis zu ihr endgültig Verurteilung als unschuldig 	jeder Person gelten bis zu ihr endgültig Verurteilung als unschuldig 	jeder Person gelten bis zu ihr endgültig Verurteilung als unschuldig 
Jede Werbung über die Bereitschaft zur Kreditgewährung hat - sofern sie Zahlenangaben über den Zinssatz oder die Kreditkosten enthält - den effektiven bzw. den fiktiven Jahreszinssatz, allenfalls an Hand repräsentativer Beispiele, anzugeben.	Werbung	Publizität	jeder Werbung  der der Verfügbarkeit von Kredit betreffen  muss der tatsächlich oder fiktiv Jahreszins  gegebenenfalls anhand repräsentativ Beispiel  angeben  wenn er numerisch Angabe zu Zinssatz oder zu der Kreditkosten enthalten 	jeder Bekanntmachung über der Verfügbarkeit von Kredit müssen   wenn sie numerisch Angabe über der Zinssatz oder der Kreditkosten enthalten   der tatsächlich oder fiktiv Jahreszins angeben  gegebenenfalls anhand repräsentativ Beispiel 	jeder Bekanntmachung über der Verfügbarkeit von Kredit müssen   wenn sie numerisch Angabe über der Zinssatz oder der Kreditkosten enthalten   der tatsächlich oder fiktiv Jahreszins  gegebenenfalls mit repräsentativ Beispiel  angeben 
Jede rechtsgeschäftliche Zuwendung, das Verpflichtungsgeschäft wie die Verfügung, bedarf eines Rechtsgrundes, der sie rechtfertigt und beständig macht.	Rechtsgrund	Rechtsstreit,Streitsache,Ursache	jeder Vergabe von Verhandlung  sein es der obligatorisch Geschäft oder der Anordnung  bedürfen ein Begründung und Stabilität 	jeder Vergabe von Verhandlung  sein es der obligatorisch Geschäft oder der Anordnung  bedürfen ein Begründung und Stabilität 	jeder Vergabe von Verhandlung  sein es durch der Lädenzwang oder durch der Anordnung  erfordern ein Rechtfertigung und Stabilität 
Jedem Gesellschafter dürfen für seinen Kapitalanteil Zinse gemäss Vertrag gutgeschrieben werden, auch wenn durch den Verlust des Geschäftsjahres der Kapitalanteil vermindert ist.	Kapitalanteil	Anteil	Jedem Gesellschafter können Zins auf sein Anteil gemäß der Vertrag gutgeschrieben werden  auch wenn der Anteil aufgrund der Verlust der Geschäftsjahr sinken sein 	Jedem Mitglied können gemäß der Vertrag Zins auf sein Anteil gutgeschrieben werden  auch wenn der Anteil aufgrund der Verlust der Geschäftsjahr zurückgehen sein 	Jedem Mitglied können gemäß der Vertrag Zins auf sein Anteil gutgeschrieben werden  auch wenn der Anteil aufgrund der Verlust der Geschäftsjahr zurückgehen sein 
Jedem Teilhaber gebührt ein seinem Anteil entsprechender Bruchteil der Früchte.	Teilhaber	Teilnehmer	jeder Teilnehmer haben ein Teil der Frucht  der sein Anteil entsprechen 	jeder Teilnehmer erhalten ein Teil sein Frucht  der sein Anteil entsprechen 	jeder Teilnehmer erhalten ein Teil sein Frucht  der sein Anteil entsprechen 
Jeder Ehegatte einer von Tisch und Bett geschiedenen Ehe kann den Antrag stellen, daß die Scheidung der Ehe  ausgesprochen werde.	Ehe	Eheschließung,Heirat,Trauung	jeder Ehegatt ein rechtlich getrennt Ehe können ein Antrag auf Auflösung der Ehe stellen 	jeder Ehegatte ein rechtlich getrennt Ehe können ein Antrag auf Auflösung der Ehe stellen 	jeder Ehegatte ein rechtlich getrennt Ehe können ein Antrag auf Auflösung der Ehe stellen 
Jeder Ehegatte kann ohne Mitwirkung des anderen Ehegatten  auf seinen Pflichtteil oder auf den Ausgleich eines Zugewinns verzichten .	Pflichtteil	Rücklage,Vorbehalt	jeder Ehepartner können ohne der Mitarbeit der anderer Ehegatt auf sein Vorbehalt oder auf der Ausgleich ein Vermögenserhöhung verzichten 	jeder Ehegatte können ohne Mitwirkung der anderer Ehegatt auf sein Rücklage oder der Ausgleich ein Vermögensaufstockung verzichten 	jeder Ehegatte können ohne Mitwirkung der anderer Ehegatt auf sein Rücklage oder der Ausgleich ein Vermögensaufstockung verzichten 
Jeder Grundeigentümer ist verpflichtet, auf das Begehren seines Nachbarn zur Feststellung einer ungewissen Grenze mitzuwirken, sei es bei Berichtigung der Grundbuchpläne oder bei Anbringung von Grenzzeichen.	Grenzzeichen	Befristung,Frist,Termin,prozessual Frist	jeder Grundbesitzer sein verpflichten  auf Wunsch der Nachbar an der Feststellung ein unsicher Grenze zusammenzuarbeiten  sowohl bei der Anpassung der Katasterplan als auch bei der Festlegung von Frist 	jeder Grundbesitzer sein verpflichten  auf ersuchen sein Nachbar an der Feststellung ein ungewiss Grenze mitwirken  sowohl bei der Berichtigung der Grundbuchplan als auch bei der Festlegung von Frist 	jeder Grundbesitzer sein verpflichten  auf ersuchen sein Nachbar an der Feststellung ein ungewiss Grenze mitwirken  und zwar sowohl bei der Korrektur der Katasterplan als auch bei der Festlegung von Frist 
Jeder Interpret muß sich  darum bemühen, jene Wertentscheidungen zu ermitteln, die der Gesetzgeber getroffen hat und die in den Merkmalen der gesetzlichen Regelung ihren Niederschlag findet.	Interpret	Dolmetscher	jeder Dolmetscher muss sich darum bemühen  der von Gesetzgeber getroffen Wertentscheidung zu ermitteln  der sich in der Merkmal der Regelung widerspiegeln 	jeder Dolmetscher muss sich darum bemühen  der wertvoll Entscheidung zu ermitteln  der der Gesetzgeber treffen haben und der sich in der Merkmal der Regulierung widerspiegeln 	jeder Dolmetscher muss sich darum bemühen  jener wertvoll Entscheidung zu treffen  der der Gesetzgeber treffen haben und der sich in der Charakteristika der Regulierung widerspiegeln 
Jeder Person, die bei dem Vollstreckungsverfahren beteiligt ist, muss auf Begehren Einsicht der Akten des Gerichtsvollziehers gestattet und Abschrift einzelner Aktenstücke erteilt werden.	Aktenstück	Prozesshandlung,Verfahrenshandlung	jeder Person  der an der Vollstreckungsverfahren beteiligen sein  muss auf Antrag der Akte der Gerichtsvollzieher einsehen können und ihr ein Abschrift der einzeln Verfahrenshandlung ausstellen können 	jeder Person  der an der Vollstreckungsverfahren beteiligen sein  muss auf Antrag Einsicht in der Handlung der Gerichtsvollzieher erhalten und ihr ein Abschrift der einzeln Verfahrenshandlung ausstellen können 	jeder Person  der an der Vollstreckungsverfahren beteiligen sein  muss auf Antrag Einsicht in der Handlung der Gerichtsvollzieher erhalten und ein Abschrift der einzeln Verfahrenshandlung erhalten 
Jedermann hat in der Ausübung seiner Rechte und in der Erfüllung seiner Pflichten nach Treu und Glauben zu handeln.	Treu und Glaube	gut Glaube	jeder müssen bei der Ausübung sein Recht und bei der Erfüllung sein Pflicht nach Treu und Glaube handeln 	jeder muss in gut Glaube handeln  wenn er sein Recht und Pflicht wahrnehmen 	jeder muss bei der Ausübung sein Recht und bei der Erfüllung sein Pflicht nach Treu und Glaube handeln 
Jedes Mitglied ist verpflichtet in der statutarisch vorgesehenen Weise zur Erreichung des Vereinszwecks mitzuwirken .	Mitglied	still Gesellschafter	jeder Associate sein verpflichten  bei der Erreichung der Zweck der Assoziation gemäß der in der Satzung vorgesehen Modalität zusammenzuarbeiten 	jeder Mitglied sein verpflichten  bei der Verwirklichung der Ziel der Assoziation nach Maßgabe der Statut zusammenzuarbeiten 	jeder Mitglied sein verpflichten  bei der Verwirklichung der Ziel der Assoziation nach Maßgabe der Statut zusammenzuarbeiten 
Jedes Rechtsgeschäft hat wesentliche Bestandteile, die notwendigerweise vorhanden sein müssen, damit die gewollten rechtswirkungen eintreten.	wesentlich Bestandteil	essentialia negotii,wesentlich Punkt	jeder Rechtsgeschäft haben wesentlich Verhandlung  der notwendigerweise bestehen müssen  damit der gewünscht Rechtswirkung erzielen werden können 	jeder Rechtshandel haben ein wesentlich Leugnung  der unbedingt bestehen müssen  damit der gewünscht Rechtswirkung erzielen werden 	jeder Rechtshandel haben faktisch Leugnung  der es unbedingt geben müssen  damit der gewünscht Rechtswirkung erzielen werden 
Jedes Wahlamt setzt sich aus einem Vorsitzenden und zwei Stimmenzählern zusammen, von denen einer Sekretär ist.	Wahlamt	Wahllokal,Wahlraum,Wahlsitz	jeder Wahlsitz bestehen aus ein Präsident und zwei Beobachter  von der einer als Sekretär fungieren 	jeder Wahlsitz bestehen aus ein Präsident und zwei Wahlprüfer  von der einer als Sekretär fungieren 	jeder Wahlsitz bestehen aus ein Präsident und zwei Wahlprüfer  von der einer als Sekretär fungieren 
Kein Wähler darf bewaffnet oder mit Gegenständen, die Verletzungen verursachen können, in das Wahllokal eintreten.	Wahllokal	Wahlamt	kein Wähler haben Zugang zu ein bewaffnet Wahllokal oder mit Gegenstand  der Verletzung verursachen können 	kein Wähler dürfen mit Gegenstand  der Verletzung verursachen können  Zugang zu ein bewaffnet Wahllokal haben 	kein Wähler haben Zugang zu ein bewaffnet Wahllokal oder mit Gegenstand  der Verletzung verursachen können 
Keine Sachen, sondern Gemeingut (res communes omnium) sind rechtlich die freie Luft, das fließende Wasser, das Grundwasser und das offene Meer.	Gemeingut	gemeinschaftlich Sache,gemeinschaftlich Gegenstand	sie sein kein Gut  sondern etwas Gewöhnliches  res communes omnium   rechtlich  frei Luft  fließend Wasser  Grundwasser und offen Meer 	es handeln sich nicht um Gut  sondern um etwas Gemeingut  res communes omnium   rechtlich sehen  um frei Luft  fließend Wasser  Grundwasser und offen Meer 	sie sein kein Gut  sondern etwas Gemeingut  res communes omnium   rechtlich sehen  freiluft  fließend Wasser  Grundwasser und offen Meer 
Keine Satzungen sind die Geschäftsordnungen der Parlamente und sonstige Beschlussorgane, da sie nicht von einer juristischen Person stammen und zudem nur organintern wirken .	Geschäftsordnung	Rechtsverordnung,Verordnung	der Verordnung der Parlament und anderer Beratungsgremium sein kein Satzung  da sie nicht von ein juristisch Person ausgehen und auch nur innerhalb der Organ wirksam sein 	der Regelung der Parlament und anderer Entscheidungsgremium sein nicht statutarisch  da sie nicht von ein juristisch Person ausgehen und darüber hinaus nur innerhalb der juristisch Person wirksam werden 	der Regelung der Parlament und anderer Entscheidungsgremium sein nicht statutarisch  da sie nicht von ein juristisch Person ausgehen und darüber hinaus nur innerhalb der juristisch Person wirksam werden 
Keine Servitut läßt sich eigenmächtig von der dienstbaren Sache absondern, noch auf eine andere Sache oder Person übertragen.	Servitut	Grunddienstbarkeit,Prädialservitut,Realservitut	kein Dienst dürfen willkürlich von Dienstfonds trennen oder auf ein anderer Fonds oder ein anderer Person übertragen werden 	kein Dienstleistung dürfen willkürlich von Zweckfonds trennen oder auf ein anderer Fonds oder ein anderer Person übertragen werden 	kein Dienstleistung dürfen willkürlich von Zweckfonds trennen oder auf ein anderer Fonds oder ein anderer Person übertragen werden 
Kinder bzw Unmündigen generell die Aussagefähigkeit und Aussageehrlichkeit abzusprechen ist mit dem Grundsatz der freien richterlichen Beweiswürdigung nicht zu vereinbaren.	Grundsatz der frei richterlich Beweiswürdigung	Grundsatz der frei Beweiswürdigung,Prinzip der frei Beweiswürdigung	der Kind oder Minderjährigen generell der Fähigkeit zu bezeugen und der Glaubwürdigkeit der Zeugenaussage zu leugnen  sein nicht mit der Grundsatz der frei Überzeugung vereinbar 	Kind oder minderjährige generell davon abhalten  Zeuge zu werden  und der Glaubwürdigkeit der Zeugenaussage sein nicht mit der Grundsatz der frei Überzeugung vereinbar 	der Kind oder Minderjährigen generell der Fähigkeit zu Zeugenaussage zu verweigern  und der Glaubwürdigkeit der Zeugenaussage sein nicht mit der Grundsatz der frei Überzeugung vereinbar 
Klassifizierte Informationen sind zu qualifizieren als  GEHEIM (G), wenn die Informationen vertraulich sind und ihre Preisgabe zudem die Gefahr einer erheblichen Schädigung der in Art. 20 Abs. 3 B-VG genannten Interessen schaffen würde, .	geheim	Geheimhaltung,Geheimnis	Verschlusssach müssen als geheim einstufen werden  G   wenn der Information vertraulich sein und ihr Offenlegung auch der Gefahr ein erheblich Schaden für der in Artikel 20 Absatz 3 Buchstabe B-VG genannt Interesse mit sich bringen werden 	Verschlusssach sein als geheim  G  einstufen  wenn der Information vertraulich sein und ihr Weitergabe auch der Gefahr ein erheblich Schaden für der in Artikel 20 Absatz 3 B-VG genannt Interesse mit sich bringen werden 	Verschlusssach sein als geheim  G  einstufen  wenn der Information vertraulich sein und ihr Weitergabe auch der Gefahr ein erheblich Schaden für der in Artikel 20 Absatz 3 B-VG genannt Interesse mit sich brächte 
Klauseln, die Zufallsvermutungen für Ereignisse festsetzen, die in Ansehung der Mittel und Bedingungen der Beförderung gewöhnlich vom Zufall abhängen, sind gültig.	Ereignis	Erfolg	Klausel  der Zufallsvermutung für Ereignis festlegen  der unter Berücksichtigung der Beförderungsmittel und -bedingungen in der Regel von Fall abhängig sein  sein gültig 	der Bestimmung  der Vermutung von Zufallsmoment für Ereignis enthalten  der aufgrund der Transportmittel und der Beförderungsbedingung normalerweise von Zufall abhängen  sein gültig 	Klausel  der Vermutung von Zufallsmoment für Ereignis enthalten  der aufgrund der Transportmittel und -bedingungen in der Regel von Zufall abhängen  sein gültig 
Komitees  sin von sog Initatoren  errichtete Personenverbände, die zur Förderung und Erreichung wohltätiger und gemeinnütziger Zwecke Spenden sammeln.	Spende	Abgeltung	bei der Ausschuß handeln es sich um Personenvereinigung  der von sogenannter Initiator gründen werden  der Spende für der Förderung und Verwirklichung karitativ und gemeinnützig Ziel sammeln 	bei der Ausschuß handeln es sich um Personenvereinigung  der von so genannt Initiator gründen werden und der sich mit der Förderung und Verwirklichung von Wohltätigkeit und gemeinnützig Zweck befassen 	bei der Ausschuß handeln es sich um Personenvereinigung  der von so genannt Initiator gründen werden und der sich mit der Förderung und Verwirklichung karitativ und gemeinnützig Ziel befassen 
Konservierung und Restaurierung setzt sich mit dem Begreifen, Dokumentieren, Erhalten und Wiederherstellen des materiellen Anteils von Kunst und Kulturgütern auseinander.	Konservierung	Denkmalpflege,Denkmalschutz	der Erhaltung der kulturell Erbe und der Restaurierung befassen sich mit der Verständnis  der Dokumentation  der Erhaltung und der Wiederherstellung der materiell Komponente von Kunstwerk und Kulturgut 	der Erhaltung von Kulturgüt und der Restaurierung von Kulturgütern befassen sich mit der Verständnis  der Dokumentation  der Erhaltung und der Wiederherstellung der materiell Komponente von Kunstwerk und Kulturgütern 	der Erhaltung von Kulturgüt und der Restaurierung von Kulturgütern befassen sich mit der Verständnis  der Dokumentation  der Erhaltung und der Wiederherstellung der materiell Komponente von Kunstwerk und Kulturgütern 
"Konsumtion wird nach wohl herrschender Terminologie angenommen, wenn zwar nicht wie bei der Spezialität der eine Tatbestand den anderen notwendigerweise umfasst, wohl aber ""wertmässig"" oder regelmässig ."	Konsumtion	Fusion in der Form von Absorption,Fusion in der Form von Annexion	der Absorption werden nach der vorherrschend Terminologie zulassen  wenn sie  obwohl sie nicht wie in Fall der Spezialität ein Straftat nicht unbedingt der anderer beinhalten  sie jedoch  wertmäßig  oder regelmäßig verstehen 	der Aufnahme sein nach der vorherrschend Terminologie zulässig  wenn ein Straftat  auch wenn sie nicht wie in Fall der Spezialität der anderer nicht unbedingt umfassen  sie jedoch  wertmäßig  oder regelmäßig umfassen 	der Aufnahme sein nach der vorherrschend Terminologie zulässig  wenn ein Straftat  auch wenn sie nicht wie in Fall der Spezialität der anderer nicht unbedingt umfassen  sie jedoch  wertmäßig  oder regelmäßig umfassen 
Kraftfahrzeuge und Anhänger dürfen die im Fahrzeugschein angegebene Gesamtmasse nicht überschreiten.	Fahrzeugschein	Sparbuch	Fahrzeug und Anhänger dürfen der in der Büchlein angegeben Gesamtmasse nicht überschreiten 	der Fahrzeug und Anhänger dürfen der in der Heft angegeben Gesamtmasse nicht überschreiten 	der Fahrzeug und Anhänger dürfen der in der Heft angegeben Gesamtmasse nicht überschreiten 
Kraftfahrzeuge werden unter Berücksichtigung ihrer Schadstoffemissionen den Schadstoffgruppen 1 bis 4 zugeordnet.	Schadstoffemission	Ausgabe,Begebung,Emission	Kraftfahrzeug werden aufgrund ihr Emission in der Schadstoffgruppe 1 bis 4 einstufen 	Kraftfahrzeug werden aufgrund ihr Emission in der Schadstoffklasse 1 bis 4 einstufen 	Kraftfahrzeug werden aufgrund ihr Emission in der Schadstoffklasse 1 bis 4 einstufen 
Kriterien für die Durchführung der Prüfung Deutsch als Zweitsprache im Rahmen der staatlichen Abschlussprüfung am Ende der Unterstufe	staatlich Abschlussprüfung	Staatsprüfung,Staatsprüfung zu Erlangung der Berufsbefähigung	Kriterium für der Durchführung der deutsch Prüfung als zweiter Sprache in Rahmen der staatlich Prüfung an Ende der Sekundarstufe I	Kriterium für der Durchführung der Prüfung als zweiter Sprache in Rahmen der staatlich Prüfung an Ende der Sekundarstufe I	Kriterium für der Prüfung der deutsche als zweiter Sprache in Rahmen der staatlich Prüfung an Ende der Sekundarstufe I
Kündigt der Abschlußprüfer den Prüfungsauftrag nach Absatz 6, so haben die gesetzlichen Vertreter die Kündigung dem Aufsichtsrat, der nächsten Hauptversammlung oder bei Gesellschaften mit beschränkter Haftung den Gesellschaftern mitzuteilen.	Hauptversammlung	Mitgliederversammlung,Versammlumg der Mitglied	Nimmt der Abschlussprüfer der Prüfungsauftrag gemäß Absatz 6 zurück  so teilen der gesetzlich Vertreter der Aufsichtsrat  der anschließend Versammlung oder  bei Gesellschaft mit beschränkt Haftung  der Gesellschafter der Widerruf mit 	Nimmt der Abschlussprüfer sein Prüfungsauftrag gemäß Absatz 6 zurück  so müssen der gesetzlich Vertreter der Aufsichtsrat  der nachfolgend Versammlung oder  bei Gesellschaft mit beschränkt Haftung  der Gesellschafter von der Widerruf unterrichten 	Nimmt der Abschlussprüfer sein Prüfungsauftrag gemäß Absatz 6 zurück  so teilen der gesetzlich Vertreter dieser der Aufsichtsrat  der nächster Versammlung oder  bei Gesellschaft mit beschränkt Haftung  der Gesellschafter mit 
Lagereinrichtungen  und Filteranlagen sind so zu entleeren, daß Emissionen  soweit wie möglich vermieden werden .	Emission	Ausgabe,Begebung,Emission	Speicheranlage und Filteranlage sein so zu entleeren  dass Emission so weit wie möglich vermeiden werden 	Speicheranlage und Filteranlage sein so zu entleeren  dass Emission möglichst vermeiden werden 	Speicheranlage und Filteranlage sein so zu entleeren  dass Emission so weit wie möglich vermeiden werden 
Laser-Schutzbrillen dienen dem Schutz der Augen gegen Laserstrahlung für die jeweils betreffende(n) Wellenlänge(n) im ultravioletten, sichtbaren und/oder infraroten Spektralbereich.	Schutz der Auge	Augenschutz,Augenschutzgerät	der Laserschutzbrille dienen zu Schutz der Auge vor Laserstrahlung für der jeweilig Wellenlänge  n  in ultraviolett  sichtbar und  oder infrarot Spektralfeld 	der Laserschutzbrille dienen zu Schutz der Auge vor Laserstrahlung für der entsprechend Wellenlänge  n  in sichtbar und  oder Infrarot-Spektralbereich 	der Laserschutzbrille dienen zu Schutz der Auge vor Laserstrahlung für der entsprechend  n  Wellenlänge  n  in sichtbar  ultraviolett und  oder infrarot Spektarfeld 
Leistet der Schuldner auf eine Mahnung des Gläubigers nicht, die nach dem Eintritte der Fälligkeit erfolgt, so kommt er  in Verzug.	Fälligkeit	Zumutbarkeit	Erfuellt der Schuldner ein Warnung der Gläubiger nicht  der sich nach der Verjährung richten  so sein er zu verspäten 	Erfuellt der Schuldner ein Mahnschreiben der Gläubiger nach der Fälligkeit nicht  so sein er zu versäumen 	Kommt der Schuldner ein Mahnschreiben der Gläubiger nach der Fälligkeit nicht nach  so sein er in Verzug zu setzen 
Leistet die übernehmende Gesellschaft bare Zuzahlungen, so dürfen diese den zehnten Teil des Gesamtnennbetrags der gewährten Aktien der übernehmenden Gesellschaft nicht übersteigen.	übernehmend Gesellschaft	neu Gesellschaft	Erfolgt der übernehmend Gesellschaft in Geldgleichheit  so dürfen dieser nicht mehr als der Zehntel der Gesamtwert der von der übernehmend Gesellschaft zugeteilt Aktie betragen 	Führt der übernehmend Gesellschaft zu ein finanziell Ausgleichsleistung  so dürfen dieser nicht mehr als der Zehntel der gesamt Nennbetrag der von der übernehmend Gesellschaft zugeschlagen Aktie betragen 	Tätign der übernehmend Gesellschaft ein finanziell Ausgleich  so dürfen dieser zehntel der gesamt Nennbetrag der von der übernehmend Gesellschaft zugeteilt Aktie nicht überschreiten 
Leitern müssen sicher begehbar sein. Sie müssen gegen übermäßiges Durchbiegen, starkes Schwanken und Verwinden gesichert und ausreichend tragfähig sein.	Leiter	Treppe,Treppenhaus,Treppenraum	der Treppe müssen sicher befahrbar sein  sie müssen vor übermäßig biegen  stark Schwingung und Verdrehung schützen und ausreichend tragfähig sein 	Treppe müssen sicher sein  sie müssen vor übermäßig Abschwung  stark Schwankung und stark Auswüchsen schützen und ausreichend tragfähig sein 	Treppe müssen sicher sein  sie müssen vor übermäßig Abschwung  stark Schwankung und stark Auswüchsen schützen und ausreichend tragfähig sein 
Lichtzeichen werden eingeteilt in: a) Gefahren- und Vorschriftslichtzeichen, b) Hinweislichtzeichen, b-bis) Leuchttafeln zur Anzeige der Geschwindigkeit vorbeifahrender Fahrzeuge in Echtzeit, c) normale Verkehrsampeln, d) Fahrstreifenampeln, .	Lichtzeichen	Leuchtzeichen	der Lichtsignal sein in a  Gefahre und Verschreibungsleuchte  b  Anzeigelichtsignal  b-bis  variabl Anzeigetafel zu Anzeige der Geschwindigkeit von Transitfahrzeug in Echtzeit  c  normal Ampel  d  Spuranzeich 	der Leuchtsignal sein unterteilen in a  Warn und Verschreibungsleuchte  b  Anzeigeleuchte  b-bis  veränderbar Anzeigetafel zu Anzeige der Geschwindigkeit von Transitfahrzeug in Echtzeit  c  normal Ampel  d  Spurzeichen 	der Leuchtsignal sein unterteilen in a  Warn und Verschreibungsleuchte  b  Anzeigeleuchte  b-bis  veränderbar Anzeigetafel zu Anzeige der Geschwindigkeit von Transitfahrzeug in Echtzeit  c  normal Ampel  d  Spurzeichen 
Liegenschaftseigentümer (Bauberechtigte) oder deren Bestand- oder Nutzungsnehmer sind verpflichtet, den Zutritt zu gestatten und Auskünfte zu erteilen .	Zutritt	Zugang,Zugangsöffnung,Zutrittsrecht	der Eigentümer von Gebäude  Besitzer von Baurecht  oder ihr Mieter oder Nutzungsberechtigten sein verpflichten  Zugang zu ihnen zu gewähren und Information bereitstellen 	der Eigentümer von Gebäude  Baurechtinhaber  oder ihr Mieter oder Nutzer sein verpflichten  Zugang zu ihnen zu gewähren und Information bereitstellen 	der Eigentümer von Gebäude  Baurechtinhaber  oder ihr Mieter oder Nutzer sein verpflichten  Zugang zu ihnen zu gewähren und Information bereitstellen 
Liegt außer dem genannten noch ein anderer Haftgrund vor, so kann die Haft auch noch nach Ablauf der zweimonatigen Frist andauern, jedoch nur, wenn auch nach diesen Fristen der andere Haftgrund noch fortbesteht .	Ablauf	Verwirkung	geben es zusätzlich zu der genannt Fall ein anderer Grund für der Untersuchung  so können der Haft auch nach Ablauf der Frist von zwei Monat verlängern werden  jedoch nur  wenn auch nach Ablauf dieser Frist noch der anderer Grund für der Untersuchungshaft bestehen 	geben es über der genannt Zeitraum hinaus ein anderer Grund für der Untersuchungshaft  so können der Untersuchungshaft auch nach Ablauf der Frist von zwei Monat verlängern werden  allerdings nur  wenn auch nach Ablauf dieser Frist der anderer Grund für der Untersuchungshaft bestehen 	geben es über der genannt Zeitraum hinaus ein anderer Grund für der Untersuchungshaft  so können der Untersuchungshaft auch nach Ablauf der Frist von zwei Monat verlängern werden  allerdings nur  wenn auch nach Ablauf dieser Frist der anderer Grund für der Untersuchungshaft bestehen 
List (Arglist)  ist bewußte Täuschung (zivilrechtlicher Betrug) .	Arglist	Vorsatz	der Dolo sein der bewusst Täuschung  Zivilbetrug  	der Teufel sein bewusst Betrug 	der Teufel sein bewusst Betrug  Zivilbetrug  
Lässt sich eine Gefahrenstelle nicht unverzüglich oder restlos beseitigen, so ist sie zu kennzeichnen. Dies kann geschehen durch ein Verbots-, Warn- oder Gebotszeichen, durch Farbe oder ein anderes Element, welches die Gefahr rasch und eindeutig erkennen lässt .	Gebotszeiche	Vorschriftssignal	können ein Gefahrenpunkt nicht sofort oder vollständig entfernen werden  so sein er zu kennzeichnen  dieser können durch ein Verbots  Warn oder Verjährungssignal  durch Farbe oder durch ein anderer Element geschehen  der ein schnell und eindeutig Erkennung der Gefahr ermöglichen 	können ein Gefahrenpunkt nicht sofort oder vollständig entfernen werden  so sein er zu kennzeichnen  dieser können durch ein Verbots  Warn oder Verjährungssignal  durch Farbe oder durch ein anderer Faktor geschehen  der ein schnell und eindeutig Erkennung der Gefahr ermöglichen 	können ein Gefahrenpunkt nicht sofort oder vollständig entfernen werden  so sein er zu kennzeichnen  dieser können durch ein Verbots  Warn oder Verjährungssignal  durch Farbe oder durch ein anderer Element geschehen  der ein schnell und eindeutig Erkennung der Gefahr ermöglichen 
Man unterscheidet zwischen der laufenden Registratur, in der die aktuellen Geschäftsvorgänge (die laufenden Akten) bereitgestellt werden, und der Altregistratur, in die abgeschlossene Vorgänge (geschlossenen Akten) eingeordnet werden.	Altregistratur	Zwischenarchiv	es unterscheiden sich zwischen der aktuell Archiv  in der der laufend Handelsverfahren  laufend Akt  zu Verfügung stellen werden  und der Archiv  in der der abgeschlossen Verfahren  geschlossen Akt  aufnehmen werden 	es unterscheiden sich zwischen der aktuell Archiv  in der der laufend Geschäftsvorgäng  laufend Geschäftsvorgang  zu Verfügung stellen werden  und der Speicher  in der der abgeschlossen Geschäftsvorgäng  geschlossen Geschäftsvorgang  aufnehmen werden 	es unterscheiden sich zwischen der aktuell Archiv  in der der laufend Geschäftsvorgäng  laufend Geschäftsvorgang  zu Verfügung stellen werden  und der Archiv  in der der abgeschlossen Geschäftsvorgang  geschlossen Geschäftsvorgang  aufnehmen werden 
Man unterscheidet zwischen der laufenden Registratur, in der die aktuellen Geschäftsvorgänge (die laufenden Akten) bereitgestellt werden, und der Altregistratur, in die abgeschlossene Vorgänge (geschlossenen Akten) eingeordnet werden.	laufend Registratur	laufend Archiv	es unterscheiden sich zwischen der aktuell Archiv  in der der aktuell Geschäftsprozeß  der aktuell Geschäftsprozeß  zu Verfügung stellen werden  und der Archiv  in der der abgeschlossen Geschäftsprozeß  der geschlossen Geschäftsprozeß  einfügen werden 	es unterscheiden sich zwischen der aktuell Archiv  in der aktuell Geschäftsvorgang  laufend Geschäftsvorgang  zu Verfügung stellen werden  und der Archiv  in der der abgeschlossen Geschäftsvorgang  geschlossen Geschäftsvorgang  aufnehmen werden 	es unterscheiden sich zwischen der aktuell Archiv  in der aktuell Geschäftsvorgang  laufend Geschäftsvorgang  zu Verfügung stellen werden  und der Archiv  in der der abgeschlossen Geschäftsvorgang  geschlossen Geschäftsvorgang  aufnehmen werden 
Mangelhafte Handwerkzeuge, falsche Anwendung, Sorglosigkeit im Umgang und mangelnde Übung verursachen jährlich allein im gewerblichen Bereich fast 95 000 meldepflichtige Arbeitsunfälle.	Handwerkzeug	handgehalten Werkzeug	Fehlerhafte Handwerkzeug  fehlerhaft Anwendung  Nachlässigkeit bei der Verwendung und mangelnd Praxis verursachen jährlich  nur in gewerblich Bereich  fast 95 000 Arbeitsunfall  der anzeigepflichtig sein 	Fehlerhafte Handwerkzeug  fehlerhaft Anwendung  Nachlässigkeit bei der Anwendung und mangelnd Praxis verursachen jährlich allein in gewerblich Sektor fast 95 000 Arbeitsunfall  der anzeigepflichtig sein 	Fehlerhafte Handwerkzeug  fehlerhaft Anwendung  Nachlässigkeit bei der Anwendung und mangelnd Praxis verursachen allein in gewerblich Sektor jährlich fast 95 000 anzeigepflichtig Arbeitsunfall 
Maschinen sind immer dann mit Schutzeinrichtungen auszustatten, wenn von ihnen Gefahren ausgehen, die durch ihre Konstruktion nicht ausreichend minimiert oder beseitigt werden können. Dabei lässt sich grob zwischen trennenden und nicht trennenden Schutzeinrichtungen unterscheiden.	nicht trennend Schutzeinrichtung	Sicherheitseinrichtung,Sicherheitsvorrichtung	der Maschine müssen stets mit Schutzvorrichtung ausstatten sein  wenn sie Gefahr mit sich bringen  der durch ihr Konstruktion nicht ausreichend minimieren oder beseitigen werden können  zu dieser Zweck können grundsätzlich zwischen Trennschutzvorrichtung und Sicherheitseinrichtung unterscheiden werden 	der Maschine müssen stets mit Schutzvorrichtung ausstatten sein  wenn sie Gefahr mit sich bringen  der durch ihr Konstruktion nicht ausreichend minimieren oder beseitigen werden können  dabei können grundsätzlich zwischen Trennschutzvorrichtung und Sicherheitsvorrichtung unterscheiden werden 	der Maschine müssen stets mit Schutzausrüstung ausstatten sein  wenn sie Gefahr mit sich bringen  der durch ihr Konstruktion nicht ausreichend minimieren oder beseitigen werden können  zu dieser Zweck können grundsätzlich zwischen Trennschutzvorrichtung und Sicherheitsvorrichtung unterscheiden werden 
Massnahmen zum Schutze der Arbeitnehmenden, die nebst Schutzwänden und räumlichen Abtrennungen auch Einhausungen, Isolationen und anderes mehr umfassen können, sind u. a. vorzusehen: wenn Arbeitsplätze durch Strahlung (Schweissen), Blitze oder Licht beeinträchtigt werden .	Strahlung	Annulierung	es müssen u.a. Maßnahme zu Schutz der Arbeitnehmer vorsehen werden  der neben Schutzwand und räumlich Trennwand auch Gehäuse  Isolierung und viele mehr umfassen können  wenn der Arbeitsplatz durch Strahlung  Schweißen   Blitz oder Licht beeinträchtigen werden 	es müssen unter anderer Maßnahme zu Schutz der Arbeitnehmer vorsehen werden  der neben Schutzwand und räumlich Trennwand auch Schutzhülle  Isolierung usw. umfassen können  wenn der Arbeitsplatz durch Strahlung  Schweißen   Blitz oder Licht beschädigen werden 	es müssen unter anderer Maßnahme zu Schutz der Arbeitnehmer vorsehen werden  der neben Schutzwand und räumlich Trennung auch Schutzhülle  Isolierung usw. umfassen können  wenn der Arbeitsplatz durch Strahlung  Schweißen   Blitz oder Licht beschädigen werden 
Maßnahmen des Arbeitsschutzes sind mit dem Ziel zu planen, Technik, Arbeitsorganisation, sonstige Arbeitsbedingungen, soziale Beziehungen und Einfluß der Umwelt auf den Arbeitsplatz sachgerecht zu verknüpfen.	Arbeitsorganisation	Arbeitsablauf	der Maßnahme zu Schutz an Arbeitsplatz müssen mit der Ziel planen werden  Technik  Arbeitsorganisation  anderer Arbeitsbedingung  sozial Beziehung und der Einfluss der Umwelt an Arbeitsplatz angemessen miteinander zu verknüpfen 	der Maßnahme zu Schutz an Arbeitsplatz müssen mit der Ziel planen werden  der Technik  der Arbeitsorganisation  der anderer Arbeitsbedingung  der sozial Beziehung und der Einfluß der Umwelt auf der Arbeitsplatz angemessen miteinander zu verbinden 	der Maßnahme zu Schutz an Arbeitsplatz müssen mit der Ziel planen werden  der Technik  der Arbeitsorganisation  der anderer Arbeitsbedingung  der sozial Beziehung und der Einfluß der Umwelt auf der Arbeitsplatz angemessen miteinander zu verbinden 
Maßnahmen der Bildung sind Ausgaben für die Berufsausbildung und die berufliche Weiterbildung sowie die damit in unmittelbarem Zusammenhang stehenden Nebenkosten.	beruflich Weiterbildung	Aktualisierung	bei der Ausbildungsmaßnahme handeln es sich um der Ausgabe für der beruflich Bildung und der Fortbildung sowie um der damit unmittelbar verbunden Nebenkosten 	bei der Ausbildungsmaßnahme handeln es sich um der Ausgabe für der beruflich Bildung und Fortbildung sowie um der damit verbunden Nebenkosten 	bei der Ausbildungsmaßnahme handeln es sich um Ausgabe für der beruflich Aus und Weiterbildung sowie um Nebenkosten  der unmittelbar mit dieser Ausgabe zusammenhängen 
Mehrere Grundstücke können dadurch zu einem Grundstück vereinigt werden, dass der Eigentümer sie als ein Grundstück in das Grundbuch eintragen lässt.	Grundstück	Fonds	mehrere Fonds können in ein einzig Fonds durch der Eintragung der Eigentümer in der Grundbuch als ein einzig Fonds zusammengefasst werden 	mehr Mittel können in ein einzig Fonds zusammengefasst werden  indem der Eigentümer als einzig Fonds in der Grundbuch einzahlen 	mehr Mittel können in ein Fonds zusammengefasst werden  indem der Eigentümer als einzig Fonds in der Grundbuch einschreiben 
Mehrere PAK Polyzyklische aromatische Kohlenwasserstoffe wurden von der Organisation IARC (1987) als möglicherweise krebserregend eingestuft, während Benzo(a)pyren als nachweislich kanzerogen klassifiziert ist.	kanzerogen	Karzinogen,karzinogen Arbeitsstoff	mehrere PAK  polyzyklisch aromatisch Kohlenwasserstoff  werden von der IARC-Organisation  1987  als wahrscheinlich krebserregend einstufen  während Benzo  a  pyren als sicher krebserregend einstufen werden 	mehrere PAK  polyzyklisch aromatisch Kohlenwasserstoff  werden von der IARC-Organisation  1987  als wahrscheinlich krebserregend einstufen  während Benzol  a  pyren als sicher krebserregend einstufen werden 	mehrere PAK  polyzyklisch aromatisch Kohlenwasserstoff  werden von der IARC-Organisation  1987  als wahrscheinlich krebserregend einstufen  und Benzol  a  pyren werden als sicher krebserregend einstufen 
Minderjährige und Personen, die aus einem anderen Grund als dem ihrer Minderjährigkeit alle oder einzelne ihrer Angelegenheiten selbst gehörig zu besorgen nicht vermögen, stehen unter dem besonderen Schutz der Gesetze.	Schutz	Schutzeinrichtung,Schutzvorrichtung	minderjährige und Person  der aus ein anderer Grund als ihr jung Alter nicht in der Lage sein  alle oder einige ihr Angelegenheit angemessen zu verwalten  unterliegen der besonderer Schutz der Gesetz 	minderjährige und Person  der aus ein anderer Grund als ihr eigen Alter nicht in der Lage sein  alle oder einige ihr Angelegenheit angemessen zu behandeln  unterliegen der besonderer Schutz der Gesetz 	minderjährige und Person  der aus ein anderer Grund als ihr jung Alter nicht in der Lage sein  alle oder einige ihr Angelegenheit angemessen zu behandeln  unterliegen der besonderer Schutz der Gesetz 
Mit Absonderung der Früchte erlischt  das Pfandrecht an diesen mangels einer abweichenden Vereinbarung.	Absonderung der Früchte	Trennung	mit der Trennung der Früchte erlischen der Pfandrecht auf dieser  wenn kein anderer Vereinbarung bestehen 	durch der Trennung der Frucht erlischen der Pfandrecht auf dieser  wenn kein anderer Vereinbarung treffen werden 	durch der Trennung der Frucht erlischen der Pfandrecht auf dieser  wenn kein anderer Vereinbarung treffen werden 
Mit dem Erblasser näher verwandte Nachkommen (z.B. Sohn) schliessen deren eigene Nachkommen (z.B. Enkel) von der Erbfolge aus.	Enkel	Nichte	der nächster Nachkomme der Testator  z. B. der Sohn  schließen ihr Nachkomme  z. B. der Enkel  von der Nachfolge aus 	der nächster Nachkomme der Erblasser  z. B. der Kind  schließen ihr Nachkomme  z. B. der Enkel  von der Erbfolge aus 	der nächster Nachkomme der Erblasser  z. B. der Kind  schließen ihr Nachkomme  z. B. der Enkel  von der Erbfolge aus 
Mit dem Programm E-Government Schweiz setzen Bund, Kantone und Gemeinden die entsprechende Strategie zur Verbesserung der Effizienz und Effektivität der Verwaltung und ihrer Beziehungen zu Bürgerinnen, Bürgern sowie Unternehmen um.	Effektivität	Rechtswirksamkeit,Wirksamkeit	mit der E-Government-Programm Schweiz setzen der schweizerisch Eidgenossenschaft  Kanton und Gemeinde der entsprechend Strategie zu Verbesserung der Effizienz und Effizienz der Verwaltung und ihr Beziehung zu Stadt  Bürger und Unternehmen um 	mit der E-Government-Programm Schweiz setzen der Schweiz  der Kanton und Gemeinde der entsprechend Strategie zu Verbesserung der Effizienz und Effizienz der Verwaltung und ihr Beziehung zu der Bürgerin  Bürger und Unternehmen um 	mit der E-Government-Programm Schweiz setzen der schweizerisch Eidgenossenschaft  der Kanton und der Gemeinde der entsprechend Strategie zu Verbesserung der Effizienz und Effizienz der Verwaltung und ihr Beziehung zu der Bürgerin  Bürger und Unternehmen um 
Mit dem in Art. 342 bis vorgesehenen Dekret ordnet das Gericht dem Ehegatten oder der im selben Haushalt lebenden Person  an, dieses Verhalten aufzugeben .	in selber Haushalt lebend Person	Lebensgefährte,in eheähnlich Beziehung lebend Person,in eheähnlich Gemeinschaft lebend Person	mit der in Artikel 342a vorgesehen Erlass gebieten der Gericht der Ehegatt oder der Lebensgefährte  dieser Handlung einstellen 	durch der in Artikel 342a vorgesehen Verfügung weisen der Gericht der Ehegatt oder Lebenspartner an  dieser Handlung einstellen 	durch der in Artikel 342a vorgesehen Verfügung weisen der Gericht der Ehegatt oder Lebenspartner an  dieser Handlung einstellen 
Mit der Eheschließung erwerben Ehemann und Ehefrau die gleichen Rechte und übernehmen die gleichen Pflichten.	Eheschließung	Ehe	mit der Ehe erwerben Mann und Frau der gleich Recht und Pflicht 	mit der Ehe erwerben der Mann und der Frau der gleich Recht und Pflicht 	mit der Ehe erwerben der Mann und der Frau der gleich Recht und Pflicht 
Mit der Verleihung der Satzungskompetenz wird der Selbstverwaltungskörperschaft oder der sonstigen juristischen Person ein Bereich eigener Rechtsetzungskompetenz übertragen, der sich durch die demokratische Begründung des satzunggebenden Organs zugleich aus sich selbst heraus legitimiert.	Rechtsetzungskompetenz	Selbstverwaltung	durch der Übertragung der satzungsgemäß Zuständigkeit auf der autonom Einrichtung oder auf der anderer juristisch Person werden ein Bereich eigen Rechtsautonomie übertragen  der sich gleichzeitig durch der demokratisch Gründung der Statutsorgan selbst legitimieren 	durch der Übertragung der satzungsmässig Zuständigkeit auf der unabhängig Einrichtung oder auf der anderer juristisch Person werden ein eigen Bereich der gesetzgeberisch Autonomie übertragen  der sich gleichzeitig durch der demokratisch Gründung der satzungsmässig Organ selbst legitimieren 	durch der Übertragung der satzungsmässig Zuständigkeit auf der unabhängig Einrichtung oder auf der anderer juristisch Person werden ein Bereich der eigen Rechtsautonomie übertragen  der sich gleichzeitig durch der demokratisch Gründung der satzungsmässig Organ selbst legitimieren 
Mit der ordnungsgemäßen Bekanntgabe gegenüber mindestens einer Partei tritt der Bescheid in rechtliche Existenz, d.h. er wird Bestandteil der Rechtsordnung und „gilt“ als Rechtsakt.	Bekanntgabe	Kommunikation,Mitteilung	durch der regelmäßig Mitteilung an mindestens ein Partei treten der Maßnahme in ein rechtlich Existenz ein  der heißen sie werden Teil der Rechtsordnung und  gültig  als Rechtsakt 	durch der regelmäßig Mitteilung an mindestens ein Teil werden der Maßnahme in der Rechtssystem überführen  der heißen sie werden zu Bestandteil der Rechtsordnung und zu  valent  Rechtsakt 	durch der regelmäßig Mitteilung an mindestens ein Partei treten der Maßnahme in ein rechtlich Existenz ein  der heißen sie werden Teil der Rechtsordnung und  geltend  als Rechtsakt 
Mit der Übernahme aller Aktien durch die Gründer ist die Gesellschaft errichtet.	Gründer	Initiator	mit der Übernahme aller Aktie durch der Träger sein der Gesellschaft gründen 	mit der Übernahme aller Aktie durch der Träger werden der Gesellschaft gründen 	mit der Übernahme aller Aktie durch der Träger werden der Gesellschaft gründen 
Mit Übernahme aller Aktien durch die Gründer ist die Gesellschaft errichtet.	Gründer	Stifter	mit der Übernahme aller Aktie durch der Gründer  sein der Gesellschaft gründen 	mit der Übernahme aller Aktie durch der Gründer sein der Gesellschaft gründen 	mit der Übernahme aller Aktie durch der Gründer sein der Gesellschaft gründen 
Mitarbeiter müssen bevor sie Wartungsarbeiten an einer Anlage durchführen Energiequellen und Materialströme ausschalten und die Anlage durch eine persönliche Schutzvorrichtung vor Wiedereinschalten schützen.	Schutzvorrichtung	Schutz	vor der Durchführung von Instandhaltungsarbeit an ein Anlage müssen der Mitarbeiter der Energiequelle und der Materialströme deaktivieren und der Anlage durch ein persönlich Schutzvorrichtung vor der Neustart schützen 	vor der Instandhaltung ein Anlage müssen der Arbeitnehmer Energiequelle und Materialströme abschalten und der Anlage durch ein persönlich Schutzausrüstung vor der Neustart schützen 	vor der Instandhaltung ein Anlage müssen der Arbeitnehmer Energiequelle und Materialströme abschalten und der Anlage durch ein persönlich Schutzvorrichtung vor ein Neustart schützen 
Mitglied des Vorstandes kann nur eine natürliche, unbeschränkt geschäftsfähige Person sein.	Mitglied der Vorstand	Verwalter	Administrator können nur ein natürlich Person sein  voll in der Lage zu handeln 	er können nur ein natürlich Person sein  der voll handlungsfähig sein 	er können nur ein natürlich Person sein  der voll handlungsfähig sein 
Motorfahrzeuge und ihre Anhänger dürfen nur mit Fahrzeugausweis und Kontrollschildern in Verkehr gebracht werden.	Fahrzeugausweis	Sparheft	Kraftfahrzeug und ihr Anhänger dürfen nur mit der Kontrollbuch und der Schild in Betrieb nehmen werden 	Kraftfahrzeug und Kraftfahrzeuganhänger dürfen nur mit ein Kontrollstempel und Kontrolletikette in Betrieb nehmen werden 	Kraftfahrzeug und Kraftfahrzeuganhänger dürfen nur mit ein Kontrollstempel und Kontrolletikette in Betrieb nehmen werden 
Mündet in einem Straßenabschnitt für den durch Vorschriftszeichen Verkehrsbeschränkungen kundgemacht sind, eine andere Straße ein, so können diese Beschränkungen auch schon auf der einmündeten Straße durch die betreffenden Vorschriftszeichen mit einer Zusatztafel mit Pfeilen angezeigt werden.	Vorschriftszeiche	Gebotszeiche	wenn auf ein Straßenabschnitt  für der Verkehrsbeschränkung durch Verjährungssignal bekannt machen werden  ein anderer Straße entstehen  können dieser Beschränkung bereits auf der einflussreich Straße durch der entsprechend Verjährungssignal mit ein zusätzlich Pfeiltafel anzeigen werden 	wenn in ein Straßenabschnitt  für der Verkehrsbeschränkung durch Verjährungssignal bekannt sein  ein anderer Straße entstehen  können dieser Beschränkung bereits durch entsprechend Verjährungssignal mit ein zusätzlich Schild mit Pfeil auf der einflussreich Straße anzeigen werden 	wenn in ein Straßenabschnitt  für der Verkehrsbeschränkung durch Verjährungssignal bekannt sein  ein anderer Straße entstehen  können dieser Beschränkung bereits durch der entsprechend Verjährungssignal mit ein Zusatzschild mit Pfeil auf der einflussreich Straße anzeigen werden 
Müssen Instandhaltungsarbeiten bei laufenden Maschinen durchgeführt werden, sind spezielle Schutzeinrichtungen zwingend erforderlich .	Schutzeinrichtung	Schutz	werden der Instandhaltungsarbeit an in Betrieb befindlich Maschine ausführen  so sein besonderer Schutzvorrichtung erforderlich 	werden der Instandhaltungsarbeit an in Betrieb befindlich Maschine durchführen  so sein besonderer Schutzvorkehrung erforderlich 	Müssen der Instandhaltungsarbeit an in Betrieb befindlich Maschine durchführen werden  so sein besonderer Schutzmaßnahme erforderlich 
Nach Auflösung der Ehe wird deren Ungültigkeit nicht mehr von Amtes wegen verfolgt; es kann aber jedermann, der ein Interesse hat, die Ungültigerklärung verlangen. Die Klage kann jederzeit eingereicht werden.	Klage	Aktie,handeln,Handlung,Tat,Tun,verhalten	nach der Auflösung der Ehe werden ihr Invalidität nicht mehr von Amts wegen verfolgen  sondern jeder  der daran interessiert sein  können ein Invaliditätserklärung verlangen  der Klage können jederzeit erheben werden 	nach der Auflösung der Ehe werden ihr Ungültigkeit nicht mehr von Amts wegen verfolgen  aber jeder  der ein Interesse daran haben  können der Erklärung über ihr Ungültigkeit verlangen  der Klage können jederzeit erheben werden 	nach Auflösung der Ehe werden ihr Ungültigkeit nicht mehr von Amts wegen verfolgen  aber jeder  der ein Interesse daran haben  können der Erklärung über ihr Ungültigkeit verlangen  der Klage können jederzeit erheben werden 
Nach Beendigung des Praktikums stellt die Verwaltung des Krankenhauses, an welchem das Praktikum zurückgelegt wurde, eine formelle Bestätigung aus.	Bestätigung	Zertifizierung	nach Abschluss der Praktikum stellen der Verwaltung der Krankenhaus  in der der Praktikum durchführen werden  ein formell Bescheinigung aus 	nach Abschluß der Praktikum stellen der Verwaltung der Krankenhaus  in der der Praktikum absolvieren werden  ein förmlich Bescheinigung aus 	nach Abschluß der Praktikum stellen der Verwaltung der Krankenhaus  in der der Praktikum absolvieren werden  ein förmlich Bescheinigung aus 
Nach dem Erlaß des Eröffnungsbeschlusses, durch den der Angeschuldigte zum Angeklagten geworden ist (§ 157), kommt es zur dritten Phase, dem Hauptverfahren (§ 213-275). Dessen Kernstück - wie überhaupt das Kernstück des Erkenntnisverfahrens - bildet die Hauptverhandlung (§§ 226-275).	Hauptverfahren	Verfahren	nach Erlass der Urteilserlass  mit der der angeklagter anklagen werden  Artikel 157   gelangen man in der dritter Phase  der Urteil  Artikel 213 - 275   sein Kernpunkt sein  wie in übrig der Kern der gesamt Verfahren der Prüfung  Artikel 226 - 275  	nach Erlass der Urteil  mit der der angeklagter anklagen werden  Art . 157   kommen der Urteil in der dritter Phase  Art . 213 - 275   sein Kern   wie übrigens auch der Kern der gesamt Verfahren der Rechtsdurchsetzung   sein der Verhandlung  Art . 226 - 275  	nach Erlass der Urteil  mit der der angeklagter anklagen werden  Art . 157   kommen der Urteil in der dritter Phase  Art . 213 - 275   sein Kern   wie übrigens auch der Kern der gesamt Verfahren der Rechtsdurchsetzung   sein der Auseinandersetzung  Art . 226 - 275  
Nach dem Grundsatz der Verhältnismäßigkeit sollte sichergestellt sein, dass Governance-Vereinbarungen unter anderem Vereinbarungen über Outsourcing an Cloud-Anbieter in einem angemessenen Verhältnis zu der Art, dem Umfang und der Komplexität der zugrunde liegenden Risiken stehen.	Cloud-Anbieter	Koordinator für Sicherheit und Gesundheitsschutz für der Vorbereitungsphase,Planungskoordinator	nach der Grundsatz der Verhältnismäßigkeit sollen sicherstellen werden  dass Governance-Vereinbarung  einschließlich Outsourcing-Vereinbarung mit CSP  der Art  der Umfang und der Komplexität der zugrunde liegend Risiko angemessen sein 	entsprechend der Grundsatz der Verhältnismäßigkeit sollen sicherstellen werden  dass der Governance-Vereinbarung  unter anderer auch der Outsourcing-Vereinbarung mit der CSP  der Art  der Umfang und der Komplexität der zugrunde liegend Risiko angemessen sein 	entsprechend der Grundsatz der Verhältnismäßigkeit sollen sicherstellen werden  dass Governance-Vereinbarung  unter anderer auch Outsourcing-Vereinbarung mit CSP  der Art  der Umfang und der Komplexität der zugrunde liegend Risiko angemessen sein 
Nach dem Grundsatz der freien richterlichen Beweiswürdigung  urteilt das Gericht aufgrund seiner eigenen Überzeugung von der Wahrheit oder Unwahrheit einer Tatsache, es ist weder an Beweisregeln noch an Weisungen gebunden.	Grundsatz der frei richterlich Beweiswürdigung	Grundsatz der frei Beweiswürdigung	nach der Grundsatz der frei Überzeugung entscheiden der Gericht aufgrund sein Überzeugung von der Wahrheit oder Unwahrheit ein Sachverhalt  da es weder durch Beweisregel noch durch Richtlinie binden sein 	nach der Grundsatz der frei Überzeugung beurteilen der Gericht aufgrund sein Überzeugung von der Wahrheit oder Unwahrheit ein Ereigniss  da es weder durch Beweisregel noch durch Richtlinie binden sein 	nach der Grundsatz der frei Überzeugung beurteilen der Gericht aufgrund sein Überzeugung von der Wahrheit oder Unwahrheit ein Ereigniss  da es weder durch Beweisregel noch durch Richtlinie binden sein 
Nach dem Schluß der Beweisaufnahme erhalten der Staatsanwalt und sodann der Angeklagte zu ihren Ausführungen und Anträgen das Wort. Dem Staatsanwalt steht das Recht der Erwiderung zu; dem Angeklagten gebührt das letzte Wort.	Erwiderung	Gegeneinwendung	nach Abschluss der Beweisaufnahme haben der Staatsanwaltschaft und dann der angeklagter der Wort für ihr Argument und Forderung  der Staatsanwalt haben der Recht auf Gegendarstellung  der angeklagter haben der letzter Wort 	nach der Abschluss der Beweisaufnahme haben der Staatsanwalt und damit der angeklagter der Wort für sein Argument und Forderung  und der Staatsanwalt haben der Recht auf Gegendarstellung  der angeklagter haben der letzter Wort 	nach Abschluss der Beweisaufnahme haben der Staatsanwaltschaft und damit der angeklagter der Wort für ihr Argument und Forderung  und der Staatsanwalt haben der Recht auf Gegendarstellung  der angeklagter haben der letzter Wort 
Nach der Abschaffung der Entmündigung durch das Betreuungsgesetz von 1992 beschränkt sich das Rechtsisntitut der Vormundschaft im deutschen Recht auf die Sorge für minderjährige Personen.	Vormundschaft	Schutz von Minderjährigen	nach der Aufhebung der Verbot durch der Pflegegesetz von 1992 beschränken sich der Institut für Jugendschutz in deutsch Recht auf der Betreuung Minderjähriger 	nach der Aufhebung der Verbot durch der Pflegegesetz von 1992 beschränken sich der deutsch Jugendschutzbehörde auf der Betreuung minderjährig Kind 	nach der Aufhebung der Verbot durch der Pflegegesetz von 1992 beschränken sich der deutsch Jugendschutzgesetz auf der Betreuung minderjährig Kind 
Nach erfolgreichem Abschluss des Studiums kann die Aufenthaltserlaubnis bis zu 18 Monaten zur Suche eines diesem Abschluss angemessenen Arbeitsplatzes, sofern er nach den Bestimmungen der §§ 18, 19, 19a und 21 von Ausländern besetzt werden darf, verlängert werden.	Bestimmung	Anordnung,Verfügung	nach erfolgreich Abschluss der Studium können der Aufenthaltstitel auf 18 Monat verlängern werden  um ein für dieser Studienabschluss geeignet Arbeitsplatz zu finden  sofern er von Ausländer in Sinn der § § 18  19  19a und 21 besetzen werden können 	nach erfolgreich Abschluss der Studium können der Aufenthaltstitel für der Arbeitssuche auf 18 Monat verlängern werden  sofern er von Ausländer in Sinn der Bestimmung von § § 18  19  19a und 21 besetzen werden können 	nach erfolgreich Abschluss der Studium können der Aufenthaltstitel für der Arbeitssuche auf 18 Monat verlängern werden  sofern er von Ausländer in Sinn von § § 18  19  19a und 21 besetzen werden können 
Nach fruchtlosem Ablauf dieser Frist können die Verwalter auf Gefahr und Rechnung des säumigen Gesellschafters seinen Anteil zu dem aus der letzten genehmigten Bilanz sich ergebenden Wert verkaufen.	Gefahr	Gefährdung,Risiko	nach Ablauf dieser Frist können der Verwalter der Anteil der krank Gesellschafter an der Wert verkaufen  der sich aus der letzter genehmigt Abschluss ergeben  und zwar auf Risikobasis und für der Rechnung 	nach Ablauf dieser Frist können der Mitglied der Leitungsorgan der Anteil der verstorben Gesellschafter an der Wert verkaufen  der sich aus der letzter genehmigt Haushaltsplan ergeben  und zwar auf Risiko und für Rechnung der letzter Mitglied 	nach Ablauf dieser Frist können der Direktor der Anteil der verstorben Gesellschafter an der Wert  der sich aus der letzter genehmigt Haushaltsplan ergeben  auf Risiko und für Rechnung der letzter Mitglied veräußern 
Nach ständiger Rechtsprechung des Verfassungsgerichtshofes verpflichtet der Legalitätsgrundsatz, wie er in Art18 B-VG zum Ausdruck kommt, den Gesetzgeber Zuständigkeiten unmißverständlich festzulegen.	Legalitätsgrundsatz	Legalitätsprinzip	nach der ständig Rechtsprechung der Verfassungsgericht verpflichten der in Art . 18 B-VG zu Ausdruck gebracht Grundsatz der Rechtmäßigkeit der Gesetzgeber  der Zuständigkeit eindeutig festlegen 	nach der ständig Rechtsprechung der Verfassungsgericht verpflichten der Grundsatz der Legalität  wie er in Artikel 18 B-VG zu Ausdruck kommen  der Gesetzgeber  der Zuständigkeit eindeutig festlegen 	nach der ständig Rechtsprechung der Verfassungsgericht verpflichten der Grundsatz der Legalität  wie er in Artikel 18 B-VG zu Ausdruck kommen  der Gesetzgeber  der Zuständigkeit eindeutig festlegen 
Nachdem die Eintragungen des Vertrages über die Verschmelzung gemäß dem zweiten Absatz des Artikels 2504 erfogt sind, darf die Ungültigkeit des Verschmelzungsvertrages nicht mehr ausgesprochen werden.	Ungültigkeit	Invalidität	nachdem der Eintragung der Fusionsakt gemäß Artikel 2504 Absatz 2 vornehmen werden sein  können der Nichtigkeit der Fusionsakt nicht mehr aussprechen werden 	nachdem der Eintragung der Verschmelzungsurkunde gemäß Artikel 2504 Absatz 2 vornehmen werden sein  können der Nichtigkeit der Verschmelzungsakt nicht mehr aussprechen werden 	nachdem der Eintragung der Verschmelzungsakt gemäß Artikel 2504 Absatz 2 vornehmen werden sein  können der Nichtigkeit der Verschmelzungsakt nicht mehr aussprechen werden 
Nehmen die Ehegatten das Zusammenleben wieder auf, so fallen die für das Getrenntleben angeordneten Massnahmen mit Ausnahme der Gütertrennung und der Kindesschutzmassnahmen dahin.	Getrenntleben	Trennung	wenn der Ehegatt ihr zusammenleben wieder aufnehmen  fallen der für der Trennung vorgesehen Maßnahme außer der Trennung der Gut und der Maßnahme zu Schutz der Kind 	wenn der Ehegatt wieder zusammenleben  fallen der für der Trennung vorgesehen Maßnahme außer der Trennung von Vermögensgegenständ und der Maßnahme zu Schutz der Kind außer Kraft 	werden der zusammenleben der Ehegatt wieder aufnehmen  so fallen der für der Trennung vorgesehen Maßnahme außer der Trennung von Vermögensgegenständ und der Maßnahme zu Schutz der Kind außer Kraft 
Nehmen die Ehegatten die häusliche Gemeinschaft nach Trennung wieder auf  wird die Frist unterbrochen.	Trennung	Absonderung,Absonderung der Früchte,Separation	werden der Ehegatt nach der Trennung wieder in der häuslich zusammenleben aufnehmen  so werden der Frist unterbrechen 	werden der Ehegatt nach der Trennung wieder zuhause zusammenschließen  so werden der Frist unterbrechen 	in Fall  in der der Ehegatt nach der Trennung ihr häuslich zusammenleben wieder aufnehmen  werden der Frist unterbrechen 
Neu ist, dass nur mehr auf die abstrakte Pflichtteilsberechtigung abgestellt wird. Das heißt, Schenkungen an Kinder und Enkelkinder sind jetzt immer unbefristet anrechenbar.	Enkelkind	Nichte	neu sein  dass jetzt nur noch der legitim Abstraktität erwähnen werden  wer bedeuten  dass der Spende an Kind und Enkelkind nun immer auf unbestimmt Zeit zurückführen sein 	neu sein  dass jetzt nur noch der legitim Abstraktheit erwähnen werden  wer bedeuten  dass der Spende an Kind und Enkelkind immer auf unbestimmt Zeit zuschreiben sein 	neu sein  dass jetzt nur noch der legitim Abstraktheit erwähnen werden  wer bedeuten  dass der Spende an Kind und Enkelkind immer auf unbestimmt Zeit zuschreiben sein 
Nicht unter die Verarbeitung aus Gründen der Rechtspflege fallen die ordentliche Verwaltungstätigkeit in Bezug auf das Personal, die Mittel oder die Einrichtungen, wenn dadurch nicht die Geheimhaltung von Akten gefährdet ist, die direkt mit der Durchführung von Gerichtsverfahren zusammenhängen.	Rechtspflege	Gerechtigkeit	der üblich Tätigkeit der Personal  Mittel oder Strukturverwaltung fallen nicht unter der Behandlung aus Grund der Gerechtigkeit  wenn dieser der Geheimhaltung von Handlung  der unmittelbar mit der Durchführung von Gerichtsverfahren zusammenhängen  nicht beeinträchtigen 	Ordentliche Tätigkeit in Bereich der Personalverwaltung  der Mittel oder der Struktur fallen nicht unter der Behandlung aus Grund der Gerechtigkeit  sofern dieser der Vertraulichkeit von Handlung  der unmittelbar mit der Durchführung von Gerichtsverfahren zusammenhängen  nicht beeinträchtigen 	Ordentliche Tätigkeit in Bereich der Personalverwaltung  der Mittel oder der Struktur fallen nicht unter der Behandlung aus Grund der Gerechtigkeit  sofern dadurch der Vertraulichkeit der Handlung  der unmittelbar mit der Durchführung von Gerichtsverfahren zusammenhängen  nicht beeinträchtigen werden 
Niemand kann Sicherungsmaßnahmen unterworfen werden, die nicht ausdrücklich durch das Gesetz bestimmt sind, und nicht außerhalb der Fälle, die das Gesetz vorsieht.	Sicherungsmaßnahme	Sicherheitsmaßnahme	niemand dürfen Sicherheitsmaßnahme unterwerfen werden  der nicht ausdrücklich in Gesetz vorsehen sein und nicht außerhalb der in der Gesetz vorgesehen Fall 	niemand dürfen Sicherheitsmaßnahme unterwerfen werden  der nicht ausdrücklich gesetzlich vorsehen sein und nicht außerhalb der von Gesetz vorgesehen Fall liegen 	niemand dürfen Sicherheitsmaßnahme unterwerfen werden  der nicht ausdrücklich gesetzlich vorsehen sein und nicht außerhalb der von Gesetz vorgesehen Fall liegen 
Nummer der Bauparzelle ('B.p.') : Die Kennziffer der Bauparzelle. In jeder Katastralgemeinde gibt es eine einzige Bauparzelle mit dieser Nummer.	Kennziffer	Benutzerkennung	Nummer der Bauteilchen  der Identifizierungscode der Bauteilchen  in jeder gemeinsam Kataster geben es nur ein Bauteilchen mit dieser Zahl 	Nummer der bebaubar Parzelle  ' z . B. '   Kenncode der bebaubar Parzelle  in jeder Gemeinde geben es nur ein einzig bebaubar Parzelle mit dieser Nummer 	Nummer der Bauparzelle  Kenncode der Bauparzelle  in jeder Katastergemeinde geben es nur ein Bauparzelle mit dieser Zahl 
Nur wenn Unübersichtlichkeit und Fehleranfälligkeit im Vergleich zu gleichzeitiger Einbringung mehrerer Gesuche die Erledigung erschweren, ist eine Verbindung abzulehnen.	Gesuch	Anspruch	nur wenn mangelnd Klarheit und Irrtümer in Vergleich zu gleichzeitig Einreichung mehrere Antrag der Umgehung erschweren  muss der Verbindung zurückweisen werden 	nur wenn Unklarheit und Irrtümer in Vergleich zu gleichzeitig Einreichung von Mehrfachantrag der Umgehung erschweren  muss der Verbindung ablehnen werden 	nur wenn Unklarheit und Irrtümer in Vergleich zu gleichzeitig Einreichung von Mehrfachantrag der Umgehung erschweren  muss der Verbindung ablehnen werden 
Nötigenfalls ordnet der Instruktionsrichter oder das Gericht Erhebungen über Tatsachen an, die für die Entscheidung von Bedeutung sind.	Instruktionsrichter	Untersuchungsrichter	Gegebenenfalls ordnen der Untersuchungsrichter oder der Gericht der Nachprüfung der für der Entscheidung relevant Tatsache an 	erforderlichenfalls ordnen der Ermittlungsrichter oder der Gericht Ermittlung an  um der für der Entscheidung relevant Tatsache feststellen 	Erforderlichenfalls ordnen der Ermittlungsrichter oder der Gericht der Untersuchung der für der Entscheidung relevant Tatsache an 
Oberstes Organ der Gesellschaft mit beschr. Haftung ist die Gesellschafterversammlung.	Gesellschafterversammlung	Vereinsversammlung,Versammlumg der Mitglied	der oberste Organ der Gesellschaft mit beschränkt Haftung sein der Versammlung 	der oberste Organ der Gesellschaft mit beschränkt Haftung sein der Versammlung 	der oberste Organ der Gesellschaft mit beschränkt Haftung sein der Versammlung 
Ohne Genehmigung getroffene Maßnahmen oder Vertretungshandlungen sind unzulässig und unwirksam, sofern nicht Gefahr im Verzug vorliegt.	Maßnahme	Bescheid	ohne Genehmigung erlassen Maßnahme oder Vertretungshandlung sein unzulässig und unwirksam  es sein denn  es bestehen der Gefahr ein Verzögerung 	der ohne Genehmigung getroffen Maßnahme oder Maßnahme zu Vertretung sein nicht zulässig und unwirksam  es sein denn  es bestehen ein Gefahr für der Verzögerung 	der ohne Genehmigung getroffen Maßnahme oder Maßnahme zu Vertretung sein nicht zulässig und unwirksam  es sein denn  es bestehen der Gefahr ein Verzögerung 
Ohne ausdrückliche Vereinbarung ist der Makler nicht befugt, für den Auftraggeber das vermittelte Geschäft zu schließen oder Zahlungen vom Dritten entgegenzunehmen.	Makler	Mediator	in Ermangelung ein ausdrücklich Einigung sein der Bürgerbeauftragter nicht befugen  der für der Auftraggeber vermittelt Geschäft abschließen oder Zahlung von der dritter zu erhalten 	ohne ein ausdrücklich Zustimmung sein der Bürgerbeauftragter nicht befugen  der Angelegenheit der Auftraggeber abschließen oder Zahlung von Dritter zu erhalten 	ohne ein ausdrücklich Zustimmung sein der Bürgerbeauftragter nicht befugen  der Angelegenheit der Auftraggeber abschließen oder Zahlung von Dritter zu erhalten 
Optische Strahlung ist jede elektromagnetische Strahlung im Bereich von 100 nm bis 1 mm Wellenlänge und umfasst ultraviolette Strahlung (UV), sichtbares Licht und Infrarotstrahlung (IR).	IR	ionisierend Strahlung	der optisch Strahlung sein jeder elektromagnetisch Strahlung mit ein Wellenlänge von 100 nm bis 1 mm und umfassen ultraviolett Strahlung  UV   sichtbar Licht und IR-Strahlung 	bei optisch Strahlung handeln es sich um jeder elektromagnetisch Strahlung mit ein Wellenlänge von 100 nm bis 1 mm  einschließlich ultraviolett Strahlung  UV   sichtbar Licht und IR-Strahlung 	der optisch Strahlung sein jeder elektromagnetisch Strahlung mit ein Wellenlänge von 100 nm bis 1 mm und umfassen UV-Strahlung  sichtbar Licht und IR-Strahlung 
PCB führt u.a. zu Leber- Milz- und Nierenschäden, ist krebserregend und beeinträchtigt den Sexualhormonhaushalt.	krebserregend	karzinogen Stoff,krebserzeugend Stoff	PCB verursachen unter anderer Leber  Milz und Nierenschaden  sein krebserregend und beeinträchtigen der Gleichgewicht der Sexualhormon 	PCB verursachen unter anderer Leber  Milz und Nierenschaden  sein krebserregend und beeinträchtigen der Gleichgewicht von Sexualhormon 	PCB verursachen unter anderer Leber  Milz und Nierenschaden  sein krebserregend und beeinträchtigen der Gleichgewicht von Sexualhormon 
Partikelfiltersysteme für Baumaschinen müssen:  die bei ihrem Betrieb entstehenden sekundären Schadstoffemissionen so weit begrenzen, als dies technisch und betrieblich möglich sowie wirtschaftlich tragbar ist.	Schadstoffemission	Ausgabe,Emission	Partikelfiltersystem für Baumaschine müssen der während ihr Betrieb entstehend Sekundäremission begrenzen  soweit dieser technisch und betriebsfähig und wirtschaftlich machbar sein 	Partikelfiltersystem für Baumaschine müssen der während ihr Betrieb entstehend Sekundäremission begrenzen  soweit dieser technisch und betriebstechnisch möglich und wirtschaftlich tragfähig sein 	Partikelfiltersystem für Baumaschine müssen der während ihr Betrieb entstehend Sekundäremission begrenzen  soweit dieser technisch und operationell möglich und wirtschaftlich tragfähig sein 
Personal der gesamtstaatlichen Berufsfeuerwehr, das einen vom Innenministerium - Generaldirektion für Zivilschutz und Feuerwehrdienst ausgestellten Führerschein besitzt,  ist zum Führen von Kraftfahrzeugen oder Booten des Landesfeuerwehrdienstes befähigt.	gesamtstaatlich Berufsfeuerwehr	Feuerwehr	der Personal der Feuerwehr  der über ein von Innenministerium ausgestellt Führerschein verfügen  Abteilung für Katastrophenschutz und Brandschutz  sein berechtigen  Fahrzeug oder Boot der Feuerwehrdienst der Provinz zu führen 	der von Innenministerium - Ministerium für Katastrophenschutz und Feuerwehrwesen  ausgestellt Fahrzeugführerschein sein befugen  Fahrzeug oder Boot der Provinzbranddienst zu führen 	der von Innenministerium  Ministerium für Katastrophenschutz und Feuerwehr  ausgestellt Führerscheinpersonal der Feuerwehr sein berechtigen  Fahrzeug oder Boot der Provinzbranddienst zu führen 
Personen im Ausland bedürfen für den Erwerb von Grundstücken einer Bewilligung der zuständigen kantonalen Behörde.	Bewilligung	Ermächtigung,Genehmigung	Person in Ausland benötigen ein Genehmigung der für der Erwerb von Geld zuständig kantonal Behörde 	Person in Ausland benötigen ein Genehmigung der für der Erwerb von Geld zuständig kantonal Behörde 	Person in Ausland benötigen ein Genehmigung der für der Erwerb von Geld zuständig kantonal Behörde 
Persönliche Schutzausrüstung (PSA) dient dem Schutz der Beschäftigten vor schädigenden Einwirkungen bei der Arbeit. Dazu gehören u. a. Schutzhandschuhe, Schutzbrille, Atemschutz, Haarschutz oder Schutzkleidung.	Haarschutz	Schutz der Haar	persönlich Schutzausrüstung  PSA  dienen der Schutz der Arbeitnehmer vor schädlich Auswirkung an Arbeitsplatz  einschließlich Schutzhandschuh  Schutzbrille  Atemschutz  Haarschutz oder Schutzkleidung 	persönlich Schutzausrüstung  PSA  sollen der Arbeitnehmer vor schädlich Auswirkung an Arbeitsplatz schützen  u. a. Schutzhandschuh  Schutzbrille  Atemschutz  Schutz von Haar oder Schutzkleidung 	persönlich Schutzausrüstung  PSA  sollen der Arbeitnehmer vor schädlich Auswirkung an Arbeitsplatz schützen  u. a. Schutzhandschuh  Schutzbrille  Atemschutz  Haarschutz oder Schutzkleidung 
Planer und Bauleiter, Gerüstersteller und Gerüstbenutzer sind in der Pflicht, wenn es um sichere Arbeitsgerüste geht.	Bauleiter	DL	Konstrukteur und DLs  Montagebetrieb und Nutzer von Gerüste sein in Bezug auf sicher Gerüst verpflichten 	für sicher Gerüst sein Planer und DL  Installateur und Benutzer von Gerüsten verantwortlich 	Konstrukteur und DLs  Installateur und Benutzer von Gerüste sein in Bezug auf sicher Gerüst verpflichten 
Positiv getestete Personen müssen sich unverzüglich nach Kenntniserlangung des positiven Testergebnisses in Isolation begeben.	Isolation	Isolierung	der Testperson sollen sich sofort in Einzelhaft befinden  sobald sie von der positiv Testergebnis erfahren haben 	Person  der der Test positiv aufnehmen haben  müssen sich sofort in Isolationshaft befinden  sobald sie von ein positiv Testergebnis erfahren haben 	der Person  der der Test positiv aufnehmen haben  müssen sich sofort in Isolationshaft befinden  sobald sie von der positiv Testergebnis erfahren haben 
Postleitzahl gemäss SNV Norm 612040 (Gebäudeadressen)ist unter der Postleitzahl grundsätlich eine 6-stellige zu verstehen, wobei auf der Adresse nur die ersten 4 Ziffern dargestellt werden.	Postleitzahl	Befähigungsnachweis	CAP gemäß SNV 612040  Adresse der Gebäude  sein grundsätzlich ein 6-stellig CAP  obwohl nur der erster vier Ziffer auf der Adresse angeben sein 	CAP gemäß SNV 612040  Gebäudeadressat  sein grundsätzlich ein sechsstellig CAP  obwohl nur der erster vier Ziffer in der Leitlinie angeben sein 	CAP gemäß SNV 612040  Gebäudeadressat  sein grundsätzlich ein sechsstellig CAP  obwohl nur der erster vier Ziffer in der Leitlinie angeben sein 
Pyrotechnische Gegenstände für Fahrzeuge mit insgesamt mehr als 10 kg Nettoexplosivstoffmasse müssen in einem eigenen Lagerraum gelagert werden, wobei die Zusammenlagerung mit Fahrzeugteilen oder Materialien, die nicht explosionsgefährlich, brandfördernd, hochentzündlich, leichtentzündlich und bzw. oder ätzend sind, zulässig ist.	brandfördernd	brandfördernd Stoff	Pyrotechnische Gegenstand für Fahrzeug mit ein Nettogesamtmasse von mehr als 10 kg sein in ein separat Lagerraum zu lagern  da ein gemeinsam Lagerung mit Teil von Fahrzeug oder Materiali zulässig sein  der nicht explosiv  oxidierend  hochentzündlich  leicht entzündlich und  oder korrosiv sein 	Pyrotechnische Gegenstand für Fahrzeug mit ein Gesamtnettomasse von mehr als 10 kg Sprengstoff sein in ein gesondert Lagerraum zu lagern  da sie zusammen mit Teil von Fahrzeug oder Materiali lagern werden dürfen  der nicht explosionsgefährlich  brandfördernd  hochentzündlich  leicht entzündlich und  oder ätzend sein 	Pyrotechnische Gegenstand für Fahrzeug mit ein Gesamtmasse von mehr als 10 kg sein in ein gesondert Lagerraum zu lagern  da sie zusammen mit Teil von Fahrzeug oder Materiali lagern werden dürfen  der nicht explosionsgefährlich  brandfördernd  hochentzündlich  leicht entzündlich und  oder ätzend sein 
Recht ist gekennzeichnet durch seine Abstraktheit, Allgemeinheit, Verbindlichkeit und Publizität.	Allgemeinheit	Personalie	der Recht zeichnen sich durch sein Abstraktion  Allgemeines  Bindung und Werbung aus 	der Recht sein durch sein Abstraktheit  Verallgemeinerung  Bindung und Werbung kennzeichnen 	der Recht sein durch sein Abstraktheit  Verallgemeinerung  Bindung und Werbung kennzeichnen 
Rechtsgüterschutz und objektive Unrechtslehre bilden zusammen das Fundament der klassischen Strafrechsauffassung, die sich auf	Rechtsgüterschutz	Rechtsschutz	der rechtlich Schutz und der objektiv Doktrin der Gesetz bilden zusammen der Grundlage für der klassisch Konzeption der Strafrecht  der auf	der Rechtsschutz und der objektiv Doktrin der rechtswidrig Handlung bilden zusammen der Grundlage für der klassisch Strafrechtskonzept  der auf	der rechtlich Schutz und der objektiv Doktrin der rechtswidrig Handlung bilden zusammen der Grundlage der klassisch Strafrecht  der auf
Rechtsmittel dienen einerseits der Überprüfung und allfälligen Verbesserung von gerichtlichen Entscheiden auf Antrag einer Partei. . Aud der anderen Seite besteht ein Bedürfnis nach Rechtssicherheit.	Rechtsmittel	Anfechtung,Rechtsmittelverfahren	der Rechtsmittel dienen einerseits der Überprüfung und eventuell Verbesserung gerichtlich Entscheidung auf Antrag ein Partei  andererseits sein Rechtssicherheit erforderlich 	der Rechtsmittel dienen einerseits der Überprüfung und eventuell Verbesserung der gerichtlich Entscheidung auf Antrag ein Partei  andererseits sein Rechtssicherheit erforderlich 	der Rechtsmittel dienen einerseits der Überprüfung und eventuell Verbesserung der gerichtlich Entscheidung auf Antrag ein Partei  andererseits sein Rechtssicherheit erforderlich 
Rechtsmittel sind insoweit zulässig, als sie gegen die Entscheidungen der mit den Klagen befassten Gerichte überhaupt stattfinden.	Rechtsmittel	Anfechtung,Rechtsmittelverfahren	Rechtsmittel sein insoweit zulässig  als sie gegen der Entscheidung der Gericht  der mit der Klage befassen sein  einlegen werden können 	Rechtsmittel sein insoweit zulässig  als sie gegen der Entscheidung der Gericht  der mit Klage angefochten werden  anfechtbar sein 	Rechtsmittel sein insoweit zulässig  als sie gegen der Entscheidung der Gericht  der mit der Klage anhängig sein  geltend machen werden können 
Rechtsprechung in Zivil- und Strafsachen ist in Österreich ausschließlich Sache unabhängiger Richter.	Rechtsprechung	Gerichtsbarkeit	der gerichtlich Zuständigkeit in Zivil und Strafsache in Österreich liegen ausschließlich bei unabhängig Gericht 	der gerichtlich Zuständigkeit in Zivil und Strafsache in Österreich liegen ausschließlich bei unabhängig Gericht 	der gerichtlich Zuständigkeit in Zivil und Strafsache in Österreich liegen ausschließlich bei unabhängig Gericht 
Rechtsverordnungen sind Rechtsnormen, die von Stellen der Exekutive erlassen werden.	Exekutive	vollziehend Gewalt	bei der Verordnung handeln es sich um Rechtsvorschrift  der von Organ der Exekutive erlassen werden 	Verordnung sein Rechtsvorschrift  der von Exekutivorgan erlassen werden 	Verordnung sein Rechtsvorschrift  der von Exekutivorgan erlassen werden 
Rechtzeitige Prozesshandlungen eines Streitgenossen wirken auch für säumige Streitgenossen; ausgenommen ist das Ergreifen von Rechtsmitteln.	säumig	säumig Partei	der fristgemäß Verfahrenshandlung ein litisconsorten treten auch für der kontumiert Litisconsorten in Kraft  mit Ausnahme der Einlegens von Rechtsmittel 	der fristgemäß Verfahrensakt ein Litisconsort haben auch Wirkung für der Abwesenheitslegisconsortie  mit Ausnahme der Einlegung von Rechtsmittel 	der einstweilig Verfügung ein Litisconsort werden auch für der Abwesenheitslegisconsortie wirksam  mit Ausnahme der Einlegung von Rechtsmittel 
Rutschfeste und gereinigte Treppenstufen helfen mit, Unfälle zu vermeiden.	Treppenstufe	Leiterstufe,Stufe	der rutschfest und sauber Stufe tragen dazu bei  Unfall zu vermeiden 	Rutschfest und sauber Stufe tragen zu Vermeidung von Verletzung bei 	Rutschfest und sauber Stufe tragen zu Vermeidung von Verletzung bei 
Sachen des Familienguts dürfen, wenn dies nicht ausdrücklich im Gründungsakt zugelassen wurde, nicht veräußert, hypothekarisch belastet, als Pfand gegeben oder wie auch immer gebunden werden, es sei denn mit Zustimmung beider Ehegatten .	Zustimmung	Einwilligung	der Vermögen der Familienvermögen dürfen nur dann enteignen  verpfänden  verpfändet oder anderweitig binden werden  wenn dieser in Gründungsakt ausdrücklich zulässig sein  es sein denn  beide Ehegatt haben zustimmen 	der Vermögenswert der Familienvermögen dürfen nur dann verpfänden  verpfänden  verpfändet oder anderweitig binden werden  wenn dieser in Gründungsakt ausdrücklich zulässig sein  mit Ausnahme der Zustimmung beide Ehegatt 	der Vermögenswert der Familienvermögen dürfen nur dann verpfänden  verpfänden  verpfändet oder anderweitig binden werden  wenn dieser in Gründungsakt ausdrücklich zulässig sein  mit Ausnahme der Zustimmung beide Ehegatt 
Sachlich bleibt die Normsetzungskompetenz auf den Kreis jener Verwaltungsaufgaben beschränkt, die dem Verwaltungsträger oder der Verwaltungseinheit zur autonomen Besorgung zugewiesen wurden .	Normsetzungskompetenz	Autonomie	in materiell Hinsicht sein der Regulierungsautonomie nach wie vor auf der Verwaltungsaufgabe beschränken  der der Verwaltungsbehörde oder der Verwaltungseinheit für der eigenständig Durchführung übertragen werden 	in materiell Hinsicht bleiben der Autonomie der Rechtsvorschrift auf der Verwaltungsaufgabe beschränken  der der Verwaltungsbehörde oder der Verwaltungseinheit für der eigenständig Durchführung übertragen werden 	in materiell Hinsicht bleiben der Regulierungsautonomie auf der Verwaltungsaufgabe beschränken  der der Verwaltungsbehörde oder der Verwaltungseinheit für der eigenständig Durchführung übertragen werden 
Sachverhalt und Entscheidung Der klagende Werkunternehmer führte die von ihm vorgenommenen Werkleistungen nicht ordnungsgemäß durch, weshalb der beklagte Werkbesteller Verbesserung begehrte.	Werkbesteller	Auftraggeber,Geschäftsherr,Kommittent,Versender	Sachverhalt und Entscheidung der Auftragnehmer haben der von ihm erbracht Leistung nicht ordnungsgemäß ausführen  weshalb der vereinbart Auftraggeber der Verbesserung beantragen haben 	Sachverhalt und Entscheidung der Auftragnehmer haben der von ihm erbracht Leistung nicht ordnungsgemäß ausführen  weshalb der vereinbart Auftraggeber der Verbesserung beantragen haben 	Sachverhalt und Entscheidung der Auftragnehmer haben der von ihm erbracht Leistung nicht ordnungsgemäß ausführen  weshalb der vereinbart Auftraggeber der Verbesserung beantragen haben 
Schließt der Minderjährige einen Vertrag ohne die erforderliche Einwilligung des gesetzlichen Vertreters, so hängt die Wirksamkeit des Vertrags von der Genehmigung des Vertreters ab.	Wirksamkeit	Effektivität	wenn der Kind ein Vertrag ohne der erforderlich Zustimmung der gesetzlich Vertreter abschließen  hängen der Wirksamkeit der Vertrag von der Zustimmung der Vertreter ab 	werden ein Vertrag von der Kind ohne der erforderlich Zustimmung der gesetzlich Vertreter schließen  so hängen der Wirksamkeit der Vertrag von der Zustimmung der Vertreter ab 	werden ein Vertrag von der Kind ohne der erforderlich Zustimmung der gesetzlich Vertreter schließen  so hängen der Wirksamkeit der Vertrag von der Zustimmung der Vertreter ab 
Schon vorher - insbesondere nach Abschluß eines Gesellschaftsvertrags - besteht unter den Beteiligten eine Gründungsgesellschaft (Vorgesellschaft).	Gründungsgesellschaft	Kapitalgesellschaft	bereits früh bestehen ein Kapitalgesellschaft  Unternehmen in Ausbildung  zwischen der Teilnehmer  insbesondere nach Abschluss ein Gesellschaftsvertrag 	bereits vorher   insbesondere nach Abschluss ein Gesellschaftsvertrag   bestehen zwischen der Teilnehmer ein Kapitalgesellschaft  in der Ausbildung befindlich Gesellschaft  	bereits vorher   insbesondere nach Abschluss ein Gesellschaftsvertrag   bestehen zwischen der Teilnehmer ein Kapitalgesellschaft  in der Ausbildung befindlich Gesellschaft  
Schuldforderungen entstehen aus rechtmäßigem oder rechtswidrigem Verhalten. Ähnlich dem römischen Recht teilen wir sie in Schuldverhältnisse aus Vertrag/Rechtsgeschäft und aus Delikt .	Delikt	rechtswidrig Handlung	der finanziell Verbindlichkeit ergeben sich aus ein rechtmäßig oder rechtswidrig verhalten  wie der römisch Recht teilen wir sie in Schuldverhältnis aus Vertrag  Geschäft und unerlaubt Handlung auf 	der finanziell Schuldverhältnis entstehen aus ein rechtmäßig oder rechtswidrig Verhalten  der wir ebenso wie der römisch Recht in Schuldverhältnis aus rechtlich Vertrag  Geschäft und aus rechtswidrig Handlung aufteilen 	Geldschuldverschreibung entstehen aus gesetzwidrig oder rechtswidrig verhalten  und wir teilen sie wie der römisch Recht in vertrag bzw. handelsrechtlich Schuldverhältnis und rechtswidrig Handlung auf 
Schuldverhältnisse entstehen aus Vertrag, aus unerlaubter Handlung oder aus jeder sonstigen Handlung oder Tatsache, die nach der Rechtsordnung solche zu begründen geeignet ist.	unerlaubt Handlung	rechtswidrig Handlung	der Verpflichtung ergeben sich aus ein Vertrag  ein rechtswidrig Handlung oder aus ein sonstig Handlung oder ein Handlung  der eignen sein  sie nach der Rechtsordnung zu erzeugen 	der Schuldverhältnis entstehen aus ein Vertrag  ein rechtswidrig Handlung oder ein sonstig Handlung  der eignen sein  sie nach der Rechtssystem zu begründen 	der Schuldverhältnis entstehen aus ein Vertrag  ein rechtswidrig Handlung oder ein sonstig Handlung oder Handlung  der eignen sein  sie nach der Rechtssystem zu begründen 
Schutz des Gehörs ist in jungen Berufsjahren besonders wichtig.	Schutz der Gehör	Gehörschutz,Gehörschutzmittel	der Gehörschutz sein in der erster Jahr der beruflich Tätigkeit besonders wichtig 	der Schutz der Gehör sein in der erster Jahr der beruflich Tätigkeit besonders wichtig 	der Schutz der Gehör sein in der erster Jahr der beruflich Tätigkeit von besonderer Bedeutung 
Schwerpunkt der verschiedenen Sicherheitsprogramme ist  regelmässig der Schutz der Hände: beispielsweise Schutz vor mechanischen Gefährdungen durch technische Massnahmen wie Verdecke, Abschrankungen oder Lichtschranken, Schutz vor Schnittverletzungen durch geeignete Handschuhe oder Hautschutz gegen Allergien und Infektionen.	Schutz der Hand	Handschutz	der Schwerpunkt der verschieden Sicherheitsprogramm sein regelmäßig der Schutz der Hand  zu Beispiel Schutz vor mechanisch Gefahr durch technisch Maßnahme wie Schutzhülle  Barriere oder Lichtschranke  Schutz vor Schnittverletzung durch geeignet Handschuh oder Schutz der Haut vor Allergie und Infektion 	der Schwerpunkt der verschieden Sicherheitsprogramm sein regelmäßig der Schutz der Hand  zu Beispiel Schutz gegen mechanisch Gefahr durch technisch Maßnahme wie Bedachung  Barriere oder Lichtgrenze  Schutz gegen Schnittverletzung durch geeignet Handschuh oder Schutz der Haut vor Allergie und Infektion 	der Schwerpunkt der verschieden Sicherheitsprogramm sein regelmäßig der Schutz der Hand  zu Beispiel Schutz gegen mechanisch Gefahr durch technisch Maßnahme wie Bedachung  Barriere oder Lichtgrenze  Schutz gegen Schnittverletzung durch geeignet Handschuh oder Schutz der Haut vor Allergie und Infektion 
Schwerpunkt für den Einsatz der Finanzhilfen sind die Stärkung von Innenstädten und Ortsteilzentren in ihrer städtebaulichen Funktion unter besonderer Berücksichtigung des Wohnungsbaus sowie der Belange des Denkmalschutzes und der Denkmalpflege, .	Denkmalpflege	Konservierung	der Schwerpunkt der finanziell Unterstützung liegen auf der Stärkung der Stadt und Stadtzentrum in ihr städtebaulich Funktion  insbesondere in Wohnungsbau und in Schutz der Denkmäler und der Erhaltung der kulturell Erbe 	der Schwerpunkt für der Verwendung der finanziell Unterstützung liegen auf der Stärkung der Stadt und Stadtzentrum in ihr städtebaulich Funktion  insbesondere in Wohnungsbau und in der Erfordernis der Schutz von Denkmal und der Erhaltung von Kulturgut 	der Schwerpunkt der finanziell Unterstützung liegen auf der Stärkung der Stadt und Stadtzentrum in ihr städtebaulich Funktion  insbesondere in Wohnungsbau und in der Erfordernis der Schutz von Denkmal und der Erhaltung von Kulturgut 
Schädiger ist, wer eine Ursache zum Unfall gesetzt hat, unbekümmert darum, ob er ihn auch verschuldete.	Ursache	Rechtsgrund,Rechtsstreit,Streitsache,causa	für der Schaden sein derjenige verantwortlich  der der Unfall verursachen haben  unabhängig davon  ob er ihn auch sündhaft belästigen haben 	wer der Unfall verursachen haben  tragen der Verantwortung für der Schaden  unabhängig davon  ob er ihn auch schuldhaft täuschen haben 	für der Schaden sein derjenige verantwortlich  der der Unfall verursachen haben  unabhängig davon  ob sie ihn auch schuldhaft verschulden haben 
Servituten, Grenzzeichen und die zum gemeinschaftlichen Gebrauche nötigen Urkunden sind keiner Teilung fähig.	Grenzzeichen	Befristung,Frist,Termin,Verfahrensfrist,prozessual Frist	der für der gemeinsam Gebrauch erforderlich Dienst  Frist und Dokument können nicht teilen werden 	der für der gemeinsam Gebrauch erforderlich Dienst  Frist und Dokument sein nicht spaltbar 	der für der gemeinsam Gebrauch erforderlich Dienst  Frist und Dokument können nicht teilen werden 
Sicherheitsvorrichtungen müssen unabhängig von betrieblich erforderlichen Mess- und/oder Steuereinrichtungen funktionieren. Soweit möglich, muss der Ausfall einer Sicherheitsvorrichtung durch geeignete technische Maßnahmen schnell genug erkannt werden, so dass gefährliche Zustände mit hoher Wahrscheinlichkeit nicht eintreten können.	Sicherheitsvorrichtung	nichttrennend Schutzeinrichtung	der Sicherheitseinrichtung müssen unabhängig von der für der Betrieb erforderlich Mess und / oder Kontrolleinrichtung betreiben werden  soweit möglich  muss der Ausfall ein Sicherheitseinrichtung durch geeignet technisch Maßnahme so rechtzeitig erkennen werden  dass gefährlich Situation nicht mit hoch Wahrscheinlichkeit auftreten können 	der Sicherheitseinrichtung müssen unabhängig von der für der Betrieb erforderlich Mess und / oder Kontrolleinrichtung funktionieren  der Ausfall ein Sicherheitsvorrichtung sein so weit wie möglich durch geeignet technisch Maßnahme so rechtzeitig zu erkennen  dass gefährlich Situation nicht mit hoch Wahrscheinlichkeit auftreten können 	der Sicherheitseinrichtung müssen unabhängig von der für der Betrieb erforderlich Mess und / oder Kontrolleinrichtung betreiben werden  der Ausfall ein Sicherheitseinrichtung muss so weit wie möglich durch geeignet technisch Maßnahme rechtzeitig erkennen werden  damit gefährlich Situation nicht mit hoch Wahrscheinlichkeit auftreten können 
Sicherheitszeichen müssen deutlich erkennbar und dauerhaft angebracht sein, d. h. :  Verbots-, Warn- und Gebotszeichen am Zugang zum Gefahrenbereich; .	Gebotszeiche	Vorschriftszeiche	der Sicherheitssignal müssen deutlich erkennbar und dauerhaft angebracht sein  der heißen Verbot  Warn und Verjährungssignal für der Zugang zu Gefahrenzone 	der Sicherheitssignal müssen deutlich erkennbar und dauerhaft angebracht sein  der heißen der Zeichen der Verbot  der Warnung und der Verjährung bei Zugang zu Gefahrenbereich 	der Sicherheitssignal müssen deutlich erkennbar und dauerhaft angebracht sein  der heißen der Zeichen der Verbot  der Warnung und der Verjährung bei Zugang zu Gefahrenbereich 
Sie Treuhand ist dadurch gekennzeichnet, daß jemand (der Treuhänder) für einen anderen (der Treugeber) kraft einer besonderen Vereinbarung (der Treuhandabrede) Rechtsmacht über dessen Vermögenswerte (das Treugut) ausübt.	Treuhänder	Betreuer	der vertrauen sein dadurch kennzeichnen  dass jemand  der Treuhänder  aufgrund ein besonderer Vereinbarung  der Treuhandpakt  für ein anderer  der Vertrauensgeber  ein Rechtsbefugnis über der Vermögen  der Treuhandvermögen  ausüben 	der vertrauen sein dadurch kennzeichnen  dass jemand  der Treuhänder  aufgrund ein besonderer Vereinbarung  der Treuhandpakt  für ein anderer  der Treuhänder  ein rechtlich Befugnis über der Vermögen  der Treuhandvermögen  ausüben 	der vertrauen sein dadurch kennzeichnen  dass jemand  der Treuhänder  aufgrund ein besonderer Vereinbarung  der Treuhandpakt  für ein anderer  der Treuhänder  ein rechtlich Befugnis über der Vermögen  der Treuhandvermögen  ausüben 
Sie die Servitut der Wohnung ist also eine Servitut des Gebrauches von dem Wohngebäude.	Servitut der Gebrauch	Brauch,Gewohnheitsrecht	der Wohnung sein also ein Dienstmädchen der Wohngebäude 	der Behausung sein also ein Behausung der Wohngebäude 	der Behausung sein also ein Behausung der Wohngebäude 
Sind seit der Vollendung eines Dienstvergehens mehr als zwei Jahre vergangen, darf ein Verweis nicht mehr erteilt werden.	Verweis	Zensur	sein mehr als zwei Jahr nach Abschluss ein Dienstvorschriftsvorschrift vergehen  so können kein Zensur mehr erheben werden 	sein mehr als zwei Jahr nach Abschluss ein Dienstvorschriftsverletzung vergehen  so können kein Zensur mehr verhängen werden 	sein mehr als zwei Jahr nach Abschluss ein Dienstvorschriftsverletzung vergehen  so können kein Zensur mehr verhängen werden 
Sind zur Durchführung der Beförderung besondere Urkunden erforderlich, hat der Absender diese dem Beförderer bei der Übergabe der zu befördernden Sachen auszuhändigen.	Beförderung	Frachtvertrag	sein für der Durchführung der Beförderung besonderer Unterlage erforderlich  so muss der Absender sie der Beförderer zu Zeitpunkt der Lieferung der zu befördernd Gegenstand übergeben 	sein für der Durchführung der Beförderung besonderer Unterlage erforderlich  so haben der Absender sie der Luftfrachtführer zu Zeitpunkt der Lieferung der zu befördernd Gegenstand zu liefern 	sein für der Durchführung der Beförderung besonderer Unterlage erforderlich  so haben der Absender sie der Luftfrachtführer zu Zeitpunkt der Lieferung der zu befördernd Gegenstand zu liefern 
Sofern nichts anderes angezeigt wird , muss das Fahrzeug beim Halten und Parken so nah wie möglich am rechten Fahrbahnrand abgestellt werden, und zwar parallel zu diesem und in Fahrtrichtung.	halten	Haltestelle	Sofern nicht anders angeben  sein der Fahrzeug so nah wie möglich an der rechter Seite der Fahrbahn zu halten und in Fahrtrichtung zu parken 	Sofern nichts anderer bestimmen sein  sein der Fahrzeug so nah wie möglich parallel und in Fahrtrichtung an rechter Rand der Fahrbahn zu halten und zu parken 	Sofern nichts anderer bestimmen sein  sein der Fahrzeug anhalten und so nah wie möglich parallel und in Fahrtrichtung an rechter Rand der Fahrbahn zu parken 
Solange alle Teilhaber einverstanden sind, stellen sie nur eine Person vor, und haben das Recht, mit der gemeinschaftlichen Sache nach Belieben zu schalten.	Teilhaber	Teilnehmer	solange aller Teilnehmer einverstanden sein  benennen sie nur ein einzig Vertreter und haben der Recht  über der gemeinsam Sache nach eigen Ermessen zu verfügen 	solange aller beteiligter einverstanden sein  benennen sie nur ein Vertreter und haben der Recht  nach eigen Gutdünken über der gemeinsam Gut zu verfügen 	solange aller beteiligter einverstanden sein  benennen sie ein einzig Vertreter und haben der Recht  nach eigen Gutdünken über der gemeinsam Sache zu verfügen 
Solange di Staatsanwaltschaft noch keine Weisungen für die Durchführung der Erhebungen erteilt hat, erhebt die Gerichtspolizei alle der Aufklärung der Tat und der Ermittlungen des Schuldigen dienlichen Umstände.	Schuldiger	schuldig	solange der Staatsanwaltschaft noch kein Richtlinie für der Durchführung der Ermittlung erlassen haben  stellen der Polizei aller Umstand fest  der für der Feststellung der Sachverhalt und der Feststellung der Täter von Bedeutung sein 	solange der Staatsanwaltschaft noch kein Leitlinie für der Durchführung der Ermittlung erlassen haben  nehmen der Polizei aller Umstand zu Kenntnis  der für der Feststellung der Tat und der Feststellung der Schuldigen von Nutzen sein 	solange der Staatsanwaltschaft noch kein Richtlinie für der Durchführung der Ermittlung erlassen haben  nehmen der Polizei aller Umstand zu Kenntnis  der für der Feststellung der Tat und der Feststellung der Schuldigen von Nutzen sein 
Solange die Staatsanwaltschaft noch keine Weisungen für die Durchführung der Erhebungen erteilt hat, erhebt die Gerichtspolizei alle der Aufklärung der Tat und der Ermittlung des Schuldigen dienlichen Umstände.	Umstand	Beweiselement,Beweisumstand,Element	solange der Staatsanwaltschaft noch kein Richtlinie für der Durchführung der Ermittlung erlassen haben  nehmen der Polizei aller für der Feststellung der Straftat und der Ermittlung der Täter zweckdienlich Information zu Kenntnis 	solange der Staatsanwaltschaft noch kein Leitlinie für der Durchführung der Ermittlung erlassen haben  ermitteln der Polizei aller für der Ermittlung der Straftat und der Ermittlung der Täter nützlich Element 	solange der Staatsanwaltschaft noch kein Richtlinie für der Durchführung der Ermittlung erlassen haben  nehmen der Polizei aller für der Ermittlung der Straftat und der Ermittlung der Täter nützlich Information zu Kenntnis 
Solange nicht die Absonderung erfolgt, bilden die Früchte einen Bestandteil der Sache.	Absonderung	Ehetrennung,Trennung	solange der Trennung nicht erfolgen sein  sein der Früchte ein integral Bestandteil der Sache 	solange es kein Trennung geben haben  sein der Früchte ein wesentlich Bestandteil der Sache 	solange es kein Trennung geben haben  sein der Früchte ein wesentlich Bestandteil der Sache 
Soll die Geltung eines Vorschriftszeichens auf eine oder mehrere Verkehrsarten beschränkt werden, so ist die sinnbildliche Darstellung der Verkehrsart auf einem Zusatzschild unterhalb des Verkehrszeichen darzustellen.	Vorschriftszeiche	Gebotszeiche	sein der Gültigkeit ein Verschreibungssignal auf ein oder mehrere Verkehrsart beschränken  so sein der symbolisch Darstellung der Verkehrstyp auf ein zusätzlich Schild unterhalb der Straßensignal darstellen 	sein der Gültigkeit ein Verjährungssignal auf ein oder mehrere Verkehrsart beschränken  so sein der symbolisch Darstellung der Verkehrstyp auf ein Ergänzungstafel unterhalb der Straßenverkehrssignal darstellen 	sein der Gültigkeit ein Verjährungssignal auf ein oder mehrere Verkehrsart beschränken  so sein der symbolisch Darstellung der Verkehrstyp auf ein Ergänzungstafel unterhalb der Straßenverkehrssignal darstellen 
Soll die Rechtswirksamkeit beseitigt oder deren Eintritt verhindert werden, so ist gegen die Verfügung fristgerecht Beschwerde zu führen.	Rechtswirksamkeit	Effektivität,Wirksamkeit	sein der Wirksamkeit zu beseitigen oder zu verhindern  dass sie eintreten  so muss unverzüglich Beschwerde gegen der Maßnahme einlegen werden 	sein der Wirksamkeit zu beseitigen oder zu verhindern  dass sie eintreten  so muss unverzüglich Beschwerde gegen der Maßnahme einlegen werden 	sein der Wirksamkeit zu beseitigen oder zu verhindern  dass sie eintreten  so muss unverzüglich Beschwerde gegen der Maßnahme einlegen werden 
Soweit das Bundesrecht die Geltung kantonalen Rechtes vorbehält, sind die Kantone befugt, zivilrechtliche Bestimmungen aufzustellen oder aufzuheben.	Bestimmung	Anordnung,Verfügung	soweit sich der Bundesrecht der Anwendung der Kantonsrecht vorbehalten  sein der Kanton berechtigen  Bestimmung der Zivilrecht zu erlassen oder aufheben 	soweit der Bundesrecht der Anwendung der Kantonsrecht vorbehalten  sein der Kanton berechtigen  zivilrechtlich Bestimmung zu erlassen oder aufheben 	soweit der Bundesrecht der Anwendung der Kantonsrecht vorbehalten  sein der Kanton berechtigen  zivilrechtlich Bestimmung zu erlassen oder aufheben 
Soweit das Gesetz nichts anderes bestimmt, können die Parteien für einen bestehenden oder für einen künftigen Rechtsstreit über Ansprüche aus einem bestimmten Rechtsverhältnis einen Gerichtsstand vereinbaren.	Rechtsstreit	Rechtsgrund,Streitsache,Ursache,causa	Sofern nach der Gesetz nichts anderer bestimmen sein  können der Partei ein Gerichtsstand vereinbaren  der für ein bestehend oder künftig Rechtsstreit zuständig sein  der sich auf Anspruch aus ein bestimmt Rechtsverhältnis beziehen 	Sofern der Recht nichts anderer bestimmen  können der Partei ein Gerichtsstand vereinbaren  der für ein bestehend oder künftig Rechtsstreit zuständig sein  der Anspruch aus ein bestimmt Rechtsverhältnis betreffen 	Sofern der Recht nichts anderer bestimmen  können der Partei ein Gerichtsstand vereinbaren  der für ein bestehend oder künftig Rechtsstreit über Anspruch aus ein bestimmt Rechtsverhältnis zuständig sein 
Soweit die Dauer der Fristen zur Vornahme von Prozesshandlungen nicht unmittelbar durch das Gesetz bestimmt wird (gesetzliche Fristen), hat sie der Richter mit Rücksicht auf die Erfordernisse und die Beschaffenheit des einzelnen Falles festzusetzen (richterliche Fristen).	Richter	Gericht	soweit der Dauer der Frist für der Vollstreckbarerklärung nicht unmittelbar durch der Gesetz bestimmen sein  gesetzlich Frist   muss sie von Gericht unter Berücksichtigung der Erfordernis und der Art der Einzelfall  gerichtlich Frist  festlegen werden 	soweit der Dauer der Frist für der Vollstreckbarerklärung nicht unmittelbar von Gesetz bestimmen werden  gesetzlich Frist   muss sie von Gericht unter Berücksichtigung der Erfordernis und der Art der Einzelfall  gerichtlich Frist  festlegen werden 	soweit der Dauer der Frist für der Vollstreckbarerklärung nicht unmittelbar von Gesetz bestimmen werden  gesetzlich Frist   muss sie von Gericht unter Berücksichtigung der Erfordernis und der Art der Einzelfall  gerichtlich Frist  festlegen werden 
Soweit die Öffentlichkeit einer Verhandlung ausgeschlossen worden ist, ist es untersagt, Mitteilungen daraus zu veröffentlichen. Auch kann das Gericht den anwesenden Personen die Geheimhaltung der Tatsachen zur Pflicht machen, die durch die Verhandlung zu ihrer Kenntnis gelangen.	Geheimhaltung	Geheimnis,geheim	soweit der Bekanntmachung ein mündlich Verhandlung ausschließen sein  sein es verbieten  von ihr Mitteilung zu veröffentlichen  der Gericht können der anwesend Person auch der Geheimnis über der Tatsache auferlegen  von der sie in der mündlich Verhandlung Kenntnis erhalten 	soweit der Bekanntmachung ein Verhandlung ausschließen sein  sein es untersagen  Mitteilung von ihr zu veröffentlichen  der Gericht können der anwesend Person auch der Geheimhaltung der Tatsache auferlegen  von der sie durch der Verhandlung Kenntnis erhalten 	soweit der Bekanntmachung ein Verhandlung ausschließen sein  sein es untersagen  Mitteilung von ihr zu veröffentlichen  ferner können der Gericht der anwesend Person der Geheimhaltung der Tatsache auferlegen  von der sie durch der Verhandlung Kenntnis erhalten 
Soweit dies die Rechte des Nießbrauchers nicht berührt, ist die Sache dem Eigentümer zugeordnet.	Nießbraucher	Fruchtnießer	soweit dieser der Recht der Nutznießer nicht beeinträchtigen  werden der Sache der Eigentümer zugeschrieben 	soweit dieser der Recht der Nutznießer nicht beeinträchtigen  werden dieser der Eigentümer zugeschrieben 	soweit dieser der Recht der Nutznießer nicht beeinträchtigen  werden dieser der Eigentümer zugeschrieben 
Soweit technisch durchführbar, müssen die diffusen Emissionen zusammengeführt werden.	Emission	Ausgabe	soweit technisch möglich  sein diffus Emission zu leiten 	soweit technisch durchführbar  sein diffus Emission zu leiten 	soweit technisch durchführbar  sein diffus Emission zu leiten 
Sowohl das Invalidengeld als auch die Erwerbsunfähigkeitsrente werden aufgrund der einbezahlten Beiträge errechnet. Unter Umständen kommt eine Aufstockung auf die so genannte „Mindestrente“ zur Anwendung.	Erwerbsunfähigkeitsrente	Zivilinvalidenrente	sowohl der Invalidität als auch der Erwerbsunfähigkeitsrente werden auf der Grundlage der gezahlt Beitrag berechnen  unter bestimmt Umstand gelten ein Ergänzung der so genannt  Mindestrente  	sowohl der Invaliditätszulage als auch der Invaliditätsrente werden auf der Grundlage der gezahlt Beitrag berechnen  wobei unter bestimmt Umstand ein Ergänzung der so genannt Mindestrente gelten 	sowohl der Invalidität als auch der Invaliditätszulage werden auf der Grundlage der gezahlt Beitrag berechnen  wobei unter bestimmt Umstand der so genannt Mindestrente zu berücksichtigen sein 
Sparurkunden dürfen ausschließlich von den zum Spareinlagengeschäft berechtigten Kreditinstituten ausgegeben werden. Nur für diese Urkunden ist es erlaubt, die Bezeichnung „Sparbuch“, „Sparbrief“ oder eine Wortverbindung, die den Bestandteil „spar“ enthält, zu führen.	Sparbuch	Zulassungsbescheinigung,Zulassungsbescheinigung Teil I	Sparbücher dürfen nur von Kreditinstitut ausgeben werden  der zu Einsammlung von Spareinlage berechtigen sein  nur für dieser Wertpapier sein der Bezeichnung  Buchwert  oder  Spargut  oder ein Kombination von Wort  der der Begriff  sparen  enthalten  zulässig 	Sparbücher dürfen nur von Kreditinstitut ausgeben werden  der zu Einsammlung von Spareinlage berechtigen sein  nur für dieser Wertpapier dürfen der Bezeichnung  Buchstabe    gut Spareinlage  oder ein Kombination von Wort verwenden werden  der der Begriff  Spareinlage  enthalten 	Sparbücher dürfen nur von Kreditinstitut ausgeben werden  der zu Entgegennahme von Spareinlage berechtigen sein  nur für dieser Wertpapier dürfen der Bezeichnung  Buchstabe    gut Spareinlage  oder ein Kombination von Wort verwenden werden  der der Begriff  Spareinlage  enthalten 
Sprechen keine wichtigen Gründe dagegen, so hat die Behörde einem tauglichen nahen Verwandten275 oder dem Ehegatten des zu Bevormundenden bei der Wahl den Vorzug zu geben, unter Berücksichtigung der persönlichen Verhältnisse und der Nähe des Wohnsitzes.	Vorzug	Vortritt	geben es kein schwerwiegend Behinderungsgrund  so haben der Behörde bei der Wahl ein geeignet nah verwandte oder der Ehegatt der Verurteilten Vorrang einräumen  wobei der persönlich Umstand und der Nähe der Wohnsitz zu berücksichtigen sein 	bestehen kein schwerwiegend Hindernis  so haben der zuständig Behörde bei der Wahl ein berechtigt eng verwandte oder der Ehegatt der Rechtsanwalt unter Berücksichtigung der persönlich Umstand und der Nähe der Wohnsitz Vorrang einräumen 	geben es kein schwerwiegend Grund für ein Behinderung  so haben der zuständig Behörde bei der Wahl ein berechtigt eng verwandte oder der Ehegatt der Ehegatt Vorrang einräumen  wobei der persönlich Umstand und der Nähe der Wohnsitz zu berücksichtigen sein 
Stehen mehrere Ansprüche gegen eine beklagte Partei in einem sachlichen Zusammenhang, so ist jedes Gericht zuständig, das für einen der Ansprüche zuständig ist.	Anspruch	Antrag,Gesuch	sein mehrere Antrag gegen ein Beklagter durch ein objektiv Verhältnis verbinden  so sein jeder Gericht zuständig  der für einer der Antrag zuständig sein 	sein mehrere Antrag gegen ein beklagt Partei durch ein objektiv Verhältnis verbinden  so sein jeder Gericht zuständig  der für einer der Antrag zuständig sein 	sein mehrere Antrag gegen ein beklagt Partei durch ein objektiv Verhältnis verbinden  so sein jeder Gericht zuständig  der für einer der Antrag zuständig sein 
Steht einer der Ehegatten unter Vormundschaft oder Pflegschaft, ist auch der Vormund oder der Beistand widerspruchsberechtigt.	Vormundschaft	Schutz,Wahrung	werden einer der Ehegatt schützen oder behandeln  so sein auch der Vormund oder Kurator berechtigen  Widerspruch einlegen 	werden einer der Ehegatt schützen oder behandeln  so sein auch der Vormund oder Verwalter berechtigen  Einspruch einlegen 	werden einer der Ehegatt schützen oder behandeln  so sein auch der Vormund oder Verwalter berechtigen  Einspruch einlegen 
Stellt die Bank ein Sparbuch aus, so sind die Einzahlungen und Behebungen in das Buch einzutragen.	Sparbuch	Fahrzeugschein	wenn der Bank ein Buch aussendeen  sein der Einzahlung und Auszahlung in der Buch eintragen 	wenn der Bank ein Ausweis ausstellen  müssen der Zahlung und Entnahme in der Ausweis eintragen werden 	wenn der Bank ein Ausweis ausstellen  sein der Einzahlung und Entnahme in der Ausweis eintragen 
Stellt sich  heraus, dass die Schadensnachricht unbegründet ist oder dass die Elemente nicht ausreichen, um vor Gericht die Verantwortung vorzuhalten, verfügt der Staatsanwalt die Archivierung der Ermittlungsakte.	Element	Umstand	stellen sich heraus  dass der Meldung ein Schaden unbegründet sein oder dass der Angabe nicht ausreichen  um der Anklage zu stützen  so stellen der Staatsanwaltschaft der Akte der Untersuchung auf 	stellen sich heraus  dass der Mitteilung der Schaden unbegründet sein oder dass der Fakt nicht ausreichen  um der Anklage zu stützen  so ordnen der Staatsanwalt der Einstellung der Ermittlungsakte an 	stellen sich heraus  dass der Mitteilung der Schaden unbegründet sein oder dass der Fakt nicht ausreichen  um der Anklage vor Gericht zu stützen  so ordnen der Staatsanwalt der Archivierung der Ermittlungsakte an 
Stockwerkeigentum ist der Miteigentumsanteil an einem Grundstück, der dem Miteigentümer das Sonderrecht gibt, bestimmte Teile eines Gebäudes ausschliesslich zu benutzen und innen auszubauen.	Stockwerkeigentum	Gemeinschaft der Stockwerkeigentümer,Stockwerkeigentümergemeinschaft	der Eigentumswohnung sein der Anteil der Eigentum an ein Fonds  der der Eigentümer der ausschließlich Recht verleihen  bestimmt Teil ein Gebäude intern zu nutzen und zu vervollkommnen 	der Eigentumswohnung sein der Anteil der Miteigentümer an ein Fonds  der der Miteigentümer der ausschließlich Recht verleihen  bestimmt Teil ein Gebäude intern zu nutzen und zu vervollkommnen 	der Kondom sein der Anteil der Miteigentümer an ein Fonds  der der Miteigentümer der ausschließlich Recht verleihen  bestimmt Teil ein Gebäude intern zu nutzen und zu vervollkommnen 
Strafrechtlich relevantes Verhalten nach § 32 Abs 2 SMG bezieht sich nach der Legaldefinition des § 4 SMG nur aufkonkrete, in Anhang 1 der Verordnung (EG) Nr 273/2004 betreffend Drogenausgangsstoffe, , erfasste Substanzen.	strafrechtlich	Vergütungsbetrag,Vertragsstrafe	der straffällig relevant verhalten in Sinn von § 32 Absatz 2 SMG beziehen sich gemäß der gesetzlich Definition von § 4 SMG nur auf konkret Stoff  der in Anhang 1 der Verordnung  EG  Nr. 273  2004 über Drogenausgangsstoff aufführen sein 	der nach § 32 Absatz 2 SMG strafbar verhalten beziehen sich gemäß der Rechtsdefinition von § 4 SMG nur auf konkret Stoff  der in Anhang 1 der Verordnung  EG  Nr. 273  2004 über Drogenausgangsstoff aufführen sein 	der strafrechtlich relevant verhalten in Sinn von § 32 Absatz 2 SMG beziehen sich gemäß der rechtlich Definition von § 4 SMG nur auf konkret Stoff  der in Anhang 1 der Verordnung  EG  Nr. 273  2004 über Drogenausgangsstoff aufführen sein 
Streitfragen, die zwischen den Parteien über die Zulassung des Schiedseids entstehen, werden vom Senat entschieden.	Zulassung	Zugeständnis	der strittig Frage  der sich zwischen der Partei hinsichtlich der Zulassung der Entscheidungseid ergeben  werden von Senat entscheiden 	der strittig Frage  der sich zwischen der Partei hinsichtlich der Anerkennung der Entscheidungsvereideung stellen  werden von Senat entscheiden 	der strittig Frage  der sich zwischen der Partei hinsichtlich der Anerkennung der Entscheidungsvereidigung stellen  werden von Senat entscheiden 
Sämtliche 27 IV-Stellen der Schweiz verfügen über eine 3-stellige Kennziffer. Diese ist Bestandteil der Fallnummer .	Kennziffer	Benutzerkennung	aller 27 AI-Büro der Schweiz verfügen über ein 3-stellig Identifikationscode  dieser sein ein integral Bestandteil der Nummer der Praxis 	aller 27 AKI-Büro der Schweiz verfügen über ein 3-stellig Kenncode  der Bestandteil der Nummer der Praxis sein 	aller 27 AKI-Büro der Schweiz verfügen über ein 3-stellig Kenncode  der Bestandteil der Nummer der Praxis sein 
Sämtliche abgeschlossenen Geschäfte/Dossiers werden in die Ruhende Ablage  überführt und bleiben dort, bis die gesetzliche oder interne Aufbewahrungsfrist abgelaufen ist.	ruhend Ablage	Zwischenarchiv	aller abgeschlossen Geschäft  Dossier werden bis zu Ablauf der gesetzlich oder intern Aufbewahrungsfrist in der Archiv übertragen und dort verbleiben 	aller abgeschlossen Geschäft  Dossier werden bis zu Ablauf der gesetzlich oder intern Aufbewahrungsfrist in der Vorratslager verbracht 	aller abgeschlossen Geschäft  Dossier werden in der Vorratslager verbracht und verbleiben dort bis zu Ablauf der gesetzlich oder intern Aufbewahrungsfrist 
Teil der staatlichen Aufgabe im Bereich des Kulturgutschutzes ist es  auch, die notwendige Sensibilität zu schaffen und durch einen geeigneten Regelungsrahmen sowohl die Bedeutung des Anliegens zu unterstreichen als auch die erforderliche Rechtssicherheit zu gewährleisten.	Kulturgutschutz	Denkmalpflege,Denkmalschutz	ein Teil der Aufgabe der Staat in Bereich der Schutz von Kulturgut bestehen auch darin  der notwendig Sensibilität zu schaffen und durch ein angemessen Rechtsrahmen sowohl der Bedeutung der Antrag als auch der notwendig Rechtssicherheit zu betonen 	ein Teil der Aufgabe der Staat in Bereich der Schutz von Kulturgut bestehen auch darin  der notwendig Sensibilität zu schaffen und durch ein angemessen Rechtsrahmen sowohl der Bedeutung der Gremium als auch der notwendig Rechtssicherheit zu betonen 	ein Teil der Aufgabe der Staat in Bereich der Schutz von Kulturgut bestehen auch darin  der notwendig Sensibilität zu schaffen und durch ein angemessen Rechtsrahmen sowohl der Bedeutung der Gremium als auch der notwendig Rechtssicherheit zu betonen 
Teilnehmer können mit ihrem Namen, ihrer Anschrift und zusätzlichen Angaben wie Beruf, Branche und Art des Anschlusses in öffentliche gedruckte oder elektronische Verzeichnisse eingetragen werden, soweit sie dies beantragen.	Teilnehmer	Partei,Versicherungsnehmer,Vertragspartei	der Vertragspartner können unter ihr Name  ihr Anschrift und weit Angabe wie Beruf  Sektor und Art der Verbindung in gedruckt oder elektronisch öffentlich Liste eintragen werden  sofern sie dieser beantragen 	der Vertragspartei können auf Antrag unter ihr Name  ihr Anschrift und weit Angabe in gedruckt oder elektronisch öffentlich Verzeichnis als Beruf  Sektor und Art der Anschlußes eintragen werden 	der Vertragspartei können unter ihr Name  ihr Anschrift und weit Angabe wie Beruf  Sektor und Art der Verbindung in gedruckt oder elektronisch öffentlich Liste eintragen werden  sofern sie dieser wünschen 
Themen der präventiven Konservierung sind beispielweise  Licht , klimatische Bedingungen (relative Luftfeuchte, Temperatur etc.),  Transport,  Monitoringkonzepte.	präventiv Konservierung	Prävention,Verhütung,Vorbeugung	der Thema der Prävention sein z.B. Licht  Klimabedingung  relativ Feuchtigkeit  Temperatur usw.   Transport und Überwachung 	der Präventionsthema sein z.B. Licht  Klimabedingung  relativ Feuchtigkeit  Temperatur usw.   Transport und Überwachungskonzept 	der Präventionsthema sein z.B. Licht  Klimabedingung  relativ Feuchtigkeit  Temperatur usw.   Transport und Überwachungskonzept 
Um Mißständen bei der Werbung der Kreditinstitute zu begegnen, kann das Bundesaufsichtsamt bestimmte Arten der Werbung untersagen.	Werbung	Publizität	zu Behebung von Nachteil bei der Werbung für Kreditinstitut können der Bundesaufsichtsamt bestimmt Art von Werbung verbieten 	zu Behebung von Nachteil bei der Werbung für Kreditinstitut können der Bundesaufsichtsamt bestimmt Art von Werbung verbieten 	zu Behebung von Nachteil bei der Werbung für Kreditinstitut können der Bundesaufsichtsamt bestimmt Art von Werbung verbieten 
Um den Bürgern den Zutritt zum Arbeitsmarkt zu erleichtern, kann das Land jede Maßnahme ergreifen, die geeignet ist  die berufliche Weiterbildung und die Umschulung der Arbeitnehmer zu unterstützen .	beruflich Weiterbildung	Aktualisierung	um der Zugang der Bürger zu Arbeitsmarkt zu erleichtern  können der Land aller geeignet Maßnahme ergreifen  um der Weiterbildung und Umschulung der Arbeitnehmer zu unterstützen 	um der Zugang der Bürger zu Arbeitsmarkt zu erleichtern  können der Land aller geeignet Maßnahme ergreifen  um der Weiterbildung und Umschulung der Arbeitnehmer zu unterstützen 	um der Zugang der Bürger zu Arbeitsmarkt zu erleichtern  können der Land aller geeignet Maßnahme ergreifen  um der Weiterbildung und Umschulung der Arbeitnehmer zu unterstützen 
Unbeschadet der Verantwortlichkeit des Direktors der Anstalt können die Vermögensgüter auch Treuhändern anvertraut werden, die nicht Bedienstete der Anstalt sind.	Treuhänder	Vertrauensperson	unbeschadet der Verantwortung der Direktor der Institut können der Vermögensgegenstand auch von Treuhänder übertragen werden  der nicht an der Einrichtung beschäftigen sein 	unbeschadet der Verantwortung der Direktor der Einrichtung können der Vermögenswert auch von Treuhänder  der nicht an der Einrichtung beschäftigen sein  übertragen werden 	unbeschadet der Verantwortung der Direktor der Einrichtung können der Vermögensgegenständ auch Treuhänder anvertrauen werden  der nicht an der Einrichtung beschäftigen sein 
Uneinheitlich ist die Judikatur allerdings in der Frage, ob nur Realservituten oder auch Personaldienstbarkeiten offenkundig sein können.	Realservitut	Dienstbarkeit,Servitut	der Rechtsprechung sein jedoch unterschiedlich in der Frage  ob nur der Dienst oder sogar der persönlich Genussrecht offensichtlich sein können 	der Rechtsprechung sein jedoch in der Frage unterschiedlich  ob nur der Dienst oder auch der persönlich Genussrecht offensichtlich sein 	der Rechtsprechung sein jedoch in der Frage unterschiedlich  ob nur der Dienst oder auch der persönlich Genussrecht offensichtlich sein 
Ungerechtfertigt ist eine Einwirkung dann, wenn keine auf öffentlichem oder privatem Recht gründende Pflicht zur Duldung der Einwirkung besteht.	Duldung	Toleranz	ein Eingriff sein ungerechtfertigt  wenn kein Verpflichtung zu Toleranz gegenüber ein auf der öffentlich oder privat Recht beruhend Einmischung bestehen 	ein Eingriff sein ungerechtfertigt  wenn kein Verpflichtung zu Toleranz gegenüber ein auf der öffentlich oder privat Recht beruhend Einflussnahme bestehen 	ein Eingriff sein ungerechtfertigt  wenn kein Verpflichtung zu Toleranz gegenüber ein Eingriff auf der Grundlage der öffentlich oder privat Recht bestehen 
Unter Beachtung der Grundsätze dieses Gesetzes LG 4/2006 kann die Landesregierung eigene Abkommen mit Körperschaften, Unternehmen oder Verbänden abschließen, um besondere Sektorenpläne in den Bereichen Abfallverminderung, Abfallverwertung und Optimierung der Abfallflüsse durchzuführen.	Abfallverwertung	Bergung,Rehabilitation	in Einklang mit der Grundsätz dieser Provinzgesetz 4  2006 können der Provinzialregierung eigen Vereinbarung mit Einrichtung  Unternehmen oder Verband zu Durchführung von sektorspezifisch Plan in der Bereich Abfallvermeidung  Abfallverwertung und Optimierung der Abfallströme schließen 	in Übereinstimmung mit der Grundsatz dieser Provinzgesetz 4  2006 können der Provinzialregierung eigen Vereinbarung mit Einrichtung  Unternehmen oder Verband für der Umsetzung von sektorspezifisch Sonderplan in der Bereich Abfallvermeidung  Abfallverwertung und Optimierung der Abfallströme schließen 	in conseguenza dei Principi della Presente Legge provinciale 4  2006  La Giunta Provinciale Possono Accordare utili con enti  imprese o associazioni per l'attuazione di Piani speciali nei Settori della riduzione delle Abfalle  del Recupero di rispetto e dell'optima delle fluesse di Abfallwirtschaft 
Unter CMR-Arzneimitteln werden solche verstanden, die als krebserzeugend (C = carcinogen), erbgutverändernd (M = mutagen) oder fortpflanzungsgefährdend (R = reproduktionstoxisch) gelten .	erbgutverändernd	erbgutverändernd Stoff	als CMR-Arzneimittel gelten Arzneimittel  der als karzinoge  C = karzinogen   mutage  M = Mutage  oder reproduktionstoxisch  R = reproduktionstoxisch  gelten 	als krebserzeugend  C = krebserregend   erbgutverändernd  M = erbgutverändernd  oder fortpflanzungsgefährdend  R = fortpflanzungsgefährdend  gelten CMR-Medikament 	als krebserzeugend  C = krebserregend   erbgutverändernd  M = erbgutverändernd  oder fortpflanzungsgefährdend  R = fortpflanzungsgefährdend  gelten CMR-Arzneimittel 
Unter Diagnose versteht man die definitive, wobei die Invalidität in Prozenten ausgedrückt wird.	Invalidität	Ungültigkeit	unter Diagnose verstehen man der endgültig Diagnose  bei der der Invalidität in Prozent ausdrücken werden 	unter Diagnose verstehen man der endgültig Diagnose  bei der der Invalidität in Prozent ausdrücken werden 	unter  Diagnose  sein der endgültig Diagnose zu verstehen  bei der der Invalidität in Prozent ausdrücken werden 
Unter Vormundschaft gehört jede minderjährige Person, die sich nicht unter der elterlichen Sorge befindet.	Vormundschaft	Schutz,Wahrung	jeder minderjährig Person  der nicht unter der elterlich Verantwortung stehen  werden schützen 	jeder minderjährig Person  der nicht unter elterlich Verantwortung stehen  werden schützen 	Jedem Minderjährigen  der nicht unter elterlich Verantwortung stehen  werden Schutz gewähren 
Unterbleibt die Benachrichtigung  wegen eines vorübergehenden Hinderungsgrundes, kommt der Verantwortliche der Informationspflicht unter Berücksichtigung der spezifischen Umstände der Verarbeitung innerhalb einer angemessenen Frist nach Fortfall des Hinderungsgrundes, spätestens jedoch innerhalb von zwei Wochen, nach.	Informationspflicht	Mitteilungspflicht	Erfolgt der Meldung nicht aufgrund ein vorübergehend Hindernis  so erfüllen der verantwortliche der Mitteilungspflicht unter Berücksichtigung der besonderer Umstand der Verarbeitung innerhalb ein angemessen Frist nach Beendigung der Verbot  spätestens jedoch innerhalb von zwei Woche 	Erfolgt der Mitteilung nicht aufgrund ein vorübergehend Behinderung  so muss der verantwortliche unter Berücksichtigung der besonderer Umstand der Verarbeitung innerhalb ein angemessen Frist  spätestens jedoch innerhalb von zwei Woche nach Beendigung der Verarbeitung  der Mitteilungspflicht nachkommen 	Erfolgt der Mitteilung nicht aufgrund ein vorübergehend Behinderung  so erfüllen der verantwortliche der Mitteilungspflicht unter Berücksichtigung der besonderer Umstand der Verarbeitung innerhalb ein angemessen Frist nach Beendigung der Verarbeitung  spätestens jedoch innerhalb von zwei Woche 
Unterliegt ein Gut nicht dem Ausschlussprinzip und zudem der Nichtrivalität des Konsums, so wird auch von einem (geborenen) öffentlichen Gut gesprochen.	Gut	Leasing-Objekt,Leasingobjekt,Sache	wenn ein Vermögensgegenstand nicht der Grundsatz der Ausschluss und darüber hinaus der Nicht-Rivalität in Konsum unterliegen  werden auch von öffentlich  rein  Gut sprechen 	wenn ein Gegenstand nicht der Grundsatz der Ausschluss und darüber hinaus der Nicht-Rivalität der Verbrauch unterliegen  sein auch von  rein  öffentlich Gut der Rede 	wenn ein Gegenstand nicht der Grundsatz der Ausschluss und darüber hinaus der Nicht-Rivalität der Verbrauch unterliegen  sein auch von öffentlich  rein  Gut der Rede 
Unzulässige geschäftliche Handlungen  sind: das Angebot eines Wettbewerbs oder Preisausschreibens, wenn weder die in Aussicht gestellten Preise noch ein angemessenes Äquivalent vergeben werden; .	Preis	Prämie,Versicherungsprämie	es handeln sich um unlauter Geschäftspraktik  der Angebot ein Wettbewerb oder ein Preis  wenn weder der versprochen Prämie noch ein angemessen Äquivalent vergeben werden 	es handeln sich um unlauter Geschäftspraktik  der Angebot ein Wettbewerb oder ein Preis  wenn weder der versprochen Prämie noch ein angemessen Äquivalent vergeben werden 	es handeln sich um unlauter Geschäftspraktik  der Angebot ein Wettbewerb oder ein Preis  wenn weder der versprochen Prämie noch ein angemessen Äquivalent vergeben werden 
Urteilsfähige handlungsunfähige Personen können nur mit Zustimmung ihres gesetzlichen Vertreters Verpflichtungen eingehen oder Rechte aufgeben.	Zustimmung	Einwilligung,Konsens	Person  der handlungsunfähig  aber verständnisvoll sein  können nur mit Zustimmung ihr gesetzlich Vertreter Verpflichtung eingehen oder Recht aufgeben 	Mensch  der nicht handlungsfähig  aber scharfsinnig sein  können nur mit Zustimmung ihr gesetzlich Vertreter Verpflichtung eingehen oder Recht aufgeben 	Mensch  der handlungsunfähig  aber scharfsinnig sein  können nur mit Zustimmung ihr gesetzlich Vertreter Verpflichtung eingehen oder Recht aufgeben 
Verbrauchbare Sachen sind an sich selbst kein Gegenstand des Gebrauches oder der Fruchtnießung, sondern nur ihr Wert.	Gebrauch	Brauch,Gewohnheitsrecht	der Ding  der man konsumieren können  sein an sich nicht Gegenstand der Gebrauch oder der Gebrauch  sondern nur ihr Wert 	was konsumierbar sein  sein an sich kein Gebrauchsgegenstand  sondern nur ihr Wert 	was konsumierbar sein  sein an sich kein Gebrauchsgegenstand  sondern nur ihr Wert 
Vereine und Stiftungen sind durch öffentliche Urkunde zu gründen.	Verein	Vereinigung	Verein und Stiftung müssen durch öffentlich Urkunde gründen werden 	Verein und Stiftung müssen durch öffentlich Urkunde gründen werden 	Verein und Stiftung müssen durch öffentlich Urkunde gründen werden 
Verfügungen über die Zulassung eines Beweises können nach Anhörung der Parteien im Widerstreit widerrufen werden.	Widerstreit	rechtlich Gehör	der Entscheidung über der Zulassung ein Nachweis können nach Anhörung der kontradiktorisch Partei widerrufen werden 	der Entscheidung über der Zulassung ein Nachweis können nach Anhörung der kontradiktorisch Partei zurücknehmen werden 	der Entscheidung über der Zulassung ein Nachweis können nach Anhörung der kontradiktorisch Partei zurücknehmen werden 
Verfügungen, die der Erblasser unter dem Einfluss von Irrtum, arglistiger Täuschung, Drohung oder Zwang errichtet hat, sind ungültig.	arglistig	vorsätzlich	der Bestimmung  der der Tester unter der Einfluss von Fehler  Vorsatz  Drohung oder Gewalt erstellen haben  sein ungültig 	der Bestimmung  der der Erblasser unter der Einfluss von Fehler  Vorwurf  Drohung oder Gewalt treffen haben  sein unwirksam 	der Bestimmung  der der Erblasser unter der Einfluss von Fehler  Vorwurf  Drohung oder Gewalt treffen haben  sein unwirksam 
Verordnung zur Übertragung von Befugnissen zur Gewährung eines Härteausgleichs nach dem Unterhaltssicherungsgesetz.	Übertragung von Befugniss	Bevollmächtigung,Vollmacht,Vollmachtsurkunde	Verordnung über der Übertragung von Befugnis für der Gewährung ein Entschädigung für schwer Belastung gemäß der Gesetz über der Garantie für der Aufrechterhaltung 	Verordnung über der Übertragung von Befugnis für der Gewährung ein Entschädigung für schwer Belastung gemäß der Gesetz über der Garantie der Aufrechterhaltung 	Verordnung über der Übertragung von Befugnis zu Gewährung ein Entschädigung für schwer Belastung gemäß der Gesetz über der Gewährleistung der Aufrechterhaltung 
Verpflichtete haben Vertragspartner, gegebenenfalls für diese auftretende Personen und wirtschaftlich Berechtigte vor Begründung der Geschäftsbeziehung oder vor Durchführung der Transaktion zu identifizieren .	Durchführung	Vollstreckung	der Verpflichteten müssen der Vertragspartner  gegebenenfalls der in ihr Name handelnd Person und der wirtschaftlich Eigentümer vor der Geschäftsbeziehung oder vor der Ausführung der Transaktion identifizieren 	der pflichtverpflichtet Person müssen der Versicherungsnehmer  gegebenenfalls der in ihr Name handelnd Person und der wirtschaftlich Eigentümer vor der Begründung der Geschäftsbeziehung oder vor der Durchführung der Geschäft bestimmen 	der verpflichtet Person müssen der Versicherungsnehmer  gegebenenfalls der in ihr Name handelnd Person und der wirtschaftlich Eigentümer vor der Begründung der Geschäftsbeziehung oder vor der Durchführung der Geschäft bestimmen 
Verwaltungsrechtsakte bezwecken die unmittelbare Gestaltung der Rechtslage durch Schaffung von Regeln und Rechtsverhältnissen, Verwaltungsrealakte dagegen die unmittelbare Gestaltung der Faktenlage durch Schaffung von Tatsachen.	Verwaltungsrealakt	Realakt	der Verwaltungsakt zielen darauf ab  der Rechtslage durch der Schaffung von Rechtsvorschrift und Rechtsbeziehung unmittelbar zu gestalten  der materiell Handlung dagegen durch der Schaffung von Tatsache unmittelbar zu gestalten 	der Verwaltungsakt zielen darauf ab  der rechtlich Situation direkt zu gestalten  indem Rechtsvorschrift und Rechtsverhältnis schaffen werden  während der materiell Handlung der tatsächlich Situation direkt durch der Schaffung von Tatsache darstellen 	der Verwaltungsakt zielen darauf ab  der rechtlich Situation direkt zu gestalten  indem Rechtsvorschrift und Rechtsverhältnis schaffen werden  während materiell Handlung der tatsächlich Situation direkt durch der Schaffung von Tatsache darstellen 
Verwirkung ist im österreichischen Recht nur anerkannt, soweit im Verhalten des Berechtigten ein Verzicht zu sehen ist.	Verwirkung	Ablauf,Verfall	der Verfall werden in österreichisch Recht nur insoweit anerkennen  als in verhalten der Anspruchsberechtigten ein Verzicht feststellen werden können 	der Verfall werden in österreichisch Recht nur insoweit anerkennen  als in verhalten der Anspruchsberechtigten ein Verzicht feststellen werden können 	der Verfall werden in österreichisch Recht nur insoweit anerkennen  als in verhalten der Anspruchsberechtigten ein Verzicht feststellen werden können 
Vollstreckungshandlungen sind keine Akte unmittelbarer verwaltungsbehördlicher Befehls- und Zwangsgewalt.	Vollstreckungshandlung	Ausführungshandlung	Vollstreckbare Handlung sein kein Befehlsgewalt und kein unmittelbar Verwaltungsgewalt 	der Durchführungsrechtsakt sein kein Befehlsgewalt und kein direkt administrativ Zwangsmaßnahme 	der Durchführungsrechtsakt sein kein Befehlsgewalt und kein direkt administrativ Zwangsmaßnahme 
Vollstreckungsobjekt der Zwangsvollstreckung in Geldforderungen sind alle auf Geld gerichteten Forderungen.	Zwangsvollstreckung in Geldforderung	Zwangsvollstreckung in Forderung und anderer Vermögensrecht	Gegenstand der Enteignung durch dritter sein aller finanziell Forderung 	Gegenstand der Enteignung durch dritter sein aller finanziell Forderung 	Gegenstand der Enteignung durch dritter sein aller finanziell Forderung 
Vollzugshandlungen wie Abbruch einer baurechtswidrigen Baute aufgrund eines Abbruchbefehls, polizeiliche Einziehung eines gesundheitsgefährdenden Medikaments, Massnahmen zur Zwangsvollstreckung von Forderungen des Gemeinwesens oder Anbringung von Verkehrssignalisationen stellen keine Verfügungen dar. Dagegen liegt ihnen oft eine Verfügung  zugrunde.	Vollzugshandlung	Ausführungshandlung	Durchführungsrechtsakt wie der Abschaltung ein mißbräuchlich Bau auf der Grundlage ein Abbruchbefehl  der Rücknahme ein gesundheitsgefährdend Arzneimittel durch der Polizei  der Zwangsvollstreckung von Forderung der öffentlich Hand oder der Anbringung von Straßenschild sein kein Entscheidung  sondern stützen sich häufig auf ein Entscheidung 	Durchsetzungsmaßnahme wie der Abrissung ein mißbräuchlich Bau auf der Grundlage ein Abbruchbefehl  der Rücknahme ein gesundheitsgefährdend Arzneimittel durch der Polizei  der Zwangsvollstreckung von Forderung der öffentlich Hand oder der Anbringung von Straßenschild sein kein Entscheidung  sondern stützen sich häufig auf ein Entscheidung 	Durchsetzungsmaßnahme wie der abwracken ein mißbräuchlich Bau auf der Grundlage ein Abbruchbefehl  der Rücknahme ein gesundheitsgefährdend Arzneimittel durch der Polizei  der Zwangsvollstreckung von Forderung der öffentlich Hand oder der Anbringung von Straßenschild sein kein Entscheidung  sondern stützen sich häufig auf ein Entscheidung 
Von anderen Normenordnungen (Moral, Sitte, Brauch) unterscheidet sich das Recht durch seine staatliche Institutionalisierung und Durchsetzung mittels bestimmter Entscheidungs-, Änderungs- und Anerkennungsregeln.	Brauch	Benutzungsrecht,Gebrauchsrecht,Gewohnheitsrecht	der Recht unterscheiden sich von anderer Rechtsordnung  Moral  Sitte  Gebrauch  durch sein staatlich Institutionalisierung und Umsetzung durch bestimmt Regel der Entscheidung  Änderung und Anerkennung 	der Recht unterscheiden sich von anderer Rechtssystem  Moral  Sitte  Gebrauch  durch sein staatlich Institutionalisierung und Umsetzung durch bestimmt Regel der Entscheidungsfindung  Änderung und Anerkennung 	der Recht unterscheiden sich von anderer Rechtssystem  Moral  Sitte  Gebrauch  durch sein staatlich Institutionalisierung und Umsetzung durch bestimmt Regel der Entscheidungsfindung  Änderung und Anerkennung 
Von den Vermarktungsverboten sind auch ausgenommen 1. Tiere und Pflanzen der streng geschützten Arten, die vor ihrer Unterschutzstellung als vom Aussterben bedrohte oder streng geschützte Arten rechtmäßig erworben worden sind, .	aussterben	erlöschen	1. Tier und Pflanze der streng geschützt Art  der vor ihr Aufnahme in der Schutz als bedroht oder streng geschützt Art rechtmäßig erwerben werden  sein ebenfalls von der Vermarktungsverbot ausschließen 	1. Tier und Pflanze der streng geschützt Art  der vor ihr Aufnahme als von aussterben bedroht oder streng geschützt Art in der Schutz legal erwerben werden  sein ebenfalls von der Vermarktungsverbot ausnehmen 	1. Tier und Pflanze der streng geschützt Art  der vor ihr Aufnahme als von aussterben bedroht oder streng geschützt Art in der Schutz legal erwerben werden  sein ebenfalls von der Vermarktungsverbot ausnehmen 
Von der Anhörung ist abzusehen, wenn der Asylantrag für ein im Bundesgebiet geborenes Kind unter sechs Jahren gestellt und der Sachverhalt auf Grund des Inhalts der Verfahrensakten der Eltern oder eines Elternteils ausreichend geklärt ist.	Verfahrensakt	Verfahrenshandlung	der Anhörung sein unabhängig davon  ob der Asylantrag für ein in Bundesgebiet geboren Minderjährigen von sechs Jahr stellen werden und ob der Sachverhalt anhand der Inhalt der Verfahrensakt der Eltern oder ein Elternteil hinreichend klären sein 	der Anhörung muss unabhängig sein  wenn der Asylantrag für ein in Bundesgebiet geboren Kind von sechs Jahr stellen werden und der Sachlage anhand der Inhalt der Verfahrensakt der Eltern oder ein Elternteil hinreichend klären sein 	von der Anhörung sollen absehen werden  wenn der Asylantrag für ein in Bundesgebiet geboren Minderjährigen von sechs Jahr stellen werden und der Sachverhalt anhand der Inhalt der Verfahrensakt der Eltern oder ein Elternteil hinreichend klären sein 
Von der Erhebung der öffentlichen Klage kann abgesehen werden, wenn der Beschuldigte wegen der Tat einer ausländischen Regierung ausgeliefert wird.	ausländisch	Ausländer	man können von der Strafverfolgung unabhängig sein  wenn der angeklagter wegen der Tatsache an ein ausländisch Regierung ausliefern werden 	man können von der Strafverfolgung absehen  wenn der angeklagter wegen der Tatsache an ein ausländisch Regierung ausliefern werden 	man können von der Strafverfolgung absehen  wenn der angeklagter wegen der Tatsache an ein ausländisch Regierung ausliefern werden 
Von der Nichtitgkeit ist die Vernichtbarkeit zu unterscheiden. Hier z.B. bei der Eheaufhebung, ist das Rechtsgeschäft zunächst wirksam, kann aber (auf Antrag eines Beteiligten) für unwirksam erklärt werden.	Vernichtbarkeit	Aufhebbarkeit	von der Anfechtbarkeit sein der Nichtigkeit zu unterscheiden  hier z.B. bei der Ungültigerklärung der Ehe sein der Rechtsgeschäft zunächst gültig  können aber für ungültig erklären werden  auf Antrag ein Partei  	von der Nichtigkeit sein der Nichtigkeit zu unterscheiden  beispielsweise sein der Rechtshandel bei der Ungültigerklärung der Ehe zunächst gültig  können aber  auf Antrag ein Partei  für ungültig erklären werden 	von der Ungültigkeit sein der Nichtigkeit zu unterscheiden  zu Beispiel bei der Ungültigkeitserklärung der Ehe sein der Rechtshandel zunächst gültig  können aber  auf Antrag ein Partei  für ungültig erklären werden 
Von einer Disziplinaranzeige an die Dienstbehörde ist abzusehen, wenn nach Ansicht des Dienstvorgesetzten eine Belehrung oder Ermahnung ausreicht.	Ermahnung	Impfauffrischung	ein disziplinarisch Beschwerde an der Dienstbehörde sein nicht zulässig  wenn nach Auffassung der Dienstvorgesetzter ein Mahnung oder ein Verweis genügen 	ein Disziplinarklage an der Dienstbehörde sein nicht zulässig  wenn nach Auffassung der Vorgesetzter ein Mahnung oder ein Verweis genügen 	ein disziplinarisch Anzeige bei der Dienstbehörde sein nicht zulässig  wenn nach Auffassung der Vorgesetzter ein Mahnung oder ein Verweis genügen 
Von jeglichem Gutachten, jeglicher Konzession, Ermächtigung und Unbedenklichkeitserklärung wird abgesehen für Vorbeuge, Soforthilfe und Wiederherstellungsmaßnahmen in Zusammenhang mit Erdrutschen, Lawinen, Überschwemmungen und anderen Katastrophen.	Überschwemmung	Anschwemmung	es geben keinerlei Fachwissen  Erteilung  Genehmigung und keinerlei Behinderung für Maßnahme zu Verhütung  Rettung und Wiederherstellung von Erdrutsch  Lawine  Überschwemmung und anderer Katastrophe 	es geben keinerlei Fachwissen  kein Konzession  kein Genehmigung und kein Einwand gegen Präventiv  Rettung und Sanierungsmaßnahme in Zusammenhang mit Erdrutsch  Lawine  Überschwemmung und anderer Katastrophe 	es geben keinerlei Expertise  kein Konzession  kein Genehmigung  und es geben kein Einwand gegen Prävention  Rettung und Sanierungsmaßnahme in Zusammenhang mit Erdrutsch  Lawine  Überschwemmung und anderer Katastrophe 
Vor Erhebung der Anfechtungsklage sind Rechtmäßigkeit und Zweckmäßigkeit des Verwaltungsakts in einem Vorverfahren nachzuprüfen.	Rechtmäßigkeit	ehelich Abstammung	bevor der Nichtigkeitsklage erheben werden  sein der Rechtmäßigkeit und der Zweckmäßigkeit der Verwaltungsakt in ein Vorverfahren zu überprüfen 	vor der Einleitung der Nichtigkeitsklage müssen der Rechtmäßigkeit und Opportunität der Verwaltungsakt in Rahmen ein Vorverfahren überprüfen werden 	bevor der Nichtigkeitsklage erheben werden  müssen der Rechtmäßigkeit und Opportunität der Verwaltungsakt in Rahmen ein Vorverfahren überprüfen werden 
Vor Gericht geschlossene Vereinbarungen über die Höhe gesetzlicher Unterhaltsleistungen bedürfen zur ihrer Rechtswirksamkeit keiner gerichtlichen Genehmigung und sind für den Unterhaltsverpflichteten verbindlich.	Rechtswirksamkeit	Effektivität	der vor Gericht getroffen Vereinbarung über der Höhe der legal Lebensmittel bedürfen kein gerichtlich Genehmigung für der Wirksamkeit und sein für der Unterhaltspflichtigen verbindlich 	der vor Gericht getroffen Vereinbarung über der Höhe der gesetzlich vorgeschrieben Lebensmittel bedürfen kein richterlich Genehmigung für der Wirksamkeit und sein für der Unterhaltspflichtigen bindend 	der vor Gericht getroffen Vereinbarung über der Höhe der gesetzlich vorgeschrieben Lebensmittel bedürfen kein richterlich Genehmigung für der Wirksamkeit und sein für der Unterhaltspflichtigen bindend 
Vor der Benutzung von PSA sind in einzelnen Fällen (z. B. bei Atemschutzgeräten oder Gehörschutz) arbeitsmedizinische Voruntersuchungen erforderlich.	Gehörschutz	Schutz der Gehör	vor der Verwendung von PSA sein in Einzelfall  z. B. für Atemschutzgerät oder Gehörschutzgerät  vorbeugend ärztlich Untersuchung an Arbeitsplatz erforderlich 	vor der Verwendung von PSA sein in Einzelfall  z. B. Atemschutzgerät oder Gehörschutzgerät  vorbeugend ärztlich Untersuchung an Arbeitsplatz erforderlich 	vor der Verwendung von PSA sein in Einzelfall  z. B. Atemschutzgerät oder Gehörschutzgerät  vorbeugend ärztlich Untersuchung an Arbeitsplatz erforderlich 
Vor der Eintragung der Gesellschaft können  Aktien  nicht ausgegeben werden.  Für den Schaden aus der Ausgabe sind die Ausgeber den Inhabern als Gesamtschuldner verantwortlich.	Ausgabe	Emission,Schadstoffemission	vor der Eintragung der Gesellschaft dürfen der Aktie nicht ausgeben werden  für der Schaden  der sich aus der Emission ergeben  sein der Emittent gegenüber der Inhaber gesamtschuldnerisch verantwortlich 	vor der Eintragung der Gesellschaft dürfen der Aktie nicht ausgeben werden  für der durch der Emission verursacht Schaden sein der Emittent gegenüber der Inhaber gesamtschuldnerisch haftbar 	vor der Eintragung der Gesellschaft dürfen der Aktie nicht ausgeben werden  für der durch der Emission verursacht Schaden sein der Emittent gegenüber der Inhaber gesamtschuldnerisch haftbar 
Vor der Geburt ist das Kind unter dem Vorbehalt rechtsfähig, dass es lebendig geboren wird.	Vorbehalt	Pflichtteil,Rücklage	vor der Geburt sein der ungeboren Kind in der Lage  Recht zu haben  sofern es lebendig gebären werden 	vor der Geburt sein der ungeboren Kind zu Recht fähig  sofern es lebend gebären werden 	vor der Geburt sein der ungeboren Kind zu Recht fähig  sofern es lebend gebären werden 
Vorbeachtlich einer anderslautenden gesetzlichen Bestimmung oder einer aus dem Papier sich ergebenden gegenteiligen Klausel haftet der Indossant nicht für die Nichterfüllung der Leistung durch den Aussteller.	Aussteller	Veranstalter	Sofern nicht anders gesetzlich oder anderslautend aus der Titel hervorgehen  haften der Renner nicht für der Nichterfüllung der Leistung durch der Emittent 	Sofern nicht gesetzlich oder durch der Titel anders regeln  haften der Reisende nicht für der Nichterfuellung der Leistung durch der Emittent 	Sofern nicht in ein anderer Gesetz oder in ein anders lautend Klausel  der sich aus der Titel ergeben  vorsehen  haften der Reisende nicht für der Nichterfuellung der Leistung durch der Emittent 
Vorbehalten bleibt die Ausgabe neuer Aktien, die an Stelle ausgefallener Aktien treten.	Ausgabe	Emission,Schadstoffemission	der Ausgabe neu Aktie  der an der Stelle von Aktie treten  der an der Stelle von Aktie treten  bleiben vorbehalten 	es bleiben der Ausgabe neu Aktie vorbehalten  der an der Stelle von Aktie treten  der nicht mehr zeitgemäß sein 	der Ausgabe neu Aktie  der an der Stelle von Aktie treten  der an der Stelle von Aktie treten sein  bleiben vorbehalten 
Vorbehaltlich einer anderslautenden Bestimmung  muss sich die Einstellung des Arbeitnehmers für eine Probezeit aus einem Schriftstück ergeben.	Einstellung	Einnahme	Vorbehaltlich ein anderer Vereinbarung muss sich der Einstellung der Arbeitnehmer für ein Probezeit aus ein schriftlich Urkunde ergeben 	Vorbehaltlich ein anderer Vereinbarung müssen der Einstellung der Arbeitnehmer für ein Probezeit durch ein schriftlich Urkunde erfolgen 	Vorbehaltlich ein anderer Vereinbarung müssen sich der Einstellung der Arbeitnehmer für ein Probezeit aus ein schriftlich Urkunde ergeben 
Vorbehaltlich einer besonderen Abmachung erstreckt sich die Gewährleistung des Schenkers nicht auf Mängel, mit denen die Sache behaftet ist, außer wenn der Schenker arglistig war.	arglistig	vorsätzlich	Sofern nicht etwas Besonderes vereinbaren werden  erstrecken sich der Garantie der Spender nicht auf der Mangel  mit der der Sache zu tun haben  es sein denn  der Spender werden quälen 	außer in Fall besonderer Vereinbarung erstrecken sich der Garantie der Spender nicht auf der Mangel  mit der der Sache behafteen sein  es sein denn  der Spender werden vorsätzlich schädigen 	absehen von Sondervereinbarung erstrecken sich der Garantie der Spender nicht auf der Mangel  mit der der Sache behafteen sein  es sein denn  der Spender werden vorsätzlich schädigen 
Vorbehaltlich gegenteiliger Abmachungen oder Gebräuche hat der Makler, selbst wenn das Geschäft nicht zustandegekommen ist, Anspruch auf Ersatz der Aufwendungen gegenüber der Person, in deren Auftrag sie gemacht worden sind.	Ersatz der Aufwendung	Ersatz der Kosten	Sofern nichts anderer vereinbaren oder vereinbaren werden  haben der Bürgerbeauftragter  auch wenn der Geschäft noch nicht abschließen sein  Anspruch auf Erstattung der Kosten gegenüber der Person  in der Name es tätigen werden 	Sofern nichts anderer vereinbaren oder verwenden werden  haben der Bürgerbeauftragter  auch wenn der Angelegenheit nicht abschließen sein  Anspruch auf Erstattung der Kosten gegenüber der Person  in der Auftrag sie tätigen werden 	Sofern nichts anderer vereinbaren oder verwenden werden  haben der Bürgerbeauftragter  auch wenn der Angelegenheit nicht abschließen sein  Anspruch auf Erstattung der Kosten gegenüber der Person  in der Auftrag sie tätigen werden 
Vorbereitung von Aussprachen und Treffen mit Mitgliedern der Legislative und Exekutive	Legislative	Gesetzgebungsgewalt,gesetzgebend Gewalt	Vorbereitung von Debatte und Treffen mit Mitglied der Legislative und der Exekutive	Vorbereitung von Debatte und Treffen mit Mitglied der Legislative und der Exekutive	Vorbereitung von Debatte und Treffen mit Mitglied der Legislative und der Exekutive
Vorschriften zum Schutz von arbeitenden Menschen regeln z. B.  die Belastungen durch Arbeitsvorgänge und andere Einwirkungen wie z. B. Lärm.	Einwirkung	Handelsvertreter,Täter	der Bestimmung zu Schutz von Arbeitnehmer regeln beispielsweise der Belastung  der sich aus der Arbeitsverfahren und anderer Bediensteten  wie z.B. Lärm  ergeben 	der Bestimmung zu Schutz der beschäftigter regeln zu Beispiel der Belastung durch Arbeitsverfahren und anderer Einwirkung wie Lärm 	der Bestimmung zu Schutz der beschäftigter regeln zu Beispiel der Belastung durch Arbeitsverfahren und anderer Einwirkung wie Lärm 
Vorschriftssignale zeigen ein Gebot oder Verbot an; sie sind in der Regel rund. Verbotssignale haben im Allgemeinen einen roten Rand und ein schwarzes Symbol auf weissem Grund; .	Verbotssignal	Verbotszeiche	Verjährungssignal weisen auf ein Verpflichtung oder ein Verbot hin und sein in der Regel rund  Verbotssignal haben in der Regel ein rot Rand und ein schwarz Symbol auf weiß Boden 	Verjährungssignal sein ein Pflicht oder ein Verbot  sie sein in der Regel rund  und der Verbot haben in der Regel ein rot Rand und ein schwarz Symbol auf weiß Hintergrund 	Verjährungssignal sein ein Pflicht oder ein Verbot  sie sein in der Regel rund  und der Verbotszeich haben in der Regel ein rot Rand und ein schwarz Symbol auf weiß Hintergrund 
War der Täter zur Zeit der Tat nicht fähig, das Unrecht seiner Tat einzusehen oder gemäss dieser Einsicht zu handeln, so ist er nicht strafbar.	Unrecht	rechtswidrig,unerlaubt,widerrechtlich	wenn der Autor zu Zeitpunkt der Tat nicht in der Lage sein  der Vergehen sein handeln zu verstehen oder entsprechend dieser Verständnis zu handeln  sein er nicht zu bestrafen 	wenn der Urheber zu Zeitpunkt der Tat nicht in der Lage sein  der Verletzung sein Amt zu verstehen oder entsprechend sein Absicht zu handeln  dann sein er nicht strafbar 	wenn der Urheber zu gegeben Zeitpunkt nicht in der Lage sein  der Verletzung sein Amt zu verstehen oder entsprechend sein Absicht zu handeln  dann können er nicht bestrafen werden 
Waren an der Tat mehrere beteiligt, so ist jeder von ihnen nach seiner Schuld zu bestrafen.	Schuld	Verschulden	Haben mehrere Person daran teilnehmen  so werden jeder von ihnen nach ihr eigen Schuld bestrafen 	Haben mehrere Person daran teilnehmen  so werden jeder von ihnen entsprechend ihr Schuld bestrafen 	Haben mehrere Person daran teilnehmen  so werden jeder von ihnen entsprechend ihr Schuld bestrafen 
Wasser darf nicht für das Löschen von Feuerbränden verwendet werden, wenn die Materialien, mit welchen sie in Kontakt kommen würden, mit einer beträchtlichen Erhöhung der Temperatur oder mit einer Entwicklung von entflammbaren oder schädlichen Gasen reagieren könnten.	Löschen	aussterben,erlöschen	der Wasser dürfen nicht zu Löschen von Brand verwenden werden  wenn der Materialium  mit der es in Berührung kommen  mit ein erheblich Temperaturanstieg oder mit der Entwicklung entzündbar oder schädlich Gas reagieren können 	Wasser dürfen nicht zu Löschen von Brand verwenden werden  wenn Materialium  mit der sie in Berührung kommen  mit ein erheblich Temperaturanstieg oder mit ein Entwicklung entzündbar oder schädlich Gas reagieren können 	Wasser dürfen nicht zu Löschen von Brand verwenden werden  wenn der Materialium  mit der sie in Berührung kommen  mit ein erheblich Temperaturanstieg oder ein Entwicklung entzündbar oder schädlich Gas reagieren können 
Wegen der Quadricepsschwäche links könne er der Beantragende nicht Treppen steigen oder eine Leiterstufe erklimmen. Ein alternierendes Stufensteigen sei ausgeschlossen.	Leiterstufe	Stiegenstufe,Stufe,Treppenstufe	aufgrund der Schwäche der linker Viereck können der Antragsteller der Treppe oder ein Treppe nicht hinaufsteigen  es sein ausschließen  der Ausweichtreppe zu klettern 	wegen der Schwäche der linker Quadrizep können der Antragsteller der Leiter oder Stufe nicht besteigen  ein einsteigen der wechselseitig verlaufend Leiter sein ausschließen 	da der linker Quadrizeps schwach sein  dürfen der Antragsteller der Leiter oder Stufe nicht besteigen  ein einsteigen der Leiter sein ausschließen 
Weil die Verlobung ein personenrechtliches Gemeinschaftsverhältnis begründet, ist sie ein höchstpersönliches Rechtsgeschäft, das nur von den Verlobten selbst vorgenommen werden kann.	Verlobter	Versprechend	da es sich bei der Verlobung um ein gemeinschaftlich Beziehung der persönlich Recht handeln  handeln es sich um ein sehr persönlich Rechtsgeschäft  der nur von der Produzent selbst durchführen werden können 	da der Verlobung ein gemeinschaftlich Beziehung der persönlich Recht darstellen  sein sie ein sehr persönlich Rechtshandel  der nur von der Auftraggeber selbst durchführen werden können 	da der Verlobung ein gemeinschaftlich Beziehung der persönlich Recht darstellen  sein sie ein sehr persönlich Rechtsgeschäft  der nur von der Auftraggeber selbst durchführen werden können 
Weiterbildungen  haben nach Art, Inhalt und Umfang eine Erweiterung, Vertiefung oder Spezialisierung der berufsspezifischen Kenntnisse und Fertigkeiten zu gewährleisten.	Weiterbildung	Aktualisierung	der Aktualisierung müssen nach Art  Inhalt und Umfang ein Erweiterung  Vertiefung oder Spezialisierung der spezifisch beruflich Kenntnis und Fähigkeit gewährleisten 	der Aktualisierung müssen nach Art  Inhalt und Umfang ein Erweiterung  Vertiefung oder Spezialisierung der spezifisch beruflich Kenntnis und Fähigkeit gewährleisten 	der Aktualisierung müssen nach Art  Inhalt und Umfang ein Erweiterung  Vertiefung oder Spezialisierung der spezifisch beruflich Kenntnis und Fähigkeit gewährleisten 
Wenn  gegen ein  Urteil sofort Berufung erhoben worden ist, dann kann der Instruktionsrichter  mit unanfechtbarem Beschluß die Vollstreckung oder die Fortsetzung der weiteren Entscheidungsvorbereitung bis zum Abschluß des Berufungsverfahrens aussetzen.	Entscheidungsvorbereitung	Ermittlungsphase,Ermittlungstätigkeit,Ermittlungsverfahren,Sachverhaltsermittlung	werden gegen ein Urteil sofort Berufung einlegen  so können der Untersuchungsrichter der Vollstreckung oder der Fortsetzung der weit Untersuchung durch unanfechtbar Anordnung aussetzen  bis der Berufungsverfahren abschließen sein 	werden gegen ein Urteil sofort Berufung einlegen  so können der Ermittlungsrichter der Vollstreckung oder der Fortsetzung der weit Untersuchung durch unanfechtbar Anordnung aussetzen  bis der Berufungsverfahren abschließen sein 	werden gegen ein Urteil sofort Berufung einlegen  so können der Ermittlungsrichter der Vollstreckung oder der Fortsetzung der weit Untersuchung durch unanfechtbar Anordnung aussetzen  bis der Berufungsverfahren abschließen sein 
Wenn bei Bestimmung des Pflichtteiles Schenkungen in Anschlag zu bringen sind, muß sich jeder Noterbe auf die dadurch bewirkte Erhöhung seines Pflichtteiles die  zum Nachlasse hinzuzurechnenden Geschenke anrechnen lassen, die er selbst vom Erblasser erhalten hat.	Pflichtteil	Rücklage,Vorbehalt	sein bei der Ermittlung der Reserve der Spende zu berücksichtigen  so sein der von Erblasser gemacht Geschenk  der zu Erbachse hinzurechnen sein  auf der so erhöht Reserveanteil zu buchen 	sein bei der Ermittlung der Reserve der Spende zu berücksichtigen  so sein der von Erblasser gemacht und der Erbachse hinzugefügt Spende auf der so erhöht Teil der Reserve zulasten 	Müssen bei der Ermittlung der Reserve der Spende berücksichtigen werden  so sein der von Erblasser gemacht und der Erbachse hinzugefügt Spende auf der so erhöht Reservequote zulasten 
Wenn das Gericht das Erscheinen einer der in Absatz 2 bezeichneten Personen zum Zweck der Vornahme einer Identifizierung oder Gegenüberstellung oder wegen sonstiger Erfordernisse für unerläßlich erachtet, ist in den gewöhnlichen Formen zu verfahren.	Identifizierung	Anerkennungsurkunde	sein der Gericht der Auffassung  dass einer der in Absatz 2 genannt Person für der Zweck der Aufklärung oder Vergleichsverfahren oder für anderer Zweck erforderlich sein  so erfolgen dieser in der üblich Form 	Hält der Gericht der Anwesenheit ein der in Absatz 2 genannt Person für der Aufklärung oder der Vergleich oder für anderer Zweck für unerläßlich  so werden sie in der üblich Form vornehmen 	Hält es der Gericht für unerläßlich  daß einer der in Absatz 2 genannt Person für Aufklärung oder Vergleichsmaßnahme oder für anderer Zweck erscheinen  so sein dieser in der üblich Form zu tun 
Wenn der Gebrauch der Leiter wegen ihrer Länge oder aus anderen Gründen kippgefährdet ist, muss diese entsprechend gesichert oder am Fuß von einer anderen Person gehalten werden.	Leiter	Stiege,Stiegenhaus,Treppe,Treppenhaus	sein der Verwendung der Leiter aufgrund ihr Länge oder aus anderer Grund ein Risiko der Umkippen  so muss sie von ein anderer Person angemessen sichern oder an der Basis halten werden 	sein der Benutzung der Leiter aufgrund ihr Länge oder aus anderer Grund von Umsturz bedrohen  so muss sie von ein anderer Person angemessen sichern oder an der Basis aufbewahren werden 	sein der Benutzung der Leiter aufgrund ihr Länge oder aus anderer Grund von ein Umsturz bedrohen  so muss sie von ein anderer Person angemessen sichern oder an der Basis aufbewahren werden 
Wenn der Gekündigte oder Aufgeforderte erscheint und Einwendungen erhebt, die sich nicht auf schriftliche Beweise stützen, erläßt das Gericht auf Antrag des Bestandgebers  einen nicht anfechtbaren Beschluß auf Freigabe unter Vorbehalt der vom Beklagten erhobenen Einwendungen.	Vorbehalt	Pflichtteil,Rücklage	Erscheint der Mieter oder der Beklagter und erheben er Ausnahme  der nicht auf schriftlich Beweis beruhen  so erlässt der Gericht auf Antrag der Vermieter ein unwiderlegbar Anordnung der Ausstellung vorbehaltlich der von Beklagter geltend gemacht Ausnahme 	Erscheint der Mieter oder der Beklagter und begründen er Ausnahme  der sich nicht auf schriftlich Beweismittel stützen  so erlässt der Gericht auf Antrag der Verpächter ein unwiderlegbar Anordnung der Ausstellung  sofern der von Beklagter geltend gemacht Ausnahme hiervon nicht berühren werden 	wenn der Mieter oder der Beklagter auftauchen und Ausnahme geltend machen  der nicht auf schriftlich Beweis beruhen  erlässen der Gericht auf Antrag der Verpächter ein unwiderruflich Anordnung der Ausstellung  sofern der von Beklagter geltend gemacht Ausnahme hiervon unberührt bleiben 
Wenn der Versicherer gerechtfertigte Gründe für eine Beendigung des Versicherungsvertrags oder eine betragsmäßige Herabsetzung der Versicherungsprämie hat, entfällt beziehungsweise vermindert sich der Provisionsanspruch.	Versicherungsprämie	Preis	haben der Versicherer berechtigt Grund für der Beendigung der Versicherungsvertrag oder für ein Kürzung der Prämienbetrag  so werden der Anspruch auf der Provision stornieren oder verringern 	haben der Versicherer berechtigt Grund für der Auflösung der Versicherungsvertrag oder für ein Kürzung der Prämienbetrag  so werden der Anspruch auf Provision verwässern oder verringern 	haben der Versicherer berechtigt Grund für der Auflösung der Versicherungsvertrag oder für ein Kürzung der Prämienbetrag  so werden der Anspruch auf Provision aberkannt oder verringern 
Wenn der Verstorbene Kinder hat, fällt ihnen die gesamte Verlassenschaft zu, mögen sie zu seinen Lebzeiten oder nach seinem Tod geboren sein. . Enkel von noch lebenden Kindern und Urenkel von noch lebenden Enkeln haben kein Recht zur Erbfolge.	Enkel	Nichte	wenn der Verstorbene Kind haben  so obliegen ihnen der ganz Erbe  ob sie während ihr Leben oder nach ihr Tod gebären werden  der Enkelkind von Kind  der noch an Leben sein  und der Urenkel von Enkel  der noch an Leben sein  haben kein Recht auf Nachfolge 	wenn der Verstorbene Kind haben  dann haben sie der gesamt Erbe  ob sie nun während ihr Leben oder nach ihr Tod gebären werden  und der Enkelkind von Kind  der noch an Leben sein  und der Urenkel von Enkelkind  der noch an Leben sein  haben kein Recht auf Erbschaft 	wenn der Verstorbene Kind haben  haben sie der gesamt Erbe  ob sie während ihr Leben oder nach ihr Tod gebären werden  und der Enkelkind von Kind  der noch an Leben sein  und der Urenkel von Enkel  der noch an Leben sein  haben kein Recht auf Vererbung 
Wenn die Beschwerde in der Verhandlung erhoben wird, setzt der Richter auf Antrag der Parteien in dieser Verhandlung eine Frist für die Mitteilung einer schriftlichen Äußerung und eine weitere darauffolgende für die Mitteilung einer Gegenäußerung fest.	Gegenäußerung	Erwiderung	werden der Beschwerde in ein mündlich Verhandlung erheben  so setzen der Gericht auf Antrag der Partei in dieser Sitzung ein Frist für der Übermittlung ein schriftlich Schriftsatz und ein spät Frist für der Übermittlung ein Erwiderung fest 	werden der Beschwerde in ein Sitzung erheben  so setzen der Gericht auf Antrag der Partei in dieser Sitzung ein Frist für der Übermittlung ein schriftlich Niederschrift und ein spät Frist für der Übermittlung ein Erwiderung fest 	werden der Beschwerde in ein mündlich Verhandlung erheben  so setzen der Gericht auf Antrag der Partei in dieser Verhandlung ein Frist für der Übermittlung ein schriftlich Niederschrift und ein spät Frist für der Übermittlung ein Erwiderung fest 
Wenn die Bestellung der Geschäftsführer im Gesellschaftsvertrag erfolgt ist, kann die Zulässigkeit des Widerrufes auf wichtige Gründe beschränkt werden.	Geschäftsführer	Verwalter	Erfolgt der Ernennung der Verwalter in der Satzung  so können der Rechtmäßigkeit der Widerruf auf schwerwiegend Grund beschränken werden 	Erfolgt der Ernennung der Verwalter in Rahmen der Gesellschaftsstatus  so können der Rechtmäßigkeit der Widerruf auf schwerwiegend Grund beschränken werden 	Erfolgt der Bestellung der Verwalter in der Satzung  so können der Rechtmäßigkeit der Widerruf auf schwerwiegend Grund beschränken werden 
Wenn die Entscheidung über das Rechtsmittel auf Grund mündlicher Verhandlung stattzufinden hat, so kann die Zurücknahme nach Beginn der Hauptverhandlung nur mit Zustimmung des Gegners erfolgen. Die Zurücknahme eines Rechtsmittels des Angeklagten bedarf jedoch nicht der Zustimmung des Nebenklägers.	Zustimmung	Einwilligung,Konsens	sein der Entscheidung über der Rechtsmittel auf der Grundlage ein mündlich Verhandlung zu treffen  so können der Widerruf nach Beginn der Hauptstreitigkeit nur mit Zustimmung der anderer beteiligter erfolgen  der Widerruf ein Rechtsmittel der angeklagter erfordern jedoch nicht der Zustimmung der Zivilpartei 	sein der Entscheidung über der Rechtsmittel auf der Grundlage ein mündlich Verhandlung zu treffen  so können der Zurücknahme nach Beginn der Hauptstreitigkeit nur mit Zustimmung der anderer Partei erfolgen  der Rücknahme ein Rechtsmittel der angeklagter bedürfen jedoch nicht der Zustimmung der Zivilpartei 	sein der Entscheidung über der Rechtsmittel auf der Grundlage ein mündlich Verhandlung zu treffen  so können der Zurücknahme nach Beginn der Hauptstreitigkeit nur mit Zustimmung der anderer Partei erfolgen  der Rücknahme ein Rechtsmittel der angeklagter bedürfen jedoch nicht der Zustimmung der Zivilpartei 
Wenn die Geschäftsführung nicht mit Rücksicht auf das Interesse des Geschäftsherrn unternommen wurde, so ist dieser gleichwohl berechtigt, die aus der Führung seiner Geschäfte entspringenden Vorteile sich anzueignen.	Geschäftsherr	Bauherr,Besteller,Kommittent,Versender	werden der Verwaltung nicht in Hinblick auf der Interesse der Auftraggeber durchführen  so sein dieser dennoch berechtigen  sich der Vorteil zu nehmen  der sich aus der Verwaltung sein Geschäft ergeben 	werden der Verwaltung nicht in Hinblick auf der Interesse der Auftraggeber durchführen  so sein der Auftraggeber dennoch berechtigen  sich der Vorteil sein Geschäftstätigkeit zu nehmen 	werden der Verwaltung nicht in Hinblick auf der Interesse der Auftraggeber durchführen  so sein der Auftraggeber dennoch berechtigen  sich der Vorteil zu nehmen  der sich aus der Verwaltung sein Geschäft ergeben 
Wenn die Klage oder die Verfügung einen Inhalt aufweist, der über die Aufgaben des Verwalters hinausreicht, ist dieser verpflichtet, davon unverzüglich die Versammlung der Miteigentümer zu verständigen.	Versammlung der Miteigentümer	Miteigentümerversammlung	haben der Maßnahme oder Maßnahme ein Inhalt  der nicht in der Zuständigkeitsbereich der Verwalter fallen  so haben der Verwalter dieser der Versammlung der Eigentumswohnung unverzüglich mitteilen 	haben der Handlung oder Maßnahme ein Inhalt  der nicht in der Zuständigkeitsbereich der Verwalter fallen  so muss der Verwalter dieser unverzüglich der Versammlung mitteilen 	haben der Handlung oder Maßnahme ein Inhalt  der nicht in der Zuständigkeitsbereich der Verwalter fallen  so muss der Verwalter dieser unverzüglich der Versammlung mitteilen 
Wenn die Pacht ein landwirtschaftlich genutztes Grundstück zum Gegenstand hat, muß die Kündigung unter Einhaltung einer Kündigungsfrist von sechs Monaten vorgenommen werden .	Kündigung	Lizenz	beziehen sich der Miete auf ein landwirtschaftlich Grundstück  so sein der Lizenz mit ein Kündigungsfrist von sechs Monat zu erteilen 	beziehen sich der Pacht auf ein landwirtschaftlich Grundstück  so sein der Lizenz unter Einhaltung ein Frist von sechs Monat zu erteilen 	beziehen sich der Miete auf ein landwirtschaftlich Grundstück  so sein der Lizenz mit ein Vorankündigung von sechs Monat zu erteilen 
Wenn die Partei nicht erscheint oder ohne rechtfertigenden Grund die Antwort verweigert, so kann der Senat unter Würdigung jedes anderen Beweisumstandes die Tatsachen, die Gegenstand der Vernehmung hätten bilden sollen, für zugestanden halten.	Beweisumstand	Umstand	Erscheint der Partei nicht oder lehnen sie ohne berechtigt Grund ab  so können der Senat bei Prüfung aller anderer Element der Tatsache  der Gegenstand der Befragung sein sein  als zulässig ansehen 	wenn der beteiligter nicht auftauchen oder sich ohne berechtigt Grund weigern  ein Antwort zu geben  können der Senat unter Berücksichtigung aller anderer Element der Tatsache  der Gegenstand der Vernehmung sein sein sollen  als zulässig ansehen 	falls der beteiligter nicht auftauchen oder sich ohne berechtigt Grund weigern  ein Antwort zu geben  können der Senat unter Berücksichtigung aller anderer Element der Tatsache  der Gegenstand der Vernehmung sein sein sollen  als zulässig ansehen 
Wenn die in Bestand genommene Sache wegen außerordentlicher Zufälle, als Feuer, Krieg oder Seuche, großer Überschwemmungen, Wetterschläge, oder wegen gänzlichen Mißwachses gar nicht gebraucht oder benutzt werden kann, so ist der Bestandgeber zur Wiederherstellung nicht verpflichtet .	Überschwemmung	Anschwemmung	wenn der vermietet Sache aufgrund außergewöhnlich Ereignis wie Feuer  Krieg oder Epidemie  groß Überschwemmung  Blitzschlag oder ein völlig schlecht Ernte überhaupt nicht nutzen oder nutzen werden können  sein der Vermieter nicht zu Wiederherstellung verpflichten 	wenn der vermietet Ding aufgrund außergewöhnlich Ereignis wie Feuer  Krieg oder Epidemie  groß Überschwemmung  Blitzwelle oder ein völlig schlecht Ernte überhaupt nicht nutzen oder nutzen werden können  sein der Verpächter nicht zu Wiederherstellung verpflichten 	wenn durch außergewöhnlich Ereignis wie Feuer  Krieg oder Epidemie  groß Überschwemmung  Blitz oder ein total schlecht Ernte der vermietet Material überhaupt nicht nutzen oder nutzen werden können  sein der Verpächter nicht zu Wiederherstellung verpflichten 
Wenn diese Maßnahmen nicht angewendet werden können, muss von blanken unter Spannung stehenden Teilen ein sicherer Abstand, größer als DL , eingehalten werden und erforderlichenfalls eine entsprechende Aufsichtsführung sichergestellt sein.	DL	Bauleiter,Projektleiter	können dieser Maßnahme nicht durchführen werden  so sein ein sicher Abstand von nackt Teil unter Spannung zu halten  der groß als DL sein  und erforderlichenfalls ein angemessen Überwachung zu gewährleisten 	können dieser Maßnahme nicht durchführen werden  so sein ein sicher Abstand  groß als DL  von nackt Teil unter Spannung aufrechtzuerhalten und erforderlichenfalls ein angemessen Überwachung zu gewährleisten 	können dieser Maßnahme nicht durchführen werden  so sein ein sicher Abstand  groß als DL  von nackt Teil unter Spannung aufrechtzuerhalten und erforderlichenfalls ein angemessen Überwachung zu gewährleisten 
Wenn ein Mitglied die wesentlichen Bedingungen des Vertrages nicht erfüllt  wenn es durch eine oder mehrere gerichtlich strafbare Handlungen,  das Vertrauen verliert; so kann es vor Verlauf der Zeit von der Gesellschaft ausgeschlossen werden.	vertrauen	Treuhand,Treuhandschaft,fiduziarisch Treuhand	Erfüllt ein Gesellschafter der wesentlich Vertragsbedingung nicht  so können er vor Ablauf der Frist von der Gesellschaft ausschließen werden  wenn er aufgrund ein oder mehrere strafbar Handlung sein vertrauen verlieren 	Erfuellt ein Gesellschafter der wesentlich Vertragsbedingung nicht  so können er vor Ablauf der Vertragsdauer von der Gesellschaft ausschließen werden  wenn er aufgrund ein oder mehrere strafbar Handlung der vertrauen verlieren 	Erfuellt ein Gesellschafter der wesentlich Vertragsbedingung nicht  so können es  wenn es aufgrund ein oder mehrere strafbar Handlung der vertrauen verlieren  vor Ablauf der Vertragsdauer von der Gesellschaft ausschließen werden 
Wenn ein/e Arbeitnehmer/in auf Grund einer Fehlsichtigkeit oder sonstigen Seheinschränkung einen Sehbehelf verwendet, muss der Augenschutz so ausgewählt werden, dass der Sehbehelf ohne Beeinträchtigung getragen werden kann (z. B. Überbrille).	Augenschutz	Schutz der Auge	wenn ein Arbeitnehmer oder ein Arbeitnehmerin aufgrund ein Sehfehler oder ein anderer visuell Einschränkung ein Sichthilfe verwenden  muss der Augenschutz so wählen werden  dass der Sichthilfe ungehindert tragen werden können  z. B. überlappend Brille  	Nimmt ein Arbeitnehmer oder ein Arbeitnehmerin aufgrund ein Sehfehler oder ein anderer visuell Einschränkung ein Sichthilfe in Anspruch  so sein der Augenschutz so zu wählen  dass der Sichthilfe ungehindert tragen werden können  z. B. überlappend Brille  	Nimmt ein Arbeitnehmer oder ein Arbeitnehmerin aufgrund ein Sehfehler oder ein anderer visuell Einschränkung ein Sichthilfe in Anspruch  so sein der Augenschutz so zu wählen  dass der Sichthilfe ungehindert tragen werden können  z. B. überlappend Brille  
Wenn eine summarische Untersuchung geführt wird, ist der Antrag beim Sekretariat der Staatsanwaltschaft zu hinterlegen, die, sofern sie ihre Einwilligung dazu erteilt, diesen Antrag zusammen mit den Akten des Verfahrens an den Untersuchungsrichter übermittelt.	Untersuchungsrichter	Instruktionsrichter	werden ein summarisch Untersuchung durchführen  so sein der Antrag bei Sekretariat der Staatsanwaltschaft einreichen  der dieser Antrag zusammen mit der Verfahrensakte an der Untersuchungsrichter weiterleiten  wenn er zustimmen 	werden ein summarisch Untersuchung durchführen  so sein der Antrag bei Sekretariat der Staatsanwaltschaft einreichen  der  wenn er zustimmen  der Antrag zusammen mit der Akte der Verfahren an der Ermittlungsrichter weiterleiten 	werden ein summarisch Untersuchung durchführen  so sein der Antrag bei Sekretariat der Staatsanwaltschaft einreichen  der  wenn er zustimmen  der Antrag zusammen mit der Akte der Verfahren an der Ermittlungsrichter weiterleiten 
Wenn es dem Bundesrat zu seiner Information und Meinungsbildung angezeigt erscheint, zieht er zu seinen Verhandlungen Führungskräfte sowie inner- und ausserhalb der Bundesverwaltung stehende Sachkundige bei.	Führungskraft	Leiter,leitend Beamter	wenn der Bundesrat dieser für sein Information und für sein Meinungsbildung für zweckmäßig halten  konsultieren er für sein Beratung Führungskraft sowie Sachverständige innerhalb und außerhalb der Bundesverwaltung 	Hält der Bundesrat dieser für sein eigen Information und für der eigen Meinungsbildung für angebracht  so konsultieren er leitend angestellter sowie Sachverständige innerhalb und außerhalb der Bundesregierung zu sein Beratung 	Hält der Bundesrat dieser für sein eigen Information und Meinungsbildung für angebracht  so konsultieren er leitend angestellter sowie Sachverständige innerhalb und außerhalb der Bundesverwaltung zu sein Beratung 
Wenn jemand ohne Verschulden verhindert war, eine gesetzliche Verfahrensfrist einzuhalten, so ist ihm auf Antrag Wiedereinsetzung in den vorigen Stand zu gewähren.	Verfahrensfrist	Befristung,Frist,Grenzzeichen,Termin	wenn jemand  ohne sein Schuld  verhindern werden  ein rechtlich Verfahrensfrist einhalten  muss ihm auf Antrag der Rückgabe in Pristino gewähren werden 	wenn jemand  ohne sein Schuld  an der Einhaltung ein rechtlich Prozessfrist hindern werden  müssen ihm auf Antrag der Rückgabe in Pristin gewähren werden 	wenn jemand  ohne eigen Verschulden  daran hindern werden  sich an ein rechtlich Prozesstermin zu halten  müssen ihm auf Antrag der Rückgabe in Pristin gewähren werden 
Wenn nach aussen hin nur der Hauptgesellschafter auftritt, so hat der stille Gesellschafter doch an der internen Geschäftsführung teil.	still Gesellschafter	Mitglied,Vereinsmitglied	wenn draußen nur der Hauptverbund tätig sein  beteiligen sich der okkult Mitarbeiter dennoch an der intern Verwaltung 	wenn in Ausland nur der Hauptverband tätig sein  sein der verdeckt Verband trotzdem in der intern Verwaltung tätig 	wenn in Ausland nur der Hauptverbund tätig sein  beteiligen sich der Geheimverband dennoch an der intern Verwaltung 
Wenn zugleich mit dem Widerspruch ein Antrag auf Abgeltung eingebracht worden ist, entscheidet das Gericht über diesen Antrag, bevor es die in Absatz 1 bezeichneten Verfügungen erläßt.	Abgeltung	Spende	sein gleichzeitig mit der Einspruch ein Antrag auf Abfindung stellen werden  so entscheiden der Gericht über dieser Antrag  bevor es der in Absatz 1 genannt Maßnahme treffen 	sein gleichzeitig mit der Rechtsbehelf ein Antrag auf Erlass ein Zwangsgeld stellen werden  so entscheiden der Gericht über dieser Antrag  bevor es der in Absatz 1 genannt Maßnahme treffen 	sein gleichzeitig mit der Widerspruch ein Antrag auf Erlass ein Zwangsgeld stellen werden  so entscheiden der Gericht über dieser Antrag  bevor es der in Absatz 1 genannt Maßnahme treffen 
Wer Anspruch auf eine Entschädigung  oder auf eine Sonderzulage  hat, muss die Versicherungsprämien selber tragen. In den übrigen Fällen übernimmt der Bund die Versicherungsprämien.	Versicherungsprämie	Preis	wer Anspruch auf ein Sonderzulage oder ein Sonderzulage haben  müssen der Prämie selbst tragen  in der anderer Fall übernehmen der Bund der Prämie 	wer Anspruch auf ein Sonderzulage oder ein Sonderzuschuß haben  müssen der Prämie selbst tragen  und in der anderer Fall übernehmen der Bund der Prämie 	wer Anspruch auf ein Sonderzulage oder ein Sonderzuschuß haben  müssen der Prämie selbst tragen  und in der anderer Fall übernehmen der Bund der Prämie 
Wer Eigentümer einer Sache ist, hat das Eigentum an allen ihren Bestandteilen.	Sache	Leasing-Objekt	wer Eigentümer ein Vermögen sein  haben der Eigentum an all sein Gerät 	wer Eigentümer ein Vermögen sein  haben der Eigentum an all sein Ausrüstung 	wer Eigentümer ein Vermögen sein  haben der Eigentum an all sein Ausrüstung 
Wer Nachkommen, Eltern oder den Ehegatten als seine nächsten Erben hinterlässt, kann bis zu deren Pflichtteil über sein Vermögen von Todes wegen verfügen.	Pflichtteil	Rücklage,Vorbehalt	wer Nachkomme  Eltern oder Ehepartner als sein nächster Erbe zurücklässen  können bis zu sein Vorrat über sein Vermögen verfügen 	wer Nachkomme  Eltern oder sein Ehepartner als sein nächster Erbe verlässen  können bis zu sein eigen Rückhalt über sein Vermögen verfügen 	wer sein Nachkomme  sein Eltern oder sein Ehepartner als sein nächster Erbe verlässen  können bis zu ihr Vorrat über sein Vermögen verfügen  wenn er um Leben kommen 
Wer auf schweizerischem Gebiet ohne Bewilligung für einen fremden Staat Handlungen vornimmt, die einer Behörde oder einem Beamten zukommen, wird mit Freiheitsstrafe bis zu drei Jahren oder Geldstrafe .	Handlung	Rechtshandlung,Urkunde	jeder  der in Hoheitsgebiet der Schweiz ohne Genehmigung Handlung für ein ausländisch Staat vornehmen  der ein Behörde oder ein Beamter obliegen  werden mit ein Freiheitsstrafe von bis zu drei Jahr oder ein Geldstrafe bestrafen 	jeder Person  der in Hoheitsgebiet der Schweiz ohne Genehmigung Handlung für ein ausländisch Staat vornehmen  der in Zuständigkeitsbereich ein Behörde oder ein Beamter liegen  werden mit ein Freiheitsstrafe von bis zu drei Jahr oder ein Geldstrafe belegen 	jeder  der in Hoheitsgebiet der Schweiz ohne Genehmigung Handlung für ein ausländisch Staat vornehmen  der ein Behörde oder ein Beamter obliegen  werden mit ein Freiheitsstrafe von bis zu drei Jahr oder mit ein Geldstrafe belegen 
Wer bei einer Fahrt auf See, insbesondere infolge Untergangs des Schiffes, verschollen ist, kann für tot erklärt werden, wenn seit dem Untergang des Schiffes oder dem sonstigen die Verschollenheit begründenden Ereignis sechs Monate verstrichen sind.	Verschollenheit	Abwesenheit,ausbleiben,Nichterscheinen	Person  der aufgrund ein Schiffsreise  insbesondere aufgrund der Untergang der Schiff  nicht auf See unterwegs sein  können für tot erklären werden  wenn sechs Monat nach der Untergang der Schiff oder der anderer Ereignis vergehen sein  der zu der Abwesenheit führen haben 	wer auf See  insbesondere infolge der Untergang der Schiff  nicht auf der Seeweg unterwegs sein  können für tot erklären werden  wenn sechs Monat nach der Untergang der Schiff oder der anderer Ereignis vergehen sein  der zu sein Abwesenheit führen haben 	wer nach ein Fahrt auf See nicht anwesend sein  insbesondere wegen der Untergang der Schiff  können für tot erklären werden  wenn sechs Monat seit der Untergang der Schiff oder seit der anderer Ereignis vergehen sein  der zu sein Abwesenheit führen haben 
Wer dem Versicherer den Antrag zum Abschlusse eines Versicherungsvertrages gestellt und für die Annahme keine kürzere Frist gesetzt hat, bleibt 14 Tage gebunden.	Versicherer	Versicherungsagent	wer der Versicherer der Vorschlag für der Abschluss ein Versicherungsvertrag vorlegen haben und kein kürz Frist für der Annahme setzen haben  bleiben für 14 Tag binden 	wer der Versicherer der Vorschlag für der Abschluss ein Versicherungsvertrag unterbreiten und kein kürz Frist für der Übernahme setzen haben  bleiben für 14 Tag binden 	wer der Versicherer der Vorschlag für der Abschluss ein Versicherungsvertrag unterbreiten und kein kürz Frist für der Übernahme setzen haben  bleiben für 14 Tag binden 
Wer ein fremdes Geheimnis, namentlich ein zum persönlichen Lebensbereich gehörendes Geheimnis oder ein Betriebs- oder Geschäftsgeheimnis, offenbart , wird mit Freiheitsstrafe bis zu einem Jahr oder mit Geldstrafe bestraft.	Geheimnis	Geheimhaltung,geh ,geheim	jeder  der ein Geheimnis anderer offenbaren  insbesondere ein Geheimnis der persönlich Leben oder ein Geschäft oder Geschäftsgeheimnis  werden mit Freiheitsstrafe von bis zu ein Jahr oder ein Geldstrafe bestrafen 	jeder  der ein Geheimnis  insbesondere ein persönlich Geheimnis der leben oder ein Geschäft oder Geschäftsgeheimnis preisgeben  werden mit Freiheitsstrafe von bis zu ein Jahr oder mit Geldstrafe belegen 	jeder  der ein Geheimnis  insbesondere ein persönlich Geheimnis der leben oder ein Geschäft oder Geschäftsgeheimnis preisgeben  werden mit Freiheitsstrafe von bis zu ein Jahr oder mit Geldstrafe belegen 
Wer eine Behörde, ein Mitglied einer Behörde oder einen Beamten durch Gewalt oder Drohung an einer Handlung, die innerhalb ihrer Amtsbefugnisse liegt, hindert, zu einer Amtshandlung nötigt oder während einer Amtshandlung tätlich angreift, wird  bestraft.	Gewalt	Zwang	jeder Person  der ein Behörde  ein Mitglied ein Behörde oder ein Beamter daran hindern  ein Handlung zu vollstrecken  der ihr Amtsgewalt entsprechen  zwingen ihn  ein Handlung von Amts wegen durchführen  oder er greifen ihn während ein Amtshandlung durch Gewalt oder Drohung körperlich an 	jeder Person  der ein Behörde  ein Mitglied ein Behörde oder ein Beamter daran hindern  ein Handlung  der in ihr Zuständigkeitsbereich fallen  vornehmen  zwingen sie zu ein Amtshandlung oder attackieren sie während ein Amtshandlung durch Gewalt oder Drohung 	jeder Person  der ein Behörde  ein Mitglied ein Behörde oder ein Beamter daran hindern  ein in ihr Amtsbereich liegend Akt zu vollstrecken  zwingen sie zu ein Amtshandlung oder attackieren sie physisch während ein Amtshandlung durch Gewalt oder Drohung 
Wer eine Erbschaft erwerben will, muss dem Gericht den Rechtstitel (Erbvertrag, letztwillige Verfügung oder Gesetz) nachweisen und ausdrücklich erklären, die Erbschaft anzutreten.	Rechtstitel	Titel,Überschrift	wer ein Erbgut erwerben wollen  muss der Gericht der Titel  Erbvertrag  letzter Wille oder Gesetz  nachweisen und ausdrücklich erklären  dass er der Erbgut annehmen 	wer ein Erbgut erwerben wollen  muss der Gericht der Titel  nachrangig Vertrag  letztwillig Vertrag oder Gesetz  vorlegen und ausdrücklich erklären  dass er der Erbgut annehmen 	wer ein Erbgut erwerben wollen  muss der Gericht der Titel  nachrangig Vertrag  letztwillig Vertrag oder Gesetz  vorlegen und ausdrücklich erklären  dass er der Erbgut annehmen 
Wer eine Schenkung unter einer Auflage macht, kann die Vollziehung der Auflage verlangen, wenn er seinerseits geleistet hat.	Auflage	Obliegenheit	wer ein Spende unter ein Last leisten  können der Erfüllung der Belastung verlangen  wenn er seinerseits der Zahlung leisten haben 	wer ein Spende unter ein Last leisten  können der Erfüllung der Verpflichtung verlangen  wenn er seinerseits der Verpflichtung erfüllen haben 	wer ein Spende unter ein Last leisten  können der Erfuellung der Verpflichtung verlangen  wenn er seinerseits der Zahlung leisten haben 
Wer eine fremde bewegliche Sache einem anderen mit dem Vorsatz wegnimmt, sich oder einen Dritten durch deren Zueignung unrechtmäßig zu bereichern, ist mit Freiheitsstrafe bis zu sechs Monaten oder mit Geldstrafe bis zu 360 Tagessätzen zu bestrafen.	Zueignung	Besitzergreifung,Inbesitznahme,psysisch Ergreifung	jeder  der ein anderer ein beweglich Ding wegnehmen  mit der Absicht  sich selbst oder ein dritter ein ungerecht Gewinn zu verschaffen  indem er es in Besitz nehmen  werden mit ein Freiheitsstrafe von bis zu sechs Monat oder mit ein Geldstrafe von bis zu 360 Tagessatz bestrafen 	jeder  der ein anderer etwas wegnehmen  der von ein anderer mit der Absicht  durch der Beschlagnahmung dieser Geld ein ungerecht Gewinn für sich selbst oder ein Dritter zu erzielen  bewegen  werden mit Gefängnisstrafe von bis zu sechs Monat oder mit Geldstrafe von bis zu 360 Tagessatz bestrafen 	jeder  der ein anderer ein beweglich Sache wegnehmen  mit der Absicht  sich selbst oder ein dritter durch der Beschlagnahmung dieser Sache ein ungerecht Gewinn zu verschaffen  werden mit Gefängnisstrafe von bis zu sechs Monat oder mit Geldstrafe von bis zu 360 Tagessatz bestrafen 
Wer einen Minderjährigen unter vierzehn Jahren oder eine Person , die unfähig ist, für sich selbst zu sorgen, und deren Beaufsichtigung oder Pflege ihm obliegt, verläßt, wird mit Gefängnisstrafe von sechs Monaten bis zu fünf Jahren bestraft.	Beaufsichtigung	Aufbewahrung,Verwahrung	jeder  der ein Kind der vierzehner Jahr verlässen  oder ein Person  der nicht in der Lage sein  für sich selbst zu sorgen  der Sorgerecht oder Pflege er besitzen  werden von sechs Monat bis zu fünf Jahr mit Haft belegen 	jeder  der ein Kind aus der 14-Jährige verlässen  der heißen ein Person  der nicht in der Lage sein  sich selbst zu versorgen  der Sorgerecht oder Behandlung er besitzen  werden von sechs Monat bis zu fünf Jahr mit Gefängnis bestrafen 	jeder  der ein Kind aus der 14-Jährige verlässen  der heißen ein Person  der nicht in der Lage sein  für sich selbst Sorge zu tragen  der Sorgerecht oder Behandlung er besitzen  werden von sechs Monat bis zu fünf Jahr mit Gefängnis bestrafen 
Wer für eine gewerbliche Erfindung ein Patent erteilt bekommen hat, hat das ausschließliche Recht, die Erfindung zu verwirklichen und über sie innerhalb der vom Gesetz gezogenen Grenzen und zu den von diesem festgesetzten Bedingungen zu verfügen.	gewerblich Erfindung	Fund	wer ein Patent für ein Erfindung erwerben haben  haben der ausschließlich Recht  der Erfindung umsetzen und innerhalb der gesetzlich festgelegt Grenze und Bedingung zu verfügen 	wer ein Patent für ein Erfindung erwerben haben  haben der ausschließlich Recht  der Erfindung umsetzen und innerhalb der gesetzlich festgelegt Grenze und Bedingung zu verfügen 	wer ein Patent für ein Erfindung erwerben haben  haben der ausschließlich Recht  der Erfindung umsetzen und innerhalb der gesetzlich festgelegt Grenze und Bedingung zu verfügen 
Wer in seiner Persönlichkeit widerrechtlich verletzt wird, kann zu seinem Schutz gegen jeden, der an der Verletzung mitwirkt, das Gericht anrufen.	Schutz	Schutzeinrichtung,Schutzvorrichtung	wer in sein Persönlichkeit unrechtmäßig verletzen sein  können der Richter zu sein Schutz anrufen  wenn er an der Verletzung beteiligen sein 	wer in sein Persönlichkeit unrechtmäßig verletzen sein  können der Richter zu sein Schutz gegen jeder an der Verletzung beteiligter anrufen 	wer in sein Persönlichkeit unrechtmäßig verletzen sein  können sich zu sein Schutz an der Richter wenden  wenn er an der Verletzung beteiligen sein 
Wer in seiner Persönlichkeit widerrechtlich verletzt wird, kann zu seinem Schutz gegen jeden, der an der Verletzung mitwirkt, das Gericht anrufen.	widerrechtlich	Unrecht,rechtswidrig Verhalten	Person  der in ihr Persönlichkeit unrechtmäßig verletzen sein  können der Richter zu ihr Schutz anrufen  wenn sie an der Verletzung beteiligen sein 	wer in sein Persönlichkeit unrechtmäßig verletzen sein  können der Richter zu sein Schutz anrufen  wenn er an der Verletzung beteiligen sein 	wer in sein Persönlichkeit unrechtmäßig verletzen sein  können gegen jeder  der an der Verletzung beteiligen sein  der Richter zu sein Schutz anrufen 
Wer nicht möchte, dass sein Enkel oder seine Enkelin schon mit 18 Jahren frei über das geerbte Geld verfügt, kann die Erbschaft mit einer Auflage versehen.	Enkelin	Nichte	wer nicht wollen  daß sein Enkel oder Enkel der bereits in Alter von 18 Jahr ererbt Geld frei haben  können der Erbe mit ein Belastung belasten 	wer nicht wollen  dass sein Enkel oder Enkel der Geld  der er bereits in Alter von 18 Jahr erben haben  frei haben  können der Erbe mit ein Last belasten 	wer nicht wollen  dass sein Enkel oder Enkel der Geld  der er bereits in Alter von 18 Jahr erben haben  frei haben  können der Erbe mit ein Last belasten 
Wer sich an solchen Vereinigungen (zu terroristischen Zwecken) beteiligt, wird mit Gefängnisstrafe von vier bis zu acht Jahren bestraft.	Vereinigung	Verein	wer an solcher Vereinigung  für terroristisch Zweck  teilnehmen  werden von vier bis acht Jahr Haftstrafe belegen 	wer an dieser Organisation  für terroristisch Zweck  teilnehmen  werden von vier bis acht Jahr Gefängnisstrafe bestrafen 	Diejenigen  der sich an dieser Organisation beteiligen  für terroristisch Zweck   werden von vier bis acht Jahr mit Freiheitsstrafe belegen 
Wer unrechtmässig in Anstalten oder andere Örtlichkeiten eindringt, zu denen der Zutritt von der Militärbehörde verboten ist, militärische Anstalten oder Gegenstände abbildet, oder solche Abbildungen vervielfältigt oder veröffentlicht, wird mit Haft oder mit Busse bestraft.	Zutritt	Zugang,Zutrittsrecht	jeder Person  der sich illegal in Einrichtung oder an anderer Ort begeben  der Zugang von der Militärbehörde verbieten sein  der militärisch Einrichtung oder Gegenstand verraten oder solcher Darstellung reproduzieren oder veröffentlichen  werden mit Haft oder Strafe bestrafen 	jeder  der unrechtmäßig in Einrichtung oder anderer Einrichtung einfähren  der Zugang von der Militärbehörde verbieten sein  militärisch Einrichtung oder Gegenstand verraten oder solcher Darstellung reproduzieren oder veröffentlichen  werden mit Freiheitsstrafe oder Gefängnisstrafe belegen 	jeder Person  der unrechtmäßig in Einrichtung oder anderer Ort einfähren  der Zugang von der Militärbehörde verbieten sein  militärisch Einrichtung oder Gegenstand verraten oder solcher Darstellung reproduzieren oder veröffentlichen  werden mit Freiheitsstrafe oder Gefängnisstrafe belegen 
Wer vorsätzlich oder fahrlässig das Leben, den Körper, die Gesundheit, die Freiheit, das Eigentum oder ein sonstiges Recht eines anderen widerrechtlich verletzt, ist dem anderen zum Ersatz des daraus entstehenden Schadens verpflichtet.	widerrechtlich	Unrecht,rechtswidrig Verhalten,unerlaubt Handlung	jeder  der vorsätzlich oder fahrlässig der Leben  der Körper  der Gesundheit  der Freiheit  der Eigentum oder ein anderer Recht ein anderer verletzen  sein verpflichten  der anderer der daraus resultierend Schaden zu ersetzen 	jeder  der vorsätzlich oder fahrlässig der Leben  der Körper  der Gesundheit  der Freiheit  der Eigentum oder ein anderer Recht ein anderer unrechtmäßig verletzen  sein verpflichten  der anderer der daraus resultierend Schaden zu ersetzen 	jeder  der vorsätzlich oder fahrlässig der Leben  der Körper  der Gesundheit  der Freiheit  der Eigentum oder ein anderer Recht ein anderer unrechtmäßig verletzen  sein verpflichten  der anderer der daraus resultierend Schaden zu ersetzen 
Wer zum Nachteil eines anderen Maße oder Gewichte mit nachgemachtem oder verfälschtem gesetzlichen Ausdruck oder sonst verfälschte Maße oder Gewichte verwendet, wird mit Gefängnisstrafe bis zu sechs Monaten und mit Geldstrafe bis zu einer Million Lire bestraft.	gesetzlich	rechtsgültig	jeder  der auf Kosten anderer Gewicht oder Maß mit gefälscht oder verändert gesetzlich Marke oder anders lautend Gewicht oder Maß handeln  werden mit Freiheitsstrafe von bis zu sechs Monat und ein Geldstrafe von bis zu ein Million Lira bestrafen 	jeder  der auf Kosten anderer mit gefälscht oder verfälscht oder verfälscht gesetzlich Kennzeichnung oder anders verfälscht Gewicht oder Größe missen  werden mit Gefängnisstrafe von bis zu sechs Monat und ein Geldstrafe von bis zu ein Million Lira bestrafen 	jeder  der auf Kosten anderer mit gefälscht oder verfälscht oder verfälscht Markenzeichen oder anders verfälscht Gewicht oder Größe missen  werden mit Gefängnisstrafe von bis zu sechs Monat und ein Geldstrafe von bis zu ein Million Lira bestrafen 
Wer zur Abgabe einer Willenserklärung durch arglistige Täuschung oder widerrechtlich durch Drohung bestimmt worden ist, kann die Erklärung anfechten.	Drohung	Androhung,Bedrohung	wer dazu verleiten werden  ein Willensbekundung durch vorsätzlich oder unrechtmäßig Drohung abgeben  können der Erklärung anfechten 	wer dazu bringen werden  ein Willensbekundung durch Vorsatz oder unrechtmäßig durch Drohung abgeben  können gegen der Erklärung Einspruch einlegen 	wer dazu bringen werden  ein Willensbekundung durch vorsätzlich oder unrechtmäßig Drohung abgeben  können der Erklärung anfechten 
Wer zur Abgabe einer Willenserklärung durch arglistige Täuschung oder widerrechtlich durch Drohung bestimmt worden ist, kann die Erklärung anfechten.	arglistig	vorsätzlich	wer dazu verleiten werden  ein Willensbekundung durch vorsätzlich oder unrechtmäßig Täuschung durch Drohung abgeben  können der Erklärung anfechten 	wer dazu bringen werden  ein Willensäußerung durch vorsätzlich oder unrechtmäßig Täuschung durch Drohung abgeben  können gegen der Erklärung Einspruch einlegen 	wer dazu bringen werden  ein Willensbekundung durch vorsätzlich oder unrechtmäßig Täuschung durch Drohung abgeben  können der Erklärung anfechten 
Wer zur Abgabe einer Willenserklärung durch arglistige Täuschung oder widerrechtlich durch Drohung bestimt worden ist, kann die Erklärung anfechten.	arglistig Täuschung	Vorsatz	wer dazu verleiten werden  ein Willensbekundung durch vorsätzlich oder unrechtmäßig Drohung abgeben  können der Erklärung anfechten 	wer dazu bringen werden  ein Willensbekundung durch Vorsatz oder unrechtmäßig durch Drohung abgeben  können gegen der Erklärung Einspruch einlegen 	wer dazu bringen werden  ein Willensbekundung durch vorsätzlich oder unrechtmäßig Drohung abgeben  können der Erklärung anfechten 
Wer zur Erfüllung einer Verwaltungsaufgabe sachlich, örtlich und funktionell zuständig ist, ist auch befugt, damit verbundene Verwaltungsrechtsverhältnisse durch Verfügung zu regeln.	Verfügung	Massnahme	Person  der für der Erfüllung ein Verwaltungsaufgabe in materiell  territorial und funktionell Hinsicht zuständig sein  sein auch befugen  der damit verbunden rechtlich Beziehung in Rahmen ein Maßnahme zu regeln 	wer in materiell  territorial und funktionell Hinsicht für der Erfüllung ein Verwaltungsaufgabe zuständig sein  sein auch befugen  der damit verbunden rechtlich Beziehung durch Maßnahme zu regeln 	wer in materiell  territorial und funktionell Hinsicht für der Erfüllung ein Verwaltungsaufgabe zuständig sein  sein auch befugen  der damit verbunden rechtlich Beziehung durch Maßnahme zu regeln 
Werden Bauten, Gebäudeteile, Arbeitsmittel (Maschinen, Apparate, Werkzeuge und Anlagen, die bei der Arbeit benutzt werden) oder Arbeitsverfahren geändert oder werden im Betrieb neue Stoffe verwendet, so muss der Arbeitgeber die Schutzmassnahmen und Schutzeinrichtungen den neuen Verhältnissen anpassen.	Schutzeinrichtung	Schutz	werden Gebäude  Gebäudeteil  Arbeitsmittel  Maschine  Gerät  Werkzeug und Anlage für der Arbeit  oder Arbeitsverfahren ändern oder werden neu Stoff in Betrieb verwenden  so muss der Arbeitgeber der Schutzmaßnahme und Schutzmaßnahme an der neu Bedingung anpassen 	werden Gebäude  Gebäudeteil  Arbeitsmittel  Maschine  Gerät  Werkzeug und Anlage für der Arbeit  oder Arbeitsverfahren ändern oder werden neu Stoff in Betrieb verwenden  so müssen der Arbeitgeber der Schutzmaßnahme und der Schutz an der neu Bedingung anpassen 	werden Gebäude  Gebäudeteil  Arbeitsmittel  Maschine  Gerät  Werkzeug und Anlage für der Arbeit  oder Arbeitsverfahren ändern oder werden neu Stoff in Betrieb verwenden  so müssen der Arbeitgeber der Schutz und Schutzmaßnahme an der neu Bedingung anpassen 
Werden am Arbeitsplatz Sprengstoffe verwendet, so ist in den Zonen 0 und 20 nur die Verwendung von schlagwettersicheren Sprengstoffen erlaubt, die vom Hersteller als solche deklariert wurden.	Sprengstoff	explosionsfähig,explosionsgefährlich,explosiv	werden an Arbeitsplatz Explosivstoff verwenden  so dürfen in der Bereich 0 und 20 nur explosionssicher Explosivstoff verwenden werden  der von Hersteller als solcher angeben werden 	werden an Arbeitsplatz Explosivstoff verwenden  so dürfen in der Bereich 0 und 20 ausschließlich explosionssicher Explosivstoff verwenden werden  der von Hersteller als solcher deklarieren werden 	werden an Arbeitsplatz Explosivstoff verwenden  so dürfen in der Bereich 0 und 20 ausschließlich explosionssicher Explosivstoff verwenden werden  der von Hersteller als solcher deklarieren werden 
Werden bei Arbeitsvorgängen offene radioaktive Stoffe unter Anwendung der notwendigen Sicherheitsmaßnahmen verwendet, so ist für die Dauer dieser Arbeitsvorgänge eine Kennzeichnung der radioaktiven Stoffe nicht erforderlich. Bei diesen Arbeitsvorgängen muss eine mit diesen Sicherheitsmaßnahmen vertraute Person anwesend sein.	Sicherheitsmaßnahme	vorbeugend Maßnahme	werden in Rahmen von Arbeitsprozess radioaktiv Stoff verwenden  der mit der erforderlich Sicherheitsmaßnahme nicht versiegeln sein  so sein der Kennzeichnung radioaktiv Stoff für der Dauer dieser Arbeitsprozess nicht erforderlich  während dieser Arbeitsprozesse muss ein Person anwesend sein  der mit dieser Sicherheitsmaßnahme vertraut sein 	werden in Rahmen von Arbeitsverfahren radioaktiv Stoff verwenden  der nicht mit der erforderlich Sicherheitsmaßnahme verschlessen sein  so sein während dieser Arbeitsvorgäng kein Kennzeichnung der radioaktiv Stoff erforderlich  während dieser Arbeitsverfahren müssen ein mit dieser Sicherheitsmaßnahme vertraut Person anwesend sein 	werden in Rahmen von Arbeitsprozess radioaktiv Stoff verwenden  der nicht mit der erforderlich Sicherheitsmaßnahme verschließen sein  so sein der Kennzeichnung radioaktiv Stoff während dieser Arbeitsvorgäng nicht erforderlich  während dieser Arbeitsverfahren muss ein mit dieser Sicherheitsmaßnahme vertraut Person anwesend sein 
Werden bewegliche Sachen miteinander dergestalt verbunden, dass sie wesentliche Bestandteile einer einheitlichen Sache werden, so werden die bisherigen Eigentümer Miteigentümer dieser Sache; die Anteile bestimmen sich nach dem Verhältnis des Wertes, den die Sachen zur Zeit der Verbindung haben.	Verbindung	Aufnahme	werden beweglich Gut in ein wesentlich Einheit einbringen  so werden der früh Eigentümer zu Miteigentümer dieser Sache  der Anteil werden nach der Verhältnis der Wert bestimmen  der der Gut zu Zeitpunkt der Beimischung haben 	werden beweglich Gut in ein wesentlich Einheit integrieren  so werden der früh Eigentümer zu Miteigentümer dieser Sache  der Anteil werden auf der Grundlage der Wertverhältnis bestimmen  der der Gut zu Zeitpunkt der Beimischung besaßen 	werden beweglich Gut in ein Art und Weise zusammenfügen  daß sie wesentlich Bestandteil ein ganze werden  so werden der früh Eigentümer zu Miteigentümer dieser Sache  der Anteil werden nach der Wertverhältnis bestimmen  der der Gut zu Zeitpunkt der Beimischung besaßen 
Werden die Flächen für den geförderten Wohnbau  direkt zugunsten des Wohnbauinstituts enteignet, wird ein einmaliger Beitrag in Höhe der gesamten Enteignungsentschädigung gewährt.	Enteignungsentschädigung	Entschädigung	werden der Gebiet direkt zugunsten der für der Errichtung von zinsgünstig Wohnung erleichtert Wohnungsbauinstitut enteignen  so werden ein einmalig Beitrag in Höhe der gesamt Entschädigung gewähren 	werden der Gebiet direkt zugunsten der Wohnungsbauinstitut für der Errichtung von zinsgünstig Wohnung enteignen  so werden ein einmalig Beitrag in Höhe der gesamt Entschädigung gewähren 	werden der Gebiet direkt zugunsten der Wohnungsbauinstitut für der Errichtung von zinsgünstig Wohnung enteignen  so werden ein einmalig Beitrag in Höhe der gesamt Entschädigung gewähren 
Werden durch Absaugungen Stoffe erfasst, die brand- und explosionsfähig sind, haben der Betreiber und der Anbieter der Absaugungen bei der technischen Planung darauf Rücksicht zu nehmen.	explosionsfähig	explosionsgefährlich,explosiv	werden entzündbar und explosiv Stoff durch Absaugung aufnehmen  so müssen der Anwender und der Absauger dieser bei der technisch Auslegung berücksichtigen 	werden explosionsfähig und explosionsfähig Stoff durch absaugen aufnehmen  so müssen der Betreiber und der Zielträger dieser bei der technisch Auslegung berücksichtigen 	werden explosionsfähig und explosionsfähig Stoff durch Ambition aufnehmen  so müssen der Betreiber und der Lieferant der Ambition dieser bei der technisch Auslegung berücksichtigen 
Wertpapiere, die Rechte der Einleger (Anteilinhaber) gegen eine Kapitalgesellschaft oder einen sonstigen Fonds verbriefen (Anteilscheine), sind mit dem Rücknahmepreis anzusetzen.	Fonds	Grundstück	Wertpapier  der Recht von Einleger  Anteilsinhaber  an ein Kapitalgesellschaft oder ein anderer Fonds  Quotenzertifikat  enthalten  sein zu Rückzahlungspreis zu bewerten 	Wertpapier  der Recht der Einleger  Anteilsinhaber  an ein Kapitalgesellschaft oder ein anderer Fonds  Anteilszertifikat  enthalten  sein zu Rückzahlungskurs zu bewerten 	Wertpapier  der Recht der Einleger  Anteilsinhaber  gegenüber ein Kapitalgesellschaft oder ein anderer Fonds  Anteilszertifikat  enthalten  sein zu Rückzahlungskurs zu bewerten 
Wesentlich für die Beurteilung, ob ein Objekt leasingfähig ist, ist die Fungibilität; diese ist entscheidend für die Wiederverwertbarkeit eines Leasing-Objektes.	Leasing-Objekt	Gut,Sache	wesentlich für der Bewertung der Leasingbarkeit ein Gegenstands sein der Fungibilität  der für sein Umschichtbarkeit entscheidend sein 	wesentlich für der Bewertung der Leasingfähigkeit ein Gegenstands sein der Fungibilität  der für sein Umsetzbarkeit entscheidend sein 	wesentlich für der Bewertung der Leasingfähigkeit ein Gegenstands sein der Fungibilität  der für sein Umsetzbarkeit entscheidend sein 
Wir haben di dinglichen Rechte als absolute, jeder Person gegenüber geltende Rechte bezeichnet. Diesem Charakter entspricht eine möglichts weitgehende Publizität (Öffentlichkeit).	Publizität	Werbung	wir haben der tatsächlich Recht als absolut Recht definieren  der erga omnes entgegenstellen können 	wir haben der real Recht als absolut Recht definieren  der erga omnes entgegensetzen können  und der entsprechen ein möglichst breit Öffentlichkeit  Bekanntheit  	wir haben der real Recht als absolut  erga omnes widerspruchsfähig Recht definieren  wer ein möglichst breit Öffentlichkeit  Bekanntheit  gleichkommen 
Wird das Benützungsrecht des Untervermieters aufgelöst, so hat der Untervermieter den Untermieter hievon unverzüglich in Kenntnis zu setzen.	Benützungsrecht	Brauch,Gewohnheitsrecht	werden der Gebrauchsrecht der Subblocker lösen  muss der Subblocker der Subleiter unverzüglich davon in Kenntnis setzen werden 	werden der Gebrauchsrecht der Subblocker auflösen  so muss der Subblocker dieser der Subleiter unverzüglich mitteilen 	werden der Gebrauchsrecht der Subblocker auflösen  so muss der Subblocker dieser der Subleiter unverzüglich mitteilen 
Wird das Erscheinen angeordnet, so ist die Partei von Amts wegen zu laden. Die Ladung ist der Partei selbst mitzuteilen, auch wenn sie einen Prozessbevollmächtigten bestellt hat; der Zustellung bedarf die Ladung nicht.	Prozessbevollmächtigter	Prokurist	werden der erscheinen anordnen  so sein der Partei von Amts wegen zu zitieren  der Ladung müssen der Partei zustellen werden  auch wenn sie ein Staatsanwalt bestellen haben  der Ladung bedürfen kein Zustellung 	werden der Ladung anordnen  so sein der Partei von Amts wegen zu zitieren  der Ladung sein der Partei mitteilen  selbst wenn sie ein Ankläger bestellen haben  der Ladung sein nicht zustellen 	werden der Ladung anordnen  so sein der Partei von Amts wegen zu verweisen  der Ladung sein der Partei mitteilen  selbst wenn sie ein Ankläger bestellen haben  der Ladung bedürfen kein Zustellung 
Wird der Enthaltungserklärung oder Ablehnungserklärung stattgegeben, darf der Richter keine Verfahrenshandlungen mehr vornehmen.	Verfahrenshandlung	verfahrensbezogen Akt	werden der Enthaltungserklärung oder der Ablehnungserklärung annehmen  so können der Gericht kein Verfahrenshandlung mehr durchführen 	werden der Enthaltungserklärung oder der Ablehnungserklärung annehmen  so können der Gericht kein Verfahren mehr anordnen 	werden der Enthaltungserklärung oder der Ablehnungserklärung annehmen  so können der Gericht kein Verfahren mehr anordnen 
Wird der Vertrag  gekündigt, so findet die Vorschrift  Anwendung. Die Mehrkosten für die Rückbeförderung sind von den Parteien je zur Hälfte zu tragen.	Partei	Teilnehmer,Versicherungsnehmer	werden der Vertrag kündigen  so finden der Bestimmung Anwendung  der zusätzlich Kosten für der Rückbeförderung gehen zu gleich Teil zu Last der Vertragspartner 	werden der Vertrag kündigen  so finden der Bestimmung Anwendung  der zusätzlich Kosten für der Rückbeförderung gehen zu gleich Teil zu Last der Vertragspartner 	werden der Vertrag kündigen  so finden der Bestimmung Anwendung  der zusätzlich Kosten für der Rückbeförderung gehen zu gleich Teil zu Last der Vertragspartner 
Wird die Aufbewahrung unentgeltlich übernommen, so hat der Verwahrer nur für diejenige Sorgfalt einzustehen, welche er in eigenen Angelegenheiten anzuwenden pflegt.	Aufbewahrung	Lager	werden der Einlage unentgeltlich übernehmen  so haften der Verwahrer nur für der Sorgfalt  der er normalerweise in sein Angelegenheit ausüben 	werden der Einlage unentgeltlich übernehmen  so haften der Verwahrer nur für der Sorgfalt  der er üblicherweise in sein Angelegenheit an der Tag legen 	werden der Hinterlegung unentgeltlich leisten  so haften der Verwahrer nur für der Sorgfalt  der er üblicherweise in sein Angelegenheit walten lässt 
Wird die Erbschaft mit Vorbehalt der rechtlichen Wohlthat des Inventariums angetreten; so ist sogleich vom Gerichte das Inventarium auf Kosten der Masse aufzunehmen.	Vorbehalt	Pflichtteil,Rücklage	werden der Erbe vorbehaltlich der Inventarvorteil annehmen  so muss der Gericht der Inventar unverzüglich auf Kosten der Masse erstellen 	werden der Erbe vorbehaltlich der Bestandsvorteil annehmen  so müssen der Gericht der Bestandsverzeichnis unverzüglich auf Kosten der Masse erstellen 	werden der Erbe vorbehaltlich der Bestandsvorteil annehmen  so müssen der Gericht der Bestandsverzeichnis unverzüglich auf Kosten der Masse erstellen 
Wird die Sicherheit unzulänglich, kann die Bank eine zusätzliche Sicherheit oder den Austausch des Sicherheitsleistenden verlangen.	Sicherheitsleistende	Garant	werden der Garantie unzureichend  so können der Bank ein zusätzlich Sicherheit oder ein Ersatz der Garantiegeber verlangen 	werden der Garantie nicht ausreichend  so können der Bank ein zusätzlich Sicherheit oder ein Ersatz der Garantiegeber verlangen 	werden der Garantie nicht ausreichend  so können der Bank ein zusätzlich Sicherheit oder ein Ersatz der Garantiegeber verlangen 
Wird die Zwangsvollstreckung wegen einer Forderung aus einer vorsätzlich begangenen unerlaubten Handlung betrieben, so kann das Vollstreckungsgericht auf Antrag des Gläubigers den pfändbaren Teil des Arbeitseinkommens ohne Rücksicht auf die in § 850c vorgesehenen Beschränkungen bestimmen; .	unerlaubt	Unrecht,rechtswidrig Verhalten,unerlaubt Handlung	werden der Zwangsvollstreckung wegen ein Forderung aufgrund ein vorsätzlich begangen rechtswidrig Handlung einleiten  so können der Vollstreckungsgericht auf Antrag der Gläubiger der pfändbar Teil der Arbeitseinkommen ohne Rücksicht auf der in Artikel 850c vorgesehen Beschränkung bestimmen 	werden der Zwangsvollstreckung wegen ein vorsätzlich begangen rechtswidrig Handlung vornehmen  so können der vollstreckend Gericht auf Antrag der Gläubiger der sperrbar Teil der Arbeitseinkommen ohne Rücksicht auf der in Artikel 850c vorgesehen Beschränkung bestimmen 	werden der Zwangsvollstreckung wegen ein vorsätzlich begangen rechtswidrig Handlung vornehmen  so können der vollstreckend Gericht auf Antrag der Gläubiger der sperrbar Teil der Arbeitseinkommen ohne Rücksicht auf der in Artikel 850c vorgesehen Beschränkung bestimmen 
Wird die Zwangsvollstreckung wegen einer Forderung aus einer vorsätzlich begangenen unerlaubten Handlung betrieben, so kann das Vollstreckungsgericht auf Antrag des Gläubigers den pfändbaren Teil des Arbeitseinkommens ohne Rücksicht auf die in § 850c vorgesehenen Beschränkungen bestimmen; .	unerlaubt Handlung	rechtswidrig Handlung	werden der Zwangsvollstreckung wegen ein Forderung aufgrund ein vorsätzlich begangen rechtswidrig Handlung einleiten  so können der Vollstreckungsgericht auf Antrag der Gläubiger der pfändbar Teil der Arbeitseinkommen ohne Rücksicht auf der in Artikel 850c vorgesehen Beschränkung bestimmen 	werden der Zwangsvollstreckung wegen ein vorsätzlich begangen rechtswidrig Handlung vornehmen  so können der vollstreckend Gericht auf Antrag der Gläubiger der sperrbar Teil der Arbeitseinkommen ohne Rücksicht auf der in Artikel 850c vorgesehen Beschränkung bestimmen 	werden der Zwangsvollstreckung wegen ein vorsätzlich begangen rechtswidrig Handlung vornehmen  so können der vollstreckend Gericht auf Antrag der Gläubiger der sperrbar Teil der Arbeitseinkommen ohne Rücksicht auf der in Artikel 850c vorgesehen Beschränkung bestimmen 
Wird eine erwerbstätige Person  zum Beispiel krank oder arbeitslos, erhält sie eine finanzielle Unterstützung aus der Kranken- oder Arbeitslosenversicherung (Krankengeld oder Arbeitslosenunterstützung).	erwerbstätig Person	Arbeitnehmer,unselbstständig Erwerbstätige	werden ein Arbeitnehmer z. B. krank oder arbeitslos  so erhalten er ein finanziell Unterstützung aus der Kranken oder Arbeitslosenversicherung  Krankengeld oder Arbeitslosenunterstützung  	werden ein Arbeitnehmer z. B. krank oder arbeitslos  so erhalten er finanziell Unterstützung durch der Kranken oder Arbeitslosenversicherung  Krankenversicherung oder Arbeitslosenunterstützung  	wenn ein Arbeitnehmer z. B. krank werden oder arbeitslos werden  erhalten er ein finanziell Unterstützung aus der Krankenversicherung oder der Arbeitslosenversicherung  Krankenversicherung oder Arbeitslosenunterstützung  
Wird eine gefährliche Arbeit oder eine gefährliche Tätigkeit von einer Person allein ausgeführt, so hat der Unternehmer über die allgemeinen Schutzmaßnahmen hinaus für geeignete technische oder organisatorische Personenschutzmaßnahmen zu sorgen.	gefährlich Tätigkeit	gefährlich Unternehmung	werden ein gefährlich Arbeit oder ein gefährlich Tätigkeit von ein einzig Person ausführen  so haben der Unternehmer zusätzlich zu der allgemein Schutzmaßnahme geeignet technisch oder organisatorisch Maßnahme zu persönlich Schutz zu treffen 	werden ein gefährlich Arbeit oder ein gefährlich Tätigkeit von ein einzig Person ausführen  so haben der Unternehmer zusätzlich zu der allgemein Schutzmaßnahme geeignet technisch oder organisatorisch Maßnahme zu persönlich Schutz zu treffen 	werden ein gefährlich Arbeit oder ein gefährlich Tätigkeit von ein einzig Person ausführen  so haben der Unternehmer zusätzlich zu der allgemein Schutzmaßnahme geeignet technisch oder organisatorisch Maßnahme zu persönlich Schutz zu treffen 
Wird einer am Verfahren beteiligten Person die Einsichtnahme in ein Aktenstück verweigert, so wird auf dieses nur abgestellt, wenn ihr die Behörde von seinem für die Sache wesentlichen Inhalt mündlich oder schriftlich Kenntnis gegeben hat.	Aktenstück	Prozesshandlung,Verfahrenshandlung	werden ein an der Verfahren beteiligt Person der Anhörung ein Verfahrensakt verweigern  so werden dieser nur berücksichtigen  wenn ihr der Behörde mündlich oder schriftlich der Inhalt der Verfahren zu Kenntnis bringen haben 	werden ein an der Verfahren beteiligt Person der Akteneinsicht verweigern  so werden Letzterer nur dann berücksichtigen  wenn ihr der Behörde der Inhalt der Verfahren mündlich oder schriftlich mitteilen haben 	werden ein an der Verfahren beteiligt Person der Akteneinsicht verweigern  so werden Letzterer nur dann berücksichtigen  wenn ihr der Behörde der Inhalt der Verfahren mündlich oder schriftlich zu Kenntnis bringen haben 
Wird in einer Gemeinde mehr als eine gültige Wahlvorschlagliste eingereicht, so muß die Wahl unter Berücksichtigung der Grundsätze der Verhältniswahl erfolgen.	Wahlvorschlagliste	Verzeichnis der wahlberechtigte,Wählerverzeichnis	werden in ein Gemeinde mehr als ein gültig Wahlliste vorlegen  so muss der Wahl nach der Grundsatz der Verhältniswahlsystem erfolgen 	werden in ein Gemeinde mehr als ein gültig Wählerliste vorlegen  so müssen der Wahl unter Beachtung der Grundsatz der Verhältniswahlsystem erfolgen 	werden in ein Gemeinde mehr als ein gültig Wählerliste vorlegen  so müssen der Wahl nach der Grundsatz der Verhältniswahlsystem erfolgen 
Wird jemand durch die öffentliche Gewalt in seinen Rechten verletzt, so steht ihm der Rechtsweg offen. Soweit eine andere Zuständigkeit nicht begründet ist, ist der ordentliche Rechtsweg gegeben. Artikel 10 Abs. 2 Satz 2 bleibt unberührt.	Satz	Zeitraum	werden ein Teil sein Recht durch der öffentlich Hand verletzen  so sein ihm der Rechtsweg zu öffnen  werden kein anderer Zuständigkeit festlegen  so sein der ordentlich Rechtsweg zu gewähren 	werden bestimmt Person in ihr Recht durch der öffentlich Gewalt schaden  so werden ihnen der Rechtsweg eröffnen  werden kein anderer Zuständigkeit festlegen  so werden der normal Rechtsweg gewähren  Artikel 10 Absatz 2 Unterabsatz 2 bleiben unberührt 	werden bestimmt Person durch der öffentlich Gewalt in ihr Recht schaden  so werden ihnen der Rechtsweg eröffnen  werden kein anderer Zuständigkeit festlegen  so werden der ordentlich Rechtsweg gewähren  Artikel 10 Absatz 2 Unterabsatz 2 bleiben unberührt 
Wird nach Ausstellung einer neuen Zulassungsbescheinigung Teil I für eine in Verlust geratene Bescheinigung diese wieder aufgefunden, hat der Halter oder Eigentümer sie unverzüglich der zuständigen Zulassungsbehörde abzuliefern.	Zulassungsbescheinigung Teil I	Sparbuch	werden dieser Dokument nach Ausstellung ein neu Dokument für ein verloren Dokument wiederfinden  so sein der Besitzer oder Eigentümer verpflichten  es der zuständig Zulassungsbehörde unverzüglich zu übergeben 	werden dieser Dokument nach Ausstellung ein neu Ausweis für ein verloren gegangen Dokument wiederfinden  so sein der Besitzer oder Eigentümer verpflichten  es der zuständig Zulassungsbehörde unverzüglich zu übergeben 	werden dieser Dokument nach Ausstellung ein neu Ausweis für ein verloren gegangen Dokument wiederfinden  so sein der Besitzer oder Eigentümer verpflichten  es der zuständig Zulassungsbehörde unverzüglich zu übergeben 
Wo eine Verjährung von fünf oder mehr Jahren neu eingeführt ist, wird der abgelaufene Zeitraum einer vor dem Inkrafttreten dieses Gesetzes begonnenen Verjährung angerechnet, wobei jedoch zur Vollendung der Verjährung noch mindestens zwei Jahre seit diesem Zeitpunkte ablaufen müssen.	Zeitraum	Satz	werden ein neu Verjährung von fünf oder mehr Jahr einführen  so werden der vor Inkrafttreten dieser Gesetz begonnen Verjährung berücksichtigen  muss jedoch noch mindestens zwei Jahr nach dieser Zeitpunkt zu Erfüllung der Verjährung beginnen 	werden ein neu Verjährung von fünf oder mehr Jahr einführen  so werden der vor Inkrafttreten dieser Gesetz begonnen Verjährung berücksichtigen  wobei jedoch mindestens zwei Jahr nach dieser Zeitpunkt für der Abschluss der Verjährung gelten müssen 	werden ein neu Verjährung von fünf oder mehr Jahr einführen  so werden der vor der Inkrafttreten dieser Gesetz begonnen Verjährung berücksichtigen  wobei jedoch mindestens zwei Jahr nach dieser Zeitpunkt für der Abschluss der Verjährung gelten müssen 
Wohnungen haben einen eigenen Eingang unmittelbar vom Treppenhaus, von einem Vorraum oder von außen, das heißt, dass die Bewohner ihre Wohnung betreten und verlassen können, ohne durch die Wohnung eines anderen Haushalts gehen zu müssen.	Treppenhaus	Leiter,Treppe	der Wohnung haben ein eigen Eingang direkt von der Treppe  von ein Eingangsbereich oder von außen  wer bedeuten  dass der Bewohner ihr Wohnung betreten und verlassen können  ohne durch der Wohnung ein anderer Haushalt gehen zu müssen 	der Wohnung haben ein direkt Eingang von der Leiter  von ein Eingangsbereich oder von außen  wer bedeuten  dass der Bewohner in ihr Haus ein und ausreisen können  ohne der Wohnung ein anderer Familie passieren zu müssen 	der Wohnung haben ein direkt Zutritt von der Leiter  von ein Eingangsbereich oder von außen  wer bedeuten  dass der Bewohner in ihr Zuhause ein und ausreisen können  ohne der Wohnung ein anderer Familie passieren zu müssen 
Wollen mehrere Miterben das Einlösungsrecht ausüben, so wird der Anteil allen zu gleichen Teilen zugewiesen.	Einlösungsrecht	Wiederkaufsrecht	wenn mehrere Miterbe ihr Lösegeldrecht ausüben wollen  werden der Anteil alle zu gleich Teil zuteilen 	wenn mehr Miterbe der Rückkaufrecht ausüben wollen  werden der Anteil zu gleich Teil alle zuteilen 	wenn mehr Miterbe der Rückkaufrecht ausüben wollen  werden der Anteil zu gleich Teil alle zuteilen 
Wurde der Rekurs angenommen und die Feststellung des Verstoßes für unbegründet erklärt, so bewirkt die Anordnung das Erlöschen der Zusatzstrafe und die Rückgabe des Fahrzeugs durch das Polizeiorgan .	Anordnung	Beschluss,Verfügung,Verordnung	werden der Klage abweisen und werden der für unbegründet erklärt Verstoß feststellen  so werden der zusätzlich Sanktion aufheben und der Fahrzeug von der Polizei zurückerstatten 	werden der Rechtsbehelf einlegen und werden der Verstoß feststellen  so werden der zusätzlich Sanktion durch der Beschluss aufheben und der Fahrzeug von der Polizeibehörde zurückgeben 	sein der Rechtsbehelf einlegen werden und sein der Verstoß feststellen werden  so erlischen der zusätzlich Sanktion durch der Beschluss und der Rückgabe der Fahrzeug durch der Polizeibehörde 
Wurde die Forderungsexekution im vereinfachten Bewilligungsverfahren bewilligt, so darf an den betreibenden Gläubiger erst vier Wochen nach Zustellung des Zahlungsverbots an den Drittschuldner geleistet oder der Betrag hinterlegt werden.	Forderungsexekution	Anspruchsexekution,Exekution auf Anspruch auf Herausgabe und Leistung körperlich Sache	werden der Enteignung durch dritter in vereinfacht Genehmigungsverfahren genehmigen  so können der Zahlung an der Gläubiger oder der Hinterlegung der Betrag erst vier Woche nach Bekanntgabe der Zahlungsverbot an der dritter Schuldner erfolgen 	werden der Enteignung durch dritter in vereinfacht Genehmigungsverfahren genehmigen  so können der Zahlung an der Gläubiger oder der Hinterlegung der Betrag erst vier Woche nach Mitteilung der Zahlungsverbot an der dritter erfolgen 	werden der Enteignung durch Dritter in vereinfacht Genehmigungsverfahren genehmigen  so können der Zahlung an der Gläubiger oder der Hinterlegung der Betrag erst vier Woche nach Bekanntgabe der Zahlungsverbot an der Drittschuldner erfolgen 
Wählbar ist bei den Sozialversicherungswahlen nicht, wer  als leitender Beamter oder Angestellter bei einer Behörde, die Aufsichtsrechte gegenüber dem Versicherungsträger hat, oder  als anderer Beamter oder Angestellter bei einer solchen Behörde im Fachgebiet Sozialversicherung beschäftigt ist.	leitend Beamter	Führungskraft,leitend Angestellter	für der Wahl der Sozialversicherung sein nicht in Betracht zu kommen  wenn ein Beamter  der als Leiter oder angestellter ein Behörde  der Aufsichtsrecht gegenüber der Versicherungsträger ausüben  oder als ein anderer Beamter oder angestellter dieser Behörde in Spezialbereich der Sozialversicherung beschäftigen sein 	für der Wahl der Sozialversicherung sein es nicht zulässig  daß Person  der als Leiter oder angestellter ein Behörde  der Aufsichtsrecht gegenüber der Versicherungsunternehmen ausüben  oder als sonstig Beamter oder angestellter dieser Behörde in Spezialbereich der Sozialversicherung beschäftigen werden 	bei der Wahl zu Sozialversicherung können nicht berücksichtigen werden  wer als Leiter oder angestellter ein Behörde  der Aufsichtsrecht gegenüber der Versicherungsunternehmen ausüben  oder als sonstig Beamter oder angestellter dieser Behörde in Spezialbereich der Sozialversicherung beschäftigen sein 
Während das Wort Aktie sowohl den Bruchteil des Grundkapitals wie die Mitgliedschaft bezeichnet, finden sich bei der GmbH für die beiden Begriffe zwei verschiedene Ausdrücke: Stammeinlage und Geschäftsanteil.	Geschäftsanteil	Anteil	während der Begriff  Aktie  sowohl der Teil der Stammkapital als auch der Mitgliedschaft bezeichnen  geben es in der GmbH für der beide Begriff zwei unterschiedlich Begriff   Stammeinlage  und  Anteil  	während der Begriff  Aktie  der Teil der Grundkapital und der Mitgliedschaft umfassen  geben es in der GmbH für beide Begriff zwei verschieden Begriff   Stammeinlage  und  Anteil  	während der Begriff  Aktie  der Teil der Stammkapital und der Mitgliedschaft umfassen  geben es in der GmbH für der beide Begriff zwei unterschiedlich Begriff   Stammeinlage  und  Anteil  
Während das Zivilrecht durch die Privatautonomie geprägt und damit geradezu auf den Vertrag als Gestaltungsmittel ausgerichtet ist, wird das Verwaltungsrecht durch den Grundsatz der Gesetzmäßigkeit beherrscht.	Grundsatz der Gesetzmäßigkeit	Legalitätsprinzip	während der Zivilrecht durch der privat Autonomie kennzeichnen sein und daher als Instrument der Konfiguration auf der Vertrag ausrichten sein  werden der Verwaltungsrecht von Grundsatz der Rechtmäßigkeit beherrschen 	während der Zivilrecht von privat Autonomie prägen sein und daher als Instrument der Gestaltung auf der Vertrag ausrichten sein  werden der Verwaltungsrecht von Grundsatz der Legalität dominieren 	während der Zivilrecht von privat Selbstverwaltung prägen sein und daher als Instrument der Gestaltung auf der Vertrag ausrichten sein  werden der Verwaltungsrecht von Grundsatz der Legalität dominieren 
Während ein Tatirrtum eine unrichtige Vorstellung oder das Fehlen einer Vorstellung über die objektiven Tatmerkmale ist, liegt ein Rechtsirrtum vor, wenn der Täter nicht erkennt, daß sein Verhalten rechtlich verboten ist.	Tatirrtum	Tatsachenirrtum	zwar sein ein Fehler ein falsch Idee oder der fehlen ein Vorstellung von der objektiv Merkmal der Tatsache  doch bestehen ein Rechtsfehler  wenn der Urheber nicht erkennen  dass sein verhalten gesetzlich verbieten sein 	während ein sachlich Fehler ein falsch Vorstellung oder ein fehlend Eindruck von der objektiv Merkmal der Tatsache sein  bestehen ein Rechtsirrtum  wenn der Urheber nicht erkennen  dass sein verhalten gesetzlich verbieten sein 	während ein sachlich Fehler ein falsch Idee oder ein fehlend Vorstellung von der objektiv Merkmal der Tatsache sein  bestehen ein Rechtsirrtum  wenn der Urheber nicht erkennen  dass sein verhalten gesetzlich verbieten sein 
Zahlungen für den Unternehmer kann der Handelsvertreter nur dann annehmen, wenn er hiezu ermächtigt ist.	Handelsvertreter	Arbeitsstoff,Einwirkung,Täter	der bediensteter dürfen Zahlung an der Unternehmer nur dann annehmen  wenn er hierzu befugen sein 	der bediensteter können Zahlung für der Betriebsinhaber nur dann annehmen  wenn er dazu berechtigen sein 	der bediensteter können Zahlung für der Betriebsinhaber nur dann annehmen  wenn er dazu berechtigen sein 
Zeigt sich im Laufe der Mietzeit ein Mangel der Mietsache oder wird eine Maßnahme zum Schutz der Mietsache gegen eine nicht vorhergesehene Gefahr erforderlich, so hat der Mieter dies dem Vermieter unverzüglich anzuzeigen.	Maßnahme	Verwaltungsakt	werden während der Mietzeit ein Mangel der Mietwohnung feststellen oder sein ein Maßnahme zu Schutz der Mietwohnung gegen ein unvorhergesehen Gefahr erforderlich  so haben der Betriebsinhaber der Vermieter unverzüglich davon zu unterrichten 	Tritt während der Mietzeit ein Mietfehler auf oder sein ein Maßnahme zu Schutz der Mieter gegen ein unvorhergesehen Gefahr erforderlich  so haben der Mieter dieser der Mieter unverzüglich mitteilen 	Tritt während der Mietzeit ein Mietfehler auf oder sein ein Maßnahme zu Schutz der Mietwohnung gegen ein unvorhergesehen Gefahr erforderlich  so haben der Mieter der Mieter unverzüglich davon in Kenntnis zu setzen 
Zickzacklinien  kennzeichnen Haltestellen für Busse im öffentlichen Linienverkehr.	Haltestelle	halten	der Zickzack-Linie zeichnen der Haltestelle für der öffentlich Buslinie aus 	der Zickzack-Linie zeichnen der Haltestelle für Busse der öffentlich Linienverkehr aus 	der Zickzack-Linie zeichnen der Haltestelle für Busse der öffentlich Linienverkehr aus 
Ziel des neunten Titels (des ZGB) ist es, Familienverhältnisse zu regeln, die  eine Mehrzahl von Verwandten und/oder im selben Haushalt lebenden Personen betreffen oder über Generationen bedeutsam sind.	in selber Haushalt lebend Person	Lebenspartner	Ziel der neunter Titels  der Zivilgesetzbuch  sein es  Familienbeziehung zu regeln  der ein Vielzahl von verwandte und  oder Lebenspartner betreffen oder für mehrere Generation von Bedeutung sein 	Ziel der neunter Titels  der Zivilgesetzbuch  sein es  Familienbeziehung zu regeln  der mehrere verwandte und  oder Lebensgemeinschaft betreffen oder für mehrere Generation von Bedeutung sein 	Ziel der neunter Titels  der Zivilgesetzbuch  sein es  Familienbeziehung zu regeln  der mehrere verwandte und  oder Lebensgemeinschaft betreffen oder für mehrere Generation von Bedeutung sein 
Ziele : 1. Verringerung der Inzidenz von Verkehrsunfällen, Arbeitsunfällen und Unfällen im Haushalt ; 2. Senkung der Mortalität und der Anzahl der Fälle von Invalidität aufgrund von Arbeits- und Verkehrsunfällen sowie von Unfällen im Haushalt .	Unfall in Haushalt	Haushaltsunfall	Ziel  1. Verringerung der Inzidenz von Straßenverkehrsunfall  Arbeitsunfall und Hausunfall 2. Verringerung der Sterblichkeit und der Zahl der Erwerbsunfähigkeitsfall aufgrund von Arbeitsunfall  Straßenverkehrsunfall und Hausunfall 	Zielsetzung  1. Verringerung der Unfall  Arbeit und Hausunfall 2. Senkung der Sterblichkeitsrate und der Zahl der Invaliditätsfall aufgrund von Arbeitsunfall  Straßenunfall und Hausunfall 	Zielsetzung  1. Verringerung der Unfall  Arbeit und Hausunfall 2. Senkung der Sterblichkeitsrate und der Zahl der Invaliditätsfall aufgrund von Arbeitsunfall  Strassenunfall und Hausunfall 
Zu ihrer Verbindlichkeit bedürfen der Aufnahme in die Statuten:  die Gewährung eines Austrittsrechtes .	Austrittsrecht	Rücktrittsrecht	für ihr Gültigkeit verlangen sie der Aufnahme in der Satzung  der Gewährung ein Widerrufsrecht 	für ihr Gültigkeit verlangen sie der Aufnahme in der Satzung  der Gewährung ein Rücktrittsrecht 	für ihr Gültigkeit verlangen sie der Aufnahme in der Satzung  der Gewährung ein Rücktrittsrecht 
Zuerst trägt der Untersuchungsrichter eine Darstellung des bisherigen Ganges der Untersuchung vor. Hierauf erhält der Staatsanwalt das Wort und dann der Beschuldigte oder sein Verteidiger zur Erwiderung.	Erwiderung	Gegeneinwendung	zunächst stellen der Untersuchungsrichter ein Darstellung der bislang von der Anweisung gefolgt Entwicklung dar  und anschließend gehen der Wort an der Staatsanwalt und dann an der angeklagter oder sein Verteidiger zu Erwiderung über 	erstens geben der Untersuchungsrichter ein Darstellung der bisherig Entwicklung der Untersuchung ab  und anschließend werden der Wort an der Staatsanwalt und dann an der angeklagter oder der Anwalt für der Gegendarstellung weitergeben 	erstens geben der Ermittlungsrichter ein Überblick über der bisherig Entwicklung der Untersuchung  und dann werden der Wort an der Staatsanwalt und dann an der angeklagter oder der Verteidiger für der Gegendarstellung weitergeben 
Zugangsöffnungen für Behälter, Silos und enge Räume, in denen Arbeiten durchzuführen sind, müssen so groß und so angeordnet sein, dass das Ein- und Aussteigen und Retten von Personen jederzeit möglich ist.	Zugangsöffnung	Zufahrt,Zugang,Zugangsrecht,Zutritt,Zutrittsrecht	der Zugang zu Behälter  Silo und eng Raum  in der Arbeit durchführen sein  müssen so groß und so anordnen sein  dass Person jederzeit ein  aus und retten werden können 	der Zugang zu Behälter  Silo und eng Raum  in der Arbeit durchführen werden müssen  muss so groß und so beschaffen sein  dass Person jederzeit ein  aus und retten werden können 	der Zugang zu Behälter  Silo und eng Raum  in der Arbeit durchführen sein  müssen so groß und so beschaffen sein  dass jederzeit Person ein  aus und retten werden können 
Zugunsten der Gläubiger der übernehmenden Gesellschaft bestehen keine entsprechenden Schutzvorkehrungen, obwohl sich eine Fusion auch für sie nachteilig auswirken kann.	übernehmend Gesellschaft	neu Gesellschaft	für der Gläubiger der übernehmend Gesellschaft geben es kein entsprechend Schutzmaßnahme  obwohl ein Verschmelzung auch für sie negativ Auswirkung haben können 	für der Gläubiger der übernehmend Gesellschaft geben es kein entsprechend Schutzmaßnahme  auch wenn ein Verschmelzung negativ Auswirkung auf sie haben können 	für der Gläubiger der übernehmend Gesellschaft geben es kein entsprechend Schutzmaßnahme  auch wenn ein Verschmelzung negativ Auswirkung auf sie haben können 
Zum Abschlusse eines Vertrages ist die übereinstimmende gegenseitige Willensäusserung der Parteien erforderlich.	Partei	Kunde,Versicherungsnehmer	für der Abschluss ein Vertrag sein ein einvernehmlich Erklärung der gegenseitig Wille der Vertragspartner erforderlich 	für der Abschluss ein Vertrag sein ein einvernehmlich Willensäußerung der Vertragspartner erforderlich 	für der Abschluss ein Vertrag sein ein einvernehmlich Willensbekundung der Vertragspartner erforderlich 
Zum Fachgebiet Denkmalschutz gehören folgende Teilgebiete und dazugehörige Aufgaben:Interessenwahrung Kulturraum: Stellungnahmen zu Bundesinventaren, zivilen Planungs- und Bauvorhaben Denkmalschutz bei MPV-pflichtigen Bauprojekten, .	Denkmalschutz	Konservierung	der Bereich der Erhaltung der kulturell Erbe umfassen folgend Teilsektor und Aufgabe  Schutz der Interesse der Kulturlandschaft  Stellungnahm zu Volkszählung  Planung und Bauprojekt  Erhaltung von Kulturgüt bei Bauprojekt  der der UVP unterliegen 	der Bereich der Erhaltung von Kulturgüt umfassen folgend Unterbereich und Aufgabe  Schutz der Interesse der Kulturlandschaft  Stellungnahm zu Volkszählung  zivil Planung und Bauprojekt  Erhaltung von Kulturgüt in Bauprojekt  der der UVP unterliegen 	der Bereich der Erhaltung von Kulturgüt umfassen folgend Unterbereich und Aufgabe  Schutz der Interesse der Kulturlandschaft  Stellungnahm zu Volkszählung  zivil Planung und Bauprojekt  Erhaltung von Kulturgüt in Bauprojekt  der der UVP unterliegen 
Zum Unterschied von der Bedingung steht bei der Befristung fest, daß der Zeitpunkt kommen wird; er ist insofern gewiß.	Befristung	Grenzzeichen,Verfahrensfrist,prozessual Frist	in Gegensatz zu der Bedingung sein es sicher  daß der Augenblick kommen werden  in dieser Sinn sein es sicher 	anders als der Bedingung sein es sicher  dass der Zeit kommen werden  der sein sicher 	anders als der Bedingung sein es sicher  dass der Zeit kommen werden  der sein sicher 
Zur Berufsausübung ist die Eintragung in die Berufskammer erforderlich. Voraussetzungen dafür sind:  Staatsprüfung zur Erlangung der Berufsbefähigung.	Staatsprüfung zu Erlangung der Berufsbefähigung	staatlich Abschlussprüfung	für der Ausübung der Beruf sein der Aufnahme in der Berufsregister erforderlich  der Voraussetzung hierfür sein  staatlich Prüfung 	für der Berufsausübung sein der Berufsanschrift erforderlich  und der Voraussetzung hierfür sein  staatlich Prüfung 	für der Berufsausübung sein ein Berufsanschrift erforderlich  der Voraussetzung hierfür sein  staatlich Prüfung 
Zur Bewilligung der Exekution ist das  Exekutionsgericht zuständig.	Exekutionsgericht	Vollzugsgericht	für der Genehmigung der Vollstreckung sein der Vollstreckungsgericht zuständig 	für der Genehmigung der Vollstreckung sein der vollstreckend Gericht zuständig 	für der Genehmigung der Vollstreckung sein der vollstreckend Gericht zuständig 
Zur Entstehung einer rechtsfähigen Stiftung sind das Stiftungsgeschäft und die Anerkennung durch die zuständige Behörde des Landes erforderlich, in dem die Stiftung ihren Sitz haben soll.	Anerkennung	Identifizierung,Wiedererkennen	für der Gründung ein Stiftung mit Rechtsfähigkeit sein der Gründungsurkunde und der Anerkennung durch der zuständig Behörde der Land erforderlich  in der der Stiftung ihr Sitz haben sollen 	für der Gründung ein Stiftung mit eigen Rechtsfähigkeit sein der Gründungsurkunde und der Anerkennung durch der zuständig Behörde der Land  in der der Stiftung ihr Sitz haben sollen  erforderlich 	für der Gründung ein Stiftung mit Rechtsfähigkeit sein der Gründungsurkunde und der Anerkennung durch der zuständig Landesbehörde  in der der Stiftung ihr Sitz haben sollen  erforderlich 
Zur Errichtung einer Grunddienstbarkeit bedarf es der Eintragung in das Grundbuch.	Grunddienstbarkeit	Dienstbarkeit,Dienstbarkeitsrecht,Servitut	für der Einrichtung ein Dienst sein der Einschreibung in der Grundbuch erforderlich 	für der Bildung ein Sklaverei sein ein Eintragung in der Grundbuch erforderlich 	für der Bildung ein Sklaverei sein ein Eintragung in der Grundbuch erforderlich 
Zur Verwirklichung der  Ziele hält sich das Land in der Verwaltungstätigkeit an die Kriterien der Effizienz  der Publizität.	Publizität	Werbung	zu Erreichung der Ziel halten sich der Land bei der Verwaltungstätigkeit an der Kriterium der Effizienz und der Werbung 	zu Erreichung der Ziel halten sich der Land bei der Verwaltungstätigkeit an der Kriterium der Effizienz und der Publizität 	zu Erreichung der Ziel halten sich der Land in sein Verwaltungstätigkeit an der Kriterium der Effizienz und der Publizität 
Zur Verwirklichung der vom Gesetz vorgesehenen Ziele hält sich das Land in der Verwaltungstätigkeit an die Kriterien der Effizienz, der Wirtschaftlichkeit, der Rationalität und der Publizität.	Verwaltungstätigkeit	Verwaltungsaufgabe,Verwaltungsfunktion	zu Erreichung der Ziel der Gesetz halten sich der Provinz bei der Ausübung ihr Verwaltungstätigkeit an der Kriterium Effizienz  Wirtschaftlichkeit  Rationalität und Werbung 	Per La realizzazione dei objekti Previsti Dal Legge  La Provincia Riguarda  in l'attuazione della funzionamento Ministrativo  Ai Criteri di efficienza  Economità  Ragione e Pubblica 	Per La realizzazione dei objekti Previsti Dal Legge  La Provincia Riguarda  in l'attuazione della funzionamento Ministrativo  Ai Criteri di efficienza  Economità  Ragione e Pubblicazione 
Zur Vorbereitung der Entscheidung kann das Gericht  folgende Maßnahmen durchführen : Rechtliches Gehör , Glaubhaftmachung , Erhebungen , Mündlicher Erortungstermin .	Vorbereitung der Entscheidung	Sachverhaltsermittlung	der Gericht können für der Untersuchung folgend Maßnahme ergreifen  Anhörung der Partei  summarisch Beweisführung  Nachprüfung  mündlich Verhandlung 	für der Zweck der Untersuchung können der Gericht folgend Maßnahme ergreifen  Anhörung der Partei  Beweismittel  Nachprüfung  mündlich Verhandlung 	für der Zweck der Untersuchung können der Gericht folgend Maßnahme ergreifen  Anhörung der Partei  Beweismittel  Nachprüfung  mündlich Verhandlung 
Zur Vornahme einzelner Prozesshandlungen bedarf der Verteidiger keiner besonderen Vollmacht.	Prozesshandlung	Aktenstück,Aktenteil	für der Durchführung einzeln Verfahrenshandlung brauchen der Verteidiger kein besonderer Vollmacht 	der Anwalt brauchen kein besonderer Vollmacht für der Durchführung einzeln Verfahrensakt 	für der Durchführung einzeln Verfahrensakt brauchen der Verteidiger kein besonderer Vollmacht 
Zur ordnungsgemäßen Durchführung der mit den Hauptuntersuchungen verbundenen Kontrollen und Prüfungen müssen die Unternehmen laut Absatz 8 geeignete, in der Verordnung näher festgelegte fachliche und berufliche Voraussetzungen besitzen und über entsprechende Ausstattungen und Räumlichkeiten verfügen.	Verordnung	Geschäftsordnung	um der Kontroll und Überprüfung in Zusammenhang mit der Hauptprüfung ordnungsgemäß durchführen zu können  müssen der Unternehmen gemäß Absatz 8 über geeignet  in der Verordnung nah spezifiziert beruflich und technisch Anforderung verfügen und über geeignet Ausrüstung und Räumlichkeit verfügen 	um der Kontroll und Überprüfung in Zusammenhang mit der Hauptprüfung ordnungsgemäß durchführen zu können  müssen der Unternehmen gemäß Absatz 8 über geeignet fachlich und technisch Anforderung verfügen  der in der Verordnung genau festlegen sein  und über geeignet Ausrüstung und Räumlichkeit verfügen 	um der Kontroll und Überprüfung in Zusammenhang mit der Hauptprüfung ordnungsgemäß durchführen zu können  müssen der Unternehmen gemäß Absatz 8 über geeignet fachlich und technisch Anforderung verfügen  der in der Verordnung genau festlegen sein  und über geeignet Ausrüstung und Räumlichkeit verfügen 
Zur Überprüfung der Arbeitsfähigkeit hinsichtlich einer möglichen Eingliederung in die Arbeitswelt werden den Nutzerinnen und Nutzern verschiedene kurze, gezielte Praktika in Privatbetrieben, öffentlichen Körperschaften, Vereinigungen und Sozialgenossenschaften für einen maximalen Zeitraum von in der Regel sechs Monaten angeboten.	Arbeitsfähigkeit	Erwerbsfähigkeit	um der Beschäftigungsfähigkeit in Hinblick auf ein möglich Eingliederung in der Arbeitsmarkt zu überprüfen  werden der Nutzer mehrere kurz und gezielt Praktika in privat Unternehmen  öffentlich Einrichtung  Verband und sozial Genossenschaft anbieten  der in der Regel sechs Monat dauern 	um der Arbeitsfähigkeit in Hinblick auf ein möglich Eingliederung in der Arbeitsmarkt zu überprüfen  werden der Nutzer mehrere kurz und gezielt Praktika in privat Unternehmen  öffentlich Einrichtung  Verband und sozial Genossenschaft anbieten  der in der Regel sechs Monat dauern 	um der Arbeitsfähigkeit in Hinblick auf ein möglich Eingliederung in der Arbeitsmarkt zu überprüfen  werden der Nutzer mehrere kurz und gezielt Praktika in privat Unternehmen  öffentlich Einrichtung  Verband und sozial Genossenschaft anbieten  der in der Regel sechs Monat dauern 
Zurechnungsfähig ist, wer im Zeitpunkt der Begehung der Tat das vierzehnte, aber noch nicht das achtzehnte Lebensjahr vollendet hatte und einsichts- und willensfähig war .	zurechnungsfähig	zurechenbar	es liegen auf der Hand  wer zu Zeitpunkt der Kommission der vierzehnter Jahr vollenden haben  aber noch nicht der achtzehnter Jahr alt sein und fähig sein zu verstehen und zu wollen 	schuld daran sein derjenige  der in Ausschuß der 14. Jahr vollenden haben  aber noch nicht der 18. Jahr alt sein und fähig sein zu verstehen und zu wollen 	schuld daran sein derjenige  der in Ausschuß der 14. Jahr vollenden haben  aber noch nicht der 18. Jahr alt und fähig sein zu verstehen und zu wollen 
Zusätzlich zum Konformitätskennzeichen müssen Medizinprodukte, deren Konformität  von einer Konformitätsbewertungsstelle zu beurteilen ist, die Kennnummer der verantwortlichen Stelle tragen.	Kennnummer	Benutzerkennung	zusätzlich zu Konformitätskennzeichnung müssen Medizinprodukt  der Konformität von ein Konformitätsbewertungsstelle zu bewerten sein  der Identifizierungscode der zuständig Stelle tragen 	zusätzlich zu Konformitätskennzeichnung müssen Medizinprodukt  der Konformität von ein Konformitätsbewertungsstelle zu beurteilen sein  der Kenncode der zuständig Stelle tragen 	zusätzlich zu Konformitätskennzeichnung müssen Medizinprodukt  der Konformität von ein Konformitätsbewertungsstelle zu beurteilen sein  der Kenncode der zuständig Stelle tragen 
Verbotszeichen sind als weiße Kreise mit schwarzem Piktogramm und rotem Rand  zu gestalten.	Verbotszeiche	Verbot oder Beschränkungszeiche	der Verbotssignal müssen als weiß Kreis mit schwarz Piktogramm und rot Rand herstellen werden 	der Verbot müssen als weiß Kreis mit schwarz Piktogramm und rot Rand umsetzen werden 	der Verbot müssen als weiß Kreis mit schwarz Piktogramm und rot Rand umsetzen werden 
Arbeitnehmer unterliegen  der Gesundheitsüberwachung, wenn sie gesundheitsgefährdenden chemischen Arbeitsstoffen ausgesetzt sind, die als hochgiftig, giftig, gesundheitsschädlich, sensibilisierend, irritierend, für den Produktionszyklus giftig, krebserregend und erbgutverändernd  klassifiziert sind.	krebserregend	Karzinogen,karzinogen Arbeitsstoff	der Arbeitnehmer unterliegen ein Gesundheitsüberwachung  wenn sie gesundheitsgefährdend Chemikalie aussetzen sein  der als hochgiftig  giftig  schädlich  sensibilisierend  reizend  fortpflanzungsgefährdend  krebserregend und erbgutverändernd einstufen sein 	der Arbeitnehmer unterliegen ein Gesundheitsüberwachung  wenn sie gefährlich Chemikalie aussetzen sein  der als hochgiftig  giftig  schädlich  sensibilisierend  reizend  fortpflanzungsgefährdend  krebserzeugend und erbgutverändernd einstufen sein 	der Arbeitnehmer unterliegen ein Gesundheitsüberwachung  wenn sie gefährlich Chemikalie aussetzen sein  der als hochgiftig  giftig  schädlich  sensibilisierend  reizend  fortpflanzungsgefährdend  krebserregend und erbgutverändernd einstufen sein 
Auch Vollstreckungsakte stellen unzweifelhaft hoheitliche Verwaltungsakte dar. Ihnen muss jedoch ein bestehender (oder wenigstens bevorstehender) Vollstreckungstitel zu Grunde liegen.	Vollstreckungsakt	Ausführungshandlung,Vollstreckungshandlung	auch der Durchführungsrechtsakt sein zweifellos autoritär Verwaltungsakt  doch müssen sie auf ein bestehend  oder zumindest unmittelbar bevorstehend  Vollstreckungstitel beruhen 	der Durchführungsrechtsakt sein zweifellos autoritär Verwaltungsakt  doch müssen sie auf ein bestehend  oder zumindest unmittelbar bevorstehend  Vollstreckungstitel beruhen 	auch der Durchführungsrechtsakt stellen zweifellos autoritär Verwaltungsakt dar  doch müssen sie auf ein bestehend  oder zumindest unmittelbar bevorstehend  Vollstreckungstitel beruhen 
Beim rechtswidrigen VA (ist)  zwischen formellen (förmlichen) und materiellen (inhaltlichen) Fehlern zu trennen.	Fehler	Mangel	in rechtswidrig VA muss zwischen formell und materiell Mängeln unterscheiden werden 	in der rechtswidrig VA muss zwischen formell und materiell Fehler unterscheiden werden 	in der rechtswidrig VA muss zwischen formell und materiell Fehler unterscheiden werden 
Bund oder Länder können die Verwaltungsaufgabe entweder selbst durch eigene Behörden wahrnehmen (unmittelbare Staatsverwaltung) oder die Aufgabe auf unterstaatliche Verwaltungsträger (Körperschaft, Anstalt oder Stiftung) übertragen (sog. mittelbare Staatsverwaltung).	Verwaltungsaufgabe	Verwaltung,Verwaltungstätigkeit	der oder der Bundesland können der Verwaltungstätigkeit entweder direkt über ihr Behörde  direkt staatlich Verwaltung  ausüben oder der Aufgabe auf substaatlich Verwaltungseinrichtung  öffentlich Einrichtung  Institution oder Stiftung  übertragen  z. B. indirekt staatlich Verwaltung  	der Verband oder der Land können der Verwaltungstätigkeit entweder direkt über ihr eigen Behörde  direkt staatlich Verwaltung  ausüben oder dieser Aufgabe auf substaatlich Verwaltungseinrichtung  öffentlich Einrichtung  Einrichtung oder Stiftung  übertragen  z. B. indirekt staatlich Verwaltung  	der Verband oder der Land können der Verwaltungstätigkeit entweder direkt über ihr eigen Behörde  direkt staatlich Verwaltung  ausüben oder dieser Aufgabe auf substaatlich Verwaltungseinrichtung  öffentlich Einrichtung  Einrichtung oder Stiftung  übertragen  z. B. indirekt staatlich Verwaltung  
Das Spektrum der IR-Strahlung wird unterteilt in IR-A-Strahlung (780 bis 1 400 Nanometer), IR-B-Strahlung (1 400 bis 3 000 Nanometer) und IR-C-Strahlung (3 000 Nanometer bis 1 Millimeter).	IR-Strahlung	ionisierend Strahlung	der Spektrum der IR werden in IR-A  780 bis 1400 Nanometer   IR-B  1400 bis 3 000 Nanometer  und IR-C  3 000 Nanometer bis 1 Millimeter  unterteilen 	der Spektrum der IR werden in IR-A  780 bis 1400 Nanometer   IR-B  1400 bis 3 000 Nanometer  und IR-C  3 000 Nanometer bis 1 Millimeter  unterteilen 	der Spektrum der IR werden in IR-A  780 bis 1400 Nanometer   IR-B  1400 bis 3 000 Nanometer  und IR-C  3 000 Nanometer bis 1 Millimeter  unterteilen 
Das Wohnungseigentum setzt sich aus dem Sondereigentum und dem Miteigentumsanteil als unlöslicher Zweiheit zusammen.	Wohnungseigentum	Gemeinschaft der Wohnungseigentümer	der Eigentumswohnung bestehen aus der exklusiv Eigentum und der Anteil der Eigentumswohnung als untrennbar Dualität 	der Kondom bestehen aus der ausschließlich Eigentum und der Anteil an der Miteigentümerschaft als untrennbar Dualität 	der Kondom bestehen aus der ausschließlich Eigentum und der Anteil an der Miteigentümerschaft als untrennbar Dualität 
Der Schutz des Gehörs soll bei der Arbeit ernst genommen werden .	Schutz der Gehör	Gehörschutz,Gehörschutzmittel,persönlich Schutzausrüstung für der Gehör	der Gehörschutz muss an Arbeitsplatz ernst nehmen werden 	der Schutz der Gehör muss an Arbeitsplatz ernst nehmen werden 	der Gehörschutz muss an Arbeitsplatz ernst nehmen werden 
Die Anzahl der erwerbstätigen Personen im zweiten Quartal 2018 liegt in Südtirol bei 252.000. Die Erwerbstätigenquote (15-64 Jahre) beläuft sich auf 72,5% und die saisonbereinigte Arbeitslosenquote auf 2,9%. Die errechnete Zahl der Arbeitsuchenden beläuft sich auf 8.600.	erwerbstätig Person	Arbeitnehmer,unselbstständig Erwerbstätige	der Zahl der beschäftigter in zweiter Quartal 2018 in Südtirol betragen 252.000. der Beschäftigungsquote  15 - 64 Jahr  liegen bei 72,5 % und der Arbeitslosenquote bei 2,9 %  der geschätzt Zahl der Arbeitsuchenden betragen 8.600.	der Zahl der Arbeitnehmer in zweiter Quartal 2018 in Südtirol betragen 252 000  der Beschäftigungsquote  15 - 64 Jahr  liegen bei 72,5 % und der Arbeitslosenquote bei 2,9 %  der geschätzt Zahl der Arbeitsuchenden betragen 8 600.	der Zahl der Arbeitnehmer in zweiter Quartal 2018 in Südtirol betragen 252 000  der Beschäftigungsquote  15 - 64 Jahr  liegen bei 72,5 % und der Arbeitslosenquote bei 2,9 %  der Zahl der Arbeitsuchenden werden auf 8 600 schätzen 
Die Auswahl des richtigen Handschutzes hat auf der Grundlage einer qualifizierten Gefährdungsbeurteilung zu erfolgen.	Handschutz	Schutz der Hand	der Auswahl der richtig Handschutz muss auf der Grundlage ein qualifiziert Risikobewertung erfolgen 	der Auswahl der richtig Handschutz muss auf der Grundlage ein qualifiziert Risikobewertung erfolgen 	der Auswahl der richtig Handschutz muss auf der Grundlage ein qualifiziert Risikobewertung erfolgen 
Die Benennung kann unter Auflagen erteilt werden und ist zu befristen. Erteilung, Ablauf, Rücknahme, Widerruf und Erlöschen der Benennung sind dem Bundesministerium für Gesundheit unverzüglich anzuzeigen.	Benennung	Zustellung	der Mitteilung können vorbehaltlich von Bedingung erteilen werden und sein zu ein spät Zeitpunkt  der Erteilung  der Ablaufen  der Rücknahme  der Widerruf und der erlöschen der Mitteilung sein der Bundesministerium für Gesundheit unverzüglich mitteilen 	der Notifizierung können unter Vorbehalt von Bedingung erteilen werden und sein befristen  der Ausstellung  der Ablaufen  der Zurücknahme  der Widerruf und der erlöschen der Anmeldung sein der Bundesgesundheitsministerium unverzüglich mitteilen 	der Mitteilung können unter Vorbehalt von Bedingung erteilen werden und sein befristen  der Ausstellung  der Ablaufen  der Zurücknahme  der Widerruf und der erlöschen der Mitteilung sein der Bundesgesundheitsministerium unverzüglich mitteilen 
Die Börse lässt sich als (teilrechtsfähige) funktionale Selbstverwaltungskörperschaft begreifen, die keinen verfassungsrechtlichen Schutz genießt und die darüber hinaus auch mit Satzungsautonomie und  Selbstgerichtsbarkeit ausgestattet ist.	funktional Selbstverwaltungskörperschaft	funktional Selbstverwaltung	der Börse können als funktional  teilweise mit Rechtsfähigkeit ausgestattet  Autonomie verstehen werden  der kein verfassungsrechtlich Schutz genießen und darüber hinaus über ein statutarisch Autonomie und Selbstjustiz verfügen 	der Wertpapierbörse können als funktional  teilweise mit Rechtsfähigkeit ausgestattet  Autonomie verstehen werden  der kein verfassungsmäßig Schutz genießen und zudem über ein satzungsmässig Autonomie und Selbstjustiz verfügen 	der Wertpapierbörse können als funktional  teilweise mit Rechtsfähigkeit ausgestattet  Autonomie verstehen werden  der kein verfassungsmäßig Schutz genießen und zudem über ein satzungsmässig Autonomie und Selbstjustiz verfügen 
Die Eingreifschwelle für Radongasexposition liegt in Italien bei 500 Bq/m³ Jahresmittelwert (= 3 mSv/2000 Arbeitsstunden pro Jahr). Bei Überschreitung der Grenzwerte müssen geeignete Gegenmaßnahmen eingeleitet werden.	Eingreifschwelle	Auslösewert	der Aktionsrate für der Radon-Gasexposition in Italien betragen 500 Bq  m3 in Jahresdurchschnitt (= 3 mSv  2000 Arbeitsstunde pro Jahr   bei Überschreitung der Grenzwert sein geeignet Korrekturmaßnahme zu ergreifen 	der Aktionswert für der Exposition gegenüber Radongas in Italien betragen 500 Bq  m3 in Jahresdurchschnitt (= 3 mSv  2000 Arbeitsstunde pro Jahr  	der Aktionswert für der Exposition gegenüber Radongas in Italien betragen 500 Bq  m3 in Jahresdurchschnitt (= 3 mSv  2000 Arbeitsstunde pro Jahr  
Die Erklärung ist nichtig, wenn sie einem anderen gegenüber abzugeben ist und dieser den Vorbehalt kennt.	Vorbehalt	Pflichtteil,Rücklage	der Erklärung sein nichts  wenn sie ein anderer ausstellen werden muss und dieser der Vorbehalt kennen 	der Erklärung sein nichts  wenn sie ein anderer erteilen werden sollen  und dieser kennen der Vorbehalt 	der Erklärung sein nichts  wenn sie ein anderer erteilen werden sollen  und er kennen der Vorbehalt 
Die Geldbuße darf  nicht höher sein als vier Stunden des Grundlohnes und die Suspendierung von Dienst und Entlohnung 10 Tage nicht überschreiten.	Geldbuße	Geldstrafe	der Geldbuße dürfen vier Stunde der Grundgehalt nicht überschreiten  und der Aussetzung der Dienst und der Vergütung dürfen 10 Tag nicht überschreiten 	der Geldbuße dürfen vier Stunde der Grundgehalt nicht überschreiten  und der Ruhepause dürfen zehn Tag nicht überschreiten 	der Geldbuße dürfen vier Stunde der Grundgehalt nicht überschreiten und dürfen zehn Tag nicht überschreiten 
Die Nachkommen eines letztwillig bedachten Kindes des Erblassers gelten als Ersatzerben des eingesetzten Kindes, wenn dieses vor dem Erblasser stirbt .	Ersatzerbe	Nacherbe	der Nachkomme ein Kind der Erblasser  für der ein Testamentsordnung gelten  gelten als ersetzen durch der Kind  für der der Kind bestimmen sein  wenn der Kind vor der Erblasser sterben 	der Nachkomme ein Sohn der Erblasser  für der ein Testamentsentscheidung ergehen sein  gelten als Nachfolger der eingesetzt Sohn  wenn der Kind vor der Erblasser sterben 	der Nachkomme ein Sohn der Erblasser  für der ein Testamentsentscheidung ergehen sein  gelten als Nachfolger der eingesetzt Sohn  wenn der Kind vor der Erblasser sterben 
Die Nichtanerkennung des deutschen Scheidungsurteils auf Grund des spanischen ordre public kann aus der Sicht der deutschen Rechtsordnung nicht hingenommen werden, da es sich um die Beurteilung eines rein inlandsbezogenen Sachverhalts handelt.	ordre public	öffentlich Ordnung,öffentlich Sicherheit,öffentlich Frieden	der Nichtanerkennung der deutsch Scheidungsurteil aufgrund der spanisch öffentlich Ordnung können aus der Sicht der deutsch Rechtsordnung nicht akzeptieren werden  da es sich um der Beurteilung ein rein intern Sachverhalt handeln 	der Nichtanerkennung der deutsch Scheidungsurteil aufgrund der spanisch öffentlich Ordnung können aus der Sicht der deutsch Recht nicht akzeptieren werden  da es sich um der Beurteilung ein rein intern Tatbestand handeln 	der Nichtanerkennung der deutsch Scheidungsurteil aufgrund der spanisch öffentlich Ordnung können aus der Sicht der deutsch Rechtsordnung nicht akzeptieren werden  da es sich um der Beurteilung ein rein intern Tatbestand handeln 
Die VS Verschlusssachen sind mit Geschäftszeichen und Datum zu versehen. Das Geschäftszeichen ist am Schluss durch die Abkürzung VS-Vertr. zu ergänzen.	VS-Vertr 	Verschreibung zu wiederholt Abgabe,Wiederholungsrezept,Wiederholungsverordnung	der als VS eingestuft Dokument sein mit Bezug und Datum zu kennzeichnen  der Fundstelle sein an Ende durch der Abkürzung RR zu ergänzen 	der als VS eingestuft Dokument müssen mit Bezug und Datum kennzeichnen sein  der Fundstelle sein an Ende durch der Abkürzung RR zu ergänzen 	der als VS eingestuft Dokument sein mit Bezug und Datum zu kennzeichnen  der Fundstelle sein an Ende durch der Abkürzung RR zu ergänzen 
Die betroffene Person kann über das Fahrzeug und die dazugehörigen Papiere ausschließlich zum Zwecke der Verschrottung und Löschung des Fahrzeuges verfügen, sofern sie beim Feststellungsorgan eine Kaution hinterlegt .	Löschung	Strahlung	der betreffend Person können der Fahrzeug und der zugehörig Unterlage ausschließlich für der Zweck der Verschrottung und Strahlung der Fahrzeug besitzen  sofern sie bei der Feststellungsstelle ein Sicherheit hinterlegen haben 	der betreffend Person können der Fahrzeug und der dazugehörig Unterlage ausschließlich für der Verwertung und der Abschaltung der Fahrzeug zu Verfügung stellen  sofern sie bei der Nachprüfungsstelle ein Sicherheit hinterlegen haben 	der betreffend Person können der Fahrzeug und der dazugehörig Unterlage ausschließlich zu Zweck der Verschrottung und der Auslöschung der Fahrzeug besitzen  sofern sie bei der Nachprüfungsstelle ein Sicherheit hinterlegen haben 
Die präventive Konservierung von Kunst und Kulturgut stellt eines der wichtigsten Arbeitsfelder der Konservierung-Restaurierung dar .	präventiv Konservierung	Prävention,Verhütung,Vorbeugung	der Verhütung künstlerisch und kulturell Gut sein einer der wichtig Bereich der Erhaltung und Erhaltung der Kulturerbe 	der Verhinderung von künstlerisch und kulturell Gut sein einer der wichtig Bereich der Erhaltung und Erhaltung von Restauration 	der Verhinderung von künstlerisch und kulturell Eigentum sein einer der wichtig Bereich der Erhaltung und Erhaltung von Restauration 
Die vom Wahlwerber bei Erklärung der Annahme der Kandidatur angegebene Sprachgruppenzugehörigkeit muß der Erklärung entsprechen, die er im Sinne des Artikels 18 des Dekrets des Präsidenten der Republik vom 26. Juli 1976, Nr. 752  abgegeben hat.	Wahlwerber	Bewerber	der Mitgliedschaft in der Sprachgruppe  der der Bewerber zu Zeitpunkt der Annahme der Bewerbung angeben haben  muss der Erklärung entsprechen  der er gemäß Artikel 18 der Dekret der Präsident der Republik von 26. Juli 1976 Nr. 752 abgeben haben 	der Mitgliedschaft in der Sprachgruppe  der der Kandidat zu Zeitpunkt der Erklärung über der Annahme der Kandidatur angeben haben  muss der Erklärung entsprechen  der er gemäß Artikel 18 der Dekret Nr. 752 der Präsident der Republik von 26. Juli 1976 abgeben haben 	der Mitgliedschaft in der Sprachgruppe  der der Kandidat zu Zeitpunkt der Erklärung über der Annahme der Kandidatur angeben haben  muss der Erklärung entsprechen  der er gemäß Artikel 18 der Dekret Nr. 752 der Präsident der Republik von 26. Juli 1976 abgeben haben 
Das Patientenverfügungs-Gesetz regelt die Voraussetzungen und die Wirksamkeit von Patientenverfügungen.	Wirksamkeit	Effektivität	der Gesetz über der biologisch Testament regeln der Voraussetzung und der Wirksamkeit von vorzeitig Behandlungserklärung 	der Gesetz über der biologisch Testament regeln der Voraussetzung und der Wirksamkeit von Vorab-Behandlungserklärung 	der Gesetz über der biologisch Testament regeln der Voraussetzung und der Wirksamkeit von vorzeitig Behandlungserklärung 
Das Telemediengesetz gilt für alle elektronischen Informations- und Kommunikationsdienste, soweit sie nicht Telekommunikationsdienste , die ganz in der Übertragung von Signalen über Telekommunikationsnetze bestehen, telekommunikationsgestützte Dienste  oder Rundfunk  sind (Telemedien).	Übertragung	Übermittlung	der Telemedia-Gesetz gelten für aller elektronisch Information und Kommunikationsdienst  soweit es sich nicht um Telekommunikationsdienst handeln  der ausschließlich in der Übertragung von Signal über Telekommunikationsnetz  Telekommunikationsdienst oder Rundfunkdienst bestehen 	der Telemediengesetz gelten für aller elektronisch Information und Kommunikationsdienst  soweit es sich nicht um Telekommunikationsdienst handeln  der ausschließlich in der Übertragung von Signal über Telekommunikationsnetz  Telekommunikationsdienst oder Rundfunkdienst bestehen 	der Telemediengesetz gelten für aller elektronisch Information und Kommunikationsdienst  soweit es sich nicht um Telekommunikationsdienst handeln  der ausschließlich in der Übertragung von Signal über Telekommunikationsnetz  Telekommunikationsdienst oder Rundfunkdienst bestehen 
Das Unternehmen bemüht sich als Gegenleistung für den von den Mitarbeitern geforderten Einsatz, die bestmögliche Gestaltung der Arbeitsumstände zu gewährleisten.	Arbeitsumstand	Arbeitsbedingung	der Unternehmen verpflichten sich als Gegenleistung für der von der Arbeitnehmer verlangt Verpflichtung  der bestmöglich Gestaltung der Arbeitsbedingung zu gewährleisten 	der Unternehmen verpflichten sich  als Gegenleistung für der von der Arbeitnehmer gefordert Verpflichtung der bestmöglich Gestaltung der Arbeitsbedingung zu gewährleisten 	der Unternehmen verpflichten sich als Gegenleistung für der von der Arbeitnehmer gefordert Verpflichtung  der bestmöglich Gestaltung der Arbeitsbedingung zu gewährleisten 
Der Generalsekretär oder die Generalsekretärin der Gerichtsverwaltung kann einzelne Befugnisse oder Bereiche an leitende Angestellte delegieren.	leitend Angestellter	Leiter,leitend Beamter	der Generalsekretär der Justizbehörde können einzeln Befugnis oder Bereich an Führungskraft delegieren 	der Generalsekretär der Justizverwaltung können einzeln Befugnis oder Bereich an Führungskraft delegieren 	der Generalsekretär der Justizverwaltung können einzeln Befugnis oder Bereich an Führungskraft delegieren 
Der Grundsatz der Formfreiheit ist durch zahlreiche Sonderregeln eingeschränkt, wobei sich die Formgebundenheit unmittelbar aus dem Gesetz oder aus der Parteienvereinbarung ergeben kann.	Formgebundenheit	gesetzlich vorgeschrieben Form	der Grundsatz der Formfreiheit werden durch zahlreich Sondervorschrift einschränken  in der der gebunden Form unmittelbar aus der Recht oder der Vereinbarung der Partei ableiten werden können 	der Grundsatz der Formfreiheit werden durch ein Vielzahl von Sondervorschrift einschränken  in der der verbindlich Form direkt aus der Recht oder der Zustimmung der Partei ableiten werden können 	der Grundsatz der Formfreiheit werden durch ein Vielzahl von Sondervorschrift einschränken  in der der verbindlich Form direkt aus der Recht oder der Zustimmung der Partei ableiten werden können 
Die Polizei kann Private auffordern, sie bei der Anhaltung zu unterstüt- zen.	Anhaltung	Anhalten,Freiheitsstrafe	der Polizei können Privatleute auffordern  sie bei der Festnahme zu unterstützen 	der Polizei können Privatperson auffordern  sie bei der Festnahme zu unterstützen 	der Polizei können Privatperson auffordern  sie bei der Festnahme zu unterstützen 
Die Daten waren jedenfalls bis Oktober XXXX grundsätzlich für die Ärzte und das Pflegepersonal einsehbar. Für eine Einsicht bedurfte es einer Patidok-Zugangsberechtigung mit Kennung und Passwort.	Kennung	Identifikationsnummer,Identifizierungsnummer,Kennnummer,Kennziffer	der Datum sein jedoch  zumindest bis Oktober XXXX  grundsätzlich von Arzt und Pflegepersonal abrufbar  für der Abfrage sein ein Genehmigung für der Zugang zu Patidok mit Identifizierungscode und Passwort erforderlich 	der Datum sein jedoch zumindest bis Oktober XXXX grundsätzlich von Arzt und Pflegepersonal einsehbar  und für der Abfrage sein ein Zugangsberechtigung für Patidok mit ein Kenncode und ein Passwort erforderlich 	der Datum können jedoch  zumindest bis Oktober XXXX  grundsätzlich von Arzt und Pflegepersonal abrufen werden  für der Abfrage sein ein Zugangsberechtigung für Patidok mit ein Kenncode und ein Passwort erforderlich 
Die Enteignungsbehörde hat den Zustand des Grundstücks vor der Besitzeinweisung in einer Niederschrift feststellen zu lassen, soweit er für die Besitzeinweisungs- oder die Enteignungsentschädigung von Bedeutung ist. Den Beteiligten ist eine Abschrift der Niederschrift zu übersenden.	Enteignungsentschädigung	Entschädigung	der Enteignungsbehörde haben der Status der Fonds vor der Aufnahme in ein Protokoll feststellen  soweit er für der Entschädigung für der Einbringung in der Besitz oder für der Entschädigung von Bedeutung sein  der Teilnehmer sein ein Kopie der Protokoll zu übermitteln 	der Enteignungsbehörde müssen der Zustand der Fonds vor sein Einlegung in ein Protokoll feststellen lassen  soweit er für der Entschädigung für der Einbringung in der Besitz oder für der Entschädigung von Bedeutung sein  ein Abschrift der Protokoll sein der Teilnehmer zu übermitteln 	der Enteignungsbehörde müssen der Zustand der Fonds vor sein Veröffentlichung in ein Protokoll feststellen lassen  soweit er für der Entschädigung für der in Besitz befindlich Einlage oder für der Entschädigung von Belang sein  der Teilnehmer sein ein Abschrift der Protokoll zu übermitteln 
Die Unerschwinglichkeit der Leistung wird der objektiven Unmöglichkeit gleichgesetzt. In der Praxis wird die Haftung des Schuldners durch eine Kriegs-, Streik- oder Freizeichnungsklausel eingeschränkt oder aufgehoben oder es kann die Leistung durch eine Gold- oder Valutaklausel gesichert werden.	Unerschwinglichkeit	Unzumutbarkeit	der Unwiderruflichkeit der Leistung sein mit der objektiv Unmöglichkeit gleichsetzen  in der Praxis sein der Haftung der Schuldner durch ein Krieg  Streik oder Freistellungsklausel einschränken oder ausschließen  oder der Leistung können durch ein Gold oder Währungsklausel garantieren werden 	in der Praxis sein der Haftung der Schuldner durch ein Krieg  Streik oder Freistellungsklausel beschränken oder ausschließen oder können durch ein Gold oder Devisenklausel gewährleisten werden 	in der Praxis sein der Haftung der Schuldner durch ein Krieg  Streik oder Freistellungsklausel einschränken oder ausschließen  oder der Leistung können durch ein Gold oder Devisenklausel garantieren werden 
Die von der Bundesregierung eingesetzte Gewaltkommission schlägt zwar eine Beschränkung auf physische Gewalt vor, möchte aber Strafbarkeitslücken dadurch schließen, daß dem § 240 StGB ein drittes Nötigungsmittel in Form vergleichbar schweren psychischen Zwanges hinzuzufügen sei.	physisch Gewalt	absolut Gewalt,unmittelbar Gewalt,unmittelbar körperlich Zwang,unwiderstehlich Gerwalt,vis absoluta	der Kommission für Gewalt  der von der Bundesregierung einsetzen werden  schlagen ein Begrenzung der körperlich Gewalt vor  beabsichtigen jedoch  der Lücke in der Strafbarkeit zu schließen  indem sie Artikel 240 der Strafgesetzbuch ein dritter Mittel der Zwangsarbeit in Form ein vergleichbar psychisch Zusammenarbeit hinzufügn 	der von der Bundesregierung eingesetzt Kommission für Gewalt schlagen zwar ein Begrenzung der physisch Gewalt vor  wollen aber der Straflücke schließen  indem sie Artikel 240 der Strafgesetzbuch ein dritter Mittel der Nötigung in Form ein vergleichbar psychisch Zwangsarbeit hinzufügn 	der Kommission für Gewalt  der von der Bundesregierung einsetzen werden  schlagen zwar ein Begrenzung der physisch Gewalt vor  beabsichtigen jedoch  der Straflücke zu schließen  indem sie Artikel 240 der Strafgesetzbuch ein dritter Mittel der Nötigung in Form ein vergleichbar psychisch Zwangsarbeit hinzufügn 
Durch Wertsicherungsklauseln soll die Geldentwertung zwischen dem Vertragsschluß und dem Zahlungszeitpunkt ausgeglichen werden, was vor allem bei langfristigen Dauerschuldverhältnissen im Interesse des Geldgläubigers von großer praktischer Bedeutung ist.	Geldentwertung	Abwertung	durch Indexierungsklausel sollen der Abwertung zwischen Vertragsabschluss und Zahlungszeitpunkt ausgleichen werden  wer in Interesse der finanziell Gläubiger  insbesondere in der langfristig obligatorisch Beziehung  von groß praktisch Bedeutung sein 	mit Indexierungsklausel sollen der Abwertung zwischen Vertragsabschluß und Zahlungszeitpunkt ausgleichen werden  wer in Interesse der Zahlungsempfänger von groß praktisch Bedeutung sein  insbesondere in der langfristig Verbindlichkeit 	mit Indexierungsklausel sollen der Abwertung zwischen Vertragsabschluß und Zahlungszeitpunkt ausgleichen werden  wer in Interesse der Zahlungsempfänger von groß praktisch Bedeutung sein  insbesondere in Hinblick auf der langfristig Verbindlichkeit 
Ein finanzgerichtliches Urteil, in welchem die Finanzbehörde dazu verurteilt worden ist, Einsicht in eine bestimmte Akte zu gewähren, unterliegt grundsätzlich der Vollstreckung nach § 888 ZPO über die Zwangsvollstreckung zur Erwirkung nicht vertretbarer Handlungen.	Zwangsvollstreckung zu Erwirkung nicht vertretbar Handlung	Zwangsvollstreckung zu Erwirkung vertretbar Handlung	ein Urteil der Steuergericht  mit der der Finanzbehörde zu Zugang zu ein bestimmt Akte verurteilen werden sein  unterliegen grundsätzlich der Vollstreckung gemäß § 888 ZPO in Bezug auf der Zwangsvollstreckung von Pflicht zu Durchführung 	ein Urteil der Finanzgericht  mit der der Finanzbehörde zu Einsicht in ein bestimmt Akte verurteilen werden  unterliegen grundsätzlich der Vollstreckung nach § 888 ZPO in Bezug auf der Zwangsvollstreckung von Geschäftspflicht 	ein Urteil der Finanzgericht  mit der der Finanzbehörde zu Zugang zu ein bestimmt Akte verurteilen werden  unterliegen grundsätzlich der Vollstreckung gemäß § 888 ZPO in Bezug auf der Zwangsvollstreckung von Geschäftspflicht 
Ein explosionsgefährdeter Bereich ist ein Bereich, in dem die Atmosphäre aufgrund der örtlichen und betrieblichen Verhältnisse explosionsfähig werden kann.	explosionsfähig	explosionsgefährlich,explosiv	ein explosionsgefährdet Bereich sein ein Bereich  in der der Atmosphäre aufgrund der örtlich und betrieblich Bedingung explosiv werden können 	ein explosionsgefährdet Bereich sein ein Gebiet  in der der Atmosphäre aufgrund der örtlich und betrieblich Bedingung explosionsfähig werden können 	ein explosionsgefährdet Bereich sein ein Gebiet  in der der Atmosphäre aufgrund lokal und betrieblich Bedingung explosiv werden können 
Es bedürfe zur Fortbildung des Rechts einer höchstrichterlichen Klärung, ob der objektive Nachweis einer innergemeinschaftlichen Fahrzeuglieferung dann nicht erbracht sei, wenn die Zeitspanne zwischen Abholung des Fahrzeugs bzw. Abmeldung im Inland und der Zulassung im Bestimmungsland einen Monat überschreite.	Abmeldung	Strahlung	für der Weiterentwicklung der Recht sein ein Klärung der Frage durch der Rechtsprechung letzter Instanz erforderlich  ob der objektiv Nachweis ein innergemeinschaftlich Lieferung von Fahrzeug nicht erbringen werden  wenn der Zeitraum zwischen der Rücknahme der Fahrzeug oder der Strahlung in Land und der Zulassung in Bestimmungsland ein Monat überschreiten 	für der Weiterentwicklung der Recht bedürfen es ein Klarstellung durch der letztinstanzlich Rechtsprechung in der Frage  ob der objektiv Nachweis ein innergemeinschaftlich Kraftfahrzeugveräußerung nicht erbringen werden  wenn der Zeitraum zwischen der zurückziehen der Fahrzeug oder der Abschaltung in Land und der Zulassung in Bestimmungsland ein Monat überschreiten 	für der Weiterentwicklung der Recht bedürfen es ein Klarstellung durch der letztinstanzlich Rechtsprechung in der Frage  ob der objektiv Nachweis ein innergemeinschaftlich Kraftfahrzeugveräußerung nicht erbringen werden  wenn der Zeitraum zwischen der Zurückziehung der Fahrzeug oder der Abschaltung in Land und der Zulassung in Bestimmungsland ein Monat überschreiten 
Es sei M.W. als verantwortlicher Beauftragter (für die betreffende Baustelle) genannt. Zu seinem „sachlichen Zuständigkeitsbereich“ werde Folgendes angegeben: „Bauleiter, Abwicklung der Baustelle, Einhaltung sämtlicher Arbeitnehmerschutzvorschriften einschl. Vorschriften über die Arbeitszeiten und die Arbeitsruhe sowie des Arbeitsinspektionsgesetzes.“	Bauleiter	DL	Nennen sie M.W. als verantwortliche  für der betreffend Werft  und geben sie für sein  materiell Zuständigkeitsbereich  Folgender an   DL  Betrieb der Werft  Einhaltung aller Vorschrift über der Schutz der Arbeitnehmer  einschließlich der Vorschrift über Arbeitszeit und Ruhezeit  sowie der Gesetz über der Arbeitsaufsicht  	Nennen sie M.W. als verantwortliche  für der betreffend Werft  und geben sie für ihr  materiell Zuständigkeitsbereich  folgend Angabe an   DL  Management der Werft  Einhaltung aller Arbeitsschutzvorschrift  einschließlich der Vorschrift über der Arbeitszeit und der Ruhezeit sowie der Gesetz über der Arbeitsaufsicht  	Nennen sie M.W. als verantwortliche  für der betreffend Werft  und geben sie für ihr  materiell Zuständigkeitsbereich  folgend Angabe an   DL  Management der Werft  Einhaltung aller Arbeitsschutzvorschrift  einschließlich der Vorschrift über der Arbeitszeit und der Ruhezeit sowie der Arbeitsinspektionsgesetz  
Es sollen zu einem Stoff folgende Angaben dokumentiert werden, soweit sie vorhanden und dem Betreiber zugänglich sind:  d) Toxizität gegenüber zwei aquatischen Arten aus zwei verschiedenen Ebenen der Nahrungskette .	Nahrungskette	Lebensmittelkette	für ein Stoff sein der folgend Information zu dokumentieren  soweit sie für der Anwender verfügbar und zugänglich sein  d  Toxizität gegenüber zwei aquatisch Art auf zwei verschieden Ebene der Lebensmittelkette 	für ein Stoff sein folgend Information zu dokumentieren  soweit sie verfügbar und für der Anwender zugänglich sein  d  Toxizität gegenüber zwei aquatisch Art  der in zwei verschieden Stufe der Nahrungskette vorkommen 	für ein Stoff sein folgend Information zu dokumentieren  soweit sie für der Anwender verfügbar und zugänglich sein  d  Toxizität gegenüber zwei aquatisch Art auf zwei verschieden Ebene der Nahrungskette 
I subjektiver Hinsicht liegt es nicht vor in Anbetracht dessen, dass der Beschuldigte gewerbsmäßig und als Rückfallstäter tätig war und eine starke Neigung zur Begehung von Finanzdelikten ersichtlich wurde, wobei er darüber hinaus in zumindest einem Fall Anstiftungstäter war.	Rückfallstäter	rückfällig	in Anbetracht der Tatsache  dass der angeklagter professionell und rezidivierend handeln haben und ein stark Neigung zu Begehung von Finanzdelikt bestehen  da er in mindestens ein Fall Anstifter sein  sein er nicht subjektiv 	da der angeklagter professionell und rückfällig handeln haben und ein stark Neigung zu Begehung von Finanzdelikt bestehen  da er zumindest ein Anstifter sein  geben es kein subjektiv Einstellung 	in Anbetracht der Tatsache  dass der angeklagter professionell und rückfällig handeln haben und dass ein stark Neigung zu Begehung von Finanzdelikt bestehen  da er zumindest ein Anstifter sein  geben es nicht subjektiv 
Im Falle des Auftretens von COVID-19-Symptomen diesen Umstand unverzüglich der Abteilung für Prävention des örtlichen Sanitätsbetriebes über die eigens vorgesehenen Telefonnummern zu melden und sich, in Erwartung der entsprechenden Entscheidungen der Gesundheitsbehörde, der Isolation zu unterziehen.	Isolation	Isolierung	in Fall ein Auftreten von COVID-19-Symptom sollen sie dieser der Abteilung zu Prävention der örtlich Gesundheitsunternehmen unverzüglich über der hierfür vorgesehen Telefonnummer mitteilen und sich der Isolation unterziehen  bis der entsprechend Entscheidung der Gesundheitsbehörde vorliegen 	in Fall ein Auftreten von COVID-19-Sympathistik sollen der Ministerium für Prävention der örtlich Gesundheitsunternehmen unverzüglich über der hierfür vorgesehen Telefonnummer informieren werden und sich bis zu Entscheidung der Gesundheitsbehörde der Isolation unterziehen 	in Fall der auftretens von COVID-19-Sympathistik sollen der Ministerium für Prävention der lokal Gesundheitsbehörde unverzüglich über der hierfür vorgesehen Telefonnummer informieren werden und sich bis zu der entsprechend Entscheidung der Gesundheitsbehörde isolieren lassen 
Im Kontakt mit Metallen können sowohl Säuren als auch Laugen Wasserstoffgas bilden können, das – mit Luft bzw. Sauerstoff gemischt – explosionsfähig sein kann.	explosionsfähig	explosionsgefährlich,explosiv	sowohl Säure als auch Base können bei Berührung mit Metall gasförmig Wasserstoff bilden  und mit Luft oder Sauerstoff mischen können es explosiv sein 	sowohl Säure als auch Base können bei Berührung mit Metall gasförmig Wasserstoff bilden und können   mit Luft oder Sauerstoff vermischen   explosionsgefährlich sein 	sowohl Säure als auch Base können bei Berührung mit Metall gasförmig Wasserstoff bilden und können   mit Luft oder Sauerstoff vermischen   explosionsgefährlich sein 
In Nordrhein-Westfalen stehen rund 80.000 Baudenkmäler, etwa 5.800 Bodendenkmäler und mehr als 800 bewegliche Denkmäler - wie Lokomotiven, Schiffe und Hafenkräne - unter Denkmalschutz.	Denkmalschutz	Konservierung	in Nordrhein-Westfalen sein etwa 80.000 architektonisch Denkmal  etwa 5.800 archäologisch Denkmal und mehr als 800 beweglich Denkmal wie Lokomotive  Schiff und Hafenkran             s der Erhaltung von Kulturgut unterwerfen 	in Nordrhein-Westfalen sein etwa 80 000 architektonisch Denkmal  etwa 5 800 archäologisch Denkmal und mehr als 800 beweglich Denkmal   wie Lokomotive  Schiff und Hafenkran   der Erhaltung von Kulturgut unterwerfen 	in Nordrhein-Westfalen sein etwa 80 000 architektonisch Denkmal  etwa 5 800 archäologisch Denkmal und mehr als 800 beweglich Denkmal   wie Lokomotive  Schiff und Hafenkran   der Erhaltung von Kulturgut unterwerfen 
Pflanzen, die in fremden Boden gesät oder gesetzt werden, fallen ohne weiteres dem Grundeigentümer durch Akzession zu .	Akzession	Absorption	der Pflanze  der auf der Boden anderer säen oder pflanzen werden  stehen ohne weiterer der Besitzer der Fonds zu Beimischung zu 	Pflanze  der auf fremd Boden säen oder pflanzen werden  sein ohne weit Eigentum der Beimischungsfonds 	Pflanze  der auf fremd Boden säen oder pflanzen werden  sein ohne weit Eigentum der Beimischungsfonds 
Unter Recht auf Zugang  versteht man das Recht interessierter Personen, Verwaltungsunterlagen einzusehen und Kopien davon anzufertigen .	interessiert Person	Betroffener	der Recht auf Zugang sein der Recht der betroffen Person  der Verwaltungsdokument einsehen und Kopie davon zu erhalten 	der Recht auf Zugang sein der Recht der betroffen Person  der Verwaltungsdokument einsehen und Kopie davon zu erhalten 	der Recht auf Zugang sein der Recht der betroffen Person  der Verwaltungsdokument einsehen und Kopie davon zu erhalten 
Vollziehungsverordnungen kann die Exekutive in eigener Kompetenz erlassen, gesetzesvertretende Verordnungen nur gestützt auf eine Delegationsnorm.	Exekutive	vollziehend Gewalt	der Exekutive können Durchführungsverordnung in eigen Zuständigkeit erlassen  und der delegiert Verordnung können nur aufgrund ein Übertragungsregel erlassen werden 	der Exekutive können Durchführungsbestimmung in eigen Verantwortung erlassen  und delegiert Verordnung können nur auf der Grundlage ein Delegierungsverordnung erlassen werden 	der Exekutive können Durchführungsverordnung in eigen Verantwortung erlassen  und delegiert Verordnung können nur auf der Grundlage ein Delegierungsverordnung erlassen werden 
Zur kontinuierlichen Reduktion der CO2-Emissionen wird als neue Maßnahme der Austausch von Öl- und Gaskesseln in Miteigentumsgebäuden durch Wärmeerzeuger mit erneuerbarer Energie oder durch Anschluss an Fernwärmeanlagen in den Förderkatalog aufgenommen.	Miteigentumsgebäude	Gemeinschaftseigentum,Kondominium,Miteigentümergemeinschaft	zu kontinuierlich Verringerung der CO2-Emission werden der Handel mit Öl und Gaskesseln in Wohngebäude mit Wärmeerzeuger mit erneuerbar Energie oder durch Anschluss an Fernwärmeanlage als neu Maßnahme in der Katalog der Anreizmaßnahme aufnehmen 	zu kontinuierlich Verringerung der CO2-Emission werden der Handel mit Öl und Gasheizkessel in Wohngebäude mit Wärmeerzeuger mit regenerativ Energie oder durch Anschluss an Fernwärmeanlage als neu Maßnahme in der Katalog der Anreizmaßnahme aufnehmen 	zu kontinuierlich Verringerung der CO2-Emission werden der Handel mit Öl und Gasheizkessel in Gebäude mit Wärmeerzeuger mit regenerativ Energie oder durch Anschluss an Fernwärmeanlage als neu Maßnahme in der Katalog der Anreizmaßnahme aufnehmen 
Lag vor, wenn der Täter auf Grund eines einmaligen Willensentschlusses mehrere gleiche oder ähnliche, gegen das gleiche Rechtsgut gerichtete Straftaten beging.  Heute nimmt man in solchen Fällen mehrfache Tatbegehung und damit echte Realkokurrenz an.	Tatbegehung	Kommission,Kommissionsvertrag	es geben Fall  in der der Täter auf der Grundlage ein einzig Willensauflösung mehrere gleich oder ähnlich Straftat gegen dasselbe Rechtsgut begehen haben  heute werden in dieser Fall davon ausgehen  dass mehrere Straftat begehen werden und somit ein wirksam materiell Wettbewerb stattfinden haben 	es geben Fall  in der der Täter auf der Grundlage ein einzig willkürlich Entschließung mehrere gleich oder ähnlich Straftat gegen ein und dasselbe Rechtsinstrument begehen haben  und in dieser Fall werden heute davon ausgehen  dass es sich um ein Mehrfachdelikt handeln und somit um ein wirksam materiell Beihilfe 	es geben Fall  in der der Täter auf der Grundlage ein einzig willkürlich Entschließung mehrere gleich oder ähnlich Straftat gegen ein und dasselbe Rechtsgut begehen haben  und in dieser Fall werden heute davon ausgehen  dass mehrere Straftat begehen werden und somit ein wirksam materiell Beitrag leisten werden 
Überall, wo Unterlagen produziert werden, werden diese für einen gewissen Zeitraum bei dem betreffenden Organ zwischengelagert. In der Fachsprache wird diese Zwischenlagerung «Altregistratur» genannt.	Altregistratur	Zwischenarchiv	wo auch immer Dokument erstellen werden  dieser werden vorübergehend bei der zuständig Stelle für ein bestimmt Zeit aufbewahren  in der technisch Sprache werden dieser vorübergehend Aufbewahrung als              s Archivierung s.r.l . bezeichnen 	wo auch immer Dokument produzieren werden  sie werden vorübergehend bei der zuständig Stelle aufbewahren  und in der technisch Sprache werden dieser Zwischenspeicherung als  Lagerarchiv  bezeichnen 	wo auch immer Dokument produzieren werden  sie werden vorübergehend bei der zuständig Stelle aufbewahren  und in der technisch Sprache werden dieser Zwischenspeicherung als  Lagerarchiv  bezeichnen 
Andernfalls ist unverzüglich ihre Vernichtung und eine entsprechende Herabsetzung des Kapitals vorzunehmen.	Vernichtung	Annullierung,Aufhebung,Nichtigerklärung	sein dieser nicht der Fall  so müssen sie unverzüglich annullieren und der Kapital entsprechend kürzen werden 	sein dieser nicht der Fall  so sein unverzüglich der Annullierung und der entsprechend Herabsetzung der Kapital vornehmen 	sein dieser nicht der Fall  so sein unverzüglich der Annullierung und der entsprechend Herabsetzung der Kapital vornehmen 
Auf die Einlagen der Gesellschafter und auf die Geschäfte, durch die die Gesellschaft Güter und Forderungen von Gründungsgesellschaftern, Gesellschaftern und Verwaltern erwirbt, finden die Artikel 2342, 2343 und 2343-bis Anwendung.	Gründungsgesellschafter	Stifter	der Bestimmung der Artikel 2342  2343 und 2343a gelten für der Einbringung der Gesellschafter und für der Erwerb von Vermögensgegenständ oder Forderung der Gründer  Gesellschafter und Geschäftsführer durch der Gesellschaft 	der Artikel 2342  2343 und 2343a gelten für der Einbringung der Gesellschafter und für der Erwerb von Vermögensgegenständ oder Forderung der Gründer  Gesellschafter und Geschäftsführer durch der Gesellschaft 	der Bestimmung der Artikel 2342  2343 und 2343a finden auf der Einlage der Gesellschafter und der Erwerb von Vermögensgegenständ oder Forderung der Gründer  Gesellschafter und Geschäftsführer durch der Gesellschaft Anwendung 
Aus der Ehe entspringt die gegenseitige Pflicht zur Treue, zum geistigen und materiellen Beistand, zur Mitarbeit im Interesse der Familie und zum Zusammenleben.	Ehe	Eheschließung,Heirat,Trauung	aus der Ehe ergeben sich der gegenseitig Verpflichtung zu Treue  zu moralisch und materiell Unterstützung  zu Zusammenarbeit in Interesse der Familie und zu Mitbewohnung 	der gegenseitig Verpflichtung zu Treue  zu moralisch und materiell Betreuung  zu Zusammenarbeit in Interesse der Familie und zu Kohabitation ergeben sich aus der Ehe 	der gegenseitig Verpflichtung zu Treue  zu moralisch und materiell Betreuung  zu Zusammenarbeit in Interesse der Familie und zu Kohabitation ergeben sich aus der Ehe 
Aus der Ehe entspringt die gegenseitige Pflicht zur Treue, zum geistigen und materiellen Beistand, zur Mitarbeit im Interesse der Familie und zum Zusammenleben.	Pflicht zu Treue	Treuepflicht	aus der Ehe ergeben sich der gegenseitig Verpflichtung zu Treue  zu moralisch und materiell Unterstützung  zu Zusammenarbeit in Interesse der Familie und zu Mitbewohnung 	der gegenseitig Verpflichtung zu Treue  zu moralisch und materiell Betreuung  zu Zusammenarbeit in Interesse der Familie und zu Kohabitation ergeben sich aus der Ehe 	der gegenseitig Verpflichtung zu Treue  zu moralisch und materiell Betreuung  zu Zusammenarbeit in Interesse der Familie und zu Kohabitation ergeben sich aus der Ehe 
Bei Zwangsübertragungen  werden Grunddienstbarkeiten je nach den Erfordernissen der neuen Anordnung aufgehoben, erhalten oder begründet.	Grunddienstbarkeit	Dienstbarkeit,Dienstbarkeitsrecht	bei koaktiv Transfer werden der prädial Dienst entsprechend der Bedürfnis der neu Unterbringung abschaffen  aufbewahren oder schaffen 	bei Zwangsumsiedlung werden der prädial Dienst in Zusammenhang mit der Bedürfnis der Neueinrichtung abschaffen  lagern oder schaffen 	bei Zwangsumsetzung werden der prädial Dienst in Hinblick auf der Bedürfnis der Neueinrichtung abschaffen  lagern oder schaffen 
Bei der Bestimmung der Nebenstrafen und jeder anderen strafrechtlichen Wirkung der Verurteilung sind die einzelnen Straftaten, derentwegen die Verurteilung erfolgt,  zu berücksichtigen.	strafrechtlich	Vertragsstrafe	zu Bestimmung der Nebenstrafe und aller sonstig strafrechtlich Wirkung der Verurteilung werden der einzeln Straftat berücksichtigen  für der der Verurteilung aussprechen werden 	bei der Ermittlung der Nebenstrafe und jeder sonstig strafrechtlich Wirkung der Verurteilung werden der einzeln Straftat berücksichtigen  für der der Verurteilung aussprechen werden 	bei der Bestimmung der Nebenstrafe und jeder sonstig strafrechtlich Wirkung der Verurteilung handeln es sich um der einzeln Straftat  für der der Verurteilung aussprechen werden 
Bei Ämtern mit nur einem Kanzleibeamten wird diesem das den Vorwurf enthaltende Schriftstück direkt vom Leiter des Amtes mitgeteilt.	Vorwurf	Anschuldigung	in der Büro  in der es nur ein Kanzler geben  werden ihm der Schriftstück  der der Belastung enthalten  direkt von Leiter der Amt mitteilen 	in der Zollstelle  in der nur ein Zollbeamte anwesend sein  werden ihm der Verfügung  der der Gebühr enthalten  von Leiter der Dienststelle unmittelbar mitteilen 	in der Zollstelle  in der nur ein Zollbeamte anwesend sein  werden ihm der Schriftstück  der der Gebühr enthalten  direkt von Leiter der Dienststelle übermittelen 
Beim Überqueren von Eisenbahn- oder Straßenbahnlinien muss der Fahrer den Schienenfahrzeugen Vorfahrt geben, sofern nichts anderes angezeigt ist.	Vorfahrt	Vorrang,Vorzug	wenn zwei Fahrzeug an ein Schnittpunkt  der heißen an der sich ihr Bahn in jeder Fall abwechseln  stehen  sein man verpflichten  der  der von rechts kommen  Vorrang einräumen  es sein denn  es geben ein anderer Meldung 	wenn zwei Fahrzeug an ein Schnittpunkt ansetzen  der heißen wenn sich ihr Strecke immer noch verwechseln  dann sein es der Pflicht  der  der von rechts kommen  Vorrang einräumen  sofern nicht etwas anderer anzeigen werden 	wenn zwei Fahrzeug an ein Schnittpunkt stehen  der heißen wenn sich ihr Strecke immer noch verwechseln  dann sein es der Pflicht  der  der von rechts kommen  Vorrang einräumen  es sein denn  es geben ein anderer Kennzeichnung 
Bis zur Festlegung der Anträge kann der Instruktionsrichter auf Antrag der Partei die Zahlung der Beträge verfügen, die von den Parteien, die sich in das Verfahren eingelassen haben, nicht bestritten sind.	Instruktionsrichter	Untersuchungsrichter	auf Antrag ein Partei können der Untersuchungsrichter bis zu Klärung der Antrag der Zahlung der von der gebildet Partei nicht beanstandet Betrag vorsehen 	der Ermittlungsrichter können auf Antrag der beteiligter bis zu Klärung der Schlussfolgerung der Zahlung der von der gebildet Partei nicht angefochten Betrag vorsehen 	der Ermittlungsrichter können auf Antrag der beteiligter bis zu Klärung der Schlussfolgerung der Zahlung der von der gebildet Partei nicht angefochten Betrag vorsehen 
Das Eigentum wird durch Aneignung, durch Fund, durch Zuwachs, durch Verarbeitung, durch Vereinigung oder Vermischung, durch Ersitzung, auf Grund von Verträgen, durch Nachfolge von Todes wegen und durch die anderen vom Gesetz festgesetzten Arten erworben.	Fund	Erfindung,gewerblich Erfindung	der Eigentum werden durch Beschäftigung  Erfindung  Beitritt  Spezifikation  Vereinigung oder Vermischung  durch Usucapion  durch Vertrag  durch Erbfolge durch Tod und auf anderer Weise erwerben  der durch der Gesetz festlegen werden 	der Eigentum werden durch Beschäftigung  durch Erfindung  durch Zutritt  durch Spezifikation  durch Vereinigung oder Vermischung  durch Usukasion  durch Vertrag  durch Erbfolge infolge der Tod und auf anderer gesetzlich festgelegt Weise erwerben 	der Eigentum werden durch Beschäftigung  durch Erfindung  durch Zutritt  durch Spezifikation  durch Vereinigung oder Vermischung  durch Usukasion  durch Vertrag  durch Erbfolge infolge der Tod und auf anderer gesetzlich festgelegt Weise erwerben 
Das Programm mit den beglaubigten Unterschriften der Gründer ist vor der Veröffentlichung bei einem Notar zu hinterlegen.	Gründer	Initiator	der Programm mit der beglaubigt Unterschrift der Projektträger muss vor sein Veröffentlichung bei ein Notar hinterlegen werden 	der Programm mit der beglaubigt Unterschrift der Träger müssen vor sein Veröffentlichung bei ein Notar hinterlegen werden 	der Programm mit der beglaubigt Unterschrift der Träger müssen vor sein Veröffentlichung bei ein Notar hinterlegen werden 
Das Spektrum der optischen Strahlung wird unterteilt in ultraviolette Strahlung, sichtbare Strahlung und Infrarotstrahlung .	sichtbar Strahlung	GVP,Gesundheitsverträglichkeitsprüfung	der Spektrum der optisch Strahlung sein in ultraviolett Strahlung  sichtbar Strahlung und Infrarotstrahlung unterteilen 	der Spektrum optisch Strahlung sein in ultraviolett Strahlung  sichtbar Strahlung und Infrarotstrahlung unterteilen 	der Spektrum optisch Strahlung sein in ultraviolett Strahlung  sichtbar Strahlung und Infrarotstrahlung unterteilen 
Der Anteil, der dem Gesellschafter zusteht, der seine Arbeit eingebracht hat, wird, wenn er im Vertrag nicht bestimmt ist, vom Gericht nach Billigkeit festgesetzt.	Arbeit	Bauwerk	werden der Anteil der Gesellschafter  der sein Werk übertragen haben  nicht durch der Vertrag bestimmen  so werden er von Gericht nach Billigkeit festsetzen 	der Anteil der Mitglied  der sein Werk übertragen haben  werden  wenn es nicht vertraglich regeln sein  von Richter in gleich Weise festsetzen 	der Anteil der Gesellschafter  der sein Werk übertragen haben  wenn es nicht durch der Vertrag bestimmen werden  werden von Richter in gleich Weise festsetzen 
Der Eigentümer eines Grundstückes kann Immissionen von Rauch oder Wärme, Gerüche oder Geräusche nicht untersagen .	Geräusch	Lärm	der Besitzer ein Fonds dürfen Rauch oder Hitzeeintrag  Dämpfe  Geräusch  Erschütterung und ähnlich Verbreitung  der sich aus der Boden der Nachbar ergeben  nicht verhindern  wenn sie der normal Verträglichkeit nicht übersteigen  auch wenn sie der Zustand der Ort betreffen 	der Eigentümer ein Fonds dürfen Rauch und Wärmeeintrag  Entsalzung  Geräusch  Erschütterung und ähnlich Verbreiterung  der sich aus der Boden der Nachbar ergeben  nicht verhindern  wenn sie nicht über der normal Verträglichkeit hinausgehen  der auch in Bezug auf der Zustand der Ort herrschen 	der Eigentümer ein Fonds dürfen Rauch und Wärmeeintrag  Entsalzung  Lärm  Erschütterung und ähnlich Verbreiterung aus der Nachbarboden nicht verhindern  wenn sie nicht über der normal Verträglichkeit hinausgehen  der auch in Bezug auf der Zustand der Ort herrschen 
Der Eigentümer eines Grundstücks darf das Betreten desselben zur Ausübung der Jagd nicht verhindern, es sei denn, dass das Grundstück in der vom Jagdgesetz gebotenen Weise abgeschlossen ist oder sich darauf gerade Kulturen befinden, die Schaden nehmen können.	Grundstück	Fonds	der Besitzer ein Fonds dürfen nicht verhindern  dass er für der Ausübung der Jagd in dieser Fonds eindringen  es sein denn  der Fonds sein nach der Bestimmung der Jagdgesetz schließen oder es geben Kultur  der sich als schädlich erweisen können 	der Eigentümer ein Fonds dürfen nicht verhindern  dass der Fonds für der Jagd nutzen werden  es sein denn  der Fonds werden nach der Bestimmung der Jagdgesetz schließen oder es geben Kultur  der sich als schädlich erweisen können 	der Eigentümer ein Fonds dürfen nicht verhindern  dass der Fonds für der Jagd nutzen werden  es sein denn  der Fonds werden gemäß der Jagdgesetz schließen oder es geben Kultur  der sich als schädlich erweisen können 
Der Empfänger ist berechtigt, auf eigene Kosten vor der Ablieferung die Nämlichkeit und den Zustand der beförderten Sache feststellen zu lassen.	Empfänger	Nutzer	der Empfänger haben der Recht  auf eigen Kosten vor der Rückgabe der Identität und der Status der befördert Sache feststellen 	der Empfänger haben der Recht  auf eigen Kosten vor der Übergabe der Identität und der Zustand der befördert Sache feststellen zu lassen 	der Empfänger haben der Recht  auf eigen Kosten vor der Übergabe der Identität und der Zustand der befördert Sache feststellen zu lassen 
Der Erbpächter ist verpflichtet, den Boden zu verbessern und dem Verpächter einen wiederkehrenden Pachtzins zu bezahlen.	Verpächter	Leasinggeber	der Vermieter sein verpflichten  der Fonds zu verbessern und der Konzessionsnehmer ein regelmäßig Gebühr zu zahlen 	der Profiteur sein verpflichten  der Fonds zu verbessern und der Konzessionsgeber ein regelmäßig Gebühr zu zahlen 	der Profiteur sein verpflichten  der Fonds zu verbessern und der Konzessionsgeber ein regelmäßig Gebühr zu zahlen 
Der Kanzleibeamte hat für jeden Geschäftsvorgang seiner Behörde eine Akte anzulegen, auch wenn dies vom Gesetz nicht ausdrücklich vorgesehen ist.	Geschäftsvorgang	Geschäft	der Kanzler haben für jeder Angelegenheit sein Amt ein Akte zu erstellen  auch wenn der Ausbildung dieser Amt nicht ausdrücklich gesetzlich vorsehen sein 	der Kanzler haben für jeder Geschäftstätigkeit sein Amt ein Akte zu erstellen  auch wenn der Ausbildung dieser Amt nicht ausdrücklich gesetzlich vorsehen sein 	der Kanzler sein verpflichten  für jeder Angelegenheit sein Amt ein Akte zu erstellen  auch wenn der Aus und Fortbildung dieser Amt nicht ausdrücklich gesetzlich vorsehen sein 
Der Makler hat Anspruch auf die Provision von jeder der Parteien, wenn das Geschäft durch sein Zutun zustandegekommen ist.	Makler	Mediator	der Bürgerbeauftragter haben von jeder Partei der Recht auf Provision  wenn der Geschäft aufgrund sein Intervention abschließen werden 	der Bürgerbeauftragter haben der Recht auf Provision von jeder der Partei  wenn der Angelegenheit aufgrund sein Eingreifens abschließen werden 	der Bürgerbeauftragter haben von jeder Partei der Recht auf Provision  wenn der Angelegenheit aufgrund sein Eingreifens abschließen werden 
Der Masseverwalter verwaltet das Konkursvermögen und nimmt im Rahmen der ihm übertragenen Aufgaben alle Verfahrenshandlungen unter der Aufsicht des beauftragten Richters und des Gläubigerausschusses vor.	Masseverwalter	Beistand	der Verwalter werden durch der Konkursurteil oder in Fall ein Ersatz oder Widerruf durch Erlass der Gericht ernennen 	der Verwalter werden durch Konkursurteil oder in Fall ein Ersatz oder Widerruf durch ein gerichtlich Beschluss ernennen 	der Verwalter werden durch ein Konkursurteil oder in Fall ein Ersatz oder Widerruf durch ein gerichtlich Beschluss ernennen 
Der Präsident des Landesgerichts oder des Schwurgerichts kann, nachdem das Dekret, auf Einleitung des Hauptverfahrens bei ihm eingegangen ist, bei Vorliegen rechtfertigender Gründe mit Dekret die Verhandlung nicht mehr als einmal vorverlegen oder auf später verschieben.	Hauptverfahren	Verfahren	der Präsident der Tribunale oder der Tribunal di assise können der Verhandlung durch Erlass aus berechtigt Grund nicht mehr als einmal vorwegnehmen oder verschieben 	der Präsident der Gericht oder der Gericht von Assisi  der der Urteil erlassen haben  können der Verhandlung durch Erlass aus berechtigt Grund nicht mehr als einmal vorgreifen oder sie verschieben 	der Präsident der Gericht oder der Gericht von Assisi  der der Urteil erlassen haben  können der Verhandlung durch Erlass aus berechtigt Grund nicht mehr als einmal vorgreifen oder sie verschieben 
Der Staatsangehörige, der, sei es auch mittelbar, von einem Ausländer für sich oder einen anderen zu dem Zweck, Handlungen gegen die nationalen Interessen vorzunehmen, Geld oder irgendeinen Vorteil erhält , wird  bestraft.	Vorteil	Nutzen	ein Bürger  der selbst indirekt von ein fremde für sich selbst oder für anderer Geld oder irgendein Nutzen erhalten oder verheißen werden  werden von drei bis zehn Jahr mit Freiheitsstrafe und ein Geldstrafe von 1 bis 4 Million Lira bestrafen 	der Bürger  der selbst indirekt von ein Ausländer für sich selbst oder für anderer Geld oder Dienstleistung erhalten oder versprechen werden  werden von drei bis zehn Jahr mit Gefängnisstrafe und ein Geldstrafe von ein Million bis vier Million Lira bestrafen 	der Bürger  der selbst indirekt von Ausländer für sich selbst oder für anderer Geld oder Dienstleistung empfangen oder versprechen werden  werden von drei bis zehn Jahr mit Gefängnisstrafe und ein Geldstrafe von ein Million bis vier Million Lira bestrafen 
Der Stiftungsakt kann vom Stifter widerrufen werden, solange die Anerkennung der Stiftung nicht erfolgt ist oder der Stifter die Tätigkeit des von ihm verfügten Werkes nicht aufnehmen lassen hat.	Stifter	Gründungsgesellschafter	der Gründungsurkunde können von Gründer widerrufen werden  bis der Anerkennung erfolgen sein  der heißen der Gründer haben der von ihm angeordnet Arbeit nicht aufnehmen 	der Gründungsakt können von Gründungsgründer zurücknehmen werden  bis der Anerkennung erfolgen sein  der heißen der Gründungsgründer haben der Tätigkeit der Werk  der er anordnen haben  nicht aufnehmen 	der Gründungsakt können von Gründer zurücknehmen werden  bis der Anerkennung erfolgen sein  der heißen der Gründer haben der Tätigkeit der Werk  der er anordnen haben  nicht aufnehmen 
Der Verpächter kann die Anerkennung des eigenen Rechts ein Jahr vor Ablauf des Zwanzigjahresfrist von dem verlangen, der sich im Besitz der Erbpachtgrundstück befindet.	Anerkennung	Identifizierung	der Konzessionsgeber können der Erkundung sein Anspruch von Person verlangen  der sich in Besitz der Erbschaftsfonds befinden  ein Jahr vor Vollendung der 20. Lebensjahr 	der Konzessionsgeber können von derjenige  der sich in Besitz der Erbbaufond befinden  ein Jahr vor der Abschluss der 20. Jahrhundert um der Geltendmachung sein Recht ersuchen 	der Konzessionsgeber können von derjenige  der sich in Besitz der Erbbaufond befinden  ein Jahr vor der Abschluss der 20. Jahrhundert um der Geltendmachung sein Recht ersuchen 
Der Versprechende kann dem Dritten gegenüber die Einwendungen erheben, die auf dem Vertrag beruhen, aus dem der Dritte sein Recht herleitet .	Versprechend	Verlobter	der Auftraggeber können der dritter der Ausnahme auf der Grundlage der Vertrag  aus der der dritter sein Recht herleiten  auferlegen 	der Fernsehveranstalter können der dritter der auf der Vertrag beruhend Ausnahme entgegenstellen  aus der der dritter sein Recht ableiten haben 	der Fernsehveranstalter können der dritter auf der Grundlage der Vertrag  aus der der dritter sein Recht herleiten  Ausnahmeregelung auferlegen 
Der Vertrag kann bestimmen, auf welche Art und Weise der stille Gesellschafter die Führung des Unternehmens oder die Abwicklung des Geschäfts, für welche die stille Gesellschaft vereinbart worden ist, überwachen darf.	still Gesellschafter	Mitglied,Vereinsmitglied	in der Vertrag können festlegen werden  welcher Kontrolle der Verein über der Unternehmen oder der Ablauf der Vereinbarung ausüben können  für der der Verein schließen werden 	in der Vertrag können festlegen werden  welcher Kontrolle der Vereinigung über der Unternehmen oder der Ablauf der Vereinbarung ausüben können  für der der Vereinigung schließen werden 	in der Vertrag können festlegen werden  welcher Kontrolle der Vereinigung über der Unternehmen oder der Ablauf der Vereinbarung ausüben können  für der der Vereinigung schließen werden 
Der mit den Einzahlungen säumige Gesellschafter kann das Stimmrecht nicht ausüben.	Stimmrecht	Wahlrecht	der Zahlungsaufschubpartner dürfen sein Stimmrecht nicht ausüben 	ein Mitglied  der in Verzug geraten sein  dürfen sein Stimmrecht nicht ausüben 	ein mündig Gesellschafter dürfen sein Stimmrecht nicht ausüben 
Die Anführer oder die Hintermänner des bewaffneten Haufens unterliegen derselben Strafe wie die Urheber.	Anführer	Abschnitt	der Anführer oder Förderer der bewaffnet Bande unterliegen derselbe Strafe wie der Förderer 	der Chef oder Mitstreiter der bewaffnet Bande unterliegen derselbe Strafe wie der Sponsor 	der Chef oder Anstifter der bewaffnet Bande unterliegen derselbe Strafe wie der Sponsor 
Die Anteile, mit denen die Gesellschafter beteiligt sind, werden durch Aktien verkörpert.	Aktie	Handlung,Klage,Tat	in der Aktiengesellschaft werden der Anteil der Gesellschafter durch Aktie vertreten 	in der Aktiengesellschaft werden der Anteil der Gesellschafter durch Aktie vertreten 	in der Aktiengesellschaft werden der Anteil der Gesellschafter durch Aktie vertreten 
Die Arbeitnehmer werden in leitende Angestellte, höhere Angestellte, Angestellte und Arbeiter eingeteilt.	leitend Angestellter	Leiter,leitend Beamter	der abhängig beschäftigter unterscheiden sich in Führungskraft  Führungskraft  angestellter und Arbeiter 	der abhängig Arbeitnehmer sein in Führungsposition  Führungskraft  angestellter und Arbeitnehmer zu unterscheiden 	Arbeitnehmervertreter unterscheiden sich in Führungsposition  Führungskraft  angestellter und Arbeitnehmer 
Die Aufsichtsratsmitglieder müssen unter den Personen ausgewählt werden, die im Register der Rechnungsprüfer, das beim Justizministerium eingerichtet ist, eingetragen sind.	Rechnungsprüfer	Bürgermeister,Überwachungsratsmitglied	der Bürgermeister müssen aus der Register der Prüfer auswählen werden  der in Ministerium für Gnade und Gerechtigkeit einrichten werden 	der Bürgermeister müssen aus der Reihe der Prüfer auswählen werden  der in der bei Justizministerium eingerichtet Register eintragen sein 	der Bürgermeister müssen aus der Reihe der Prüfer auswählen werden  der in der bei Justizministerium eingerichtet Register eintragen sein 
Die Ausgabe und der Verkauf der Aktien vor der Eintragung der Gesellschaft ist nichtig.	Ausgabe	Emission,Schadstoffemission	der Ausgabe und der Verkauf der Aktie vor der Anmeldung sein null 	der Ausgabe und der Verkauf der Aktie vor der Eintragung sein nichtig 	der Ausgabe und der Verkauf der Aktie vor der Eintragung sein nichtig 
Die Bestimmungen der Artikel 2206 und 2207 sind auch auf Bevollmächtigte anzuwenden, die aufgrund einer ständigen Rechtsbeziehung die Befugnis haben, für den Unternehmer die mit dem Betrieb des Unternehmens zusammenhängenden Rechtshandlungen vorzunehmen, auch wenn sie dieses nicht leiten.	Bevollmächtigter	Prozessbevollmächtigter	der Artikel 2206 und 2207 gelten auch für Staatsanwalt  der auf der Grundlage ein ständig Bericht befugen sein  für der Unternehmer der für der Ausübung der Unternehmen relevant Handlung zu vollstrecken  obwohl sie nicht für der Unternehmen zuständig sein 	der Bestimmung der Artikel 2206 und 2207 gelten auch für Staatsanwalt  der auf der Grundlage ein ständig Bericht befugen sein  für der Unternehmer der für der Ausübung der Unternehmen relevant Handlung vornehmen  obwohl sie nicht für dieser verantwortlich sein 	der Bestimmung der Artikel 2206 und 2207 gelten auch für Staatsanwalt  der auf der Grundlage ein ständig Bericht befugen sein  für der Unternehmer der für der Ausübung der Unternehmen relevant Handlung vornehmen  obwohl sie nicht für der Unternehmen verantwortlich sein 
Die Ersatzerben haben die den eingesetzten Erben auferlegten Pflichten zu erfüllen, es sei denn, daß der Erblasser einen anderen Willen zum Ausdruck gebracht hat oder daß es sich um Verpflichtungen persönlicher Art  handelt.	Ersatzerbe	Nacherbe	der Stellvertreter müssen ihr Pflicht nachkommen  es sein denn  der Erblasser haben ein anderer Wille bekunden oder es handeln sich um persönlich Verpflichtung 	der Ersetzung müssen der der Träger auferlegt Verpflichtung entsprechen  es sein denn  der Erblasser haben ein anderer Wille bekunden oder es handeln sich um persönlich Verpflichtung 	der Ersatzleistung müssen der der Träger auferlegt Verpflichtung entsprechen  es sein denn  der Erblasser haben ein anderer Wille bekunden oder es handeln sich um persönlich Verpflichtung 
Die Forderungen bezüglich der Abfertigung sowie der Entschädigung gemäß Artikel 2118 werden im Falle der fruchtlosen Vollstreckung auf die beweglichen Sachen hilfsweise mit Vorrang gegenüber den nicht bevorrechtigten Forderungen im Erlös aus den Liegenschaften untergebracht.	Vollstreckung	Ausführung,Durchführung	der Forderung in Zusammenhang mit der Behandlung an Ende der Berichtszeitraum und der Entschädigung nach Artikel 2118 werden in Fall ein erfolglos Ausführung auf der Mobiliar zusätzlich auf der Preis der Gebäude und vorzugsweise auf der Forderung der Chiroprograf übertragen 	der Forderung in Zusammenhang mit der Behandlung an Ende der Berichtszeitraum sowie der Entschädigung nach Artikel 2118 werden in Fall ein erfolglos Ausführung auf der Mobiliar  vorzugsweise auf der Preis der Gebäude  und in Vergleich zu der Forderung der Chiroprograf  subsidiär stellen 	der Forderung in Zusammenhang mit der Behandlung an Ende der Berichtszeitraum sowie der Entschädigung nach Artikel 2118 werden in Fall ein erfolglos Ausführung auf der Mobiliar  vorzugsweise auf der Preis der Gebäude  und in Vergleich zu der Forderung der Chiroprograf  subsidiär stellen 
Die Gerichtsbarkeit und die Zuständigkeit bestimmen sich nach der Gesetzeslage und Sachlage im Zeitpunkt der gerichtlichen Geltendmachung des Anspruchs, und spätere Änderungen der Gesetzeslage oder der Sachlage haben auf sie keinen Einfluß.	Gerichtsbarkeit	Rechtsprechung	der Zuständigkeit und der Zuständigkeit richten sich nach der geltend Recht und der tatsächlich Stand zu Zeitpunkt der Antragstellung  und der spät Änderung der Recht oder der Staat selbst sein für sie nicht relevant 	der Rechtsprechung und der Zuständigkeit richten sich nach der geltend Recht und der tatsächlich Stand  der zu Zeitpunkt der Antragstellung bestehen  und sein von der nachfolgend Änderung der Recht oder der Staat selbst nicht betreffen 	der Rechtsprechung und der Zuständigkeit richten sich nach der geltend Recht und der tatsächlich Stand zu Zeitpunkt der Antragstellung  wobei spät Änderung der Recht oder der Staat selbst nicht von Bedeutung sein 
Die Klage auf gerichtliche Feststellung der unehelichen Vaterschaft oder Mutterschaft ist nur zulässig, wenn besondere Umstände vorliegen, die sie als gerechtfertigt erscheinen lassen.	Klage	Aktie,Handlung,Tat	der Klage auf Feststellung der Vaterschaft oder der natürlich Mutterschaft sein nur zulässig  wenn besonderer Umstand vorliegen  der sie rechtfertigen erscheinen lassen 	der Klage auf Erklärung der Vaterschaft oder der natürlich Mutterschaft sein nur zulässig  wenn bestimmt Umstand vorliegen  der sie rechtfertigen 	der Klage auf Erklärung der Vaterschaft oder der natürlich Mutterschaft sein nur zulässig  wenn bestimmt Umstand vorliegen  der sie rechtfertigen 
Die Landesregierung entscheidet darüber innerhalb von 30 Tagen, nötigenfalls mit der Annullierung der Konzession und mit dem unmittelbaren Erlaß der in Artikel 89 erwähnten Verfügungen.	Annullierung	Nichtigerklärung,Vernichtung	der Provinzialregierung sorgen innerhalb der folgend 30 Tag für der Aufhebung der Konzession und der direkt Erlaß der in Artikel 89 genannt Bestimmung 	La Giunta Provinciale Accorda Precedente i successive 30 giorni per corrispondo con l'annullazione della concessione e con l'emitto direttivo delle disposizioni di cui all'articolo 89.	La Giunta Provinciale Accorda Precedente i successive 30 giorni tendo con l'annullazione della concessione e con l'erlaßo direkto delle disposizioni di cui all'articolo 89.
Die Mitgliederversammlung von Vereinen ist von den Verwaltern einmal im Jahr zur Genehmigung des Jahresabschlusses einzuberufen.	Mitgliederversammlung	Gesellschafterversammlung,Versammlung	der Versammlung der Verein muss von der Direktor einmal jährlich zu Genehmigung der Haushaltsplan einberufen werden 	der Versammlung der Vereinigung werden von der Direktor einmal jährlich zu Genehmigung der Haushaltsplan einberufen 	der Versammlung der Vereinigung werden von der Direktor einmal jährlich zu Genehmigung der Haushaltsplan einberufen 
Die Nichtigkeit oder die Nichtigerklärung des Arbeitsvertrages hat keine Wirkung für die Zeit, während der das Arbeitsverhältnis zur Ausführung gelangt ist, es sei denn, daß die Nichtigkeit auf der Unerlaubtheit des Gegenstandes oder des Rechtsgrundes beruht.	Unerlaubtheit	Rechtswidrigkeit,Strafrechtswidrigkeit	der Nichtigkeit oder Nichtigerklärung der Arbeitsvertrag haben für der Zeitraum  in der der Verhältnis vollstrecken werden  kein Wirkung  es sein denn  der Nichtigkeit ergeben sich aus der Ungültigkeit der Gegenstand oder der Rechtssache 	der Nichtigkeit oder Ungültigerklärung ein Arbeitsvertrag haben für der Zeitraum  in der der Vertrag erfuelln werden  kein Wirkung  es sein denn  der Nichtigkeit ergeben sich aus der Ungültigkeit der Gegenstand oder der Rechtssache 	der Nichtigkeit oder Ungültigerklärung ein Arbeitsvertrag haben für der Zeitraum  in der der Vertrag erfuelln werden sein  kein Wirkung  es sein denn  der Nichtigkeit ergeben sich aus der Ungültigkeit der Gegenstand oder der Rechtssache 
Die Rechtsprechung ist ordentlichen Richtern anvertraut, deren Einsetzung und Rechtstellung durch die Rechtsvorschirften zur Justizverfassung geregelt werden.	Rechtsprechung	Gerichtsbarkeit	der richterlich Funktion werden von ordentlich Richter ausüben  der nach der Rechtsvorschrift der Gemeinschaft schaffen und regeln werden 	der richterlich Zuständigkeit werden von ordentlich Richter ausüben  der nach der Rechtsvorschrift über der Rechtssystem einrichten und regeln werden 	der richterlich Zuständigkeit werden von ordentlich Richter ausüben  der nach der Rechtsvorschrift über der Rechtssystem einrichten und regeln werden 
Die Staatsanwaltschaft und die Verteidiger der privaten Parteien dürfen erwidern; eine Erwiderung ist nur einmal zulässig und muß sich in den zur Widerlegung der gegnerischen Argumente unbedingt notwendigen Grenzen halten.	Erwiderung	Gegenäußerung	der Wiederholung sein nur einmal zulässig und muss innerhalb der Grenze enthalten sein  der für der Widerlegung der gegnerisch Argument unbedingt erforderlich sein 	der Gegendarstellung sein nur einmal zulässig und müssen in der Grenze halten werden  der unbedingt erforderlich sein  um der Gegenargument widerlegen zu können 	der Erwiderung sein nur einmal zulässig und müssen in der Grenze halten werden  der unbedingt erforderlich sein  um der Gegenargument widerlegen zu können 
Die Treppen, welche zur Erreichung der normalen Arbeitsbereiche bestimmt sind, müssen so gebaut und erhalten werden, dass diese die Normallast bei einer Anhäufung von Personen in Notfallsituationen aufnehmen können.	Treppe	Leiter,Stiege,Stiegenhaus,Treppenhaus	Treppe  der für der normal Zugang zu der Arbeitsumgebung bestimmen sein  sein so zu bauen und zu halten  daß sie der maximal Belastung  der sich aus der Überfüllung bei Notsituation ergeben  standhalten  dieser Treppe und der entsprechend Treppe sein auf der offen Seite mit normal Geländer oder ein anderer gleichwertig Verteidigung zu versehen 	Treppe  der für der normal Zugang zu der Arbeitsraum bestimmen sein  sein so zu bauen und zu halten  daß sie der Hoechstlast aus der Zuladung in Notsituation standhalten  dieser Treppe und ihr Flur müssen auf der offen Seite mit ein normal Vorhangwand oder ein anderer gleichwertig Schutzvorrichtung versehen sein 	Treppe  der für der normal Zugang zu der Arbeitsraum bestimmen sein  sein so zu bauen und zu halten  daß sie der Hoechstbelastung  der sich aus der Überflutung in Notsituation ergeben  standhalten  dieser Treppe und der Ebene müssen auf der offen Seite mit ein normal Decke oder ein anderer gleichwertig Schutzvorrichtung versehen sein 
Die Vergütung für den Verwahrer wird mit Dekret des Bezirksgerichts, wenn die Bestellung durch den Gerichtsvollzieher erfolgt ist, und in jedem anderen Fall durch das Gericht, das ihn bestellt hat, festgesetzt.	Verwahrer	Hausmeister	der Vergütung für der Hausmeister werden durch Erlass von Prätor in Fall der Ernennung durch der Gerichtsvollzieher und in jeder anderer Fall durch der Richter  der ihn ernennen haben  festlegen 	der Vergütung für der Wächter werden durch Erlass von Prätor in Fall der Ernennung durch der Gerichtsvollzieher und in jeder anderer Fall durch der Richter  der ihn ernennen haben  festlegen 	der Vergütung für der Wächter werden durch Erlass von Prätor in Fall der Ernennung durch der Gerichtsvollzieher und in jeder anderer Fall durch der Richter  der ihn ernennen haben  festlegen 
Die Verjährung wird durch die Anerkennung des Rechtes durch denjenigen unterbrochen, dem gegenüber dieses Recht geltend gemacht werden kann.	Anerkennung	Identifizierung	der Verjährung werden durch der Anerkennung der Recht durch derjenige unterbrechen  gegen der der Recht geltend machen werden können 	der Verjährung werden durch der Anerkennung der Recht durch der betroffener  gegen der der Recht geltend machen werden können  unterbrechen 	der Verjährung werden durch der Anerkennung der Recht durch derjenige unterbrechen  gegen der der Recht geltend machen werden können 
Die Verkürzung muß bis zum Zeitpunkt der Klagserhebung fortdauern.	Verkürzung	Angriff,Verletzung	der Verletzung muss so lange anhalten  wie der Antrag stellen werden 	der Verletzung muss so lange andauern  wie der Antrag stellen werden 	der Verletzung muss so lange andauern  wie der Antrag stellen werden 
Die Verschmelzung mehrerer Gesellschaften kann durch Gründung einer neuen Gesellschaft oder durch Aufnahme einer oder mehrerer Gesellschaften in eine andere erfolgen.	Aufnahme	Verbindung,Zuwachs	der Verschmelzung mehrere Gesellschaft können entweder durch Gründung ein neu Gesellschaft oder durch Eingliederung ein oder mehrere anderer Gesellschaft erfolgen 	der Verschmelzung mehrere Gesellschaft können entweder durch Gründung ein neu Gesellschaft oder durch Eingliederung ein oder mehrere Gesellschaft erfolgen 	der Verschmelzung mehrere Gesellschaft können entweder durch Gründung ein neu Gesellschaft oder durch Verschmelzung ein oder mehrere Gesellschaft erfolgen 
Die Vorschriften über die Wiedergutmachung wegen eines Irrtums des Gerichts finden, soweit sie vereinbar sind, Anwendung.	Wiedergutmachung	Ausbesserung,Repararatur	der Vorschrift über der Wiedergutmachung von Justizirrtümern gelten als vereinbar 	der Vorschrift über der Behebung von Justizirrtümern gelten sinngemäß 	der Vorschrift über der Behebung von Justizirrtümern gelten sinngemäß 
Die vorzugsweise Befriedigung gilt auch zugunsten der Zinsen für das im Zeitpunkt der Pfändung oder, wenn eine solche nicht erfolgt, im Zeitpunkt der Zustellung der Leistungsaufforderung laufende Jahr.	Leistungsaufforderung	Gebot	der Vorstrafe erfolgen auch für der Interesse der Jahr  der zu Zeitpunkt der Zwangsvollstreckung oder  falls dieser nicht der Fall sein  zu Zeitpunkt der Zustellung der Gebot laufen 	der Vorschuß erfolgen auch in Interesse der laufend Jahr zu Zeitpunkt der Zwangsvollstreckung oder  falls dieser nicht der Fall sein  zu Zeitpunkt der Zustellung der Erfordernis 	der Vorschuß erfolgen auch in Interesse der Jahr  der zu Zeitpunkt der Zwangsvollstreckung oder  falls dieser nicht der Fall sein  zu Zeitpunkt der Zustellung der Erfordernis laufen 
Die übernehmende Gesellschaft darf keine Aktien oder Anteile im Austausch für Aktien oder Anteile der übertragenden Gesellschaften zuteilen, die den übertragenden Gesellschaften oder der übernehmenden Gesellschaft unmittelbar oder über Treuhandgesellschaften oder über eine vorgeschobene Person gehören.	übernehmend Gesellschaft	aus der Verschmelzung hervorgehend Gesellschaft	der übernehmend Gesellschaft dürfen Aktie oder Anteil nicht anstelle der Anteil der übertragend Gesellschaft  auch nicht über Treuhandgesellschaft oder Personenvermittler  von der übertragend Gesellschaft selbst oder von der übernehmend Gesellschaft vergeben 	der übernehmend Gesellschaft dürfen Aktie oder Anteil  der an der Stelle der Aktie der übertragend Gesellschaft treten  auch nicht über Treuhandgesellschaft oder Personenwechsel von der übertragend oder übernehmend Gesellschaft vergeben 	der übernehmend Gesellschaft dürfen Aktie oder Anteil  der an der Stelle der Anteil der übertragend Gesellschaft treten  nicht an der Stelle der Aktie oder Anteil der übertragend Gesellschaft setzen  auch nicht über Treuhandgesellschaft oder zwischengeschaltet Person  der von dieser oder der übernehmend Gesellschaft halten werden 
Ein Amtsgutachten ist zuzulassen, wenn Erhebungen angestellt oder Daten oder Bewertungen eingeholt werden müssen, die eine besondere technische, wissenschaftliche oder künstlerische Fachkenntnis erfordern.	Amtsgutachten	Gutachten	der Gutachten sein zulässig  wenn Untersuchung oder Datum oder Bewertung durchführen werden müssen  der besonderer technisch  wissenschaftlich oder künstlerisch Fähigkeit erfordern 	ein Gutachten sein zulässig  wenn Untersuchung oder der Erwerb von Datum oder Bewertung erforderlich sein  der spezifisch technisch  wissenschaftlich oder künstlerisch Fähigkeit erfordern 	ein Gutachten sein zulässig  wenn Untersuchung oder Datum oder Bewertung durchführen werden müssen  der spezifisch technisch  wissenschaftlich oder künstlerisch Fachkenntnis erfordern 
Ein Vergleich in zivilgerichtlichen Verfahren wegen Fälschung erzeugt keine Wirkung, wenn er nicht vom Landesgericht nach Anhörung des Staatsanwaltes bestätigt worden ist.	Fälschung	falsch	der Transaktion in Zivilverfahren der Fälschung haben kein Wirkung  es sein denn  sie werden von Gericht nach Anhörung der Staatsanwaltschaft genehmigen 	ein Vergleich in Zivilurteil  bei der es sich um Fälschung handeln  haben kein Wirkung  wenn er nicht von Gericht nach Anhörung der Staatsanwaltschaft genehmigen werden 	ein Vergleich in zivilrechtlich Falschgeldurteil haben kein Wirkung  wenn er nicht von Gericht nach Anhörung der Staatsanwaltschaft genehmigen werden sein 
Ein unerlaubter Beweggrund macht die testamentarische Verfügung nichtig, wenn er aus dem Testament hervorgeht und der einzige ist, der den Erblasser zur Verfügung bestimmt hat.	unerlaubt	unerlaubt Handlung,unerlaubt Verhalten	der unerlaubt Grund machen der Testament nichts  wenn es sich aus der Testament ergeben  und es sein der einzig  der der Testamentgeber dazu veranlassen haben 	der unrechtmäßig Grund machen der Bestimmung der Testament ungültig  wenn sie aus der Testament hervorgehen und der einzig  der der Testamentinhaber dazu veranlassen haben 	der unrechtmäßig Grund machen der Bestimmung der Testament ungültig  wenn sie aus der Testament hervorgehen und der einzig sein  der der Erblasser zu sein Verfügung veranlassen haben 
Entlang internationaler Strecken, Autobahnen und erstrangiger Freilandstraßen und deren Zufahrten sowie in deren Sichtweite ist jede Art von Werbung verboten.	Werbung	Publizität,Öffentlichkeit	aller Form der Werbung sein in Hinblick auf international Route  Autobahn und Hauptstraße außerhalb der Stadt und der Zugang verbieten 	es sein verbieten  für international Strecke  Autobahn und Hauptstraße vor Ort und der Zugang Werbung zu betreiben 	es sein verbieten  für international Route  Autobahn und Hauptstraße vor Ort und der Zugang Werbung zu betreiben 
Erfolgt der Diskont durch Indossament eines Wechsels oder eines Bankschecks, so hat die Bank bei Nichteinlösung außer den aus dem Wertpapier erwachsenden Rechten auch Anspruch auf Rückgabe des vorgestreckten Betrags.	Diskont	Nachlass	wenn der Rabatt durch Wechsel oder Bankscheck erfolgen  haben der Bank in Fall der Nichtzahlung zusätzlich zu der Recht aus der Lizenz auch Anspruch auf der Rückzahlung der Vorschuss 	Erfolgt der Rabatt über Wechsel oder Scheck  so haben der Bank in Fall der Nichtzahlung zusätzlich zu der Recht aus der Lizenz auch Anspruch auf Rückzahlung der Vorschuss 	Erfolgt der Rabatt in Form ein Wechsel oder Scheck  so haben der Bank in Fall der Nichtzahlung zusätzlich zu der Recht  der sich aus der Lizenz ergeben  auch Anspruch auf Rückzahlung der Vorschuss 
Erfordert die Bestandsache Ausbesserungen, die nicht vom Bestandnehmer zu tragen sind, hat dieser den Bestandgeber davon zu benachrichtigen.	Ausbesserung	Wiedergutmachung	Benötigt der Mieter Reparatur  der nicht zu Last der Betriebsinhaber gehen  so sein er verpflichten  der Vermieter davon zu unterrichten 	wenn der Mieter Reparatur vornehmen muss  der nicht zu Last der Mieter gehen  muss er dieser der Verpächter mitteilen 	Benötigt der Mieter Reparatur  der nicht zu Last der Mieter gehen  so sein er verpflichten  dieser der Verpächter mitteilen 
Erklärungen, die die Durchführung des durch Vermittlung des Agenten geschlossenen Vertrages betreffen, sowie Beanstandungen über die nicht gehörige Vertragserfüllung werden in gültiger Weise dem Agenten gegenüber vorgebracht.	Agent	Arbeitsstoff,Forstwart,Täter	der Erklärung über der Ausführung der Vertrag  der über der Bediensteter schließen werden  und der Beschwerde über Vertragsverletzung sein der Bediensteter gültig zu machen 	der Erklärung über der Ausführung der Vertrag  der über der Bediensteter schließen werden  sowie über Beschwerde über Vertragsverletzung werden der Bediensteter zu Verfügung stellen 	der Erklärung über der Erfuellung der Vertrag  der über der Bediensteter schließen werden  sowie über Beschwerde über Vertragsverletzung werden der Bediensteter zu Verfügung stellen 
Erscheint der Garant und erklärt sich bereit, den Rechtsstreit an Stelle des Garantienehmers zu übernehmen, kann dieser  seine Entlassung verlangen.	Garant	Sicherheitsleistende	stellen der Bürge fest und erklären sich damit einverstanden  anstelle der Bürgschaft der Klage zu erheben  so können er  wenn der anderer Partei nicht dagegen Einspruch erheben  sein Entscheidung beantragen 	sein der Sicherungsgeber bereit  anstelle der Sicherungsgeber der Sache zu übernehmen  so können der Sicherungsgeber  wenn der anderer Partei dieser nicht ablehnen  sein Unterlassung verlangen 	sein der Sicherungsgeber bereit  anstelle der Sicherungsgeber der Klage zu erheben  so können der Sicherungsgeber  wenn der anderer Partei kein Einwand erheben  sein Unterlassung verlangen 
Handlungen, die mit Duldung einer anderen Person vorgenommen worden sind, können nicht als Grundlage für den Besitzerwerb dienen.	Duldung	Toleranz	Handlung  der mit ein anderer Toleranz begehen werden  können nicht als Grundlage für der Erwerb der Besitz dienen 	Handlung  der mit anderer Toleranz begehen werden  können nicht als Grundlage für der Erwerb der Besitz dienen 	Handlung  der mit der anderer Toleranz begehen werden  können nicht als Grundlage für der Erwerb der Besitz dienen 
Im Verfahren vor diesem Gericht üben die Parteien dieselben Rechte und Befugnisse aus, die ihnen vor dem ursprünglich zuständigen Gericht zugestanden wären.	Befugnis	Fakultät	in Verfahren vor dieser Gericht üben der Partei derselbe Recht und Möglichkeit aus  der ihnen vor der ursprünglich zuständig Gericht zustehen 	in der Verfahren vor dieser Gericht üben der Partei derselbe Recht und Möglichkeit aus wie vor der ursprünglich zuständig Gericht 	in der Verfahren vor dieser Gericht üben der Partei der gleich Recht und Möglichkeit aus  der ihnen vor der ursprünglich zuständig Gericht zustehen werden 
In jedem Fall hat der Pflichtteilsberechtigte, der die Kürzung von Schenkungen oder von testamentarischen Verfügungen verlangt, auf seinen Pflichtteil die ihm gemachten Schenkungen und ihm ausgesetzten Vermächtnisse anzurechnen .	Pflichtteil	Rücklage,Vorbehalt	in jeder Fall muss der Legitimatorium  der der Kürzung von Spende oder Testamentsbestimmung verlangen  auf sein rechtmäßig Anteil der Spende und der mit ihm verbunden Tat zurückführen sein 	auf jeder Fall müssen der legitimiert Organ  der der Reduzierung von Spende oder Testamentsvorschrift fordern  sein rechtmäßig Anteil auf der mit ihm verbunden Spende und Vermächtnis abwälzen 	auf jeder Fall müssen der legitimiert Organ  der der Reduzierung von Spende oder Testamentsvorschrift fordern  sein rechtmäßig Anteil auf der mit ihm verbunden Spende und Vermächtnis abwälzen 
In jedem Fall ist das Verlangen auf Herausgabe der Materialien  nach Ablauf von sechs Monaten ab dem Tag, an dem der Eigentümer von der Verbindung Kenntnis erhalten hat, nciht mehr zulässig .	Verbindung	Aufnahme,Übernahme	in jeder Fall sein der Anspruch auf Material sechs Monat nach der Tag  an der der Eigentümer von der Verarbeitung Kenntnis erhalten haben  nicht mehr zulässig 	der Anspruch auf Material dürfen auf kein Fall sechs Monat nach der Tag erheben werden  an der der Eigentümer von der Beimischung Kenntnis erhalten haben 	auf kein Fall dürfen der Anspruch auf Material sechs Monat nach der Tag erheben werden  an der der Eigentümer von der Beimischung Kenntnis erhalten haben 
Ist das Geschäft durch das Zutun mehrerer Makler zustandegekommen, so hat jeder von ihnen Anspruch auf einen Teil der Provision.	Geschäft	Geschäftsvorgang	werden der Geschäft für der Intervention mehrere Vermittler abschließen  so haben jeder von ihnen Anspruch auf ein Teil der Provision 	werden der Angelegenheit für der Intervention mehrere Vermittler abschließen  so haben jeder von ihnen Anspruch auf ein Teil der Provision 	werden der Angelegenheit für der Intervention mehrere Vermittler abschließen  so haben jeder von ihnen Anspruch auf ein Teil der Provision 
Ist das Verfahren ausgesetzt, kann vorbehaltlich einer abweichenden Anordnung des Vollstreckungsrichters keine Vollstreckungshandlung vorgenommen werden.	Anordnung	Bestimmung,Verfügung	werden der Verfahren aussetzen  so dürfen kein Vollstreckungsakt vollstrecken werden  es sein denn  der Vollstreckungsrichter haben etwas anderer bestimmen 	werden der Verfahren aussetzen  so dürfen kein Vollstreckungsakt vollstrecken werden  sofern der vollstreckend Gericht nichts anderer bestimmen 	werden der Verfahren aussetzen  so dürfen kein Vollstreckungsakt vollstrecken werden  sofern der vollstreckend Gericht nichts anderer bestimmen 
Ist das Verfahren ausgesetzt, kann vorbehaltlich einer abweichenden Anordnung des Vollstreckungsrichters keine Vollstreckungshandlung vorgenommen werden.	Vollstreckungshandlung	Ausführungshandlung	werden der Verfahren aussetzen  so dürfen kein Vollstreckungsakt vollstrecken werden  es sein denn  der Vollstreckungsrichter haben etwas anderer bestimmen 	werden der Verfahren aussetzen  so dürfen kein Vollstreckungsakt vollstrecken werden  sofern der vollstreckend Gericht nichts anderer bestimmen 	werden der Verfahren aussetzen  so dürfen kein Vollstreckungsakt vollstrecken werden  sofern der vollstreckend Gericht nichts anderer bestimmen 
Jede Abmachung, die das Austrittsrecht ausschließt oder seine Ausübung erschwert, ist nichtig.	Austrittsrecht	Rücktrittsrecht	jeder Pakt  der der Widerrufsrecht ausschließen oder der Ausübung erschweren  sein ungültig 	jeder Pakt  der der Widerrufsrecht ausschließen oder der Ausübung erschweren  sein nichtig 	jeder Pakt  der der Widerrufsrecht ausschließen oder der Ausübung erschweren  sein nichtig 
Nachdem die Eintragungen des Vertrages über die Verschmelzung gemäß dem zweiten Absatz des Artikels 2504 erfogt sind, darf die Ungültigkeit des Verschmelzungsvertrages nicht mehr ausgesprochen werden.	Ungültigkeit	Invalidität	nach der Eintragung der Fusionsakt gemäß Artikel 2504 Absatz 2 können der Nichtigkeit der Fusionsakt nicht aussprechen werden 	nach der Eintragung der Verschmelzungsurkunde gemäß Artikel 2504 Absatz 2 können der Nichtigkeit der Verschmelzungsurkunde nicht aussprechen werden 	nach der Eintragung der Verschmelzungsakt gemäß Artikel 2504 Absatz 2 können der Nichtigkeit der Verschmelzungsakt nicht aussprechen werden 
Schuldverhältnisse entstehen aus Vertrag, aus unerlaubter Handlung oder aus jeder sonstigen Handlung oder Tatsache, die nach der Rechtsordnung solche zu begründen geeignet ist.	unerlaubt Handlung	rechtswidrig Handlung	der Verpflichtung ergeben sich aus ein Vertrag  ein rechtswidrig Handlung oder aus ein sonstig Handlung oder ein Handlung  der eignen sein  sie nach der Rechtsordnung zu begründen 	der Verpflichtung ergeben sich aus Vertrag  rechtswidrig Handlung oder sonstig Handlung  der nach der Rechtsvorschrift erforderlich sein 	der Verpflichtung ergeben sich aus Vertrag  rechtswidrig Handlung oder sonstig Handlung  der eignen sein  sie nach der Rechtssystem zu begründen 
Steht einer der Ehegatten unter Vormundschaft oder Pflegschaft, ist auch der Vormund oder der Beistand widerspruchsberechtigt.	Vormundschaft	Schutz,Wahrung	sein einer der Ehegatt schützen oder behandeln werden  so sein auch der Vormund oder der Kurator berechtigen  Widerspruch einlegen 	wenn einer der Bräute schützen oder behandeln werden  sein auch der Vormund oder Verwalter berechtigen  Einspruch einlegen 	sein einer der Bräute schützen oder behandeln werden  so sein auch der Vormund oder Verwalter berechtigen  Einspruch einlegen 
Stellt die Bank ein Sparbuch aus, so sind die Einzahlungen und Behebungen in das Buch einzutragen.	Sparbuch	Fahrzeugschein	wenn der Bank ein Sparbuch ausstellen  sein der Einzahlung und Auszahlung in der Sparbuch eintragen 	stellen der Bank ein Sparbuch aus  so sein der Einzahlung und Entnahme auf der Sparbuch zu vermerken 	stellen der Bank ein Sparbuch aus  so sein der Einzahlung und Entnahme auf der Sparbuch zu vermerken 
Streitfragen, die zwischen den Parteien über die Zulassung des Schiedseids entstehen, werden vom Senat entschieden.	Zulassung	Zugeständnis	der Streitigkeit zwischen der Partei über der Zulassung der Entscheidungseid werden von Kollegium entscheiden 	der Streitigkeit zwischen der Partei über der Anerkennung der Entscheidungseifähigkeit werden von Kollegium entscheiden 	der Streitigkeit zwischen der Partei über der Annahme der Entscheidungsvereideung werden von Kollegium entscheiden 
Vereine und Stiftungen sind durch öffentliche Urkunde zu gründen.	Verein	Vereinigung	Verein und Stiftung müssen durch öffentlich Urkunde gründen werden 	Verein und Stiftung müssen durch öffentlich Urkunde gründen werden 	Verein und Stiftung müssen durch öffentlich Urkunde gründen werden 
Verfügungen über die Zulassung eines Beweises können nach Anhörung der Parteien im Widerstreit widerrufen werden.	Widerstreit	rechtlich Gehör	der Anordnung über der Zulassung der Nachweis können nach Anhörung der kontradiktorisch Partei widerrufen werden 	der Maßnahme betreffend der Anerkennung der Nachweis können von der Partei  der sich in ein Widerspruch befinden  zurücknehmen werden 	der Maßnahme betreffend der Anerkennung der Nachweis können von der Partei  der miteinander in Konflikt stehen  zurücknehmen werden 
Von jeglichem Gutachten, jeglicher Konzession, Ermächtigung und Unbedenklichkeitserklärung wird abgesehen für Vorbeuge, Soforthilfe und Wiederherstellungsmaßnahmen in Zusammenhang mit Erdrutschen, Lawinen, Überschwemmungen und anderen Katastrophen.	Überschwemmung	Anschwemmung	sie gelten unabhängig von Stellungnahme  Genehmigung  Genehmigung und sonstig Einschränkung für der Durchführung von Maßnahme zu Verhütung  Erste-Hilfe und Sanierung von Erdrutsch  Lawine  Überschwemmung und anderer Katastrophe 	es geben keinerlei Stellungnahme  kein Konzession  kein Genehmigung und kein Einwand gegen der Durchführung von Maßnahme zu Verhütung  Nothilfe und Rehabilitation nach Erdrutsch  Lawine  Überschwemmung und anderer Katastrophe 	unabhängig von Stellungnahme  Genehmigung  Genehmigung und sonstig Maßnahme zu Verhütung  Nothilfe und Rehabilitation nach Erdrutsch  Lawine  Überschwemmung und anderer Katastrophe 
Vorbeachtlich einer anderslautenden gesetzlichen Bestimmung oder einer aus dem Papier sich ergebenden gegenteiligen Klausel haftet der Indossant nicht für die Nichterfüllung der Leistung durch den Aussteller.	Aussteller	Veranstalter	Sofern nicht anders gesetzlich oder anderslautend aus der Titel hervorgehen  sein der Renner nicht verpflichten  der Leistung durch der Emittent zu verfehlen 	Sofern nicht gesetzlich oder durch der Titel anders regeln  sein der Reisende nicht verpflichten  der Leistung der Emittenter zu verfehlen 	Sofern aus der Titel nichts anderer bestimmen sein  sein der Reisende nicht verpflichten  der Leistung der Emittent zu missachten  es sein denn  es bestehen ein anderer gesetzlich Bestimmung oder ein anders lautend Klausel  der sich aus der Titel ergeben 
Wenn das Gericht das Erscheinen einer der in Absatz 2 bezeichneten Personen zum Zweck der Vornahme einer Identifizierung oder Gegenüberstellung oder wegen sonstiger Erfordernisse für unerläßlich erachtet, ist in den gewöhnlichen Formen zu verfahren.	Identifizierung	Anerkennungsurkunde	es werden in gewöhnlich Form durchführen  wenn der Richter es für unerläßlich halten  daß einer der in Absatz 2 genannt Person zu Durchführung ein Aufklärung oder Vergleichsmaßnahme oder aus anderer Grund erscheinen 	sie werden in der üblich Form durchführen  wenn der Gericht der Anwesenheit ein der in Absatz 2 genannt Person für der Durchführung ein Aufklärung oder Vergleichsmaßnahme oder für anderer Zweck für unerläßlich halten 	sie werden in der üblich Form durchführen  wenn der Gericht der Anwesenheit ein der in Absatz 2 genannt Person für der Durchführung ein Aufklärung oder Vergleichsmaßnahme oder für anderer Zweck für unerläßlich halten 
Wenn der Gekündigte oder Aufgeforderte erscheint und Einwendungen erhebt, die sich nicht auf schriftliche Beweise stützen, erläßt das Gericht auf Antrag des Bestandgebers  einen nicht anfechtbaren Beschluß auf Freigabe unter Vorbehalt der vom Beklagten erhobenen Einwendungen.	Vorbehalt	Pflichtteil,Rücklage	Erscheint der Vermieter nicht auf schriftlich Nachweis gestützt Ausnahme und erheben er Einwand gegen dieser Ausnahme  so entscheiden der Gericht auf Antrag der Vermieter  wenn kein schwerwiegend gegenteilig Grund vorliegen  vorbehaltlich der Ausnahme der Antragsgegner über der nicht angefochten Erlass 	Erscheint der Verstorbene Ausnahmeregelung  der nicht auf schriftlich Nachweis beruhen  und erheben er Einwand gegen der Verpächter  so erlässt der Gericht unter der Voraussetzung  dass der Antragsgegner Ausnahme haben  ein nicht anfechtbar Erlass  sofern kein schwerwiegend Grund dagegen sprechen 	Erscheint der Verstorbene Ausnahmeregelung  der nicht auf schriftlich Nachweis beruhen  und widerlegen er dieser Ausnahmeregelung  so erlässt der Gericht auf Antrag der Verpächter  sofern kein schwerwiegend Grund dagegen sprechen  unter der Vorbehalt der Ausnahme der Antragsgegner ein nicht anfechtbar Erlass 
Wenn die Beschwerde in der Verhandlung erhoben wird, setzt der Richter auf Antrag der Parteien in dieser Verhandlung eine Frist für die Mitteilung einer schriftlichen Äußerung und eine weitere darauffolgende für die Mitteilung einer Gegenäußerung fest.	Gegenäußerung	Erwiderung	werden der Beschwerde in ein mündlich Verhandlung einreichen  so teilen der Gericht in derselbe mündlich Verhandlung  wenn der Partei dieser wünschen  der Frist für der Übermittlung ein Schriftsatz und der Frist für der Zustellung ein Erwiderung mit  werden der Beschwerde durch Beschwerde erheben  so werden dieser durch der Kanzlei der anderer Partei zusammen mit der Beschluss der Untersuchungsrichter mitteilen  der ein Frist für der Übermittlung ein etwaig Antwortschrift einräumen  308  317  630  Art . 112a   nach Ablauf dieser Frist sorgen der Kollegium innerhalb von 15 Tag nach Ablauf der in vorstehend Absatz vorgesehen Frist  nach Ablauf der in dieser Absatz vorgesehen Frist  so sorgen der Kollegium innerhalb von 15 Tag nach Ablauf der Frist durch Beschluss in der Kammer der Rat  auf der der Artikel 279 Absatz 4 und Artikel 280 Anwendung finden 	werden der Beschwerde in ein mündlich Verhandlung einreichen  so teilen der Gericht in derselbe Sitzung  wenn der Partei dieser beantragen  der Frist für der Übermittlung ein Schriftsatz und der Frist für der anschließend Übermittlung ein Erwiderung mit  werden der Beschwerde durch Beschwerde einlegen  so teilen der Gericht dieser der anderer Partei zusammen mit der Beschluss der Ermittlungsrichter mit  der ein Frist für der Übermittlung der etwaig Antwortschreiben vorsehen  308  317  630  s. 112a).Nach Ablauf dieser Frist treffen der Kollegium innerhalb von 15 Tag nach Ablauf der in Unterabsatz 1 genannt Frist der Maßnahme in der Kammer der Rat  auf der Artikel 279 Absatz 4 und Artikel 280 Anwendung finden 	werden der Beschwerde in ein mündlich Verhandlung einreichen  so teilen der Gericht in derselbe mündlich Verhandlung  wenn der Partei dieser beantragen  der Frist für der Übermittlung ein Schriftsatz und der Frist für der anschließend Übermittlung ein Erwiderung mit  werden der Beschwerde durch Beschwerde einlegen  so teilen der Gericht dieser der anderer Partei zusammen mit der Beschluss der Ermittlungsrichter mit  der ein Frist für der Übermittlung der etwaig Antwortschreiben vorsehen  308  317  630  s. 112a).Nach Ablauf dieser Frist treffen der Kollegium innerhalb von 15 Tag nach Ablauf der in Unterabsatz 1 genannt Frist  nach Ablauf der in Unterabsatz 1 genannt Frist nehmen der Kollegium innerhalb von 15 Tag nach Ablauf der in Artikel 279 Absatz 4 und Artikel 280 vorgesehen Frist in der Kammer der Rat mit Beschluss vor  auf der Artikel 279 Absatz 4 und Artikel 280 Anwendung finden  
Wenn die Klage oder die Verfügung einen Inhalt aufweist, der über die Aufgaben des Verwalters hinausreicht, ist dieser verpflichtet, davon unverzüglich die Versammlung der Miteigentümer zu verständigen.	Versammlung der Miteigentümer	Miteigentümerversammlung	haben der Zitat oder der Maßnahme ein Inhalt  der von der Befugnis der Verwalter ausnehmen sein  so muss der Verwalter dieser der Versammlung der Eigentumswohnung unverzüglich mitteilen 	haben der Zitat oder der Maßnahme ein Inhalt  der von der Befugnis der Verwalter abweichen  so muss der Verwalter dieser unverzüglich der Versammlung der Parlamentsgebäude mitteilen 	haben der Zitat oder der Maßnahme ein Inhalt  der von der Befugnis der Verwalter abweichen  so muss der Verwalter dieser unverzüglich der Parlamentarischen Versammlung mitteilen 
Wenn die Pacht ein landwirtschaftlich genutztes Grundstück zum Gegenstand hat, muß die Kündigung unter Einhaltung einer Kündigungsfrist von sechs Monaten vorgenommen werden .	Kündigung	Lizenz	wenn der Miete ein rustikal Fonds betreffen  muss der Lizenz mit ein Kündigungsfrist von sechs Monat erteilen werden 	beziehen sich der Miete auf ein rustikal Fonds  so sein der Lizenz mit ein Frist von sechs Monat zu kündigen 	beziehen sich der Miete auf ein rustikal Fonds  so sein der Lizenz mit ein Kündigungsfrist von sechs Monat zu erteilen 
Wenn eine summarische Untersuchung geführt wird, ist der Antrag beim Sekretariat der Staatsanwaltschaft zu hinterlegen, die, sofern sie ihre Einwilligung dazu erteilt, diesen Antrag zusammen mit den Akten des Verfahrens an den Untersuchungsrichter übermittelt.	Untersuchungsrichter	Instruktionsrichter	werden der Antrag mit ein kurz Anleitung stellen  so werden er bei Sekretariat der Staatsanwaltschaft einreichen  der ihn der Untersuchungsrichter zusammen mit der Akte der Verfahren übermitteln  wenn er sein Zustimmung geben 	werden ein Antrag auf einstweilig Anordnung stellen  so werden er bei Sekretariat der Staatsanwaltschaft einreichen  der ihn zusammen mit der Akte der Verfahren an der Ermittlungsrichter weiterleiten  wenn er sein Zustimmung geben 	werden der Antrag auf einstweilig Anordnung stellen  so werden er bei Sekretariat der Staatsanwaltschaft einreichen  der ihn zusammen mit der Akte der Verfahren an der Ermittlungsrichter weiterleiten  wenn er sein Zustimmung geben 
Wenn zugleich mit dem Widerspruch ein Antrag auf Abgeltung eingebracht worden ist, entscheidet das Gericht über diesen Antrag, bevor es die in Absatz 1 bezeichneten Verfügungen erläßt.	Abgeltung	Spende	werden gleichzeitig mit der Widerspruch ein Antrag auf ein Bußgeld stellen  so entscheiden der Gericht über dieser Antrag  bevor der Maßnahme nach Absatz 1 treffen werden 	werden gleichzeitig mit der Rechtsbehelf ein Antrag auf Erlass ein Zwangsgeld stellen  so entscheiden der Gericht über dieser Antrag  bevor der Maßnahme nach Absatz 1 treffen werden 	werden gleichzeitig mit der Rechtsbehelf Klage erheben  so entscheiden der Gericht über dieser Antrag  bevor der Maßnahme nach Absatz 1 treffen werden 
Wer zum Nachteil eines anderen Maße oder Gewichte mit nachgemachtem oder verfälschtem gesetzlichen Ausdruck oder sonst verfälschte Maße oder Gewichte verwendet, wird mit Gefängnisstrafe bis zu sechs Monaten und mit Geldstrafe bis zu einer Million Lire bestraft.	gesetzlich	rechtsgültig	jeder  der auf Kosten anderer Messung oder Gewicht mit gefälscht oder verändert oder anderweitig verändert legal Fußabdruck verwenden  werden mit Freiheitsstrafe von bis zu sechs Monat oder mit Geldstrafe von bis zu ein Million Lira bestrafen 	jeder  der auf Kosten anderer mit gefälscht  verfälscht oder verfälscht oder anderweitig verfälscht legal Fuß missen oder mit ein Gewicht belegen  werden mit Gefängnisstrafe von bis zu sechs Monat oder mit ein Geldstrafe von bis zu ein Million Lira bestrafen 	jeder  der auf Kosten anderer mit gefälscht  verfälscht oder verfälscht oder anderweitig verfälscht legal Fuß missen oder mit Fuß treten  werden mit Gefängnisstrafe von bis zu sechs Monat oder mit ein Geldstrafe von bis zu ein Million Lira bestrafen 
Wird der Enthaltungserklärung oder Ablehnungserklärung stattgegeben, darf der Richter keine Verfahrenshandlungen mehr vornehmen.	Verfahrenshandlung	verfahrensbezogen Akt	werden der Enthaltung oder Ablehnungserklärung annehmen  so können der Gericht kein Verfahrenshandlung durchführen 	werden der Enthaltung oder Ablehnungserklärung annehmen  so können der Gericht kein Handlung der Verfahren vornehmen 	werden der Enthaltung oder Ablehnungserklärung annehmen  so können der Gericht kein Handlung der Verfahren vornehmen 
Wird die Sicherheit unzulänglich, kann die Bank eine zusätzliche Sicherheit oder den Austausch des Sicherheitsleistenden verlangen.	Sicherheitsleistende	Garant	werden der Garantie unzureichend  so können der Bank ein Garantiezuschlag oder der Ersetzung der Garantiegeber beantragen 	werden der Garantie nicht ausreichend  so können der Bank ein zusätzlich Bürgschaft oder ein Ersatz der Garantiegeber beantragen 	Reichen der Garantie nicht aus  so können der Bank ein zusätzlich Bürgschaft oder ein Ersatz der Garantiegeber beantragen 
Wollen mehrere Miterben das Einlösungsrecht ausüben, so wird der Anteil allen zu gleichen Teilen zugewiesen.	Einlösungsrecht	Wiederkaufsrecht	wenn der Miterbe  der der Lösegeldrecht ausüben wollen  mehr sein  werden der Anteil alle zu gleich Teil zuteilen 	sein der Miterbe  der der Rückkaufrecht ausüben wollen  mehr  so werden der Anteil alle zu gleich Teil zuteilen 	sein der Miterbe  der der Rückkaufrecht ausüben wollen  mehr  so werden der Anteil alle zu gleich Teil zuteilen 
Zurechnungsfähig ist, wer im Zeitpunkt der Begehung der Tat das vierzehnte, aber noch nicht das achtzehnte Lebensjahr vollendet hatte und einsichts- und willensfähig war .	zurechnungsfähig	zurechenbar	es sein zuschreiben  wer zu der Zeitpunkt  als er der Tat begehen haben  14 Jahr alt sein  aber noch nicht 18 Jahr alt sein  wenn er der Fähigkeit haben  zu verstehen und zu wollen 	es liegen daran  wer zu der Zeitpunkt  als er der tun  der 14. Lebensjahr vollenden haben  aber noch nicht der 18. Lebensjahr vollenden haben  wenn er in der Lage sein  zu verstehen und zu wollen 	der Schuld liegen bei der  der zu der Zeitpunkt  als sie der tun haben  14 Jahr alt sein  aber noch nicht 18 Jahr alt sein  wenn sie in der Lage sein  zu verstehen und zu wollen 
