context	tgt_term_gold	tgt_term_hyponym	tgt_term_hypernym	tgt_term_co-hyponym	Cohere CAT+
Die mit Artikel 90 des Statutes errichtete Autonome Sektion für die Provinz Bozen des Regionalen Verwaltungsgerichtes von Trentino-Südtirol (Verwaltungsgericht Bozen - VwG Bozen) hat ihren Sitz in Bozen. Der Sprengel des Verwaltungsgerichtes Bozen umfaßt die Provinz Bozen.	Regionales Verwaltungsgericht		Verwaltungsgerichtsbarkeit		Die autonome Sektion für die Provinz Bozen des Regionalen Verwaltungsgerichts (Regionales Verwaltungsgericht) von Trentino-Südtirol (Verwaltungsgericht Bozen – TAB), die durch Artikel 90 des Statuts eingerichtet wurde, hat ihren Sitz in Bozen. Der Zuständigkeitsbereich des Verwaltungsgerichts Bozen umfasst die Provinz Bozen.
Die Gerichtsbarkeit des Rechnungshofs umfasst Verfahren der verwaltungsgerichtlichen Rechnungslegung, Verfahren betreffend die verwaltungsrechtliche Haftung für Schäden zum Nachteil der öffentlichen Hand sowie sonstige Verfahren im Bereich des öffentlichen Rechnungswesens.	Rechnungshof	Berufungssektion,regionale Rechtsprechungssektion,vereinigte Sektion			Die Zuständigkeit des Rechnungshofs umfasst die Verfahren der Verwaltungsbuchhaltung, die Verfahren betreffend die verwaltungsrechtliche Haftung für Schäden zu Lasten der öffentlichen Verwaltung sowie weitere Verfahren im Bereich der öffentlichen Buchhaltung.
Die Wahrnehmung der in dieser Straßenverkehrsordnung vorgesehenen straßenpolizeilichen Aufgaben obliegt a) in erster Linie der Spezialeinheit Straßenpolizei der Staatspolizei, b) der Staatspolizei, c) den Carabinieri, d) dem Finanzwachekorps, .	Carabinieri		Streitkräfte,bewaffnete Macht		Die Wahrnehmung der im Straßenverkehrsgesetz vorgesehenen Aufgaben der Straßenverkehrspolizei obliegt a) in erster Linie der Spezialeinheit Straßenverkehrspolizei der Staatspolizei, b) der Staatspolizei, c) den Carabinieri, d) dem Finanzpolizeikorps.
Inhaber eines Militärführerscheins oder eines  Dienstführerscheins dürfen Fahrzeuge der entsprechenden Klassen mit Zivilkennzeichen fahren, wenn diese Fahrzeuge für institutionelle Dienste der Staatsverwaltung verwendet werden.	Staatsverwaltung	Außenverwaltung,Zentralverwaltung			Inhaber eines Militärführerscheins oder eines Dienstführerscheins dürfen Fahrzeuge der entsprechenden Klassen mit zivilen Kennzeichen führen, sofern diese Fahrzeuge für hoheitliche Aufgaben der Staatsverwaltung eingesetzt werden.
Die Verwaltungsbefugnisse sind den Gemeinden zuerkannt, unbeschadet der Fälle, in denen sie den Provinzen, Großstädten mit besonderem Status, Regionen und dem Staat zugewiesen werden .	Region	Region mit Normalstatut,Region mit Sonderstatut,autonome Region	Gebietskörperschaft		Die Verwaltungsbefugnisse werden den Gemeinden übertragen, unbeschadet der Fälle, in denen sie den Provinzen, den Metropolitanstädten, der Region mit Normalstatut und dem Staat zugewiesen sind.
Solange die Region oder das Land nicht mit eigenem Gesetz anders verfügen, werden auf den Sachgebieten, die der Zuständigkeit der Region oder des Landes zuerkannt worden sind, die Gesetze des Staates angewandt.	Land,Provinz		Lokalkörperschaft,lokale öffentliche Körperschaft,örtliche Körperschaft		Solange die Region oder das Land keine abweichenden Bestimmungen durch ein eigenes Gesetz erlassen, gelten in den Bereichen, die in die Zuständigkeit der Region oder des Landes fallen, die Gesetze des Staates.
Der Laborassistent/die Laborassistentin bereitet gemäß den Anordnungen des/der Vorgesetzten Laboruntersuchungen vor, führt diese durch und arbeitet an den damit zusammenhängenden Aufgaben mit.	Laborassistent			Labortechniker	Der Laborassistent bereitet Laboruntersuchungen und damit verbundene Aufgaben vor, führt diese durch und wirkt dabei mit, und zwar gemäß den Weisungen des Vorgesetzten.
Der Labortechniker/die Labortechnikerin führt aufgrund der Aufträge des/der Vorgesetzten Erhebungen, Analysen und Bestimmungen im chemischen, physikalischen, biologischen oder medizinischen Bereich durch.	Labortechniker			Laborassistent,qualifizierter Labortechniker	Der qualifizierte Labortechniker führt auf Grundlage der Weisungen des Vorgesetzten Messungen, Analysen und Bestimmungen im chemischen, physikalischen, biologischen oder medizinischen Bereich durch.
Der Statistiksachbearbeiter/die Statistiksachbearbeiterin sammelt, ordnet und verarbeitet und gibt statistische Informationen nach allgemeinen und/oder speziellen Richtlinien seines/ihres Vorgesetzten und koordiniert gegebenfalls die Arbeit der seinem/ihrem Bereich zugeteilten Mitarbeiter und Mitarbeiterinnen.	Statistikassistent,Statistiksachbearbeiter			Inspektor für Statistik,Statistiker,Statistikinspektor	Der Statistikassistent sammelt, ordnet und bearbeitet statistische Daten und stellt statistische Informationen gemäß den allgemeinen und/oder besonderen Weisungen seines Vorgesetzten bereit; gegebenenfalls koordiniert er die Arbeit der seinem Bereich zugewiesenen Mitarbeiter.
Kommunikationsplaner/innen sind in Unternehmen und Agenturen als Assistenten der Kommunikations- und Werbeleitung respektive Kommunikationsberatung tätig.	Kommunikationsplaner			Tourismusassistent	Tourismusassistenten sind in Unternehmen und Agenturen als Assistenten der Geschäftsleitung im Bereich Kommunikation und Werbung bzw. in der Kommunikationsberatung tätig.
Der Statistikinspektor/die Statistikinspektorin konzipiert, plant und organisiert statistische Untersuchungen und wertet statistische Informationen aus und interpretiert sie.	Inspektor für Statistik,Statistikinspektor			Statistikassistent,Statistiker,Statistiksachbearbeiter	Der Statistikinspektor konzipiert, plant und organisiert statistische Erhebungen sowie wertet und interpretiert statistische Daten.
Der Übersetzer/die Übersetzerin erstellt nach allgemeinen Anweisungen des/der Vorgesetzten selbstständig und eigenverantwortlich Übersetzungen von Rechts-, Verwaltungs- und anderen Fachtexten.	Übersetzer			Übersetzungsinspektor	Der Übersetzer erstellt gemäß den allgemeinen Weisungen des Vorgesetzten eigenständig und in eigener Verantwortung Übersetzungen von juristischen, verwaltungsrechtlichen und sonstigen Fachtexten.
Der DV-Analytiker-Systembetreuer/die DV-Analytikerin-Systembetreuerin untersucht gemeinsam mit dem Benutzer/der Benutzerin die Probleme von DV-Anwendungen und entwirft dafür Lösungen unter Berücksichtigung der betrieblichen Anforderungen.	DV-Analytiker,DV-Analytiker-Systembetreuer			DV-Operator,DV-Techniker,DV-Techniker-Analytiker,EDV-Operator	Der DV-Analytiker-Systembetreuer prüft gemeinsam mit dem Anwender Probleme im Bereich der EDV-Anwendungen und entwickelt hierfür Lösungen unter Berücksichtigung der betrieblichen Anforderungen.
Der Betriebsarzt übt die eigene Tätigkeit in folgender Form aus: a) als Beschäftigter oder Mitarbeiter einer externen öffentlichen oder privaten Struktur, die mit dem Unternehmer konventioniert ist; b) als Freiberufler; .	Freiberufler		Selbstständiger		Der Betriebsarzt übt seine Tätigkeit in folgender Form aus: a) als Angestellter oder Mitarbeiter einer externen öffentlichen oder privaten Einrichtung, die mit dem Arbeitgeber einen Vertrag abgeschlossen hat, oder b) als Freiberufler.
Das Amt eines Landtags- bzw. Regionalratsabgeordneten ist mit dem Amt eines Mitgliedes einer der Parlamentskammern, eines anderen Regionalrates oder des Europäischen Parlaments unvereinbar.	Regionalratsabgeordneter			Gemeinderat,Gemeinderatsmitglied,Landtagsabgeordneter,Provinzialrat	Das Amt eines Regionalratsabgeordneten ist unvereinbar mit dem Amt eines Mitglieds einer der beiden Parlamentskammern, eines anderen Regionalrats oder des Europäischen Parlaments.
Die Konferenz der Regionen und Autonomen Provinzen setzt sich aus den zwanzig Präsidenten der italienischen Regionen sowie den beiden Landeshauptleuten der Autonomen Provinzen Bozen und Trient zusammen. Mit entsprechender Vollmacht können an den Sitzungen auch Regionalassessoren bzw. Landesräte teilnehmen.	Mitglied der Regionalregierung,Regionalassessor		Assessor,Referent	Gemeindeassessor,Gemeindereferent,Landesassessor,Landesrat,Provinzassessor,Stadtrat	Die Konferenz der Regionen und autonomen Provinzen setzt sich aus den zwanzig Präsidenten der italienischen Regionen sowie den beiden Präsidenten der autonomen Provinzen Bozen und Trient zusammen. Mit einer entsprechenden Vollmacht können auch Landesräte an den Sitzungen teilnehmen.
Der Präsident des Regionalausschusses wird, sofern das Regionalstatut nichts anderes festlegt, in allgemeiner und direkter Wahl gewählt.	Regionalstatut		Satzung,Statut		Der Präsident der Regionalregierung wird in allgemeiner und direkter Wahl gewählt, sofern das Regionalstatut nichts anderes bestimmt.
Gemeinden, Provinzen, Großstädte mit besonderem Status und Regionen sind autonome Körperschaften mit eigenen Statuten, Befugnissen und Aufgaben gemäß den in der Verfassung verankerten Grundsätzen.	Gemeinde		Lokalkörperschaft,lokale öffentliche Körperschaft,örtliche Körperschaft		Die Gemeinden, die Provinzen, die Metropolitanstädte und die Regionen sind autonome Körperschaften mit eigenen Statuten, Befugnissen und Aufgaben gemäß den in der Verfassung festgelegten Grundsätzen.
Der Gemeindeausschuss besteht aus dem Bürgermeister als Vorsitzendem und aus den Gemeindereferenten, deren Anzahl in der Satzung  bestimmt ist.	Gemeindeassessor,Gemeindereferent,Stadtrat		Assessor,Referent	Landesassessor,Landesrat,Mitglied der Regionalregierung,Provinzassessor,Regionalassessor	Die Gemeinderegierung besteht aus dem Bürgermeister, der ihr vorsitzt, und den Gemeindeassessoren, deren Anzahl in der Satzung festgelegt ist.
Die Unterschrift muss von einer der folgenden  Personen beglaubigt werden: Notare, Friedensrichter, , Bürgermeister, Gemeindeassessoren und Landesräte, Präsidenten der Gemeinderäte und Landtage, Präsidenten und Vizepräsidenten der Stadtviertelräte, Gemeindesekretäre und Sekretäre der Provinzen, .	Gemeindeassessor,Gemeindereferent,Stadtrat		Assessor,Referent	Landesassessor,Landesrat,Mitglied der Regionalregierung,Provinzassessor,Regionalassessor	Die Unterschrift muss von einer der folgenden Personen beglaubigt werden: Notare, Friedensrichter, Bürgermeister, Gemeindereferenten und Provinzassessoren, Präsidenten der Gemeinde- und Provinzräte, Präsidenten und Vizepräsidenten der Bezirksräte, Gemeindesekretäre und Provinzsekretäre.
Mit Bewilligung des Landesschulrates können schulpflichtige Kinder österreichischer Staatsbürgerschaft die allgemeine Schulpflicht auch durch den Besuch von im Ausland gelegenen Schulen erfüllen.	allgemeine Schulpflicht	Grundschule,Volksschule			Mit Genehmigung des Landesschulrates können minderjährige österreichische Staatsbürger, die der allgemeinen Schulpflicht unterliegen, dieser auch durch den Besuch von Schulen im Ausland nachkommen.
Über Arbeitnehmer und Arbeitnehmerinnen, Selbstständige, scheinbar tätige sowie scheinbar selbstständige Personen, die von Prüfungen  des Schwarzarbeitsbekämpfungsgesetzes betroffen sind, können im zentralen Informationssystem für die Finanzkontrolle Schwarzarbeit  personenbezogene Daten gespeichert werden, sofern dies zur Aufgabenerfüllung erforderlich ist.	Selbstständiger	Freelancer,Freiberufler,Handwerker			Im zentralen Informationssystem zur finanziellen Kontrolle der Schwarzarbeit können personenbezogene Daten von Arbeitnehmern und Arbeitnehmerinnen, Freiberuflern, scheinbar abhängig Beschäftigten und scheinbar selbstständig Tätigen gespeichert werden, die von Überprüfungen gemäß dem Gesetz zur Bekämpfung der Schwarzarbeit betroffen sind, sofern dies zur Erfüllung der Aufgaben erforderlich ist.
Die Entschädigung für Selbstständigerwerbende wird aufgrund des auf den Tag umgerechneten Erwerbseinkommens berechnet, das für den letzten vor dem Einrücken verfügten AHV-Beitrag Alters- und Hinterlassenenvorsorge-Beitrag massgebend war.	Selbstständigerwerbender	Handwerker			Die Entschädigung für Selbstständigerwerbende wird auf der Grundlage des auf den Tag umgerechneten Erwerbseinkommens berechnet, welches für den letzten vor der Inkorporation verfügbaren AHV-Beitrag (Alters- und Hinterlassenenversicherung) massgebend war.
Die Kosten für Verkehrsunfälle werden abzogen, weil sie im Kontext einer nachhaltigen Entwicklung gesellschaftlicher Wohlfahrt in keinem Fall als förderlich anzusehen sind. Dies gilt selbstverständlich für sämtliche Unfallarten wie etwa Arbeits-, Sport- oder Haushaltsunfälle.	Haushaltsunfall		Unfall		Die Kosten für Verkehrsunfälle werden abgezogen, da sie im Kontext einer nachhaltigen Entwicklung des sozialen Wohlergehens keinesfalls als förderlich angesehen werden können. Dies gilt selbstverständlich für alle Arten von Unfällen, wie etwa Arbeitsunfälle, Sportunfälle oder Haushaltsunfälle.
Die Meldebehörde hat auf Grund der im Melderegister enthaltenen Meldedaten auf Antrag zu bestätigen, dass, seit wann und wo der Antragsteller oder ein Mensch, für den ihn die Meldepflicht trifft, angemeldet ist (Meldebestätigung).	Meldebestätigung		Bescheinigung		Die Meldebehörde hat auf Grundlage der im Melderegister enthaltenen Daten auf Antrag zu bestätigen, seit wann und wo der Antragsteller oder eine Person, für die eine Meldepflicht besteht, gemeldet ist (Meldebestätigung).
Eine Meldebescheinigung beinhaltet lediglich, wer, wo gemeldet ist. Einzelheiten wie zum Beispiel Konfession oder Familienstand werden nicht aufgeführt.	Meldebescheinigung		Bescheinigung		Eine Meldebescheinigung bestätigt lediglich, wer wo gemeldet ist. Angaben wie etwa die Religionszugehörigkeit oder der Familienstand sind darin nicht enthalten.
Das Zulassungsgesuch ist auf Stempelpapier abzufassen und innerhalb des jährlich neu festgelegten Termins dem Landesrat für Gesundheitswesen zu übermitteln. Dem Gesuch müssen folgende Unterlagen beigefügt werden:  Staatsbürgerschaftsbescheinigung .	Staatsbürgerschaftsbescheinigung,Staatsbürgerschaftsnachweis		meldeamtliche Bescheinigung		Der Antrag auf Aufnahme ist auf gestempeltes Papier zu verfassen und innerhalb der jährlich festgelegten Frist an den Landesrat für Gesundheit zu übermitteln. Dem Antrag sind folgende Unterlagen beizufügen: Staatsbürgerschaftsnachweis.
Aufgabe der Unfallversicherung ist es,  mit allen geeigneten Mitteln Arbeitsunfälle und Berufskrankheiten sowie arbeitsbedingte Gesundheitsgefahren zu verhüten, .	Arbeitsunfall	Dienstwegeunfall,Wegeunfall	Unfall		Aufgabe der Unfallversicherung ist es, mit allen geeigneten Mitteln Arbeitsunfälle und Berufskrankheiten sowie arbeitsbedingte Gesundheitsgefahren zu verhüten.
Übergangsbestimmungen sollen, ihrer Bezeichnung entsprechend, den Wechsel vom alten zum neuen Recht sicherstellen.	Übergangsbestimmung		Anordnung,Bestimmung,Verfügung		Die Übergangsbestimmungen müssen, entsprechend ihrer Bezeichnung, den Übergang vom alten zum neuen Recht sicherstellen.
Der Richter berücksichtigt  die Lösung gemäss Verwaltungsweisung, wenn sie eine überzeugende Interpretation des Gesetzes durch die Aufsichtsbehörde zum Zwecke der rechtsgleichen Anwendung des Gesetzes darstellt.	Auslegung,Interpretation	ausdehnende Auslegung,ausdehnende Interpretation,einschränkende Auslegung,einschränkende Interpretation,extensive Auslegung,extensive Interpretation,grammatikalische Auslegung,grammatikalische Interpretation,historische Auslegung,restriktive Auslegung,restriktive Interpretation,systematische Auslegung,teleologische Auslegung,teleologische Interpretation,wörtliche Auslegung			Das Gericht berücksichtigt die gemäss der Verwaltungspraxis gefundene Lösung, sofern diese eine überzeugende Auslegung des Gesetzes durch die Aufsichtsbehörde zur Gewährleistung einer einheitlichen Rechtsanwendung darstellt.
Die Primarschule wird in die Unterstufe und Mittelstufe unterteilt. Die Unterstufe dauert von der 1. bis zur 3. Klasse. Die Mittelstufe dauert von der 4. bis zur 6. Klasse und endet mit dem Übertritt in die Sekundarstufe 1.	Primarschule		Schulpflicht		Die Primarschule ist in den Zyklus 1 und den Zyklus 2 unterteilt. Der Zyklus 1 umfasst die 1. bis 3. Klasse. Der Zyklus 2 umfasst die 4. bis 6. Klasse und endet mit dem Übertritt in die Sekundarstufe I.
Die Verstöße  haben  als zusätzliche Verwaltungsstrafe die Aussetzung des Fahrzeugscheins für die Dauer von einem bis zu sechs Monaten zur Folge. Bei Rückfall liegt die Dauer der Aussetzung zwischen sechs und zwölf Monaten.	Rückfall	einfacher Rückfall,erschwerter Rückfall,wiederholter Rückfall			Die Verstöße ziehen als zusätzliche verwaltungsrechtliche Sanktion die Entziehung der Zulassungsbescheinigung für einen Zeitraum von einem bis zu sechs Monaten nach sich. Im Fall eines Rückfalls beträgt die Dauer der Entziehung sechs bis zwölf Monate.
Das Pfand haftet für die Forderung in deren jeweiligem Bestand, insbesondere auch für Zinsen und Vertragsstrafen.	Pfand,Pfandrecht,Verpfändung		Recht auf Sicherstellung		Das Pfandrecht sichert die Forderung in ihrer jeweiligen Höhe, insbesondere auch Zinsen und vertragliche Konventionalstrafen.
Wenn das Pfandrecht vor dem Inkrafttreten des Gesetzbuches entstanden ist, werden die Voraussetzungen für die Wirksamkeit des Vorrechtes durch die früheren Gesetze bestimmt.	Pfand,Pfandrecht,Verpfändung		Recht auf Sicherstellung		Falls das Pfandrecht bereits vor dem Inkrafttreten des Gesetzbuches entstanden ist, bestimmen sich die Voraussetzungen für die Wirksamkeit des Vorzugsrechts nach den früheren Gesetzen.
Die öffentlichen Archive haben die Aufgabe, das öffentliche Archivgut festzustellen, zu erfassen, zu übernehmen, auf Dauer zu verwahren, zu sichern und zu erhalten, zu erschließen, allgemein nutzbar zu machen, für die Benutzung bereitzustellen und auszuwerten.	öffentliches Archiv		Archiv,Endarchiv	Privatarchiv,privates Archiv	Öffentliche Archive haben die Aufgabe, öffentliches Archivgut zu ermitteln, zu erwerben, zu übernehmen, langfristig zu verwahren, zu sichern und zu erhalten, zugänglich zu machen, allgemein nutzbar zu stellen, zur Nutzung bereitzustellen und zu bewerten.
Die Verwaltung kann sich im Verfahren durch eine Führungskraft oder einen eigens dazu delegierten Beamten vertreten lassen.	Führungskraft,leitender Angestellter	Amtsleiter,Leiter,leitender Beamter	Arbeitnehmer,unselbstständig Erwerbstätiger		Die Verwaltung kann sich im Verfahren durch eine Führungskraft oder einen speziell bevollmächtigten Beamten vertreten lassen.
Für eine unselbstständige Tätigkeit spricht vorliegend einerseits der Umstand, dass der Beschwerdeführer kein eigentliches Betriebsrisiko trägt, hat er doch nur geringe Investitionen tätigen müssen und fallen bei ausbleibenden Kunden, mit Ausnahme der Zahlungen an B., keine grösseren Fixkosten an.	unselbstständige Erwerbstätigkeit,unselbstständige Tätigkeit	Haushaltarbeit,Heimarbeit	Arbeit,Arbeitstätigkeit,Erwerbstätigkeit	selbstständige Berufstätigkeit,selbstständige Erwerbstätigkeit,selbstständige Tätigkeit	Im vorliegenden Fall spricht einerseits die Tatsache für eine unselbstständige Erwerbstätigkeit, dass der Beschwerdeführer kein eigentliches Unternehmerrisiko trägt, da er nur geringe Investitionen tätigen musste und bei ausbleibenden Kunden keine erheblichen Fixkosten zu tragen hat, mit Ausnahme der Zahlungen an B.
Eingriffsverwaltung ist immer hoheitliche Verwaltung, weshalb sie auch seit jeher in einem besonderen Naheverhältnis zum Legalitätsprinzip steht. Umgekehrt ist jedoch nicht jedes hoheitliche Verwaltungshandeln der Eingriffsverwaltung zuzuzählen (z.B. hoheitliche Vergabe von Subventionen).	Subvention		Bescheid		Die Eingriffsverwaltung ist stets Hoheitsverwaltung, weshalb sie stets in einem besonderen Naheverhältnis zum Legalitätsprinzip stand. Umgekehrt ist nicht jeder hoheitliche Verwaltungsakt der Eingriffsverwaltung zuzurechnen (beispielsweise die hoheitliche Gewährung von Subventionen).
Der Bonus Steuerbonus - EX-Bonus-Renzi steht  nur mehr dann zu, wenn die Summe der steuerlichen Absatzbeträge höher ist, als die zu zahlende IRPEF.	Einkommenssteuer der natürlichen Personen,Einkommensteuer der natürlichen Personen,IRPEF,Steuer auf das Einkommen der natürlichen Personen		Einkommenssteuer,Einkommensteuer	Einkommenssteuer der juristischen Personen,Einkommensteuer der juristischen Personen,IRES,Körperschaftssteuer,Körperschaftsteuer	Der Steuerbonus – ehemals Renzi-Bonus – steht nur dann zu, wenn der Betrag der Steuerabzüge höher ist als die zu entrichtende Einkommenssteuer der natürlichen Personen.
"Das Landesgesetz vom 22. Oktober 1993, Nr. 17 ""Regelung des Verwaltungsverfahrens und des Rechts auf Zugang zu Verwaltungsunterlagen"" enthält Bestimmungen zu Eigenerklärungen und Verwaltungsunterlagen."	Eigenerklärung	Eigenbescheinigung,Erklärung zum Ersatz einer Bescheinigung,Erklärung zum Ersatz einer beeideten Bezeugungsurkunde,Ersatzerklärung des Notorietätsaktes,Ersatzerklärung einer beeideten Bezeugungsurkunde,Selbstbescheinigung,Selbsterklärung,eigenverantwortete Bescheinigung,eigenverantwortliche Erklärung	Ersatzerklärung		"Das Landesgesetz vom 22. Oktober 1993, Nr. 17, „Regelung des Verwaltungsverfahrens und des Rechts auf Einsichtnahme in Verwaltungsdokumente"" enthält Bestimmungen über Selbsterklärungen und Verwaltungsdokumente."
Dem Gebot der Effizienz staatlichen Handelns wird z. T. Verfassungsrang zuerkannt. . Die Verwaltung muss ihre Aufgaben möglichst effizient wahrnehmen.	Effizienz			Effektivität,Rechtswirksamkeit,Wirksamkeit	Dem Grundsatz der Effektivität staatlichen Handelns wird teilweise Verfassungsrang eingeräumt. Die Verwaltung hat ihre Aufgaben so wirksam wie möglich zu erfüllen.
Den Vorsitz in der Dienststellenkonferenz kann mit entsprechender Vollmacht des Landeshauptmanns oder des Landesrates der zuständige Ressort- oder Abteilungsleiter führen.	Dienststellenkonferenz,Konferenz der Dienststellen	Dienststellenkonferenz mit Entscheidungsbefugnissen,vorbereitende Dienststellenkonferenz			Den Vorsitz der Dienststellenkonferenz kann der zuständige Abteilungs- oder Referatsleiter auf Grundlage einer entsprechenden Vollmacht des Landeshauptmanns oder des Landesrates übernehmen.
Die für Jahresaufträge und Ersatzaufträge verfügbaren Stellen werden in der Reihenfolge der entsprechenden Rangordnung durch Stellenwahl vergeben. Stellenverlierer mit unbefristetem Auftrag haben auf jeden Fall Vorrang. Mangels Bewerber oder Bewerberinnen in der Rangordnung ist eine Direktberufung möglich.	Direktaufnahme,Direktberufung,direkte Berufung		Aufnahme,Einnahme,Einstellung	Aufnahme durch Wettbewerb,Einstellung mittels Wettbewerb	Die verfügbaren Stellen für Jahresverträge und Vertretungsstellen werden gemäß der jeweiligen Rangliste durch die Wahl des Einsatzortes vergeben. Personen, die im Rahmen einer unbefristeten Anstellung ihre Stelle verlieren, haben in jedem Fall Vorrang. Sofern keine Bewerber oder Bewerberinnen in der Rangliste vorhanden sind, ist eine Direktberufung möglich.
In Anbetracht der Ziele des öffentlichen Interesses ist das Recht auf Zugang ein allgemeiner Grundsatz der Verwaltungstätigkeit zur Unterstützung der Beteiligung und zur Gewährleistung der Unparteilichkeit und Transparenz.	Recht auf Zugang,Recht auf Zugang zu den Verwaltungsunterlagen,Zugangsrecht zu den Verwaltungsunterlagen		Zugangsrecht,Zutrittsrecht		Unter Berücksichtigung der Ziele von öffentlichem Interesse stellt das Recht auf Zugang zu den Verwaltungsunterlagen einen allgemeinen Grundsatz der Verwaltungstätigkeit dar, der die Beteiligung fördert und die Unparteilichkeit sowie die Transparenz gewährleistet.
Zur Verwirklichung der  Ziele hält sich das Land in der Verwaltungstätigkeit an die Kriterien der Effizienz  der Publizität.	Publizität,Öffentlichkeit			Effektivität,Rechtswirksamkeit,Transparenz der Verwaltungstätigkeit,Wirksamkeit,Wirtschaftlichkeit,Zügigkeit	Zur Verwirklichung der Ziele hält sich das Land im Rahmen seiner Verwaltungstätigkeit an die Grundsätze der Effizienz und der Publizität.
Gesetze der Republik regeln den durch die Neuordnung erforderlichen Übergang der Beamten und Angestellten des Staates, auch jener der Zentralverwaltung, an die Regionen.	Zentralverwaltung		Staatsverwaltung	Außenverwaltung	Die Gesetze der Republik regeln die Überführung von Staatsbeamten und -angestellten, einschließlich jener der Zentralverwaltung, in die Regionen, die durch die Neuordnung erforderlich geworden ist.
Zur Bildung ihrer Ämter müssen die Regionen, außer in Fällen der Notwendigkeit, das Dienstpersonal aus jenem des Staates und der Lokalkörperschaften beziehen.	Lokalkörperschaft,lokale öffentliche Körperschaft,örtliche Körperschaft	Berggemeinschaft,Gemeinde,Großstadt mit Sonderstatus,Großstadt mit besonderem Status,Land,Provinz	Gebietskörperschaft		Für die Einrichtung ihrer Ämter müssen die Regionen, außer in dringenden Fällen, auf das Personal des Staates und der örtlichen Körperschaften zurückgreifen.
Die Kontrollen  werden von den Bediensteten des Datenschutzamtes durchgeführt, gegebenenfalls unter Beteiligung von Mitgliedern oder Bediensteten der Aufsichtsbehörden anderer Mitgliedstaaten der Europäischen Union.	Aufsichtsbehörde		unabhängige Verwaltungsbehörde		Die Kontrollen werden von den Beamten des Amtes für den Datenschutz durchgeführt, gegebenenfalls unter Beteiligung von Mitgliedern oder Beamten der Aufsichtsbehörde anderer Mitgliedstaaten der Europäischen Union.
Wer während der Zeit, in der die Fahrzeugpapiere abgenommen sind, widerrechtlich mit dem von der Abnahme betroffenen Fahrzeug fährt, oder wer trotz Führerscheinabnahme weiterhin fährt, muss eine verwaltungsrechtliche Geldbuße zwischen 2.004 und 8.017 Euro zahlen.	Führerscheinabnahme		Nebenstrafe,zusätzliche Verwaltungsstrafe		Wer während des Zeitraums, in dem die Zulassungsdokumente entzogen wurden, mit dem betreffenden Fahrzeug widerrechtlich fährt, oder wer trotz Führerscheinabnahme weiterhin fährt, hat eine Geldstrafe zwischen 2.004 und 8.017 Euro zu zahlen.
Die Allgemeinverbindlicherklärung nach § 5 TVG Tarifvertragsgesetz ist ein Rechtsetzungsakt eigener Art zwischen autonomer Regelung und staatlicher Rechtsetzung .	Rechtsetzungsakt	Errichtung,G,Geschäftsordnung,Gesellschaftsgründung,Gesellschaftsvertrag,Gesetz,Gründung,Rechtsverordnung,Satzung,Statut,Verfassung,Verordnung,formelles Gesetz	Rechtshandlung,juristische Handlung		Die Allgemeinverbindlicherklärung gemäß § 5 TVG (Tarifvertragsgesetz) ist ein Rechtsetzungsakt von besonderer Art, der zwischen autonomer Regelung und staatlicher Normsetzung steht.
Im Haushalt ist auf der Ausgabenseite ein Reservefonds vorgesehen, der nicht mehr als fünf Prozent der ordentlichen Finanzausstattung ausmachen darf.	Reservefonds	Reservefonds für Pflichtausgaben,Reservefonds für unvorhergesehene Ausgaben			Im Haushaltsplan ist auf der Ausgabenseite ein Reservefonds für unvorhergesehene Ausgaben vorgesehen, der fünf Prozent der ordentlichen Finanzmittel nicht überschreiten darf.
"Die logisch-systematische Auslegung ergebe, daß sich die Verpflichtung zur Beachtung des Grundsatzes der Beitragssatzstabilität wie ein ""roter Faden"" durch das Gesetz ziehe."	logisch-systematische Auslegung,logisch-systematische Interpretation	logische Interpretation,systematische Auslegung,systematische Interpretation			"Die logisch-systematische Auslegung würde zeigen, dass die Verpflichtung zur Einhaltung des Grundsatzes der Beitragsstabilität wie ein „roter Faden"" durch das Gesetz verläuft."
Wenn zu Lasten des Angeklagten oder der Körperschaft für denselben Tatbestand von der Datenschutzbehörde eine verwaltungsrechtliche Geldbuße  verhängt und auch eingehoben wurde, wird die Gerichtsstrafe reduziert.	verwaltungsrechtliche Geldbuße		Verwaltungsstrafe	Nebenstrafe,zusätzliche Verwaltungsstrafe	Falls gegen den Angeklagten oder die juristische Person für dieselbe Tat eine verwaltungsrechtliche Geldbuße durch die Datenschutzbehörde verhängt und eingetrieben wurde, wird die gerichtliche Strafe gemindert.
Wer ein Motorfahrzeug fährt, bedarf des Führerausweises, wer Lernfahrten unternimmt, des Lernfahrausweises.	Führerausweis	ausländischer Führerausweis,internationaler Führerausweis,internationaler Führerschein,militärischer Führerausweis			Wer ein Motorfahrzeug führt, benötigt einen Führerausweis; wer Fahrstunden absolviert, benötigt einen Lernfahrausweis.
Ab der am 1. Jänner 2009 laufenden Steuerperiode sind die öffentlichen Betriebe für Pflege- und Betreuungsdienste (ÖBPB) von der Bezahlung der IRAP befreit, unter Beibehaltung der Pflicht der Einreichung der IRAP-Erklärung.	IRAP,regionale Steuer auf produktive Tätigkeiten,regionale Wertschöpfungssteuer		direkte Steuer		Ab dem Steuerzeitraum, der am 1. Januar 2009 beginnt, sind öffentliche Einrichtungen für personenbezogene Dienstleistungen (APSP) von der Zahlung der regionale Wertschöpfungssteuer befreit; die Verpflichtung zur Abgabe der IRAP-Erklärung bleibt hiervon unberührt.
"Die wirtschaftliche Unterstützung an Unternehmen von Seiten des Amtes für Innovation, Forschung und Entwicklung ist durch folgende LANDESGESETZE (LG) geregelt : - Landesgesetz 14/2006 ""Forschung und Innovation"" - Landesgesetz 4/1997 ""Maßnahmen des Landes Südtirol zur Förderung der gewerblichen Wirtschaft""."	LG,Landesgesetz		G,Gesetz	Regionalgesetz,Staatsgesetz	"Die finanzielle Unterstützung von Unternehmen durch das Amt für Innovation, Forschung und Entwicklung richtet sich nach folgenden Landesgesetzen (LG): - Landesgesetz 14/2006 „Forschung und Innovation"" - Landesgesetz 4/1997 „Maßnahmen der Autonomen Provinz Bozen zur Förderung der Wirtschaft""."
Ein Staatsgesetz regelt Formen der Koordinierung zwischen Staat und Regionen auf den Sachgebieten laut Artikel 117 Absatz 2 Buchstabe b) und h) sowie außerdem Formen der Vereinbarung und der Koordinierung auf dem Sachgebiet des Kulturgüterschutzes.	Staatsgesetz		G,Gesetz	LG,Landesgesetz,Regionalgesetz	Ein Staatsgesetz regelt die Formen der Koordination zwischen dem Staat und den Regionen in den Bereichen gemäß Artikel 117, Absatz 2, Buchstaben b) und h), sowie die Formen der Vereinbarung und Koordination im Bereich des Schutzes des kulturellen Erbes.
Die Anspruchsberechtigten, welche einen Beitrag für die Erbringung von Schienengüterverkehrsleistungen beantragt haben, sind verpflichtet, ihren Endkunden, die den Eisenbahngüterbeförderungsdienst in Anspruch nehmen, eine Tarifreduzierung im Ausmaß des zu erhaltenden Beitrages zu gewähren.	Beitrag,Zuschuss,finanzieller Beitrag	Beitrag auf Anlagegüter,Beitrag zur Gewinn- und Verlustrechnung,Betriebsbeitrag,Betriebszuschuss,Investitionsbeitrag,Kapitalbeitrag,Kapitalbeitrag für Investitionen,Schenkungsbeitrag,Verlustbeitrag,Zinsbeitrag,Zinszuschuss,einmaliger Beitrag			Die Begünstigten, die einen Investitionsbeitrag für die Erbringung von Eisenbahngüterverkehrsdienstleistungen beantragt haben, sind verpflichtet, ihren Endkunden, die den Eisenbahngüterverkehrsdienst in Anspruch nehmen, eine Tarifermäßigung in Höhe des erhaltenen Investitionsbeitrags zu gewähren.
Wer freiwillige Beiträge oder Pflichtbeiträge eingezahlt hat und einen Zuschuss  beantragen möchte, muss einen eigenen Antrag bis zum 31. Oktober des Jahres einreichen, das auf das betreffende Beitragsjahr folgt.	Beitrag,Zuschuss,finanzieller Beitrag	Beitrag auf Anlagegüter,Beitrag zur Gewinn- und Verlustrechnung,Betriebsbeitrag,Betriebszuschuss,Investitionsbeitrag,Kapitalbeitrag,Kapitalbeitrag für Investitionen,Schenkungsbeitrag,Verlustbeitrag,Zinsbeitrag,Zinszuschuss,einmaliger Beitrag			Wer freiwillige oder obligatorische Beiträge geleistet hat und einen Investitionsbeitrag beantragen möchte, muss bis zum 31. Oktober des auf das betreffende Beitragsjahr folgenden Jahres einen entsprechenden Antrag einreichen.
Das typische Ziel eines Verwaltungsverfahrens ist die Erledigung durch Erlassung eines Bescheides ; der Bescheid ist das zentrale Element des österreichischen Verwaltungsrechts, weil das gesamte Rechtsschutzsystem primär auf ihn ausgerichtet ist.	Bescheid		Maßnahme	Entscheidung des Gerichtes,gerichtliche Entscheidung,gerichtliche Verfügung	Das typische Ziel eines Verwaltungsverfahrens ist dessen Abschluss durch Erlassung eines Bescheides; der Bescheid ist das zentrale Element des österreichischen Verwaltungsrechts, da sich das gesamte System des Rechtsschutzes primär darauf ausrichtet.
Grundsätzlich kann jeder Träger öffentlicher Gewalt zum Erlass von Verwaltungsverfügungen ermächtigt sein.	Verfügung,Verwaltungsverfügung		Massnahme	gerichtliche Verfügung	Grundsätzlich kann jede öffentliche Behörde ermächtigt werden, Verfügungen zu erlassen.
Wer zur Erfüllung einer Verwaltungsaufgabe sachlich, örtlich und funktionell zuständig ist, ist auch befugt, damit verbundene Verwaltungsrechtsverhältnisse durch Verfügung zu regeln.	Verfügung,Verwaltungsverfügung		Massnahme	gerichtliche Verfügung	Wer sachlich, örtlich und funktionell für die Erledigung einer Verwaltungsaufgabe zuständig ist, ist auch befugt, die damit verbundenen verwaltungsrechtlichen Verhältnisse durch eine Verwaltungsverfügung zu regeln.
Die Bestimmungen des ersten Abschnittes sowie die Artikel 34-43 der Verordnung vom 31. Oktober 1947 über die Alters- und Hinterlassenenversicherung (AHVV) finden sinngemäss Anwendung. Die besonderen Vorschriften über die freiwillige Versicherung für Auslandschweizer bleiben vorbehalten.	Art.,Artikel	Abs.,Absatz			Die Bestimmungen des ersten Abschnitts sowie Art. 34–43 der Verordnung vom 31. Oktober 1947 über die Alters- und Hinterlassenenversicherung (AHVV) sind sinngemäss anwendbar. Die besonderen Bestimmungen über die freiwillige Versicherung für im Ausland lebende Schweizer bleiben vorbehalten.
Das Rechnungsprüferkollegium hat das Recht auf Zugang zu Unterlagen und Dokumenten des Landes, um die Ausübung der ihm übertragenen Aufgaben zu gewährleisten.	Recht auf Zugang,Zugangsrecht	Recht auf Zugang zu den Verwaltungsunterlagen,Zugangsrecht zu den Verwaltungsunterlagen			Der Rechnungshof hat das Recht auf Zugang zu den Akten und Dokumenten des Landes, um die Ausübung der ihm übertragenen Aufgaben zu gewährleisten.
Handelt es sich um das Verfahren betreffende Akten, wird, sofern diese durchführbar und wirksam sind, das Zugangsrecht auch während des Verfahrens gegenüber der Organisationseinheit ausgeübt, die zuständig ist, den abschließenden Akt zu erlassen oder ständig aufzubewahren.	Recht auf Zugang,Zugangsrecht	Recht auf Zugang zu den Verwaltungsunterlagen,Zugangsrecht zu den Verwaltungsunterlagen			Handelt es sich um Akten, die das Verfahren betreffen, so kann das Recht auf Zugang zu den Verwaltungsunterlagen, sofern dies durchführbar und zweckmäßig ist, auch während des Verfahrens gegenüber der zuständigen Organisationseinheit ausgeübt werden, die für den Erlass des endgültigen Bescheids oder für dessen dauerhafte Aufbewahrung zuständig ist.
Der Grundsatz der Transparenz bedeutet nämlich, den Bürgern die Möglichkeit zu geben, eine demokratische Kontrolle über die Ausübung der Verwaltungstätigkeit, ihre Korrektheit und Unparteilichkeit sowie ihre Übereinstimmung mit den gesellschaftlichen Interessen und den verfassungsmäßigen Grundsätzen auszuüben.	Grundsatz der Transparenz			Grundsatz der Wirtschaftlichkeit,Grundsatz der Öffentlichkeit,Öffentlichkeitsgrundsatz	Der Grundsatz der Transparenz bedeutet nämlich, den Bürgern die Möglichkeit zu geben, eine demokratische Kontrolle über die Ausübung der Verwaltungstätigkeit, deren Korrektheit und Unparteilichkeit sowie deren Übereinstimmung mit den gesellschaftlichen Interessen und den verfassungsrechtlichen Grundsätzen auszuüben.
Die monokratisch strukturierte Behörde ist derzeit in der Praxis die Regel.	monokratisch organisierte Behörde,monokratisch strukturierte Behörde		Organ	Kollegialbehörde,Kollegialorgan	Die monokratisch organisierte Behörde stellt derzeit in der Praxis die Regel dar.
Bei Streitigkeiten über Wahlhandlungen  ist ein außerordentlicher Rekurs an den Präsidenten der Republik nicht zulässig.	außerordentliche Beschwerde an das Staatsoberhaupt,außerordentlicher Rekurs an den Präsidenten der Republik		Verwaltungsbeschwerde,Verwaltungsrekurs	Aufsichtsbeschwerde,Rekurs zur Erhebung eines Widerspruchs,hierarchischer Rekurs	In Streitigkeiten betreffend die Wahlvorgänge ist ein außerordentlicher Rekurs an den Präsidenten der Republik unzulässig.
Für den Rekurs zur Erhebung eines Widerspruchs ist die Einzahlung des Einheitsbeitrags für die Eintragung des Rechtsstreits in das Register  erforderlich.	Rekurs zur Erhebung eines Widerspruchs		Verwaltungsbeschwerde,Verwaltungsrekurs	Aufsichtsbeschwerde,außerordentliche Beschwerde an das Staatsoberhaupt,außerordentlicher Rekurs an den Präsidenten der Republik,hierarchischer Rekurs	Für den Rekurs zur Erhebung eines Widerspruchs ist die Zahlung der Pauschalgebühr für die Eintragung des Verfahrens in das Register erforderlich.
Bevor gegen einen Verwaltungsakt von Finanzbehörden vor dem Finanzgericht geklagt werden kann, muss das sog. Vorverfahren durchlaufen werden. Darunter versteht man die nochmalige Überprüfung einer Entscheidung durch die Behörde, die durch den Einspruch vom Steuerpflichtigen herbeigeführt wird.	Einspruch,Widerspruch			Aufsichtsbeschwerde	Bevor gegen einen Verwaltungsakt der Finanzbehörden Klage beim Finanzgericht erhoben werden kann, muss das sogenannte Vorverfahren durchgeführt werden. Damit ist die Überprüfung einer behördlichen Entscheidung durch die Behörde selbst gemeint, die durch den Widerspruch des Steuerpflichtigen eingeleitet wird.
Die Erhebung der Anfechtungsklage gegen einen Verwaltungsakt  setzt  voraus, dass vor Anrufung des Verwaltungsgerichts Rechtsmäßigkeit und Zweckmäßigkeit des Verwaltungsaktes in einem Vorverfahren auf Grund Widerspruchs des Klageberechtigten nachgeprüft worden sind.	Einspruch,Widerspruch			Aufsichtsbeschwerde	Die Erhebung einer Anfechtungsklage gegen einen Verwaltungsakt setzt voraus, dass die Rechtmäßigkeit und Zweckmäßigkeit des Verwaltungsakts in einem Vorverfahren auf Grundlage des Widerspruchs des klagebefugten Beteiligten geprüft worden sind, bevor das Verwaltungsgericht angerufen wird.
Die fehlende devolutive Wirkung der Einsprache ist das Hauptunterscheidungskriterium zur Beschwerde.	Einsprache		Verwaltungsbeschwerde	Aufsichtsanzeige,Aufsichtsbeschwerde	Die fehlende Devolutivwirkung der Einsprache stellt das Hauptunterscheidungsmerkmal gegenüber der Beschwerde dar.
Gehört zu den zur Erbfolge Berufenen eine empfangene Person, so kann die Teilung nicht vor deren Geburt stattfinden.	Empfangener,Gezeugter,bereits empfangener Ungeborener,bereits gezeugtes ungeborenes Kind,empfangene Person		Ungeborener,ungeborenes Kind		Falls sich unter den zur Erbfolge berufenen Erben ein bereits gezeugtes ungeborenes Kind befindet, kann die Teilung nicht vor dessen Geburt erfolgen.
Wird ein bereits Empfangener berufen, steht die Verwaltung dem Vater oder bei dessen Fehlen der Mutter zu.	Empfangener,Gezeugter,bereits empfangener Ungeborener,bereits gezeugtes ungeborenes Kind,empfangene Person		Ungeborener,ungeborenes Kind		Falls ein bereits gezeugtes ungeborenes Kind berufen wird, steht die Verwaltung dem Vater oder, falls dieser nicht vorhanden ist, der Mutter zu.
Ein Dritter, dessen Samen für eine medizinische unterstützte Fortpflanzung verwendet wird, kann nicht als Vater des mit seinem Samen gezeugten Kindes festgestellt werden .	gezeugtes Kind		Leibesfrucht,Nasciturus,Ungeborener,Ungeborner,ungebornes Kind		Ein Dritter, dessen Samen für eine medizinisch unterstützte Fortpflanzung verwendet wird, kann nicht als Vater des aus seinem Samen gezeugten Kindes anerkannt werden.
Der Instruktionsrichter kann verfügen, daß anstelle der Urschrift eine Abschrift, gegebenenfalls auch in Form einer Fotokopie, oder beglaubigter Auszug der Urkunde vorgelegt wird.	Urschrift,Urschrift der Urkunde	nicht einmaliges Original			Der Untersuchungsrichter kann anordnen, dass anstelle der Urschrift der Urkunde eine Kopie, gegebenenfalls auch in Form einer Fotokopie, oder eine beglaubigte Abschrift des Dokuments vorgelegt wird.
Die Ausbildung zum staatlich geprüften Agrarbetriebswirt im Garten- und Landschaftsbau oder in den Sparten Friedhofsgärtnerei, Baumschule, Gemüsebau und Zierpflanzenbau, erfolgt in der zweijährigen Fachschule.	Agrarbetriebswirt			Agrarwissenschaftler	Die Ausbildung zum staatlich anerkannten Agrarbetriebswirt im Bereich Garten- und Landschaftsbau oder in den Bereichen Friedhofsgärtnerei, Baumschulwesen, Gemüsebau und Zierpflanzenbau erfolgt an einer zweijährigen Fachschule.
Zur Erweiterung des Angebots in Lehre und Forschung kann die Universität auf inter-nationaler, staatlicher und regionaler Ebene Abkommen mit anderen Universitäten, Forschungseinrichtungen, Kunstakademien, der Nationalen Akademie für Schauspielkunst, den Hochschulen für angewandte Kunst und Industriedesign  abschließen.	Akademie der bildenden Künste,Kunstakademie		Höhere Kunst- und Musikausbildung,höhere künstlerische und musikalische Bildung		Zur Erweiterung des Lehr- und Forschungsangebots kann die Universität internationale, staatliche und regionale Vereinbarungen mit anderen Universitäten, Forschungseinrichtungen, Kunstakademien, der Nationalakademie für dramatische Kunst sowie den höheren Fachschulen für angewandte Kunst und Industriedesign abschließen.
In der Schweiz ist das Bildungswesen vom Eintritt in die obligatorische Schule bis zur Tertiärstufe (Hochschulen und höhere Berufsbildung) eine Staatsaufgabe. Die Verantwortung für das Bildungswesen obliegt in erster Linie den 26 Kantonen.	obligatorische Schule		Schulpflicht		In der Schweiz liegt die Bildung, vom Eintritt in die obligatorische Schule bis zur Tertiärstufe (Hochschulen und höhere Berufsbildung), in staatlicher Verantwortung. Die Zuständigkeit für das Bildungswesen obliegt primär den 26 Kantonen.
Die Förderungen können wie folgt gewährt werden: a) in Form eines Verlustbeitrags , b) in Form eines begünstigten Darlehens oder einer begünstigten Leasingfinanzierung aus dem Rotationsfonds .	Schenkungsbeitrag,Verlustbeitrag,einmaliger Beitrag	Beitrag auf Anlagegüter,Investitionsbeitrag,Kapitalbeitrag,Kapitalbeitrag für Investitionen	Beitrag,Zuschuss,finanzieller Beitrag		Die Beihilfen können wie folgt gewährt werden: a) in Form eines Zuschusses, b) in Form eines verbilligten Darlehens oder einer verbilligten Leasingfinanzierung durch den Umschuldungsfonds.
Eine Notsituation liegt auch dann vor, wenn Asbest an bestehenden Wohngebäuden im Eigentum von Privatpersonen, Betriebsgebäude ausgenommen, vorhanden ist. Für den Abbau und die Entsorgung von Asbest wird ein Schenkungsbeitrag gewährt.	Schenkungsbeitrag,Verlustbeitrag,einmaliger Beitrag	Beitrag auf Anlagegüter,Investitionsbeitrag,Kapitalbeitrag,Kapitalbeitrag für Investitionen	Beitrag,Zuschuss,finanzieller Beitrag		Eine Notsituation liegt auch dann vor, wenn Asbest in bestehenden Wohngebäuden vorhanden ist, die im Eigentum von Privatpersonen stehen, ausgenommen Betriebsgebäude. Für die Entfernung und Entsorgung von Asbest wird ein Zuschuss gewährt.
Die Arbeiter  können den Arbeitgeber über die Gewerkschaftsorganisationen zum Einbehalt der Gewerkschaftsbeiträge bevollmächtigen. Der Arbeitgeber überweist monatlich die entsprechenden Beträge an die einzelnen Gewerkschaftsvertretungen, vorausgesetzt, es wird deren Bankkontonummer angegeben.	Gewerkschaftsvertretung	EGV,betriebliche Gewerkschaftsvertretung,einheitliche Gewerkschaftsvertretung			Die Arbeitnehmer können den Arbeitgeber über die Gewerkschaften ermächtigen, die Gewerkschaftsbeiträge einzubehalten. Der Arbeitgeber überweist die entsprechenden Beträge monatlich an die jeweilige Gewerkschaftsvertretung, sofern deren Bankkontonummer angegeben wird.
Der rechtfertigende Grund für diese Rechtsinstitute Organleihe und Auftrag liegt in der Effektivität und der Ökonomie der Verwaltung.	Effektivität			Effizienz,Offenkundigkeit,Publizität,Werbung,Wirtschaftlichkeit,Zügigkeit	Die rechtfertigende Begründung für diese Rechtsinstitute der Organleihe und der Bevollmächtigung liegt in der Effektivität und der Wirtschaftlichkeit der Verwaltung.
Muß die Maßnahme dagegen vorher auf ihre Gesetzmäßigkeit geprüft werden, fällt der Abschluß mit der Übermittlung der erlassenen Maßnahme an das Kontrollorgan zusammen, da die Phase der Ergänzung der Wirksamkeit nicht von der Landesverwaltung abhängt.	Phase der Ergänzung der Wirksamkeit,Phase zur Vervollständigung der Wirksamkeit,Vervollständigungsphase der Rechtswirksamkeit			Beschlussphase,Entscheidungsphase,Entscheidungsvorbereitung,Ermittlungsphase,Ermittlungsverfahren,Gestaltungsphase,Initiativphase,Sachverhaltsermittlung,konstituierende Phase	Falls hingegen der Akt vorab auf seine Rechtmäßigkeit zu prüfen ist, fällt der Abschluss mit der Übermittlung des erlassenen Akts an das Kontrollorgan zusammen, da die Phase der Ergänzung der Wirksamkeit nicht von der Landesverwaltung abhängt.
Diie Frist läuft  bei Antragsverfahren ab dem Datum, an dem die zuständige Verwaltung den Antrag entgegennimmt, und bei Verfahren, die von Amts wegen eingeleitet werden, ab dem Datum der Einleitung.	Antragsverfahren		Verwaltungsverfahren	von Amts wegen eingeleitetes Verfahren	Die Frist beginnt bei einem Antragsverfahren mit dem Tag, an dem die zuständige Behörde den Antrag erhält, und bei einem von Amts wegen eingeleiteten Verfahren mit dem Tag der Einleitung.
Die rechtskräftigen Urteile, mit denen der Rekurs gegen die stillschweigende Nichterfüllung der Verwaltung angenommen wird, werden dem Rechnungshof durch Datenfernübertragung übermittelt.	stillschweigende Ablehnung,stillschweigende Nichterfüllung		Stillschweigen	stillschweigende Abweisung,stillschweigende Zustimmung	Rechtskräftige Urteile, mit denen die Klage gegen die stillschweigende Ablehnung der öffentlichen Verwaltung gutgeheißen wird, werden mittels elektronischer Datenübermittlung an den Rechnungshof übermittelt.
Im Falle des Neubaues erfolgt die Auszahlung der zinsfreien Darlehen aus dem Rotationsfonds, wenn folgende Voraussetzungen gegeben sind:  der Förderungsempfänger und seine Familienangehörigen müssen ihren meldeamtlichen Wohnsitz in die geförderte Wohnung verlegt haben.	geförderte Wohnung		Wohnrecht,Wohnungsrecht		Im Falle eines Neubaus erfolgt die Gewährung von zinslosen Darlehen aus dem Umschuldungsfonds, sofern folgende Voraussetzungen erfüllt sind: Der Empfänger der Förderung und seine Familienangehörigen müssen ihren Hauptwohnsitz in der geförderten Wohnung genommen haben.
Zwei oder mehrere, in der Regel aneinander angrenzende Gemeinden, die derselben Provinz angehören, können einen Gemeindenverbund zur gemeinsamen Ausübung einer Reihe von Funktionen oder zur Erbringung von ihnen zugewiesenen bzw. delegierten Diensten gründen.	Gemeindenverbund,Gemeindenzusammenschluss		Form der zwischengemeindlichen Zusammenarbeit	Gemeindenvereinigung	Zwei oder mehrere, in der Regel aneinandergrenzende Gemeinden derselben Provinz können eine Gemeindenvereinigung bilden, um eine Vielzahl von Aufgaben gemeinsam wahrzunehmen oder ihnen zugewiesene oder übertragene Dienstleistungen zu erbringen.
Das Landesgesetz regelt die Zusammensetzung und die Zuständigkeiten der Organe und setzt die grundlegenden Bestimmungen für die Organisation und die Tätigkeit der Gemeindenvereinigung  fest.	Gemeindenvereinigung		Form der zwischengemeindlichen Zusammenarbeit	Gemeindenverbund,Gemeindenzusammenschluss	Das Landesgesetz regelt die Zusammensetzung und die Zuständigkeiten der Organe und legt die grundlegenden Bestimmungen für die Organisation und die Tätigkeit der Gemeindenvereinigung fest.
Der Gemeinderat  beschließt  die Einrichtung und Änderung der Formen der zwischengemeindlichen Zusammenarbeit .	Form der zwischengemeindlichen Zusammenarbeit	Gemeindenverbund,Gemeindenvereinigung,Gemeindenzusammenschluss			Der Gemeinderat beschließt die Einrichtung und Änderung von Formen der zwischengemeindlichen Zusammenarbeit.
Der Gemeinderat kann für einzelne Ortschaften einen Ortsvorsteher und einen Ortsausschuss einrichten, wenn dies im Interesse der besseren Anbindung entlegener Siedlungen an die Gemeindeverwaltung zweckmäßig ist.	Ortschaft		Gemeinde,Ortsgemeinde		Der Gemeinderat kann für einzelne Ortschaften einen Ortsvorsteher und einen Ortsausschuss bestellen, sofern dies im Interesse einer besseren Anbindung abgelegener Siedlungen an die Gemeindeverwaltung zweckmäßig ist.
Für die Großstädte mit Sonderstatus werden die  Zuständigkeiten des Ausschusses und des Bürgermeisters vom Großstadtausschuss bzw. vom Großstadtbürgermeister ausgeübt.	Großstadtausschuss		Großstadt mit Sonderstatus,Großstadt mit besonderem Status		Für Großstädte mit Sonderstatus werden die Befugnisse des Stadtrats und des Bürgermeisters jeweils von der Großstadt mit Sonderstatus und dem Oberbürgermeister ausgeübt.
Für die Großstädte mit Sonderstatus werden die  Zuständigkeiten des Ausschusses und des Bürgermeisters vom Großstadtausschuss bzw. vom Großstadtbürgermeister ausgeübt.	Großstadtbürgermeister		Großstadt mit Sonderstatus,Großstadt mit besonderem Status	Großstadtrat,Konferenz aller Bürgermeister	Für die Großstädte mit Sonderstatus werden die Zuständigkeiten des Stadtrats und des Bürgermeisters jeweils vom Metropolverwaltungsrat und vom Großstadtbürgermeister ausgeübt.
Frauen dürfen nicht für Untertagearbeiten in Bergwerken beschäftigt werden, ausser für: a. wissenschaftliche Tätigkeiten; b. Dienstleistungen der ersten Hilfe und der medizinischen Erstversorgung; c. kurzfristige Tätigkeiten im Rahmen einer geregelten Berufsausbildung; oder d. kurzfristige Tätigkeiten nicht handwerklicher Art.	Bergwerk		Gegenstand des Verwaltungsvermögens		Frauen dürfen nicht unter Tage in Bergwerken beschäftigt werden, ausser: a. für wissenschaftliche Tätigkeiten, b. für Erste-Hilfe- und erste medizinische Versorgungsleistungen, c. für kurzfristige Tätigkeiten im Rahmen einer geregelten beruflichen Ausbildung oder d. für kurzfristige Tätigkeiten, die nicht handwerklicher Natur sind.
Die Bauleistungen, die der vorherrschenden Kategorie oder den Kategorien der getrennt ausführbaren Bauleistungen zuzuordnen sind, können auch von Unternehmern übernommen werden, die sich zu einer horizontalen Bietergemeinschaft zusammengeschlossen haben.	horizontal gegliederte Bietergemeinschaft,horizontale Bietergemeinschaft			vertikal gegliederte Bietergemeinschaft,vertikale Bietergemeinschaft	Bauleistungen, die der oder den vorherrschenden Kategorien der gesondert ausführbaren Bauleistungen zuzuordnen sind, können auch von Unternehmern erbracht werden, die sich zu einer horizontalen Bietergemeinschaft zusammengeschlossen haben.
Wird  eine dem Betroffenen zuvor im Gnadenwege eingeräumte Rechtsstellung verschlechtert, z. B. ein bereits ausgesprochener Gnadenerweis widerrufen, liegt ein rechtlich gebundener Akt vor.	rechtlich gebundener Akt	gebundener Verwaltungsakt,rechtlich gebundener Verwaltungsakt			Sofern eine dem Betroffenen zuvor im Wege der Begnadigung gewährte Rechtsposition verschlechtert wird, etwa durch den Widerruf einer bereits ausgesprochenen Gnadenmaßnahme, liegt ein gebundener Verwaltungsakt vor.
Die Legalisation bestätigt die Echtheit der Unterschrift, die Eigenschaft, in welcher der Unterzeichner der Urkunde gehandelt hat, und gegebenenfalls die Echtheit des Siegels, mit dem die Urkunde versehen ist (Legalisation im engeren Sinn).	Legalisation		Zertifizierung	Beglaubigung der Unterschrift,Unterschriftsbeglaubigung	Die Legalisation bestätigt die Echtheit der Unterschrift, die Eigenschaft, in der der Unterzeichner des Dokuments gehandelt hat, und gegebenenfalls die Echtheit des Siegels, mit dem das Dokument versehen ist (Legalisation im engeren Sinne).
Die Eintragung in die Verzeichnisse der Präfektur der Provinz, in der das Unternehmen seinen Sitz hat, erfüllt die Bedingungen der Antimafia-Information zur Ausübung der jeweiligen Tätigkeit.	Antimafia-Information		Antimafia-Bescheinigung,Antimafia-Dokumentation	Antimafia-Mitteilung	Die Eintragung in die Verzeichnisse der Präfektur der Provinz, in der der Betrieb seinen Sitz hat, erfüllt die Voraussetzungen der Antimafia-Bescheinigung für die Ausübung der betreffenden Tätigkeit.
Die gewerbsmäßige Beförderung von Gütern mit Kraftfahrzeugen darf nur auf Grund einer Konzession ausgeübt werden .	gewerbsmäßige Beförderung von Gütern mit Kraftfahrzeugen		Beförderung von Sachen,Güterbeförderung		Die gewerbsmäßige Beförderung von Gütern mit Kraftfahrzeugen darf nur aufgrund einer Konzession ausgeübt werden.
Für Diensteanbieter, die berufsrechtlichen Vorschriften unterliegen, ist eine kommerzielle Kommunikation, die Bestandteil eines von ihnen bereitgestellten Dienstes der Informationsgesellschaft ist oder einen solchen darstellt, zulässig.	kommerzielle Kommunikation	audiovisuelle kommerzielle Kommunikation			Für Dienstleistungserbringer, die berufsrechtlichen Vorschriften unterliegen, ist kommerzielle Kommunikation zulässig, sofern diese Teil einer von ihnen erbrachten Dienstleistung der Informationsgesellschaft ist oder diese darstellt.
Der Landeshauptmann  widerruft die eigene Dringlichkeitsmaßnahme bei Gefahr im Verzug Nr. 5/2020 vom 05.03.2020 .	Dringlichkeitsmaßnahme bei Gefahr im Verzug		Notakt	dringende Maßnahme	Der Landeshauptmann hebt seine Dringlichkeitsmaßnahme bei Gefahr im Verzug Nr. 5/2020 vom 05.03.2020 auf.
Wer sich um eine Ausbildungsstelle für Sprengelärzte bewirbt, richtet ein Gesuch auf Stempelpapier an die Sanitätseinheiten und legt folgende Unterlagen bei: - Geburtsschein .	Geburtsschein		standesamtliche Bescheinigung	Ehebescheinigung,Todesbescheinigung,Totenschein,Trauschein	Bewerber für eine Ausbildungsstelle zum Landarzt richten ein Gesuch auf amtlichem Vordruck an die Gesundheitsdienste und fügen folgende Unterlagen bei: - Geburtsschein.
Die Vorschriften über die Abgabe des Verfahrens gelten sinngemäß, wenn Mahnverfahren und streitiges Verfahren bei demselben Gericht durchgeführt werden.	streitiges Verfahren			nichtstreitiges Verfahren	Die Bestimmungen über die Abgabe des Verfahrens gelten sinngemäß, wenn das Mahnverfahren und das streitige Verfahren vor demselben Gericht geführt werden.
Der Verwaltungsgehilfe/die Verwaltungsgehilfin führt gemäß den Richtlinien und Anweisungen des/der Vorgesetzten alle Arbeiten der Schriftgutverwaltung durch.	Verwaltungsgehilfe			Mitarbeiter für Verwaltung,Verwaltungsassistent,Verwaltungsinspektor,Verwaltungssachbearbeiter	Der Verwaltungsassistent führt gemäß den Weisungen und Anordnungen des Vorgesetzten sämtliche Arbeiten im Bereich der Dokumentenverwaltung aus.
Die Beglaubigungsklausel hat  die Angabe zu enthalten, 1. ob die vorgewiesene Urkunde eine Papierurkunde oder elektronische Urkunde, eine Urschrift, Ausfertigung, Abschrift (Kopie) oder ein Ausdruck ist, .	digitales Dokument,elektronische Urkunde,elektronisches Dokument	digitales Duplikat,informatisches Duplikat			Die Authentifizierungsklausel muss angeben, 1. ob das vorgelegte Dokument ein Papierdokument oder ein digitales Dokument, ein Original, eine beglaubigte Kopie, eine einfache Kopie (Fotokopie) oder ein Ausdruck ist.
Bei den in dieser Verordnung vorgesehenen Verfahren erfolgt die Bewertung der Nachweise ausschließlich auf der Grundlage von Erklärungen zum Ersatz beeideter Bezeugungsurkunden, Eigenbescheinigungen oder anderen Unterlagen der Bewerber und Bewerberinnen.	Eigenbescheinigung,Erklärung zum Ersatz einer Bescheinigung,Selbstbescheinigung,Selbsterklärung,eigenverantwortete Bescheinigung,eigenverantwortliche Erklärung		Ersatzerklärung	Erklärung zum Ersatz einer beeideten Bezeugungsurkunde,Ersatzerklärung des Notorietätsaktes,Ersatzerklärung einer beeideten Bezeugungsurkunde	Im Rahmen der in dieser Verordnung vorgesehenen Verfahren basiert die Bewertung der Nachweise ausschließlich auf Erklärungen zum Ersatz eines Notorietätsaktes, Selbsterklärungen oder anderen Unterlagen der Bewerberinnen und Bewerber.
Die Besamungstechniker müssen dem Gesuch eine eigenverantwortete Bescheinigung darüber beilegen, dass sie im Besitz des Eignungsnachweises und in Kenntnis der nationalen Bestimmungen über die künstliche Besamung sind, .	Eigenbescheinigung,Erklärung zum Ersatz einer Bescheinigung,Selbstbescheinigung,Selbsterklärung,eigenverantwortete Bescheinigung,eigenverantwortliche Erklärung		Ersatzerklärung	Erklärung zum Ersatz einer beeideten Bezeugungsurkunde,Ersatzerklärung des Notorietätsaktes,Ersatzerklärung einer beeideten Bezeugungsurkunde	Die Besamungstechniker müssen dem Antrag eine Selbsterklärung beifügen, aus der hervorgeht, dass sie über das entsprechende Eignungszertifikat verfügen und mit den nationalen Bestimmungen im Bereich der künstlichen Besamung vertraut sind.
Für die Zuerkennung des Differenzbetrages zur Erreichung des Betrags des Mutterschaftsgeldes  muss die Antragstellerin dem Antrag eine Erklärung der Anstalt, welche die Mutterschaftszulage gezahlt hat, über die Höhe des gewährten Betrages oder eine entsprechende Selbstbescheinigung beilegen.	Eigenbescheinigung,Erklärung zum Ersatz einer Bescheinigung,Selbstbescheinigung,Selbsterklärung,eigenverantwortete Bescheinigung,eigenverantwortliche Erklärung		Ersatzerklärung	Erklärung zum Ersatz einer beeideten Bezeugungsurkunde,Ersatzerklärung des Notorietätsaktes,Ersatzerklärung einer beeideten Bezeugungsurkunde	Für die Anerkennung des Differenzbetrags zur Erreichung der Höhe des Mutterschaftsgeldes hat die Antragstellerin dem Antrag eine Bescheinigung der Institution, welche das Mutterschaftsgeld ausgezahlt hat, über die Höhe des gewährten Betrags oder eine entsprechende Erklärung zum Ersatz einer beeideten Bezeugungsurkunde beizufügen.
Zugleich hat sie dem Beschwerdeführer eine Missbrauchsgebühr von 500 Euro auferlegt, weil die von ihm vorgebrachten Rügen ohne jede verfassungsrechtliche Substanz sind und die Anrufung des Bundesverfassungsgerichts deshalb für den Beschwerdeführer erkennbar offensichtlich aussichtslos war.	Beschwerdeführer			Revisionsbeklagter	Gleichzeitig hat das Gericht dem Beschwerdeführer eine Missbrauchsgebühr in Höhe von 500 Euro auferlegt, da die von ihm vorgebrachten Rügen jeglicher verfassungsrechtlicher Grundlage entbehren und die Verfassungsbeschwerde daher für den Beschwerdeführer offensichtlich und erkennbar keine Aussicht auf Erfolg bot.
In den Sachbereichen der ausschließlichen Gerichtsbarkeit  erkennt das Verwaltungsgericht, auch zum Zwecke der Festsetzung eines Schadenersatzes, zusätzlich über Rechtsstreitigkeiten, die subjektive Rechte zum Gegenstand haben.	ausschließliche Gerichtsbarkeit		Verwaltungsgerichtsbarkeit	Gerichtsbarkeit in der Sache selbst,allgemeine Gerichtsbarkeit über Fragen der Rechtmäßigkeit	In Angelegenheiten der ausschließlichen Gerichtsbarkeit entscheidet das Verwaltungsgericht auch über Streitigkeiten, die subjektive Rechte zum Gegenstand haben, einschließlich der Festsetzung einer Schadensersatzleistung.
Die Verwaltungen können die verwaltungsgerichtliche Rechnungslegung der Rechnungsführer über Gebarungen derselben Art in eine oder mehrere zusammenfassende Rechnungen bündeln.	verwaltungsgerichtliche Rechnungslegung	verwaltungsgerichtliche Hauptrechnungslegung,verwaltungsgerichtliche Nebenrechnungslegung			Die Verwaltungen können die verwaltungsgerichtliche Rechnungslegung der Kassenverwalter für gleichartige Verwaltungstätigkeiten in einem oder mehreren zusammenfassenden Konten zusammenführen.
Wortinterpretation und logische Auslegung führen im vorliegenden Fall zum eindeutigen Ergebnis, dass die Rundungsregel auf die Ermittlung der tatsächlichen Dienstzeit von mindestens 20 Jahren keine Anwendung finde.	logische Auslegung,logische Interpretation	ausdehnende Auslegung,ausdehnende Interpretation,einschränkende Auslegung,einschränkende Interpretation,erweiternde Auslegung,erweiternde Interpretation,extensive Auslegung,extensive Interpretation,restriktive Auslegung,restriktive Interpretation			Die grammatikalische Auslegung und die logische Interpretation führen im vorliegenden Fall zu dem eindeutigen Ergebnis, dass die Rundungsregel für die Feststellung einer tatsächlichen Dienstzeit von mindestens 20 Jahren keine Anwendung findet.
In den  vorgesehenen Fällen kann als Nebenstrafe die Veröffentlichung des Zahlungsbefehls, vollständig oder auszugsweise, in einer oder mehreren Tageszeitungen, die in der jeweiligen Verfügung angegeben werden, angeordnet werden.	Nebenstrafe,zusätzliche Verwaltungsstrafe		Verwaltungsstrafe	verwaltungsrechtliche Geldbuße	In den vorgesehenen Fällen kann als verwaltungsrechtliche Geldbuße die Veröffentlichung des Mahnbescheids, vollständig oder auszugsweise, in einer oder mehreren in der jeweiligen Verfügung genannten Tageszeitungen angeordnet werden.
In den Fällen, in denen laut der Straßenverkehrsordnung die Aussetzung des Fahrzeugscheins vorgesehen ist, wird für denselben Zeitraum immer die verwaltungsbehördliche Stilllegung des Fahrzeugs verfügt.	Aussetzung des Fahrzeugscheins		Nebenstrafe,zusätzliche Verwaltungsstrafe		In den Fällen, in denen gemäß dem Straßenverkehrsgesetz die Aussetzung des Fahrzeugscheins vorgesehen ist, wird für denselben Zeitraum stets die behördliche Beschlagnahme des Fahrzeugs angeordnet.
Geeignet zum Führen von Kraftfahrzeugen ist, wer die notwendigen körperlichen und geistigen Anforderungen erfüllt und nicht erheblich oder nicht wiederholt gegen verkehrsrechtliche Vorschriften oder gegen Strafgesetze verstoßen hat.	körperliche und geistige Anforderungen	Anforderungen an das Sehvermögen			Zum Führen von Kraftfahrzeugen geeignet ist, wer die körperlichen und geistigen Anforderungen erfüllt und nicht erheblich oder wiederholt gegen die Straßenverkehrsvorschriften oder Strafgesetze verstoßen hat.
Das Amt für zivile motorisierung stellt dem Führerscheinanwärter eine Erlaubnis aus (Fahrübungsschein), mit welcher er mit den Fahrzeugen derselben Kategorie, für welche er den Führerschein erwerben möchte, das Fahren üben darf.	Fahrübungsschein,provisorische Fahrerlaubnis		Fahrübung,Übungsfahrt		Das Amt für den Kraftfahrzeugverkehr stellt dem Bewerber für den Führerschein eine Genehmigung (Fahrübungsschein) aus, mit der er berechtigt ist, das Führen von Fahrzeugen derselben Kategorie zu üben, für die er den Führerschein erwerben möchte.
Wer beantragt, die Prüfung zur Erlangung des Führerscheins oder zur Ausdehnung der Gültigkeit des Führerscheins auf andere Fahrzeugklassen ablegen zu dürfen, und die vorgeschriebene körperliche und geistige Tauglichkeit nachweist, erhält eine provisorische Fahrerlaubnis; .	Fahrübungsschein,provisorische Fahrerlaubnis		Fahrübung,Übungsfahrt		Wer die Ablegung der Führerscheinprüfung oder die Erweiterung der Gültigkeit des Führerscheins auf weitere Fahrzeugkategorien beantragt und die vorgeschriebene körperliche und geistige Eignung nachweist, erhält eine provisorische Fahrerlaubnis.
Der Lernfahrausweis wird nach bestandener Prüfung der Basistheorie erteilt. Ist keine solche Prüfung abzulegen, wird der Lernfahrausweis erteilt, wenn die Voraussetzungen zu dessen Erwerb erfüllt sind.	Lernfahrausweis		Fahrstunde,Lernfahrt,praktischer Fahrunterricht,praktischer Unterricht,Übungsfahrt		Der Lernfahrausweis wird nach bestandener theoretischer Grundprüfung ausgestellt. Falls eine solche Prüfung nicht vorgesehen ist, wird der Lernfahrausweis erteilt, sofern die Voraussetzungen für dessen Erhalt erfüllt sind.
Die Verwaltungsbehörde kann auf eine Fahrerlaubnisprüfung verzichten, wenn keine Tatsachen vorliegen, die die Annahme rechtfertigen, daß der Bewerber die  erforderlichen Kenntnisse und Fähigkeiten nicht mehr besitzt.	Fahrerlaubnisprüfung	Fahrprüfung,Theorieprüfung,praktische Prüfung,theoretische Prüfung			Die Verwaltungsbehörde kann auf eine theoretische Prüfung verzichten, sofern keine Tatsachen vorliegen, die die Annahme rechtfertigen, dass der Antragsteller nicht mehr über die erforderlichen Kenntnisse und Fähigkeiten verfügt.
Das Verbot der Kinderarbeit ergibt sich aus der Vorschrift des § 5 JArbSchG und wird in der Rechtswirklichkeit auf rein arbeitsrechtliche Dienstverhältnisse mehr oder weniger auch so angewandt.	Kinderarbeit		Arbeit		Das Verbot von Kinderarbeit ergibt sich aus der Vorschrift des § 5 JArbSchG und wird in der Rechtswirklichkeit mehr oder weniger auch auf rein arbeitsrechtliche Dienstverhältnisse angewendet.
Eine Lebensbescheinigung kann für Rentenzwecke, insbesondere bei einem Träger im Ausland erforderlich sein. Eine steuerliche Lebensbescheinigung benötigen Sie für die Eintragung von Kindern in Ihrer Lohnsteuerkarte, wenn diese nicht in Ihrer Wohnung gemeldet sind.	Lebensbescheinigung		meldeamtliche Bescheinigung		Eine Lebensbescheinigung kann zu Rentenversicherungszwecken, insbesondere von einer ausländischen Sozialversicherungsanstalt, angefordert werden. Eine Lebensbescheinigung zu steuerlichen Zwecken ist erforderlich, um Kinder in Ihre Steuerkarte einzutragen, sofern diese nicht an Ihrem Wohnsitz gemeldet sind.
Bei Rot dürfen die Fahrzeuge nicht über die Haltelinie hinausfahren; ist eine solche Linie nicht vorhanden, dürfen die Fahrzeuge weder den Kreuzungsbereich noch den Fußgängerüberweg besetzen noch über das Signal hinausfahren, damit sie den Anweisungen der Lichtzeichen folgen können.	Fußgängerübergang,Fußgängerüberweg	ampelgeregelter Fußgängerüberweg	Fahrbahn		Bei Rot dürfen Fahrzeuge die Haltlinie nicht überfahren; falls eine solche Linie nicht vorhanden ist, dürfen Fahrzeuge weder den Kreuzungsbereich noch den Fußgängerüberweg befahren oder das Signal überqueren, um den Anweisungen der Lichtsignalanlage folgen zu können.
Der Fußgängerübergang ist ein Fahrbahnteil, auf welchem die Fahrzeuge den Fußgängern, die auf den eigens vorgesehenen Streifen überqueren, den Vortritt gewähren müssen.	Fußgängerübergang,Fußgängerüberweg	ampelgeregelter Fußgängerüberweg	Fahrbahn		Ein ampelgeregelter Fußgängerüberweg ist ein Teil der Fahrbahn, auf dem Fahrzeuge den Fußgängern, die die eigens dafür vorgesehenen Markierungen überqueren, Vorrang gewähren müssen.
Zum Parken ist der rechte Seitenstreifen, dazu gehören auch entlang der Fahrbahn angelegte Parkstreifen, zu benutzen, wenn er dazu ausreichend befestigt ist, sonst ist an den rechten Fahrbahnrand heranzufahren.	Seitenstreifen		Straße		Zum Parken ist der rechte Seitenstreifen zu nutzen, einschließlich der entlang der Fahrbahn angeordneten Parkflächen, sofern dieser hierfür ausreichend befestigt ist; andernfalls ist am rechten Fahrbahnrand anzuhalten.
Die Gültigkeitsdauer eines nationalen Führerscheins kann durch innerstaatliche Rechtsvorschriften begrenzt werden. Die Gültigkeit eines internationalen Führerscheins endet spätestens drei Jahre nach dem Ausstellungsdatum oder am Tag des Erlöschens der Gültigkeit des nationalen Führerscheins, falls dies früher der Fall ist.	internationaler Führerausweis,internationaler Führerschein		Führerausweis		Die Gültigkeitsdauer eines nationalen Führerausweises kann durch innerstaatliche gesetzliche Bestimmungen eingeschränkt werden. Die Gültigkeit eines internationalen Führerausweises erlischt spätestens drei Jahre nach dem Ausstellungsdatum oder an dem Tag, an dem die Gültigkeit des nationalen Führerausweises abläuft, falls dies früher eintritt.
Es handle sich um eine Einbahn, in der auf Grund der Fahrbahnbeschaffenheit sowohl links als auch rechts paralleles Parken vorgesehen sei.	Einbahn		Fahrbahn		Es handelt sich um eine Einbahn, bei der aufgrund der Beschaffenheit der Fahrbahn sowohl links als auch rechts ein paralleles Parken vorgesehen ist.
Der Fahrer ist verpflichtet,  a) den Beschleunigungsstreifen zu verwenden, um auf den Fahrstreifen für den durchgehenden Verkehr einzufahren, und den auf diesem Fahrstreifen verkehrenden Fahrzeugen Vorfahrt zu geben .	Beschleunigungsspur,Beschleunigungsstreifen		gesonderter Fahrstreifen	Verzögerungsspur,Verzögerungsstreifen	Der Lenker ist verpflichtet, a) die Beschleunigungsspur zu benutzen, um auf die Fahrspur für den durchgehenden Verkehr aufzufahren, und den Fahrzeugen, die auf dieser Spur fahren, den Vorrang zu gewähren.
Es ist verboten,  c) unbefugt auf Sonderfahrstreifen zu verkehren.	Sonderfahrstreifen		Fahrspur,Fahrstreifen		Es ist verboten, c) ohne Genehmigung auf Sonderfahrstreifen zu fahren.
Wird ein Radweg zum Bürgersteig hin durch Bordsteine abgetrennt, darf der Radfahrer  nicht auf ein gleich hohes Niveau zwischen den beiden Bereichen vertrauen.	Bürgersteig,Gehweg		Straße		Falls ein Radweg durch Bordsteine vom Bürgersteig getrennt ist, kann der Radfahrer nicht davon ausgehen, dass beide Bereiche auf derselben Höhe liegen.
Fahrräder dürfen auf dem Trottoir abgestellt werden, sofern für die Fussgänger ein mindestens 1,50 m breiter Raum frei bleibt.	Trottoir		Strasse		Fahrräder dürfen auf dem Trottoir abgestellt werden, sofern für Fussgänger eine freie Durchgangsbreite von mindestens 1,50 m verbleibt.
Auf Einbahnstrassen darf der Fahrzeugführer nicht rückwärtsfahren, ausser beim Parkieren, Ankuppeln von Anhängern und dergleichen.	Einbahnstrasse		Strasse		Auf einer Einbahnstrasse darf der Lenker nicht rückwärts fahren, ausser beim Parkieren, beim Anhängen von Anhängern und Ähnlichem.
Auf Straßen der Kategorien A), B), C und D) ist jede Art von Besetzung des Straßenkörpers durch Fahrzeuge, Buden, Zelte und Ähnliches, auch anlässlich von Messen und Märkten, verboten .	Straßenkörper	Fahrbahn,Zubehörstreifen	Straßengrund		Auf den Straßen der Kategorien A), B), C) und D) ist jede Art der Inanspruchnahme der Fahrbahn durch Fahrzeuge, Baracken, Zelte und dergleichen untersagt, auch im Rahmen von Messen und Märkten.
Bei der Ausstellung qualifizierter Zertifikate müssen die vom ZDA verwendeten Signaturerstellungsdaten in einer nach § 6 SigV geprüften Signaturerstellungseinheit erzeugt sein und dürfen außerhalb dieser nicht zur Verfügung stehen.	ZDA,Zertifizierungsdiensteanbieter	akkreditierter ZDA,akkreditierter Zertifizierungsdiensteanbieter			Bei der Ausstellung qualifizierter Zertifikate müssen die zur Erstellung von Signaturen verwendeten Daten durch einen akkreditierten Zertifizierungsdiensteanbieter in einem gemäß § 6 SigV geprüften Signaturerstellungsmittel erzeugt werden und dürfen außerhalb dieses Mittels nicht verfügbar sein.
Im Bereich der für Motorfahrzeuge oder Fahrräder offenen Strassen dürfen nur die vom Bundesrat vorgesehenen Signale und Markierungen verwendet und nur von den zuständigen Behörden oder mit deren Ermächtigung angebracht werden.	Strasse	Autobahn,Fahrbahn,Mittelstreifen,Normalspur,Pannenstreifen,Radweg,Trottoir,Verkehrsinsel,ampelgeregelte Kreuzung,gemeinsamer Rad- und Fussweg,höhengleiche Kreuzung	Fahrstreifen		Im Bereich von Strassen, die für Motorfahrzeuge oder Fahrräder offen sind, dürfen ausschliesslich die vom Bundesrat vorgesehenen Signale und Markierungen verwendet werden; diese dürfen nur durch die zuständigen Behörden oder mit deren Bewilligung angebracht werden.
Für die Militärstraßen und Militärfahrzeuge gilt die Regelung, die im Kodex zur Militärordnung vorgesehen ist.	Militärstraße		Straße		Für Militärstraßen und Militärfahrzeuge gilt die im Militärorganisationsgesetz vorgesehene Regelung.
Auf Autobahnanschlussstellen überholt  im Vorsortierraum unzulässig rechts, wer nicht dem Verlauf der fahrstreifengegliederten Vorwegweiser folgt, sondern zum schnelleren Vorankommen nach dem Rechtsüberholen wieder nach links einschert.	Vorsortierraum		Fahrbahn		Auf den Zufahrtsrampen zu Autobahnen handelt es sich um ein unzulässiges Rechtsüberholen im Vorsortierraum, wenn ein Fahrzeugführer der nach Fahrstreifen unterteilten Vorsortierkennzeichnung nicht folgt, sondern nach einem Rechtsüberholen, um schneller voranzukommen, wieder auf den linken Fahrstreifen wechselt.
Die Klassifizierung von Landesstraßen oder von Straßenabschnitten wird von der Landesregierung nach Einholen des Gutachtens des technischen Landesbeirates und der gebietsmäßig zuständigen Gemeinden verfügt.	Landesstraße,Provinzstraße		Freilandstraße	Gemeindestraße,Regionalstraße,Staatsstraße	Die Einstufung der Provinzstraßen oder von Straßenabschnitten wird von der Landesregierung nach Einholung einer Stellungnahme des Landes-Technikausschusses und der örtlich zuständigen Gemeinden festgelegt.
In der Straßenverkehrsordnung werden die „Güterwege“ den Gemeindestraßen gleichgestellt.	Gemeindestraße		Freilandstraße	Landesstraße,Provinzstraße,Regionalstraße,Staatsstraße	Im Straßenverkehrsgesetz werden Feldwege den Gemeindestraßen gleichgestellt.
Die Landesverwaltung muß das Verkehrsverbot durch Anbringung einer entsprechenden Tafel bekanntgeben; es müssen darauf das Fahrverbotszeichen und der Hinweis auf dieses Gesetz angebracht sein. Die vor Inkrafttreten dieses Gesetzes angebrachte Beschilderung bleibt unverändert.	Beschilderung,Straßenbeschilderung,Verkehrszeichen und -einrichtungen	Verkehrszeichen			Die Landesverwaltung hat das Durchfahrtsverbot durch Anbringung einer entsprechenden Straßenbeschilderung bekannt zu machen, auf der das Durchfahrtsverbotsschild sowie ein Hinweis auf dieses Gesetz anzubringen sind. Die vor dem Inkrafttreten dieses Gesetzes angebrachte Straßenbeschilderung bleibt unverändert.
Angebaute städtische Hauptverkehrsstraßen sind in der Regel wesentliche Bestandteile gesamtstädtischer Straßennetze und dadurch mehr oder weniger stark mit Kraftfahrzeugverkehr belastet.	Hauptverkehrsstraße	Autobahn	Straße		Die bebauten innerstädtischen Hauptverkehrsstraßen sind in der Regel wesentliche Bestandteile des gesamten städtischen Straßennetzes und daher mehr oder weniger stark durch den Fahrzeugverkehr belastet.
Auf Strassenverzweigungen hat das von rechts kommende Fahrzeug den Vortritt. Fahrzeuge auf gekennzeichneten Hauptstrassen haben den Vortritt, auch wenn sie von links kommen. Vorbehalten bleibt die Regelung durch Signale oder durch die Polizei.	Hauptstrasse	Autobahn	Strasse		An Kreuzungen hat das von rechts kommende Fahrzeug Vortritt. Fahrzeuge, die auf signalisierten Hauptstrassen fahren, haben Vortritt, auch wenn sie von links kommen. Vorbehalten bleibt die Regelung durch Signale oder durch die Polizei.
Mit Krankenfahrstühlen oder mit anderen  Rollstühlen darf dort, wo Fußgängerverkehr zulässig ist, gefahren werden, jedoch nur mit Schrittgeschwindigkeit.	Fußgängerverkehr		Straßenverkehr,Verkehr	Fahrzeugverkehr,Kraftfahrzeugverkehr	Mit Krankenfahrstühlen oder anderen Rollstühlen ist es gestattet, dort zu verkehren, wo Fußgängerverkehr zugelassen ist, jedoch nur in Schrittgeschwindigkeit.
Geschlossene Fussgängerkolonnen müssen das Trottoir benützen; wenn der Fussgängerverkehr behindert würde, haben sie am rechten Fahrbahnrand zu gehen.	Fussgängerverkehr		Strassenverkehr,Verkehr	Fahrzeugverkehr,Motorfahrzeugverkehr	Geschlossene Fussgängergruppen müssen den Gehweg benützen; falls der Fussgängerverkehr behindert ist, haben sie am rechten Fahrbahnrand zu gehen.
Der Verstoß gegen das Fahrverbot auf Sonderfahrstreifen für öffentliche Verkehrsmittel, in Fußgängerzonen oder in verkehrsberuhigten Zonen wird mit einer verwaltungsrechtlichen Geldbuße zwischen 76 und 306 Euro geahndet.	Fahrverbot		Verkehrsverbot		Die Missachtung des Fahrverbots auf Busspuren, in Fußgängerzonen oder in verkehrsberuhigten Bereichen wird mit einer Geldbuße von 76 bis 306 Euro geahndet.
Sofern nichts anderes angezeigt wird , muss das Fahrzeug beim Halten und Parken so nah wie möglich am rechten Fahrbahnrand abgestellt werden, und zwar parallel zu diesem und in Fahrtrichtung.	Parken	Notparken			Sofern keine andere Anweisung vorliegt, muss das Fahrzeug angehalten und so nah wie möglich am rechten Fahrbahnrand, parallel dazu und in Fahrtrichtung abgestellt werden.
Der Bundesminister für Landesverteidigung kann die Berechtigung zum Lenken von Heeresfahrzeugen erteilen und hierüber einen Heeresführerschein oder einen Heeresmopedausweis ausstellen, die als solche zu bezeichnen sind. Für die Erlangung eines Heeresführerscheines oder eines Heeresmopedausweises sind keine Stempelgebühren zu entrichten.	Heeresführerschein		Führerschein		Der Bundesminister für Landesverteidigung kann die Erlaubnis zum Lenken von Militärfahrzeugen erteilen und hiefür einen Heeresführerschein oder eine Heereslenkberechtigung für Mopeds ausstellen, die als solche zu bezeichnen sind. Für die Erlangung eines Heeresführerscheins oder einer Heereslenkberechtigung für Mopeds sind keine Stempelgebühren zu entrichten.
Anwärter auf den Führerschein der Klasse B müssen an einer Fahrschule mit einem ausgebildeten und dazu berechtigten Praxisfahrlehrer Fahrübungen auf der Autobahn oder auf Freilandstraßen sowie bei Dunkelheit machen.	Freilandstraße	erstrangige Freilandstraße,zweitrangige Freilandstraße	Straße		Kandidaten für den Führerschein der Klasse B müssen bei einer Fahrschule mit einem qualifizierten und zugelassenen Fahrlehrer Fahrübungen auf Autobahnen oder Freilandstraßen sowie bei Dunkelheit absolvieren.
Siedlungsabfälle, Abfälle aus dem öffentlichen Strassenunterhalt und der öffentlichen Abwasserreinigung sowie Abfälle, deren Inhaber nicht ermittelt werden kann oder zahlungsunfähig ist, werden von den Kantonen entsorgt.	Siedlungsabfall	biogener Abfall,biologisch abbaubarer Abfall	Abfall,Verweigerung		Siedlungsabfall, Abfälle aus der Unterhaltung öffentlicher Strassen und der Reinigung öffentlicher Abwässer sowie Abfälle, bei denen der Inhaber nicht ermittelt werden kann oder zahlungsunfähig ist, werden von den Kantonen entsorgt.
Der praktische Unterricht wird von einem Fahrlehrer oder einer Fahrlehrerin instruiert, geübt und trainiert. Daneben bilden private Lernfahrten Gelegenheit, den in den Fahrstunden erlernten Stoff zu festigen, zu üben und zu vertiefen.	Fahrstunde,Lernfahrt,praktischer Fahrunterricht,praktischer Unterricht,Übungsfahrt	Lernfahrausweis			Der praktische Unterricht wird von einer Fahrlehrerin oder einem Fahrlehrer erteilt, durchgeführt und geübt. Zudem bieten private Lernfahrten die Möglichkeit, die im praktischen Fahrunterricht erworbenen Kenntnisse zu festigen, zu üben und zu vertiefen.
Erscheint der Schüler, die Schülerin in nicht fahrfähigem Zustand, wird die Fahrstunde abgebrochen und zum vollen Tarif verrechnet.	Fahrstunde,Lernfahrt,praktischer Fahrunterricht,praktischer Unterricht,Übungsfahrt	Lernfahrausweis			Falls die Schülerin oder der Schüler nicht fahrtauglich ist, wird die Lernfahrt abgebrochen und zum vollen Tarif verrechnet.
Wird ein Ersatzführerschein für einen abhanden gekommenen ausgestellt, hat sich die Fahrerlaubnisbehörde auf Kosten des Antragstellers durch die Einholung einer Auskunft aus dem Zentralen Fahrerlaubnisregister und aus dem Verkehrszentralregister zu vergewissern, daß der Antragsteller die entsprechende Fahrerlaubnis besitzt.	Ersatzführerschein		Führerschein		Wird ein Ersatzführerschein für einen verlorengegangenen Führerschein ausgestellt, hat die zuständige Führerscheinstelle auf Kosten des Antragstellers durch Einholung von Auskünften aus dem Zentralen Fahrerlaubnisregister und dem Zentralen Verkehrsregister festzustellen, ob der Antragsteller im Besitz der entsprechenden Fahrerlaubnis ist.
Bei Erreichen des Rentenalters und der übrigen Voraussetzungen wird das ordentliche Invalidengeld von Amts wegen in eine Altersrente umgewandelt.	Invalidengeld,ordentliches Invalidengeld			Arbeitsunfähigkeitsrente,Erwerbsunfähigkeitsrente,Zivilinvalidenrente	Mit Erreichen des Renteneintrittsalters und der weiteren Voraussetzungen wird die ordentliche Invalidenrente von Amts wegen in eine Altersrente umgewandelt.
Ziel des Lehrgangs für Pflegehelferinnen und Pflegehelfer ist es, eine Hilfskraft auszubilden, die sowohl im Sozial- als auch im Gesundheitsbereich tätig sein kann.	Pflegehelfer		Fachkraft des Gesundheitsdienstes,Sanitätsfachkraft		Ziel der Ausbildung zum Fachkraft des Gesundheitsdienstes ist es, eine Hilfskraft auszubilden, die sowohl im sozialen als auch im Gesundheitsbereich tätig sein kann.
Die Prüfungskommissionen der gleichgestellten Grundschulen bestehen aus den Lehrern der Klasse und – in der Regel- aus zwei Lehrern, die vom Direktor der Grundschule staatlicher Art auf Vorschlag des Lehrerkollegiums der gleichgestellten Schulen ernannt wurden.	gleichgestellte Grundschule,gleichgestellte Schule		nichtstaatliche Schule	genehmigte Privatschule,staatlich unterstützte Grundschule	Die Prüfungskommissionen der gleichgestellten Schulen setzen sich aus den Lehrkräften der Klasse sowie – in der Regel – aus zwei Lehrkräften zusammen, die auf Vorschlag des Lehrerkollegiums der gleichgestellten Schulen vom Direktor der staatlichen Grundschule ernannt werden.
Auch die gesetzlich anerkannten Schulen errichten den Klassenrat und das Lehrerkollegium, und es finden, soweit anwendbar, die diesbezüglichen Bestimmungen Anwendung.	gesetzlich anerkannte Schule		nichtstaatliche Schule		Auch gesetzlich anerkannte Schulen bilden die Klassenkonferenz und die Lehrerkonferenz; soweit anwendbar, gelten die entsprechenden Bestimmungen.
Es können folgende Gymnasien errichtet werden, gegliedert nach den angeführten Fachrichtungen und Schwerpunkten:  d) Kunstgymnasium mit den Fachrichtungen 1) darstellende Kunst, 2) Architektur und Umwelt, 3) audiovisuelle Medien und Multimedia, 4) Design, 5) Grafik, 6) Bühnenbild, .	Kunstgymnasium		Gymnasium,Lyzeum	Gymnasium für Musik und Tanz,Realgymnasium,Sprachengymnasium,klassisches Gymnasium,sozialwissenschaftliches Gymnasium	Folgende Gymnasien können eingerichtet werden, gegliedert nach den angegebenen Fachrichtungen und Schwerpunkten: d) Kunstgymnasium mit den Fachrichtungen 1) Bildende Kunst, 2) Architektur und Umwelt, 3) Audiovisuelles und Multimedia, 4) Design, 5) Grafik, 6) Szenografie.
Nicht protokollierungspflichtig sind Gesetzesanzeiger, Amtsblätter, Nachrichtenblätter der öffentlichen Verwaltung, Zeitungen, Zeitschriften, Bücher, Broschüren, Informations- und Werbematerial, Einladungen zu Veranstaltungen, Entwürfe von Dokumenten, statistisches Material, vertrauliche Korrespondenz sowie getrennt registrierte Dokumente (wie beispielsweise Beschlüsse und Dekrete).	Amtsblatt	Amtsblatt der Region			Von der Protokollierungspflicht ausgenommen sind Gesetzessammlungen, das Amtsblatt der Region, Informationsblätter der öffentlichen Verwaltung, Zeitungen, Zeitschriften, Bücher, Broschüren, Informations- und Werbematerial, Einladungen zu Veranstaltungen, Entwürfe von Dokumenten, statistisches Material, vertrauliche Korrespondenz sowie gesondert registrierte Dokumente (wie beispielsweise Beschlüsse und Dekrete).
Das Mithören, Abhören, Aufzeichnen, Abfangen oder sonstige Überwachen von Nachrichten und der damit verbundenen Verkehrs- und Standortdaten sowie die Weitergabe von Informationen darüber durch andere Personen als einen Benutzer ohne Einwilligung aller beteiligten Benutzer ist unzulässig.	Benutzer		natürliche Person		Die Überwachung, das Abhören, die Aufzeichnung, das Abfangen oder jede andere Form der Überwachung von Kommunikation sowie der dazugehörigen Verkehrsdaten und Standortdaten, ebenso wie die Weitergabe diesbezüglicher Informationen durch Personen, die nicht Benutzer sind, ohne die Zustimmung aller beteiligten Benutzer, ist unzulässig.
Zugriffe auf die Gesamtevidenz sind nur nach geeigneter Identifikation der abfrageberechtigten Mitarbeiter (Benutzerkennung und Kennwort) und Bekanntgabe des Abfragezweckes zulässig.	Benutzerkennung,Kennung			Passwort	Der Zugriff auf die Gesamtdatenbank ist nur nach angemessener Identifizierung der zugriffsberechtigten Mitarbeiter (Benutzerkennung und Passwort) sowie nach Bekanntgabe des Zwecks der Abfrage zulässig.
Vor allem für junge Beschäftigte sind die Risiken hoch, nach einigen Berufsjahren eine Lärmschwerhörigkeit zu erleiden. Grund dafür ist oftmals die zusätzliche Belastung des Gehörs in der Freizeit durch Konzertbesuche oder zu laute Musik auf den Kopfhörern.	Lärmschwerhörigkeit		Lärmschaden,lärmbedingte Hörschädigung,lärmbedingte Schädigung,lärmbedingter Gehörschaden		Insbesondere bei jungen Arbeitnehmern besteht ein hohes Risiko, nach einigen Jahren beruflicher Tätigkeit eine Lärmschwerhörigkeit zu entwickeln. Die Ursache hierfür liegt häufig in einer zusätzlichen Belastung des Gehörs in der Freizeit, etwa durch den Besuch von Konzerten oder durch zu laute Musik über Kopfhörer.
Die öffentlichen Arbeitgeber haben  die Möglichkeit, ein Aufnahmeprogramm zur stufenweisen Erfüllung der Pflichtquote  mit dem Arbeitsamt zu vereinbaren. Dieses Aufnahmeprogramm kann die Aufnahme mittels Wettbewerb, Auswahlverfahren und die namentliche Aufnahme vorsehen.	namentliche Aufnahme			numerische Aufnahme,numerische Berufung	Öffentliche Arbeitgeber haben die Möglichkeit, mit dem Arbeitsamt ein Einstellungsmodell zur schrittweisen Erfüllung der vorgeschriebenen Quote zu vereinbaren. Dieses Einstellungsmodell kann die Einstellung durch eine öffentliche Ausschreibung, Auswahlverfahren sowie die namentliche Aufnahme vorsehen.
Die Bestimmungen des 2. Teiles des 5. Abschnitts dieses Titels, die das Inventar, die Verwaltung und die Rechnungslegung durch den Inventarerben betreffen, sind mit Ausnahme der Haftungsbeschränkung bei Fahrlässigkeit auf den Kurator der ruhenden Erbschaft anzuwenden.	Teil		Abschnitt,Anführer		Die Bestimmungen des 2. Abschnitts des 5. Teils dieses Titels, die das Inventar, die Verwaltung und die Rechenschaftslegung durch den inventarnehmenden Erben betreffen, sind auf den Nachlassverwalter des ruhenden Nachlasses anzuwenden, mit Ausnahme der Haftungsbeschränkung bei Fahrlässigkeit.
Der unredliche Besitz ist  nicht Bestandteil des rechtlich geschützten Vermögens.	unredlicher Besitz			redlicher Besitz	Der unredliche Besitz gehört nicht zum rechtlich geschützten Vermögen.
Gegenüber jedem an sich herausgabepflichtigen Vorbesitzer wäre er der Berechtigte mit seinem Verantwortlichkeitsanspruch für die Zeit bösgläubigen Besitzes ausgeschlossen und bliebe so im Extremfall schutzlos.	bösgläubiger Besitz			gutgläubiger Besitz	Gegenüber jedem früheren Besitzer, der grundsätzlich zur Rückgabe verpflichtet ist, wäre er als Berechtigter mit seinem Anspruch auf Schadenersatz für den Zeitraum des bösgläubigen Besitzes ausgeschlossen und bliebe somit im Extremfall ohne Rechtsschutz.
Die wichtigsten Datenquellen, die zur Vervollständigung des Landesverzeichnisses beitragen, sind  d) das Grundbuch und der Grundkataster der Autonomen Provinz Bozen und der Autonomen Provinz Trient, .	Grundkataster,Grundstückkataster		Kataster		Die wichtigsten Datenquellen, die zur Vervollständigung des nationalen Verzeichnisses beitragen, sind: d) das Grundbuch und das Grundstückkataster der Autonomen Provinz Bozen und der Autonomen Provinz Trient.
Einkünfte aus Grund und Boden sind mit den im Staatsgebiet gelegenen Grundstücken und Gebäuden, welche im Grundstückkataster oder in urbanen Baukataster unter Zuweisung eines Ertrages eingetragen oder einzutragen sind, zusammenhängende Einkünfte.	Grundkataster,Grundstückkataster		Kataster		Grundstückserträge sind die Erträge, die aus Grundstücken und Gebäuden stammen, die sich auf dem Staatsgebiet befinden und die im Grundkataster oder im städtischen Gebäudekataster eingetragen sind oder eingetragen werden müssen und denen eine Einheitsbewertung zugewiesen wurde.
Mit dem Gesetz über die Neuordnung des Vermessungswesens vom 3.7. 1934  wurde mit der Einführung eines einheitlichen Liegenschaftskatasters begonnen.	Liegenschaftskataster		Kataster		Mit dem Gesetz über die Neuordnung des Vermessungswesens vom 3.7.1934 wurde die Einführung eines einheitlichen Liegenschaftskatasters eingeleitet.
Sachen sind Dinge, die Gegenstand von Rechten sein können .	Ding	Gut,Leasingobjekt,Sache			Sachen sind Dinge, die Gegenstand von Rechten sein können.
Betrifft die Zusatzstrafe der verwaltungsbehördlichen Fahrzeugbeschlagnahme ein Kleinkraftrad oder ein Kraftrad, so verfügt das vorgehende Polizeiorgan das Abschleppen des Fahrzeugs .	verwaltungsbehördliche Fahrzeugbeschlagnahme		vorbeugende Maßnahme		Falls die Nebenstrafe der verwaltungsbehördlichen Fahrzeugbeschlagnahme ein Mofa oder ein Motorrad betrifft, ordnet das zuständige Polizeiorgan die Abschleppung des Fahrzeugs an.
Der Inhaber der Dienstfahrerlaubnis darf von ihr nur während der Dauer des Dienstverhältnisses Gebrauch machen. Bei Beendigung des Dienstverhältnisses ist der Dienstführerschein einzuziehen.	Dienstführerschein		Führerschein		Der Inhaber des Dienstführerscheins darf diesen nur während des Bestehens des Dienstverhältnisses nutzen. Mit Beendigung des Dienstverhältnisses ist der Dienstführerschein einzuziehen.
Für die von einem der Teilhaber eingeräumten Hypotheken sind die im 4. Abschnitt des 3. Titels des 6. Buches enthaltenen Bestimmungen zu beachten.	Abschnitt	Teil	Rechtstitel,Titel		Für Hypotheken, die von einem der Miteigentümer gewährt werden, sind die Bestimmungen in Teil 4 des Titels 3 des Buches 6 zu beachten.
Entgegen der Ansicht des Antragstellers lässt sich die Anwendung der Vorschrift nicht mit ihrem Wortlaut und der Überschrift des Abschn. IV des Gesetzes begründen.	Titel,Überschrift	Rädelsführer			Entgegen der Auffassung des Beschwerdeführers kann die Anwendung der Bestimmung weder durch ihren Wortlaut noch durch die Überschrift des IV. Abschnitts des Gesetzes gerechtfertigt werden.
Das Signal «Stop»  verpflichtet den Führer, anzuhalten und den Fahrzeugen auf der Strasse, der er sich nähert, den Vortritt zu gewähren.	Signal	Lichtsignal,Markierung	Signalisation,Strassensignalisation		Die Strassensignalisation «Stop» verpflichtet den Lenker, anzuhalten und den Fahrzeugen auf der Strasse, auf die er zufährt, den Vortritt zu gewähren.
Mit den Zusatzzeichen und -einrichtungen soll erreicht werden, dass Folgendes ersichtlich gemacht oder angezeigt wird: a) der Straßenverlauf, b) bestimmte gefährliche Kurven oder Stellen, c) Hindernisse auf oder neben der Fahrbahn.	Zusatzzeichen und -einrichtung		Verkehrszeichen		Zusatzzeichen und -einrichtungen müssen dazu dienen, Folgendes deutlich sichtbar zu machen oder anzuzeigen: a) den Straßenverlauf, b) bestimmte Kurven oder Gefahrenstellen, c) Hindernisse auf der Fahrbahn oder am Fahrbahnrand.
Lichtzeichen werden eingeteilt in: a) Gefahren- und Vorschriftslichtzeichen, b) Hinweislichtzeichen, b-bis) Leuchttafeln zur Anzeige der Geschwindigkeit vorbeifahrender Fahrzeuge in Echtzeit, c) normale Verkehrsampeln, d) Fahrstreifenampeln, .	Lichtzeichen		Verkehrszeichen	Bodenmarkierung,Verkehrsschild	Die Lichtzeichen werden unterteilt in: a) Lichtzeichen zur Warnung und zur Anordnung, b) Richtungsanzeiger, b-bis) dynamische Lichtnachrichtentafeln zur Echtzeitanzeige der Geschwindigkeit des fließenden Verkehrs, c) herkömmliche Ampelanlagen, d) Fahrstreifenampeln.
Als alkoholtypische Beweisanzeichen seien anzusehen, das Fahren mit überhöhter Geschwindigkeit, Fahren in Schlangenlinien, plötzliches Bremsen, Missachten von Vorfahrtszeichen oder einer roten Ampel.	Vorfahrtszeichen		Gebotszeichen,Vorschriftszeichen		Als typische Anzeichen für Trunkenheit am Steuer gelten überhöhte Geschwindigkeit, Schlangenlinienfahrt, plötzliches Bremsen sowie die Missachtung von Vorfahrtszeichen oder roter Ampeln.
Vortrittssignale sind der äusseren Form nach Gefahren—, Vorschrifts- oder Hinweissignale; .	Vortrittssignal		Gebotszeichen,Vorschriftssignal		Vortrittssignale sind ihrer äusseren Form nach Warn-, Vorschriftssignale oder Hinweiszeichen.
Die Streitkräfte sorgen selbst für die technischen Überprüfungen, die Militärzulassung und die Ausstellung der Fahrzeugpapiere und der Sonderkennzeichen für die ihnen zur Verfügung stehenden Fahrzeuge.	Sonderkennzeichen		Kennzeichen,Kennzeichenschild	Kennzeichen für Probefahrzeuge,Probekennzeichen,Wiederholungskennzeichen,provisorisches Kennzeichen	Die Streitkräfte führen technische Überprüfungen, die militärische Zulassung sowie die Ausstellung der Zulassungsbescheinigungen und der Sonderkennzeichen für die ihnen zur Verfügung stehenden Fahrzeuge eigenständig durch.
Die Straße führe  zu einem Park-and-Ride-Parkplatz sowie zum Hintereingang des Bahnhofs, der überregionale Bedeutung habe.	Park-and-Ride-Parkplatz,Umsteigeparkplatz		Parkplatz		Die Straße führt zu einem Park-and-Ride-Parkplatz sowie zum rückwärtigen Zugang des überregional bedeutsamen Bahnhofs.
Das Kurzzeitkennzeichen – auch als Überführungskennzeichen bekannt – kommt zum Einsatz, wenn eine Überführungs- oder eine Probefahrt durchgeführt werden muss. Es wird in der Regel für einen, drei oder fünf Tage ausgestellt .	5-Tages-Kennzeichen,Ausfuhrkennzeichen,Kurzzeitkennzeichen,internationales Kurzzeitkennzeichen,Überführungskennzeichen		Kennzeichen,Nummernschild,amtliches Kennzeichen	rotes Kennzeichen	Das Überführungskennzeichen – auch als rotes Kennzeichen bekannt – wird verwendet, wenn eine Überführung oder eine Probefahrt durchgeführt werden muss. Es wird üblicherweise für einen, drei oder fünf Tage ausgestellt.
Die Verkehrsregeln  gelten für die Führer von Motorfahrzeugen und die Radfahrer auf allen dem öffentlichen Verkehr dienenden Strassen, für die übrigen Strassenbenützer nur auf den für Motorfahrzeuge oder Fahrräder ganz oder beschränkt offenen Strassen.	Motorfahrzeug		Fahrzeug		Die Verkehrsregeln gelten für Lenker von Motorfahrzeugen und für Velofahrer auf allen Strassen, die dem öffentlichen Verkehr offenstehen; für die übrigen Strassenbenützer gelten sie nur auf Strassen, die ganz oder teilweise für Motorfahrzeuge oder Fahrräder offenstehen.
Es bedürfe zur Fortbildung des Rechts einer höchstrichterlichen Klärung, ob der objektive Nachweis einer innergemeinschaftlichen Fahrzeuglieferung dann nicht erbracht sei, wenn die Zeitspanne zwischen Abholung des Fahrzeugs bzw. Abmeldung im Inland und der Zulassung im Bestimmungsland einen Monat überschreite.	Abmeldung,Außerbetriebssetzung	Abmeldebescheinigung			Im Interesse der Weiterentwicklung des Rechts ist eine Klärung durch die höchstrichterliche Rechtsprechung erforderlich, ob der objektive Nachweis einer innergemeinschaftlichen Fahrzeuglieferung nicht erbracht ist, wenn der Zeitraum zwischen der Abmeldung oder Außerbetriebssetzung des Fahrzeugs im Herkunftsland und der Zulassung im Bestimmungsland einen Monat überschreitet.
Gemeinden, Provinzen, Großstädte mit besonderem Status und Regionen sind autonome Körperschaften mit eigenen Statuten, Befugnissen und Aufgaben gemäß den in der Verfassung verankerten Grundsätzen.	autonome Körperschaft		Körperschaft des öffentlichen Rechts,öffentlich-rechtliche Körperschaft,öffentliche Körperschaft		Die Gemeinden, die Provinzen, die Städte mit Sonderstatut und die Regionen sind Körperschaften des öffentlichen Rechts mit eigenen Statuten, Befugnissen und Aufgaben gemäß den in der Verfassung verankerten Grundsätzen.
Die nicht dem Regierungskommissär zugewiesenen Zuständigkeiten, die mit Gesetz den Außenverwaltungen des Staates und den Außenstellen der staatlichen Verwaltungen und Betriebe mit autonomer Ordnung zugewiesen sind oder zugewiesen werden können, bleiben unberührt.	Außenverwaltung		Staatsverwaltung	Zentralverwaltung	Unberührt bleiben die Zuständigkeiten, die nicht dem Regierungskommissar übertragen wurden und die entweder bereits gesetzlich den Außenverwaltungen des Staates sowie den Außenstellen der staatlichen Verwaltungen und der staatlichen Unternehmen mit eigenständiger Organisationsstruktur zugewiesen sind oder zugewiesen werden können.
Fehlt dem Verein eines der vorgeschriebenen Organe oder das Mitgliederverzeichnis  oder verfügt er über kein Rechtsdomizil an seinem Sitz mehr, so kann ein Mitglied oder ein Gläubiger dem Gericht beantragen, die erforderlichen Massnahmen zu ergreifen.	Massnahme	Verfügung,Verwaltungsverfügung,gerichtliche Verfügung			Fehlt dem Verein eines der vorgeschriebenen Organe oder das Mitgliederregister oder verfügt er nicht mehr über einen statutarischen Sitz, so kann ein Mitglied oder ein Gläubiger beim Gericht die notwendigen Massnahmen beantragen.
Das BVG Bundesverfassungsgesetz über die Begrenzung der Bezüge öffentlicher Funktionäre  enthält Regelungen betreffend die Begrenzungen von Bezügen öffentlicher Funktionäre des Bundes, der Länder und Gemeinden, ferner der Österreichischen Nationalbank, der gesetzlichen Interessensvertretungen und der Sozialversicherungsträger.	öffentlicher Funktionär	Amtsträger			Das Bundesverfassungsgesetz über die Begrenzung der Bezüge von Amtsträgern (BVG) enthält Bestimmungen betreffend die Begrenzung der Bezüge von Amtsträgern des Bundes, der Länder und der Gemeinden sowie der Oesterreichischen Nationalbank, der gesetzlichen Interessenvertretungen und der Sozialversicherungsträger.
Soweit eine Verpflichtung des Anbieters von öffentlich zugänglichen Telekommunikationsdiensten zum Ersatz eines Vermögensschadens gegenüber einem Endnutzer besteht und nicht auf Vorsatz beruht, ist die Haftung auf höchstens 12 500 Euro je Endnutzer begrenzt.	Endnutzer		Benutzer,Nutzer		Soweit ein Anbieter öffentlich zugänglicher Telekommunikationsdienste gegenüber einem Endnutzer zum Ersatz eines Vermögensschadens verpflichtet ist und dieser nicht auf Vorsatz beruht, ist die Haftung auf höchstens 12.500 Euro pro Endnutzer begrenzt.
Die dem Rundfunkdienst im Frequenzplan zugewiesenen Frequenzen können für andere Zwecke als der Übertragung von Rundfunk im Zuständigkeitsbereich der Länder genutzt werden, wenn dem Rundfunk die auf der Grundlage der rundfunkrechtlichen Festlegungen zustehende Kapazität zur Verfügung steht.	Rundfunk,Rundfunkdienst	Rundfunkinhaltedienst	Funkdienst		Die im Frequenzplan dem Rundfunk zugewiesenen Frequenzen können im Zuständigkeitsbereich der Länder für andere Zwecke als die Rundfunkübertragung genutzt werden, sofern dem Rundfunk die ihm nach den Bestimmungen des Rundfunkrechts zustehende Kapazität zur Verfügung steht.
„Zugang“ bedeutet die ausschließliche oder nicht ausschließliche Bereitstellung von Einrichtungen oder Diensten für ein anderes Unternehmen unter bestimmten Bedingungen zur Erbringung von Kommunikationsdiensten, auch bei deren Verwendung zur Erbringung von Diensten der Informationsgesellschaft oder Rundfunkinhaltsdiensten.	Rundfunkinhaltsdienst		Rundfunkdienst		"„Zugang"" bezeichnet die ausschließliche oder nicht ausschließliche Bereitstellung von Einrichtungen oder Diensten für ein anderes Unternehmen zu bestimmten Bedingungen für die Erbringung von Telekommunikationsdiensten, auch wenn diese für die Erbringung von Diensten der Informationsgesellschaft oder Rundfunkinhaltsdiensten genutzt werden."
„Zugang“ ist die Bereitstellung von Einrichtungen oder Diensten für ein anderes Unternehmen unter bestimmten Bedingungen zum Zwecke der Erbringung von Telekommunikationsdiensten, auch bei deren Verwendung zur Erbringung von Diensten der Informationsgesellschaft oder Rundfunkinhaltediensten.	Rundfunkinhaltedienst		Rundfunk,Rundfunkdienst		"„Zugang"" bezeichnet die Bereitstellung von Einrichtungen oder Diensten für ein anderes Unternehmen zu bestimmten Bedingungen zum Zweck der Erbringung von Telekommunikationsdiensten, auch wenn diese für die Erbringung von Diensten der Informationsgesellschaft oder Rundfunkinhaltediensten genutzt werden."
Der Abfallbeauftragte hat  im Zuge der Erstellung oder Fortschreibung des Abfallwirtschaftskonzeptes die Kosten der Abfallbehandlung und die Erlöse der Altstoffe dem Betriebsinhaber darzustellen.	Abfallbehandlung	Abfallbeseitigung,Abfallverwertung,Beseitigung,Verwertung			Der Abfallverantwortliche hat dem Anlagenbetreiber im Rahmen der Erstellung oder Aktualisierung des Abfallwirtschaftsplans die Kosten der Abfallbehandlung sowie die Erlöse aus den Sekundärrohstoffen mitzuteilen.
Obwohl medizinische Abfälle nur einen geringen Anteil an der Gesamtmasse der gefährlichen und nicht gefährlichen Abfälle darstellen, bilden sie trotzdem einen mitunter sensiblen Bereich innerhalb der Abfallwirtschaft.	medizinischer Abfall		Sonderabfall		Obwohl medizinischer Abfall nur einen kleinen Anteil an der Gesamtmasse der gefährlichen und nicht gefährlichen Abfälle ausmacht, stellt er dennoch einen teilweise sensiblen Bereich innerhalb der Abfallwirtschaft dar.
Der Touristiksachbearbeiter/die Touristiksachbearbeiterin ist in der Südtiroler Touristikwerbung tätig und organisiert nach allgemeinen Zielvorgaben des/der Vorgesetzten eigenständig Werbemaßnahmen und wirbt für das Südtiroler Tourismusangebot in Wort und Schrift.	Touristiksachbearbeiter			Werbeassistent,Werbesachbearbeiter	Der Touristiksachbearbeiter/die Touristiksachbearbeiterin ist im Bereich der Südtiroler Tourismuswerbung tätig und organisiert eigenständig, gemäß den allgemeinen Weisungen des Vorgesetzten, Werbemaßnahmen sowie die mündliche und schriftliche Bewerbung des Südtiroler Tourismusangebots.
Tourismusassistenten und -assistentinnen verfügen über fundierte Fachkenntnisse im Gästeempfang, in der Gästebetreuung und -beratung. Sie sind im Tourismus oder in der Freizeitbranche tätig und für die professionelle Vorbereitung und Betreuung von touristischen Events verantwortlich.	Tourismusassistent			Kommunikationsplaner	Tourismusassistenten verfügen über fundierte Fachkenntnisse in der Gästebetreuung, -beratung und -information. Sie sind im Tourismus- oder Freizeitbereich tätig und verantwortlich für die Vorbereitung und professionelle Durchführung von touristischen Veranstaltungen.
Der Übersetzungsinspektor/die Übersetzungsinspektorin befasst sich mit Übersetzungen von Rechts-, Verwaltungs- und allgemeinen Texten sowie mit damit verbundenen stilistischen Fragen.	Übersetzungsinspektor			Übersetzer	Der Übersetzungsinspektor befasst sich mit der Übersetzung von juristischen, verwaltungsrechtlichen und allgemeinen Texten sowie mit den damit verbundenen stilistischen Fragen.
Der Bibliothekswart/die Bibliothekswartin entnimmt im Auftrag der Vorgesetzten und unter Anleitung des Personals, das höheren Berufsbildern angehört, Bücher und Medien und stellt sie nach der Ausleihe wieder an ihren Platz zurück.	Bibliothekswart			Bibliothekar	Der Bibliothekswart entnimmt im Auftrag seiner Vorgesetzten und unter Anleitung von Personal mit höherer Qualifikation Bücher und Medien und stellt diese nach der Ausleihe wieder an ihren Platz zurück.
Der Bibliotheksinspektor/die Bibliotheksinspektorin wirkt mit bei der Planung und Einrichtung von Bibliotheken, sorgt für deren einheitliche Führung, plant und unterstützt Aktionen zur Leseförderung und ist für alle Bereiche von wissenschaftlichem Anspruch zuständig.	Bibliotheksinspektor			Archivar,Archivbeamter,Bibliothekar,Diplom-Bibliothekar	Der Bibliotheksinspektor wirkt bei der Planung und Errichtung von Bibliotheken mit, gewährleistet deren einheitliche Verwaltung, plant und unterstützt Maßnahmen zur Leseförderung und ist für alle wissenschaftlich relevanten Bereiche verantwortlich.
Der DV-Techniker-Analytiker/die DV-Technikerin-Analytikerin erstellt Analysen für Anwendungen und überwacht deren Umsetzung in Programme oder erstellt diese selbst; er/sie ist für das einwandfreie Funktionieren der Programme verantwortlich.	DV-Techniker-Analytiker			DV-Analytiker,DV-Analytiker-Systembetreuer,DV-Techniker	Der DV-Analytiker ist für die Erstellung von Analysen für Anwendungen sowie für die Überwachung deren Implementierung in Programme oder für die eigenständige Entwicklung dieser Programme zuständig; er trägt die Verantwortung für die einwandfreie Funktionsweise der Programme.
Der DV-Techniker/die DV-Technikerin entwickelt und schreibt mit den vorgeschriebenen Programmiertechniken Anwendungsprogramme auf der Grundlage von Programmiervorgaben; er/sie ist für das einwandfreie Funktionieren dieser Programme verantwortlich. Er/Sie betreut auch Betriebssysteme und Netze.	DV-Techniker			DV-Analytiker,DV-Analytiker-Systembetreuer,DV-Operator,DV-Techniker-Analytiker,EDV-Operator	Der DV-Techniker entwickelt und erstellt Anwendungsprogramme unter Verwendung der vorgeschriebenen Programmiertechniken auf Grundlage von Programmiervorgaben; er ist für die einwandfreie Funktion dieser Programme verantwortlich. Zudem betreut er die Betriebssysteme und Netzwerke.
Der Statistiker/die Statistikerin führt, gemäß den Richtlinien des/der Vorgesetzten, verschiedene Tätigkeiten in Zusammenhang mit der Sammlung und Auswertung von statistischen Informationen aus und koordiniert gegebenenfalls die Arbeit der seinem/ihrem Bereich zugeteilten Mitarbeiter und Mitarbeiterinnen.	Statistiker			Inspektor für Statistik,Statistikassistent,Statistikinspektor,Statistiksachbearbeiter	Der Statistikinspektor/die Statistikinspektorin führt gemäß den Weisungen des Vorgesetzten verschiedene Tätigkeiten im Zusammenhang mit der Erhebung und Analyse statistischer Daten durch und koordiniert gegebenenfalls die Arbeit der seinem bzw. ihrem Bereich zugewiesenen Mitarbeiter und Mitarbeiterinnen.
Das Standesamt stellt folgende Bescheinigungen aus: Geburtsscheine und Auszüge aus dem Geburtenregister; Trauscheine und Auszüge aus dem Heiratsregister; Totenscheine und Auszüge aus dem Sterberegister.	Auszug aus dem Geburtenregister		Auszug aus den Standesamtsregistern,Auszug des Standesamtes	Auszug aus dem Heiratsregister,Auszug aus dem Sterberegister	Das Standesamt stellt folgende Urkunden aus: Geburtsurkunden und Auszüge aus dem Geburtenregister, Heiratsurkunden und Auszüge aus dem Heiratsregister, Sterbeurkunden und Auszüge aus dem Sterberegister.
Das Standesamt stellt folgende Bescheinigungen aus: Geburtsscheine und Auszüge aus dem Geburtenregister; Trauscheine und Auszüge aus dem Heiratsregister; Totenscheine und Auszüge aus dem Sterberegister.	Auszug aus dem Heiratsregister		Auszug aus den Standesamtsregistern,Auszug des Standesamtes	Auszug aus dem Geburtenregister,Auszug aus dem Sterberegister	Das Standesamt stellt folgende Urkunden aus: Geburtsurkunden und Auszüge aus dem Geburtenregister, Heiratsurkunden und Auszüge aus dem Heiratsregister, Sterbeurkunden und Auszüge aus dem Sterberegister.
Das Standesamt stellt folgende Bescheinigungen aus: Geburtsscheine und Auszüge aus dem Geburtenregister; Trauscheine und Auszüge aus dem Heiratsregister; Totenscheine und Auszüge aus dem Sterberegister.	Auszug aus dem Sterberegister		Auszug aus den Standesamtsregistern,Auszug des Standesamtes		Das Standesamt stellt folgende Urkunden aus: Geburtsurkunden und Auszüge aus dem Geburtenregister, Heiratsurkunden und Auszüge aus dem Eheregister, Sterbeurkunden und Auszug aus dem Sterberegister.
Das ausführende Subjekt muss  das  Umfragedokument an folgende Stellen übermitteln: - bei Meinungsumfragen: an die Aufsichtsbehörde für Kommunikationswesen zur Veröffentlichung auf der Internetseite www.agcom.it; .	Meinungsumfrage		demoskopische Umfrage		Der durchführende Auftragnehmer hat das Umfragedokument an folgende Stellen zu übermitteln: - bei Meinungsumfragen: an die Behörde für Kommunikationsgarantien zur Veröffentlichung auf der Website www.agcom.it.
Die Fachoberschulen vermitteln durch das Erlernen, Vertiefen und Anwenden allgemeiner und spezifischer Methoden, bei enger Verzahnung von Theorie und Praxis, eine kulturelle, wirtschaftliche wissenschaftliche und technologische Grundbildung.	Fachoberschule	Fachoberschule für den technologischen Bereich,Fachoberschule für den wirtschaftlichen Bereich		Gymnasium,Lyzeum	Die Fachoberschule vermittelt durch das Erlernen, Vertiefen und Anwenden allgemeiner und spezifischer Methoden, in enger Verknüpfung von Theorie und Praxis, eine grundlegende Ausbildung in den Bereichen Kultur, Wirtschaft, Naturwissenschaften und Technologie.
Der Zugang zu den Verwaltungsunterlagen darf nicht verweigert werden, wenn der Rückgriff auf das Verzögerungsrecht genügt.	Zugang zu den Verwaltungsunterlagen	formeller Zugang,formloser Zugang,förmlicher Zugang,informeller Zugang			Der Zugang zu den Verwaltungsunterlagen darf nicht verweigert werden, wenn die Inanspruchnahme des Aufschubrechts ausreicht.
Informationsfreiheit bedeutet, dass Informationen der öffentlichen Verwaltung (Verwaltungstransparenz) und Politik dem Bürger öffentlich gemacht werden (Öffentlichkeitsprinzip).	Öffentlichkeitsprinzip			Grundsatz der Wirtschaftlichkeit	Die Informationsfreiheit bedeutet, dass Informationen der öffentlichen Verwaltung (Verwaltungstransparenz) und der Politik den Bürgern zugänglich gemacht werden (Öffentlichkeitsprinzip).
Diese Befugnis zur Aufhebung im Selbstschutzwege erwächst aus dem verwaltungsrechtlichen Grundsatz der guten Verwaltung, aufgrund von welchem die Verwaltung verpflichtet ist, Maßnahmen zu treffen, die dem verfolgten Zweck so gut wie möglich entsprechen.	Grundsatz der guten Führung,Grundsatz der guten Verwaltung,Grundsatz der guten Verwaltungsführung			Grundsatz der Unparteilichkeit,Unparteilichkeitsgrundsatz	Diese Befugnis zur Rücknahme im Wege der Selbstkontrolle ergibt sich aus dem Grundsatz der guten Verwaltungsführung des Verwaltungsrechts, wonach die Verwaltung verpflichtet ist, Maßnahmen zu ergreifen, die dem angestrebten Ziel so genau wie möglich entsprechen.
Gegen den Ablehnungsbescheid oder eine Ermächtigung mit Bedingungen des Bürgermeisters, die auf architektonischen, landschaftlichen oder ästhetischen Gründen fußen, kann der Gesuchsteller innerhalb von 30 Tagen an das  Kollegium für Landschaftsschutz Berufung einlegen.	Ablehnungsbescheid,Ablehnungsmaßnahme,Verweigerungsmaßnahme		Maßnahme,Verwaltungsbescheid,Verwaltungsmaßnahme		Gegen den Ablehnungsbescheid oder eine Genehmigung des Bürgermeisters mit Auflagen, die auf architektonischen, landschaftlichen oder ästhetischen Gründen beruhen, kann der Antragsteller innerhalb von 30 Tagen Beschwerde beim Kollegium für Landschaftsschutz einlegen.
Gegen die Verweigerungsmaßnahmen  und die Maßnahmen  kann Rekurs beim Innenminister eingelegt werden; dieser entscheidet innerhalb von 60 Tagen unter Mitwirkung des Ministers für Infrastruktur und Verkehr.	Ablehnungsbescheid,Ablehnungsmaßnahme,Verweigerungsmaßnahme		Maßnahme,Verwaltungsbescheid,Verwaltungsmaßnahme		Gegen Ablehnungsbescheide und Verwaltungsmaßnahmen kann beim Innenminister Beschwerde eingelegt werden, welcher innerhalb von 60 Tagen unter Beteiligung des Ministers für Infrastruktur und Verkehr entscheidet.
Für die von einem der Teilhaber eingeräumten Hypotheken sind die im 4. Abschnitt des 3. Titels des 6. Buches enthaltenen Bestimmungen zu beachten.	Buch	Rechtstitel,Titel	Gesetzbuch,Kode		Für Hypotheken, die von einem der Miteigentümer gewährt werden, sind die Bestimmungen in Abschnitt 4 des Titels 3 des Gesetzbuchs 6 zu beachten.
Das gebietsmäßig zuständige Ethikkomitee hat eine begründete positive Stellungnahme zum Forschungsprogramm abgegeben .	Ethikkomitee	Landesethikkomitee			Das örtlich zuständige Ethikkomitee hat eine begründete positive Stellungnahme zum Forschungsprogramm abgegeben.
Wird die Einziehungsmaßnahme endgültig, so ist die Agentur für Staatsgüter ab Übermittlung der Maßnahme durch den Präfekten für die Auszahlung der Beträge zuständig.	Agentur für Domänenverwaltung,Agentur für Staatsgüter		Steueragentur,Steuerbehörde	Agentur der Einnahmen,Agentur für Einnahmen,Zoll- und Monopolagentur,Zollagentur	Sobald der Einziehungsbeschluss rechtskräftig wird, ist die Agentur für Staatsgüter für die Auszahlung der Beträge zuständig, und zwar ab dem Zeitpunkt der Übermittlung des Beschlusses durch den Präfekten.
Die Feststellung der Steuern auf dem Gebiet der Provinzen erfolgt aufgrund von Leitlinien und strategischen Zielen, die durch Einvernehmen zwischen jeder Provinz und dem Minister für Wirtschaft und Finanzen und durch nachfolgende operative Vereinbarungen mit den Steueragenturen festgelegt werden.	Steueragentur,Steuerbehörde	Agentur der Einnahmen,Agentur für Domänenverwaltung,Agentur für Einnahmen,Agentur für Staatsgüter,Zoll- und Monopolagentur,Zollagentur			Die Festsetzung der Steuern auf dem Gebiet der Provinzen erfolgt auf Grundlage von Leitlinien und strategischen Zielen, die durch eine Vereinbarung zwischen der jeweiligen Provinz und dem Minister für Wirtschaft und Finanzen sowie durch nachfolgende operative Vereinbarungen mit der Steuerbehörde festgelegt werden.
Bei Privatisierung durch Abstoßung an den Markt werden die Archive der Behörden auch privatisiert, mit Ausnahme der laufenden Archive.	laufendes Archiv		Archiv,Endarchiv	Altablage,Altregistratur,Verwaltungsarchiv,Zwischenarchiv	Im Falle einer Privatisierung durch Veräußerung am Markt werden auch die Archive der Behörden privatisiert, mit Ausnahme des Verwaltungsarchivs.
In Lizenz hergestelltes Bier liegt vor, wenn ein Herstellungsbetrieb Bier nach der Rezeptur eines anderen Herstellungsbetriebs (Lizenzgeber) herstellt und dieses unter der Marke des Lizenzgebers vertreibt. Das Lizenzbier kann auch vom Lizenzgeber selber vertrieben werden.	Lizenzgeber			Lizenznehmer	Lizenzbier liegt vor, wenn ein Produktionsunternehmen Bier nach dem Rezept eines anderen Produktionsunternehmens (Lizenzgeber) herstellt und es unter der Marke des Lizenzgebers vertreibt. Das Lizenzbier kann auch vom Lizenzgeber selbst vertrieben werden.
Die Berufsfeuerwehren führen die Bezeichnung „Berufsfeuerwehr“ unter Beifügung des Namens der Gemeinde.	BF,Berufsfeuerwehr		Feuerwehr	FF,Freiwillige Feuerwehr	"Die Berufsfeuerwehren führen die Bezeichnung „Berufsfeuerwehr"" mit dem Zusatz des Gemeindenamens."
Neben dem Pflichtbereich versorgt die FF Meran als Bezirksstützpunktwehr den gesamten Bezirk Meran mit Sondereinsatzgeräten.	FF,Freiwillige Feuerwehr		Feuerwehr	BF,Berufsfeuerwehr	Neben dem obligatorischen Zuständigkeitsbereich stellt die Freiwillige Feuerwehr Meran als Bezirksstützpunkt den gesamten Bezirk Meran mit speziellen Einsatzmitteln aus.
Auf gebührenpflichtigen Parklätzen werden für Wohnmobile Tarife angewandt, die um 50 % höher sind als die Tarife, die auf gleichen Parkplätzen in der Gegend für Personenkraftwagen erhoben werden.	Personenkraftwagen		Kraftwagen		Für gebührenpflichtige Parkplätze gelten für Wohnmobile Tarife, die um 50 % höher sind als die für Personenkraftwagen auf denselben Parkplätzen in diesem Bereich.
Bei zweiachsigen Kraftomnibussen oder Oberleitungsbussen, die für den öffentlichen Linienverkehr im innerstädtischen und im Vorstadtbereich bestimmt sind, beträgt die höchstzulässige Gesamtmasse 19 t.	Kraftomnibus		Kraftwagen		Für Kraftomnibusse oder Oberleitungsbusse mit zwei Achsen, die für den öffentlichen Linienverkehr im städtischen und vorstädtischen Bereich bestimmt sind, beträgt die zulässige Gesamtmasse höchstens 19 t.
Gesellschaftswagen und Kleinbusse benötigen Notausstiege mit einer lichten Weite von mindestens 0,60 m auf 0,43 m.	Kleinbus		Motorwagen		Spezialfahrzeuge und Motorwagen benötigen Notausgänge mit einer freien Lichtfläche von mindestens 0,60 m mal 0,43 m.
Bei Kombinationskraftwagen  muß in dem Raum zur wahlweisen Beförderung von Personen oder Gütern nach dem Umlegen oder Entfernen der Sitze eine feste, unbewegliche Ladefläche zur Aufnahme von Gütern zu bilden sein, auf der Güter sicher aufliegen können.	Kombinationskraftwagen		Fahrzeug,Kraftwagen		In Kombinationskraftwagen muss im Bereich, der für den alternativen Transport von Personen oder Gütern vorgesehen ist, nach dem Umklappen oder Entfernen der Sitze eine feste und unbewegliche Ladefläche zur Unterbringung der Güter geschaffen werden, auf der die Güter sicher abgestellt werden können.
Starre Anhänger an Personenwagen, Lieferwagen und Kleinbussen dürfen höchstens l,50 m lang und nicht breiter sein als das Zugfahrzeug und ein Gesamtgewicht von höchstens 0,30 t aufweisen.	Lieferwagen		Fahrzeug,Motorwagen		Starre Anhänger, die an Personenwagen, Motorwagen und Kleinbusse angekuppelt werden, dürfen eine Länge von 1,50 m nicht überschreiten, müssen schmaler als das Zugfahrzeug sein und dürfen ein Gesamtgewicht von 0,30 t nicht übersteigen.
Landwirtschaftliche Traktoren und Motorkarren müssen mit einer geprüften Schutzeinrichtung, wie z. B. Sicherheitskabine, Sicherheitsrahmen oder Sicherheitsbügel, versehen sein, die bei Unfällen ein Überrollen des Fahrzeugs nach Möglichkeit verhindert und den Führer oder die Führerin schützt.	Motorkarre		Motorwagen		Landwirtschaftliche Traktoren und Motorwagen müssen mit einer zugelassenen Schutzeinrichtung, wie beispielsweise einer Sicherheitskabine, einem Sicherheitsrahmen oder einem Überrollbügel, ausgerüstet sein, die im Falle eines Unfalls ein Umkippen des Fahrzeugs nach Möglichkeit verhindert und den Fahrer schützt.
Die Verwaltungsrichter, die Sekretariatsbediensteten und die Hilfskräfte tragen bei öffentlichen Verhandlungen die vom Präsidialrat für die Verwaltungsgerichtsbarkeit vorgeschriebene Robe oder Amtstracht.	Verwaltungsrichter		Gericht,Richter		Die Verwaltungsrichter, das Sekretariatspersonal und das Hilfspersonal tragen in öffentlichen Verhandlungen den vom Präsidialrat der Verwaltungsgerichtsbarkeit vorgeschriebenen Talar oder die vorgeschriebene Uniform.
Zum Personenlinienverkehr dürfen folgende Fahrzeuge bestimmt werden: Kraftomnibusse, Gelenkbusse, Sattelkraftfahrzeuge, Lastzüge, Oberleitungsbusse, Gelenk-Oberleitungsbusse, Oberleitungssattelzüge und Oberleitungslastzüge, die dem Personenverkehr dienen.	Gelenkbus		Fahrzeug,Kleinbus		Für den öffentlichen Personenlinienverkehr können folgende Fahrzeuge eingesetzt werden: Busse, Gelenkbusse, Sattelkraftfahrzeuge, Lastzugkombinationen, Oberleitungsbusse, Gelenk-Oberleitungsbusse, Oberleitungs-Gelenkbusse und Oberleitungs-Lastzugkombinationen, die für den Personentransport bestimmt sind.
Bei Wohnmobilen mit einer zulässigen Gesamtmasse von mehr als 2,5 t genügt für die hinteren Sitze die Ausrüstung mit Verankerungen zur Anbringung von Beckengurten und mit Beckengurten.	Wohnmobil		Fahrzeug		Für Wohnmobile mit einem zulässigen Gesamtgewicht von mehr als 2,5 t genügt für die Rücksitze die Ausstattung mit Befestigungspunkten zur Installation von Beckengurten sowie mit Beckengurten.
Das Landgericht hat dabei mehrere Fuhren an einem Tag zu einer Tat zusammengefaßt, wenn es sich um die Abholung einer zuvor zusammengestellten Lieferung handelte, die die Ladekapazität eines Lastzuges überschritt.	Lastzug		Fahrzeug		Das Landgericht hat in diesem Fall mehrere an einem einzigen Tag durchgeführte Transporte zu einer einzigen Straftat zusammengefasst, sofern es sich um die Abholung einer zuvor vorbereiteten Lieferung handelte, die die Ladekapazität eines Lastzugs überstieg.
Die Wahrnehmung der  straßenpolizeilichen Aufgaben obliegt:  d-bis) im Rahmen ihrer jeweiligen Gebietszuständigkeit den Korps und Dienststellen der Provinzpolizei, .	Provinzpolizei		Ortspolizei		Die Wahrnehmung der Aufgaben im Bereich der Straßenverkehrspolizei obliegt: d-bis) im Rahmen der jeweiligen örtlichen Zuständigkeit den Einheiten und Diensten der Provinzpolizei.
Die Schulen der Unter- und Oberstufe erleichtern durch gemeinsame Orientierungsmaßnahmen den Schülerinnen und Schülern die Wahl der geeigneten weiterführenden Schule.	Schule	Staatsschule,nichtstaatliche Schule,staatliche Schule			Die Staatsschulen der unteren und oberen Stufe unterstützen die Schülerinnen und Schüler durch gemeinsame Orientierungsmaßnahmen bei der Wahl der für sie geeigneten weiterführenden Schule.
Schulen im Sinne dieser Bestimmungen des Suchmittelgesetzes sind die öffentlichen und privaten Schulen gemäß Schulorganisationsgesetz, BGBl. Nr. 242/1962, die öffentlichen land- und forstwirtschaftlichen Schulen sowie alle anderen Privatschulen.	Privatschule,private Schule	gleichgestellte Schule,nicht gleichgestellte Schule	nichtstaatliche Schule		Gemäß den Bestimmungen dieses Gesetzes über die Fördermaßnahmen für den Schulbesuch sind Schulen die öffentlichen Schulen und die Privatschulen im Sinne des Schulorganisationsgesetzes, BGBl. Nr. 242/1962, die öffentlichen land- und forstwirtschaftlichen Schulen sowie alle anderen Privatschulen.
Zu den Tätigkeiten  gehören auch Lehrgänge, didaktische und schulische Tätigkeiten, einschließlich der Finanzierung von Privatschulen, die gesetzlich anerkannte Studientitel verleihen, private Hochschulen, Tagungen und Lehrfahrten für Lehrpersonen sowie der Ankauf von didaktischem und wissenschaftlichem Material.	Privatschule,private Schule	gleichgestellte Schule,nicht gleichgestellte Schule	nichtstaatliche Schule		Die Tätigkeiten umfassen auch Fortbildungskurse, Lehr- und Schulaktivitäten, einschließlich der Finanzierung von Privatschulen, die gesetzlich anerkannte Abschlüsse verleihen, privater Universitäten, Fachtagungen und Studienreisen für Lehrkräfte sowie den Erwerb von Lehr- und wissenschaftlichen Materialien.
Die Direktion der genehmigten Privatschule, die für eine bestimmte Prüfung mindestens 25 Schüler anmeldet, kann beim zuständigen Grundschuldirektor beantragen, die Eignungs- bzw. Abschlussprüfungen am Sitz der Privatschule durchzuführen.	genehmigte Privatschule		nichtstaatliche Schule	gleichgestellte Grundschule,gleichgestellte Schule,staatlich unterstützte Grundschule	Die Leitung einer genehmigten Privatschule, die mindestens 25 Schüler für eine bestimmte Prüfung anmeldet, kann beim zuständigen Leiter der Volksschule beantragen, die Eignungsprüfungen oder Abschlussprüfungen in den Räumlichkeiten der genehmigten Privatschule durchzuführen.
Die Modalitäten für die Ausführung der gemeinnützigen Arbeit legt der Justizminister im Einvernehmen mit der Gemeinsamen Konferenz laut Artikel 8 des Legislativdekrets vom 28. August 1997, Nr. 281, mit Dekret fest.	Gemeinsame Konferenz	Konferenz Staat-Städte und lokale Autonomien,Konferenz Staat-Städte-Körperschaften mit Gebietsautonomie,Staat-Regionen-Konferenz,ständige Konferenz für die Beziehungen zwischen dem Staat, den Regionen und den autonomen Provinzen Trient und Bozen			Die Modalitäten der Ableistung gemeinnütziger Arbeit werden durch Dekret des Justizministers, im Einvernehmen mit der ständigen Konferenz für die Beziehungen zwischen dem Staat, den Regionen und den autonomen Provinzen Trient und Bozen, gemäß Artikel 8 des Legislativdekrets vom 28. August 1997, Nr. 281, festgelegt.
Wer zu Fuß geht und einachsige Zug- oder Arbeitsmaschinen an Holmen oder Handfahrzeuge mitführt, hat mindestens eine nach vorn und hinten gut sichtbare, nicht blendende Leuchte mit weißem Licht auf der linken Seite anzubringen oder zu tragen.	Handfahrzeug		Fahrzeug		Fußgänger, die ein- oder mehrachsige Zug- oder Arbeitsmaschinen mit Lenkstange oder ein Handfahrzeug führen, müssen mindestens eine weiße Leuchte an der linken Seite anbringen oder mitführen, die nach vorne und hinten gut sichtbar ist und nicht blendet.
Die Bespannung zweispänniger Fuhrwerke, die (nur) eine Deichsel (in der Mitte) haben, mit nur einem Zugtier ist unzulässig, wenn die sichere und schnelle Einwirkung des Gespannführers auf die Lenkung des Fuhrwerks nicht gewährleistet ist.	Fuhrwerk		Fahrzeug		Das Anspannen von Fuhrwerken mit zwei Pferden, die (nur) über eine (mittige) Deichsel verfügen, an ein einzelnes Zugtier ist unzulässig, sofern die sichere und rasche Einwirkung des Lenkers auf die Lenkung des Fuhrwerks nicht gewährleistet ist.
Bei Handwagen und Schlitten sowie bei land- oder forstwirtschaftlichen Arbeitsmaschinen, die nur im Fahren Arbeit leisten können (zum Beispiel Pflüge, Drillmaschinen, Mähmaschinen), ist eine Bremse nicht erforderlich.	Schlitten		Fuhrwerk,Gespannfuhrwerk		Für Handkarren und Gespannfuhrwerke sowie für land- oder forstwirtschaftliche Maschinen, die ihre Arbeit nur während der Fahrt verrichten können (z. B. Pflüge, Sämaschinen, Mähmaschinen), ist eine Bremse nicht erforderlich.
Zur Klasse der atypischen Fahrzeuge gehören Kradfahrzeuge und Kraftwagen, die als Oldtimer gelten oder die von historischem Interesse sind und Sammlerwert besitzen.	Kradfahrzeug		Kfz,Kraftfahrzeug		Zur Klasse der atypischen Fahrzeuge gehören Kfz, die als Oldtimer gelten oder von historischem Interesse sind und einen Sammlerwert aufweisen.
Kenntnis des Aufbaus und der Funktionsweise von Baumaschinen (Hoch- bzw. Tiefbau) und Anbaugeräten (zB Bagger, Kettenlader, Krananlagen, Bauarten von Kränen, Walzen, Stapler, Bohrmaschinen, Ladekränen, Hydraulikhämmer) sowie des Aufbaus und der Funktion der Einzelbaugruppen.	Baumaschine		Fahrzeug		Kenntnis der Bauweise und Funktionsweise von Baumaschinen (Hoch- und Tiefbau) sowie von Zusatzgeräten (z. B. Bagger, Planierraupen, Kransysteme, verschiedene Kranarten, Walzen, Gabelstapler, Bohrmaschinen, Ladekranen, Hydraulikhämmern) und der Bauweise und Funktionsweise der einzelnen Baugruppen.
Kleinkrafträder, Krafträder, dreirädrige Kraftfahrzeuge, vierrädrige Kraftfahrzeuge und Kraftwagen dürfen nicht ohne Führerschein und, wenn vorgeschrieben, ohne berufliche Befähigung geführt werden.	Kraftrad		Kradfahrzeug		Leichtkrafträder, Krafträder, dreirädrige Kraftfahrzeuge, vierrädrige Kraftfahrzeuge und Personenkraftwagen dürfen nicht ohne Führerschein und, falls vorgeschrieben, ohne entsprechende Berufsausbildung geführt werden.
Die Nutzung durch Dritte umfasst: a) die Vermietung ohne Fahrer, b) die Personenbeförderung im Mietfahrzeug mit Fahrer und im Taxi, c) den Personenlinienverkehr, d) die gewerbliche Güterbeförderung, e) den Güterlinienverkehr, f) die gewerbliche Güterbeförderung im Taxi.	Nutzung durch Dritte		Nutzung des Fahrzeugs	Eigennutzung	Die Nutzung durch Dritte umfasst: a) die Vermietung ohne Fahrer, b) den Personentransport in einem gemieteten Fahrzeug mit Fahrer sowie im Taxi, c) den öffentlichen Linienpersonentransport, d) den gewerblichen Gütertransport, e) den Güterlinienverkehr, f) den gewerblichen Gütertransport im Taxi.
Bei Motorrädern mit Beiwagen muß der Beiwagen mit Vorrichtungen ausgerüstet sein, mit denen der im Beiwagen Sitzende die Kupplung und die auf das Hinterrad wirkende Bremse betätigen kann.	Beiwagen		Anhänger		Bei Motorrädern mit Anhänger zur Personenbeförderung muss der Anhänger zur Personenbeförderung mit Vorrichtungen ausgestattet sein, die es dem Insassen des Anhängers zur Personenbeförderung ermöglichen, die Kupplung und die auf das Hinterrad wirkende Bremse zu betätigen.
Veteranenfahrzeuge müssen der ursprünglichen Ausführung entsprechen sowie optisch und technisch in einwandfreiem Zustand sein. Veteranenfahrzeuge werden in der Regel nur noch zu besonderen Anlässen oder zur Verhinderung von Standschäden im Strassenverkehr eingesetzt.	Veteranenfahrzeug	Motorrad,Motorwagen			Veteranenfahrzeuge müssen dem Originalzustand entsprechen und sich in einwandfreiem optischem und technischem Zustand befinden. Veteranenfahrzeuge werden im Strassenverkehr in der Regel nur zu besonderen Anlässen oder zur Vermeidung von Standsschäden eingesetzt.
Unterliegt ein Gut nicht dem Ausschlussprinzip und zudem der Nichtrivalität des Konsums, so wird auch von einem (geborenen) öffentlichen Gut gesprochen.	Gut	Investitionsgut,Kapitalgut,Produktionsgut			Sofern ein Gut weder dem Ausschlussprinzip noch dem Prinzip der Nichtrivalität im Konsum unterliegt, spricht man auch von einem öffentlichen (reinen) Gut.
Der Lärmschutzbereich eines Flugplatzes wird nach dem Maße der Lärmbelastung in zwei Schutzzonen für den Tag und eine Schutzzone für die Nacht gegliedert.	Lärmbelastung		Verschmutzung,Verunreinigung		Das Lärmschutzgebiet eines Flughafens wird entsprechend dem Grad der Lärmbelastung in zwei Tag-Schutzgebiete und ein Nacht-Schutzgebiet unterteilt.
Die Einleitung von Klärschlamm in Oberflächengewässer, insbesondere von Schiffen oder durch Leitungssysteme, ist verboten.	Oberflächengewässer		Gewässer	Grundwasser	Die Einleitung von Klärschlamm in Oberflächengewässer, insbesondere von Schiffen aus oder über Rohrleitungssysteme, ist verboten.
Die Untertagedeponie kann zur Entsorgung folgender Abfalltypologien realisiert werden: - Inertabfälle, - nicht gefährliche Abfälle, - gefährliche Abfälle.	Untertagedeponie		Deponie		Eine Untertagedeponie kann zur Entsorgung folgender Abfallarten errichtet werden: - nicht gefährliche mineralische Abfälle, - nicht gefährliche Abfälle, - gefährliche Abfälle.
Bei im Ausland gegründeten Gesellschaften ohne Zweitsitz mit ständiger Vertretung im Staatsgebiet muss sich die Antimafia-Dokumentation auf diejenigen beziehen, welche die Verwaltungs-, Vertretungs- oder Unternehmensleitungsbefugnis innehaben.	Antimafia-Bescheinigung,Antimafia-Dokumentation	Antimafia-Information,Antimafia-Mitteilung			Bei im Ausland gegründeten Gesellschaften ohne Zweigniederlassung mit einer ständigen Vertretung auf dem Staatsgebiet muss sich die Antimafia-Mitteilung auf die Personen beziehen, die die Verwaltungs-, Vertretungs- oder Leitungsbefugnisse des Unternehmens innehaben.
Die Antimafia-Bescheinigung besteht aus zwei Antimafia-Erklärungen („Mitteilung“ und „Information“).	Antimafia-Bescheinigung,Antimafia-Dokumentation	Antimafia-Information,Antimafia-Mitteilung			"Die Antimafia-Dokumentation besteht aus zwei Antimafia-Erklärungen („Mitteilung"" und „Information"")."
Die Entsorger sind grundsätzlich verpflichtet auch die nicht gefährlichen Abfälle, die bei der Lagerung und Behandlung von anderen Abfällen als Output anfallen, bei ihrer Abgabe als Zweiterzeuger zu registrieren.	Zweiterzeuger		Abfallerzeuger	Ersterzeuger	Betreiber von Abfallbehandlungsanlagen sind grundsätzlich verpflichtet, bei der Abgabe auch nicht gefährliche Abfälle, die als Output aus der Lagerung und Behandlung anderer Abfälle entstehen, als Abfallerzeuger zu registrieren.
Am 14. Januar 2017 ist das Nationale System für den Schutz der Umwelt (NSSU) in Kraft getreten.	NSSU,Nationales System für den Schutz der Umwelt	Höhere Anstalt für Umweltschutz und Forschung,ISPRA,Landesagentur für Umwelt,Landesagentur für Umweltschutz,Regionale Agentur für Umwelt			Am 14. Januar 2017 trat das Nationale System für den Schutz der Umwelt (NSSU) in Kraft.
Der Schutz der Umwelt durch das Strafrecht war vor Einführung der Umweltdelikte mit Gesetz Nr. 68/2015 völlig unzureichend.	Umweltdelikt	Umweltkatastrophe,Umweltverschmutzung,Verhinderung der Kontrolle,unerlaubter Umgang und sich Entledigen von hochradioaktiven Stoffen,unterlassene Sanierung			Der Schutz der Umwelt durch das Strafrecht war vor der Einführung des Umweltdelikts durch das Gesetz Nr. 68/2015 völlig unzureichend.
Der Schutz und die Aufwertung des kulturellen Erbes sollen das Verständnis für die Geschichte der nationalen Gemeinschaft und für ihre Heimat sowie die Kulturentwicklung fördern.	Aufwertung des kulturellen Erbes		Denkmalschutz		Der Schutz und die Aufwertung des kulturellen Erbes müssen das Verständnis der Geschichte der nationalen Gemeinschaft und ihrer Heimat sowie die kulturelle Entwicklung fördern.
Das Ministerium und die Regionen bestimmen einvernehmlich die politische Ausrichtung zur Erhaltung und Aufwertung der Landschaft .	Aufwertung der Landschaft		Landschaftsschutz	Erhaltung der Landschaft	Das Ministerium und die Regionen legen in gegenseitiger Abstimmung die politische Ausrichtung für die Erhaltung und Aufwertung der Landschaft fest.
Die Landschaftsplanung hat die Aufgabe, die Ziele des Naturschutzes und der Landschaftspflege für den jeweiligen Planungsraum zu konkretisieren .	Landschaftspflege		Landschaftsschutz		Die Landschaftsplanung hat die Aufgabe, die Ziele des Naturschutzes und der Landschaftspflege für den jeweiligen Planungsraum konkret umzusetzen.
Die Verwaltungsaufgaben und -befugnisse zum Schutze der Landschaftsgüter werden vom Staat und von den Regionen  auf die Weise wahrgenommen, dass jederzeit eine einheitliche und den jeweiligen Zielen entsprechende Verwaltung gewährleistet ist.	Schutz der Landschaftsgüter			Denkmalpflege,Denkmalschutz	Die Verwaltungsaufgaben und -befugnisse zum Schutz der Landschaftsgüter werden vom Staat und den Regionen so ausgeübt, dass jederzeit eine einheitliche Verwaltung gewährleistet ist, die den spezifischen Zielsetzungen entspricht.
Das Ministerium legt, auch mit Hilfe der Regionen und in Zusammenarbeit mit den zuständigen Universitäten und Forschungsanstalten, Richtlinien, technische Vorschriften, Kriterien und Modelle für Eingriffe zur Erhaltung von Kulturgütern fest.	Erhaltung von Kulturgütern	Prävention,Restaurierung,Verhütung,Vorbeugung	Denkmalpflege,Denkmalschutz	Aufwertung von Kulturgütern	Das Ministerium legt, auch unter Heranziehung der Regionen sowie in Zusammenarbeit mit den zuständigen Universitäten und Forschungseinrichtungen, Richtlinien, technische Normen, Kriterien und Modelle für Maßnahmen zur Erhaltung von Kulturgütern fest.
Die Konservierung konzentriert sich auf die Erhaltung der überlieferten Substanz, wobei die authentischen Eigenschaften des Objektes durch den Eingriff möglichst wenig verändert werden sollten.	Konservierung	Prävention,Restaurierung,Verhütung,Vorbeugung,passive Konservierung,präventive Konservierung,vorbeugende Konservierung	Denkmalpflege,Denkmalschutz,Kulturgutschutz		Der Kulturgutschutz konzentriert sich auf die Erhaltung der überlieferten Substanz, wobei die authentischen Eigenschaften des Objekts durch Eingriffe so wenig wie möglich verändert werden sollten.
Bei der Beschlussfassung über den Plan oder das Programm oder über die Regierungsvorlage sind der Umweltbericht und die im Konsultationsverfahren abgegebenen Stellungnahmen einschließlich der Ergebnisse allfälliger grenzüberschreitender Konsultationen nachvollziehbar zu berücksichtigen.	Umweltbericht		SUP,strategische Umweltprüfung		Bei der Entscheidung über den Plan, das Programm oder den Gesetzentwurf der Regierung sind der Umweltbericht sowie die im Rahmen des Konsultationsverfahrens abgegebenen Stellungnahmen, einschließlich der Ergebnisse etwaiger grenzüberschreitender Konsultationen, in nachvollziehbarer Weise zu berücksichtigen.
Auswahlverfahren: Die numerische Aufnahme erfolgt wie bisher. Die öffentlichen Arbeitgeber suchen beim Arbeitsamt um die Zuweisung zur Auswahl von Menschen mit Behinderung an, die in den Pflichtvermittlungslisten eingetragen sind.	numerische Aufnahme,numerische Berufung			namentliche Aufnahme	Auswahlverfahren: Die numerische Berufung erfolgt wie bisher. Öffentliche Arbeitgeber beantragen beim Arbeitsamt die Zuweisung zur Auswahl von Menschen mit Behinderungen, die in den Listen der Pflichtvermittlung eingetragen sind.
Die regionalen Rechtsprechungssektionen und die Rechtsprechungssektionen von Trient und von Bozen treffen ihre Entscheidungen durch drei Mitglieder des Richterstandes einschließlich des Präsidenten.	regionale Rechtsprechungssektion		Rechtssprechungssektion	Berufungssektion,vereinigte Sektion	Die regionale Rechtsprechungssektion sowie die Rechtsprechungssektionen von Trient und Bozen entscheiden unter Mitwirkung von drei Berufsrichtern, einschließlich des Vorsitzenden.
Organe der Gerichtsbarkeit des Rechnungshofs sind die zentrale Berufungssektion mit Sitz in Rom, deren Zuständigkeit sich auf das Staatsgebiet erstreckt, und die Berufungssektion für die Region Sizilien mit Sitz in Palermo, deren Zuständigkeit sich auf das Regionalgebiet erstreckt.	Berufungssektion		Rechtssprechungssektion	regionale Rechtsprechungssektion,vereinigte Sektion	Die Organe der Gerichtsbarkeit des Rechnungshofs sind die zentrale Berufungssektion mit Sitz in Rom, deren Zuständigkeit sich auf das gesamte Staatsgebiet erstreckt, sowie die Berufungssektion für die Region Sizilien mit Sitz in Palermo, deren Zuständigkeit sich auf das Gebiet der Region erstreckt.
Die vereinigten Rechtsprechungssektionen entscheiden über Zuständigkeitskonflikte sowie über Grundsatzfragen, die ihnen von den Berufungssektionen oder vom Präsidenten des Rechnungshofs zugeschoben werden, oder auf Antrag des Generalstaatsanwalts.	vereinigte Rechtsprechungssektion		Rechtssprechungssektion,vereinigte Sektion	vereinigte Sektion in besonderer Zusammensetzung,vereinigte Sektion in ihrer Beschlussfunktion,vereinigte Sektion in ihrer Kontrollfunktion,vereinigte Sektion in ihrer beratenden Funktion	Die vereinigte Sektion in ihrer Beschlussfunktion entscheidet über Kompetenzkonflikte sowie über Grundsatzfragen, die ihr von den Berufungssektionen oder vom Präsidenten des Rechnungshofs vorgelegt werden, oder auf Antrag des Generalstaatsanwalts.
Der Ausdruck „Vertragnehmer“ bezeichnet jede natürliche oder juristische Person, Körperschaft oder Vereinigung, die mit einem Anbieter öffentlich zugänglicher elektronischer Kommunikationsdienste einen Vertrag über die Bereitstellung derartiger Dienste geschlossen hat oder jedenfalls Empfänger solcher Dienste durch Wertkarten ist, .	Anbieter des öffentlich zugänglichen elektronischen Kommunikationsdienstes,Anbieter eines öffentlich zugänglichen elektronischen Kommunikationsdienstes,Anbieter öffentlich zugänglicher elektronischer Kommunikationsdienste		Anbieter des Dienstes		"Der Begriff „Vertragspartner"" bezeichnet jede natürliche oder juristische Person, Behörde oder Vereinigung, die mit einem Anbieter eines öffentlich zugänglichen elektronischen Kommunikationsdienstes einen Vertrag über die Erbringung solcher Dienste geschlossen hat oder die solche Dienste anderweitig mittels Prepaid-Karten in Anspruch nimmt."
Die Pflicht zur Erlassung von Datensicherheitsmaßnahmen im Sinne der Art. 24, 25 und 32 DSGVO im Zusammenhang mit der Erbringung eines öffentlichen Kommunikationsdienstes obliegt jedem Betreiber eines öffentlichen Kommunikationsdienstes jeweils für jeden von ihm erbrachten Dienst.	Betreiber eines öffentlichen Kommunikationsdienstes,Betreiber öffentlicher Kommunikationsdienste		Diensteanbieter		Die Verpflichtung zur Umsetzung von Maßnahmen zur Datensicherheit gemäß den Artikeln 24, 25 und 32 der DSGVO im Zusammenhang mit der Bereitstellung eines öffentlichen elektronischen Kommunikationsdienstes obliegt jedem Betreiber eines öffentlichen Kommunikationsdienstes für jeden von ihm erbrachten Dienst.
Im Fall einer Verletzung des Schutzes personenbezogener Daten hat unbeschadet  der Betreiber öffentlicher Kommunikationsdienste unverzüglich die Datenschutzbehörde von dieser Verletzung zu benachrichtigen.	Betreiber eines öffentlichen Kommunikationsdienstes,Betreiber öffentlicher Kommunikationsdienste		Diensteanbieter		Im Falle einer Verletzung des Schutzes personenbezogener Daten hat der Betreiber öffentlicher Kommunikationsdienste, unbeschadet sonstiger Verpflichtungen, diese Verletzung unverzüglich der Datenschutzbehörde zu melden.
Der Teilnehmer kann von einem Anbieter eines öffentlich zugänglichen Telefondienstes verlangen, dass dieser einer Störung unverzüglich, auch nachts und an Sonn- und Feiertagen, nachgeht, wenn der Anbieter von öffentlich zugänglichen Telekommunikationsdiensten über beträchtliche Marktmacht verfügt.	Anbieter eines öffentlich zugänglichen Telekommunikationsdienstes,Anbieter von öffentlich zugänglichen Telekommunikationsdiensten		Anbieter des Dienstes,Diensteanbieter		Der Teilnehmer kann von einem Anbieter eines öffentlich zugänglichen Telekommunikationsdienstes verlangen, dass dieser unverzüglich, auch nachts und an Feiertagen, eine Störung behebt, sofern der Anbieter von öffentlich zugänglichen Telekommunikationsdiensten über eine beträchtliche Marktmacht verfügt.
„Zugehörige Dienste“ bedeutet diejenigen mit einem Kommunikationsnetz oder einem Kommunikationsdienst verbundenen Dienste, welche die Bereitstellung von Diensten über dieses Netz oder diesen Dienst ermöglichen oder unterstützen bzw. dazu in der Lage sind; .	Bereitstellung von Diensten	Bereitstellung von Diensten mit Zusatznutzen,Bereitstellung öffentlich zugänglicher Kommunikationsdienste			"„Verbundene Dienste"" bezeichnet Dienste, die mit einem Kommunikationsnetz oder einem Kommunikationsdienst verbunden sind und die Bereitstellung von Diensten über dieses Netz oder diesen Dienst ermöglichen oder unterstützen oder dazu in der Lage sind."
Mit Maßnahme des Generalsekretärs des Rechnungshofs in seiner Rolle als Verantwortlicher des Kostenzentrums werden allgemeine Bestimmungen über die Festsetzung der Vergütungen für die Sachverständigen und Verwahrer festgelegt.	Generalsekretär des Rechnungshofs	Informatikausschuss des Rechnungshofs	Präsident des Rechnungshofs		Mit einer Verfügung des Generalsekretärs des Rechnungshofs, in seiner Eigenschaft als Verantwortlicher des Kostenstellenbereichs, werden allgemeine Bestimmungen zur Festsetzung der Vergütungen für Sachverständige und Verwahrer erlassen.
Die dem Rechnungshof angehörenden Mitglieder des Richterstandes, die den Kontrollsektionen und -ämtern zugeteilt sind, melden der zuständigen Regionalstaatsanwaltschaft sämtliche im Rahmen der Ausübung ihrer Funktionersichtlichen Tatsachen, aus denen eine Haftung für Schäden zum Nachteil der öffentlichen Hand erwachsen kann.	Regionalstaatsanwaltschaft	Regionalstaatsanwalt			Die Mitglieder der Rechnungshofjustiz, die den Prüfungsabteilungen und -stellen zugeteilt sind, melden der zuständigen Regionalstaatsanwaltschaft alle Tatsachen, von denen sie im Rahmen ihrer Amtstätigkeit Kenntnis erlangt haben und die eine Schadenshaftung zu Lasten des Staatshaushalts begründen könnten.
Die Aufgaben des Staatsanwalts bei den mit der Rechtsprechung befassten Sektionen übt der Regionalstaatsanwalt oder ein anderes dem Amt zugewiesenes Mitglied des Richterstands aus.	Regionalstaatsanwalt		Regionalstaatsanwaltschaft		Die Aufgaben der Staatsanwaltschaft bei den Gerichtshöfen werden von der Regionalstaatsanwaltschaft oder von einem anderen Mitglied der Justiz wahrgenommen, das dieser Behörde zugewiesen ist.
Kulturwege, archäologische Parks und Kulturlandschaftspflege-Projekte verbinden Denkmal- und Naturschutz mit einer breiten Öffentlichkeitsarbeit und Forschung.	archäologischer Park			Archiv,Bibliothek,Endarchiv,Ensemble,Museum	Kulturwege, archäologische Parks und Projekte zum Schutz des kulturellen Erbes verbinden den Schutz von Kulturgütern und der Natur mit einer umfassenden Öffentlichkeitsarbeit und Forschung.
Falls es notwendig sein sollte, bestimmte Körperteile vor besonderen Risiken zu schützen, müssen den Arbeitnehmern geeignete Schutzmittel zur Verfügung gestellt werden, wie zum Beispiel angemessene Schutzschirme, Schürzen, Brustschutz, Beinschienen oder Gamaschen.	Beinschiene		Beinschutz,Beinschutzausrüstung	Gamasche,Knieschützer	Falls es erforderlich ist, bestimmte Körperteile vor besonderen Gefahren zu schützen, müssen den Arbeitnehmern geeignete Schutzausrüstungen zur Verfügung gestellt werden, wie beispielsweise entsprechende Schutzschirme, Schürzen, Brustschutz, Knieschützer oder Gamaschen.
Falls es notwendig sein sollte, bestimmte Körperteile vor besonderen Risiken zu schützen, müssen den Arbeitnehmern geeignete Schutzmittel zur Verfügung gestellt werden, wie zum Beispiel angemessene Schutzschirme, Schürzen, Brustschutz, Beinschienen oder Gamaschen.	Brustschutz		PSA,persönliche Schutzausrüstung		Falls es erforderlich ist, bestimmte Körperteile vor besonderen Gefahren zu schützen, müssen den Arbeitnehmern geeignete Schutzmittel zur Verfügung gestellt werden, wie beispielsweise entsprechende Schutzschirme, Schürzen, Brustschutz, Beinlinge oder Gamaschen.
Dreifingerhandschuhe eignen sich für Arbeiten, die den Gebrauch einzelner Finger in gewissem Umfang erfordern («Schlüsselgriff»). Dazu gehören zum Beispiel Schweissen, Schleifen und Reparaturarbeiten.	Dreifingerhandschuh		Schutzhandschuh	Fausthandschuh,Fünffingerhandschuh	Dreifingerhandschuhe eignen sich für Arbeiten, die in gewissem Mass den Einsatz einzelner Finger («Schlüsselgriff») erfordern. Dazu gehören beispielsweise Schweisstätigkeiten, Schleifarbeiten und Reparaturarbeiten.
Das Schutzsystem gegen Absturz, zertifiziert für den spezifischen Einsatz, muss einen freien Sturz von höchstens 1,5 m, oder bei Vorhandensein von Falldämpfern von 4 m, zulassen.	Falldämpfer		Auffangsystem,Schutzsystem gegen Absturz	Auffanggurt,Verbinder	Das für den jeweiligen Verwendungszweck zertifizierte Schutzsystem gegen Absturz muss einen freien Fall von höchstens 1,5 m bzw. bei Verwendung eines Falldämpfers von 4 m ermöglichen.
Fünffingerhandschuhe eignen sich, wenn höhere Anforderungen an die Fertigkeit und das Tastgefühl der Hände und Finger gestellt werden.	Fünffingerhandschuh		Schutzhandschuh	Dreifingerhandschuh,Fausthandschuh	Fünffingerhandschuhe sind geeignet, wenn höhere Anforderungen an die Geschicklichkeit sowie an die Tastempfindlichkeit der Hände und Finger gestellt werden.
Bei einer Kontrolle durch ein Organ der Lebensmittelaufsicht in einem Hotelbetrieb  wurden folgende Mängel festgestellt: Vier Köche trugen bei der Zubereitung von Speisen keinen Haarschutz.	Haarschutz	Haarnetz	Kopfschutz,PSA,Schutzausrüstung,persönliche Schutzausrüstung		Bei einer Kontrolle durch ein Lebensmittelüberwachungsorgan in einem Gastronomiebetrieb wurden folgende Mängel festgestellt: Vier Köche trugen bei der Zubereitung von Speisen keine Haarschutz.
Höhensicherungsgeräte halten stets eine straffe Verbindung zum Auffanggurt (ähnlich einem Automatik-Sicherheitsgurt im Pkw). Daher sind sie für wechselnde Arbeitsorte (horizontal bzw. vertikal) gut geeignet.	Höhensicherungsgerät		Auffangsystem		Höhensicherungsgeräte gewährleisten stets eine gespannte Verbindung mit dem Auffanggurt (vergleichbar mit einem automatischen Sicherheitsgurt in einem Kraftfahrzeug). Daher eignen sie sich besonders für Arbeitsplätze mit variierenden Positionen (horizontal oder vertikal).
Anstosskappen nach SN EN 812  bestehen im allgemeinen aus einer leichten Thermoplastschale, deren einfache Innenausstattung an die Kopfweite angepasst werden kann.	Anstosskappe		Kopfbedeckung,Kopfschutz,Kopfschutzmittel	Haarschutzhaube,Industrieschutzhelm,Schutzhaube,Schutzhelm	Industrieschutzhelme gemäss SN EN 812 bestehen in der Regel aus einer leichten Schale aus thermoplastischem Material, deren einfaches Innenfutter an den Kopfumfang angepasst werden kann.
Elektrische Gefährdungen durch elektrischen Schlag oder Lichtbogen können entstehen bei Anwendung der Elektrizität bei der Arbeit (zum Beispiel Verwendung von elektrischen Betriebsmitteln) oder bei der Durchführung von nicht elektrischen Arbeiten in der Nähe von unter Spannung stehenden Betriebsmitteln.	Lichtbogen	Störlichtbogen			Elektrische Gefahren durch Stromschläge oder Störlichtbögen können bei der Anwendung von Elektrizität am Arbeitsplatz (z. B. beim Einsatz elektrischer Betriebsmittel) oder bei der Durchführung nichtelektrischer Arbeiten in der Nähe unter Spannung stehender Betriebsmittel auftreten.
Die Schutzkleidung für hitzeexponierte Industriearbeiter ist bestimmt zum Schutz gegen Einwirkungen von heißen Teilen, Wärmestrahlung, kurzzeitigem Kontakt mit offenen Flammen, Funkenflug sowie flüssigen Metall- oder Schlackespritzern.	offene Flammen		Zündquelle		Der Hitzeschutz für Arbeitnehmer in der Industrie dient dem Schutz vor den Auswirkungen heißer Oberflächen, Wärmestrahlung, kurzzeitigem Kontakt mit Zündquellen, Funkenflug sowie Spritzern von geschmolzenem Metall oder Schlacke.
"Arbeitsbereiche, in denen Brand- und Explosionsgefahren bestehen und in denen der Umgang mit offenem Feuer verboten ist, müssen mit dem Verbotszeichen P 02 ""Feuer, offenes Licht und Rauchen verboten"" gekennzeichnet sein."	offenes Feuer		Zündquelle		"Arbeitsbereiche, in denen Brand- und Explosionsgefahr besteht und in denen offenes Feuer verboten ist, müssen mit dem Verbotsschild P 02 „Feuer, offenes Feuer und Rauchen verboten"" gekennzeichnet werden."
Schnittschutzschürzen aus Metall finden vor allem in fleischverarbeitenden Betrieben Verwendung, wo es zu Schnittverletzungen am Rumpf kommen kann.	Schnittschutzschürze		Schnittschutzkleidung,Schutzschürze	Schnittschutzhose	Schnittschutzschürzen aus Metall finden vor allem in fleischverarbeitenden Betrieben Verwendung, wo Schnittverletzungen am Rumpf auftreten können.
Röntgenschutzkleidung dient dazu, Untersucher und Assistenzpersonal vor Strahlung zu schützen.	Röntgenschutzkleidung		Strahlenschutzkleidung		Strahlenschutzkleidung dient dem Schutz des Untersuchers und des Assistenzpersonals vor Strahlung.
Für Arbeiten im Gefahrenraum von Gleisen sind den Arbeitnehmern Warnkleidung sowie Sicherheits- oder Schutzschuhe zur Verfügung zu stellen.	Schutzschuh	Zehenkappe,Zehenschutzkappe	Fußschutz,Fußschutzausrüstung	Berufsschuh,Sicherheitsschuh	Für Arbeiten im Gefahrenbereich der Gleise sind den Arbeitnehmern Warnkleidung sowie Sicherheitsschuhe oder Schutzschuhe zur Verfügung zu stellen.
Bei Schweißerschutzbekleidung unterscheidet man zwischen zwei Klassen. Je höher die Klasse umso höher die Schutzwirkung der PSA.	Schweißerschutzbekleidung,Schweißerschutzkleidung		Schutzkleidung	CS-Kleidung,Chemikalienschutzkleidung,Gasschutzkleidung,Hitzeschutzkleidung,Kälteschutzkleidung,Schutzkleidung gegen mechanische Einwirkung,Schutzkleidung gegen mechanische Einwirkungen,Staubschutzkleidung,Strahlenschutzkleidung,UV-Schutzbekleidung,UV-Schutzkleidung,Warnkleidung,Wetterschutzkleidung,antistatische Kleidung,antistatische Schutzkleidung	Bei Schweißerschutzkleidung wird zwischen zwei Klassen unterschieden. Je höher die Klasse, desto größer ist die Schutzwirkung der persönlichen Schutzausrüstung.
Grundsätzlich sollte bei Arbeiten mit offenen Lasern geschlossene, schwer entflammbare Kleidung (z. B. Schweißerschutzkleidung) getragen werden.	Schweißerschutzbekleidung,Schweißerschutzkleidung		Schutzkleidung	CS-Kleidung,Chemikalienschutzkleidung,Gasschutzkleidung,Hitzeschutzkleidung,Kälteschutzkleidung,Schutzkleidung gegen mechanische Einwirkung,Schutzkleidung gegen mechanische Einwirkungen,Staubschutzkleidung,Strahlenschutzkleidung,UV-Schutzbekleidung,UV-Schutzkleidung,Warnkleidung,Wetterschutzkleidung,antistatische Kleidung,antistatische Schutzkleidung	Grundsätzlich sollten bei Arbeiten mit offenen Lasern geschlossene, schwer entflammbare Schutzkleidung (z. B. Schweißerschutzkleidung) getragen werden.
Fuß- und Beinschutz ist persönliche Schutzausrüstung zum Schutz der Gliedmaßen der unteren Extremitäten vor Verletzungen, vor Schäden durch länger andauernde Beanspruchung, vor anderen schädigenden Einwirkungen und zum Schutz vor Ausrutschen (z. B. Sicherheitsschuhe, Schutzstiefel, Schnittschutzhosen).	Sicherheitsschuh	Zehenkappe,Zehenschutzkappe	Fußschutz,Fußschutzausrüstung	Berufsschuh,Schutzschuh	Fuß- und Beinschutz ist eine persönliche Schutzausrüstung zum Schutz der unteren Gliedmaßen vor Verletzungen, vor Schäden durch langandauernde Beanspruchung, vor sonstigen schädlichen Einwirkungen sowie zum Schutz gegen Ausrutschen (z. B. Sicherheitsschuh, Schutzstiefel, schnittfeste Hosen).
Für Kopfverletzte werden besondere Innenausstattungen geliefert. Je nach Art der Schädigung werden Textilbänder, Leder oder Schaumstoffpolster zur Verteilung der Helmlast auf dem Kopf unter Aussparung von empfindlichen Kopfbereichen verwendet.	Textilband		Kopfschutz,Kopfschutzausrüstung		Für Personen mit Schädelverletzungen werden spezielle Innenausstattungen bereitgestellt. Je nach Art der Verletzung werden Textilbänder, Lederriemen oder Schaumstoffpolster verwendet, um die Belastung des Helms auf dem Kopf zu verteilen und dabei die empfindlichen Bereiche des Kopfes auszusparen.
Verbindungsmittel dürfen nicht durch Verknoten befestigt, gekürzt oder verlängert werden.	Verbindungsmittel	Halteseil,Positionierungsseil	Auffangsystem	Auffanggurt,Falldämpfer,Verbindungselement	Verbindungselemente dürfen nicht durch Verknoten befestigt, verkürzt oder verlängert werden.
Die Arbeitnehmer müssen Warnkleider in grellen Farben tragen, die den ganzen Körper bedecken und mit lichtreflektierenden Flächen versehen sind.	Warnkleider	Signalweste,Warnweste	Schutzkleidung	Chemikalienschutzkleidung,Hitzeschutzkleidung,Kälteschutzkleidung,Schweisserschutzkleidung,Strahlenschutzkleidung,Wetterschutzkleidung,antistatische Schutzkleidung	Die Arbeitnehmenden müssen Warnkleider in Signalfarben tragen, die den ganzen Körper bedecken und mit reflektierenden Flächen ausgestattet sind.
Der Arbeitgeber gewährleistet, dass jeder Arbeitnehmer eine ausreichende und angemessene Ausbildung im Bereich der Gesundheit und Sicherheit erhält, auch unter Berücksichtigung der sprachlichen Kenntnisse .	Ausbildung	Pflichtausbildung,allgemeine Ausbildung,spezifische Ausbildung,verpflichtende Ausbildung		Auskunft,Erkundigung,Information,Schulung,praktische Schulung	Der Arbeitgeber gewährleistet, dass jeder Arbeitnehmer eine ausreichende und angemessene verpflichtende Ausbildung im Bereich Gesundheit und Sicherheit erhält, wobei auch die Sprachkenntnisse zu berücksichtigen sind.
Ab 1.1.2008 setzen sich die Notfalleinsatzgruppen in der Landesverwaltung und in den Kindergärten und Schulen jeglicher Art aus den Brandschutzbeauftragten und den Erste-Hilfe-Beauftragten zusammen.	Brandschutzbeauftragter		Mitglied der NFEG,Mitglied der Notfalleinsatzgruppe,Notfallbeauftragter	Erste-Hilfe-Beauftragter	Ab dem 1. Januar 2008 setzen sich die Notfallteams in der Landesverwaltung sowie in Kindergärten und Schulen aller Stufen aus Brandschutzbeauftragten und Ersthelfern zusammen.
Eine wesentliche Aufgabe der Brandschutzhelfer ist die Brandbekämpfung von Entstehungsbränden mit den im Unternehmen zur Verfügung stehenden Löschmitteln.	Brandschutzhelfer			Ersthelfer	Eine wesentliche Aufgabe der Brandschutzhelfer ist die Bekämpfung von Entstehungsbränden mit den im Betrieb verfügbaren Löschmitteln.
Die Erste-Hilfe-Beauftragten absolvieren eine theoretische und praktische Ausbildung für die Durchführung der internen Erste-Hilfe-Maßnahmen und die Aktivierung der Notfalleinsätze.	Erste-Hilfe-Beauftragter		Mitglied der NFEG,Mitglied der Notfalleinsatzgruppe,Notfallbeauftragter	Brandschutzbeauftragter	Die Erste-Hilfe-Beauftragten absolvieren eine theoretische und praktische Ausbildung zur Durchführung interner Erste-Hilfe-Maßnahmen und zur Alarmierung von Rettungskräften.
Bei der Verwendung biologischer Arbeitsstoffe müssen Arbeitgeber die dem jeweiligen Gesundheitsrisiko entsprechenden Sicherheitsvorkehrungen treffen. Erforderlichenfalls sind den Arbeitnehmern wirksame Impfstoffe zur Verfügung zu stellen.	Gesundheitsrisiko			Sicherheitsrisiko	Bei der Verwendung von biologischen Arbeitsstoffen haben Arbeitgeber die dem jeweiligen Gesundheitsrisiko angemessenen Sicherheitsmaßnahmen zu treffen. Gegebenenfalls sind wirksame Impfstoffe für die Arbeitnehmer bereitzustellen.
Das von einem Leuchtzeichen erzeugte Licht muss je nach den vorgesehenen Benutzungsbedingungen deutlich mit seiner Umgebung kontrastieren. Das Leuchtzeichen darf weder durch zu grelles Licht blenden noch durch zu schwaches Licht die Sichtbarkeit beeinträchtigen.	Leuchtzeichen		Sicherheits- und Gesundheitskennzeichnung,Sicherheits- und Gesundheitskennzeichnung am Arbeitsplatz,Sicherheitskennzeichnung	Handzeichen,Schallzeichen,Sicherheitskennzeichen,Sicherheitszeichen,Signalton,Zusatzzeichen,verbale Kommunikation	Das Leuchtzeichen muss je nach vorgesehenen Einsatzbedingungen einen deutlichen Kontrast zur Umgebung aufweisen. Das Leuchtzeichen darf weder durch zu intensive Helligkeit blenden noch durch zu schwache Helligkeit die Sicht beeinträchtigen.
Bei der Projektierung von unterirdischen Räumen müssen gute Lebensqualität und ein angenehmes Raumklima gewährleistet werden.	Mikroklima,Raumklima		physikalische Einwirkung		Bei der Planung von unterirdischen Räumen müssen eine gute Lebensqualität und ein angenehmes Mikroklima gewährleistet sein.
Die Risikobewertung durch physikalische Einwirkungen wird von Fachpersonal im Rahmen des Arbeitsschutzdienstes, welches über spezifische Kenntnisse in diesem Sachbereich verfügt, geplant und mindestens alle vier Jahre ausgeführt.	physikalische Einwirkung		Agent,Arbeitsstoff,Forstgehilfe,Forstwart,Handelsagent,Polizist,Staatspolizist,Täter	Karzinogen,Mutagen,biologischer Arbeitsstoff,biologischer Wirkstoff,chemischer Arbeitsstoff,chemischer Wirkstoff,erbgutverändernder Stoff,karzinogener Arbeitsstoff,mutagener Arbeitsstoff,thermische Einwirkung	Die Bewertung der Risiken durch mutagene Arbeitsstoffe wird mindestens alle vier Jahre von spezialisiertem Personal im Rahmen des Präventions- und Arbeitsschutzdienstes geplant und durchgeführt, welches über spezifische Kenntnisse auf diesem Gebiet verfügt.
Nichttrennende Schutzeinrichtungen müssen so konstruiert und in die Steuerung der Maschine integriert sein, dass die beweglichen Teile nicht in Gang gesetzt werden können, solange sie vom Bedienungspersonal erreicht werden können .	nichttrennende Schutzeinrichtung			trennende Schutzeinrichtung	Schutzeinrichtungen müssen so ausgelegt und in die Maschinensteuerung integriert sein, dass bewegliche Teile nicht in Gang gesetzt werden können, solange sie vom Bedienpersonal erreicht werden können.
Werden bei Arbeitsvorgängen offene radioaktive Stoffe unter Anwendung der notwendigen Sicherheitsmaßnahmen verwendet, so ist für die Dauer dieser Arbeitsvorgänge eine Kennzeichnung der radioaktiven Stoffe nicht erforderlich. Bei diesen Arbeitsvorgängen muss eine mit diesen Sicherheitsmaßnahmen vertraute Person anwesend sein.	Sicherheitsmaßnahme	Schutzmaßnahme			Werden im Rahmen von Arbeitsprozessen unversiegelte radioaktive Stoffe unter Anwendung der erforderlichen Sicherheitsmaßnahmen eingesetzt, so ist eine Kennzeichnung der radioaktiven Stoffe während der Dauer dieser Arbeitsprozesse nicht erforderlich. Während dieser Arbeitsprozesse muss eine Person anwesend sein, die mit diesen Sicherheitsmaßnahmen vertraut ist.
Bei der Konzeption von Arbeitsmitteln müssen Risikobeurteilungen gemacht werden, und im Rahmen eines Sicherheitskonzeptes ist für jede Gefährdung von Personen eine geeignete Sicherheitsmassnahme zu treffen.	Sicherheitsmassnahme	Schutzmassnahme			Bei der Konzeption von Arbeitsmitteln müssen Gefährdungsbeurteilungen durchgeführt werden; im Rahmen eines Sicherheitskonzepts ist für jede Gefahr für Personen eine geeignete Schutzmassnahme zu ergreifen.
Der Arbeitsschutzdienst arbeitet die Sicherheitsverfahren für die verschiedenen Betriebstätigkeiten aus.	Sicherheitsverfahren		Durchführungsverfahren		Der Arbeitsschutzdienst erarbeitet die Sicherheitsverfahren für die verschiedenen betrieblichen Tätigkeiten.
An Arbeitsplätzen mit erhöhter Unfallgefahr sowie an abgelegenen Arbeitsplätzen darf ein Arbeitnehmer nur allein beschäftigt werden, wenn eine wirksame Überwachung sichergestellt ist.	Unfallgefahr		Gefahr		An Arbeitsplätzen mit hoher Unfallgefahr sowie an abgelegenen Arbeitsplätzen darf ein Arbeitnehmer nur allein beschäftigt werden, wenn eine wirksame Überwachung gewährleistet ist.
Die Gesundheitsüberwachung beinhaltet Vorsorgeuntersuchungen, mit denen das Vorhandensein eventueller Kontraindikationen für die den Arbeitnehmern zugewiesene Arbeit überprüft wird, sowie ihre Eignung für die spezifische Aufgabe.	Vorsorgeuntersuchung	Vorsorgeuntersuchung vor der Einstellung	ärztliche Untersuchung	regelmäßige ärztliche Untersuchung	Die arbeitsmedizinische Überwachung umfasst Vorsorgeuntersuchungen, mit denen etwaige Kontraindikationen für die zugewiesene Arbeit sowie die Eignung der Arbeitnehmer für die spezifische Tätigkeit überprüft werden.
Zur Wirksamkeit der Sicherheitskennzeichnung tragen verschiedene Komponenten bei: die Farbe, die Form, das ergänzende Symbol, der Text, die Schriftart usw. Wie die einzelnen Teile miteinander kombiniert werden, kann ebenfalls bedeutsam sein.	Sicherheitskennzeichnung	Handzeichen,Lichtsignal,Sicherheitszeichen,Zusatzzeichen			Zur Wirksamkeit der Sicherheitskennzeichnung am Arbeitsplatz tragen verschiedene Komponenten bei: Farbe, Form, ergänzende Piktogramme, Text, Schriftart usw. Auch die Art und Weise, wie die einzelnen Teile miteinander kombiniert werden, kann von Bedeutung sein.
Verbotszeichen sind als weiße Kreise mit schwarzem Piktogramm und rotem Rand  zu gestalten.	Verbotszeichen		Sicherheitszeichen	Gebotszeichen,Rettungszeichen,Vorschriftszeichen,Warnzeichen,Zeichen der Brandbekämpfung	Verbotszeichen müssen als weiße Kreise mit schwarzem Piktogramm und rotem Rand ausgeführt sein.
Die Warnzeichen sind gelbe Dreiecke mit schwarzem Piktogramm und schwarzem Rand .	Warnzeichen		Sicherheitszeichen	Gebotszeichen,Rettungszeichen,Verbots- oder Beschränkungszeichen,Verbotszeichen,Vorschriftszeichen,Zeichen der Brandbekämpfung	Warnzeichen sind gelbe Dreiecke mit schwarzem Piktogramm und schwarzem Rand.
Lässt sich eine Gefahrenstelle nicht unverzüglich oder restlos beseitigen, so ist sie zu kennzeichnen. Dies kann geschehen durch ein Verbots-, Warn- oder Gebotszeichen, durch Farbe oder ein anderes Element, welches die Gefahr rasch und eindeutig erkennen lässt .	Gebotszeichen		Sicherheitszeichen	Rettungszeichen,Verbotssignal,Verbotszeichen,Warnzeichen,Zeichen für die Brandbekämpfung	Falls eine Gefahrenstelle nicht sofort oder vollständig beseitigt werden kann, muss sie gekennzeichnet werden. Dies kann durch ein Verbotssignal, ein Warnzeichen oder ein Gebotszeichen, durch Farbe oder ein anderes Element erfolgen, das es ermöglicht, die Gefahr schnell und eindeutig zu erkennen.
Da Rettungsschilder ohnehin in Grün vorgeschrieben sind, ist  die Farbe Grün für die Rettungszeichenleuchten über dem Notausgang zu empfehlen.	Rettungsschild		Schild,Sicherheitsschild	Brandschutzschild,Gebotsschild,Verbotsschild,Warnschild	Da Rettungsschilder ohnehin in Grün vorgeschrieben sind, wird für die Beleuchtung der Rettungszeichen über dem Notausgang die Farbe Grün empfohlen.
Ein Sicherheitszeichen ist ein Zeichen, das durch Kombination von geometrischer Form und Farbe sowie graphischem Symbol eine bestimmte Sicherheits- und Gesundheitsschutzaussage ermöglicht.	graphisches Symbol	Gefahrenpiktogramm			Eine Sicherheitskennzeichnung ist ein Zeichen, das durch die Kombination einer geometrischen Form, einer Farbe und eines graphischen Symbols eine spezifische Angabe zum Thema Sicherheit und/oder Gesundheit vermittelt.
Um die drohende Gefahr oder gewünschte sichere Verhaltensweise möglichst sinnfällig auf dem Sicherheitszeichen darzustellen, wird häufig ein Symbol  verwendet. Die lodernde Flamme symbolisiert zum Beispiel einen feuergefährlichen Stoff; das Ausrufezeichen gilt als Symbol der Gefahr.	Symbol	Gefahrenpiktogramm			Um auf dem Sicherheitsschild die drohende Gefahr oder das gewünschte sichere Verhalten so aussagekräftig wie möglich darzustellen, wird häufig ein Symbol verwendet. Die Flamme beispielsweise symbolisiert einen brennbaren Stoff; das Ausrufezeichen gilt als Gefahrenpiktogramm.
Es werden Farben gezielt für die Arbeitssicherheit eingesetzt. In den meisten Fällen werden den verwendeten Grundfarben entsprechende Kontrastfarben zugeordnet, um die zu übermittelnde Botschaft besser erkennbar zu machen	Kontrastfarbe			Sicherheitsfarbe	Die Farben werden gezielt für die Arbeitssicherheit eingesetzt. In den meisten Fällen werden den verwendeten Grundfarben entsprechende Kontrastfarben zugeordnet, um die vermittelte Botschaft besser erkennbar zu machen.
Eigenmerkmale von Verbotszeichen sind: Form: rund, schwarzes Piktogramm auf weißem Grund, Rand und Querbalken (von links nach rechts in einem Neigungswinkel von 45° zur Horizontalen) rot (die Sicherheitsfarbe Rot muss mindestens 35% der Oberfläche des Zeichens ausmachen).	Querbalken		Verbotsschild		Die wesentlichen Merkmale von Verbotsschildern sind: Form: rund, schwarzes Piktogramm auf weißem Grund, roter Rand und rotes Verbotsschild (von links nach rechts mit einem Neigungswinkel von 45° zur Horizontalen) (die Sicherheitsfarbe Rot muss mindestens 35 % der Schildfläche einnehmen).
Eigenmerkmale von Verbotszeichen sind: Form: rund, schwarzes Piktogramm auf weißem Grund, Rand und Querbalken (von links nach rechts in einem Neigungswinkel von 45° zur Horizontalen) rot (die Sicherheitsfarbe Rot muss mindestens 35% der Oberfläche des Zeichens ausmachen).	Rand		Verbotsschild,Warnschild		Die wesentlichen Merkmale von Verbotsschildern sind: Form: rund, schwarzes Piktogramm auf weißem Grund, Rand und Querbalken (von links nach rechts mit einem Neigungswinkel von 45° zur Horizontalen) in Rot (die Sicherheitsfarbe Rot muss mindestens 35 % der Schildfläche einnehmen).
Bodenbeläge sind so auszuführen, dass sich keine Funken bilden können.	Funke		Zündquelle		Bodenbeläge müssen so ausgeführt sein, dass keine Funken entstehen können.
Erst  wenn die Kontaktfläche groß wird, z. B. durch unprofilierte oder grob/großflächig profilierte Schuhsohlen, bei hoher Aufsetzgeschwindigkeit und geringer Aufsetzkraft (z. B. durch weiten Ausfallschritt) oder durch anderes Gleitmittel (z. B. Öl) erhöht sich das Rutschrisiko.	Rutschgefährdung,Rutschrisiko		Gefahr,Gefährdung,Risiko	Stolpergefährdung,Sturz- und Absturzgefährdung,Sturz- und Absturzrisiko	Erst wenn die Kontaktfläche groß wird, etwa durch unprofilierte oder grobprofilierte Schuhsohlen mit großflächiger Auflage, bei hoher Aufprallgeschwindigkeit und geringer Aufprallkraft (beispielsweise infolge eines langen Schrittes) oder durch andere Gleitmittel (beispielsweise Öl), steigt die Rutschgefährdung.
Bei Unfällen und Bränden mit brandfördernden Stoffen (Klasse 5) ist mit der Freisetzung von Aktivsauerstoff bzw. eines anderen oxidierend wirkenden Stoffes zu rechnen.	brandfördernder Stoff		Verbrennung,Verbrennungsvorgang	Brennstoff,Zündquelle,brennbarer Stoff	Bei Unfällen und Bränden mit brandfördernden Stoffen (Klasse 5) ist die Freisetzung von aktivem Sauerstoff oder einer anderen oxidierend wirkenden Substanz zu erwarten.
„Binnenschifffahrtsinformationsdienste (River Information Services – RIS)“ sind die harmonisierten Informationsdienste zur Unterstützung des Verkehrs- und Transportmanagements in der Binnenschifffahrt einschließlich – sofern technisch durchführbar – der Schnittstellen mit anderen Verkehrsträgern .	Binnenschifffahrt		Schifffahrt		"„Informationsdienste für die Binnenschifffahrt (River Information Services – RIS)"" sind harmonisierte Informationsdienste zur Unterstützung des Verkehrs- und Transportmanagements in der Binnenschifffahrt, einschließlich – soweit technisch machbar – der Schnittstellen zu anderen Verkehrsträgern."
Bei dem muskelkraftbetriebenen Sportfahrzeug darf  die vom Hersteller angegebene höchste zulässige Anzahl der Sitzplätze nicht überschritten werden und muss für jeden Fahrgast und jedes Besatzungsmitglied ein Rettungsmittel  an Bord vorhanden sein.	Rettungsmittel		PSA,Schutzausrüstung,persönliche Schutzausrüstung		Für das muskelbetriebene Sportfahrzeug darf die vom Hersteller angegebene maximale Anzahl zugelassener Sitzplätze nicht überschritten werden, und an Bord muss für jeden Passagier sowie für jedes Besatzungsmitglied ein Rettungsmittel vorhanden sein.
In der Galvanotechnik und in den Laboratorien ist die Installation leicht und schnell erreichbarer Notduschen und Augenduschen erforderlich. Die Duschen müssen eindeutig gekennzeichnet sein und der Zugang muss stets freigehalten werden.	Notdusche		Erste-Hilfe-Ausstattung		In Galvanisierungsbetrieben und Laboratorien müssen leicht und schnell erreichbare Notduschen und Augenduschen installiert werden. Die Duschen müssen deutlich gekennzeichnet sein, und der Zugang zu ihnen muss stets frei gehalten werden.
In unmittelbarer Nähe von Turnhallen ist ein Erste-Hilfe-Raum mit einer Liege einzurichten.	Erste-Hilfe-Raum,Sanitätsraum			Krankenzimmer,Pflegeraum	In unmittelbarer Nähe der Turnhallen ist ein Erste-Hilfe-Raum mit einem Behandlungstisch einzurichten.
Die Betriebe der Gruppe C haben folgende Ausstattung: a) einen Verbandskasten an jedem Arbeitsort, der angemessen und an einem leicht zugänglichen Ort aufbewahrt wird und anhand einer geeigneten Kennzeichnung auffindbar ist, .	Verbandskasten		Erste-Hilfe-Ausstattung	Erste-Hilfe-Koffer	Die Unternehmen der Gruppe C verfügen über folgende Ausstattung: a) einen Verbandskasten an jedem Arbeitsplatz, der angemessen aufbewahrt und an einem leicht zugänglichen Ort gelagert wird, der durch entsprechende Kennzeichnung deutlich erkennbar ist.
Rettungstransportmittel, z. B. Krankentragen, dienen dem sachkundigen, schonenden Transport Verletzter vom Ort des Geschehens zur weiteren Versorgung.	Krankentrage	Schleifkorbtrage			Die Rettungsmittel, wie etwa die Krankentrage, dienen dem sachgerechten und schonenden Transport von Verletzten vom Unfallort zur weiteren medizinischen Versorgung.
Wenn kein fließendes Wasser zur Verfügung steht, kann die mit Trinkwasser gespeiste Augennotdusche in Abweichung von den allgemeinen Regeln durch Augenspülflüssigkeiten ersetzt werden.	Augendusche,Augennotdusche		Augenspüleinrichtung	Augenspülflasche	Falls kein fließendes Wasser verfügbar ist, kann eine mit Trinkwasser betriebene Augennotdusche abweichend von den allgemeinen Vorschriften durch Augenspüllösungen ersetzt werden.
Für den Ernstfall wichtige Einrichtungen wie Brandschutztüren, Feuerlöscher, Brandmelder, Hydranten und Brandmeldetelefone durch Brandschutzschilder kennzeichnen.	Brandmeldetelefon			Notruftelefon	Wichtige Einrichtungen für den Notfall, wie Brandschutztüren, Feuerlöscher, Rauchmelder, Hydranten und Brandmeldetelefone, mit entsprechenden Schildern kennzeichnen.
Die rasche Beseitigung der von den Sprengstoffen verursachten Gasen, des Qualms und des Staubs ist durch künstliche Belüftung zu bewirken .	künstliche Belüftung		Lüftung		Die rasche Entfernung von Gasen, Rauch und Staub, die durch Sprengstoffe verursacht werden, muss durch künstliche Belüftung erfolgen.
Mitarbeiter, die sich über Stunden unter schlechten klimatischen Bedingungen in geschlossenen Räumen aufhalten, leiden häufig unter Beschwerden wie Kopfschmerzen, mangelnder Konzentrationsfähigkeit oder Übelkeit.	geschlossener Raum			teilweise geschlossener Raum	Mitarbeiter, die stundenlang in geschlossenen Räumen unter ungünstigen klimatischen Bedingungen verweilen, leiden häufig unter Beschwerden wie Kopfschmerzen, verminderter Konzentrationsfähigkeit oder Übelkeit.
Tätigkeiten im Kältebereich oder im Hitzebereich sind auf das absolute Mindestmaß zu begrenzen. Personen, die sich in diesen Bereichen aufhalten, müssen in die Pflichtvorsorge  aufgenommen werden.	Kältebereich,Kälteumgebung			heiße Umgebung,warme Umgebung	Tätigkeiten in einem Kältebereich oder in einer heißen Umgebung müssen auf das unbedingt erforderliche Maß beschränkt werden. Personen, die sich in solchen Umgebungen aufhalten, müssen in die obligatorische arbeitsmedizinische Überwachung einbezogen werden.
Ein Brandverlauf kann in Phasen, die sich durch unterschiedliche Charakteristika bezüglich Brandausdehnung, Temperatur und Rauchentwicklung unterscheiden, gegliedert werden.	Brandverlauf	Abklingphase,Anfangsphase des Brandes,Entstehungsbrandphase,Vollbrandphase			Der Brandverlauf kann in Phasen unterteilt werden, die sich hinsichtlich des Ausmaßes des Brandes, der Temperatur und der Rauchentwicklung durch unterschiedliche Merkmale unterscheiden.
Ist das Betreiben einer Werkzeugmaschine mit einem hohen Brandrisiko und mit der Gefahr von nachfolgenden Metallbränden verbunden, sind integrierte Brandmelde- und Löscheinrichtungen vorzusehen .	Metallbrand		Brand,Brandstiftung		Falls der Betrieb einer Werkzeugmaschine mit einem hohen Brandrisiko und der Gefahr nachfolgender Metallbrände verbunden ist, müssen integrierte Brandmelde- und Löschanlagen vorgesehen werden.
Die Entwicklung eines Feststoffbrands erfolgt typischer Weise in der Reihenfolge Entstehungs-, Ausbreitungs-, Vollbrand- und Abklingphase.	Abklingen,Abklingphase		Brandverlauf	Anfangsphase des Brandes,Entstehungsbrandphase,Entstehungsphase,Vollbrand,Vollbrandphase,Zündphase,voll entwickelter Brand	Die Entwicklung eines Feststoffbrandes verläuft typischerweise in der Abfolge der Zündphase, der Ausbreitungsphase, des Vollbrandes und der Abklingphase.
In der Brandklasse B werden Brände von flüssigen oder flüssig werdenden Stoffen zusammengefasst, die unter reiner Flammenbildung verbrennen. Dazu gehören unter anderem Benzin, Benzol, Heizöl, Diesel, Alkohol, Teer, Wachs, Farben, Lacke, Lösungsmittel, Aceton, Ether, Harz sowie viele Kunststoffe.	Brand von flüssigen oder flüssig werdenden Stoffen		Brand,Brandstiftung		Zur Brandklasse B gehören Brände von Flüssigkeiten oder schmelzbaren Feststoffen, die mit reiner Flammenbildung brennen. Hierzu zählen unter anderem Benzin, Benzol, Heizöl, Diesel, Alkohol, Teer, Wachs, Farben, Lacke, Lösungsmittel, Aceton, Äther, Harz sowie zahlreiche Kunststoffe.
Druckbelüftungsanlagen müssen im Brandfall automatisch auslösen. Sie dürfen auch zusätzlich über eine automatische Brandmeldeanlage ausgelöst werden können.	automatische Brandmeldeanlage		Brandschutzanlage,Löschanlage		Rauchschutzdruckanlagen müssen im Brandfall automatisch aktiviert werden. Sie können zusätzlich auch über eine automatische Brandmeldeanlage aktiviert werden.
Falls Wände Teil einer baulichen Brandabschnittstrennung sind , müssen sie die Anforderungen an Brandwände erfüllen . Sie müssen dann u. a.: aus Baustoffen der Baustoffklasse A  bestehen; mindestens feuerbeständig  sein.	Brandabschnittstrennung		Brandschutzmaßnahme		Sofern die Wände Teil einer baulichen Brandabschnittstrennung sind, müssen sie die Anforderungen an Brandwände erfüllen. Sie müssen daher unter anderem aus Baustoffen der Klasse A bestehen und mindestens feuerbeständig sein.
Der technisch bedingte Hintergrundlärm in einem Büroraum wird in der Regel durch Klimaanlagen und EDV-Geräte erzeugt.	Hintergrundlärm		Geräusch,Lärm		Der technisch bedingte Hintergrundlärm in einem Büro wird üblicherweise durch Klimaanlagen und EDV-Geräte verursacht.
Eine Aufnahme von Wirkstoffen über die benetzte Haut ist  möglich, unter den praktischen Rahmenbedingungen (übliche Expositionsintensität und -dauer) der Flächendesinfektion sind allerdings systemische Wirkungen im Sinne von Organschäden oder neurologischen Defekten unwahrscheinlich .	Expositionsausmaß,Expositionsintensität		Exposition	Einwirkdauer,Einwirkungsdauer,Expositionsart,Expositionsdauer,Expositionswert	Die Aufnahme von Wirkstoffen über die feuchte Haut ist zwar möglich, jedoch sind bei den praktischen Bedingungen (übliche Expositionsintensität und -dauer) der Flächendesinfektion systemische Wirkungen in Form von Organschäden oder neurologischen Beeinträchtigungen unwahrscheinlich.
Bei Arbeiten im Apothekenlaboratorium, wie beispielsweise der Prüfung von Ausgangsstoffen, werden gefährliche Stoffe in geringen Mengen verwendet. Die chemischen Expositionsrisiken sind bei automatisierten Verfahren sehr gering, bei manuellen Verfahren können sie aufgrund des möglichen Expositionsausmaßes relevant sein.	Expositionsausmaß,Expositionsintensität		Exposition	Einwirkdauer,Einwirkungsdauer,Expositionsart,Expositionsdauer,Expositionswert	Bei der Ausübung von Tätigkeiten im pharmazeutischen Labor, wie etwa der Prüfung von Rohstoffen, werden gefährliche Stoffe in geringen Mengen verwendet. Die Risiken einer chemischen Exposition sind bei automatisierten Prozessen sehr gering, während sie bei manuellen Prozessen aufgrund der möglichen Expositionsintensität erheblich sein können.
Bei der Ermittlung der Expositionswerte bei Vibrationsbelastung wird auf einen Beurteilungszeitraum von 8 h normiert.	Expositionswert	Lärmexpositionspegel	Exposition	Einwirkdauer,Einwirkungsdauer,Expositionsart,Expositionsausmaß,Expositionsdauer,Expositionsintensität	Bei der Ermittlung des Expositionswerts im Falle einer Exposition gegenüber Vibrationen wird auf einen Beurteilungszeitraum von 8 Stunden normiert.
Eine Betriebsbegehung zur Kontrolle der Brandschutzmaßnahmen – auf Basis der Risikobeurteilung – sollte regelmäßig, mindestens jedoch in Abständen von zwei Jahren, durchgeführt werden.	Brandschutzmaßnahme	Brandabschnittstrennung			Eine Betriebsbegehung zur Überprüfung der Brandschutzmaßnahmen – auf Grundlage der Gefährdungsbeurteilung – sollte regelmäßig, mindestens jedoch in Abständen von zwei Jahren durchgeführt werden.
Können Gesundheitsbeeinträchtigungen durch technische oder organisatorische Massnahmen nicht oder nicht vollständig ausgeschlossen werden, so muss der Arbeitgeber den Arbeitnehmern zumutbare und wirksame persönliche Schutzausrüstungen zur Verfügung stellen.	organisatorische Massnahme			technische Massnahme	Falls Gesundheitsbeeinträchtigungen nicht ausgeschlossen werden können oder nicht vollständig durch technische Massnahmen oder organisatorische Massnahmen ausgeschlossen werden können, muss der Arbeitgeber den Arbeitnehmern geeignete und wirksame persönliche Schutzausrüstungen zur Verfügung stellen.
Für Arbeitnehmer, welche Arbeitsstoffen ausgesetzt sind, für die ein biologischer Arbeitsstofftoleranzwert festgesetzt ist, ist die biologische Überwachung verpflichtend.	biologischer Arbeitsstofftoleranzwert		Grenzwert		Für Arbeitnehmer, die Substanzen ausgesetzt sind, für die ein biologischer Arbeitsstofftoleranzwert festgelegt wurde, ist eine biologische Überwachung obligatorisch.
Nach der Sprengung ist es notwendig, mindestens 15 Minuten nach der letzten Detonation abzuwarten, bevor der Sprengmeister und der Schichtführer zum Abbaufront zurückkehren; wegen der Explosionsgase ist immer Erstickungsgefahr zu befürchten.	Erstickungsgefahr		Gefahr		Nach dem Schuss muss nach der letzten Detonation mindestens 15 Minuten gewartet werden, bevor der Sprengmeister und der Truppführer zum Fällbereich zurückkehren, da aufgrund der Explosionsgase stets Erstickungsgefahr besteht.
Schweiß- und Schneidarbeiten unter Druckluft erhöhen die Brandgefahr sowie die Vergiftungsgefahr durch Schweißrauche.	Intoxikationsgefahr,Vergiftungsgefahr		Gefahr		Schweiß- und Schneidarbeiten unter Druckluft erhöhen die Brandgefahr sowie die Intoxikationsgefahr durch Schweißrauche.
Für diejenigen, die sich für längere Zeit im Tunnel aufhalten müssen, stehen einige Bezugselemente zur Verfügung, die eine Garantien zum Schutz ihrer Gesundheit bieten. Diese Bezugselemente bestehen aus einer Reihe von Grenzwerten (genannt TLV) für jede potenziell eingeatmete Substanz.	TLV	TLV-STEL,TLV-TWA			Für Personen, die sich über einen längeren Zeitraum im Tunnel aufhalten müssen, stehen Richtwerte zur Verfügung, die den Schutz ihrer Gesundheit gewährleisten. Diese Richtwerte bestehen aus einer Reihe von Grenzwerten (TLV-STEL) für jede potenziell einatembare Substanz.
Chemikalien werden nach ihrer Giftigkeit in drei Gruppen eingeteilt: sehr giftige (T+); giftige (T) und gesundheitsschädliche Chemikalien (Xn).	Giftigkeit,Toxizität	akute Toxizität,chronische Toxizität			Chemische Stoffe werden entsprechend ihrer Giftigkeit in drei Gruppen eingeteilt: sehr giftige chemische Stoffe (T+), giftige chemische Stoffe (T) und gesundheitsschädliche chemische Stoffe (Xn).
Soweit Arbeitsstoffe noch entsprechend ihren Eigenschaften im Sinne des § 3 ChemG 1996 eingestuft oder gekennzeichnet sind, gelten für sie auch jene Bedienstetenschutzvorschriften, die bereits auf die entsprechende Gefahrenkategorie nach der CLP-Verordnung abstellen .	Gefahrenkategorie		Gefahrenklasse		Soweit Arbeitsstoffe noch gemäß ihren Eigenschaften nach § 3 ChemG 1996 eingestuft oder gekennzeichnet sind, gelten für diese auch jene Bestimmungen zum Schutz der Arbeitnehmer, die sich bereits auf die entsprechende Gefahrenkategorie gemäß der CLP-Verordnung beziehen.
Die Durchführung von Instruktionskursen und Evakuierungsübungen mit allen betroffenen Gebäudenutzern ist gemäss den gesetzlichen Vorschriften ­gerade bei Gebäuden, von denen eine besondere Gefährdung ausgeht, peri­odisch und unter Anleitung des SIBE Sicherheitsbeauftragten zu ­organisieren.	Evakuierungsübung			Brandschutzübung	Die Durchführung von Schulungskursen und Evakuierungsübungen mit allen betroffenen Gebäudenutzern ist periodisch und unter der Leitung des SIBE-Sicherheitsverantwortlichen gemäss den gesetzlichen Bestimmungen zu organisieren, insbesondere für Gebäude, von denen eine besondere Gefahr ausgeht.
Als Räumungssignal dienen die Sirenen der Brandmeldeanlage. Daraufhin erfolgt eine automatisierte Durchsage über Lautsprecher, welche die notwendige Räumung des Gebäudes ankündigt.	Evakuierungssignal,Räumungssignal	Dauerton			Als Räumungssignal dienen die Sirenen der Brandmeldeanlage. Anschließend wird über Lautsprecher eine automatisierte Durchsage verbreitet, die die notwendige Evakuierung des Gebäudes bekannt gibt.
Es empfiehlt  sich, für die Alarmierung der Bevölkerung im Notstandsfall landesweit nur das einheitliche Zivilschutzsignal „Alarm“ mit einem einminütigen auf- und abschwellenden Heulton zu verwenden.	auf- und abschwellender Heulton		Evakuierungssignal,Räumungssignal	Dauerton	"Es wird empfohlen, auf nationaler Ebene zur Warnung der Bevölkerung im Katastrophenfall ausschließlich das einheitliche Zivilschutzsignal „Alarm"" mit einem auf- und abschwellenden Heulton zu verwenden."
Das Arbeitsprogramm beinhaltet einen Notfallplan sowie Angaben über die Arbeitsweisen, die persönlichen Schutzausrüstungen, die Techniken und Arbeitsverfahren, die Verankerungen, die Positionierung des Arbeiters, die Zugänge, die Arbeitstrupps und die Werkzeuge .	Evakuierungsplan,Notfall- und Evakuierungsplan,Notfallplan	Räumungsplan			Das Arbeitsprogramm umfasst einen Notfall- und Evakuierungsplan sowie Angaben zu den Arbeitsmethoden, den persönlichen Schutzausrüstungen, den Arbeitstechniken und -verfahren, den Anschlagmitteln, der Positionierung des Arbeitnehmers, den Zugangswegen, den Arbeitstrupps und den Werkzeugen.
Der Auftragnehmer und das ihn vertretende Personal nehmen den Lageplan des Gebäudes, den Verlauf der Fluchtwege und den Evakuierungsplan zur Kenntnis.	Evakuierungsplan,Notfall- und Evakuierungsplan,Notfallplan	Räumungsplan			Der Auftragnehmer und das von ihm bevollmächtigte Personal nehmen den Grundriss des Gebäudes, den Verlauf der Fluchtwege sowie den Notfall- und Evakuierungsplan zur Kenntnis.
Die Betriebe der Gruppe A und B haben folgende Ausstattung: a) einen Erste-Hilfe-Koffer an jedem Arbeitsort, der angemessen und an einem leicht zugänglichen Ort aufbewahrt wird und anhand einer geeigneten Kennzeichnung auffindbar ist, .	Erste-Hilfe-Koffer		Erste-Hilfe-Ausstattung	Verbandskasten	Die Betriebe der Gruppen A und B müssen mit folgenden Einrichtungen ausgestattet sein: a) einem Erste-Hilfe-Koffer an jedem Arbeitsplatz, der den Anforderungen entspricht und an einem leicht zugänglichen Ort aufbewahrt wird, der durch entsprechende Beschilderung deutlich gekennzeichnet ist.
Im Jahr 2004 wurden 82 Untersuchungen von schweren und tödlichen Arbeitsunfällen durchgeführt. Die häufigsten Unfallursachen waren Stürze aus großer Höhe oder Verletzungen bei der Verwendung von Maschinen oder Werkzeugen.	Unfallursache	gewaltsame Ursache			Im Jahr 2004 wurden 82 Ermittlungen zu schweren und tödlichen Arbeitsunfällen durchgeführt. Die häufigsten Unfallursachen waren Stürze aus großer Höhe oder Verletzungen infolge der Verwendung von Maschinen oder Werkzeugen.
Stellteile müssen so gestaltet sein, dass unter Berücksichtigung ergonomischer Prinzipien ihre Anordnung, ihre Bewegungsrichtung und ihr Betätigungswiderstand mit der Steuerwirkung kompatibel sind.	Stellteil	Not-Halt-Befehlsgerät,Not-Halt-Gerät			Die Not-Halt-Befehlsgeräte müssen so gestaltet sein, dass ihre Anordnung, ihre Bewegungsrichtung und ihr Betätigungswiderstand unter Berücksichtigung ergonomischer Grundsätze mit der Steuerwirkung vereinbar sind.
Bei der Kontrollinspektion muß der Arbeitsinspektor sowohl die Abänderungsprojekte prüfen, als auch die Abnahmen der Änderungen an den Maschinen, Anlagen und Einrichtungen durchführen.	Kontrollinspektion		Augenschein,Inspektion		Im Rahmen einer Kontrollinspektion hat der Arbeitsinspektor sowohl die Änderungspläne zu prüfen als auch die Genehmigungen für Änderungen an Maschinen, Anlagen und Geräten zu erteilen.
Die Risikostufe wird nicht aufgrund des Vorhandenseins von einzelnen Indikatoren der Bereiche Arbeitsinhalt und Arbeitskontext bewertet, sondern in ihrer Gesamtheit.	Risikoklasse,Risikostufe	geringes Risiko,mittleres Risiko,niedriges Risiko			Die Risikostufe wird nicht auf Grundlage einzelner Indikatoren in den Bereichen Arbeitsinhalt und Arbeitsumfeld bewertet, sondern unter Berücksichtigung ihrer Gesamtheit.
Die aktiven Teile elektrischer Anlagen und Betriebsmittel müssen entsprechend ihrer Spannung, Frequenz, Verwendungsart und ihrem Betriebsort durch Isolierung, Lage, Anordnung oder festangebrachte Einrichtungen gegen direktes Berühren geschützt sein.	aktives Teil	ungeschütztes aktives Teil,unter Spannung stehendes aktives Teil			Unter Spannung stehende aktive Teile von elektrischen Anlagen und Betriebsmitteln müssen je nach ihrer Spannung, Frequenz, Art der Verwendung und dem Einsatzort durch Isolierung, Lage, Anordnung oder fest installierte Schutzeinrichtungen gegen direktes Berühren geschützt sein.
Bei Stromunfällen im Niederspannungsbereich kommt es häufig zu einem mechanischen Zusammenziehen der Muskulatur (Klebenbleiben). Dabei kann es zu Muskel- und Sehnenabrissen sowie Zerrungen kommen. Durch Schreckreaktionen sind Sekundärunfälle, z. B. Sturz von der Leiter, häufig.	Sekundärunfall		Unfall		Bei elektrischen Unfällen mit Niederspannung kommt es häufig zu einer mechanischen Muskelkontraktion (Verkrampfung). Dies kann zu Muskel- und Sehnenrissen sowie zu Zerrungen führen. Aufgrund von Schreckreaktionen sind Sekundärunfälle, wie etwa Stürze von Leitern, häufig.
Der Basisschutz soll sicher stellen, dass Personen und Nutztiere aktive Teile unter normalen Betriebsbedingungen nicht berühren können, wenn die Nennspannungen über 25 Effektivwert Wechselspannung bzw. 60 V Gleichspannung betragen.	Basisschutz,Schutz gegen direktes Berühren			Fehlerschutz,Schutz bei indirektem Berühren	Der Schutz gegen direktes Berühren muss gewährleisten, dass Personen und Nutztiere unter normalen Betriebsbedingungen keine aktiven Teile berühren können, sofern die Nennspannungen 25 V bei Wechselstrom (Effektivwert) oder 60 V bei Gleichstrom überschreiten.
Bevorzugt sind Fehlerstrom-Schutzeinrichtungen für den Fehlerschutz einzusetzen. Alternativ dürfen Überstrom-Schutzeinrichtungen für den Fehlerschutz verwendet werden.	Fehlerschutz,Schutz bei indirektem Berühren			Basisschutz,Schutz gegen direktes Berühren	Vorzugsweise sind Fehlerstrom-Schutzeinrichtungen zum Schutz bei indirektem Berühren einzusetzen. Alternativ können Überstrom-Schutzeinrichtungen zum Fehlerschutz verwendet werden.
Die Schutzklassen dienen dazu Betriebsmittel / Geräte in Bezug auf ihren Schutz vor elektrischem Schlag zu beurteilen und einzuteilen.	Schutzklasse	Schutzklasse I,Schutzklasse II,Schutzklasse III			Die Schutzklassen dienen der Bewertung und Einstufung von Produktionsmitteln bzw. Geräten hinsichtlich ihres Schutzes gegen elektrische Schläge.
Bei Berührung von stromführenden Teilen kommt es zu einem Stromunfall, wenn ein geschlossener Stromkreis entsteht.	Elektrounfall,Stromunfall		Unfall		Bei Kontakt mit unter Spannung stehenden Teilen liegt ein Stromunfall vor, sofern ein geschlossener Stromkreis entsteht.
Bei den unmittelbaren (direkten) Auswirkungen ist grundsätzlich zu unterscheiden zwischen akuten und chronischen Wirkungen von Vibrationen.	direkte Auswirkungen,unmittelbare Auswirkungen,unmittelbare Wirkungen	akute Wirkungen,chronische Wirkungen		indirekte Auswirkungen,mittelbare Auswirkungen,mittelbare Wirkungen	Hinsichtlich der unmittelbaren Auswirkungen ist grundsätzlich zwischen akuten und chronischen Wirkungen von Vibrationen zu unterscheiden.
Wer ständig mit einem Stemmhammer arbeitet, für den sollten Antivibrationshandschuhe zur Grundausstattung gehören.	Antivibrationshandschuh		Schutzhandschuh		Wer regelmäßig mit einem Presslufthammer arbeitet, sollte Antivibrationshandschuhe als Teil der Grundausrüstung verwenden.
Die Bewertung des Expositionswertes für Hand-Arm-Vibrationen erfolgt anhand der Berechnung des auf einen Bezugszeitraum von 8 Stunden normierten Tagesexpositionswertes A(8) .	A(8),Tagesexpositionswert,täglicher Expositionspegel		Expositionswert für mechanische Vibrationen		Die Bewertung des Expositionswertes für Vibrationen, die auf das Hand-Arm-System übertragen werden, erfolgt durch die Berechnung des Tagesexpositionswertes A(8), normiert auf einen Bezugszeitraum von 8 Stunden.
Die PSAgA wird so eingesetzt, dass auch bei einem Wechsel der Anschlagpunkte ein ununterbrochener Schutz gegen Absturz besteht.	PSA gegen Absturz,PSAgA	Auffangsystem,Höhensicherungsgerät,Rückhaltesystem	PSA,Schutzausrüstung,persönliche Schutzausrüstung	Arbeitsplatzpositionierungssystem	Die PSA gegen Absturz ist so einzusetzen, dass ein durchgängiger Schutz gegen Absturz gewährleistet ist, auch beim Wechsel der Anschlagpunkte.
Das Arbeitsseil ist mit sicheren Mitteln für das Aufsteigen und Abseilen zu versehen; es ist mit einem selbstblockierenden System zu versehen, welches den Absturz verhindert, falls der Benutzer die Kontrolle über die eigenen Bewegungen verliert.	Arbeitsseil		Seil	Sicherheitsseil	Das Arbeitsseil muss mit sicheren Vorrichtungen zum Auf- und Absteigen ausgestattet sein; es muss über ein selbsthemmendes System verfügen, das einen Absturz verhindert, falls der Benutzer die Kontrolle über seine Bewegungen verliert.
Das Sicherheitsseil ist mit einer beweglichen Absturzsicherung zu versehen, welche mit den Bewegungen des Arbeitnehmers mitläuft.	Sicherheitsseil		Seil	Arbeitsseil	Das Sicherheitsseil muss mit einem mobilen Absturzschutzgerät ausgestattet sein, das den Bewegungen des Arbeitnehmers folgt.
Im Gegensatz zu betretbaren Verglasungen ist für durchsturzsichere Verglasungen statisch keine vertikale Nutzlast für die Bemessung der Verglasung zu berücksichtigen.	durchsturzsicher			bedingt begehbar,begehbar,betretbar,nicht durchsturzsicher	Im Gegensatz zu begehbaren Glasflächen muss bei durchsturzsicherem Glas bei der statischen Bemessung keine vertikale Nutzlast berücksichtigt werden.
Das Strassenverkehrsamt des Kantons Graubünden ordnete am 30. September 2003 eine Untersuchung zur Abklärung einer allfälligen Alkoholabhängigkeit bei den Psychiatrischen Diensten Graubünden an und entzog X. den Führerausweis vorsorglich für unbestimmte Zeit.	Alkoholabhängigkeit		Alkoholismus	Alkoholmissbrauch	Die Strassenverkehrsbehörde des Kantons Graubünden ordnete am 30. September 2003 eine Untersuchung zur Abklärung einer möglichen Alkoholabhängigkeit bei den Psychiatrischen Diensten Graubünden an und entzog X. vorsorglich und auf unbestimmte Zeit den Führerausweis.
Das Arbeitsinspektorat führt Ermittlungen zu beruflichen Risiken, Maßnahmen zur Aufklärung und Gesundheitserziehung für die Arbeitnehmer und Arbeitgeber durch und überwacht die Einhaltung der gesetzlichen Vorschriften im Gesundheitsbereich zugunsten der Gesundheit der Arbeitnehmer.	Arbeitsinspektorat,Ärztliches Arbeitsinspektorat		Betrieblicher Dienst für Arbeitsmedizin,Dienst für Arbeitsmedizin	Klinische Sektion des Dienstes für Arbeitsmedizin,klinischer Bereich für Arbeitsmedizin	Das Ärztliche Arbeitsinspektorat führt Untersuchungen zu beruflichen Risiken durch, erbringt Informations- und Gesundheitserziehungsleistungen für Arbeitnehmer und Arbeitgeber und überwacht die Einhaltung der gesetzlichen Bestimmungen im Gesundheitsbereich zum Schutz der Gesundheit der Arbeitnehmer.
Glastreppen und begehbare Verglasungen dürfen ausschließlich durch planmäßigen Personenverkehr bei üblicher Nutzung und mit einer lotrechten Nutzlast von höchstens 5 kN/m² belastet werden.	begehbar			bedingt begehbar,betretbar,durchsturzsicher,nicht durchsturzsicher	Glasleitern und durchsturzsichere Glasflächen dürfen ausschließlich durch den im Rahmen der normalen Nutzung vorgesehenen Fußgängerverkehr belastet werden, wobei eine maximale vertikale Nutzlast von 5 kN/m² zulässig ist.
Bei der Verwendung von Arbeitsmitteln müssen mechanische Gefährdungen durch konstruktive Maßnahmen vermieden oder minimiert sein.	mechanische Gefährdung		physikalische Gefährdung,physikalisches Risiko	Blaulichtgefährdung,Blue Light Hazard,Lärmgefährdung,Lärmrisiko,Vibrationsgefährdung,Vibrationsrisiko,elektrische Gefährdung,elektrisches Risiko,thermische Gefährdung,thermisches Risiko	Bei der Verwendung von Arbeitsmitteln müssen mechanische Gefährdungen durch konstruktive Maßnahmen vermieden oder auf ein Mindestmaß reduziert werden.
Es sind alle direkten Wirkungen zu bewerten (Gewebeerwärmung, Nerven- oder Muskelreizung), sowie alle indirekten Wirkungen wie z. B. die Beeinflussung von aktiven medizinischen Implantaten, die Projektilwirkung im Magnetfeld oder die Erwärmung von am oder im Körper getragenen Metallteilen.	Magnetfeld,magnetisches Feld		EMF,elektromagnetisches Feld	elektrisches Feld	Es sind alle direkten Auswirkungen (Gewebeerwärmung, Nerven- oder Muskelstimulation) sowie alle indirekten Auswirkungen, wie beispielsweise die Beeinflussung aktiver medizinischer Implantate, der Projektileffekt im Magnetfeld oder die Erwärmung von am Körper getragenen oder im Körper befindlichen Metallteilen, zu bewerten.
Der Arbeitnehmer wird in einem Zeitabstand von höchstens zwei Jahren einer periodischen Untersuchung unterzogen, um die Eignung für die risikobehaftete Tätigkeit zu bestätigen.	risikobehaftete Tätigkeit		Aufgabe		Der Arbeitnehmer muss sich in regelmäßigen Abständen, jedoch spätestens alle zwei Jahre, einer ärztlichen Untersuchung unterziehen, um seine Eignung für die risikobehaftete Tätigkeit festzustellen.
Üblicherweise liegen die Alarmschwellen bei Überwachung brennbarer Gase zwischen 10 % und 40 % der UEG. Alarmschwellen oberhalb 40 % der UEG sollten nicht eingestellt werden.	UEG,untere Explosionsgrenze		Explosionsgrenze	OEG,obere Explosionsgrenze	In der Regel liegen die Alarmgrenzwerte für die Überwachung brennbarer Gase zwischen 10 % und 40 % der unteren Explosionsgrenze. Alarmgrenzwerte, die über 40 % der unteren Explosionsgrenze liegen, dürfen nicht festgelegt werden.
Arbeitnehmer in Abfüllräumen müssen antistatische Kleidung, elektrostatisch leitfähige Schuhe sowie geeigneten Augenschutz und Schutzhandschuhe tragen und ausschließlich nicht funkenziehendes Werkzeug verwenden.	antistatische Kleidung,antistatische Schutzkleidung		Schutzkleidung	Chemikalienschutzkleidung,Hitzeschutzkleidung,Kälteschutzkleidung,Schweißerschutzkleidung,Strahlenschutzkleidung,UV-Schutzbekleidung,UV-Schutzkleidung,Warnkleidung,Wetterschutzkleidung	Arbeitnehmer in den Abfüllräumen müssen antistatische Kleidung, elektrostatisch ableitfähige Schuhe sowie einen geeigneten Augenschutz und Schutzhandschuhe tragen und ausschließlich funkenfreie Werkzeuge verwenden.
Fußschutz ist immer dann geboten, wenn mit Gefährdungen zu rechnen ist durch Stoßen, Einklemmen, umfallende, herabfallende oder abrollende Gegenstände, Hineintreten in spitze Gegenstände, heiße oder ätzende Flüssigkeiten bzw. andere gesundheitsgefährdende Umgebungseinflüsse.	Fußschutz,Fußschutzausrüstung	Berufsschuh,Schutzschuh,Sicherheitsschuh	PSA,Schutzausrüstung,persönliche Schutzausrüstung		Fußschutz ist stets vorgeschrieben, wenn Gefahren durch Stöße, Quetschungen, herabfallende, rollende oder umstürzende Gegenstände, das Betreten von spitzen Gegenständen, heißen oder ätzenden Flüssigkeiten oder andere gesundheitsschädliche Umwelteinflüsse zu erwarten sind.
Die Auswahl eines geeigneten Fussschutzes richtet sich hauptsächlich nach den voraussehbaren Gefahren und dem Einsatzort.	Fussschutz	Berufsschuh,Schutzschuh,Sicherheitsschuh	PSA,Schutzausrüstung,persönliche Schutzausrüstung		Die Auswahl eines geeigneten Fussschutzes basiert hauptsächlich auf den vorhersehbaren Gefahren und dem Einsatzort.
Der Sicherungsposten hat mit den im Schacht oder umschlossenen Raum tätigen Versicherten ständige Verbindung zu halten.	ständige Verbindung	Ruf- und Sichtverbindung,Verbindung über andere Mittel			Der Sicherheitsbeauftragte muss eine ständige Verbindung zu den im Schacht oder in dem abgeschlossenen Raum tätigen Versicherten aufrechterhalten.
Arbeitsmittel müssen mit einer Not-Halt-Einrichtung versehen sein ausser bei Arbeitsmitteln, an denen eine Not-Halt- Einrichtung das Risiko nicht verringern würde und bei von Hand gehaltenen bzw. handgeführten Arbeitsmitteln.	Not-Halt-Einrichtung		Schalteinrichtung		Arbeitsmittel müssen mit einer Not-Halt-Einrichtung ausgerüstet sein, ausgenommen Arbeitsmittel, bei denen eine Not-Halt-Einrichtung das Risiko nicht verringern würde, sowie handgehaltene oder handgeführte Arbeitsmittel.
Der Arbeitgeber besorgt:  b) die Gewährleistung einer angemessenen Ausbildung der Arbeitnehmer mit Bezug auf die Arbeitsrisiken und die korrekte Durchführung der Tätigkeiten.	Arbeitsrisiko	Gesundheitsrisiko,Risiko für die Gesundheit,Risiko für die Sicherheit,Sicherheitsrisiko,organisationsbezogenes Risiko	Gefahr,Gefährdung,Risiko		Der Arbeitgeber hat dafür zu sorgen: b) dass die Arbeitnehmer eine angemessene Schulung im Hinblick auf das Arbeitsrisiko und die korrekte Ausführung der Tätigkeiten erhalten.
Anstellleitern dienen in erster Linie als Zugangsmittel zu Arbeitsplätzen. Auf Anstellleitern sollte, wenn immer möglich, nicht gearbeitet werden.	Anstellleiter	Schiebeleiter,Steckleiter			Anstellleitern dienen in erster Linie als Zugangsmittel zu den Arbeitsplätzen. Auf Anstellleitern sollte, wenn möglich, nicht gearbeitet werden.
Durch geeignete Schutzeinrichtungen und Schutzmaßnahmen ist dafür zu sorgen, dass bei der Benutzung von Stetigförderern, wie Becherwerken, Schüttelrinnen, Schwing-, Gurt- oder Kreisförderern eine Gefährdung der ArbeitnehmerInnen, insbesondere Quetsch- und Einzugsgefahren sowie die Gefahr des Einklemmens, wirksam verhindert werden.	Einzugsgefahr		mechanische Gefahr	Quetschgefahr	Durch geeignete Vorrichtungen und Schutzmaßnahmen muss sichergestellt werden, dass bei der Verwendung von kontinuierlichen Fördersystemen wie Becherwerken, Rinnenförderern, Vibrationsförderern, Bandförderern oder Kettenförderern Gefahren für Arbeitnehmer und Arbeitnehmerinnen, insbesondere Quetschgefahr und Einzugsgefahr sowie die Gefahr des Einklemmens, wirksam verhindert werden.
Ist die Erwerbsfähigkeit eingeschränkt oder wird ein Bediensteter als dienstunfähig erklärt, steht ihm unter bestimmten Voraussetzungen auch bereits in jüngeren Jahren eine Rente zu.	Erwerbsfähigkeit	allgemeine Erwerbsfähigkeit,spezifische Erwerbsfähigkeit			Falls die allgemeine Erwerbsfähigkeit eingeschränkt ist oder ein Bediensteter dienstunfähig erklärt wird, steht ihm unter bestimmten Voraussetzungen auch in jungen Jahren eine Rente zu.
Die vorliegende DGUV Information 203-082 erläutert die Schutzmaßnahmen für den Bereich der Batterieherstellung. Bei der Ableitung der erforderlichen Schutzmaßnahmen für einzelne Produktionsschritte ist das  inhalative Expositionsrisiko zu berücksichtigen.	Expositionsgefährdung,Expositionsrisiko	Expositionsrisiko gegenüber Asbestfasern			Die vorliegende DGUV-Information 203-082 beschreibt die Schutzmaßnahmen für den Bereich der Batterieherstellung. Bei der Festlegung der für die einzelnen Produktionsphasen erforderlichen Schutzmaßnahmen ist das Expositionsrisiko zu berücksichtigen.
Die Stufen müssen rechteckige Form und ein konstantes Steigungsverhältnis aufweisen, und zwar nicht über 17 cm Stufenhöhe beziehungsweise unter 30 cm Stufenbreite.	Stufenhöhe,Tritthöhe		Stufe,Treppenstufe	Auftritt,Auftrittsfläche,Trittfläche	Die Stufen müssen rechteckig geformt sein und ein konstantes Steigungsverhältnis aufweisen, wobei die Stufenhöhe 17 cm nicht überschreiten und die Auftrittsfläche 30 cm nicht unterschreiten darf.
Durch die Atemwege können Asbestfasern tief in die Lungen eindringen und schwere Lungenerkrankungen wie Asbestose, Lungenkrebs und Mesotheliom hervorrufen.	Asbestose		Berufskrankheit		Über die Atemwege können Asbestfasern tief in die Lunge eindringen und schwere Lungenerkrankungen wie Asbestose, Lungenkrebs und Mesotheliom verursachen.
Konstruktionsbedingt haben Mehrzweckleitern stets Steigschenkel, i. d. R. aus Aluminium, mit Sprossen.	Mehrzweckleiter	Mehrzweckleiter mit Gelenken,Stehleiter mit aufgesetzter Schiebeleiter,dreiteilige Mehrzweckleiter	Sprossenleiter,tragbare Leiter		Aus konstruktiven Gründen sind Mehrzweckleitern stets mit seitlichen Holmen, üblicherweise aus Aluminium, und Sprossen ausgestattet.
Liegen die obersten Regalfächer über einer Höhe von 1,80 m, sind Tritthocker oder kleinere Stehleitern zu benutzen.	Tritthocker		Tritt,Trittleiter	Elefantenfuß,Rollhocker,Rolltritt,Treppentritt,tonnenförmiger Tritt	Falls sich die oberen Regalböden in einer Höhe von mehr als 1,80 m befinden, müssen Treppentritte oder kleinere Leitern verwendet werden.
Elektrische Gleichfelder dringen kaum in den menschlichen Körper ein. Vor allem magnetische Felder sowie elektrische Wechselfelder dringen aber ins Innere des Gewebes ein und induzieren elektrische Felder und Ströme.	elektrisches Feld		EMF,elektromagnetisches Feld	Magnetfeld,magnetisches Feld	Statische elektrische Felder dringen kaum in den menschlichen Körper ein. Magnetfelder und Wechselstromfelder hingegen dringen in das Gewebe ein und induzieren elektrische Felder und Ströme.
Es muss zwischen der externen elektrischen Feldstärke Ee eines in der Umgebung auftretenden elektrischen Feldes und der internen elektrischen Feldstärke Ei, wie sie im Körper (in situ) infolge einer Exposition gegenüber der Umgebungsfeldstärke auftritt, unterschieden werden.	E,elektrische Feldstärke			H,magnetische Feldstärke	Es ist zwischen der äußeren elektrischen Feldstärke Ee eines in der Umgebung vorhandenen elektrischen Feldes und der inneren elektrischen Feldstärke Ei zu unterscheiden, wie sie im Körper (in situ) infolge einer Exposition gegenüber der elektrischen Feldstärke der Umgebung auftritt.
"Regalleiter zum Verfahren (""verfahrbare Regalleitern"", auch ""Rollleitern"" genannt) sind am oberen Ende mit Fahrwerken (Rollen) ausgerüstet, welche auf am Regal angebrachten Führungsschienen laufen."	Rollleiter,verfahrbare Regalleiter		Anlegeleiter		Verfahrbare Regalleitern (auch als „Anlegeleitern“ bezeichnet) sind an ihrem oberen Ende mit Rollen ausgestattet, die auf an der Regalanlage befestigten Führungsschienen gleiten.
Steckleitern sind für das Besteigen von Masten ohne feste Leitern vorgesehen.	Steckleiter		Anstellleiter		Steckleitern sind für das Besteigen von Masten ohne fest installierte Leitern vorgesehen.
Der Arbeitgeber  ergreift Hygienemaßnahmen, um die unbeabsichtigte Verbreitung eines biologischen Arbeitsstoffes außerhalb des Arbeitsplatzes zu verhindern oder auf das niedrigstmögliche Niveau zu senken und verwendet das  Symbol für biologische Risiken sowie sonstige geeignete Warnzeichen .	biologisches Risiko		Gefahr,Gefährdung,Risiko		Der Arbeitgeber ergreift Hygienemaßnahmen, um die unbeabsichtigte Verbreitung eines biologischen Arbeitsstoffes außerhalb des Arbeitsplatzes zu verhindern oder auf das niedrigstmögliche Maß zu reduzieren, und verwendet das Symbol für biologisches Risiko sowie weitere geeignete Warnsignale.
Am oberen Leiterende werden Hängeleitern gegen Aushängen gesichert; am unteren Leiterende zu benachbarten Bauteilen abgespannt.	Hängeleiter		Einfachleiter		Am oberen Ende sind die Hängeleitern gegen ein Aushängen gesichert, während sie am unteren Ende an angrenzende Bauteile verankert sind.
Auf der Arbeitsstelle soll den Arbeitnehmern die Erste Hilfe gewährleistet werden; die verletzten Arbeitnehmer sollen durch den Einsatz eines Verkehrsmittels zum nähesten Krankenhaus befördert werden.	Erste Hilfe			Ersthilfe	Am Arbeitsplatz muss den Arbeitnehmern Erste Hilfe geleistet werden; verletzte Arbeitnehmer sind mit einem Transportmittel in das nächstgelegene Krankenhaus zu befördern.
Der Kläger ist Arbeiter des forsttechnischen Dienstes für Wildbach- und Lawinenverbauung. Die Beklagte veranstaltet unter anderem Lehrgänge zum Thema Höhenarbeit, Sicherheitstechnik und Arbeiten in absturzgefährdeten Bereichen.	Höhenarbeit	Arbeiten am Seil,Höhenarbeiten am Seil			Der Kläger ist Arbeiter im forsttechnischen Dienst für die Sanierung von Gebirgswassereinzugsgebieten und die Lawinenprävention. Die Beklagte organisiert unter anderem Schulungskurse zum Thema Höhenarbeiten am Seil, Sicherheitstechnik und Arbeiten in absturzgefährdeten Bereichen.
Absturz ist eine wesentliche Unfallursache. Auch im Tiefbau gibt es Arbeitsplätze mit Absturzgefährdungen, z. B. an Baugrubenkanten.	Absturzgefährdung,Absturzrisiko		Sturz- und Absturzgefährdung,Sturz- und Absturzrisiko	Sturzgefährdung,Sturzrisiko	Stürze sind eine wesentliche Unfallursache. Auch im Bauwesen gibt es Arbeitsplätze mit Absturzgefährdung, beispielsweise an den Rändern von Baugruben.
Fahrgerüste dürfen nur langsam und auf einem ebenen, tragfähigem und hindernisfreien Untergrund verfahren werden, da sonst Umsturzgefahr besteht. Beim Verfahren dürfen sich keine Personen auf dem Gerüst befinden.	Fahrgerüst,Rollgerüst,fahrbares Gerüst		mobiles Gerüst		Fahrgerüste dürfen nur langsam und auf einer ebenen, tragfähigen und hindernisfreien Fläche bewegt werden, da andernfalls die Gefahr des Umkippens besteht. Während der Bewegung dürfen sich keine Personen auf dem Gerüst befinden.
Einige Landesteile Südtirols haben eine hohe Radonbelastung; es ist deshalb wichtig, diesen Risikofaktor zu berücksichtigen und die notwendigen Vorsorge-, bzw. Sanierungsmaßnahmen umzusetzen.	Radonbelastung		Strahlenbelastung		Einige Gebiete Südtirols weisen eine hohe Radonbelastung auf; daher ist es wichtig, diesen Risikofaktor zu berücksichtigen und die erforderlichen Präventions- oder Sanierungsmaßnahmen umzusetzen.
Das Schutzsystem gegen Absturz muss direkt oder über einen Verbinder längs einer Führung oder Lebenslinie, an stabilen Punkten der fixen oder zeitweiligen Bauten, befestigt werden.	Verbinder	Karabiner,Karabinerhaken	Auffangsystem,Schutzsystem gegen Absturz	Auffanggurt,Falldämpfer	Das Absturzschutzsystem muss direkt oder mittels eines Karabiners an einer Führungsschiene oder einem Lebensrettungsseil an stabilen Punkten fester oder temporärer Bauwerke befestigt werden.
Vor Beginn der Abbrucharbeiten oder der Arbeiten zur Entfernung von Asbest oder asbesthaltigen Materialien aus Gebäuden, Bauten, Geräten und Anlagen sowie Transportmitteln hat der Arbeitgeber einen Arbeitsplan aufzustellen  , der die zur Asbestsanierung angewandte Arbeitstechniken vorsehen muss.	Asbestsanierung,Beseitigung von Asbest,Entfernung von Asbest		Bonifizierung,Sanierung	Einhüllung,Einkapselung	Vor Beginn der Abbrucharbeiten oder der Asbestsanierung bzw. der Entfernung von asbesthaltigen Materialien aus Gebäuden, Bauwerken, Anlagen und Einrichtungen sowie aus Transportmitteln hat der Arbeitgeber einen Arbeitsplan zu erstellen, der die für die Asbestsanierung angewandten Arbeitstechniken festlegt.
Vor Beginn der Abbrucharbeiten oder der Arbeiten zur Entfernung von Asbest oder asbesthaltigen Materialien aus Gebäuden, Bauten, Geräten und Anlagen sowie Transportmitteln hat der Arbeitgeber einen Arbeitsplan aufzustellen.	Asbestsanierung,Beseitigung von Asbest,Entfernung von Asbest		Bonifizierung,Sanierung	Einhüllung,Einkapselung	Vor Beginn der Abbrucharbeiten oder der Entfernung von Asbest oder asbesthaltigen Materialien aus Gebäuden, Bauwerken, Anlagen und Einrichtungen sowie aus Transportmitteln hat der Arbeitgeber einen Arbeitsplan zu erstellen.
Eisige Stellen und eine damit verbundene Rutschgefahr gehörten zu den typischen Berufsrisiken eines Zeitungszustellers. Dieser habe daher selbst geeignete Maßnahmen zu treffen, um nicht zu Sturz zu kommen.	Berufsrisiko		Gefahr,Gefährdung,Risiko		Eisglatte Stellen und die daraus resultierende Rutschgefahr gehörten zu den typischen Berufsrisiken eines Zeitungszustellers. Dieser hatte daher selbst geeignete Maßnahmen zu ergreifen, um einen Sturz zu vermeiden.
Der Arbeitgeber  sowie die Führungskräfte  müssen  darüber wachen, dass die Arbeitnehmer, die der Gesundheitsüberwachungspflicht unterliegen, keiner spezifischen Aufgabe zugewiesen werden, ohne zuvor über die vorgeschriebene Eignungsbescheinigung zu verfügen .	Eignungsbescheinigung,Urteil über die Tauglichkeit	Eignung für die spezifische Aufgabe,Tauglichkeit über die spezifische Aufgabe,Untauglichkeit für die spezifische Aufgabe			Der Arbeitgeber und die Vorgesetzten haben dafür zu sorgen, dass Arbeitnehmer, die der Pflicht zur arbeitsmedizinischen Überwachung unterliegen, nicht mit bestimmten Aufgaben betraut werden, ohne zuvor die vorgeschriebene Eignungsbescheinigung erhalten zu haben.
Urteil über die Tauglichkeit: tauglich; tauglich mit Vorgaben; tauglich mit Einschränkungen; vorübergehend untauglich; permanent untauglich.	Eignungsbescheinigung,Urteil über die Tauglichkeit	Eignung für die spezifische Aufgabe,Tauglichkeit über die spezifische Aufgabe,Untauglichkeit für die spezifische Aufgabe			Urteil über die Tauglichkeit: tauglich, tauglich unter Auflagen, tauglich mit Einschränkungen, vorübergehend nicht tauglich, dauerhaft nicht tauglich.
Alleinarbeit liegt vor, wenn eine Person allein, außerhalb von Ruf- und Sichtverbindung zu anderen Personen Arbeiten ausführt.	Ruf- und Sichtverbindung		ständige Verbindung	Verbindung über andere Mittel	Von Einzelarbeit ist die Rede, wenn eine Person Arbeiten allein ausführt, ohne ständige Verbindung zu anderen Personen.
Bei Hitzearbeiten muss Unterbekleidung aus Baumwolle, besser noch aus Wolle oder Spezialfasern getragen werden. Sie erhöht die Schutzwirkung der Hitzeschutzkleidung und verbessert den Tragekomfort.	Hitzeschutzkleidung		Schutzkleidung	Chemikalienschutzkleidung,Kälteschutzkleidung,Schweisserschutzkleidung,Strahlenschutzkleidung,Warnkleider,Wetterschutzkleidung,antistatische Schutzkleidung	Bei Schweissarbeiten ist Baumwollunterwäsche, besser noch solche aus Wolle oder Spezialfasern, zu tragen. Diese erhöht die Schutzwirkung der Hitzeschutzkleidung und verbessert den Tragekomfort.
Rückhaltegurte dürfen benutzt werden, wenn Versicherte die Absturzkante nicht erreichen können oder bei Arbeiten auf Flächen mit nicht mehr als 45° Neigung gehalten oder beim Abrutschen gesichert werden, z. B. bei Arbeiten auf Böschungen, Dachflächen.	Rückhaltegurt			Haltegurt	Rückhaltegurte dürfen verwendet werden, wenn die Versicherten den Absturzkantenbereich nicht erreichen können, wenn sie bei Arbeiten auf Flächen mit einer Neigung von nicht mehr als 45° gesichert werden oder wenn sie gegen Abrutschen geschützt werden, beispielsweise bei Arbeiten an Böschungen oder auf Dachflächen.
Für die Ausübung des Rechts auf Bürgerzugang gelten weiterhin die Voraussetzungen, die Modalitäten und die Einschränkungen, wie sie mit gesetzesvertretendem Dekret vom 14. März 2013, Nr. 33, geregelt sind.	Bürgerzugang,Recht auf Bürgerzugang	allgemeiner Bürgerzugang,einfacher Bürgerzugang			Für die Ausübung des Bürgerzugangs gelten weiterhin die Voraussetzungen, Modalitäten und Beschränkungen gemäß dem Legislativdekret vom 14. März 2013, Nr. 33.
Das öffentliche Interesse ist bei Verarbeitungen relevant, die von Personen durchgeführt werden, welche Aufgaben im öffentlichen Interesse oder in Ausübung öffentlicher Gewalt in folgenden Bereichen wahrnehmen: a) Zugang zu Verwaltungsunterlagen und Bürgerzugang, .	Bürgerzugang,Recht auf Bürgerzugang	allgemeiner Bürgerzugang,einfacher Bürgerzugang			Das öffentliche Interesse ist bei der Verarbeitung durch Personen, die Aufgaben von öffentlichem Interesse wahrnehmen oder öffentliche Befugnisse ausüben, in folgenden Bereichen maßgeblich: a) Zugang zu Verwaltungsdokumenten und einfacher Bürgerzugang.
Durch die Verordnung über die Sicherheits- und Gesundheitsschutzkennzeichnung werden sowohl die Form als auch die Farben der zu verwendenden Zeichengebung normiert. So müssen Zeichen der Brandbekämpfung immer rote quadratische rechteckige Schilder mit weißen Piktogrammen sein .	Zeichen der Brandbekämpfung		Sicherheitszeichen	Gebotszeichen,Rettungszeichen,Verbots- oder Beschränkungszeichen,Verbotszeichen,Vorschriftszeichen,Warnzeichen	Die Verordnung über Sicherheits- und Gesundheitsschutzkennzeichnung am Arbeitsplatz vereinheitlicht sowohl die Form als auch die Farben der zu verwendenden Kennzeichnung. Demnach müssen Zeichen der Brandbekämpfung stets rote, rechteckige oder quadratische Schilder mit weißen Piktogrammen sein.
Der Staatsanwalt leitet auf der Grundlage einer spezifischen und konkreten Schadensnachricht die Ermittlungstätigkeit ein, damit eine Entscheidung hinsichtlich der Ausübung einer Klage wegen Schadens zum Nachteil der öffentlichen Hand getroffen werden kann .	Nachricht über einen Schaden zum Nachteil der öffentlichen Hand,Schadensnachricht	Schadensanzeige			Der Staatsanwalt leitet das Ermittlungsverfahren auf Grundlage einer konkreten Nachricht über einen Schaden zum Nachteil der öffentlichen Hand ein, um eine Entscheidung über die Geltendmachung eines Schadensersatzanspruchs gegen die öffentliche Verwaltung treffen zu können.
Die Kontroll- und Prüforgane der öffentlichen Verwaltungen sowie die mit Inspektionsaufgaben betrauten Bediensteten müssen - jeweils gemäß den einschlägigen Gesetzen für ihren Bereich - umgehend direkt beim zuständigen Regionalstaatsanwalt Schadensanzeige erstatten und die Verantwortlichen der betreffenden Führungsstrukturen darüber informieren.	Schadensanzeige		Nachricht über einen Schaden zum Nachteil der öffentlichen Hand,Schadensnachricht		Die Kontroll- und Revisionsorgane der öffentlichen Verwaltung sowie die mit Inspektionsaufgaben betrauten Beamten haben – jeweils gemäß den für ihren Bereich geltenden Rechtsvorschriften – unverzüglich und unmittelbar beim zuständigen Regionalstaatsanwalt eine Schadensanzeige zum Nachteil der öffentlichen Hand einzureichen und die zuständigen Führungskräfte der betreffenden Dienststellen zu informieren.
Es müssen Sicherheitseinrichtungen gegen Flammenrückschlag, Gasrücktritt und Nachströmen zwischen den Entnahmestellen oder dem Abgang des Druckminderers einerseits und dem Verbraucher andererseits vorhanden sein. Diese Forderung gilt sowohl für Versorgung mit Brenngas als auch für Versorgung mit Sauerstoff.	Brenngas,brennbares Gas		Gas	entflammbares Gas,entzündbares Gas	Es müssen Sicherheitsvorrichtungen gegen Flammenrückschlag, Gasrückfluss und Nachströmung zwischen den Entnahmestellen bzw. dem Austritt des Druckreglers auf der einen Seite und dem Verbraucher auf der anderen Seite vorhanden sein. Diese Anforderung gilt sowohl für die Versorgung mit brennbarem Gas als auch für die Versorgung mit Sauerstoff.
Die Regelung  gilt sinngemäß für jede Umgestaltung von ständigen militärischen Einrichtungen auf einem Zivilflugplatz und für jede Änderung ihres Betriebes, durch die der Zivilluftverkehr auf dem Zivilflugplatz beeinträchtigt werden könnte.	Zivilluftverkehr		Luftverkehr		Diese Bestimmungen gelten sinngemäß für jede Umstrukturierung von ständigen militärischen Einrichtungen auf einem Zivilflughafen sowie für jede Änderung ihres Betriebs, die den Zivilluftverkehr auf dem betreffenden Zivilflughafen beeinträchtigen könnte.
Der Arbeitgeber hat Vorkehrungen zu treffen, daß alle Beschäftigten, die einer unmittelbaren erheblichen Gefahr ausgesetzt sind oder sein können, möglichst frühzeitig über diese Gefahr und die getroffenen oder zu treffenden Schutzmaßnahmen unterrichtet sind.	Schutzmaßnahme		Maßregel der Besserung und Sicherung,Sicherheitsmaßnahme		Der Arbeitgeber hat Maßnahmen zu ergreifen, um sicherzustellen, dass alle Arbeitnehmer, die einer ernsten und unmittelbaren Gefahr ausgesetzt sind oder sein können, so früh wie möglich über diese Gefahr sowie über die getroffenen oder zu treffenden Schutzmaßnahmen informiert werden.
Die einheitliche Notrufzentrale (ENZ), welche am Sitz der Agentur für Bevölkerungsschutz untergebracht ist, wurde in unmittelbarer Nähe zur integrierten Leitstelle, der Landesnotrufzentrale (LNZ), realisiert, und genießt aus diesem Grund dieselben Sicherheitsstandards.	ENZ,einheitliche Notrufzentrale		einheitliche Anrufannahmestelle		Die einheitliche Notrufzentrale (ENZ), die ihren Sitz in der Zentrale der Agentur für Zivilschutz hat, wurde in unmittelbarer Nähe der integrierten Einsatzleitstelle, der Provinzialen Notrufzentrale (CPE), eingerichtet und unterliegt daher denselben Sicherheitsstandards.
Die ausstellende Behörde stellt durch geeignete technische und organisatorische Maßnahmen die erforderliche Qualität der Erfassung und Verarbeitung des Lichtbildes und der Fingerabdruckdaten, .	Fingerabdruckdaten		daktyloskopische Daten		Die ausstellende Behörde gewährleistet durch geeignete technische und organisatorische Maßnahmen die erforderliche Qualität der Erfassung und Verarbeitung des Gesichtsbildes sowie der Fingerabdruckdaten.
Der elektronische Austausch von daktyloskopischen Daten zwischen den nationalen Kontaktstellen gemäß Artikel 4 PCSC Abkommen erfolgt unter Verwendung eines gesicherten virtuellen Privatnetzes („Virtual Private Network“ – VPN). Alle Daten werden verschlüsselt.	daktyloskopische Daten	Fingerabdruckdaten		Gesichtsbild	"Der elektronische Austausch von daktyloskopischen Daten zwischen den nationalen Kontaktstellen gemäß Artikel 4 des PCSC-Abkommens erfolgt über ein sicheres virtuelles privates Netzwerk („Virtual Private Network"" – VPN). Sämtliche Daten werden verschlüsselt."
Der Ausweis kann mit einem Datenchip versehen werden. Der Datenchip kann ein Gesichtsbild und die Fingerabdrücke der Inhaberin oder des Inhabers enthalten.	Gesichtsbild			daktyloskopische Daten	Der Identitätsausweis kann mit einem Mikrochip versehen sein. Der Mikrochip kann ein Gesichtsbild sowie die Fingerabdrücke der Inhaberin oder des Inhabers enthalten.
Aufzüge und Lastenaufzüge jeglicher Art, die handbetriebenen ausgenommen, müssen mit einer Vorrichtung zum automatischen Anhalten des Motors oder der Bewegung an beiden Enden der Fahrtstrecke ausgestattet sein.	Aufzug			Lastenaufzug	Aufzüge und Lastenaufzüge jeder Art, mit Ausnahme von Handaufzügen, müssen an beiden Enden der Fahrbahn mit einer Vorrichtung zur automatischen Abschaltung des Motors oder des Antriebs ausgestattet sein.
"Kennzeichnungen, die eine Energiequelle benötigen (z. B. Warnleuchte, Hupe), müssen bei Stromausfall grundsätzlich eine ""selbsttätig einsetzende Notversorgung"" haben."	Warnleuchte	Rundumleuchte			Kennzeichnungen, die eine Energiequelle benötigen (z. B. Warnleuchte, Hupe), müssen bei Stromausfall über eine automatisch aktivierte Notstromversorgung verfügen.
Der Arbeitgeber darf in Heimarbeit nur Tätigkeiten mit Biostoffen der Risikogruppe 1 ohne sensibilisierende oder toxische Wirkung ausüben lassen.	Biostoff der Risikogruppe 1		Biostoff,biologischer Arbeitsstoff	Biostoff der Risikogruppe 2,Biostoff der Risikogruppe 3,Biostoff der Risikogruppe 4	Der Arbeitgeber darf Telearbeit nur für Tätigkeiten mit Biostoff der Risikogruppe 1 ohne sensibilisierende oder toxische Wirkung zulassen.
Biostoffe der Risikogruppe 3, die mit (**) gekennzeichnet sind, sind solche Biostoffe, bei denen das Infektionsrisiko für Beschäftigte begrenzt ist, weil eine Übertragung über den Luftweg normalerweise nicht erfolgen kann.	Biostoff der Risikogruppe 3		Biostoff,biologischer Arbeitsstoff	Biostoff der Risikogruppe 1,Biostoff der Risikogruppe 2,Biostoff der Risikogruppe 4	Biostoffe der Risikogruppe 3, die mit (**) gekennzeichnet sind, sind solche, bei denen das Infektionsrisiko für Beschäftigte begrenzt ist, da eine Übertragung auf dem Luftweg normalerweise nicht erfolgen kann.
Das medizinische Notrufsystem ist durch die Notrufzentrale ”118” gewährleistet, in der alle medizinischen Notrufe zusammenlaufen.	medizinisches Notrufsystem		System der medizinischen Notufe		"Das medizinische Notrufsystem wird durch die Einsatzzentrale „118"" gewährleistet, bei der alle medizinischen Notrufe zusammenlaufen."
Aufgrund der Risikobewertung ist es möglich, die Brandrisiko-Stufe des gesamten Arbeitsbereiches und aller Teile desselben zu klassifizieren: Diese Stufen können niedrig, mittel oder hoch sein.	Brandrisiko-Stufe		Risikoklasse,Risikostufe		Auf Grundlage der Risikobewertung kann die Brandrisiko-Stufe des gesamten Arbeitsbereichs sowie aller seiner Teile eingestuft werden; diese Stufen können niedrig, mittel oder hoch sein.
Mit dem Symbol ‚Gesundheitsgefahr‘ werden z. B. krebserzeugende und atemwegssensibilisierende Stoffe gekennzeichnet.	Gesundheitsgefahr		Gefahr	Umweltgefahr,physikalische Gefahr	"Mit dem Symbol „Gesundheitsgefahr"" werden beispielsweise krebserzeugende Stoffe sowie Stoffe, die eine Sensibilisierung der Atemwege hervorrufen, gekennzeichnet."
Es dürfen keine nicht elektrischen Arbeiten in der Nähe von Elektroleitungen oder elektrischen Anlagen mit nicht geschützten stromführenden Teilen, bzw. mit Teilen, die wegen besonderer Umstände als nicht genügend geschützt betrachtet werden, durchgeführt werden .	nicht elektrische Arbeit			Elektroarbeit,elektrische Arbeit	In der Nähe von elektrischen Leitungen oder elektrischen Anlagen mit nicht geschützten unter Spannung stehenden Teilen, das heißt mit Teilen, die aufgrund besonderer Umstände als nicht ausreichend geschützt gelten, dürfen keine nicht elektrischen Arbeiten ausgeführt werden.
Die Arbeitnehmer/innen müssen über die notwendigen Sicherheitsabstände eingehend informiert werden. Dies gilt insbesondere bei nichtelektrotechnischen Arbeiten bei denen ein gefahrbringendes Annähern an unter Spannung stehende Teile absehbar ist (Kran, Leitern, Betonlift, etc.).	nichtelektrotechnische Arbeit			elektrotechnische Arbeit	Arbeitnehmer sind umfassend über die erforderlichen Sicherheitsabstände zu informieren. Dies gilt insbesondere für nichtelektrotechnische Arbeiten, bei denen ein gefährliches Annähern an unter Spannung stehende Teile zu erwarten ist (Kräne, Leitern, Betonpumpen usw.).
Bei der Festlegung des einzuhaltenden Sicherheitsabstands zum unter Spannung stehenden Teil gibt es auch viele zu berücksichtigende Einzelfaktoren, die letztendlich zur sicheren Abstandsermittlung heranzuziehen sind und nur von einer Elektrofachkraft ermittelt werden können.	unter Spannung stehendes Teil	unter Spannung stehendes aktives Teil			Bei der Festlegung des einzuhaltenden Sicherheitsabstands zu einem unter Spannung stehenden Teil sind zudem zahlreiche individuelle Faktoren zu berücksichtigen, die letztlich für die sichere Bestimmung des Abstands heranzuziehen sind und nur von einer qualifizierten Elektrofachkraft festgestellt werden können.
Sind Schutzmittel in der Gefahrenzone anzubringen, ist hierfür entweder der spannungsfreie Zustand der Anlagenteile herzustellen oder es sind die Festlegung für das „Arbeiten unter Spannung“ anzuwenden.	Gefahrenzone			Annäherungszone	"Falls in der Gefahrenzone Schutzeinrichtungen installiert werden müssen, ist entweder der spannungsfreie Zustand der Anlagenteile herzustellen oder die Bestimmungen für „Arbeiten unter Spannung"" anzuwenden."
Augenspülflaschen müssen an den Arbeitsplätzen vorhanden sein, bei denen kein Trinkwasser vorhanden ist. Die Augenspülflaschen verfügen nur über einen begrenzten Flüssigkeitsvorrat und können i. d. R. nur ein Auge ausspülen.	Augenspülflasche		Augenspüleinrichtung	Augendusche,Augennotdusche	Augenspülflaschen müssen an Arbeitsplätzen bereitgestellt werden, an denen kein Trinkwasser vorhanden ist. Augenspülflaschen enthalten nur eine begrenzte Menge an Flüssigkeit und ermöglichen in der Regel das Spülen nur eines Auges.
Zur Überwachung der Strahlungsexposition während der Arbeit wurden spezielle Monitorgeräte entwickelt, die am Körper getragen werden können. Sie sind erforderlich, wenn die Stärke eines elektromagnetischen Feldes ständig schwankt.	Strahlungsexposition	UV-Exposition,UV-Strahlungsexposition	Exposition	Asbestexposition,Lärmexposition,Vibrationsexposition	Für die Überwachung der Strahlungsexposition während der Arbeit wurden spezielle tragbare Überwachungsgeräte entwickelt. Diese sind erforderlich, wenn die Intensität eines elektromagnetischen Feldes ständig schwankt.
Wenn in einem Überwachungsbereich offene radioaktive Stoffe vorhanden sein können, kann die zuständige Behörde festlegen, dass eine Prüfung auch beim Verlassen des Überwachungsbereichs durchzuführen ist.	Überwachungsbereich		Strahlenschutzbereich	Kontrollbereich	Falls in einem Überwachungsbereich unversiegelte radioaktive Stoffe vorhanden sein können, kann die zuständige Behörde anordnen, dass eine Kontrolle auch beim Verlassen des Überwachungsbereichs durchzuführen ist.
Beim Aufstellen der Leiter senkt sich die Plattform über einen Hebemechanismus (Brückenheber) ab und liegt auf ihrem Auflagerohr am Stützschenkel auf.	Stützschenkel		Stehleiter	Steigschenkel	Während des Aufstellens der Leiter wird die Plattform über einen Hubmechanismus (Brückenhubwerk) abgesenkt und stützt sich mit ihrem Auflagerohr auf dem Stützschenkel ab.
Die öffentliche Verwaltung und die Schulen sind grundsätzlich im mittleren Risiko eingestuft.	mittleres Risiko		Risikoklasse,Risikostufe	geringes Risiko,hohes Risiko,niedriges Risiko	Die öffentliche Verwaltung und die Schulen werden grundsätzlich als mittleres Risiko eingestuft.
Es wird eine Erhöhung des Stellenplans des gesamtstaatlichen Arbeitsinspektorats (sog. Ispettorato nazionale del lavoro) mit entsprechender Personalaufnahme vorgesehen. Zudem werden die Geldstrafen und verwaltungsrechtlichen Geldbußen in den Bereichen Arbeit und Sozialvorschriften erhöht.	gesamtstaatliches Arbeitsinspektorat	Gebietsstelle des Arbeitsinspektorats,überregionale Stelle des Arbeitsinspektorats	Ministerium für Arbeit und Soziales,Ministerium für Arbeit und Sozialpolitik		Eine Aufstockung des Personalbestands des gesamtstaatlichen Arbeitsinspektorats (sog. Ispettorato nazionale del lavoro) ist vorgesehen, was die Einstellung von Personal zur Folge hat. Zudem wurden die Geldstrafen und die verwaltungsrechtlichen Geldbußen im Bereich Arbeit und Sozialversicherung erhöht.
Für Hand-Arm-Vibrationen  wird der tägliche Auslösewert, normiert auf einen Bezugszeitraum von 8 Stunden, auf 2,5 m/s² festgesetzt.  Für Ganzkörper-Vibrationen  wird der tägliche Auslösewert, normiert auf einen Bezugszeitraum von 8 Stunden, auf 0,5 m/s² festgesetzt.	täglicher Auslösewert		Expositionswert für mechanische Vibrationen		Für mechanische Schwingungen, die auf das Hand-Arm-System übertragen werden, wird der tägliche Auslösewert, bezogen auf einen Bezugszeitraum von 8 Stunden, auf 2,5 m/s² festgelegt. Für mechanische Schwingungen, die auf den gesamten Körper übertragen werden, wird der tägliche Auslösewert, bezogen auf einen Bezugszeitraum von 8 Stunden, auf 0,5 m/s² festgelegt.
Es reicht allein das Vorhandensein von Schimmelpilzen noch nicht aus, um die konkrete Gefährdung der Beschäftigten bei der Tätigkeit zu beurteilen. Relevant sind insbesondere Expositionsart, Konzentration und Dauer der Einwirkung.	Expositionsart		Exposition		Allein das Vorhandensein von Schimmelpilzen reicht noch nicht aus, um das konkrete Risiko für die Arbeitnehmer während der Tätigkeit zu bewerten. Maßgeblich sind insbesondere die Expositionsart, die Konzentration und die Dauer der Exposition.
Das akademische Lehrpersonal auf Planstelle ist einer Fakultät zugeordnet.	Fakultät	Fakultätsrat			Das fest angestellte Lehrpersonal wird einer Fakultät zugewiesen.
Der Betriebsarzt verfasst auf Grund der Ergebnisse der ärztlichen Untersuchungen  eines der folgenden Urteile für die spezifische Aufgabe: a) tauglich; b) teilweise, zeitweilige oder bleibende Tauglichkeit, mit Verordnung oder Einschränkungen; c) zeitweilige Untauglichkeit; d) bleibende Untauglichkeit.	ärztliche Untersuchung	Vorsorgeuntersuchung,regelmäßige ärztliche Untersuchung	Gesundheitsüberwachung		Der Betriebsarzt erstellt auf Grundlage der Ergebnisse der ärztlichen Untersuchung eine der folgenden Beurteilungen für die spezifische Tätigkeit: a) Eignung; b) teilweise Eignung, befristet oder unbefristet, mit Auflagen oder Einschränkungen; c) vorübergehende Nichteignung; d) dauernde Nichteignung.
Arbeitsmedizinische Untersuchungen sind  für den Umgang mit Strahlenquellen vorgesehen.	arbeitsmedizinische Untersuchung	Eignungsuntersuchung,Folgeuntersuchung	Gesundheitsüberwachung		Für den Umgang mit Strahlenquellen sind arbeitsmedizinische Untersuchungen vorgesehen.
Die Eintrittsuntersuchung muss vor der Arbeitsaufnahme erfolgen. Der Arbeitnehmer darf nicht bei der gefährdenden Arbeit beschäftigt werden, bevor die Suva dazu Stellung bezogen hat.	Eintrittsuntersuchung		arbeitsmedizinische Vorsorgeuntersuchung		Die arbeitsmedizinische Vorsorgeuntersuchung muss vor Arbeitsantritt durchgeführt werden. Der Arbeitnehmer darf erst nach einer entsprechenden Stellungnahme der Suva mit gefährlichen Arbeiten betraut werden.
Die Folgeuntersuchungen sollen einerseits erkennbar machen, dass der Körper mit den Belastungen gut umgehen kann bzw. rechtzeitig aufdecken, falls es zu einer Verschlechterung des Gesundheitszustandes kommt.	Folgeuntersuchung		arbeitsmedizinische Untersuchung	Eignungsuntersuchung	Arbeitsmedizinische Untersuchungen müssen einerseits erkennen lassen, dass der Körper den Belastungen gut gewachsen ist, und andererseits eine etwaige Verschlechterung des Gesundheitszustands rechtzeitig feststellen.
Je nach dem ärztlichen Befund und den Bedingungen, unter denen die Arbeitnehmer zu arbeiten haben, ordnet die Suva in bestimmten Zeitabständen Kontrolluntersuchungen an.	Kontrolluntersuchung			arbeitsmedizinische Vorsorgeuntersuchung	Je nach ärztlichem Befund und den Arbeitsbedingungen ordnet die Suva in festgelegten Abständen arbeitsmedizinische Vorsorgeuntersuchungen an.
Bei Software-Ergonomie geht es um die Anpassung technischer Systeme an den Menschen . Die Software-Ergonomie befasst sich daher mit der Beschreibung und Bewertung der Kommunikationsschnittstellen zwischen Mensch und Maschine.	Software-Ergonomie,Softwareergonomie		Ergonomie		Im Bereich der Softwareergonomie geht es um die Anpassung technischer Systeme an den Menschen. Die Softwareergonomie befasst sich daher mit der Beschreibung und Bewertung der Kommunikationsschnittstellen zwischen Mensch und Maschine.
Softwareergonomie und die Anforderungen an eine ergonomische Gestaltung sind im Arbeitsschutzrecht an vielen verschiedenen Stellen verankert. Vorgaben aus Gesetzen und Verordnungen  sind rechtlich bindend und zu berücksichtigen.	Software-Ergonomie,Softwareergonomie		Ergonomie		Die Software-Ergonomie sowie die Anforderungen an eine ergonomische Gestaltung sind in zahlreichen Bestimmungen des Arbeitsschutzes verankert. Die sich aus Gesetzen und Verordnungen ergebenden Vorschriften sind rechtlich bindend und müssen beachtet werden.
Die Organisationsergonomie betrachtet im Wesentlichen die organisatorischen Aspekte der Arbeitsabläufe (Arbeitsaufteilung, Arbeitszeiten, Gruppenarbeit usw.).	Organisationsergonomie,organisatorische Ergonomie			kognitive Ergonomie,körperbezogene Ergonomie,physikalische Ergonomie	Die organisatorische Ergonomie berücksichtigt im Wesentlichen die organisatorischen Aspekte der Arbeitsprozesse (Arbeitsteilung, Arbeitszeiten, Teamarbeit usw.).
Das Musikkonservatorium Claudio Monteverdi Bozen, Institut für höhere Kunst- und Musikausbildung, wird mit der Freien Universität Bozen zusammengelegt und führt die Bezeichnung Fakultät für Musik „Konservatorium Claudio Monteverdi“ der Freien Universität Bozen.	Höhere Kunst- und Musikausbildung,höhere künstlerische und musikalische Bildung	Akademie der bildenden Künste,Hochschule für Musik und Tanz,Hochschule für angewandte Kunst und Industriedesign,Hochschule für das Kunstgewerbe,Kunstakademie,Nationale Akademie der darstellenden Künste,Nationale Akademie für Schauspielkunst			"Das Konservatorium Claudio Monteverdi in Bozen, eine Einrichtung der höheren künstlerischen und musikalischen Bildung, wird der Freien Universität Bozen angegliedert und führt die Bezeichnung Fakultät für Musik „Konservatorium Claudio Monteverdi"" der Freien Universität Bozen."
Wenn ein Beschäftigter einen geladenen Gegenstand berührt oder in Kontakt mit einem geerdeten Gegenstand kommt, während er selbst durch Exposition gegenüber einem statischen elektrischen Feld oder Reibungselektrizität geladen ist, fließt ein Kontaktstrom.	Kontaktstrom	stationärer Kontaktstrom	Strom,elektrischer Strom		Berührt ein Arbeitnehmer einen unter Spannung stehenden Gegenstand oder kommt mit einem geerdeten Gegenstand in Kontakt, während er selbst aufgrund einer Exposition gegenüber einem statischen elektrischen Feld oder Reibungselektrizität unter Spannung steht, fließt ein Kontaktstrom.
Hand-Arm-Schwingungen werden vom Werkzeug oder der Maschine über Griffe oder Berührungsflächen auf die Hände und Arme des Bedieners übertragen. Sie werden durch zahlreiche rotierende oder schlagende handgeführte Werkzeuge verursacht, z.B. Abbauhämmer, Kettensägen, Mähgeräte, Schlagschrauber, Nadelhämmer.	schlagendes handgeführtes Werkzeug		Handwerkzeug	rotierendes Handwerkzeug,rotierendes handgeführtes Werkzeug	Die auf das Hand-Arm-System übertragenen Vibrationen werden vom schlagenden handgeführten Werkzeug oder von der Maschine über Griffe oder Kontaktflächen auf die Hände und Arme des Bedieners übertragen. Sie werden durch zahlreiche rotierende oder schlagende handgeführte Werkzeuge verursacht, wie beispielsweise Abbruchhämmer, Motorsägen, Mähmaschinen, Impulsschrauber und Meisselhammer.
Der Arbeitnehmer wird in einem Zeitabstand von höchstens zwei Jahren einer periodischen Untersuchung unterzogen, um die Eignung für die risikobehaftete Tätigkeit zu bestätigen.	periodische Untersuchung		Gesundheitsüberwachung	Untersuchung aufgrund eines begründeten Verdachts,Untersuchung nach Unfall,Untersuchung vor Aufnahme der Tätigkeiten,follow-up Untersuchung,vorbeugende Überwachung	Der Arbeitnehmer muss sich einer periodischen Untersuchung unterziehen, die in Abständen von höchstens zwei Jahren durchgeführt wird, um die Eignung für die risikobehaftete Tätigkeit zu bestätigen.
Bei Arbeiten im Bereich von Stromleitungen sind entsprechende Sicherheitsabstände einzuhalten.	Stromleitung	Freileitung			Bei Arbeiten im Bereich von Freileitungen sind die entsprechenden Sicherheitsabstände einzuhalten.
Kreuzen elektrische Leitungen Bahnen ohne Fahrleitung, so muss der Abstand zwischen den übergeführten Leitern und der Schienenoberkante mindestens 7 m plus 0,01 m pro kV der Nennspannung betragen.	elektrische Leitung	Freileitung			Falls elektrische Leitungen Eisenbahnen ohne Oberleitung kreuzen, muss der Abstand zwischen den aufgehängten Leiterseilen und der Schienenoberkante mindestens 7 m zuzüglich 0,01 m pro kV der Nennspannung betragen.
Bei Mittelspannungsleitungen und bei sehr ausgedehnten Anlagen ist es notwendig, alle aktiven Leiter der allgemeinen Hauptleitung, die bereits oberhalb und unterhalb der Bauzone getrennt wurde, zu erden; .	Mittelspannungsleitung		Stromleitung	Hochspannungsleitung,Niederspannungsleitung	Bei Mittelspannungsleitungen und sehr ausgedehnten Anlagen müssen alle aktiven Leiter der Hauptleitung geerdet werden, die bereits oberhalb und unterhalb des Baubereichs abgeschaltet wurde.
Das optionale Arbeitsverfahren gilt ausschließlich für Nieder- und Mittelspannungsfreileitungen bis 30 kV.	Mittelspannungsfreileitung		Freileitung	Hochspannungsfreileitung,Niederspannungsfreileitung	Das optionale Arbeitsverfahren gilt ausschließlich für Mittelspannungsfreileitungen bis 30 kV.
Alle Gerüste mit Ausnahme jener, die für Arbeiten an Elektro-Oberleitungen verwendet werden, dürfen nicht verschoben werden, während sich Arbeitnehmer oder Lasten darauf befinden.	Elektro-Oberleitung		Freileitung		Alle Gerüste, mit Ausnahme derjenigen, die für Arbeiten an Elektro-Oberleitungen verwendet werden, dürfen nicht bewegt werden, solange sich darauf Arbeitnehmer oder Lasten befinden.
Oberleitungen von Straßenbahnen, Bahnen und O-Bussen, führen  gefährlich hohe Spannungen.	Oberleitung		Freileitung		Oberleitungen von Straßenbahnen, Eisenbahnen und Oberleitungsbussen führen gefährlich hohe Spannungen.
Die Anzahl, die Abmessung, der Standort und der Baustoff der Türen von Arbeitsräumen müssen ein schnelles Verlassen ermöglichen und während der Arbeit leicht von innen geöffnet werden können.	Tür	Brandschutztür,Nottür,Tür des Notausganges			Die Anzahl, die Abmessungen, die Lage und das Baumaterial der Türen der Arbeitsräume müssen einen raschen Ausstieg ermöglichen und während der Arbeit leicht von innen zu öffnen sein.
Mit den engeren Toleranzen liegt das obere Spannungslimit eines +48-V-Ausgangs bei 60 V, was eine Qualifizierung als SELV-System (safety extra low voltage) ermöglicht.	SELV-System			FELV-System,PELV-System	Bei engeren Toleranzgrenzen liegt die obere Spannungsgrenze eines 48-V-Ausgangs bei 60 V, was eine Einstufung als SELV-System (Safety Extra Low Voltage) ermöglicht.
Bei einem PELV-System überschreitet die Spannung die Grenzwerte für Kleinspannung (ELV) nicht: - unter üblichen Bedingungen, - unter Einzelfehlerbedingungen, ausgenommen bei Erdschlüssen in anderen elektrischen Stromkreisen.	PELV-System			FELV-System,SELV-System	In einem PELV-System überschreitet die Spannung nicht die Grenzwerte für Kleinspannung (ELV): – unter normalen Betriebsbedingungen, – bei einem einzelnen Fehler, mit Ausnahme von Erdfehlern in anderen Stromkreisen.
Da FELV-Systeme keine sichere Trennung als Schutzmaßnahme gegen direktes und indirektes Berühren gefährlicher Spannungen beinhalten, müssen FELV-Systeme mit dem Schutzleiter der Primärseite verbunden sein.	FELV-System			PELV-System,SELV-System	Da FELV-Systeme keine sichere Trennung als Schutzmaßnahme gegen direkten und indirekten Kontakt mit gefährlichen Spannungen vorsehen, müssen FELV-Systeme an den Schutzleiter der Primärseite angeschlossen werden.
Kleinspannungsstromkreise sind getrennt von Stromkreisen mit höherer Spannung zu führen. Sind diese im gleichen Gehäuse verlegt (z.B. in Verteilungen), so sind diese sicher voneinander zu trennen (z.B. mit Trennstegen).	ELV-Stromkreis,Kleinspannungsstromkreis	FELV-Stromkreis,PELV-Stromkreis,SELV-Stromkreis			SELV-Stromkreise müssen getrennt von Stromkreisen mit höheren Spannungen verlegt werden. Falls diese in demselben Gehäuse (z. B. in Verteilungsschränken) verlegt werden, müssen sie sicher voneinander getrennt sein (z. B. durch Trennwände).
Schutz durch Kleinspannung beinhaltet:  aktive Teile von SELV- und PELV-Stromkreisen müssen voneinander, von FELV-Stromkreisen und von Stromkreisen höherer Spannung sicher getrennt sein, .	PELV-Stromkreis		ELV-Stromkreis,Kleinspannungsstromkreis	FELV-Stromkreis,SELV-Stromkreis	Der Schutz durch Kleinspannung setzt voraus, dass die aktiven Teile von SELV-Stromkreisen und PELV-Stromkreisen sicher voneinander sowie von FELV-Stromkreisen und Stromkreisen mit höherer Spannung getrennt sein müssen.
Schutz durch Kleinspannung beinhaltet:  aktive Teile von SELV- und PELV-Stromkreisen müssen voneinander, von FELV-Stromkreisen und von Stromkreisen höherer Spannung sicher getrennt sein, .	FELV-Stromkreis		ELV-Stromkreis,Kleinspannungsstromkreis	PELV-Stromkreis,SELV-Stromkreis	Der Schutz durch Kleinspannung umfasst Folgendes: Die aktiven Teile von SELV- und PELV-Stromkreisen müssen sicher voneinander, von FELV-Stromkreisen sowie von Stromkreisen mit höherer Spannung getrennt sein.
Geräte der Schutzklasse I sind elektrische Betriebsmittel mit Schutzleiter.	Gerät der Schutzklasse I		Elektrogerät,elektrisches Gerät	Gerät der Schutzklasse II,Gerät der Schutzklasse III,schutzisoliertes Gerät	Geräte der Schutzklasse I sind elektrische Betriebsmittel mit Schutzleiter.
Geräte der Schutzklasse III sind elektrische Betriebsmittel, bei denen der Schutz gegen elektrischen Schlag auf Sicherheitskleinspannung beruht.	Gerät der Schutzklasse III		Elektrogerät,elektrisches Gerät	Gerät der Schutzklasse I,Gerät der Schutzklasse II,schutzisoliertes Gerät	Geräte der Schutzklasse III sind elektrische Geräte, bei denen der Schutz gegen elektrischen Schlag auf einer sehr niedrigen Sicherheitsspannung basiert.
Der Einheitstext zum Arbeitsschutz  sieht die Bewertung aller am Arbeitsplatz befindlichen Risiken für die Sicherheit und Gesundheit der Arbeitnehmerinnen und Arbeitnehmer vor. Dazu ist auch die Bewertung der psychosozialen Risiken, insbesondere arbeitsbezogener Stress erforderlich.	psychosoziales Risiko		Gefahr,Gefährdung,Risiko		Das einheitliche Gesetz über Gesundheit und Sicherheit am Arbeitsplatz sieht die Bewertung aller am Arbeitsplatz bestehenden Risiken für die Sicherheit und Gesundheit der Arbeitnehmer vor. Zu diesem Zweck ist auch die Bewertung psychosozialer Risiken, insbesondere arbeitsbedingten Stresses, erforderlich.
Die Maschinenrichtlinie stellt insbesondere hohe Anforderungen an die klare Erkennbarkeit und Verfügbarkeit des Not-Halt-Tasters an einer Maschine. Die überarbeitete ISO 13850 gibt neue Gestaltungsmöglichkeiten. Diese Norm definiert nun erstmals, dass auch für Not-Halt-Taster ein dritter Zustand „inaktiv“ definiert ist.	Not-Halt-Taster		Not-Halt-Befehlsgerät,Not-Halt-Gerät		"Die Maschinenrichtlinie stellt besonders hohe Anforderungen an die klare Erkennbarkeit und Verfügbarkeit des Not-Halt-Tasters an einer Maschine. Die überarbeitete Norm ISO 13850 bietet neue Gestaltungsmöglichkeiten. Diese Norm definiert nun erstmals, dass auch für Not-Halt-Taster ein dritter Zustand, nämlich „inaktiv"", festgelegt ist."
Alle Körper von Geräten der Schutzklasse I müssen in einen Schutzpotentialausgleich eingebunden sein.	Körper			fremdes leitfähiges Teil	Alle Körper von Geräten der Schutzklasse I müssen in eine Schutzerdung eingebunden sein.
Bei Einatmungsgefahr Atemschutzgerät mit Gasfilter Hg Typ A, Kennfarbe braun benutzen.	Einatmungsgefahr		Gefahr		Bei Einatmungsgefahr ist ein Atemschutzgerät mit Hg-Gasfilter Typ A (Kennfarbe Braun) zu verwenden.
In der Nähe des Gerätes und außerhalb der Fahrzeugbox muss eine geeignete Sicherheitsbeschilderung angebracht werden, und zwar über das Rauchverbot und das Verbot offenen Lichts bzw. Feuers, sowie über die Pflicht, den Motor abzustellen, und über das Absperrventil.	Sicherheitsbeschilderung,vertikale Kennzeichnung,vertikale Markierung		Sicherheits- und Gesundheitskennzeichnung,Sicherheits- und Gesundheitskennzeichnung am Arbeitsplatz,Sicherheitskennzeichnung	Bodenkennzeichnung,Bodenmarkierung,horizontale Kennzeichnung,horizontale Markierung	In der Nähe der Anlage und außerhalb des Fahrzeugraums ist eine geeignete Sicherheitsbeschilderung anzubringen, und zwar hinsichtlich des Rauchverbots sowie des Verbots offener Flammen oder Feuers, ferner hinsichtlich der Verpflichtung, den Motor abzustellen, sowie hinsichtlich des Absperrventils.
Sicherer Abstand bedeutet mindestens 120 mm bei Einzugsrisiko für Hände bzw. Arme oder mindestens 500 mm wenn ein Einzugsrisiko für den Körper besteht (z. B. bei Trocknerwalzen).	Einzugsrisiko		Gefahr,Gefährdung,Risiko	Quetschgefährdung,Quetschrisiko	Der Sicherheitsabstand beträgt mindestens 120 mm bei Einzugsrisiko für Hände oder Arme oder mindestens 500 mm bei Einzugsrisiko für den Körper (z. B. bei Trocknungswalzen).
Das Entstehen von Kälteschäden hängt einerseits von der Umgebungs- oder Wassertemperatur, der Umgebungsfeuchtigkeit, der Windgeschwindigkeit und der Expositionsdauer ab sowie andererseits von individuellen Faktoren wie der (Schutz)-Kleidung, der körperlichen Belastung, dem Alter und vom Gesundheitszustand der Arbeitnehmenden.	Kälteschaden			Hitzeschaden	Das Auftreten von Kälteschäden hängt einerseits von der Umgebungstemperatur oder Wassertemperatur, der Luftfeuchtigkeit, der Windgeschwindigkeit und der Dauer der Exposition ab und andererseits von individuellen Faktoren wie der (Schutz-)Kleidung, der körperlichen Anstrengung, dem Alter und dem Gesundheitszustand der Arbeitnehmer.
Oft lassen sich Hitzeerkrankungen anhand ihrer Symptome erkennen und unterscheiden. Das ist wichtig, um geeignete Hilfsmaßnahmen zu ergreifen und den Betroffenen vor Hitzeschäden zu schützen.	Hitzeerkrankung,Hitzekrankheit	Hitzeerschöpfung,Hitzekollaps,Hitzekrampf,Hitzeschlag,Hitzschlag,Sonnenstich			Hitzekrankheiten können oft anhand ihrer Symptome erkannt und voneinander unterschieden werden. Dies ist wichtig, um geeignete Rettungsmaßnahmen zu ergreifen und die betroffene Person vor Hitzeschäden zu schützen.
Es besteht die Möglichkeit von Sonnenstich, Hitzekrampf und Hitzekollaps.	Hitzekrampf		Hitzeerkrankung		Es besteht die Möglichkeit eines Hitzschlags, eines Hitzekrampfs sowie eines Hitzekollapses.
Beim Hitzekollaps handelt es sich um eine plötzlich auftretende Bewusstlosigkeit. Sie ist in der Regel von kurzer Dauer und kann sowohl bei körperlich aktiven wie auch bei ruhenden Personen auftreten.	Hitzekollaps		Hitzeerkrankung		Ein Hitzekollaps ist ein plötzlicher Bewusstseinsverlust. Er ist in der Regel von kurzer Dauer und kann sowohl bei körperlich aktiven Personen als auch bei ruhenden Personen auftreten.
Zugangsöffnungen innerhalb der Belagsfläche (Durchstiegsluke) müssen mit Schutzvorrichtungen gegen Absturz versehen sein .	Schutzvorrichtung gegen Absturz	Auffangnetz,Brüstung,Fangnetz,Schutznetz	kollektive Schutzeinrichtung		Zugangsöffnungen innerhalb der Verkehrsfläche (Zugangsluken) müssen mit einer kollektiven Schutzeinrichtung gegen Absturz ausgestattet sein.
Die neue Datenschutz-Grundverordnung ändert und erweitert wesentlich die Inhalte des Informationsblattes, welches von den Artikeln 13 und 14 der DSGVO geregelt wird.	Datenschutzerklärung,Datenschutzinformation,Information,Informationsblatt		Informationsschreiben,Mitteilung		Die neue Datenschutz-Grundverordnung ändert und erweitert die Inhalte der Datenschutzinformation, die in den Artikeln 13 und 14 der DSGVO geregelt ist, erheblich.
Eine Anwendungsbewilligung nach Artikel 4 Buchstabe b ist nicht erforderlich für das Ausbringen von Organismen mit einem unbemannten Luftfahrzeug.	Buchstabe		Abs.,Absatz		Eine Bewilligung für die Anwendung gemäss Artikel 4 Buchstabe b ist für die Freisetzung von Organismen mittels eines unbemannten Luftfahrzeugs nicht erforderlich.
Es wird bestätigt, dass diese analoge Ausfertigung, bestehend  aus 2 Seiten, mit dem digitalen Original identisch ist, .	analoge Abschrift,analoge Ausfertigung	analoge Abschrift eines informatischen Dokumentes,analoge Ausfertigung eines digitalen Dokuments			Es wird bestätigt, dass diese analoge Ausfertigung eines digitalen Dokuments, bestehend aus 2 Seiten, mit dem digitalen Original identisch ist.
Die digitale Unterlage ist mit einer sog. Konformitätserklärung zu versehen, in der bestätigt wird, dass die digitale Kopie dem originalen Papierdokument entspricht.	digitale Kopie,informatische Abschrift	digitale Kopie eines Papierdokuments,digitale Kopie eines analogen Dokuments,digitale Kopie eines digitalen Dokuments,informatische Abschrift eines informatischen Dokumentes,informatische Kopie eines analogen Dokuments			Das digitale Dokument muss von einer sogenannten Konformitätserklärung begleitet sein, in der bestätigt wird, dass die digitale Kopie eines Papierdokuments mit dem ursprünglichen Papierdokument übereinstimmt.
Von den  Planskizzen von Gebäuden die in materielle Anteile unterteilt sind, und die in Papierform Grundbuchsgesuchen beigefügt sind,  wird eine informatische Abschrift durch Scannen der Planskizze erstellt.	digitale Kopie,informatische Abschrift	digitale Kopie eines Papierdokuments,digitale Kopie eines analogen Dokuments,digitale Kopie eines digitalen Dokuments,informatische Abschrift eines informatischen Dokumentes,informatische Kopie eines analogen Dokuments			Von den Grundrissen von Gebäuden, die in Miteigentumsanteile aufgeteilt sind und den Grundbuchanträgen in Papierform beigefügt werden, wird durch Scannen des Grundrisses eine digitale Kopie eines analogen Dokuments erstellt.
Elektronische Kopien von Mitteilungen können mit einem geregelten elektronischen Siegel  der Behörde versehen werden.	elektronische Kopie	elektronische Kopie eines Papierdokuments			Elektronische Kopien der Mitteilungen können mit einem qualifizierten elektronischen Siegel der Behörde versehen werden.
Wenn  das Dokument als digitales Duplikat vorgelegt wird und die digitalen Unterschriften aller ursprünglichen Unterzeichner trägt, dann ist keine Konformitätserklärung erforderlich.	digitales Duplikat,informatisches Duplikat		digitales Dokument,elektronische Urkunde,elektronisches Dokument		Sofern das Dokument als digitales Duplikat vorgelegt wird und die digitalen Signaturen aller ursprünglichen Unterzeichner aufweist, ist keine Übereinstimmungserklärung erforderlich.
Die Bescheinigung über die erworbenen Kompetenzen bei der Jahresbewertung über die fünfte Klasse der Grundschule und über die dritte Klasse der Mittelschule ersetzt die Bewertung der allgemeinen Lernentwicklung der Schülerinnen und Schüler.	Jahresbewertung		Bewertung der Lernerfolge	periodische Bewertung	Die Bestätigung der im Rahmen der Bewertung der Lernerfolge der fünften Klasse der Grundschule und der dritten Klasse der Mittelschule erworbenen Kompetenzen ersetzt die Bewertung der allgemeinen Lernentwicklung der Schülerinnen und Schüler.
Oft ist es gar nicht mehr nötig, an einem bestimmten Ort zu arbeiten und Arbeitgeber betreiben immer öfter das Konzept „Smart Working“.	Smart Working,smartes Arbeiten		Fernarbeit	Homeoffice-Arbeit,Telearbeit	Oft ist es nicht mehr erforderlich, an einem bestimmten Ort zu arbeiten, und Arbeitgeber setzen zunehmend das Konzept des Smart Working um.
Häusliche Absonderung beinhaltet: - Wohnung/Haushalt nicht verlassen; - Empfang von Besuch ist auf das Notwendigste zu beschränken; - keine Beschränkungen für Mitbewohner.	Absonderung zu Hause,häusliche Absonderung,häusliche Isolation,häusliche Isolierung		Isolation,Isolierung		Die häusliche Absonderung umfasst: - das Verlassen der Wohnung/des Haushalts ist untersagt - Besuche sind auf das unbedingt Notwendige zu beschränken - für im selben Haushalt lebende Personen gelten keine Einschränkungen.
Man wurde von seinem zuständigen Gesundheitsamt als SARS-CoV-2 Kontaktperson mit hohem Infektionsrisiko eingestuft. Gegebenenfalls kann das Gesundheitsamt eine Absonderung zu Hause erwägen.	Absonderung zu Hause,häusliche Absonderung,häusliche Isolation,häusliche Isolierung		Isolation,Isolierung		Sie wurden von der zuständigen Gesundheitsbehörde als SARS-CoV-2-Kontaktperson mit hohem Infektionsrisiko eingestuft. Gegebenenfalls kann die Gesundheitsbehörde eine häusliche Absonderung anordnen.
Die SPID-Identität besteht aus Anmeldeinformationen (Benutzername und Passwort), die für den Benutzer ausgestellt werden und den Zugriff auf alle Online-Dienste ermöglichen.	SPID,SPID-Identität		digitale Identität		Die SPID-Identität besteht aus Zugangsdaten (Benutzername und Passwort), die dem Nutzer zugeteilt werden und den Zugang zu allen Online-Diensten ermöglichen.
Da der Virus in der Regel durch das Einatmen von Tröpfchen oder über den direkten Kontakt mit Schleimhäuten in den Körper eindringt, sollte auf räumliche Distanz zu anderen Menschen geachtet werden.	räumliche Distanz,soziale Distanz	Abstand			Da das Virus in der Regel durch das Einatmen von Tröpfchen oder den direkten Kontakt mit Schleimhäuten in den Körper gelangt, sollte auf die soziale Distanz zu anderen Personen geachtet werden.
Pertussis (Keuchhusten) tritt das ganze Jahr über auf, besonders häufig aber im späten Winter und Frühjahr. Die Krankheit zeichnet sich durch eine hohe Letalität (1:1.000) aus, die bei Kindern unter sechs Monaten höher und vorwiegend durch Pneumonien bedingt ist.	Letalität		Mortalität,Sterblichkeit		Keuchhusten (Stickhusten) tritt das ganze Jahr über auf, jedoch häufiger im späten Winter und im Frühjahr. Die Krankheit ist durch eine hohe Sterblichkeit (1:1.000) gekennzeichnet, die bei Kindern unter sechs Monaten höher ist und überwiegend durch Lungenentzündungen verursacht wird.
Bei einem Covid-19-Verdachtsfall im Krankenhaus und starken Symptomen wird der Patient einer ärztlichen Visite unterzogen mit Blut- und Urintest, Thorax-Röntgen und Nasen-Rachen-Abstrich.	Nasen-Rachen-Abstrich		PCR-Test,molekularer PCR-Test		Bei Verdacht auf Covid-19 im Krankenhaus und schweren Symptomen wird der Patient einer ärztlichen Untersuchung unterzogen, die Blut- und Urinuntersuchungen, eine Röntgenaufnahme des Brustkorbs sowie einen Nasen-Rachen-Abstrich umfasst.
Das bevorzugte Untersuchungsmaterial für den Nachweis einer möglichen Infektion mit dem SARS-CoV-2 ist ein Oropharynx- und/oder Nasopharynx-Abstrich, wie bei der Influenza-Diagnostik.	Nasopharyngealabstrich,Nasopharynx-Abstrich,nasopharyngealer Abstrich		PCR-Test	Oropharyngealabstrich,Oropharynx-Abstrich,oropharyngealer Abstrich	Das bevorzugte Untersuchungsmaterial zum Nachweis einer möglichen SARS-CoV-2-Infektion ist ein oropharyngealer Abstrich und/oder ein nasopharyngealer Abstrich, wie er auch in der Influenzadiagnostik verwendet wird.
Der/die Medizinische RöntgentechnikerIn ist eine Fachkraft des Gesundheitsdienstes, die im Besitz eines berufsbefähigenden Laureatsdiploms und im Berufsalbum eingetragen ist; .	Fachkraft des Gesundheitsdienstes,Sanitätsfachkraft	Pflegehelfer			Der medizinisch-radiologische Fachtechniker ist eine Sanitätsfachkraft, die über einen berufsqualifizierenden Hochschulabschluss verfügt und in das Berufsregister eingetragen ist.
Unter starker Kundenauthentifizierung versteht man höhere Sicherheitsvorkehrungen bei der Freigabe von Online-Zahlungen, wie beispielsweise mittels Kreditkarte oder Online Banking.	starke Kundenauthentifizierung		Authentifizierung,Beglaubigung		Unter starker Kundenauthentifizierung sind verstärkte Sicherheitsmaßnahmen zur Autorisierung von Online-Zahlungen, etwa mittels Kreditkarte oder Online-Banking, zu verstehen.
Auf vielen digitalen Lernplattformen bzw. -portalen ist es  möglich, sogenannte „digitale Klassenzimmer“ einzurichten. Gedacht sind sie vor allem für den Distanzunterricht, können aber auch unabhängig davon eingesetzt werden.	Distanzunterricht,Fernunterricht,digitaler Unterricht			integrierter Fernunterricht	"Auf vielen digitalen Lernplattformen oder -portalen können sogenannte „digitale Klassenzimmer"" eingerichtet werden. Diese sind primär für den Distanzunterricht konzipiert, können jedoch auch unabhängig davon genutzt werden."
Schutzkleidung ist in vielen Arbeitsbereichen vorgeschrieben. Die Einsatzmöglichkeiten sind vielfältig. So gehören Einmalkittel in Laboren der chemischen Industrie, in Krankenhäusern oder auch bei der Asbestsanierung zur Standardausrüstung.	Einmalkittel,Einwegkittel		PSA,Schutzausrüstung,persönliche Schutzausrüstung		Schutzkleidung ist in vielen Arbeitsbereichen vorgeschrieben. Die Einsatzmöglichkeiten sind vielfältig. So gehören Einwegkittel beispielsweise zur Standardausrüstung in Labors der chemischen Industrie, in Krankenhäusern oder auch bei Asbestsanierungen.
Allen Personen, die sich in Tirol aufgehalten haben, wird dringend geraten, sich 14 Tage in häusliche Selbstisolation zu begeben.	Selbstisolation,häusliche Selbstisolation	Isolation auf Vertrauensbasis,häusliche Isolation auf Vertrauensbasis			Allen Personen, die sich in Tirol aufgehalten haben, wird dringend empfohlen, eine häusliche Selbstisolation von 14 Tagen einzuhalten.
Wenn man asymptomatisch ist, wenn keine Vorerkrankungen vorliegen, wenn keine Komplikationen in der Schwangerschaft aufgetreten sind und die 36. Schwangerschaftswoche noch nicht vollendet ist, kann man zu Hause in Selbstisolation bleiben.	Selbstisolation,häusliche Selbstisolation	Isolation auf Vertrauensbasis,häusliche Isolation auf Vertrauensbasis			Bei asymptomatischen Verläufen, ohne Vorerkrankungen, ohne Komplikationen während der Schwangerschaft und sofern die 36. Schwangerschaftswoche noch nicht abgeschlossen ist, kann man zu Hause in häuslicher Selbstisolation verbleiben.
Österreichische Staatsbürger und Fremde  sind nach Einreise auf dem Luftweg nach Österreich verpflichtet, unverzüglich eine 14-tägige selbstüberwachte Heimquarantäne anzutreten .	Selbstquarantäne,selbstüberwachte Heimquarantäne		Quarantäne		Österreicher und Ausländer sind verpflichtet, nach der Einreise nach Österreich auf dem Luftweg unverzüglich eine selbstüberwachte Heimquarantäne von 14 Tagen anzutreten.
Jeder Bundesbürger könnte eine eigene Atemschutzmaske mit austauschbarem Filter, beides chemisch und thermisch (Auskochen) desinfizierbar, besitzen.	Atemschutzmaske mit austauschbarem Filter	Halbmaske mit austauschbarem Filter,Vollmaske mit austauschbarem Filter			Jeder Bundesbürger kann eine eigene Vollmaske mit austauschbarem Filter besitzen, die sowohl chemisch als auch thermisch (durch Abkochen) desinfizierbar ist.
Bei der Risikobewertung  prüft der Arbeitgeber die Arbeitsplätze insbesondere auf  die Risiken für Sehvermögen und Augen;  Probleme mit der Körperhaltung und körperliche oder psychische Belastungen.	psychische Belastung		arbeitsbedingter Stress,arbeitsbezogener Stress		Bei der Risikobewertung hat der Arbeitgeber die Arbeitsstätten insbesondere hinsichtlich der Gefahren für das Sehvermögen und die Augen, von Haltungsschäden sowie von arbeitsbedingtem Stress zu prüfen.
Die Ergebnisse der Umfragen von Meinungsforschungsinstituten (demoskopische Umfragen) sind nach der ZPO - wenn auch dort nicht besonders erwähnte - zulässige Beweismittel.	demoskopische Umfrage		Befragung,Umfrage		Die Ergebnisse von demoskopischen Umfragen (Befragungen) durch Meinungsforschungsinstitute stellen gemäß der Zivilprozessordnung – obwohl sie darin nicht ausdrücklich erwähnt werden – zulässige Beweismittel dar.
Anhand des Promemoria kann der Apotheker oder die Apothekerin sowie der Arzt oder die Ärztin die Nummer des elektronischen Rezepts und die Steuernummer des Patienten oder der Patientin feststellen.	Promemoria	Promemoria in Papierform,digitalisiertes Promemoria			Auf Grundlage des Promemoria können der Apotheker oder die Apothekerin sowie der Arzt oder die Ärztin die Nummer des elektronischen Rezepts und die Steuernummer des Patienten oder der Patientin feststellen.
Die Arbeitsunfähigkeitsrente erhält, wer auf Grund von körperlicher oder psychischer Krankheit nicht arbeitsfähig ist und mindestens 5 Versicherungsjahre nachweisen kann . Da die Rente nur bei totaler Arbeitsunfähigkeit zusteht, kann keine lohnabhängige oder selbständige Arbeit ausgeführt werden.	Arbeitsunfähigkeitsrente,Erwerbsunfähigkeitsrente			Invalidengeld,ordentliches Invalidengeld	Die Erwerbsunfähigkeitsrente wird Personen gewährt, die aufgrund einer körperlichen oder psychischen Erkrankung nicht arbeitsfähig sind und mindestens fünf Jahre Versicherungszeiten nachweisen können. Da die Rente nur bei vollständiger Arbeitsunfähigkeit zusteht, darf keine abhängige oder selbstständige Erwerbstätigkeit ausgeübt werden.
Für den Fall der Umwandlung einer Berufsunfähigkeits-/teilweisen Erwerbsminderungsrente in eine volle Erwerbsminderungsrente oder in die Altersrente muss die Wartezeit bis zum Beginn der Berufsunfähigkeits-/teilweisen Erwerbsminderungsrente erfüllt sein.	Rente wegen voller Erwerbsminderung,volle Erwerbsminderungsrente			Rente wegen teilweiser Erwerbsminderung,teilweise Erwerbsminderungsrente	Im Falle der Umwandlung einer Rente wegen Berufsunfähigkeit bzw. teilweiser Erwerbsminderung in eine Rente wegen voller Erwerbsminderung oder in eine Altersrente muss die Wartezeit bis zum Beginn der Rente wegen Berufsunfähigkeit bzw. teilweiser Erwerbsminderung erfüllt sein.
Die von S.________ gegen die Personalfürsorgestiftung eingereichte Klage vom 26. Oktober 2011 mit dem Antrag auf Ausrichtung einer Vollinvalidenrente ab 1. Januar 2003 wies das Versicherungsgericht des Kantons St. Gallen mit Entscheid vom 19. September 2012 ab.	Vollinvalidenrente,volle Invalidenrente			Teilinvalidenrente	Das Versicherungsgericht des Kantons St. Gallen hat mit Entscheid vom 19. September 2012 das Gesuch von S.________ gegen die Personalvorsorgestiftung vom 26. Oktober 2011 abgewiesen, mit welchem die Ausrichtung einer Vollinvalidenrente ab dem 1. Januar 2003 verlangt wurde.
Am 07. April 2020 hat die Südtiroler Landesregierung ein Abkommen mit Banken und Garantiegenossenschaften genehmigt. Auf der Grundlage dieses Abkommens erhalten Unternehmen, Landwirtschaftliche Betriebe und Freiberufler Zugang zu einem begünstigten Sofortkredit.	begünstigter Sofortkredit		begünstigter Kredit,vergünstigter Kredit		Am 7. April 2020 hat die Landesregierung Südtirols eine Vereinbarung mit Banken und Bürgschaftsgenossenschaften genehmigt. Auf Grundlage dieser Vereinbarung erhalten Unternehmen, landwirtschaftliche Betriebe und Freiberufler Zugang zu einem begünstigten Sofortkredit.
Zur Umsetzung der  vorgesehenen Maßnahmen wendet das Land folgende Mittel oder Kombinationen dieser Mittel an: a) Kapitalbeiträge, b) Zinsbeiträge, c) zinsbegünstigte Finanzierungen, .	Kapitalbeitrag		Schenkungsbeitrag,Verlustbeitrag,einmaliger Beitrag	Beitrag zur Gewinn- und Verlustrechnung,Betriebsbeitrag,Betriebszuschuss,Zinsbeitrag,Zinszuschuss	Für die Umsetzung der vorgesehenen Maßnahmen setzt das Land folgende Mittel oder Kombinationen davon ein: a) Kapitalbeitrag, b) Zinszuschuss, c) zinsgünstige Finanzierungen.
Das Land ist, unter Beachtung der Regelung der Europäischen Union für staatliche Beihilfen, befugt, die STA Südtiroler Transportstrukturen AG mit einem jährlichen Betriebsbeitrag und eventuellen Kreditgewährungen finanziell zu unterstützen.	Beitrag zur Gewinn- und Verlustrechnung,Betriebsbeitrag,Betriebszuschuss		Beitrag,Zuschuss,finanzieller Beitrag	Kapitalbeitrag,Zinsbeitrag,Zinszuschuss	Die Provinz ist ermächtigt, unter Einhaltung der EU-Vorschriften über staatliche Beihilfen die STA Strutture Trasporto Alto Adige SpA finanziell durch einen jährlichen Betriebsbeitrag sowie gegebenenfalls durch Kreditgewährungen zu unterstützen.
Der Arbeitgeber gewährleistet, dass Einfachleitern so verwendet werden, dass die Arbeitnehmer jederzeit sicher stehen und sich sicher festhalten können.	Einfachleiter	Anlegeleiter,Hängeleiter	tragbare Leiter	Doppelleiter,Stehleiter	Der Arbeitgeber hat dafür zu sorgen, dass Einfachleitern so verwendet werden, dass die Arbeitnehmer stets sicher stehen und sich festhalten können.
Die Bewertung der Lernerfolge und des Verhaltens der Schüler und Schülerinnen und die Bescheinigung der erworbenen Kompetenzen erfolgen, aufgrund allgemeiner, von der Landesregierung festgelegter Kriterien, durch den Klassenrat in gemeinsamer Verantwortung.	Bewertung der Lernerfolge	Jahresbewertung,periodische Bewertung	Schülerbewertung	Bewertung des Verhaltens	Die Bewertung der Lernerfolge und des Verhaltens der Schülerinnen und Schüler sowie die Zertifizierung der erworbenen Kompetenzen erfolgen auf der Grundlage allgemeiner Kriterien, die von der Landesregierung festgelegt werden, durch den Klassenrat in gemeinsamer Verantwortung.
Für die Schülerinnen und Schüler, die sich nicht am Monitoring- und Testprogramm beteiligen, werden die didaktischen und schulischen Aktivitäten über den integrierten Fernunterricht fortgeführt.	integrierter Fernunterricht			asynchrone Aktivität,synchrone Aktivität	Für Schüler und Schülerinnen, die nicht am Überwachungs- und Testprogramm teilnehmen, wird der Unterricht im Rahmen des integrierten Fernunterrichts fortgesetzt.
Schülerinnen und Schüler von Abschlussklassen des Berufskollegs können  bei besonderem pädagogischem Bedarf ausnahmsweise unter strikter Berücksichtigung der Hygienevorschriften der Corona-BetrVO im erforderlichen Umfang im Präsenzunterricht beschult werden.	Präsenzunterricht			Distanzunterricht,Homeschooling,digitaler Unterricht	Schülerinnen und Schüler der Abschlussklassen des Berufskollegs können bei besonderem pädagogischem Bedarf ausnahmsweise im erforderlichen Umfang im Präsenzunterricht unterrichtet werden, wobei die Hygienevorschriften der Corona-BetrVO strikt einzuhalten sind.
Der Mehrfachimpfstoff dient der gleichzeitigen Immunisierung gegen verschiedene Erreger bzw. deren Toxine.	Kombinationsimpfstoff,Mehrfachimpfstoff		Impfstoff	Einfachimpfstoff,Einzelimpfstoff,monovalenter Impfstoff	Ein Kombinationsimpfstoff dient der gleichzeitigen Immunisierung gegen verschiedene Krankheitserreger oder deren Toxine.
Satz 1 gilt auch, wenn zur Erlangung von Impfschutz gegen Masern ausschließlich Kombinationsimpfstoffe zur Verfügung stehen, die auch Impfstoffkomponenten gegen andere Krankheiten enthalten.	Kombinationsimpfstoff,Mehrfachimpfstoff		Impfstoff	Einfachimpfstoff,Einzelimpfstoff,monovalenter Impfstoff	Satz 1 gilt auch dann, wenn zum Erreichen eines Impfschutzes gegen Masern ausschließlich Mehrfachimpfstoffe zur Verfügung stehen, die auch Impfstoffkomponenten gegen andere Krankheiten enthalten.
Es fiel die Wahl auf den Einsatz von Tests, die auf Speichelproben basieren, weil diese Speicheltests auch zu Hause durchgeführt werden können und die Anwesenheit von medizinischem Fachpersonal nicht notwendig ist.	Speicheltest			Antigenspeicheltest,molekularer Test mittels Speichelprobe	Die Entscheidung fiel auf den Einsatz von Tests auf Basis von Speichelproben, da diese Speicheltests auch zu Hause durchgeführt werden können und keine Anwesenheit von medizinischem Fachpersonal erforderlich ist.
Die Teilnahme am Projekt ist freiwillig und unterliegt der ausdrücklichen Zustimmung der Eltern/Erziehungsberechtigten der beteiligten Schüler zum Vorab-Screenings und, bei positiven Fällen, einer Bestätigung durch einen molekularen Test oder eines vorhergehenden Antigenspeicheltest.	Antigenspeicheltest		Antigen-Schnelltest,Speicheltest	molekularer Test mittels Speichelprobe	Die Teilnahme am Projekt ist freiwillig und setzt die ausdrückliche Zustimmung der Eltern oder gesetzlichen Vertreter der am Screening teilnehmenden Schüler voraus, sowohl für das vorläufige Screening als auch – im Falle eines positiven Ergebnisses – für eine Bestätigung durch einen molekularen Test oder einen vorherigen Antigenspeicheltest.
Der Unternehmer hat seine Pflicht zur Bereitstellung der digitalen Leistung erfüllt, sobald  die digitale Dienstleistung dem Verbraucher oder einer vom Verbraucher zu diesem Zweck bestimmten körperlichen oder virtuellen Einrichtung zugänglich gemacht worden ist.	digitale Dienstleistung,digitaler Dienst	Cloud-Computing-Dienst,Cloud-Dienst,Cloud-Service,Internet-Suchmaschine,Online-Marktplatz,Online-Suchmaschine,Suchmaschine			Der Unternehmer hat seine Verpflichtung zur Erbringung der digitalen Dienstleistung erfüllt, sobald die digitale Dienstleistung dem Verbraucher oder einer vom Verbraucher zu diesem Zweck benannten natürlichen oder virtuellen Person zugänglich gemacht wurde.
Zur Gewährleistung der NIS Netz- und Informationssystemsicherheit haben Anbieter digitaler Dienste in Hinblick auf die Netz- und Informationssysteme, die sie für die Bereitstellung des digitalen Dienstes nutzen, geeignete und verhältnismäßige technische und organisatorische Sicherheitsvorkehrungen zu treffen.	Anbieter digitaler Dienste	Cloud-Anbieter,Cloud-Provider			Um die Sicherheit der NIS-Netzwerke und -Informationssysteme zu gewährleisten, müssen Anbieter digitaler Dienste angemessene und verhältnismäßige technische und organisatorische Sicherheitsmaßnahmen ergreifen, die auf die Netzwerke und Informationssysteme abgestimmt sind, die sie für die Erbringung ihrer digitalen Dienste nutzen.
Bei der Gewährung der Wohnbauförderung des Landes werden hauptsächlich berücksichtigt:  das Bewohnen einer für unbewohnbar erklärten oder überfüllten Wohnung .	überfüllte Wohnung		Wohnrecht,Wohnungsrecht	angemessene Wohnung	Bei der Gewährung von Landesbeihilfen für den Wohnungsbau wird vor allem Folgendes berücksichtigt: die Nutzung einer als unbewohnbar erklärten Wohnung oder einer überfüllten Wohnung.
Der Handwerksunternehmer ist persönlich im Produktions-, Organisations-, Verwaltungs- oder Verkaufsbereich eines Handwerksunternehmens tätig.	Handwerksunternehmer		Selbstständiger		Der Handwerksunternehmer ist persönlich im produktiven, organisatorischen, administrativen oder kommerziellen Bereich eines Handwerksbetriebs tätig.
Die mit Artikel 90 des Statutes errichtete Autonome Sektion für die Provinz Bozen des Regionalen Verwaltungsgerichtes von Trentino-Südtirol (Verwaltungsgericht Bozen - VwG Bozen) hat ihren Sitz in Bozen. Der Sprengel des Verwaltungsgerichtes Bozen umfaßt die Provinz Bozen.	Regionales Verwaltungsgericht		Verwaltungsgerichtsbarkeit		Die autonome Sektion für die Provinz Bozen des Regionalen Verwaltungsgerichts Trentino-Südtirol, die durch Artikel 90 des Statuts eingerichtet wurde, hat ihren Sitz in Bozen. Ihr Zuständigkeitsbereich umfasst die Provinz Bozen.
Die Gerichtsbarkeit des Rechnungshofs umfasst Verfahren der verwaltungsgerichtlichen Rechnungslegung, Verfahren betreffend die verwaltungsrechtliche Haftung für Schäden zum Nachteil der öffentlichen Hand sowie sonstige Verfahren im Bereich des öffentlichen Rechnungswesens.	Rechnungshof	Berufungssektion,regionale Rechtsprechungssektion,vereinigte Sektion			Der Rechnungshof ist zuständig für Rechnungsstreitigkeiten, Verfahren wegen verwaltungsrechtlicher Haftung für Schäden am Staatshaushalt sowie für weitere Verfahren im Bereich der öffentlichen Rechnungsführung.
Die Wahrnehmung der in dieser Straßenverkehrsordnung vorgesehenen straßenpolizeilichen Aufgaben obliegt a) in erster Linie der Spezialeinheit Straßenpolizei der Staatspolizei, b) der Staatspolizei, c) den Carabinieri, d) dem Finanzwachekorps, .	Carabinieri		Streitkräfte,bewaffnete Macht		Die Wahrnehmung der im vorliegenden Straßenverkehrsgesetz vorgesehenen Aufgaben der Verkehrspolizei obliegt: a) in erster Linie der Verkehrspolizei der Staatspolizei; b) der Staatspolizei; c) der Carabinieri; d) dem Finanzpolizeikorps.
Der Labortechniker/die Labortechnikerin führt aufgrund der Aufträge des/der Vorgesetzten Erhebungen, Analysen und Bestimmungen im chemischen, physikalischen, biologischen oder medizinischen Bereich durch.	Labortechniker			Laborassistent,qualifizierter Labortechniker	Der qualifizierte Labortechniker führt im Auftrag höherer Fachkräfte Messungen, Analysen und Bestimmungen auf den Gebieten der Chemie, Physik, Biologie oder Medizin durch.
Der Präsident des Regionalausschusses wird, sofern das Regionalstatut nichts anderes festlegt, in allgemeiner und direkter Wahl gewählt.	Regionalstatut		Satzung,Statut		Der Präsident der Regionalregierung wird, sofern das Statut nichts anderes bestimmt, in allgemeiner und direkter Wahl gewählt.
Das Rechnungsprüferkollegium hat das Recht auf Zugang zu Unterlagen und Dokumenten des Landes, um die Ausübung der ihm übertragenen Aufgaben zu gewährleisten.	Recht auf Zugang,Zugangsrecht	Recht auf Zugang zu den Verwaltungsunterlagen,Zugangsrecht zu den Verwaltungsunterlagen			Der Rechnungshof hat das Recht auf Zugang zu den Verwaltungsunterlagen der Provinz, um die ihm übertragenen Aufgaben wahrnehmen zu können.
Der Fahrer ist verpflichtet,  a) den Beschleunigungsstreifen zu verwenden, um auf den Fahrstreifen für den durchgehenden Verkehr einzufahren, und den auf diesem Fahrstreifen verkehrenden Fahrzeugen Vorfahrt zu geben .	Beschleunigungsspur,Beschleunigungsstreifen		gesonderter Fahrstreifen	Verzögerungsspur,Verzögerungsstreifen	Es besteht die Verpflichtung: a) den Beschleunigungsstreifen zu benutzen, um auf die Fahrspur einzufädeln, sowie den Fahrzeugen, die sich auf dieser Fahrspur befinden, den Vorrang zu gewähren.
Sofern nichts anderes angezeigt wird , muss das Fahrzeug beim Halten und Parken so nah wie möglich am rechten Fahrbahnrand abgestellt werden, und zwar parallel zu diesem und in Fahrtrichtung.	Parken	Notparken			An Orten, an denen das Parken nur für eine begrenzte Zeit gestattet ist, sind die Fahrzeugführer verpflichtet, den Beginn der Parkzeit deutlich sichtbar anzugeben. Sofern eine Vorrichtung zur Überwachung der Parkdauer vorhanden ist, muss diese in Betrieb genommen werden.
Anwärter auf den Führerschein der Klasse B müssen an einer Fahrschule mit einem ausgebildeten und dazu berechtigten Praxisfahrlehrer Fahrübungen auf der Autobahn oder auf Freilandstraßen sowie bei Dunkelheit machen.	Freilandstraße	erstrangige Freilandstraße,zweitrangige Freilandstraße	Straße		Wer die Fahrerlaubnis der Klasse B erwerben möchte, muss bei einer Fahrschule mit einem qualifizierten und zugelassenen Fahrlehrer Fahrübungen auf Autobahnen oder Freilandstraßen sowie bei Nachtfahrten absolvieren.
Betrifft die Zusatzstrafe der verwaltungsbehördlichen Fahrzeugbeschlagnahme ein Kleinkraftrad oder ein Kraftrad, so verfügt das vorgehende Polizeiorgan das Abschleppen des Fahrzeugs .	verwaltungsbehördliche Fahrzeugbeschlagnahme		vorbeugende Maßnahme		Wenn Gegenstand der Nebenstrafe der verwaltungsbehördlichen Fahrzeugbeschlagnahme ein Mofa oder ein Motorrad ist, ordnet das zuständige Polizeiorgan die Entfernung des Fahrzeugs sowie dessen Verbringung an einen geeigneten Verwahrungsort an.
Mit den Zusatzzeichen und -einrichtungen soll erreicht werden, dass Folgendes ersichtlich gemacht oder angezeigt wird: a) der Straßenverlauf, b) bestimmte gefährliche Kurven oder Stellen, c) Hindernisse auf oder neben der Fahrbahn.	Zusatzzeichen und -einrichtung		Verkehrszeichen		Zusatzzeichen und -einrichtungen dienen dazu, Folgendes hervorzuheben oder kenntlich zu machen: a) den Straßenverlauf; b) besondere Kurven und kritische Punkte; c) Hindernisse auf der Fahrbahn oder in deren unmittelbarer Nähe.
Der Bibliotheksinspektor/die Bibliotheksinspektorin wirkt mit bei der Planung und Einrichtung von Bibliotheken, sorgt für deren einheitliche Führung, plant und unterstützt Aktionen zur Leseförderung und ist für alle Bereiche von wissenschaftlichem Anspruch zuständig.	Bibliotheksinspektor			Archivar,Archivbeamter,Bibliothekar,Diplom-Bibliothekar	Wer an der Planung und Einrichtung von Bibliotheken mitwirkt, sorgt für deren Verwaltung nach einheitlichen Kriterien, schlägt Initiativen zur Förderung der Lesekultur vor und setzt diese um und ist für alle Bereiche von wissenschaftlicher Bedeutung zuständig.
Das gebietsmäßig zuständige Ethikkomitee hat eine begründete positive Stellungnahme zum Forschungsprogramm abgegeben .	Ethikkomitee	Landesethikkomitee			Das Forschungsprogramm muss eine begründete positive Stellungnahme des zuständigen Landesethikkomitees erhalten und vorab der Datenschutzbehörde zur Konsultation vorgelegt werden.
Die Nutzung durch Dritte umfasst: a) die Vermietung ohne Fahrer, b) die Personenbeförderung im Mietfahrzeug mit Fahrer und im Taxi, c) den Personenlinienverkehr, d) die gewerbliche Güterbeförderung, e) den Güterlinienverkehr, f) die gewerbliche Güterbeförderung im Taxi.	Nutzung durch Dritte		Nutzung des Fahrzeugs	Eigennutzung	Die Nutzung durch Dritte umfasst: a) Vermietung ohne Fahrer; b) Mietwagendienst mit Fahrer und Taxidienst für den Personentransport; c) Linienverkehr für den Personentransport; d) Gütertransportdienst für Dritte; e) Linienverkehr für den Gütertransport; f) Taxidienst für den Gütertransport für Dritte.
Der Schutz und die Aufwertung des kulturellen Erbes sollen das Verständnis für die Geschichte der nationalen Gemeinschaft und für ihre Heimat sowie die Kulturentwicklung fördern.	Aufwertung des kulturellen Erbes		Denkmalschutz		Der Denkmalschutz trägt dazu bei, das kulturelle Erbe zu bewahren, die Erinnerung an die nationale Gemeinschaft und ihr Territorium zu erhalten sowie die kulturelle Entwicklung zu fördern.
Das Ministerium und die Regionen bestimmen einvernehmlich die politische Ausrichtung zur Erhaltung und Aufwertung der Landschaft .	Aufwertung der Landschaft		Landschaftsschutz	Erhaltung der Landschaft	Das Ministerium und die Regionen legen im Einvernehmen die Politiken zur Erhaltung und Aufwertung der Landschaft fest.
Die regionalen Rechtsprechungssektionen und die Rechtsprechungssektionen von Trient und von Bozen treffen ihre Entscheidungen durch drei Mitglieder des Richterstandes einschließlich des Präsidenten.	regionale Rechtsprechungssektion		Rechtssprechungssektion	Berufungssektion,vereinigte Sektion	Die regionale Rechtsprechungssektion sowie die Rechtsprechungssektionen von Trient und Bozen entscheiden unter Mitwirkung von drei Richtern, einschließlich des Vorsitzenden.
Organe der Gerichtsbarkeit des Rechnungshofs sind die zentrale Berufungssektion mit Sitz in Rom, deren Zuständigkeit sich auf das Staatsgebiet erstreckt, und die Berufungssektion für die Region Sizilien mit Sitz in Palermo, deren Zuständigkeit sich auf das Regionalgebiet erstreckt.	Berufungssektion		Rechtssprechungssektion	regionale Rechtsprechungssektion,vereinigte Sektion	Die Berufungssektion entscheidet unter Mitwirkung von fünf Richtern, darunter ein Vorsitzender. Dem Spruchkörper steht ein Vorsitzender oder der Richter mit der längsten Dienstzeit vor.
Die vereinigten Rechtsprechungssektionen entscheiden über Zuständigkeitskonflikte sowie über Grundsatzfragen, die ihnen von den Berufungssektionen oder vom Präsidenten des Rechnungshofs zugeschoben werden, oder auf Antrag des Generalstaatsanwalts.	vereinigte Rechtsprechungssektion		Rechtssprechungssektion,vereinigte Sektion	vereinigte Sektion in besonderer Zusammensetzung,vereinigte Sektion in ihrer Beschlussfunktion,vereinigte Sektion in ihrer Kontrollfunktion,vereinigte Sektion in ihrer beratenden Funktion	Die vereinigte Sektion in besonderer Zusammensetzung entscheidet über Kompetenzkonflikte und Grundsatzfragen, die ihr von den Berufungssektionen, vom Präsidenten des Rechnungshofs oder auf Antrag des Generalstaatsanwalts vorgelegt werden.
Der Ausdruck „Vertragnehmer“ bezeichnet jede natürliche oder juristische Person, Körperschaft oder Vereinigung, die mit einem Anbieter öffentlich zugänglicher elektronischer Kommunikationsdienste einen Vertrag über die Bereitstellung derartiger Dienste geschlossen hat oder jedenfalls Empfänger solcher Dienste durch Wertkarten ist, .	Anbieter des öffentlich zugänglichen elektronischen Kommunikationsdienstes,Anbieter eines öffentlich zugänglichen elektronischen Kommunikationsdienstes,Anbieter öffentlich zugänglicher elektronischer Kommunikationsdienste		Anbieter des Dienstes		"Unter „Vertragspartei"" ist jede natürliche oder juristische Person, jede Einrichtung oder Vereinigung zu verstehen, die einen Vertrag mit einem Anbieter öffentlich zugänglicher elektronischer Kommunikationsdienste über die Erbringung solcher Dienste geschlossen hat oder auf andere Weise Empfänger solcher Dienste mittels Prepaid-Karten ist;"
Mit Maßnahme des Generalsekretärs des Rechnungshofs in seiner Rolle als Verantwortlicher des Kostenzentrums werden allgemeine Bestimmungen über die Festsetzung der Vergütungen für die Sachverständigen und Verwahrer festgelegt.	Generalsekretär des Rechnungshofs	Informatikausschuss des Rechnungshofs	Präsident des Rechnungshofs		Mit einer Verfügung des Generalsekretärs des Rechnungshofs, in seiner Eigenschaft als Verantwortlicher der Kostenstelle, werden die allgemeinen Bestimmungen für die Auszahlung der Vergütungen des Sachverständigen und des Verwalters festgelegt.
Die dem Rechnungshof angehörenden Mitglieder des Richterstandes, die den Kontrollsektionen und -ämtern zugeteilt sind, melden der zuständigen Regionalstaatsanwaltschaft sämtliche im Rahmen der Ausübung ihrer Funktionersichtlichen Tatsachen, aus denen eine Haftung für Schäden zum Nachteil der öffentlichen Hand erwachsen kann.	Regionalstaatsanwaltschaft	Regionalstaatsanwalt			Die an die Spruchkörper und Kontrollstellen der Rechnungshofgerichtsbarkeit zugeteilten Richter melden den zuständigen Regionalstaatsanwaltschaften alle Sachverhalte, aus denen sich im Rahmen der Ausübung ihrer Funktionen eine Haftung gegenüber dem Staat ergeben könnte.
Die Aufgaben des Staatsanwalts bei den mit der Rechtsprechung befassten Sektionen übt der Regionalstaatsanwalt oder ein anderes dem Amt zugewiesenes Mitglied des Richterstands aus.	Regionalstaatsanwalt		Regionalstaatsanwaltschaft		Die Aufgaben der Staatsanwaltschaft vor den regionalen Gerichtshöfen werden vom Regionalstaatsanwalt oder von einem anderen dem Amt zugeteilten Richter wahrgenommen.
Falls es notwendig sein sollte, bestimmte Körperteile vor besonderen Risiken zu schützen, müssen den Arbeitnehmern geeignete Schutzmittel zur Verfügung gestellt werden, wie zum Beispiel angemessene Schutzschirme, Schürzen, Brustschutz, Beinschienen oder Gamaschen.	Brustschutz		PSA,persönliche Schutzausrüstung		Falls bestimmte Körperteile gegen besondere Gefahren geschützt werden müssen, müssen den Arbeitnehmern geeignete Schutzmittel wie entsprechende Schutzeinrichtungen, Schürzen, Brustschutz, Beinschutz oder Gamaschen zur Verfügung stehen.
Vor Beginn der Abbrucharbeiten oder der Arbeiten zur Entfernung von Asbest oder asbesthaltigen Materialien aus Gebäuden, Bauten, Geräten und Anlagen sowie Transportmitteln hat der Arbeitgeber einen Arbeitsplan aufzustellen.	Asbestsanierung,Beseitigung von Asbest,Entfernung von Asbest		Bonifizierung,Sanierung	Einhüllung,Einkapselung	Der Arbeitgeber hat vor Beginn von Abbrucharbeiten oder der Asbestsanierung sowie der Entfernung von asbesthaltigen Materialien aus Gebäuden, Bauwerken, Geräten und Anlagen sowie aus Transportmitteln einen Arbeitsplan zu erstellen.
Aufgrund der Risikobewertung ist es möglich, die Brandrisiko-Stufe des gesamten Arbeitsbereiches und aller Teile desselben zu klassifizieren: Diese Stufen können niedrig, mittel oder hoch sein.	Brandrisiko-Stufe		Risikoklasse,Risikostufe		Auf Grundlage der Risikobewertung kann die Brandrisiko-Stufe des gesamten Arbeitsplatzes oder einzelner Bereiche davon eingestuft werden; diese Stufe kann niedrig, mittel oder hoch sein.
Es dürfen keine nicht elektrischen Arbeiten in der Nähe von Elektroleitungen oder elektrischen Anlagen mit nicht geschützten stromführenden Teilen, bzw. mit Teilen, die wegen besonderer Umstände als nicht genügend geschützt betrachtet werden, durchgeführt werden .	nicht elektrische Arbeit			Elektroarbeit,elektrische Arbeit	Elektroarbeiten dürfen nicht in der Nähe von elektrischen Leitungen oder elektrischen Anlagen mit nicht geschützten aktiven Teilen oder solchen, die aufgrund besonderer Umstände als nicht ausreichend geschützt anzusehen sind, ausgeführt werden.
Für Hand-Arm-Vibrationen  wird der tägliche Auslösewert, normiert auf einen Bezugszeitraum von 8 Stunden, auf 2,5 m/s² festgesetzt.  Für Ganzkörper-Vibrationen  wird der tägliche Auslösewert, normiert auf einen Bezugszeitraum von 8 Stunden, auf 0,5 m/s² festgesetzt.	täglicher Auslösewert		Expositionswert für mechanische Vibrationen		Für mechanische Schwingungen, die auf das Hand-Arm-System übertragen werden, beträgt der tägliche Auslösewert, normiert auf einen Bezugszeitraum von 8 Stunden, der Maßnahmen auslöst, 2,5 m/s². Für mechanische Schwingungen, die auf den gesamten Körper übertragen werden, beträgt der tägliche Auslösewert, normiert auf einen Bezugszeitraum von 8 Stunden, 0,5 m/s².
Der Betriebsarzt verfasst auf Grund der Ergebnisse der ärztlichen Untersuchungen  eines der folgenden Urteile für die spezifische Aufgabe: a) tauglich; b) teilweise, zeitweilige oder bleibende Tauglichkeit, mit Verordnung oder Einschränkungen; c) zeitweilige Untauglichkeit; d) bleibende Untauglichkeit.	ärztliche Untersuchung	Vorsorgeuntersuchung,regelmäßige ärztliche Untersuchung	Gesundheitsüberwachung		Der Betriebsarzt trifft auf Grundlage der Ergebnisse der regelmäßigen ärztlichen Untersuchung eine der folgenden Feststellungen bezüglich der spezifischen Tätigkeit: a) Eignung; b) teilweise Eignung, vorübergehend oder dauerhaft, mit Auflagen oder Einschränkungen; c) vorübergehende Nichteignung; d) dauerhafte Nichteignung.
