CUNI-EdUKate	CUNI-MH-v3	Cohere CAT+	Command A+	DeepSeek V4 Pro	Dubformer	GLM 4 - 9B	GPT 5.5	GPT OSS 120B	GPT OSS 20B	Gemini 3.1 Pro	Gemma 4 - 31B	Gemma 4 - 4B	GoogleTranslate	Ministral 3 - 14B	Mistral Medium 3.5	Qingqiu-MT-9B	Qwen 3.5 - 9b	Qwen 3.6 - 27b	SalamandraTA	TRIVE	Tiny Aya Global	Tower 9B	UvA-MT
28.26	31.07	51.85	10.65	58.9	54.79	5.14	66.25	6.52	6.78	100.0	51.19	42.47	31.55	10.81	51.85	100.0	43.19	51.85	35.41	100.0	24.65	31.55	45.02
5.24	3.08	15.84	6.34	40.26	25.84	4.32	64.64	21.37	6.68	48.2	24.93	7.77	11.08	7.66	31.9	8.15	6.21	14.05	13.79	25.8	5.83	14.25	24.93
21.94	23.13	18.43	12.64	45.16	35.97	20.34	54.54	30.32	10.67	54.54	42.51	25.47	23.23	13.18	18.86	3.14	13.14	19.79	19.78	47.36	11.08	37.67	54.47
16.86	29.32	8.8	20.73	20.82	19.63	5.56	14.86	5.39	5.56	36.97	16.14	23.21	8.21	23.93	23.46	18.08	7.41	3.96	27.73	17.86	15.65	18.09	30.03
14.81	19.86	21.03	22.28	22.91	31.15	14.49	39.86	20.76	18.88	56.41	31.79	16.96	15.06	12.89	28.86	37.47	12.49	22.21	1.53	38.16	5.22	26.15	43.04
24.29	30.35	44.39	37.17	40.68	59.95	16.08	60.0	44.9	30.94	54.08	47.83	33.7	14.32	23.57	27.96	42.55	32.68	9.5	0.95	66.44	9.22	22.4	37.91
16.15	24.8	35.22	29.76	32.77	72.1	12.13	100.0	56.79	9.75	100.0	29.85	21.65	31.24	23.29	49.86	28.5	28.67	28.67	65.55	100.0	15.43	22.4	100.0
6.11	18.33	24.69	5.91	40.47	19.67	4.26	51.84	24.41	6.59	68.59	15.36	9.17	7.01	7.68	24.69	7.22	6.44	25.96	31.04	51.84	4.34	7.01	57.82
9.41	8.59	34.53	43.85	50.74	60.62	20.23	59.23	47.6	29.11	86.0	60.62	6.07	43.41	14.17	36.41	9.85	24.12	29.72	13.93	60.62	18.33	51.1	60.62
20.68	29.56	68.16	51.97	55.73	59.13	24.59	80.36	34.33	15.73	66.56	66.21	20.69	33.33	13.85	53.08	24.04	15.93	18.08	49.53	72.78	6.77	33.15	85.43
25.89	20.7	22.46	22.88	25.92	29.77	16.14	29.74	22.9	19.31	29.27	35.95	23.65	8.75	19.92	29.3	29.52	7.95	33.83	8.82	29.27	9.4	27.07	29.2
21.78	12.56	28.07	27.23	17.89	25.56	17.42	27.16	24.6	4.23	22.52	19.22	27.68	7.71	12.34	19.94	23.6	16.93	13.53	21.62	19.52	12.04	9.96	20.26
6.59	15.82	8.23	5.73	8.45	8.77	5.33	46.96	18.95	5.98	47.97	8.23	15.07	6.26	5.81	8.23	15.99	15.36	17.69	7.22	51.74	5.11	28.79	51.74
66.81	65.06	73.04	80.42	42.64	100.0	60.75	100.0	80.42	66.12	100.0	74.03	73.04	3.04	64.95	100.0	58.68	73.04	66.12	77.22	100.0	77.65	66.12	56.33
8.67	24.65	32.37	18.0	26.18	22.94	7.34	22.94	5.14	4.94	67.0	12.96	6.56	10.31	8.65	45.61	10.87	40.48	26.18	32.39	58.15	14.34	21.27	68.92
37.63	57.31	44.22	30.63	61.54	45.73	29.93	53.75	48.34	9.01	75.75	18.85	11.58	21.69	24.09	36.42	45.73	15.24	45.73	26.61	41.31	27.56	7.04	45.73
19.7	19.7	14.4	30.95	35.81	72.17	18.97	100.0	52.16	21.28	78.85	64.86	10.69	7.94	16.7	20.77	18.63	6.88	16.81	30.95	100.0	4.97	13.28	23.03
36.41	25.97	61.48	62.81	44.35	71.01	22.37	81.36	37.38	42.06	60.11	42.73	29.1	62.85	34.03	43.29	22.6	25.39	35.74	60.66	60.11	46.13	39.73	44.35
10.66	9.62	35.32	18.58	16.04	31.59	17.31	30.03	14.41	8.09	41.86	17.33	6.16	25.38	22.24	12.87	20.9	24.2	16.15	21.3	49.0	20.04	38.88	58.57
29.42	25.4	67.61	24.05	100.0	52.66	9.67	100.0	35.72	37.84	100.0	34.79	34.79	27.63	44.82	100.0	27.82	34.79	29.66	20.15	100.0	39.8	67.03	76.77
9.89	21.51	38.75	16.83	43.21	33.14	10.63	31.91	16.2	17.73	37.46	31.46	28.2	28.1	37.11	21.08	25.59	21.07	23.17	20.08	39.57	9.72	23.2	36.05
13.91	22.23	20.69	31.53	76.12	22.23	12.45	76.12	22.23	13.38	76.12	17.05	31.53	4.1	5.11	76.12	16.9	5.11	13.32	22.23	16.45	13.38	26.52	22.23
11.2	12.09	11.25	12.45	11.64	12.45	6.3	34.46	13.46	11.98	19.56	12.45	12.45	8.51	9.63	12.45	13.46	12.45	12.09	12.45	11.25	8.48	11.63	12.09
59.38	54.03	51.91	36.52	45.53	68.39	43.53	47.83	47.73	40.59	70.29	51.91	29.99	37.01	49.18	38.53	49.79	38.69	28.2	36.2	58.23	39.61	40.41	36.1
62.64	62.64	83.81	66.58	86.76	90.96	47.61	68.02	44.13	36.82	66.58	64.7	54.65	3.79	26.77	77.61	66.58	71.26	46.99	65.77	82.61	64.7	68.84	68.84
7.83	11.86	21.45	12.09	12.35	20.99	11.67	20.36	16.74	5.11	12.09	13.26	7.73	11.22	7.65	11.88	11.67	10.44	25.13	14.36	11.21	5.38	14.97	31.83
6.42	9.1	7.16	6.42	7.16	7.16	7.31	5.75	6.8	6.42	9.15	6.84	8.23	5.82	6.34	7.16	8.23	8.51	7.86	6.61	7.16	7.16	7.16	8.23
21.59	34.82	19.0	40.78	45.73	42.46	19.48	32.78	24.32	45.18	29.2	27.73	30.05	13.0	20.98	48.05	16.21	7.18	4.32	3.85	28.23	6.47	28.82	32.51
21.16	44.3	59.85	19.69	58.06	76.18	30.6	57.36	49.6	20.61	70.77	41.25	43.59	16.71	17.64	59.67	56.6	26.68	58.06	28.8	63.34	25.35	22.97	57.36
21.59	32.32	34.19	21.07	43.62	48.26	13.82	52.98	44.44	28.31	37.32	33.28	25.2	12.28	15.08	21.16	42.17	28.32	30.6	34.43	49.2	33.62	30.86	45.37
22.8	13.89	34.27	35.85	52.35	51.23	21.29	60.77	34.79	33.52	60.77	32.68	20.36	43.94	35.16	30.07	48.21	11.4	38.23	33.66	46.6	31.8	36.45	52.31
12.99	30.83	37.96	22.55	55.38	27.2	4.94	31.25	8.69	5.36	49.81	7.41	4.94	45.66	4.27	25.68	5.52	3.25	6.88	28.5	7.17	16.78	21.51	7.17
40.73	65.15	65.15	44.02	65.15	42.64	14.74	65.15	65.15	57.48	65.15	50.39	50.7	65.15	37.52	65.15	50.7	65.15	65.15	71.66	65.15	65.15	65.15	65.15
10.8	7.74	25.69	10.85	11.92	16.45	4.39	33.79	9.05	8.07	44.96	15.95	23.23	6.74	19.57	15.68	11.99	6.55	13.05	6.74	17.08	21.31	21.16	11.72
7.29	4.22	6.81	4.54	6.9	6.62	6.16	7.2	4.22	4.31	6.81	6.62	5.97	6.62	5.2	4.42	6.61	7.0	3.65	6.27	6.71	6.62	6.33	16.3
24.21	40.6	45.79	33.63	45.73	36.73	14.75	39.74	27.37	20.66	43.06	32.91	47.36	40.79	36.62	38.49	31.03	37.87	38.99	50.47	36.1	34.07	41.29	23.82
12.67	11.82	34.34	25.55	30.59	33.12	32.18	33.02	21.28	28.76	30.5	27.06	19.99	31.01	26.04	39.43	36.64	17.26	38.69	21.52	30.59	31.75	32.93	33.36
39.35	45.5	39.11	49.76	47.73	63.94	39.24	52.08	52.08	12.14	47.73	47.38	39.77	16.05	39.22	45.85	61.86	52.91	45.36	42.08	61.43	26.24	45.36	44.38
24.69	16.41	31.4	9.05	35.93	46.9	30.7	35.57	14.24	6.05	46.12	35.93	18.27	6.04	20.55	21.92	12.81	9.54	25.95	18.99	39.39	25.26	24.75	55.38
22.37	23.54	17.81	20.48	39.16	30.76	19.11	41.02	35.71	20.97	42.98	27.9	31.69	18.7	40.95	50.95	25.38	15.48	32.8	40.24	40.95	20.64	18.34	51.45
21.14	41.61	59.23	41.61	79.11	45.26	37.6	79.11	10.17	7.77	79.11	54.45	44.8	44.08	16.47	49.13	61.63	26.13	58.28	31.46	79.11	37.6	40.53	45.26
39.43	9.86	51.5	14.68	100.0	30.93	6.66	29.12	39.43	18.3	29.12	29.12	51.5	20.46	19.67	50.39	30.93	30.93	30.93	9.1	29.12	19.67	40.16	29.12
37.55	33.16	39.39	23.39	45.85	44.76	20.3	52.08	36.91	28.2	53.61	41.9	45.78	39.02	17.83	33.1	44.48	37.84	60.11	44.39	62.74	25.21	48.6	68.8
6.74	7.13	6.74	44.63	16.59	6.27	46.71	48.55	45.62	9.43	20.16	6.74	6.74	6.27	2.72	14.58	6.27	5.67	45.62	6.27	47.75	5.3	6.74	6.27
56.6	39.9	60.94	60.84	44.41	48.87	19.0	44.41	46.65	45.99	48.87	60.84	57.37	31.99	48.87	44.41	49.62	44.41	56.6	36.51	48.87	44.41	56.6	60.84
11.3	49.96	51.29	40.67	81.2	67.44	31.96	100.0	46.36	21.82	91.82	41.79	47.11	34.08	33.82	81.2	46.31	33.65	46.26	28.3	81.2	27.78	55.82	72.64
12.4	5.54	29.62	25.95	51.5	66.06	12.58	68.65	7.44	6.26	55.33	58.28	11.2	5.14	44.9	41.37	7.92	44.02	35.85	46.86	61.48	6.69	30.93	25.95
46.59	40.13	53.91	32.62	54.36	46.2	31.79	45.25	31.66	38.88	55.54	45.25	39.22	34.24	28.42	46.66	48.96	47.93	32.69	47.83	55.07	39.39	51.66	44.84
7.6	22.48	14.9	40.21	27.41	49.03	13.37	58.49	18.97	10.24	59.88	45.59	25.13	31.02	16.4	46.55	46.92	18.22	22.62	17.14	44.73	19.4	33.82	43.32
8.94	9.41	44.27	52.69	82.58	70.18	10.05	83.96	57.86	6.48	47.06	75.22	51.99	16.81	28.2	61.83	51.99	24.67	56.8	83.18	87.87	7.85	72.17	87.87
44.12	33.82	68.69	77.89	73.98	70.09	55.35	84.94	59.23	30.88	92.79	71.04	53.47	30.45	42.92	61.1	65.5	47.45	64.02	34.53	78.35	34.93	35.97	74.55
22.53	21.99	22.53	28.76	28.76	26.93	10.67	31.47	14.01	20.67	42.42	23.23	23.69	8.29	12.48	27.88	19.89	11.79	23.24	21.76	33.84	10.74	26.93	39.39
18.97	6.73	23.47	44.43	51.28	60.49	21.34	88.95	7.34	9.23	88.95	10.14	6.2	18.97	4.79	6.45	5.37	7.05	9.5	28.42	88.95	21.12	45.3	11.38
60.29	65.86	58.94	60.29	20.83	39.67	7.15	61.53	11.99	50.98	24.53	17.52	51.87	80.88	9.36	67.74	62.47	19.91	24.91	47.91	67.74	10.08	20.84	63.64
10.31	13.58	31.03	20.3	63.01	37.31	11.6	66.47	24.61	3.71	44.83	55.07	14.75	39.8	12.3	23.51	12.25	3.79	10.1	12.12	65.22	7.14	17.9	65.45
42.6	42.66	55.56	53.96	51.92	53.26	64.56	75.17	42.66	42.6	51.25	41.45	53.54	39.79	32.13	54.69	56.18	54.82	30.61	62.87	65.08	67.62	56.97	43.31
11.63	6.44	10.6	7.77	76.92	43.67	4.02	100.0	9.78	7.77	100.0	7.77	10.6	4.02	9.01	36.03	6.44	8.91	4.25	9.01	34.79	4.79	8.61	38.25
35.54	23.01	41.27	34.3	36.84	43.6	24.34	42.6	27.94	26.36	41.04	36.91	15.69	35.58	27.02	42.6	26.79	29.95	20.39	40.85	42.6	30.4	45.67	44.63
20.86	46.56	22.81	41.59	66.76	63.94	8.21	78.48	42.83	18.63	76.62	22.32	39.41	42.03	16.87	53.58	22.23	20.82	20.69	41.59	78.48	30.33	30.33	68.43
36.03	33.31	19.56	30.62	66.76	55.37	5.01	78.48	9.94	5.15	85.91	16.78	51.47	53.58	24.75	26.76	40.51	33.31	16.01	41.59	52.74	36.03	43.53	39.93
22.81	33.31	22.81	25.19	25.21	64.32	31.57	66.95	19.23	19.29	75.39	54.03	51.47	42.03	27.15	42.03	40.38	17.55	22.02	50.04	42.4	40.38	40.38	37.66
43.34	45.27	52.67	56.26	54.81	52.42	50.27	69.55	51.45	41.83	75.83	62.35	76.21	65.24	29.42	62.44	72.56	51.28	47.02	47.72	71.08	40.53	41.85	64.24
14.96	5.81	8.45	5.36	32.93	18.54	32.93	54.44	29.15	16.68	32.93	29.12	30.93	18.11	35.27	32.93	20.04	43.82	27.57	41.15	25.95	8.77	14.96	30.93
17.36	16.7	4.88	31.76	26.29	17.22	17.03	30.47	9.37	4.97	32.56	23.68	7.54	21.03	4.04	37.31	17.97	16.96	22.39	17.17	34.47	4.97	19.95	23.06
29.45	16.17	24.74	36.4	54.12	52.27	28.69	54.12	47.11	20.7	54.12	41.39	24.65	17.73	27.47	40.84	24.34	40.52	37.95	15.73	45.36	13.25	33.65	54.12
32.14	28.2	51.99	44.93	56.43	53.38	36.94	76.74	58.94	40.19	76.74	56.43	37.86	16.7	21.05	35.97	43.55	56.43	41.86	26.51	63.5	22.13	22.82	63.5
10.12	10.09	11.2	20.18	9.74	6.45	12.58	34.71	7.82	5.01	8.34	6.25	5.96	5.25	10.06	6.02	5.06	6.25	6.25	7.82	34.8	4.4	6.46	8.66
5.1	32.47	4.13	11.84	12.13	11.84	9.13	8.25	5.01	2.2	27.47	8.25	5.06	5.27	8.64	11.79	14.05	5.3	7.08	10.22	11.84	9.66	7.84	27.48
9.49	9.48	11.42	19.8	36.57	33.97	12.97	40.9	25.09	8.84	40.9	19.8	10.17	9.78	7.73	11.78	9.49	13.57	19.32	16.95	33.97	9.23	14.97	35.81
28.81	11.33	15.99	9.75	95.3	22.71	21.31	70.21	26.34	19.0	95.3	25.4	28.86	6.02	25.66	15.58	30.05	14.44	21.03	24.89	70.21	25.14	29.05	82.42
11.42	9.55	28.82	37.42	41.79	40.02	17.52	27.81	7.31	18.84	34.96	30.83	25.59	6.92	23.58	37.39	21.37	7.44	17.84	8.79	31.76	17.86	7.78	22.56
47.07	38.41	30.64	18.94	37.12	77.32	35.59	74.77	43.26	31.98	77.32	53.81	40.36	18.2	28.25	68.73	25.62	28.3	34.4	41.77	77.32	16.13	25.45	77.32
30.7	38.09	38.41	37.78	71.5	84.42	41.97	84.42	50.34	26.21	77.69	75.64	26.1	12.91	26.32	40.84	28.99	26.72	57.05	15.09	84.42	30.53	24.25	69.98
6.76	11.57	13.02	6.68	34.33	16.86	9.44	38.85	6.35	6.49	33.87	10.13	12.4	7.93	3.34	7.9	12.16	10.16	11.35	6.56	35.74	1.87	14.26	49.07
6.37	16.83	17.14	28.95	33.7	51.94	14.98	33.34	13.33	14.82	33.7	16.22	6.76	7.73	16.07	35.52	19.04	13.63	18.36	32.77	30.89	12.8	17.11	25.77
17.59	8.68	19.19	13.89	48.3	25.6	14.64	48.3	14.84	16.7	48.72	22.48	14.65	6.7	11.5	22.46	7.0	7.0	7.18	17.59	27.48	0.01	14.46	25.68
28.58	6.5	30.85	31.32	41.37	37.52	39.68	72.0	21.25	32.95	83.18	32.6	20.3	5.72	4.3	14.4	31.24	34.62	20.77	17.15	56.38	6.13	22.12	56.97
31.63	34.18	42.64	32.14	33.4	39.05	43.14	39.36	46.11	40.75	47.23	27.83	49.57	49.63	27.35	46.17	40.45	37.93	40.85	35.74	37.27	32.51	27.72	36.04
46.33	41.11	38.46	29.53	43.94	46.09	31.64	35.71	43.94	27.19	38.46	38.46	27.19	34.56	28.98	39.52	38.46	38.88	38.46	30.34	46.09	30.17	38.46	38.86
25.43	14.31	25.38	15.37	32.37	33.49	9.42	15.13	9.14	9.14	37.64	43.29	8.5	13.28	12.26	14.02	26.19	8.82	20.22	15.69	38.42	13.8	25.43	15.82
21.86	11.83	26.02	26.12	22.02	27.06	5.14	18.04	15.51	6.79	20.3	22.67	17.32	19.4	19.39	19.64	10.24	10.88	27.17	23.72	18.23	14.46	29.45	25.29
8.64	7.92	34.92	18.84	40.65	34.92	8.77	32.93	60.29	20.52	32.93	40.65	12.67	18.61	26.77	38.18	40.65	24.26	16.54	12.46	38.18	11.73	32.92	38.18
4.26	10.13	38.19	32.48	80.3	23.3	9.99	46.1	21.05	8.07	91.85	39.64	7.18	30.2	30.66	26.32	8.24	22.0	28.58	31.35	67.53	4.19	16.25	50.88
18.52	27.45	16.36	21.43	55.42	27.08	24.71	48.93	34.08	4.32	26.93	27.27	28.0	16.08	20.9	42.15	23.52	13.52	28.92	10.28	46.68	1.53	29.6	56.75
4.09	4.41	4.4	18.64	41.25	8.55	4.4	4.57	4.57	4.42	4.02	4.4	15.23	4.4	6.25	3.7	13.15	7.43	13.22	13.76	4.57	13.22	41.25	4.02
22.64	22.05	27.19	47.09	47.09	70.86	22.79	100.0	16.75	18.0	100.0	27.19	25.22	13.0	20.47	82.82	18.44	18.44	18.44	50.24	100.0	16.68	25.77	100.0
42.99	24.77	53.94	21.86	40.47	37.59	23.89	25.0	43.47	7.97	30.38	29.21	19.76	19.26	43.12	28.39	31.61	29.18	25.19	26.15	30.38	16.76	23.26	30.76
29.99	31.98	44.16	40.24	42.17	30.89	14.99	63.27	32.42	18.7	58.98	43.3	24.47	25.53	30.62	34.51	36.75	20.2	37.52	36.15	48.66	31.08	37.95	48.66
42.83	41.26	39.14	13.08	45.86	68.87	29.46	45.86	37.28	19.99	45.86	54.03	31.6	18.91	29.45	30.33	23.8	18.09	16.92	32.0	56.75	25.07	17.95	33.13
14.85	6.59	27.81	49.87	48.63	27.26	11.28	72.64	5.38	11.33	48.63	55.63	11.14	9.57	10.02	14.55	35.31	10.96	27.41	58.92	48.63	15.87	31.36	67.68
10.85	10.62	45.03	33.97	73.15	75.15	19.38	86.81	75.15	46.78	100.0	67.04	40.76	37.36	56.06	75.15	67.04	13.5	67.04	17.44	100.0	37.96	49.73	86.81
11.18	25.7	22.41	12.12	37.34	33.88	9.09	47.64	28.66	26.65	50.19	24.17	28.81	21.92	16.27	50.99	25.83	17.25	10.3	6.91	36.58	24.74	19.11	51.14
43.0	42.8	44.29	42.04	43.36	45.62	38.95	39.5	44.89	45.9	48.24	45.62	45.9	45.65	40.31	0.0	43.36	45.26	44.29	42.04	46.16	49.27	46.17	45.26
22.37	8.62	24.03	15.64	21.96	17.81	5.11	39.63	7.26	13.46	37.2	20.21	15.64	2.23	16.41	16.41	19.55	19.26	31.99	10.72	37.12	12.31	21.63	11.84
8.1	13.3	9.77	11.78	23.0	33.4	3.74	11.1	6.08	3.62	18.74	3.78	4.14	5.85	13.44	18.65	6.65	4.36	15.96	21.46	11.61	11.62	3.83	11.61
2.46	6.0	14.61	15.95	43.07	16.33	4.45	49.95	9.36	16.5	49.95	30.11	9.09	8.04	16.19	9.39	8.4	25.44	40.76	44.94	49.95	6.0	25.92	52.28
4.72	7.04	16.56	2.46	2.86	2.84	22.54	50.06	18.19	10.38	38.09	2.72	2.46	2.39	6.14	4.97	2.46	4.3	2.35	5.04	42.35	2.81	2.7	50.06
12.22	10.85	51.19	39.45	32.87	36.74	26.3	41.71	42.58	32.87	46.96	35.31	22.74	22.25	28.98	57.32	36.74	32.77	46.84	32.87	51.19	30.87	36.74	56.44
53.83	52.04	46.64	33.1	100.0	68.8	47.24	100.0	75.16	22.21	95.34	56.03	15.76	20.67	61.43	80.38	75.22	49.81	63.39	66.63	100.0	43.31	61.79	59.48
16.83	15.19	16.07	39.61	50.8	52.65	14.58	28.17	11.79	14.46	41.57	45.3	24.86	17.8	26.4	34.83	17.38	7.02	29.22	14.86	55.02	12.37	13.98	46.81
28.06	32.95	45.01	32.24	38.59	35.9	4.11	49.35	43.25	18.9	61.0	42.51	34.62	14.75	20.67	35.9	37.92	18.84	40.1	28.74	58.39	24.09	32.73	64.86
15.54	7.41	20.8	11.24	18.19	17.83	14.54	56.84	17.58	24.75	47.51	10.92	17.12	7.65	14.48	34.2	7.55	24.31	10.72	5.07	41.86	33.13	22.33	31.33
18.54	36.66	21.95	44.9	48.9	37.9	7.97	48.9	28.78	19.69	48.9	46.76	35.87	12.85	24.13	36.66	10.98	23.83	24.94	6.44	37.9	16.2	30.93	34.92
23.8	11.7	22.74	30.45	69.97	43.15	10.93	69.97	43.15	2.66	51.01	16.85	17.18	11.67	18.06	51.01	22.05	22.79	29.74	45.07	69.97	5.4	16.85	17.28
5.25	6.2	32.89	33.57	23.17	45.45	7.08	45.59	12.96	10.01	32.37	21.28	7.65	8.93	24.13	38.4	21.23	5.04	13.22	34.78	48.16	2.81	17.0	26.45
38.91	38.57	47.03	52.7	61.43	61.37	26.37	40.45	53.4	47.06	58.92	48.63	58.42	56.97	55.04	51.39	57.59	49.43	56.05	46.27	63.78	33.92	69.64	40.07
15.45	20.38	51.23	51.23	83.76	65.04	34.54	100.0	38.34	36.6	65.04	65.04	62.14	44.65	28.11	83.76	51.23	28.11	48.68	41.58	100.0	21.7	46.09	65.24
5.93	10.59	33.38	20.08	62.68	5.27	17.41	63.84	17.79	7.21	61.48	19.99	18.56	9.27	0.46	48.68	13.74	11.76	21.08	37.68	61.48	6.03	28.98	72.42
28.69	56.6	28.94	70.77	26.18	53.06	7.73	55.8	11.49	19.69	42.46	39.55	33.49	26.1	26.24	59.32	37.03	8.85	44.23	14.96	40.6	9.25	12.71	36.33
32.23	28.97	46.77	20.33	45.62	53.59	19.71	71.26	32.23	14.77	84.11	75.79	17.39	15.21	32.23	50.86	34.7	13.24	38.75	47.32	84.11	16.57	47.77	56.35
10.52	11.26	31.69	16.62	16.68	17.69	9.48	7.22	8.96	6.72	17.69	6.99	6.99	6.72	5.15	7.69	6.99	11.64	6.99	7.44	7.22	5.75	18.84	18.17
49.61	66.9	72.46	52.04	100.0	97.26	24.63	97.26	64.7	40.64	100.0	67.3	38.64	57.07	10.01	69.26	62.9	48.76	44.71	57.9	100.0	37.6	57.41	100.0
6.63	30.28	6.26	7.01	20.71	23.58	5.88	59.69	16.2	14.96	36.16	9.63	7.19	5.15	3.0	7.44	6.07	6.92	5.88	5.73	59.69	6.29	14.68	6.11
11.25	11.19	15.47	20.04	50.35	19.69	14.4	26.52	10.88	10.12	26.52	29.12	10.52	8.77	12.22	34.46	14.03	3.03	15.28	7.95	21.95	11.25	14.03	24.8
17.59	23.27	34.75	20.59	41.82	38.38	19.89	24.32	8.93	6.18	38.38	36.93	17.0	25.75	16.63	36.46	32.08	15.88	46.73	11.63	38.38	9.01	16.7	38.82
21.33	26.26	30.1	10.71	37.38	27.08	20.15	22.51	33.58	25.43	73.29	44.0	29.84	28.86	21.33	39.3	21.33	20.22	43.19	14.01	39.09	21.66	35.9	60.48
6.29	6.19	43.04	59.4	68.92	58.25	9.97	67.96	25.16	10.33	67.96	21.34	7.32	25.31	10.58	54.69	31.14	17.05	43.91	15.05	77.44	3.15	7.35	77.44
24.77	12.02	21.62	7.91	38.55	31.59	13.25	100.0	21.22	18.73	91.32	22.54	20.39	16.33	21.22	27.27	13.74	13.25	22.35	9.59	40.19	8.17	26.16	43.5
28.92	36.91	48.94	33.3	70.03	45.09	23.69	92.2	53.51	24.02	78.84	38.69	31.42	51.56	29.74	51.6	45.1	27.4	50.56	43.52	92.35	26.58	40.11	76.28
22.55	28.22	54.77	27.64	49.49	58.03	27.83	66.96	41.03	37.27	66.96	55.98	29.79	27.3	35.46	36.46	44.39	58.47	46.4	38.0	66.96	36.6	51.01	66.96
78.48	52.26	70.3	66.95	78.48	89.42	33.07	89.42	58.53	40.98	52.16	89.42	66.47	13.44	62.96	29.36	68.55	56.49	89.42	53.22	89.42	19.11	46.31	89.42
37.24	11.79	26.02	54.8	51.61	36.89	10.31	71.96	17.58	16.19	57.37	30.6	37.3	14.08	22.68	10.69	14.0	12.6	11.52	52.74	34.8	32.27	37.27	11.52
14.66	23.77	33.34	28.43	48.43	35.63	11.42	42.93	22.54	15.27	50.65	32.83	18.89	30.37	26.37	37.24	21.02	8.56	33.71	20.41	34.5	14.09	21.9	49.61
6.11	6.11	12.98	12.98	12.11	1.53	13.58	17.33	17.31	12.8	17.33	12.98	12.11	7.01	10.92	12.11	13.11	20.76	12.11	6.34	16.39	13.58	13.58	12.11
26.76	70.72	59.81	59.81	59.81	49.43	45.01	59.81	41.43	70.51	62.07	59.81	59.81	33.96	54.12	54.79	49.03	51.65	59.81	53.02	61.35	0.0	72.49	62.07
23.68	23.68	23.26	26.04	43.48	28.84	18.52	43.48	37.52	24.04	37.66	35.98	31.67	27.19	12.22	26.04	36.71	14.73	24.93	16.2	43.48	18.95	31.75	37.66
8.83	28.16	24.16	38.79	12.13	27.57	17.52	24.45	15.21	13.95	26.02	27.15	20.16	16.92	11.07	33.7	12.1	5.33	17.76	20.1	14.77	7.4	7.97	31.96
23.63	26.5	19.51	20.33	24.92	21.07	20.07	21.1	13.52	11.29	32.48	25.47	11.95	12.58	17.96	11.16	19.51	16.11	23.21	28.18	24.64	27.13	18.22	11.95
21.22	10.84	18.12	6.41	38.19	19.01	11.91	41.07	12.19	4.43	35.31	7.62	9.4	21.56	6.88	14.81	18.55	9.05	6.96	25.18	32.79	13.75	7.9	34.44
32.66	30.3	49.7	15.7	56.61	54.97	25.82	56.61	52.12	18.21	54.97	49.7	14.94	17.3	29.67	52.05	30.83	26.75	35.87	12.23	54.97	30.1	33.92	54.97
33.92	37.9	7.54	7.54	16.24	17.12	6.23	17.12	34.0	35.87	50.21	6.54	37.9	5.91	12.58	16.68	34.0	7.68	7.54	37.9	6.89	12.8	34.0	17.54
37.03	49.36	37.03	80.03	80.03	63.89	7.44	63.89	41.37	19.77	63.89	80.03	16.62	41.37	26.8	80.03	12.87	15.31	18.84	15.31	63.89	37.03	15.31	66.06
13.17	6.61	14.08	25.05	50.36	41.28	6.77	70.94	10.35	22.63	53.28	13.16	31.68	12.86	20.82	21.03	11.84	11.01	23.31	28.65	29.66	16.68	12.85	53.28
39.28	39.28	39.28	65.8	65.8	65.8	11.48	65.8	53.73	5.61	100.0	65.8	29.07	29.07	19.67	39.28	47.99	29.8	100.0	53.73	65.8	30.21	10.15	65.8
23.55	38.55	40.49	38.54	100.0	61.35	27.32	100.0	39.61	32.18	100.0	62.81	51.76	28.7	59.9	53.88	63.76	33.94	52.08	50.54	100.0	23.41	52.66	100.0
8.13	9.24	84.24	37.6	84.24	84.24	56.59	65.92	59.15	56.59	65.92	69.31	84.24	65.92	39.67	49.13	59.23	32.0	50.39	59.15	65.92	40.9	59.23	84.24
32.18	44.67	45.15	58.37	60.08	54.67	24.87	59.12	32.56	30.66	78.33	46.3	18.02	39.22	31.27	57.1	55.65	48.01	34.2	30.92	67.82	22.07	31.64	43.9
35.82	48.09	40.63	12.49	60.59	48.96	48.96	48.96	28.01	40.28	70.99	28.01	33.87	7.65	56.84	70.99	33.87	28.01	37.49	35.19	65.35	12.02	48.96	65.35
50.63	29.98	70.95	68.62	100.0	89.42	21.13	100.0	39.33	37.31	100.0	82.07	58.32	64.86	40.22	70.95	58.32	58.32	74.23	63.3	100.0	58.32	59.07	71.72
48.73	44.13	17.0	56.38	56.47	40.1	24.81	24.75	12.7	39.73	33.76	38.14	12.86	22.61	28.46	46.02	5.41	17.27	35.67	28.54	44.69	16.21	22.0	56.38
20.6	8.86	47.44	12.3	35.72	32.61	15.61	63.47	21.89	32.7	55.53	38.37	31.34	15.52	28.72	30.61	28.38	16.18	29.69	21.18	55.9	3.83	16.37	43.61
8.91	12.76	32.47	9.98	12.76	39.28	10.15	39.28	10.55	5.07	39.28	39.28	10.55	20.56	6.75	18.58	18.58	18.58	10.15	20.9	39.28	12.76	12.76	19.08
23.87	25.11	38.35	31.81	34.2	22.88	34.69	32.32	25.4	4.18	38.01	21.07	26.79	15.84	36.81	26.46	25.48	3.46	35.14	24.99	35.49	24.77	34.61	45.45
58.57	35.41	63.62	58.57	81.07	63.62	24.08	70.18	20.76	8.48	68.65	81.07	60.99	68.4	13.54	54.52	17.06	55.82	68.4	58.2	88.08	17.59	49.41	81.18
37.6	37.6	75.77	67.68	77.44	46.05	11.63	77.44	12.57	18.21	80.91	80.91	19.56	73.62	54.5	73.62	57.31	22.23	66.52	65.92	91.22	41.37	45.72	56.59
57.35	42.14	57.35	26.14	39.08	66.97	42.02	37.92	57.35	30.09	66.97	57.35	47.45	41.47	16.2	51.02	39.97	32.14	47.79	56.64	43.18	52.01	66.97	66.97
26.94	17.4	43.09	40.57	68.21	66.84	4.83	75.29	36.41	18.67	78.34	45.93	39.63	15.25	17.42	47.41	50.29	34.88	53.09	19.6	65.92	15.17	24.52	38.9
42.49	30.87	32.14	31.47	48.66	47.56	26.42	57.12	27.62	15.69	51.63	48.69	28.85	39.76	32.24	38.17	47.48	37.41	27.61	44.51	58.85	20.07	29.91	43.31
13.8	16.77	16.47	20.33	32.0	18.59	11.12	27.98	16.68	12.07	39.83	26.01	29.99	10.75	15.8	28.58	22.69	13.45	20.46	16.38	23.61	13.6	29.78	28.87
10.82	13.95	15.32	29.91	12.75	30.3	22.45	32.15	22.78	27.5	66.81	9.96	23.5	16.36	23.09	27.86	36.38	28.81	49.57	20.85	63.68	21.26	27.87	66.81
43.38	30.33	30.27	25.72	38.76	22.94	18.44	44.35	22.96	14.9	36.89	26.59	18.45	30.18	27.24	17.72	36.18	33.13	40.57	15.78	35.6	13.27	36.58	20.47
31.61	31.61	58.57	39.17	39.17	39.17	39.17	58.83	39.17	31.61	58.83	39.17	39.21	58.83	32.64	58.57	31.61	39.17	31.61	15.03	39.17	31.61	31.61	39.17
41.56	41.51	83.59	66.89	91.94	83.59	56.78	77.83	69.01	63.83	100.0	67.04	74.61	74.61	69.87	83.59	74.89	48.21	69.08	86.18	83.59	53.15	83.59	83.59
19.16	38.83	100.0	15.58	19.73	53.11	10.25	70.17	19.16	19.73	53.11	31.7	19.73	80.71	11.25	19.73	19.73	19.73	19.73	23.9	53.11	22.63	19.73	53.11
30.71	62.27	58.76	54.48	83.43	100.0	51.0	100.0	54.55	35.47	91.28	62.35	40.19	12.79	39.02	49.92	31.72	54.55	40.24	33.06	100.0	52.08	47.3	100.0
6.87	3.78	20.99	16.15	49.54	34.89	14.28	49.07	20.59	8.56	45.55	23.01	20.68	9.35	4.56	14.33	25.19	17.79	42.18	2.9	41.66	7.43	20.29	45.1
24.96	39.69	49.63	50.7	65.72	59.19	40.91	86.67	49.63	28.0	75.03	42.65	37.47	30.99	40.15	47.57	49.63	39.74	58.78	40.44	61.09	27.23	48.01	75.03
20.31	13.11	21.48	23.42	51.61	51.61	11.15	51.61	42.85	12.11	51.61	20.31	37.75	20.83	37.42	35.99	29.15	6.07	29.15	26.98	45.31	17.31	13.11	45.31
20.03	25.87	19.82	18.78	31.58	25.11	3.86	45.36	24.47	2.89	27.49	19.94	18.86	7.53	18.44	25.11	19.28	17.44	22.01	14.09	31.34	7.44	24.35	31.34
53.58	55.51	48.13	58.73	41.12	61.21	41.81	56.22	43.05	33.56	74.37	41.27	55.64	20.19	50.42	47.57	52.09	50.1	60.05	38.17	79.37	21.62	54.57	59.33
12.01	15.21	16.34	15.21	15.58	18.01	8.49	15.81	16.34	15.21	15.81	24.38	14.53	14.99	14.88	24.38	14.21	13.67	23.46	35.66	15.58	4.5	15.81	16.54
39.79	49.3	49.3	44.03	81.37	81.37	39.11	81.37	67.12	39.63	81.37	39.33	68.92	39.33	32.39	81.37	81.37	67.12	81.37	37.26	54.48	48.82	81.37	44.75
24.48	23.15	43.25	12.86	44.69	53.83	28.49	49.59	41.77	24.87	29.46	45.3	44.69	36.51	23.96	45.3	37.19	36.23	30.54	45.3	49.59	20.29	51.06	29.46
8.64	23.58	24.65	10.02	26.33	33.25	8.4	53.86	17.31	8.85	24.3	27.06	8.58	5.77	2.63	26.08	26.29	7.95	14.28	9.77	37.2	17.77	22.26	18.97
17.85	17.64	27.69	36.2	49.0	48.52	28.19	45.53	40.8	24.97	61.82	53.09	47.93	33.41	29.74	56.02	42.87	31.84	34.7	16.59	52.04	19.54	19.82	42.27
35.21	41.38	57.93	58.52	69.41	48.68	33.85	40.69	56.03	51.87	51.06	74.17	38.66	61.53	6.14	46.3	46.09	41.67	50.34	55.22	70.54	30.71	58.52	56.03
26.54	30.51	47.2	51.32	51.32	51.32	24.0	59.25	45.04	25.7	56.78	55.34	43.86	37.82	38.11	42.89	47.28	38.74	40.75	39.21	58.3	40.55	46.47	58.3
6.61	8.84	58.28	66.06	30.86	66.06	19.68	79.17	36.05	28.5	38.5	39.85	26.52	16.47	7.01	46.56	37.03	13.26	13.92	85.07	40.33	6.15	35.0	21.87
21.01	58.24	55.8	33.96	60.73	68.23	37.67	66.02	43.3	52.06	60.73	50.41	35.67	45.9	52.52	60.73	43.35	29.78	60.73	38.96	66.11	30.68	66.12	69.93
18.58	6.03	30.21	17.75	17.75	39.28	6.03	39.28	5.07	27.3	39.28	27.3	5.61	21.36	4.07	17.75	5.61	6.03	32.47	6.03	78.25	18.58	17.75	78.25
65.17	44.32	55.41	53.44	59.85	54.3	49.59	68.13	56.9	26.81	61.13	65.05	38.14	43.28	45.24	41.41	56.91	45.43	55.74	48.86	76.49	44.97	57.42	63.16
17.5	18.97	17.91	20.25	19.92	23.71	16.49	32.94	19.98	26.24	42.17	20.91	17.78	15.61	5.98	9.68	19.58	17.66	20.81	15.47	45.67	18.23	18.97	39.58
36.17	28.1	15.39	23.01	37.68	15.39	26.99	35.88	15.36	26.1	32.51	14.94	23.5	12.99	22.16	20.42	22.34	8.1	18.72	23.94	42.83	18.59	22.19	41.7
35.42	76.92	36.16	22.63	46.6	46.6	42.5	46.6	76.92	28.92	76.92	56.59	57.67	27.09	32.38	76.92	22.36	22.89	21.41	46.6	76.92	24.34	76.92	56.59
11.91	24.96	31.41	16.1	47.72	48.41	32.48	45.37	43.49	5.82	55.67	32.48	26.61	13.32	35.53	47.74	24.87	26.24	43.29	24.61	71.0	34.57	14.29	65.77
60.29	60.29	53.99	53.99	60.29	60.29	39.67	60.29	60.29	18.24	66.54	66.54	60.29	60.29	49.33	66.54	57.82	66.81	48.59	78.09	66.54	48.79	60.29	60.29
22.66	26.68	27.75	26.45	63.64	27.69	19.5	29.85	52.71	22.13	45.63	27.69	35.22	34.12	17.51	36.66	32.14	40.76	27.15	29.11	29.85	25.92	48.51	36.06
35.44	39.73	28.91	10.62	59.3	45.1	18.29	35.55	30.23	44.45	35.55	45.1	38.84	42.49	40.02	32.92	34.16	22.0	27.03	33.18	45.1	24.01	43.74	35.55
25.41	21.66	13.98	11.48	21.66	20.65	13.52	52.0	12.59	11.95	32.2	22.62	24.47	10.74	18.74	21.66	21.35	15.86	25.2	12.84	36.04	26.38	28.38	37.06
21.36	21.36	39.28	21.36	39.28	39.28	39.28	65.8	39.28	27.3	65.8	39.28	39.28	21.36	14.46	39.28	39.28	39.28	39.28	21.36	65.8	20.11	39.28	39.28
35.06	26.52	58.57	74.48	75.77	75.77	27.37	74.48	55.63	64.2	56.67	75.77	45.93	51.29	32.92	54.29	74.48	41.21	42.04	62.63	75.77	61.48	75.77	57.49
28.05	29.12	58.57	54.29	58.57	75.77	32.55	75.77	54.52	47.92	77.01	58.57	74.48	40.72	38.79	47.11	46.17	32.55	74.48	49.81	58.57	46.17	42.04	75.77
27.58	32.08	54.55	58.19	78.22	64.89	32.33	68.51	33.05	30.98	90.96	42.79	37.79	32.13	29.95	50.85	41.23	11.87	40.03	42.97	64.89	21.31	38.34	64.89
5.17	5.88	53.87	37.95	62.49	41.45	11.2	43.29	24.61	20.7	54.46	48.84	15.82	24.69	47.63	48.84	29.85	25.25	23.55	24.61	42.69	18.7	27.02	50.41
13.13	13.13	29.85	13.13	13.13	65.8	13.13	100.0	13.13	13.13	65.8	65.8	27.3	26.27	7.47	13.13	29.85	29.85	13.13	29.85	65.8	10.55	10.55	65.8
21.37	40.54	27.5	32.8	47.79	30.72	40.47	30.72	33.34	20.93	35.79	35.95	14.48	19.59	24.01	38.57	39.57	22.58	33.62	29.85	45.57	32.41	43.65	45.56
21.0	26.84	8.89	26.84	33.17	83.86	26.84	33.17	70.48	26.84	33.17	26.84	69.31	8.89	28.3	26.84	21.97	78.25	26.84	12.63	33.17	46.38	22.52	33.17
8.5	8.69	15.95	20.77	11.33	35.23	2.58	36.87	16.77	9.23	47.83	10.62	4.45	22.89	3.27	13.71	11.98	5.38	4.94	5.3	33.57	14.77	4.21	18.27
8.56	8.56	6.96	8.45	9.84	10.58	13.58	9.84	7.2	5.04	9.84	7.2	8.77	6.29	5.0	7.34	8.1	8.85	18.0	7.34	15.84	7.92	14.63	10.34
22.42	38.69	38.69	37.28	46.72	39.25	18.7	59.47	45.02	29.36	72.17	37.37	45.02	41.62	25.94	47.11	43.43	28.45	50.76	37.37	50.15	37.28	34.12	45.02
16.2	15.77	49.03	60.26	68.59	54.02	11.01	47.91	20.31	15.77	68.59	45.31	17.98	39.52	16.69	18.95	45.81	45.81	42.46	29.15	51.61	15.58	20.31	79.13
23.62	45.43	25.38	6.96	31.82	46.2	41.77	77.63	24.4	4.8	90.48	31.36	16.02	13.3	27.27	21.23	23.68	6.43	36.34	46.09	75.72	35.56	7.8	33.08
10.33	33.76	39.68	33.82	36.75	40.38	14.17	42.05	32.48	18.17	47.32	42.05	28.23	34.03	42.83	60.68	45.49	20.89	33.37	29.03	42.05	26.38	22.81	44.42
48.18	14.71	47.63	48.18	68.65	47.63	21.48	54.24	35.83	31.02	54.24	35.83	43.54	31.7	28.73	47.63	50.67	28.94	50.67	32.55	47.63	30.93	48.18	12.94
10.11	17.9	24.7	18.26	52.69	26.94	10.33	55.22	24.71	9.41	48.68	24.7	40.51	17.52	17.4	18.26	25.82	36.16	13.47	18.26	52.69	12.99	10.74	52.69
34.2	49.59	47.69	65.44	65.44	65.44	21.94	67.9	56.93	49.33	65.44	57.75	54.58	32.54	33.84	45.72	58.98	45.08	54.58	49.59	58.25	49.59	57.75	57.25
31.24	40.35	31.24	20.13	58.77	40.35	52.54	100.0	18.36	27.78	58.77	18.36	52.54	18.36	46.92	58.77	37.99	46.92	52.54	38.94	100.0	31.24	37.99	43.67
32.73	30.41	13.06	33.78	38.43	55.75	4.27	53.19	29.4	4.18	30.47	51.45	37.68	24.14	31.56	40.29	27.73	10.51	33.68	44.11	38.38	7.13	4.05	38.07
33.26	36.18	29.38	49.97	52.82	54.46	37.71	46.88	53.82	32.19	41.15	41.68	38.49	40.3	34.57	49.61	43.79	25.69	29.96	31.63	48.34	29.77	35.21	59.14
9.29	43.8	10.73	10.82	21.72	13.35	21.07	47.5	47.5	41.8	21.72	27.3	8.91	26.92	20.45	18.89	13.13	42.73	47.5	43.8	39.28	4.03	13.35	21.72
39.75	15.24	23.89	42.89	42.72	18.7	22.7	61.93	41.28	23.1	64.41	26.99	34.39	23.42	22.42	18.7	32.87	13.78	45.27	15.82	54.32	39.02	17.08	54.32
17.86	29.19	27.88	22.31	22.95	24.4	22.56	34.13	8.3	7.66	11.85	15.79	14.39	16.24	14.4	26.19	19.23	9.75	5.42	8.09	20.92	25.99	23.47	21.43
16.41	39.63	48.48	25.01	59.22	42.58	49.7	52.59	32.67	27.48	56.02	29.15	21.57	12.1	35.37	51.49	39.62	30.73	45.73	27.35	45.52	39.63	34.39	45.52
71.41	64.04	50.59	34.47	73.83	58.35	59.72	54.82	50.54	64.33	48.55	54.82	58.15	29.04	40.59	87.64	48.44	49.83	51.99	44.27	48.55	41.23	71.79	32.13
27.47	55.04	70.89	44.41	78.92	73.35	55.91	64.78	61.04	50.68	78.54	65.55	60.42	63.33	70.35	70.76	57.07	67.75	61.11	69.58	78.54	27.69	68.79	51.93
34.28	56.09	54.72	41.93	66.99	62.35	33.9	64.16	35.08	13.16	64.16	54.13	34.75	25.97	17.92	27.2	32.97	28.37	19.08	32.97	71.88	23.02	34.17	81.56
43.72	64.15	59.48	36.69	61.2	53.64	45.24	61.2	43.66	34.56	80.3	58.57	51.58	43.27	37.86	63.03	52.68	34.12	52.68	64.87	76.69	43.72	36.6	37.91
13.74	21.88	29.24	27.43	38.58	54.14	30.34	68.98	57.5	28.04	60.69	32.88	31.31	24.76	29.0	45.01	36.31	23.4	39.7	34.16	50.4	58.57	45.77	38.58
41.74	30.2	43.69	22.02	55.52	67.06	31.28	86.44	30.38	46.35	89.44	46.57	33.84	34.04	37.28	33.6	52.33	34.01	30.78	30.38	78.58	36.93	33.49	78.58
22.04	26.6	25.97	9.47	37.28	40.96	16.32	44.48	21.63	11.39	45.02	25.51	18.81	28.25	14.75	40.96	19.45	7.09	18.51	27.85	44.48	17.83	16.86	26.12
19.23	17.51	21.42	24.05	24.05	23.66	19.31	22.23	26.7	16.33	19.31	23.1	26.19	22.23	21.42	19.31	26.19	18.01	26.19	26.82	22.23	18.19	26.19	19.31
15.62	23.29	5.62	24.36	32.1	12.73	31.34	17.44	23.42	20.0	14.91	13.63	20.79	17.58	31.1	26.14	30.92	23.06	13.26	25.72	12.49	19.52	26.22	14.04
20.47	47.87	78.39	63.84	87.25	78.39	24.72	100.0	12.12	7.29	91.32	59.62	42.66	51.94	22.29	87.25	50.9	31.53	49.3	14.0	100.0	11.41	70.54	100.0
17.0	9.39	6.1	5.65	57.78	37.52	18.56	48.9	12.38	6.46	57.78	41.86	24.69	9.85	7.77	46.1	39.52	12.11	39.52	43.74	68.88	21.31	10.81	57.78
24.9	14.68	48.34	32.85	46.72	48.34	18.79	74.89	38.54	60.9	57.61	46.02	50.35	5.56	31.63	77.5	46.07	27.62	41.39	1.34	45.36	7.73	58.45	46.1
18.89	20.33	28.92	15.31	46.94	41.57	32.93	82.93	18.51	17.35	76.98	18.09	16.83	12.02	28.85	36.96	30.55	20.49	45.72	28.55	69.12	14.96	30.94	55.92
46.67	14.0	51.02	37.22	52.02	63.34	31.6	89.22	51.03	33.57	76.74	63.34	49.54	24.35	18.58	63.34	51.02	27.01	53.02	38.4	76.74	18.09	48.15	80.83
9.98	6.39	26.93	8.27	39.96	40.37	6.33	73.45	16.86	5.3	75.57	23.0	22.65	5.61	14.26	13.18	17.64	7.33	25.02	5.34	73.09	9.16	9.35	71.21
16.83	12.83	7.07	13.27	30.02	18.99	15.39	36.75	13.81	21.23	19.2	14.2	3.57	13.76	16.11	16.84	16.08	12.62	23.85	3.26	31.36	14.84	13.91	14.19
8.45	9.26	8.45	8.45	4.83	9.26	8.52	9.26	9.26	9.26	9.26	9.26	8.91	8.45	6.69	9.26	9.26	8.91	9.26	8.91	19.3	8.91	8.13	9.26
14.63	13.29	31.38	43.59	66.5	50.07	38.5	48.34	47.93	14.94	63.41	26.16	9.5	22.99	42.98	23.07	26.2	41.88	44.13	34.83	82.07	23.06	31.65	70.95
18.21	17.92	59.69	33.83	62.96	62.96	14.58	62.96	15.66	19.56	62.96	24.68	19.35	60.0	21.95	62.96	20.82	44.8	44.8	44.8	62.96	22.89	19.35	19.05
6.73	3.49	18.3	15.99	13.79	22.64	3.48	8.7	3.85	3.46	17.69	5.88	3.68	6.26	6.18	6.1	3.72	3.48	3.47	10.9	16.68	6.99	3.68	3.83
25.02	29.9	24.21	46.84	65.19	42.87	32.34	74.81	21.65	22.34	57.52	64.32	58.0	16.66	28.28	65.44	49.09	10.49	42.87	47.55	74.81	20.11	38.13	76.22
30.29	56.48	80.91	56.75	80.91	31.76	39.63	80.91	31.76	39.72	56.75	80.91	24.92	56.75	19.35	80.91	80.91	57.31	56.75	30.72	37.6	31.84	30.72	53.46
57.07	52.46	81.54	49.84	53.73	81.54	53.73	59.77	59.77	22.79	74.48	81.54	36.61	47.07	68.65	59.77	61.28	81.54	74.48	75.05	74.48	22.05	74.48	61.28
31.04	26.48	41.18	33.69	48.61	44.5	20.5	60.54	39.37	21.29	88.29	38.74	24.69	35.93	18.4	43.99	31.05	25.99	38.09	32.56	52.89	23.01	35.51	29.59
29.59	17.49	69.93	46.11	63.77	58.82	20.65	63.77	51.43	11.22	63.77	53.42	6.06	43.3	38.01	58.82	34.36	4.66	53.48	12.35	77.45	13.99	28.68	32.44
17.67	18.7	37.32	31.17	25.59	44.78	26.7	32.89	25.94	30.73	31.82	18.48	18.63	26.34	21.23	33.36	17.58	23.01	18.12	24.14	30.02	9.05	31.5	43.27
14.4	18.52	9.38	10.22	12.4	11.58	15.59	11.27	3.15	3.15	10.18	10.18	11.32	48.74	12.92	16.68	13.4	11.01	29.63	9.96	10.18	10.11	10.22	9.92
11.09	12.05	11.7	27.0	13.28	11.89	5.99	21.84	9.91	11.01	31.94	13.88	12.48	13.88	12.28	20.91	52.02	22.85	11.51	25.65	31.94	8.84	11.18	8.2
17.09	21.51	51.18	32.72	48.84	36.69	32.67	56.8	51.53	28.17	92.79	21.36	22.74	37.54	33.37	43.98	46.11	36.74	23.93	31.8	57.86	25.4	49.58	37.1
7.57	16.39	12.82	16.23	16.39	19.27	8.38	19.27	39.67	13.16	19.27	25.39	12.15	24.98	10.58	7.79	19.27	15.62	19.27	44.07	12.15	17.31	12.86	19.27
40.44	39.02	42.25	19.95	30.25	36.23	21.42	55.33	21.26	27.44	59.13	52.6	34.89	26.28	29.75	31.89	31.8	31.8	37.95	12.71	54.35	9.96	37.6	50.75
35.57	26.72	37.78	35.22	36.75	29.99	48.08	31.66	18.98	27.77	35.22	29.52	19.96	33.44	38.12	43.46	31.84	49.64	36.16	29.99	27.93	27.21	21.82	35.93
49.5	60.75	76.1	75.99	76.77	64.72	61.71	76.1	73.1	73.1	76.1	70.53	60.48	46.22	49.21	83.42	68.84	73.1	62.81	60.21	76.1	63.6	76.1	73.1
12.93	17.69	36.47	44.69	51.29	28.34	28.54	49.53	56.77	18.44	57.53	45.24	48.23	39.85	24.64	28.22	29.24	39.62	57.53	43.71	40.85	42.8	45.47	40.85
13.41	14.18	22.65	19.72	67.44	61.2	21.46	100.0	20.69	14.61	92.35	35.19	18.89	21.61	26.6	35.52	14.15	21.29	21.76	20.73	43.09	25.68	14.76	44.47
12.47	20.91	12.32	24.54	26.72	10.14	41.57	31.64	28.0	19.6	39.58	24.82	32.19	5.53	21.28	12.02	33.37	13.98	21.73	7.87	33.3	11.46	12.48	33.95
10.53	32.34	57.11	47.96	61.04	69.87	41.41	71.94	18.71	24.38	72.36	53.7	45.07	20.53	39.83	60.4	46.56	40.63	50.78	43.25	71.94	17.2	51.46	37.9
8.04	8.09	11.0	8.39	27.56	50.54	2.17	50.54	16.7	7.23	39.93	39.62	22.52	11.9	8.38	9.96	11.37	6.91	26.01	17.8	43.31	7.6	21.74	15.07
40.1	44.71	26.56	26.22	56.76	54.25	52.6	72.48	54.25	37.87	72.56	70.38	43.32	42.73	55.96	70.38	60.53	49.53	47.48	33.48	64.32	42.87	44.71	64.38
67.68	33.99	53.43	46.04	78.64	76.6	39.21	53.43	39.21	12.97	49.03	100.0	63.31	33.27	32.7	46.63	78.64	24.13	78.64	31.86	53.43	17.73	16.15	72.06
5.35	6.84	23.08	8.0	24.49	28.05	10.99	28.05	5.33	4.83	28.05	28.05	5.35	2.87	10.7	28.05	15.94	10.98	3.18	5.33	28.05	5.54	5.56	28.05
9.87	11.05	46.24	21.14	60.33	62.73	17.66	80.43	31.05	10.49	80.43	53.71	19.68	10.75	21.55	38.21	29.67	23.91	21.86	14.2	80.43	10.34	26.26	74.53
5.68	10.27	5.08	10.95	6.29	16.7	3.22	28.57	2.83	3.21	14.13	16.65	5.08	5.62	3.21	8.89	5.9	6.73	5.41	4.65	9.13	5.54	14.95	14.95
6.42	17.1	45.09	54.56	53.06	49.76	28.3	42.74	28.37	30.89	58.17	39.3	37.39	47.97	22.54	45.26	45.93	15.95	39.32	41.15	60.03	27.04	48.12	41.85
14.96	14.96	28.18	11.71	26.22	20.01	9.88	18.38	28.18	18.3	20.01	26.22	11.64	22.61	7.73	26.22	21.31	9.31	14.58	5.88	20.01	3.25	23.29	20.01
4.28	8.79	5.39	11.05	22.47	12.95	7.27	20.07	10.79	24.46	13.48	13.48	6.04	9.72	6.27	12.95	7.65	6.45	11.95	7.36	13.48	4.09	5.22	13.48
23.71	34.1	48.84	55.49	89.58	85.64	17.61	100.0	38.47	26.3	100.0	54.08	24.36	22.89	37.31	48.12	30.37	31.07	40.17	27.07	100.0	27.46	35.45	93.86
36.38	49.2	48.94	52.05	64.88	57.77	32.87	56.19	32.27	25.51	59.55	68.09	52.05	37.3	40.52	50.39	12.83	18.03	58.68	45.8	61.44	52.02	49.52	54.68
5.62	17.58	27.21	17.77	31.08	45.34	31.08	32.26	17.58	19.3	34.92	27.21	27.21	7.18	28.94	51.06	25.66	27.23	24.72	25.99	34.92	22.83	17.58	17.12
38.92	41.76	77.28	48.45	90.25	79.65	23.48	90.25	71.01	21.03	100.0	86.96	51.12	12.11	59.74	77.28	43.97	57.54	48.95	52.35	90.25	42.51	90.25	100.0
35.76	49.7	85.0	29.4	58.62	72.31	9.82	100.0	32.72	34.17	65.69	25.11	39.86	21.18	26.1	61.59	23.91	20.57	24.29	14.83	89.75	14.14	33.89	92.58
69.97	87.42	76.25	72.06	76.6	42.1	53.39	62.69	53.13	40.65	62.69	42.1	76.6	72.06	33.36	62.69	72.06	34.98	37.9	8.1	42.1	71.73	72.06	42.1
31.65	40.87	36.23	33.9	33.0	48.84	13.55	32.89	44.93	30.12	54.02	35.46	53.71	23.71	29.42	49.33	33.57	18.97	8.93	1.79	39.04	32.99	51.85	18.17
14.95	15.73	67.03	49.74	29.42	19.77	15.73	43.75	12.87	13.83	31.14	29.78	14.46	14.95	12.51	13.67	15.38	20.78	12.94	27.23	31.14	14.95	29.78	15.31
36.05	45.78	52.09	39.73	56.22	56.22	15.92	56.22	42.26	28.77	67.43	52.76	34.62	38.78	35.81	45.78	42.36	31.88	46.63	45.78	57.72	35.2	35.2	67.53
38.05	51.66	33.99	52.69	78.12	59.51	28.89	59.51	52.6	25.08	59.51	59.51	18.54	46.92	32.41	64.41	46.28	58.43	33.54	36.67	72.9	21.64	30.03	72.9
65.03	54.18	63.03	61.89	72.73	63.03	59.43	77.89	53.17	60.31	65.79	63.18	71.6	79.36	60.55	72.73	51.35	67.55	67.29	56.44	77.89	57.47	68.44	72.73
22.01	13.66	38.28	29.63	42.6	29.63	11.73	47.98	69.1	10.42	39.72	20.39	39.04	29.63	28.49	66.81	15.07	34.67	28.1	37.03	39.72	20.83	13.53	68.88
24.83	12.49	47.9	44.98	62.28	39.06	17.77	64.41	13.41	31.98	53.88	46.93	21.99	35.36	33.31	46.9	42.16	28.96	32.93	33.75	64.41	8.95	21.01	59.4
33.51	53.93	68.9	48.18	56.23	87.62	38.5	87.62	42.61	48.18	87.62	87.62	47.2	12.77	36.39	87.62	68.65	54.22	32.38	87.62	87.62	35.83	87.62	87.62
11.02	29.08	17.27	27.65	35.32	25.04	26.6	39.09	31.47	19.5	65.72	15.65	30.21	11.81	26.87	29.4	28.71	23.15	34.26	25.07	40.09	23.65	24.96	31.15
11.68	9.63	22.9	32.87	52.47	32.87	8.69	29.16	47.84	22.1	38.42	21.53	21.28	14.03	20.9	38.28	15.78	27.48	20.62	34.07	30.22	25.18	15.38	22.42
24.91	15.93	51.18	38.54	45.72	43.82	29.76	43.82	21.67	19.58	58.57	31.69	30.28	29.12	23.93	31.69	36.73	36.73	31.69	13.16	45.72	43.85	20.85	29.21
9.7	29.58	29.76	18.0	39.06	36.62	19.81	37.9	33.94	20.74	45.42	28.76	32.01	20.54	18.97	23.53	28.26	40.5	38.83	20.03	42.74	26.05	23.66	43.62
32.85	56.25	53.51	50.47	84.61	79.21	47.7	87.1	53.14	44.65	87.1	62.02	47.21	48.01	43.11	57.94	53.65	56.76	62.54	49.39	76.56	53.14	60.38	59.87
35.69	38.28	35.08	25.86	57.1	25.56	23.82	89.02	22.36	20.34	100.0	22.36	33.7	31.96	41.54	60.88	26.1	24.68	25.01	50.65	80.93	6.03	40.22	78.51
11.11	36.46	75.91	28.1	56.78	100.0	43.04	100.0	46.27	33.4	100.0	65.12	21.66	35.89	50.34	72.88	59.55	27.43	75.41	70.62	100.0	48.13	75.91	90.36
6.82	8.51	7.56	6.66	26.53	26.53	23.62	28.1	36.69	25.38	46.07	46.07	38.02	8.5	20.42	12.71	14.91	12.71	25.38	6.63	26.73	7.48	17.0	43.69
35.22	64.28	52.06	57.61	66.52	38.22	28.69	76.32	66.52	66.52	79.45	52.18	34.73	26.24	40.79	52.18	49.34	56.84	66.52	67.36	87.87	52.78	38.31	57.61
19.35	15.39	11.2	15.81	23.52	22.96	27.44	23.47	21.38	18.35	16.86	26.75	14.52	22.9	13.71	21.8	28.77	6.78	19.65	25.6	23.52	26.64	11.13	36.69
6.67	24.77	15.58	14.71	8.03	11.55	9.19	42.4	6.52	5.61	73.94	15.91	43.55	36.75	6.77	11.21	42.99	5.38	9.35	6.8	42.03	7.67	22.07	55.72
36.19	21.26	48.59	29.12	48.59	36.19	3.49	48.59	36.19	27.45	48.59	15.94	23.38	29.12	23.93	36.19	21.26	36.19	25.96	36.19	48.59	29.12	21.26	36.19
11.48	7.89	31.71	19.52	38.58	30.01	8.22	40.85	15.55	7.14	40.91	41.73	7.43	15.78	6.11	22.9	26.27	8.29	15.02	28.02	41.33	16.7	14.99	47.21
17.35	10.71	20.45	13.81	22.11	17.09	12.39	21.76	12.63	6.14	34.13	18.77	5.76	5.11	6.62	22.59	20.13	16.41	13.84	20.99	31.57	11.43	14.02	11.29
3.79	17.73	35.6	8.97	31.28	32.27	10.33	46.67	4.34	10.09	70.4	46.67	5.62	22.02	13.22	33.0	12.74	12.26	16.3	15.77	52.02	9.09	13.57	36.86
14.09	22.33	40.29	21.59	50.7	32.22	22.69	47.68	29.22	17.49	40.47	21.66	22.08	19.96	10.85	29.27	13.48	13.44	27.13	21.66	37.52	13.96	15.74	32.39
6.29	23.15	36.85	31.67	29.45	42.62	16.64	34.05	11.45	31.67	48.96	28.16	23.08	36.85	24.34	44.27	22.62	14.75	45.04	47.94	29.45	21.89	30.94	36.85
57.18	53.55	50.87	35.9	52.59	57.61	45.31	51.59	25.54	55.83	57.61	55.3	50.81	45.24	47.58	52.23	47.04	52.99	55.58	29.96	49.45	34.7	52.23	55.3
8.89	8.89	17.92	6.23	16.15	17.92	7.66	18.39	14.03	8.28	18.39	15.73	14.03	12.45	14.03	15.73	16.15	17.92	16.15	17.92	19.72	7.96	17.92	14.4
6.65	29.2	51.39	41.43	5.54	10.37	10.42	33.66	10.62	23.73	10.37	22.13	5.71	32.07	9.6	15.76	22.15	14.21	36.76	16.81	33.66	9.13	47.48	30.17
15.33	21.57	46.47	32.43	39.28	59.95	16.57	52.94	44.84	27.98	60.99	48.75	40.85	28.25	35.47	53.34	28.55	14.24	30.01	53.39	56.52	35.12	11.87	57.67
3.78	8.4	41.15	13.05	45.86	88.18	11.88	72.81	14.67	12.14	72.81	33.0	15.27	2.34	40.65	25.0	34.11	44.36	31.21	10.87	77.12	11.23	19.53	65.23
42.73	18.04	46.71	46.71	65.8	46.71	45.18	100.0	46.71	13.35	42.34	46.71	52.54	10.73	31.61	46.71	52.54	46.71	18.89	13.13	65.8	18.89	46.71	46.71
37.31	52.52	62.78	49.65	62.78	76.33	41.25	65.86	44.46	51.59	56.58	51.26	38.03	46.52	40.57	66.23	46.78	53.62	50.64	47.16	85.43	46.79	50.6	75.03
50.13	26.24	54.62	54.62	17.99	24.63	11.86	34.7	30.78	15.49	43.39	53.8	19.91	16.97	20.29	20.97	31.62	19.46	20.97	19.51	30.17	15.08	22.06	30.17
31.7	6.25	7.14	22.24	26.99	24.38	9.43	26.99	31.7	28.92	26.99	26.99	24.38	3.72	11.62	38.66	48.33	28.92	35.08	14.99	39.46	16.59	32.65	43.67
18.85	48.13	38.12	35.13	53.02	53.79	54.29	92.58	44.36	33.62	69.36	33.62	15.59	37.02	41.86	53.79	47.25	41.0	36.77	49.3	54.8	13.41	48.13	64.02
7.67	7.51	22.9	36.81	35.96	37.38	7.24	44.28	25.76	12.43	46.05	14.35	7.77	11.13	16.38	21.1	15.8	8.11	9.25	15.04	49.1	3.49	5.59	39.88
8.62	45.79	34.09	34.79	34.09	34.09	6.97	42.57	42.57	6.66	34.09	34.09	9.17	21.15	5.75	42.57	25.49	35.0	34.09	34.09	34.09	8.62	41.46	34.09
11.46	4.69	28.33	25.89	35.09	31.4	5.3	54.51	23.83	13.6	39.11	23.94	10.63	20.92	15.33	39.11	22.5	21.68	17.42	21.68	39.11	14.06	25.89	39.11
43.29	50.76	41.62	56.18	35.79	69.41	30.17	42.66	30.17	10.19	73.63	43.31	29.05	30.7	53.64	68.79	39.75	17.52	39.85	9.11	42.66	14.65	59.07	50.26
13.71	20.67	40.09	24.54	34.5	38.07	13.38	67.64	12.79	15.81	65.24	32.34	19.62	10.63	18.54	63.57	19.03	23.53	29.22	34.93	73.38	24.05	22.75	87.02
15.91	44.05	30.79	35.89	35.32	6.61	12.67	17.06	31.37	8.59	16.97	32.43	9.17	22.93	38.77	35.89	11.71	4.72	9.85	35.89	27.03	8.1	11.95	36.97
7.14	15.34	54.06	32.8	35.91	35.42	14.48	64.57	23.54	12.88	42.57	22.4	11.47	19.79	15.34	21.96	38.49	18.93	59.04	38.62	37.62	15.34	21.99	49.4
3.93	9.87	23.35	10.12	45.25	19.11	9.55	73.17	15.63	7.74	92.35	19.2	14.56	10.36	18.65	28.5	16.67	7.0	17.07	25.86	56.61	1.8	26.02	20.71
4.18	3.12	22.81	38.18	34.19	59.06	3.5	93.18	18.06	18.81	81.39	29.76	6.53	8.81	10.93	24.38	6.56	3.07	5.72	4.44	48.88	3.27	22.59	68.9
12.63	46.34	35.22	30.6	61.53	73.92	66.31	63.64	63.64	33.65	75.39	25.98	15.79	34.91	54.4	53.87	22.05	35.45	77.72	28.2	73.92	35.69	30.25	73.92
37.08	14.33	27.67	12.09	27.67	12.09	13.38	9.78	24.71	50.67	9.78	46.05	14.33	9.24	7.95	61.15	12.09	3.93	27.67	32.8	67.29	50.67	12.09	67.29
48.73	43.25	59.07	37.48	74.32	70.29	23.1	100.0	41.79	24.18	66.51	56.75	18.31	30.83	16.81	54.12	32.0	44.55	42.03	52.81	74.32	36.1	52.19	70.29
37.12	36.96	68.84	51.67	22.84	58.63	10.86	100.0	15.47	29.76	81.06	46.84	40.99	32.4	8.04	38.79	38.05	20.05	22.48	62.61	67.45	19.56	33.41	11.61
18.77	23.82	36.31	75.62	90.58	40.81	52.11	100.0	40.81	33.98	100.0	50.14	25.18	19.04	46.96	65.65	23.42	41.59	26.85	11.58	100.0	20.59	68.11	36.31
5.42	4.94	11.05	8.64	49.68	37.25	5.94	56.05	17.88	5.53	57.5	13.77	18.14	23.77	9.29	56.59	17.29	19.74	8.94	32.84	78.9	4.24	8.15	70.71
10.7	9.35	8.81	8.81	38.39	28.46	9.35	90.11	3.3	15.07	47.03	9.38	8.81	9.31	28.44	9.11	14.03	14.03	9.95	16.2	51.7	10.34	37.54	51.52
5.11	8.89	10.83	14.87	40.02	9.46	8.49	10.51	6.75	4.81	43.24	20.8	16.06	11.63	13.83	22.36	8.8	7.16	11.64	9.78	16.19	11.9	5.65	20.69
23.69	24.93	24.32	20.64	23.9	28.55	20.14	33.49	15.86	4.81	47.13	27.82	24.16	23.25	17.5	22.05	20.55	33.34	26.87	32.23	47.13	16.36	50.68	37.84
51.53	57.44	61.01	61.01	48.63	50.78	19.52	68.7	16.61	20.59	77.95	67.97	29.9	22.87	53.59	61.01	51.53	60.49	67.97	21.96	59.39	52.08	32.59	57.44
20.32	22.42	12.01	13.25	25.3	15.31	7.14	16.53	10.46	5.57	30.92	13.69	3.19	9.8	17.76	5.88	18.74	6.21	5.69	20.38	44.37	18.12	21.22	24.8
44.85	34.25	54.12	39.68	47.69	35.66	33.49	52.44	40.79	23.3	74.21	38.15	27.8	47.11	37.23	58.18	52.12	30.16	41.74	45.38	58.66	30.63	35.73	41.79
14.92	48.55	100.0	100.0	100.0	100.0	48.55	100.0	75.06	75.06	100.0	100.0	75.06	48.55	32.52	75.06	100.0	75.06	100.0	100.0	100.0	48.55	20.16	100.0
30.19	43.53	53.73	43.41	59.97	59.97	31.65	70.16	15.66	29.5	81.2	29.15	36.26	29.45	18.45	75.62	51.51	21.43	60.78	63.17	85.91	14.54	60.78	12.65
40.36	39.07	42.91	48.83	30.78	30.78	40.44	41.07	9.62	14.65	75.22	52.4	17.73	42.91	4.21	32.45	30.16	6.29	37.63	36.76	60.5	20.83	44.27	36.08
42.27	39.88	47.11	27.19	100.0	87.87	37.95	100.0	29.52	31.6	100.0	45.44	40.29	27.22	34.97	70.83	44.65	51.97	30.83	42.66	100.0	33.25	41.23	100.0
24.52	34.96	39.52	60.32	47.13	39.44	31.17	59.71	37.44	19.31	62.76	47.12	17.1	52.63	26.68	57.45	43.02	37.79	39.95	24.8	57.46	13.28	49.16	49.76
10.59	5.65	29.57	5.03	91.55	50.59	12.65	65.74	31.14	10.09	91.55	51.94	38.75	13.54	18.09	31.15	50.18	44.86	21.86	31.14	46.88	34.64	26.81	45.0
15.1	28.57	35.53	27.62	30.57	21.75	28.75	56.42	24.81	7.29	49.37	40.73	38.77	31.27	28.18	26.71	31.01	23.64	39.13	35.98	36.2	13.4	24.81	31.83
17.1	7.41	4.46	29.45	29.41	29.18	31.9	30.71	24.97	23.41	27.31	30.03	22.51	2.84	10.59	7.73	38.87	35.97	24.98	17.01	39.99	11.1	37.96	41.03
29.38	42.59	24.26	34.96	60.31	48.28	29.3	55.83	39.2	15.91	60.31	35.67	27.12	19.94	22.49	40.95	33.35	37.86	34.07	42.56	52.69	43.93	46.1	58.46
21.98	41.87	49.89	61.5	74.26	65.33	34.27	63.51	63.84	63.76	65.79	53.77	32.27	43.5	38.41	66.89	26.94	10.79	56.1	51.59	63.08	9.13	61.57	18.06
23.26	20.76	27.69	11.83	38.49	41.68	20.92	34.78	37.49	33.41	41.68	15.07	17.87	13.99	19.67	25.01	20.83	29.17	27.69	20.83	67.12	14.45	24.17	38.02
6.46	9.92	8.84	8.23	38.75	28.13	44.22	17.33	29.63	10.58	12.72	12.26	9.85	13.92	8.17	8.97	26.68	38.2	9.85	11.27	40.44	14.73	9.23	21.27
26.85	44.48	62.76	36.12	64.35	52.95	24.44	62.76	39.79	31.42	57.01	47.51	58.41	36.88	37.38	53.33	40.79	22.21	33.94	48.09	53.88	58.9	43.59	42.43
35.9	18.69	27.5	11.16	33.0	50.3	38.01	40.34	83.31	51.46	49.5	25.98	32.72	17.25	38.91	30.42	32.56	43.62	69.55	54.12	62.33	12.9	51.98	31.49
6.61	16.38	35.92	28.44	6.55	16.37	2.88	16.58	5.3	24.87	16.37	16.58	5.23	21.95	6.13	16.37	29.71	5.35	23.83	35.92	16.37	14.73	35.27	35.92
34.47	44.64	63.62	55.3	91.28	64.2	31.41	67.67	65.85	45.28	62.16	63.76	36.81	40.17	42.02	82.42	63.61	48.28	63.03	43.95	62.16	47.82	52.49	55.89
10.18	51.42	82.82	64.23	64.23	82.82	35.07	82.82	21.47	7.01	82.82	82.82	44.94	13.71	27.97	51.18	40.65	7.2	31.04	24.32	82.82	58.57	7.94	70.86
30.3	45.01	45.36	40.9	45.36	46.36	10.52	28.98	43.94	28.75	45.36	44.23	39.02	31.99	41.48	49.22	34.43	33.88	30.78	45.66	45.36	37.8	45.73	53.88
50.21	42.84	64.23	37.42	100.0	71.35	71.6	81.54	71.35	52.22	100.0	100.0	81.54	32.55	44.07	100.0	21.45	21.45	100.0	15.07	100.0	49.84	49.91	71.35
20.22	19.69	9.17	27.19	27.19	21.8	9.85	13.99	7.83	11.86	21.33	13.66	16.47	4.58	20.42	27.74	20.92	7.27	21.8	27.74	21.8	4.5	27.19	21.8
29.13	19.73	15.98	15.23	40.44	27.47	15.9	27.47	24.09	24.49	27.47	12.81	19.01	15.66	38.69	48.94	23.51	22.21	36.3	16.53	30.83	23.96	25.97	18.05
27.3	41.05	23.99	32.0	73.74	31.57	21.4	82.51	21.79	23.57	65.92	52.03	31.45	21.72	35.19	52.15	48.62	23.55	29.52	26.62	61.24	14.68	28.28	38.59
30.83	30.3	36.23	62.49	45.91	57.67	25.44	68.79	41.98	37.56	43.77	41.66	22.12	16.54	33.13	44.98	42.66	40.78	43.21	13.24	43.94	13.6	8.04	36.08
11.22	10.36	18.09	11.43	35.31	24.03	38.4	54.82	40.03	38.49	33.44	31.31	20.39	24.31	34.18	38.49	36.85	18.21	30.05	26.38	31.48	13.22	15.35	43.5
32.89	38.04	41.86	34.72	48.75	51.47	7.71	46.3	37.95	26.51	44.03	46.3	36.51	30.67	31.99	48.95	29.27	14.91	44.59	40.87	56.27	44.59	48.95	48.95
59.48	23.56	41.52	45.0	69.78	69.78	51.13	69.78	17.39	20.06	44.1	44.9	40.79	38.92	31.69	30.71	44.9	30.86	67.9	24.26	67.9	19.93	67.92	67.9
40.75	51.74	64.2	64.2	76.25	100.0	51.01	76.25	51.74	64.49	76.25	48.59	55.0	26.37	46.3	76.25	45.02	34.47	76.25	45.07	76.25	35.83	64.2	76.25
7.79	10.19	15.13	33.14	36.07	37.57	20.15	47.33	33.69	20.17	67.12	33.35	28.83	12.3	15.47	40.54	24.19	8.75	28.83	14.83	55.36	12.86	25.19	62.84
3.93	9.88	23.29	40.48	28.5	25.28	23.29	25.28	23.29	23.29	25.28	23.29	23.29	23.29	20.33	64.75	9.63	7.22	23.29	9.31	25.28	18.39	30.79	25.28
9.67	22.72	33.89	46.37	44.08	76.12	20.78	62.63	84.24	24.71	70.16	53.44	22.63	21.02	26.1	36.62	61.15	13.38	56.59	70.16	53.44	54.37	71.66	47.59
13.99	32.93	100.0	60.29	69.65	69.65	16.47	100.0	44.22	36.57	69.65	57.49	47.18	16.54	29.95	70.86	46.37	38.99	88.44	47.18	69.65	10.45	35.07	69.65
24.56	15.51	20.52	40.1	38.22	15.33	14.33	31.03	11.61	15.51	24.32	24.24	16.41	24.56	11.64	14.85	22.3	14.96	13.72	14.93	28.76	15.86	22.32	25.13
13.9	13.1	25.51	22.92	32.87	44.87	14.87	57.69	12.47	13.92	45.48	15.93	15.93	20.31	13.96	23.94	22.53	18.77	19.2	18.8	40.07	8.3	15.15	15.75
48.63	39.24	31.84	39.24	49.34	53.02	10.05	47.82	22.55	43.31	82.38	43.31	25.22	25.15	52.69	46.18	48.72	21.48	45.99	32.07	53.02	39.24	47.29	53.02
11.16	11.16	44.75	6.64	64.56	77.22	11.4	77.22	40.29	5.86	72.63	48.82	10.11	47.05	42.85	68.48	17.27	7.38	12.64	31.14	77.22	9.59	72.0	61.53
23.35	22.9	33.25	15.78	56.1	46.35	15.35	51.48	22.4	15.35	51.48	31.83	11.23	16.95	31.42	29.78	28.74	5.91	32.64	26.22	56.1	14.72	10.56	56.1
14.69	17.1	42.28	40.19	39.05	36.34	25.14	80.87	15.54	56.07	39.05	15.35	78.7	28.6	26.19	67.43	29.55	11.85	62.66	12.34	66.08	14.13	31.6	62.66
8.87	18.26	25.89	6.26	24.83	38.56	6.41	46.39	20.4	26.36	29.9	11.62	8.5	8.85	8.22	39.31	13.2	29.17	11.24	8.22	24.83	8.69	5.83	46.39
8.6	8.6	15.31	18.21	39.28	54.73	6.97	80.52	6.15	9.4	39.28	24.79	6.97	11.27	8.23	18.39	28.05	26.17	13.92	29.49	29.62	18.99	9.17	65.85
33.64	34.69	55.14	40.77	57.06	48.3	36.54	64.54	31.1	31.25	52.99	39.58	32.71	36.7	36.09	36.49	33.73	31.07	23.87	40.16	56.61	9.1	27.27	43.15
14.76	17.95	22.19	23.19	45.75	29.76	25.97	20.62	39.98	8.38	59.21	24.33	25.63	7.61	26.87	25.52	26.57	38.92	16.42	11.86	52.49	17.63	20.07	52.49
10.57	9.01	16.83	16.76	24.81	24.81	10.6	24.81	9.04	11.13	24.81	16.83	10.39	16.83	6.75	4.83	24.81	24.81	24.81	7.47	16.83	15.15	16.76	24.81
43.33	62.23	80.65	55.33	75.05	87.62	16.5	87.62	62.23	40.71	64.14	50.62	68.65	68.04	28.05	81.54	19.85	3.43	79.17	53.35	100.0	61.0	68.65	50.35
15.58	3.03	30.42	18.76	9.14	5.44	14.05	45.87	3.05	21.87	8.17	20.76	15.96	7.95	20.52	9.26	12.13	5.44	9.73	9.14	29.07	3.34	28.38	21.35
10.77	14.41	30.69	16.78	45.66	29.92	11.9	65.23	18.5	15.9	40.69	29.68	17.1	8.36	16.64	39.52	36.52	15.34	50.34	17.34	51.34	12.06	25.57	39.78
10.6	31.31	16.47	16.47	63.71	29.28	17.42	100.0	31.98	31.98	37.71	17.03	27.9	10.12	14.25	52.81	20.69	18.21	52.81	27.67	61.63	9.4	47.86	31.98
8.23	7.96	5.82	11.79	17.74	6.92	2.76	42.31	3.01	5.44	11.7	42.31	7.16	8.8	12.26	3.81	26.53	6.63	39.38	7.89	42.31	7.76	6.02	6.02
32.99	30.32	27.86	39.83	47.05	37.51	34.63	48.03	41.17	42.03	54.73	47.11	40.26	30.73	37.7	35.98	38.24	39.12	34.42	41.68	47.87	35.63	38.57	44.63
9.84	7.77	10.23	19.36	19.72	15.32	8.81	19.47	19.47	7.22	23.41	20.87	17.67	10.04	12.37	12.32	8.68	6.93	13.41	19.99	22.07	13.23	13.44	19.47
14.03	15.59	19.14	37.37	39.04	15.99	7.13	51.47	14.52	14.75	34.71	18.06	15.28	29.15	9.76	15.07	15.65	14.89	15.28	13.54	19.94	13.54	14.4	15.99
11.64	16.54	11.64	40.98	44.29	11.64	6.26	13.26	3.46	23.4	57.31	11.64	10.98	13.26	8.76	32.56	11.64	7.22	11.64	48.42	11.64	5.88	44.29	11.95
7.15	7.15	31.59	60.53	66.81	60.53	48.79	22.79	12.51	24.13	66.81	31.59	30.77	7.15	20.7	31.59	31.59	42.09	31.59	41.68	60.53	44.22	31.59	31.59
37.68	19.29	31.09	21.1	24.35	30.07	11.0	20.63	9.29	13.38	32.13	30.09	27.24	22.62	37.62	45.51	20.64	8.26	9.35	49.79	28.92	32.44	18.16	28.95
19.47	31.86	29.1	28.75	29.63	30.9	23.84	39.52	27.64	30.46	33.94	28.77	32.55	32.92	27.54	30.58	29.63	28.75	29.39	33.35	37.67	34.09	28.46	34.67
29.12	22.55	18.79	50.09	82.12	18.79	10.11	65.44	58.54	11.04	69.9	16.97	16.19	16.54	38.08	81.38	50.48	49.76	56.95	11.87	81.38	65.06	33.02	13.52
13.55	8.52	36.46	8.52	8.05	17.24	14.46	17.24	8.52	33.26	17.24	36.46	16.59	4.79	7.66	14.32	8.52	33.26	16.26	14.32	31.7	8.13	8.05	36.46
28.36	30.29	39.9	30.62	68.17	55.24	38.94	57.88	36.92	25.35	57.45	61.19	38.94	47.0	32.87	41.07	34.73	34.21	46.99	32.72	60.51	31.41	34.16	30.68
46.56	61.81	43.45	49.7	71.69	64.4	58.78	72.04	48.06	44.42	61.48	65.3	50.04	51.39	38.27	61.41	66.99	43.24	37.04	23.86	67.83	51.25	50.38	61.75
25.54	42.57	57.38	42.64	53.36	72.86	65.15	80.03	42.57	45.08	65.15	42.31	45.08	25.12	45.08	42.64	42.64	57.48	42.64	58.64	80.03	20.81	45.08	72.86
16.06	6.61	8.82	8.82	70.17	16.05	5.37	59.87	8.82	14.99	73.49	16.05	30.88	8.82	49.01	8.82	54.91	16.05	9.08	57.58	73.49	4.25	26.45	70.17
56.08	82.42	100.0	100.0	100.0	100.0	42.64	100.0	80.03	45.08	100.0	80.52	58.09	33.16	64.6	100.0	65.15	72.86	86.66	100.0	100.0	37.75	40.16	100.0
39.42	35.33	21.58	40.16	51.09	37.75	9.11	18.93	12.71	21.69	43.28	35.99	40.16	46.33	21.8	64.83	40.16	16.75	34.78	29.85	33.87	24.41	35.71	19.14
7.32	8.22	16.11	7.53	35.71	45.38	19.24	70.84	19.1	18.22	58.04	38.27	27.17	16.96	15.26	30.55	24.01	18.44	40.14	10.99	41.23	19.49	37.28	40.73
37.82	45.02	59.51	42.61	61.15	63.06	15.03	54.9	27.23	58.17	64.29	73.05	52.79	35.18	36.9	52.72	62.42	48.76	52.79	40.63	64.53	55.01	50.14	63.22
19.11	9.49	47.24	26.18	28.02	38.28	7.42	42.58	25.19	18.36	21.01	46.88	20.07	18.1	13.79	34.01	34.74	40.92	27.92	31.53	27.0	12.86	27.65	37.27
2.94	7.63	15.45	6.61	45.61	45.51	24.07	41.36	55.38	14.23	86.56	14.56	2.96	25.7	2.94	33.9	31.01	33.71	41.26	12.86	75.13	24.77	31.45	22.44
12.87	16.45	35.0	18.21	43.33	35.0	37.71	35.0	30.13	10.83	58.28	30.93	28.67	12.04	51.5	51.5	50.7	13.38	35.0	35.0	43.33	7.66	28.67	43.33
22.57	31.33	34.21	21.72	71.62	71.62	10.93	58.69	46.33	17.47	31.33	43.33	25.55	40.07	20.66	69.53	23.0	31.33	25.55	53.85	71.62	11.15	58.69	69.53
36.41	18.14	47.88	37.49	35.82	34.3	37.28	33.54	37.58	37.58	34.3	32.89	32.04	37.49	16.66	43.6	37.49	38.21	36.71	35.82	32.89	32.11	41.98	37.49
20.78	24.2	11.91	31.86	34.49	27.49	12.41	34.14	29.29	18.87	45.04	18.41	19.44	30.16	19.27	21.66	12.49	12.63	18.9	19.03	35.02	8.98	20.08	25.07
9.75	10.14	9.67	18.15	18.15	18.15	10.14	18.15	15.86	6.44	18.15	18.15	16.4	14.46	16.4	16.4	18.15	15.86	18.15	10.14	18.15	8.45	10.14	18.15
18.56	43.65	50.71	44.28	53.96	52.49	10.28	57.56	39.0	14.78	54.25	42.98	21.24	29.37	5.02	41.11	22.49	24.96	48.07	13.75	57.56	18.58	19.11	41.47
6.61	8.05	13.83	13.38	13.83	13.83	24.84	52.66	13.38	12.45	13.83	13.83	13.38	6.15	6.59	8.55	13.83	13.26	7.14	12.45	13.83	8.23	22.03	12.87
36.79	43.33	36.79	43.33	65.55	73.11	3.66	72.42	51.5	73.11	65.55	72.42	73.11	27.88	65.55	64.14	65.55	73.11	43.33	65.55	72.42	26.64	73.11	43.33
16.45	25.75	25.56	24.41	14.25	21.22	13.09	18.21	11.72	16.15	14.25	9.62	12.31	30.29	9.8	32.49	11.13	13.82	17.86	14.61	25.05	18.98	15.54	12.31
33.57	39.27	68.7	69.54	80.32	80.32	62.08	71.12	68.7	23.3	90.39	73.4	54.08	27.77	49.42	68.7	69.54	65.18	47.19	50.48	81.49	35.37	58.05	81.48
53.49	41.28	31.63	47.1	37.07	48.88	26.36	75.45	29.37	28.31	75.45	65.36	44.9	52.8	25.6	53.49	48.88	22.73	33.65	32.45	65.36	10.79	44.9	28.09
38.81	38.81	72.86	72.86	50.72	72.86	9.17	50.72	63.02	46.85	58.64	41.63	72.86	38.81	5.33	58.74	37.26	72.86	58.64	53.36	58.64	72.86	72.86	58.64
33.9	38.99	26.14	31.53	42.42	42.05	25.12	32.69	48.18	27.48	55.0	40.26	21.85	45.75	25.86	44.47	46.06	38.32	35.57	49.81	53.6	32.6	47.14	52.36
23.38	27.0	15.77	14.43	17.44	24.61	21.91	22.22	9.05	11.34	31.79	18.04	22.54	13.82	6.12	15.77	14.17	14.74	23.36	21.91	24.61	5.91	16.63	23.76
18.95	22.87	44.28	56.14	28.19	38.62	15.46	52.11	27.84	15.23	55.93	6.58	44.12	28.32	14.69	38.89	35.99	42.91	56.4	45.82	42.21	13.55	49.19	34.81
4.89	18.78	12.88	19.81	28.91	13.52	4.99	100.0	16.89	5.32	83.02	4.99	3.47	7.38	5.82	30.43	4.89	4.82	12.87	26.15	29.71	5.41	5.71	31.31
29.87	4.8	8.87	5.69	47.29	32.6	3.93	25.82	37.95	3.95	47.29	32.62	36.24	10.95	9.87	15.32	18.44	26.97	35.12	18.56	35.3	17.74	34.05	12.5
13.26	20.64	43.33	19.56	57.58	38.72	20.6	33.65	37.95	7.18	28.11	53.46	20.64	7.19	17.03	37.95	19.56	37.95	37.6	13.13	33.65	10.83	21.14	62.98
8.13	17.47	48.83	37.7	73.69	48.83	10.05	57.07	58.59	58.59	40.99	48.83	21.97	14.47	16.76	37.7	48.83	27.09	26.2	12.19	91.31	6.92	27.09	91.31
30.65	16.62	4.97	29.58	43.81	51.09	16.2	39.72	21.69	9.17	27.53	29.53	7.72	12.17	15.3	11.03	25.38	23.15	35.37	58.34	45.76	30.6	48.25	57.18
42.31	58.28	61.05	61.05	82.42	61.05	58.28	82.42	53.13	58.28	82.42	61.05	45.79	33.89	32.28	82.42	61.05	53.61	61.05	61.05	82.42	43.6	44.8	61.05
19.25	13.46	46.66	29.74	60.57	46.66	9.17	86.66	6.92	13.16	86.66	39.68	9.4	23.45	15.43	86.66	42.46	9.17	52.54	44.22	60.57	11.31	66.06	19.69
45.69	33.07	54.34	54.34	80.41	66.18	47.88	80.41	63.69	44.37	100.0	26.38	56.72	42.99	35.57	54.27	32.48	37.05	26.38	54.9	84.14	68.14	76.07	76.07
52.83	58.83	51.78	34.47	51.78	51.78	12.47	51.78	31.15	24.8	51.78	45.05	20.46	40.57	50.44	51.78	49.47	7.47	39.17	40.88	51.78	12.4	19.92	45.05
33.62	23.4	35.13	16.04	50.95	78.99	21.24	78.99	43.65	33.99	78.99	51.02	15.76	13.53	47.7	43.78	43.58	46.08	50.92	26.21	67.34	16.84	21.17	65.02
12.51	14.74	11.74	10.24	37.79	36.57	13.5	56.24	12.09	5.28	34.83	14.05	14.05	15.76	12.08	14.05	13.6	15.98	14.39	18.09	30.3	23.8	30.39	19.72
30.09	24.97	32.81	36.1	46.02	44.21	6.6	52.4	49.82	20.04	55.25	37.37	24.14	19.63	12.95	37.72	35.91	30.97	27.48	28.58	37.09	18.4	28.3	53.23
14.07	13.93	23.86	5.19	23.86	40.49	5.77	40.49	13.25	4.72	40.49	39.88	5.05	4.97	5.36	29.62	13.6	6.34	5.3	6.34	40.49	29.62	10.41	32.6
28.55	23.81	65.12	38.62	60.48	65.12	34.17	100.0	41.4	27.54	94.2	54.83	44.64	19.63	38.24	56.54	54.83	49.19	64.53	43.08	94.2	33.06	36.52	31.32
4.11	6.82	24.34	44.55	61.71	58.64	4.77	58.64	15.64	7.97	61.71	37.51	11.14	3.26	3.7	47.7	40.47	11.21	42.29	9.57	61.71	7.5	38.24	47.7
21.02	14.46	45.26	39.35	38.25	58.59	53.44	38.25	40.53	23.4	10.27	58.59	40.53	33.26	6.81	58.59	36.16	17.24	30.58	26.2	58.59	31.46	38.25	58.59
37.14	49.65	42.8	24.31	43.28	45.09	9.6	47.07	17.14	32.37	49.99	31.42	29.21	28.67	35.51	41.96	41.57	31.63	29.08	47.11	41.5	9.72	38.63	35.76
50.31	8.49	55.73	32.76	54.9	25.25	23.28	25.25	19.75	5.54	54.9	25.25	7.64	8.25	17.0	33.37	11.27	17.78	17.54	15.07	60.97	11.36	20.61	55.73
17.42	27.38	73.49	47.09	47.09	100.0	24.74	67.04	27.38	27.38	100.0	29.81	27.38	17.42	26.52	34.53	100.0	22.27	47.09	17.42	100.0	27.38	24.34	100.0
12.83	39.79	49.06	33.28	55.8	37.7	21.84	67.31	14.66	11.21	66.04	48.94	5.38	9.24	16.35	53.1	12.87	29.04	11.66	38.49	43.42	11.33	27.1	65.55
25.58	28.69	25.95	38.22	37.73	37.74	19.96	28.38	29.91	15.3	38.14	32.28	22.05	37.56	21.59	31.07	28.76	22.99	28.69	28.98	39.92	34.2	26.27	26.87
47.38	31.24	55.38	23.71	68.94	55.93	47.38	56.43	23.55	9.64	79.64	57.93	51.35	51.35	24.24	54.12	53.38	13.67	53.54	10.41	66.0	12.1	51.35	66.16
24.35	15.56	17.4	23.67	32.21	33.08	4.63	47.85	24.14	4.67	19.26	20.16	31.77	36.19	28.18	32.64	20.67	27.12	17.12	29.21	21.46	4.08	33.51	38.16
6.86	13.48	36.22	12.49	26.42	27.29	13.67	48.82	30.23	20.13	12.4	13.92	36.66	6.86	21.06	35.93	30.47	36.66	13.38	32.22	23.55	7.18	24.7	28.73
41.52	41.93	58.45	88.12	73.93	73.93	40.16	80.92	50.78	29.58	73.93	66.64	55.76	39.94	43.9	69.7	57.97	57.25	66.64	45.04	76.71	29.84	54.81	61.44
52.66	31.54	39.07	37.07	39.07	39.07	34.08	52.66	49.74	35.42	72.72	39.07	67.03	12.01	25.46	39.07	30.27	36.62	37.07	76.12	48.42	21.4	67.03	40.02
7.11	7.11	4.5	5.6	22.72	27.19	6.96	21.28	6.8	6.29	22.72	23.93	13.08	4.45	4.97	7.32	4.55	19.23	22.37	38.28	22.27	15.73	5.86	22.27
47.44	24.11	54.34	48.44	76.69	92.11	32.57	100.0	51.6	39.57	84.03	62.17	65.33	15.03	56.47	86.61	69.18	51.19	41.79	44.27	92.11	46.84	54.42	84.03
33.89	35.78	38.32	55.58	74.3	74.3	32.08	72.75	22.93	9.5	74.3	48.59	26.67	31.09	40.33	44.48	44.13	10.93	25.47	29.93	74.3	38.1	41.6	74.3
36.74	47.62	64.94	59.74	84.93	88.75	30.62	100.0	70.06	56.09	78.46	76.28	22.83	16.0	59.75	82.99	25.97	32.49	66.69	29.45	70.41	31.13	92.11	77.75
9.6	36.9	58.01	37.64	67.98	69.74	24.55	72.61	18.86	28.65	70.05	41.28	40.32	18.31	41.01	58.59	33.73	40.44	43.37	44.73	72.61	15.05	34.75	54.79
10.73	56.1	61.6	91.31	54.97	59.38	23.27	54.97	61.58	66.02	68.5	73.75	47.22	46.09	18.21	49.55	60.11	41.94	51.03	60.12	61.6	31.37	19.32	66.83
58.57	55.96	57.62	88.84	57.62	55.96	64.49	57.62	64.56	64.56	88.84	57.62	88.84	36.09	60.29	87.52	88.84	88.84	88.84	87.52	71.18	88.84	57.62	57.62
26.26	33.99	50.94	36.81	64.28	75.27	11.91	70.91	50.78	25.02	64.28	51.51	13.48	38.13	21.51	46.12	30.59	38.99	64.52	25.47	55.22	32.89	35.08	49.03
43.48	43.31	53.74	52.66	51.41	43.24	40.68	61.65	32.79	38.93	51.62	37.86	49.5	29.12	60.03	51.95	48.35	46.69	49.26	6.35	49.31	39.88	42.24	53.68
16.32	5.56	5.03	4.27	17.27	33.67	19.21	34.15	11.9	8.7	41.68	22.73	7.77	8.07	31.49	17.5	6.15	6.27	8.87	21.87	38.95	8.0	5.65	5.11
40.02	26.45	32.94	47.3	45.06	39.12	17.17	39.19	36.93	25.77	35.4	29.61	34.73	34.86	26.35	43.43	34.41	32.94	23.06	19.34	34.41	35.8	40.02	36.48
18.0	29.27	100.0	48.62	100.0	100.0	11.16	100.0	52.01	29.53	100.0	52.86	38.22	11.63	58.68	58.22	57.38	23.44	86.56	43.87	81.65	5.2	31.22	58.89
56.66	34.39	41.33	45.01	60.45	54.4	33.58	78.57	28.47	16.5	57.7	45.01	35.3	19.31	47.04	42.44	22.47	19.32	42.57	30.81	71.99	5.7	30.78	36.91
16.43	34.86	35.17	31.39	39.12	42.26	23.21	55.86	20.41	12.36	62.89	32.1	22.77	9.22	26.83	42.26	24.91	17.79	21.36	22.78	42.56	17.79	35.84	52.58
19.77	48.04	39.93	45.52	44.4	37.25	11.89	55.75	43.27	21.26	41.81	37.16	34.43	26.85	28.51	43.49	30.3	31.9	33.81	28.57	46.73	11.4	34.43	46.73
23.28	23.42	56.42	24.0	35.46	27.22	14.91	23.71	28.3	4.71	46.43	45.81	6.65	12.58	14.75	28.98	16.45	22.71	19.69	40.69	61.79	10.41	27.97	31.28
22.15	45.05	59.75	45.05	75.76	75.76	22.15	75.76	57.3	22.15	75.76	60.02	37.88	30.45	38.37	45.05	60.02	23.8	32.23	37.92	75.76	22.15	57.3	59.75
30.3	12.57	34.81	28.72	59.12	51.4	16.88	72.35	64.63	16.88	64.94	53.59	15.87	38.47	20.84	59.12	72.08	29.7	60.11	26.35	82.07	28.43	29.53	58.62
6.57	6.31	6.26	19.59	5.99	19.74	4.43	33.59	3.93	9.74	82.87	8.01	3.98	4.3	7.53	33.38	6.0	6.2	8.67	5.54	16.26	5.16	6.05	8.56
28.31	19.46	57.2	19.35	53.15	59.11	39.91	85.83	47.85	66.29	92.79	33.98	55.22	31.71	32.59	65.97	45.95	42.33	34.25	57.96	69.51	20.61	36.47	62.87
10.51	29.24	32.62	17.8	26.68	21.89	3.77	19.27	8.1	8.02	26.81	15.59	15.05	13.68	15.05	25.49	14.63	10.89	11.44	42.26	25.75	11.89	20.4	52.75
16.77	12.45	17.09	21.65	44.34	61.45	28.31	75.95	21.87	11.96	82.68	23.84	14.73	26.99	14.27	52.59	36.67	16.42	24.8	28.01	64.21	15.39	34.39	14.6
31.85	26.99	33.94	30.57	37.45	44.77	18.45	54.7	36.0	27.47	41.88	42.35	36.82	28.45	20.55	40.69	34.3	32.85	23.24	40.3	55.87	21.41	36.89	43.96
13.83	52.66	28.05	53.28	23.03	73.11	17.79	19.68	6.92	12.95	21.78	26.17	11.72	21.15	18.32	19.68	11.63	12.16	19.68	19.68	21.78	17.79	12.95	13.49
16.27	16.39	48.76	43.8	36.63	35.93	17.48	41.56	20.95	15.54	36.63	28.79	15.62	33.19	21.99	24.94	24.51	32.34	23.74	16.12	59.75	16.07	20.16	51.01
10.83	15.97	31.87	31.73	29.39	30.87	20.85	27.39	9.95	16.99	35.43	15.93	20.62	5.98	8.98	25.59	25.03	15.41	15.56	18.19	23.66	8.32	20.33	27.85
7.44	8.51	61.48	10.83	22.05	54.24	13.32	72.42	18.39	43.33	80.03	22.05	37.03	10.83	14.23	10.66	37.52	30.38	22.05	9.1	64.14	20.95	12.87	61.48
24.38	24.38	31.75	9.04	73.49	73.49	54.52	100.0	24.38	11.31	100.0	43.82	8.91	20.45	36.36	34.58	54.52	20.71	43.82	22.89	100.0	9.26	32.65	100.0
39.36	41.26	44.46	36.69	49.5	42.73	35.63	59.99	38.92	35.53	62.51	42.6	37.21	43.76	30.93	44.21	37.98	42.6	38.97	37.43	59.28	32.33	37.35	34.3
39.77	29.59	40.47	33.66	52.09	47.37	28.69	52.09	39.77	29.87	49.78	39.77	33.66	27.24	26.22	35.14	32.02	13.85	44.24	44.79	52.09	29.13	30.26	44.24
65.15	33.36	46.19	20.76	85.79	59.78	49.6	59.78	81.37	50.69	59.78	67.09	16.68	44.13	56.43	59.78	37.3	12.15	80.32	44.13	59.78	56.85	65.15	38.09
33.72	17.56	23.44	35.9	77.63	60.58	8.47	45.87	60.58	30.47	60.58	77.63	37.64	17.11	13.54	60.58	25.94	8.92	29.13	23.44	77.63	25.94	30.73	60.58
18.78	9.49	23.21	17.93	17.9	33.17	3.11	21.98	19.81	13.43	26.81	16.07	13.81	9.26	20.28	36.71	18.08	4.48	16.2	5.63	28.62	6.02	24.74	12.64
12.05	13.5	7.65	25.04	27.11	36.58	10.82	28.13	26.74	17.1	27.11	8.79	8.55	16.45	17.94	19.16	11.43	12.51	9.15	8.25	35.25	7.94	12.5	24.29
10.33	8.22	13.75	6.61	80.59	28.47	17.1	100.0	27.07	5.5	75.82	12.77	12.02	7.98	13.3	57.61	10.33	18.9	10.16	24.55	86.46	7.91	10.92	80.59
5.65	16.68	30.62	16.91	53.73	25.75	21.21	13.92	15.44	5.41	18.0	18.0	19.84	11.64	11.31	18.0	18.0	14.64	4.72	8.51	18.0	42.31	8.55	18.0
40.56	39.58	47.2	47.2	44.97	51.82	48.02	48.77	39.61	31.41	34.31	42.95	39.46	13.02	37.47	42.95	42.95	41.42	45.97	44.97	36.86	29.65	42.95	35.19
48.88	25.27	48.88	9.08	70.17	48.33	38.66	100.0	16.06	9.08	100.0	26.45	16.06	16.9	16.06	16.06	26.45	37.41	43.67	38.16	100.0	9.03	16.06	70.17
20.1	19.1	28.74	38.5	19.41	17.1	41.21	20.75	53.17	18.48	20.75	26.21	34.85	53.88	14.45	20.1	53.17	15.38	20.1	31.54	22.3	19.1	53.88	19.41
3.0	5.29	26.24	7.76	35.18	28.08	2.36	35.83	6.23	2.16	34.98	27.25	9.85	8.38	6.44	23.08	23.08	2.56	9.85	32.2	29.53	11.95	6.61	21.31
30.62	28.3	42.5	28.39	69.11	40.92	28.98	55.4	42.33	37.94	44.98	41.24	38.79	32.16	29.28	53.93	37.16	25.77	37.16	32.19	67.52	33.31	39.92	64.72
18.23	17.43	27.4	30.19	30.89	30.89	21.8	49.11	21.18	16.17	58.4	30.89	14.59	10.76	21.69	28.07	19.58	9.51	24.81	26.2	49.11	12.16	26.33	23.05
28.84	37.73	38.8	23.23	39.87	39.58	24.46	39.87	25.33	16.49	45.11	44.62	26.99	9.6	27.94	34.67	43.23	10.44	54.99	40.64	46.77	26.3	23.87	53.22
21.52	11.64	14.83	28.86	21.2	21.69	26.8	28.88	20.98	14.38	21.49	14.06	19.91	11.82	10.31	17.95	21.48	20.02	19.91	15.31	20.98	10.77	20.66	20.51
3.11	18.49	11.62	18.73	48.84	44.98	2.33	51.81	10.66	7.95	60.55	18.22	8.36	2.77	8.22	26.51	8.81	21.95	19.56	8.93	44.65	2.7	8.84	31.45
23.72	33.94	51.64	53.36	53.36	61.16	56.17	66.3	39.45	31.77	64.86	53.36	47.58	25.8	40.51	53.36	53.36	41.72	54.51	43.61	66.3	35.99	53.36	39.48
34.75	26.66	27.46	34.75	26.66	34.75	26.66	34.75	34.75	26.66	100.0	34.75	34.75	7.14	21.19	26.66	34.75	46.92	26.66	34.75	100.0	29.5	26.66	34.75
39.52	63.82	73.9	48.24	100.0	87.25	10.31	100.0	39.9	6.46	100.0	73.9	28.01	48.62	45.47	73.9	36.42	50.63	63.5	34.49	100.0	50.29	29.22	39.52
23.6	4.27	17.93	19.08	53.23	31.82	18.83	55.44	8.66	24.01	66.81	30.38	21.0	36.43	32.31	32.36	15.05	9.79	3.9	19.52	56.08	2.43	14.12	28.71
13.79	25.62	36.85	16.77	66.99	52.14	22.9	59.05	46.37	45.75	92.79	38.68	47.29	11.11	39.97	53.21	51.1	30.53	55.18	53.48	57.81	17.99	41.7	70.4
12.61	56.8	43.49	19.36	74.44	62.67	56.41	43.49	30.91	32.49	68.19	33.1	44.16	12.59	50.53	74.44	30.3	44.61	68.43	68.19	74.44	28.22	21.83	74.44
20.83	10.03	8.93	13.87	18.88	16.2	9.39	20.83	8.38	12.12	11.15	7.71	14.23	14.16	12.14	12.96	11.71	8.93	13.84	10.03	21.16	11.12	11.12	15.38
23.4	30.13	57.58	54.37	53.28	50.32	24.71	59.15	38.5	3.83	57.58	62.63	38.5	49.13	11.64	50.32	35.83	16.75	35.83	45.47	50.32	53.28	30.13	59.15
6.9	12.15	17.63	12.04	18.44	17.63	7.14	40.02	15.73	11.63	40.02	39.83	15.73	15.31	17.63	17.63	40.9	29.78	17.63	12.87	79.11	12.04	15.73	30.26
19.16	8.99	9.01	11.11	10.02	11.11	12.74	18.0	11.11	10.48	10.69	5.11	17.24	10.48	5.54	11.11	12.32	8.42	5.11	9.4	10.69	8.59	11.11	10.69
54.11	22.37	36.14	42.61	23.28	22.37	16.16	42.04	22.37	22.37	24.52	16.16	59.99	40.28	35.34	17.69	54.11	34.19	16.16	45.7	62.31	54.11	56.41	16.68
6.4	4.83	30.59	26.06	59.53	30.34	23.54	7.31	29.15	10.05	26.67	5.29	8.94	4.5	6.78	6.88	12.63	23.13	22.53	5.64	26.67	6.49	9.2	14.33
69.09	59.8	87.47	73.9	82.57	82.57	73.9	63.9	73.9	74.09	69.09	87.47	78.59	63.9	49.01	87.47	82.57	82.57	59.8	29.7	63.9	48.72	87.47	56.44
25.77	58.68	68.88	68.88	51.98	64.3	43.99	82.53	63.32	63.32	75.22	65.67	55.21	53.68	33.87	64.3	68.88	59.42	68.88	56.28	82.53	61.3	63.32	56.15
46.57	43.5	69.73	49.45	69.73	69.73	30.2	69.73	69.73	56.93	69.73	69.73	56.93	61.45	46.94	69.73	69.73	69.73	59.79	39.33	69.73	58.08	69.73	69.73
7.42	12.22	37.34	48.78	61.19	47.55	5.13	59.37	28.71	32.48	54.08	43.76	39.38	25.77	20.38	47.1	45.63	22.99	46.64	43.07	61.19	17.64	51.02	62.48
13.39	27.33	35.67	35.16	35.7	43.35	22.79	54.73	30.68	33.44	22.86	29.72	44.43	17.18	45.93	21.22	15.23	22.91	25.88	20.18	27.41	26.04	29.37	33.76
25.89	11.15	31.87	29.38	38.71	32.26	5.33	63.83	50.21	14.9	69.97	30.65	18.52	30.14	17.06	17.47	24.46	17.51	54.02	21.48	100.0	41.9	21.48	82.82
18.75	19.41	34.49	31.11	43.86	40.13	13.47	88.52	31.37	15.98	70.58	26.58	39.81	29.93	17.6	25.14	25.2	17.35	21.83	15.83	70.58	10.89	22.06	56.78
41.65	39.79	69.82	54.82	54.0	56.57	26.41	89.42	62.33	5.79	62.4	47.13	39.25	28.18	13.8	70.16	43.31	34.0	51.19	38.22	54.63	38.76	63.3	51.21
17.19	9.85	15.49	29.89	32.74	33.46	15.42	61.61	11.49	15.79	40.78	33.49	33.49	11.5	25.25	26.04	35.82	33.46	14.75	32.74	16.46	10.84	32.39	34.16
7.87	7.42	11.22	13.74	67.26	31.87	3.62	34.66	10.5	6.34	100.0	8.2	7.21	10.59	10.75	10.92	11.92	10.49	36.69	19.24	42.37	14.21	9.49	15.02
13.82	10.54	32.5	26.14	40.93	33.45	15.73	61.68	6.03	13.07	53.49	35.6	9.89	8.38	22.58	21.17	21.74	27.55	29.7	6.03	30.07	10.08	12.97	67.97
20.46	24.14	27.46	43.06	36.16	33.71	16.79	50.68	38.26	24.13	44.46	33.77	18.04	31.37	12.0	44.46	25.85	18.06	23.36	25.02	44.02	14.27	14.86	44.02
9.6	16.15	24.7	24.7	35.08	35.08	35.08	24.7	24.7	5.0	35.08	24.7	26.3	29.38	16.81	26.99	24.7	16.06	24.7	24.38	35.08	7.77	24.7	35.08
39.74	39.75	34.67	47.83	65.34	68.12	44.77	58.53	47.83	37.28	30.49	53.75	28.31	51.16	33.48	91.94	57.46	52.05	58.42	44.77	51.55	26.45	46.43	56.25
13.53	19.24	35.35	30.61	42.26	37.91	15.38	42.41	31.42	5.6	50.1	32.71	26.14	14.75	23.18	40.22	15.94	18.87	15.82	26.94	37.91	21.86	20.11	41.67
6.15	7.16	8.89	8.23	7.86	6.84	8.49	34.39	6.25	6.15	8.23	8.23	7.66	9.67	5.99	7.35	7.16	6.61	6.02	7.86	34.39	4.81	7.86	6.25
41.88	34.67	16.12	28.61	70.78	42.59	10.39	53.84	55.22	26.7	59.46	61.21	35.56	5.95	18.46	20.16	14.57	13.57	15.73	9.8	61.21	13.57	18.32	58.94
55.93	36.85	52.16	52.16	39.64	52.16	60.37	54.3	58.58	58.58	55.83	52.16	48.36	44.68	36.42	54.3	52.16	32.53	58.58	50.6	54.3	40.65	48.36	44.18
20.73	31.3	39.01	53.11	53.11	51.01	31.14	53.11	53.11	22.62	53.11	53.11	37.68	51.28	6.43	53.11	53.11	53.11	52.06	52.06	39.01	36.7	36.07	38.34
51.98	58.32	42.57	39.81	56.15	56.15	31.21	56.15	43.68	56.15	56.68	56.15	42.61	39.8	33.72	56.15	56.68	56.68	56.15	36.5	56.15	37.31	46.38	54.37
56.48	56.48	32.3	69.05	49.91	49.91	56.48	58.7	32.3	32.3	46.47	67.91	50.83	67.68	48.59	67.91	49.91	43.06	23.83	67.91	56.48	56.48	56.48	26.61
15.05	29.63	47.25	57.6	70.09	56.43	23.41	65.79	41.87	45.29	61.5	53.17	36.12	8.32	37.94	28.61	37.94	8.29	34.86	18.44	59.5	48.69	49.77	51.76
19.24	14.27	52.72	21.04	45.48	49.22	16.0	51.78	20.43	19.82	61.66	56.42	16.31	27.33	29.19	32.28	32.59	25.0	46.86	38.49	49.22	17.19	30.17	51.78
26.26	17.9	25.18	35.43	32.29	27.37	11.16	44.85	10.17	11.29	36.19	46.23	19.12	4.57	24.65	26.73	35.43	22.93	20.69	17.13	44.85	10.51	21.82	36.19
69.81	23.57	50.84	50.84	86.17	30.35	26.71	86.17	45.59	36.62	86.17	43.86	41.8	9.28	30.93	30.35	15.02	23.51	41.8	22.83	86.17	69.81	50.84	42.92
38.31	46.25	18.95	14.09	50.1	31.47	43.59	53.33	26.78	35.41	74.59	40.05	23.76	51.98	35.39	40.05	67.84	64.45	54.82	76.6	59.56	46.04	51.6	15.92
38.79	8.45	34.45	45.87	42.34	54.46	17.46	48.12	51.05	18.53	71.36	45.82	36.63	66.41	35.14	57.87	42.34	46.34	36.91	45.09	71.36	22.22	42.2	68.04
35.21	27.46	52.18	45.92	32.37	49.18	27.46	56.17	43.61	26.24	59.64	51.17	29.47	11.91	21.39	43.51	28.21	32.37	43.52	25.92	51.3	24.25	36.76	49.55
35.75	41.62	50.75	47.25	42.26	56.23	47.92	67.19	40.16	39.1	55.66	53.37	40.03	46.87	43.61	54.35	45.86	36.68	41.91	34.64	40.15	33.06	46.76	51.57
9.17	7.15	14.69	6.48	54.6	42.17	20.69	56.97	32.07	27.77	54.6	32.69	15.35	6.66	14.52	32.16	24.66	8.63	14.69	35.03	52.76	8.09	15.35	83.37
53.57	18.84	20.57	18.38	53.37	20.46	53.57	32.23	30.28	13.58	18.3	53.37	18.38	6.59	0.0	20.46	46.37	18.38	31.32	6.29	56.11	5.09	53.57	20.46
42.39	35.9	57.32	31.92	67.46	45.87	22.18	46.55	23.05	21.62	65.47	31.92	33.17	31.92	29.31	35.9	34.05	21.3	35.9	46.55	45.87	23.62	22.18	21.78
33.37	32.85	27.49	18.84	26.11	21.51	25.78	28.44	19.15	19.08	31.74	16.81	33.43	24.95	22.87	25.12	28.82	20.59	17.21	25.61	42.85	32.93	22.41	22.73
43.77	30.95	51.39	42.83	45.54	57.58	34.74	49.37	51.39	41.74	45.54	53.86	45.01	51.0	41.11	57.58	60.32	17.4	40.49	55.92	65.48	36.38	47.04	44.98
2.46	31.87	63.38	30.79	54.16	44.9	12.46	53.33	25.45	7.71	40.34	26.46	24.41	24.13	29.15	13.68	9.09	10.38	16.2	30.83	50.47	8.28	24.13	48.07
24.94	24.94	29.28	16.79	21.25	23.31	42.13	22.21	16.15	18.95	29.38	21.79	14.04	24.94	21.95	29.28	29.28	15.73	21.79	24.85	29.9	12.03	21.72	30.82
4.71	13.97	12.06	30.68	8.09	45.13	22.29	40.97	45.13	4.12	30.09	7.61	17.94	4.89	20.1	50.13	8.38	28.55	37.19	2.68	45.24	15.46	15.42	8.04
47.69	48.66	55.99	60.73	51.06	55.99	65.91	59.6	53.61	47.69	78.53	47.64	42.07	28.5	55.58	63.09	41.49	35.85	46.7	60.72	61.66	54.99	41.1	57.72
19.35	18.21	13.83	19.82	27.38	32.38	18.84	21.41	7.44	7.44	20.46	16.94	8.84	7.53	18.88	13.38	23.58	11.25	16.45	18.21	40.33	17.68	17.68	34.79
12.42	20.34	18.24	13.18	27.81	22.16	25.59	21.14	37.3	12.04	23.09	25.83	19.22	8.84	7.93	18.24	10.62	8.55	15.62	30.18	13.73	18.14	6.84	39.9
19.8	28.97	25.84	21.28	51.26	42.72	21.01	42.72	23.33	14.6	37.61	23.75	21.75	30.32	23.78	36.47	22.01	23.47	19.69	27.49	49.22	13.46	19.42	49.22
47.21	53.77	42.46	39.42	83.94	55.84	37.39	55.84	45.31	59.49	83.94	55.84	45.31	39.42	34.67	48.97	47.21	41.09	55.84	53.82	55.84	41.23	51.71	33.85
9.36	10.38	11.45	19.69	9.39	4.92	14.03	10.38	8.76	4.89	27.57	8.9	13.62	8.46	12.96	8.28	9.19	17.54	9.85	16.17	15.94	13.68	28.73	6.63
12.18	40.63	41.11	30.55	29.16	48.83	3.75	48.45	17.38	6.34	36.75	47.22	23.04	9.97	38.49	54.63	36.38	6.74	17.4	20.45	45.46	26.57	33.92	25.5
57.66	28.01	80.32	67.09	85.79	70.18	70.4	100.0	53.87	37.9	100.0	80.32	39.04	44.13	40.6	56.6	42.63	42.16	80.32	21.8	56.09	70.4	57.84	54.89
7.54	7.54	6.8	7.15	21.28	15.77	10.86	29.36	7.15	6.96	29.36	11.12	7.15	7.15	9.41	7.54	10.9	6.07	6.8	6.96	29.36	11.12	7.15	22.37
30.71	21.85	14.23	29.77	86.56	69.41	14.63	81.37	31.52	3.21	63.84	21.48	16.16	16.28	20.65	61.97	32.81	14.47	39.61	17.31	68.88	10.04	16.16	69.41
39.42	33.85	39.42	47.91	45.81	64.87	41.68	45.81	47.91	59.09	45.81	39.42	47.91	47.91	33.57	47.91	39.42	44.07	47.91	30.75	45.81	47.91	59.09	45.81
66.21	81.67	63.91	66.08	85.03	82.32	58.11	60.94	65.66	44.85	82.11	76.31	82.11	44.85	64.95	82.32	71.34	100.0	78.83	63.91	66.38	82.32	82.32	66.38
15.73	7.86	9.78	14.46	14.46	9.67	3.52	9.78	13.83	8.89	28.92	8.89	8.51	4.09	8.89	9.67	10.14	6.61	6.61	9.75	13.83	7.14	16.06	8.13
13.1	10.66	17.3	15.86	22.9	25.91	20.36	37.11	16.07	4.89	37.11	21.64	15.16	20.1	18.43	52.86	25.93	28.15	29.06	33.66	37.11	16.9	8.29	44.74
13.32	20.85	22.41	14.22	22.75	24.26	31.82	55.12	40.65	14.81	51.29	51.29	40.65	33.81	29.15	23.64	20.95	13.16	32.93	18.84	32.93	66.06	38.61	29.49
18.57	21.25	32.44	32.88	25.09	27.46	16.72	28.99	36.16	19.22	27.66	21.81	27.72	20.57	29.79	33.23	23.01	24.36	24.55	35.55	32.25	26.12	24.4	25.62
32.69	26.56	33.23	37.29	51.29	28.51	22.24	28.51	25.79	38.4	47.21	41.42	44.77	21.86	33.58	33.71	34.61	20.67	30.38	40.66	51.29	14.28	31.23	32.65
10.47	33.08	42.06	23.46	28.26	38.09	25.82	41.32	21.43	30.68	62.1	26.12	23.56	20.55	19.54	24.84	24.14	19.69	40.37	26.17	41.32	19.02	37.14	60.77
19.71	39.0	34.56	31.44	45.51	34.24	31.79	44.85	36.97	44.29	48.78	35.16	39.72	21.35	27.54	34.24	34.24	33.18	40.99	39.72	33.92	40.24	26.61	40.24
14.26	33.63	35.92	34.25	38.54	43.6	66.35	100.0	49.69	9.62	100.0	23.25	44.11	29.49	36.85	31.03	56.97	33.46	45.81	15.84	43.6	21.07	20.07	37.89
29.53	19.24	50.38	36.49	24.86	23.1	16.17	38.9	24.13	16.66	42.22	50.15	13.22	18.18	30.35	26.58	28.29	20.53	46.73	17.75	55.43	17.65	23.48	35.19
5.4	3.42	8.23	7.16	18.48	13.32	11.63	24.9	15.86	3.93	24.9	14.25	13.38	3.42	3.98	12.45	6.15	13.18	7.66	9.75	24.9	3.46	29.26	14.25
29.76	21.61	35.4	25.19	47.97	84.1	4.95	73.1	9.72	14.36	84.1	36.84	20.71	28.66	12.14	57.6	29.24	18.95	12.07	45.97	84.1	27.31	21.55	84.1
33.41	29.9	48.94	26.6	60.04	55.5	35.56	55.73	26.49	25.05	64.72	25.32	34.61	26.24	22.82	30.68	26.73	25.79	40.15	31.57	48.72	31.21	23.58	47.78
23.54	25.73	38.61	48.04	37.7	39.75	7.93	41.3	22.37	19.33	49.78	57.38	18.58	12.16	26.66	21.22	34.91	23.49	37.7	49.33	56.02	17.9	37.7	57.38
41.35	28.48	37.6	36.38	78.16	38.96	16.69	100.0	40.47	12.58	100.0	29.81	47.94	33.48	30.93	34.67	10.15	22.36	48.3	21.36	60.61	21.36	60.58	47.82
50.46	43.24	50.46	35.01	65.62	62.74	37.54	62.74	50.46	55.5	83.09	62.74	62.09	38.87	46.71	62.74	60.87	40.06	59.8	45.33	71.6	55.27	47.68	65.62
29.37	15.68	5.61	27.57	31.47	19.45	17.86	39.94	48.9	19.06	37.63	20.15	34.14	16.89	12.29	31.08	37.96	8.31	23.48	13.87	20.99	28.56	23.16	35.26
62.69	46.25	46.25	46.25	46.25	46.25	14.15	100.0	35.05	27.1	100.0	38.37	16.94	13.97	26.24	46.25	35.05	21.58	62.69	62.69	100.0	14.22	46.25	32.62
29.07	20.42	19.77	20.55	40.72	40.29	29.06	43.31	15.32	16.65	36.04	10.47	27.73	23.85	14.43	27.28	17.63	15.44	19.45	38.72	32.2	19.79	24.14	27.34
6.44	4.86	22.39	24.14	38.04	12.82	6.89	47.18	14.52	12.27	34.51	43.84	27.9	20.85	34.14	27.51	19.11	11.11	29.23	15.09	33.58	2.69	36.3	37.64
22.96	27.27	70.91	50.79	51.28	51.28	18.64	58.71	45.47	43.02	60.41	49.21	50.76	36.82	44.82	57.96	38.14	34.5	45.3	40.85	60.21	20.18	50.76	55.79
36.41	36.49	36.96	81.37	64.04	64.04	36.43	27.11	36.41	35.1	64.04	36.96	41.48	36.49	50.65	36.96	36.96	35.1	36.96	36.49	85.31	36.49	36.96	22.24
30.17	14.75	9.38	21.89	23.26	23.89	9.87	35.97	8.36	11.44	34.79	45.28	43.29	20.02	20.86	20.02	24.81	6.61	24.81	5.5	35.97	12.74	24.25	23.13
51.99	37.79	66.02	47.82	69.61	69.61	31.43	78.12	60.82	47.98	78.12	69.61	42.86	59.44	46.23	59.19	36.99	34.58	34.58	43.99	64.81	43.88	60.82	74.56
5.66	18.04	5.09	9.47	9.44	15.85	15.85	9.47	20.9	9.47	20.9	15.85	5.09	5.07	18.04	18.04	15.85	18.04	15.85	15.85	20.9	5.09	5.09	5.07
5.65	7.09	82.82	6.06	42.71	82.82	12.5	82.82	7.13	6.85	82.82	64.81	13.13	58.65	7.03	9.73	46.07	6.34	37.75	9.39	82.82	7.09	9.11	13.54
4.33	5.8	6.54	6.41	7.16	6.76	5.83	16.08	6.9	13.82	18.57	16.08	5.83	5.83	6.38	18.12	15.15	14.47	6.4	6.66	60.08	5.83	15.01	6.4
48.88	54.13	36.08	53.68	78.37	52.97	54.63	58.13	35.93	22.19	67.1	56.42	27.11	42.46	19.88	30.76	56.92	37.45	54.13	47.67	88.12	16.52	67.53	23.1
17.07	3.92	49.54	38.84	34.51	45.52	6.34	44.42	41.05	18.73	41.77	23.48	30.95	35.1	23.09	38.73	33.59	6.71	44.53	18.49	55.96	3.24	22.4	46.62
12.04	18.38	18.38	24.08	28.18	30.65	18.95	66.38	26.22	12.11	66.38	40.52	26.22	10.57	10.58	14.81	26.22	9.0	28.86	28.18	53.08	8.56	26.22	26.22
61.79	61.79	52.02	37.39	47.55	53.01	18.9	61.79	44.27	42.9	53.01	61.79	61.79	24.71	43.64	45.0	42.9	61.79	53.01	61.79	53.01	61.79	61.79	61.79
33.48	54.47	52.02	41.34	59.47	73.55	29.66	51.72	56.34	30.35	67.95	41.6	46.84	46.76	55.22	59.47	56.17	14.07	41.16	40.08	60.78	30.79	52.68	67.95
15.34	9.57	16.38	53.15	40.2	23.51	8.87	40.2	31.69	43.76	56.65	20.32	20.61	7.81	20.9	50.44	43.02	17.09	27.09	22.34	40.2	7.22	21.55	36.15
23.46	21.4	29.07	29.07	5.66	29.07	29.07	29.07	29.07	29.07	28.65	29.07	29.07	5.66	16.47	29.07	23.46	29.07	23.46	29.07	26.2	5.3	29.07	32.47
33.92	43.51	40.17	29.15	51.63	59.74	19.87	56.35	36.8	20.58	75.35	43.06	26.47	36.65	39.43	37.11	19.71	28.79	22.05	39.44	51.18	25.43	17.65	51.67
15.48	42.85	71.35	41.8	43.61	67.69	27.9	100.0	34.95	34.12	90.62	57.09	36.75	38.82	40.2	42.95	42.0	25.55	43.66	36.82	77.63	16.64	27.47	41.19
35.13	46.09	76.7	83.71	100.0	70.83	28.86	50.86	81.54	75.42	66.66	66.66	83.71	55.91	33.49	38.39	59.75	66.66	50.86	72.98	66.66	21.99	83.71	66.66
63.55	47.73	66.95	76.41	68.14	68.14	63.55	100.0	68.14	63.55	71.87	76.41	68.14	6.39	57.83	68.14	68.14	57.16	37.28	89.22	76.41	56.43	51.28	76.41
26.53	25.35	51.61	26.98	63.86	74.44	25.35	58.76	52.45	28.53	63.86	60.29	28.53	11.62	24.65	74.44	36.68	74.44	38.02	37.37	60.39	24.62	39.52	41.83
7.32	19.6	16.8	47.22	56.68	39.31	43.49	61.55	47.83	46.13	67.52	38.24	42.91	38.28	40.65	42.59	12.99	42.59	37.13	13.18	46.12	11.59	42.55	55.55
9.08	24.84	39.97	8.4	70.17	100.0	16.15	42.27	38.66	16.15	100.0	38.66	38.66	14.99	20.2	16.15	38.66	38.66	16.15	16.15	100.0	16.15	16.81	16.9
16.44	47.72	71.89	49.89	51.03	53.82	48.59	44.22	55.0	36.76	78.09	78.09	71.89	13.64	36.31	65.67	35.56	36.19	28.05	44.22	78.09	54.03	71.89	68.99
13.57	15.01	17.61	14.04	20.52	23.66	10.58	20.53	19.27	17.41	17.56	14.96	20.47	12.88	3.65	15.75	63.35	32.73	15.01	61.0	17.56	10.11	14.23	17.56
22.04	11.42	21.66	33.98	23.85	32.71	14.06	21.21	40.0	33.18	43.06	49.88	22.4	10.75	26.85	36.59	48.43	60.49	39.93	17.06	30.95	27.68	38.59	23.51
55.55	55.55	100.0	11.23	70.71	100.0	58.14	100.0	66.06	78.25	100.0	70.71	100.0	18.19	32.56	100.0	45.18	70.71	70.71	70.71	100.0	45.5	78.25	70.71
31.18	24.91	54.12	57.82	40.75	57.82	9.46	100.0	18.17	24.4	57.82	40.75	19.67	28.43	44.13	57.82	54.12	46.25	40.75	22.77	100.0	35.83	18.95	12.11
11.29	45.03	45.46	27.64	53.06	63.47	35.29	68.69	57.75	35.44	63.47	29.21	33.67	48.28	36.61	63.47	11.91	48.5	39.07	44.15	54.32	29.67	22.12	62.87
24.44	16.1	41.86	26.65	27.89	27.89	21.0	27.89	11.58	5.24	34.6	50.97	28.09	12.45	23.59	31.92	14.66	27.89	33.19	34.86	34.6	4.72	28.09	41.29
20.4	20.52	27.16	45.02	63.16	70.04	18.06	100.0	36.21	19.16	100.0	45.07	20.97	17.28	5.3	63.16	20.5	33.81	57.75	45.07	100.0	20.52	70.04	57.82
34.94	37.6	26.23	37.1	53.55	58.69	11.36	34.18	31.37	24.34	38.08	60.68	47.23	19.09	29.64	29.08	44.56	10.96	50.49	34.37	38.08	17.68	35.7	33.09
44.82	31.67	57.37	35.95	57.37	46.84	29.86	48.24	37.9	48.92	45.47	45.47	35.87	26.89	28.08	40.64	29.29	21.88	48.24	39.83	57.37	40.33	31.25	51.6
51.99	27.37	52.7	11.68	49.88	53.16	8.86	54.42	49.41	51.41	54.42	53.22	68.55	10.65	37.2	53.22	52.7	55.83	49.88	59.07	54.42	21.31	55.18	54.42
17.95	18.81	10.52	40.5	33.55	59.37	39.65	72.63	42.98	14.9	43.1	9.02	31.28	10.05	38.5	48.98	27.97	30.7	54.69	6.31	48.09	36.99	37.76	43.12
2.81	5.37	5.66	9.45	5.84	5.84	2.77	5.84	3.02	5.62	5.84	5.84	5.62	5.62	5.65	5.84	5.66	5.62	5.84	3.02	5.84	5.62	5.62	5.66
100.0	100.0	100.0	70.71	100.0	100.0	100.0	100.0	100.0	100.0	100.0	100.0	100.0	65.8	8.89	100.0	20.56	20.56	46.31	72.93	100.0	10.55	100.0	100.0
53.33	25.63	40.63	30.61	34.31	44.48	11.21	62.27	43.44	44.01	50.46	49.15	33.3	42.74	29.86	34.31	46.16	37.42	58.06	59.26	54.47	15.68	53.81	33.93
21.19	21.0	44.53	15.09	58.38	48.04	17.83	70.77	35.77	35.36	85.79	35.36	23.85	10.42	29.25	44.53	27.36	18.05	38.69	28.93	80.57	16.59	24.03	80.57
27.94	33.27	26.49	36.74	66.78	66.78	23.75	100.0	27.55	7.74	82.45	27.46	27.63	23.53	29.08	34.51	9.71	10.27	21.96	22.82	90.05	14.57	18.18	74.1
67.04	66.9	69.64	32.68	77.84	62.31	67.04	62.42	58.68	29.06	76.41	75.91	53.64	28.59	35.37	49.33	47.73	60.51	35.25	66.9	88.44	66.9	76.07	100.0
2.46	9.09	4.14	4.66	10.33	5.7	8.04	9.85	7.24	2.56	10.09	2.46	2.46	4.14	6.8	8.67	4.3	4.26	4.66	5.7	22.91	4.5	4.89	9.31
4.5	7.19	3.03	2.7	5.14	5.62	4.67	5.29	11.95	3.36	5.03	5.42	3.83	3.68	3.89	4.11	5.42	2.68	3.58	3.36	5.07	4.33	5.24	3.98
7.95	19.79	38.34	25.09	38.34	27.29	19.79	68.4	49.86	4.7	68.4	38.89	36.14	8.78	61.9	56.21	13.64	23.35	36.87	27.0	46.97	11.21	49.86	47.42
23.72	27.94	15.9	19.3	30.32	29.06	26.45	27.98	29.55	29.31	30.0	29.54	25.13	17.84	26.53	27.98	27.48	18.38	25.24	17.29	31.9	25.58	27.7	16.97
5.34	5.96	6.62	7.27	26.22	23.46	11.57	21.08	10.66	16.98	16.28	9.54	17.35	10.25	23.35	15.73	15.13	4.7	26.97	13.66	8.82	7.71	35.57	26.9
31.83	23.55	54.03	33.74	51.99	49.78	39.79	70.83	33.03	30.32	67.14	39.28	55.49	42.83	37.66	48.46	61.71	29.63	48.39	68.43	49.78	43.0	52.61	51.99
23.41	36.07	42.43	38.96	62.86	48.55	36.01	47.58	43.05	35.56	37.99	46.14	26.57	27.61	35.73	42.12	62.89	37.54	47.57	32.64	38.72	26.73	50.55	25.97
7.52	27.98	37.89	27.59	31.18	41.15	7.0	44.47	15.6	19.89	70.41	21.84	20.87	31.8	23.69	19.38	27.12	13.3	17.32	27.46	52.92	26.74	17.0	38.79
18.34	18.95	51.78	37.92	36.9	18.88	17.63	51.78	36.9	19.45	39.08	39.08	17.06	8.79	24.41	18.88	8.56	8.13	38.54	45.02	18.95	15.07	23.29	18.95
20.53	24.7	38.92	32.36	53.15	35.97	13.8	39.2	49.6	23.01	39.2	38.68	30.14	3.91	31.96	32.64	32.41	36.13	30.94	30.44	53.15	10.22	59.34	44.71
29.5	11.02	12.61	57.07	29.5	29.5	29.5	58.59	12.61	11.02	58.59	12.19	12.19	15.58	9.78	12.61	21.14	28.65	10.71	28.65	57.07	22.65	12.19	12.19
8.95	11.57	27.62	38.57	52.18	33.53	19.08	42.82	25.43	22.33	42.82	44.13	16.78	7.79	7.73	10.65	29.47	7.67	25.85	10.49	52.18	6.4	25.43	44.22
10.62	6.84	10.41	23.61	41.26	13.22	7.72	49.41	13.22	19.29	55.39	15.37	13.17	9.85	6.52	13.08	24.95	25.82	29.53	12.93	12.96	6.37	13.79	15.09
24.71	39.83	26.91	22.24	24.74	27.09	26.91	46.6	39.83	18.21	73.49	54.52	24.71	27.09	18.21	76.92	24.71	29.5	24.81	24.38	100.0	24.74	20.45	29.5
4.98	18.21	8.54	19.56	17.14	29.87	3.71	27.92	1.95	3.49	28.98	4.55	4.87	8.53	9.54	17.54	3.99	4.18	9.58	3.86	27.92	3.85	15.03	28.98
34.39	48.33	89.32	100.0	100.0	100.0	33.93	100.0	100.0	68.75	100.0	100.0	69.89	68.75	53.28	100.0	43.67	24.02	63.4	100.0	100.0	80.71	100.0	100.0
28.26	49.64	48.98	43.55	52.53	56.67	24.21	61.43	39.84	37.4	58.32	52.94	44.98	33.91	42.34	37.7	37.21	28.28	28.92	47.05	52.14	43.24	56.76	33.46
4.89	14.98	54.5	2.27	62.47	54.5	10.26	62.47	51.61	22.37	100.0	59.23	33.55	2.05	30.67	62.47	16.13	4.1	41.8	22.76	62.47	2.11	41.86	52.51
19.56	21.65	32.64	29.66	67.03	31.18	32.64	64.75	27.67	22.23	49.74	37.5	21.65	11.12	45.26	38.5	38.5	39.83	35.42	49.74	59.23	32.64	35.42	76.12
13.51	13.79	13.07	76.12	30.13	65.92	13.79	76.12	13.07	15.73	65.92	29.78	13.22	12.5	10.88	15.26	19.67	13.79	41.25	7.84	50.17	7.84	37.6	13.18
13.02	14.04	12.47	14.77	41.47	42.34	13.02	52.82	18.65	12.98	42.35	16.4	14.04	14.19	13.19	14.28	13.76	26.15	16.45	14.92	36.34	13.02	18.12	40.49
36.17	20.11	52.04	100.0	59.29	88.07	15.41	100.0	29.57	51.92	100.0	59.29	31.17	43.77	56.43	59.29	59.29	35.79	43.52	37.46	100.0	17.3	59.29	59.29
8.81	13.91	13.17	12.97	14.93	35.22	11.87	76.66	11.61	11.94	77.08	11.92	11.64	12.3	6.7	15.38	14.54	14.06	13.35	27.58	83.12	5.92	10.51	10.44
2.43	22.05	45.65	28.53	28.12	55.0	19.52	52.75	11.64	9.67	46.15	29.15	45.65	6.02	2.35	66.54	18.46	28.43	48.13	6.92	41.43	16.75	45.65	69.8
32.6	33.1	34.54	17.45	26.64	37.95	19.94	26.64	20.26	18.04	46.64	27.41	20.52	41.47	17.31	21.17	21.49	20.04	34.67	26.19	46.64	16.17	20.87	46.01
9.67	58.64	13.16	18.76	18.76	14.88	32.62	18.76	14.81	18.76	14.81	40.05	32.62	15.52	8.08	18.76	40.05	40.05	40.05	43.6	18.76	13.11	43.6	86.66
51.31	52.05	56.72	52.05	50.3	56.0	28.88	52.69	43.77	29.91	55.04	49.76	29.49	48.15	30.49	41.38	56.0	23.94	32.6	44.0	48.55	37.96	32.6	63.55
21.52	22.63	11.76	47.22	40.98	30.78	8.98	70.15	31.38	37.4	49.4	35.38	26.1	50.19	7.13	42.12	32.98	7.94	40.68	11.73	60.75	23.3	22.87	63.66
79.38	79.38	44.19	100.0	47.76	100.0	78.98	100.0	86.05	86.05	86.05	86.05	26.94	43.98	86.05	86.05	76.17	67.85	86.05	86.46	100.0	100.0	100.0	86.05
79.38	79.38	38.08	65.96	86.05	100.0	86.05	100.0	86.05	68.47	86.05	86.05	86.05	43.98	78.16	40.71	86.05	86.05	86.05	52.45	100.0	100.0	75.01	86.05
29.99	42.01	38.9	30.42	43.18	39.46	26.21	43.18	35.96	26.08	37.45	52.08	38.62	36.85	28.5	45.59	46.31	19.39	30.47	32.81	30.47	29.99	46.95	29.15
21.92	23.44	24.65	30.71	70.3	43.1	15.41	61.0	46.56	36.43	18.0	29.03	12.93	42.77	8.67	56.33	27.34	15.01	28.46	41.66	29.61	30.6	5.31	28.94
10.08	24.0	13.57	14.64	10.72	11.6	12.91	19.99	12.18	15.32	12.9	17.89	27.15	11.13	8.84	23.3	14.64	10.72	15.49	16.22	23.71	14.27	33.71	30.9
10.34	32.6	28.99	31.7	31.7	28.89	35.79	36.66	44.8	5.35	37.54	31.68	32.26	43.75	36.39	47.16	25.03	16.24	31.7	51.7	41.95	23.91	47.94	39.67
12.3	11.38	47.05	13.79	24.83	20.92	20.15	57.07	33.81	18.6	38.2	24.3	19.8	12.53	14.07	20.92	18.19	13.6	37.46	11.38	43.08	10.12	24.43	24.43
30.22	16.79	53.96	30.67	55.28	35.47	13.76	66.93	33.35	29.56	48.71	33.2	35.99	55.75	48.63	43.16	31.97	12.74	22.57	51.99	66.52	15.02	47.03	66.52
64.81	56.14	78.12	73.05	90.96	73.05	27.81	100.0	46.95	36.57	81.67	78.12	51.61	47.99	42.21	74.56	90.96	8.33	68.42	81.67	90.96	37.45	55.07	57.24
20.09	7.29	33.18	24.32	48.41	36.19	4.27	45.67	24.32	26.57	59.53	49.61	24.04	12.75	20.15	24.04	32.44	20.35	27.79	7.35	70.33	16.14	24.32	33.18
53.57	53.82	40.41	52.06	46.18	56.44	35.02	59.24	37.77	21.8	59.24	54.3	51.54	19.96	30.9	40.41	46.18	48.83	54.3	62.66	54.3	56.44	39.05	68.52
27.45	26.67	32.92	49.78	49.74	49.74	22.67	49.91	44.55	34.29	45.04	65.27	47.99	24.31	32.01	53.01	33.42	33.07	28.23	28.4	40.82	21.38	38.55	31.55
10.27	11.0	60.95	21.45	100.0	54.03	16.35	100.0	11.41	6.61	100.0	47.06	23.64	55.44	6.95	13.4	7.08	7.26	19.55	13.28	80.59	18.55	19.76	66.95
47.85	33.55	92.35	78.53	72.4	72.4	23.18	65.57	46.12	49.52	72.4	57.55	25.48	5.43	32.77	64.64	52.57	42.18	51.6	37.43	65.57	15.61	38.56	57.55
29.82	29.27	27.97	30.7	58.34	55.49	31.82	68.39	31.28	29.27	87.39	29.27	29.27	39.42	24.18	58.34	51.23	29.27	20.09	17.54	64.87	15.45	27.27	70.4
12.55	12.55	10.13	12.55	12.55	12.55	8.49	12.55	12.55	12.55	12.55	12.55	12.55	12.07	12.55	12.55	12.55	10.13	10.6	12.55	12.55	12.55	12.55	9.98
11.47	12.98	12.66	30.62	40.36	35.8	14.65	56.74	8.94	12.82	53.87	18.13	13.88	9.76	17.62	25.92	19.02	8.73	19.57	31.34	59.57	25.39	19.69	50.28
34.33	36.89	60.84	36.97	55.75	60.84	38.79	64.33	41.47	32.17	34.2	50.41	42.9	27.75	35.46	61.59	28.91	14.15	38.49	59.7	56.43	49.76	57.16	55.75
32.38	16.54	13.61	15.06	47.27	47.27	9.33	47.27	6.44	7.14	47.27	10.67	7.77	19.82	43.82	37.95	37.6	12.57	37.03	21.51	78.82	7.21	9.33	47.27
43.36	44.08	15.73	34.85	14.99	16.26	15.15	58.59	23.71	15.73	29.5	40.9	23.71	43.82	23.71	15.73	27.09	10.71	24.38	24.71	16.26	14.32	48.33	42.12
14.2	38.44	47.69	47.69	52.33	53.98	26.52	63.53	49.83	20.09	40.32	38.38	45.87	20.79	53.02	60.68	22.3	29.11	33.42	30.35	46.87	15.03	45.87	50.21
7.4	40.53	29.26	40.53	30.13	29.26	16.06	37.03	29.26	29.26	38.5	33.16	40.53	29.26	22.54	29.26	30.13	29.26	29.26	30.58	30.13	14.04	29.26	30.13
50.26	42.82	45.0	38.65	61.97	64.28	12.34	83.75	37.2	32.23	82.82	43.49	34.89	51.86	26.36	32.95	37.97	35.35	33.01	39.95	66.22	29.36	23.11	63.36
49.0	47.87	58.04	65.41	53.36	55.7	40.81	66.51	53.54	49.71	69.73	56.91	56.4	62.89	42.24	46.37	63.96	51.58	40.92	53.84	72.24	43.97	62.48	53.58
22.55	31.3	47.32	45.3	57.25	37.65	23.25	43.3	39.71	41.19	53.69	30.18	31.22	43.95	40.98	22.22	30.74	45.13	30.3	7.52	48.96	34.52	40.59	55.64
30.59	31.55	41.17	21.73	42.34	65.26	35.45	80.23	35.54	4.7	71.34	54.22	36.64	19.52	20.71	41.45	38.71	44.32	39.25	29.61	64.68	13.1	45.01	33.8
7.5	3.38	10.29	22.06	17.26	61.51	8.38	56.42	6.5	10.73	63.34	22.02	10.63	25.56	11.43	11.44	9.88	6.93	12.27	7.99	61.86	6.09	21.81	39.49
36.33	40.29	47.55	48.09	24.65	62.27	31.9	100.0	14.59	23.71	100.0	24.34	29.69	15.29	8.77	41.64	27.65	26.3	22.83	24.34	47.1	10.11	28.41	57.07
9.86	11.73	11.39	8.91	28.56	20.32	12.61	22.42	11.39	17.47	22.42	22.42	18.36	4.46	13.26	17.83	8.74	8.45	20.32	5.94	22.42	5.0	11.39	22.42
32.14	35.22	40.93	15.55	100.0	54.48	12.63	100.0	31.55	30.93	100.0	27.75	31.55	28.48	31.86	42.17	31.55	33.0	11.12	23.05	77.39	28.48	35.22	100.0
12.92	7.25	27.95	31.68	23.76	39.05	3.32	27.95	18.13	6.46	100.0	16.61	7.32	5.54	23.76	27.95	16.91	15.65	27.13	5.43	43.96	2.7	5.58	43.96
16.68	51.84	68.88	68.88	68.88	100.0	43.59	100.0	57.78	57.78	100.0	50.89	57.78	43.59	48.84	68.88	57.78	51.84	62.73	23.42	100.0	35.99	68.88	100.0
7.38	16.16	46.84	27.18	83.44	52.74	9.59	86.56	38.2	13.6	100.0	46.84	23.25	8.17	9.04	56.96	52.74	21.48	47.77	20.52	100.0	2.35	47.77	100.0
9.87	9.64	82.57	22.93	90.21	49.42	17.73	52.9	30.34	26.37	66.61	11.92	9.87	21.78	34.85	34.8	26.57	25.92	34.64	9.88	51.03	27.6	10.84	41.29
13.83	9.24	63.44	8.23	11.25	36.62	13.23	63.44	7.16	10.52	54.45	54.45	15.54	53.72	5.91	54.45	36.62	6.44	54.45	53.17	46.05	33.89	54.45	63.44
15.73	26.58	4.5	8.61	37.7	37.7	4.62	14.99	39.24	8.61	53.11	26.2	4.79	26.2	15.15	15.15	4.84	10.6	4.5	4.83	37.7	22.24	37.7	53.11
17.88	30.62	18.92	22.25	22.8	19.11	10.88	31.29	19.08	24.81	23.18	20.4	15.91	27.94	14.21	23.18	14.01	18.92	22.25	18.92	28.21	17.58	22.25	18.24
11.4	17.01	10.72	12.81	22.42	13.31	8.38	21.44	10.67	6.28	25.04	17.69	6.24	4.55	8.83	11.66	16.85	6.94	18.38	13.6	15.92	11.22	6.95	14.2
44.65	29.82	34.54	56.01	77.22	66.72	22.33	62.01	68.48	37.84	62.01	62.47	45.0	45.0	32.14	34.47	45.73	27.02	44.75	19.86	77.22	23.61	61.42	73.44
31.51	36.18	17.85	30.06	38.43	18.19	21.01	28.48	13.89	16.7	56.74	32.84	20.68	36.0	16.03	42.92	33.61	19.1	34.42	52.33	21.7	16.27	18.57	38.77
49.41	50.8	62.53	61.65	72.53	57.75	56.59	81.35	65.69	59.03	74.16	62.91	60.33	52.28	50.19	55.99	65.87	31.82	46.71	40.26	70.85	49.64	63.36	86.21
44.12	44.12	39.2	35.09	50.19	39.14	48.01	39.2	39.75	6.27	42.18	39.2	31.04	23.31	32.49	31.36	46.36	42.18	39.14	30.49	54.27	5.31	40.13	54.27
19.78	46.21	49.79	58.38	92.47	49.79	30.1	40.94	32.01	28.73	65.33	31.07	31.07	56.1	34.6	41.15	50.99	40.25	38.37	40.96	47.25	31.76	32.01	30.42
47.68	41.69	47.67	46.49	47.09	48.5	40.6	80.73	47.1	39.47	80.73	47.09	46.49	35.9	40.53	49.07	36.68	37.66	47.67	47.09	70.35	40.6	47.04	41.29
26.08	28.88	38.01	38.26	51.49	50.26	47.5	92.35	44.71	42.14	92.35	36.06	30.95	44.85	26.03	43.75	37.28	18.58	38.55	49.03	52.02	49.12	41.58	52.16
13.24	13.67	33.55	16.61	52.18	35.46	17.26	87.25	18.73	13.97	59.62	12.96	10.14	8.9	23.99	18.25	14.34	16.89	21.22	17.58	42.17	13.46	14.69	49.66
63.16	51.93	63.16	70.17	63.16	63.16	41.72	74.19	63.16	70.17	100.0	63.16	48.33	63.16	70.17	63.16	43.67	70.17	46.92	63.16	74.19	70.17	70.17	63.16
49.62	43.85	58.57	41.18	58.57	61.19	11.33	50.44	44.82	34.82	47.36	58.57	10.9	20.61	33.12	53.07	62.36	39.65	2.92	53.07	47.36	41.21	9.85	58.57
6.7	8.68	16.51	14.78	11.94	16.04	8.81	12.28	10.91	9.09	11.62	10.76	9.22	13.4	8.71	14.41	10.59	11.76	10.9	7.3	11.62	9.22	8.81	14.22
12.01	22.3	19.26	20.52	34.31	19.77	14.75	35.44	31.28	28.82	29.27	28.39	20.52	24.4	13.98	19.86	19.26	13.82	10.33	23.48	18.97	10.27	36.83	28.31
46.05	47.28	84.24	40.98	62.98	62.98	12.45	84.24	57.58	26.91	84.24	57.58	49.13	26.91	42.11	57.58	62.98	11.11	13.83	20.27	62.98	15.13	26.91	62.98
23.17	15.06	9.85	17.06	46.78	45.59	14.15	51.39	26.57	9.41	34.19	45.76	9.97	11.21	39.12	46.78	13.63	4.31	29.92	53.31	42.75	17.67	28.7	37.9
32.24	41.35	47.91	17.02	48.6	44.21	30.77	47.91	31.01	32.55	42.6	47.0	39.05	33.94	33.06	30.44	41.76	33.26	29.57	28.24	45.42	36.85	39.42	50.58
4.98	8.66	8.86	18.2	52.62	43.87	7.69	86.56	41.23	28.49	100.0	13.7	1.99	14.34	2.49	39.22	30.17	10.06	31.75	10.87	54.5	3.8	11.38	13.7
21.42	12.95	23.15	35.99	50.71	22.87	23.63	46.07	18.74	19.17	48.09	35.19	22.3	6.32	29.62	37.08	6.96	19.13	25.18	5.93	64.91	6.02	21.74	50.71
9.23	20.88	20.33	35.36	35.93	34.97	6.84	37.8	29.42	6.76	37.8	35.42	10.92	7.51	13.52	35.93	24.03	13.54	39.35	26.44	42.97	18.61	22.07	36.42
22.61	24.08	21.31	12.04	22.61	5.75	6.05	4.81	24.62	9.88	5.4	22.61	16.54	9.31	8.64	24.08	24.08	24.08	10.12	22.61	5.09	23.83	10.52	22.61
9.52	8.84	8.75	16.4	39.52	15.44	16.9	48.65	28.09	14.65	35.61	14.65	23.31	18.64	9.49	15.54	6.83	5.45	20.62	18.47	43.31	8.71	23.3	27.31
5.26	4.31	8.71	13.83	32.14	29.69	17.14	37.32	31.16	6.27	21.9	18.53	26.23	14.65	4.18	15.42	4.09	14.24	41.59	17.58	5.29	11.2	18.5	21.63
20.33	49.46	42.06	34.32	34.33	37.38	15.45	43.25	56.08	27.5	43.25	50.73	42.59	35.09	41.82	25.23	33.46	35.56	34.78	21.07	54.9	25.23	34.32	37.95
4.34	26.05	38.47	31.79	31.21	38.47	4.21	43.18	30.14	2.06	13.3	3.52	7.56	35.57	25.27	60.23	11.12	2.0	3.65	4.79	15.53	6.79	4.55	43.85
13.91	8.23	8.16	17.33	33.7	8.96	7.44	8.16	32.92	14.22	40.05	29.15	14.31	13.11	19.62	64.72	13.4	33.81	27.13	50.31	32.92	14.22	13.4	17.64
5.03	68.66	60.43	44.86	87.47	73.63	69.77	87.47	24.48	63.67	87.47	59.77	54.62	10.71	51.99	73.63	34.62	8.18	28.75	9.97	87.47	30.48	73.63	50.77
32.7	21.14	23.75	19.26	36.61	25.51	19.0	23.91	37.81	14.76	27.96	23.63	29.4	19.57	12.27	29.97	24.31	21.88	32.02	25.57	31.61	22.9	28.45	31.61
5.06	5.19	7.04	16.17	18.53	8.06	6.14	11.22	17.54	9.36	9.02	8.19	10.73	5.51	5.81	19.26	5.3	5.61	5.72	4.74	8.85	3.52	11.43	9.03
47.59	59.81	48.46	46.96	68.42	42.67	49.82	100.0	47.9	32.83	90.25	41.33	51.68	36.38	76.96	60.95	73.32	63.22	41.65	28.81	100.0	12.82	67.74	55.24
27.21	26.02	54.02	29.63	42.46	40.16	12.4	57.31	12.4	27.21	42.46	47.63	57.31	25.89	22.91	43.11	13.4	27.21	27.21	36.34	57.31	34.23	36.37	57.31
29.33	19.49	28.78	39.16	38.24	48.74	31.04	89.02	51.4	38.05	93.64	39.6	26.79	24.96	41.48	73.17	37.37	28.84	47.56	54.18	77.82	43.71	38.09	64.17
7.5	20.22	4.97	16.56	20.42	23.25	19.42	18.66	15.37	17.13	37.23	20.23	14.86	23.45	14.01	18.81	17.59	22.96	17.43	7.11	38.91	16.85	20.98	18.22
15.37	15.51	15.06	18.15	15.06	15.06	8.76	15.06	13.56	36.76	18.15	18.15	15.34	15.06	24.56	15.51	15.34	14.83	15.06	15.06	8.51	25.44	25.38	8.51
48.33	29.0	38.16	80.71	80.71	80.71	26.31	50.27	48.33	48.33	50.27	80.71	48.33	48.33	48.33	16.81	29.0	38.16	80.71	48.33	50.27	59.0	59.0	50.27
26.94	6.07	31.96	29.19	65.08	54.3	5.12	80.41	33.87	30.39	43.91	24.77	14.56	9.56	17.9	25.21	24.77	5.93	6.52	19.05	62.57	18.6	15.49	47.73
47.09	64.23	57.57	57.57	57.57	76.25	46.15	83.2	51.18	64.23	83.2	64.23	39.21	40.16	48.46	57.57	61.3	57.63	57.57	57.57	76.25	69.65	53.37	57.57
28.11	46.37	49.13	64.5	69.98	100.0	72.72	62.63	57.31	47.86	78.25	64.5	46.83	19.25	42.09	72.72	41.69	35.24	38.99	30.93	69.98	37.03	46.83	69.98
34.67	18.75	62.77	18.79	83.23	100.0	9.66	100.0	45.78	14.63	100.0	77.84	12.41	38.36	23.01	41.49	19.62	18.26	21.81	67.81	100.0	24.77	56.81	100.0
38.89	38.08	53.77	59.44	65.06	50.83	37.41	75.56	47.85	25.67	75.56	60.94	60.94	45.51	32.55	57.42	55.13	55.89	35.73	71.87	71.98	36.34	52.52	84.21
33.06	33.0	39.69	31.65	37.76	38.87	31.11	81.43	31.65	25.68	81.43	39.24	31.11	31.23	26.28	6.2	28.76	38.66	31.31	38.4	41.16	27.83	36.85	60.48
47.32	44.18	70.51	30.37	61.85	80.93	38.93	70.51	52.0	47.87	80.93	70.51	41.43	13.4	38.46	47.32	53.91	5.04	52.17	74.59	63.95	8.03	39.46	37.62
4.44	12.78	13.59	17.23	22.1	23.65	11.82	12.46	5.01	11.09	15.6	9.93	11.51	10.67	17.17	20.98	17.98	4.76	11.73	4.64	12.2	9.23	12.16	30.86
29.66	27.33	57.5	42.13	33.29	49.91	14.99	69.56	26.14	9.05	51.33	47.22	25.75	32.59	23.65	44.06	32.87	18.03	46.73	17.27	60.66	24.6	31.82	57.5
6.18	11.21	27.87	15.0	47.66	36.95	12.89	34.31	20.66	12.11	38.93	20.66	16.8	21.22	22.01	16.59	12.66	27.82	19.91	8.59	36.04	4.19	21.01	36.04
56.1	68.88	84.92	68.88	56.1	68.88	30.27	100.0	72.84	72.84	86.64	84.92	70.94	29.15	25.36	84.92	56.1	72.84	56.1	50.95	100.0	59.09	68.88	100.0
20.78	19.69	53.77	27.49	84.92	62.95	15.77	100.0	25.54	14.53	60.26	58.02	15.09	17.73	21.69	39.04	28.53	26.15	34.61	50.02	84.92	15.77	14.64	70.4
8.48	8.93	9.85	10.36	18.78	20.88	15.84	51.36	4.9	5.78	36.97	6.15	16.17	2.7	7.67	19.16	12.32	8.24	9.85	13.63	31.99	8.71	9.61	26.57
25.55	27.73	37.46	31.32	34.42	39.81	29.93	27.78	36.7	26.79	41.8	30.23	30.23	30.17	10.05	36.96	35.86	35.91	30.16	30.51	34.42	33.22	29.91	33.57
11.05	11.67	22.42	26.32	26.0	25.97	9.44	43.17	14.46	15.88	42.73	33.5	10.44	11.7	27.88	28.39	17.68	8.58	36.29	15.09	31.28	20.31	16.36	26.32
7.19	7.19	8.77	13.83	14.25	19.77	8.23	9.38	7.22	8.84	28.79	8.84	8.84	13.32	5.73	7.19	6.69	7.19	14.25	16.32	8.84	13.92	8.84	28.79
15.28	14.99	7.11	20.96	27.91	20.32	7.02	68.87	4.35	4.16	78.75	10.11	3.88	16.64	13.8	24.8	4.04	7.61	6.18	10.91	81.67	3.19	7.01	7.48
51.72	46.95	54.58	34.06	67.31	58.88	38.65	44.55	39.27	19.63	60.32	60.34	32.37	35.43	38.58	60.89	46.58	27.06	43.74	53.68	53.85	26.27	77.69	58.01
3.04	11.31	20.15	15.91	53.08	35.22	4.71	61.48	57.91	8.56	57.91	58.22	16.45	40.05	22.87	50.44	22.79	40.52	33.81	3.36	61.28	5.75	16.45	57.91
35.51	37.7	32.85	46.71	38.49	40.75	42.74	80.96	41.46	30.29	43.48	36.39	31.45	11.18	43.35	43.48	40.47	34.39	35.6	32.86	35.06	33.04	37.82	35.06
37.82	37.7	32.85	39.52	43.48	40.75	46.77	70.62	39.37	28.78	42.95	43.48	46.77	11.18	34.99	42.57	48.47	39.12	36.44	27.95	44.95	34.0	30.42	45.27
14.38	43.43	61.4	47.56	40.49	37.58	12.38	77.14	29.04	13.6	51.32	23.56	28.76	8.42	27.85	21.66	5.17	9.17	8.64	26.16	52.03	10.41	55.87	16.69
9.55	16.66	30.66	19.54	37.46	16.48	17.86	18.56	6.96	25.44	12.86	34.61	16.17	9.01	4.68	30.58	8.85	21.22	16.22	31.65	18.56	25.45	15.82	33.0
26.24	29.11	27.75	29.11	45.73	48.09	22.65	48.09	29.11	15.92	61.51	40.28	23.42	20.31	24.34	27.24	27.53	26.7	29.11	32.89	48.09	34.71	21.27	48.09
16.81	29.53	38.19	31.06	58.55	37.15	15.54	88.22	37.57	18.53	49.46	37.27	24.71	26.96	28.32	56.34	31.49	18.78	29.12	11.04	50.74	24.95	39.19	59.64
14.74	19.44	39.34	17.89	45.36	36.03	30.89	40.02	34.38	29.12	32.56	32.33	37.38	29.68	19.3	38.27	26.79	25.84	19.56	8.1	38.92	12.01	30.32	40.21
7.2	15.47	33.41	19.39	23.83	47.96	8.93	64.15	24.74	21.14	45.51	37.53	26.09	41.74	13.61	37.01	16.17	12.67	10.84	14.61	44.02	11.05	9.35	53.59
8.28	7.95	32.69	24.87	12.26	8.97	8.67	14.61	8.46	23.93	8.92	21.34	13.52	5.36	9.61	15.6	15.82	21.8	2.29	34.53	8.69	14.96	37.95	8.69
12.32	8.4	42.67	18.28	30.75	43.71	10.19	94.0	21.82	12.0	83.23	14.13	23.45	11.48	21.96	34.93	17.37	15.59	20.69	14.51	50.95	11.23	12.15	32.39
9.3	19.86	47.91	12.31	46.01	49.99	7.71	100.0	27.21	12.79	85.83	11.9	13.98	18.97	26.7	47.43	20.21	37.13	23.24	22.49	85.83	23.03	23.47	27.19
3.38	7.9	4.27	3.35	7.36	3.66	13.77	15.5	3.45	4.84	7.83	7.76	5.28	3.16	5.65	3.88	7.28	3.72	4.82	4.41	17.17	4.52	12.0	1.99
8.55	12.93	27.71	15.82	15.85	25.72	21.72	63.19	20.4	12.29	65.58	8.38	16.44	18.53	10.2	10.86	10.32	17.29	10.63	12.67	27.72	17.4	23.92	44.68
10.24	32.59	21.53	40.34	30.22	31.58	24.3	25.19	32.31	7.6	25.38	33.65	19.21	5.58	19.51	33.65	12.29	13.97	9.35	24.6	39.79	17.0	22.12	38.22
9.03	17.57	13.73	29.16	32.24	44.41	18.5	34.6	15.78	12.71	15.91	13.73	18.56	49.7	13.83	56.78	13.83	8.53	12.79	15.12	18.36	20.19	17.92	32.15
6.3	33.89	30.37	34.46	30.4	70.12	27.23	58.88	10.15	10.14	70.12	80.03	18.84	15.82	12.04	13.83	21.41	18.0	39.92	37.26	70.12	9.84	59.59	44.29
13.68	13.68	7.17	8.53	31.65	25.22	10.55	32.41	20.04	11.95	25.22	19.39	11.37	59.09	11.7	22.92	7.74	6.27	7.11	65.03	34.05	17.06	7.48	19.97
11.37	19.36	6.31	7.08	33.16	33.1	10.2	42.18	29.93	8.64	33.16	10.51	4.73	13.27	10.84	21.42	9.37	9.94	23.87	8.08	29.84	8.42	12.78	27.64
3.99	24.34	24.34	71.45	88.08	69.01	14.67	88.08	48.18	24.37	88.08	50.49	24.34	12.96	28.05	69.01	54.52	61.8	61.8	3.26	69.01	17.2	24.92	88.08
10.82	5.44	21.26	16.46	40.29	40.29	9.33	44.44	15.12	6.84	44.44	19.46	42.26	40.98	6.41	15.07	38.49	10.7	40.29	20.47	44.44	10.67	15.42	39.65
35.23	39.21	31.69	26.8	55.86	55.86	23.8	31.69	32.37	32.23	55.86	50.67	30.42	22.74	24.04	31.01	34.21	27.73	34.21	34.74	55.86	17.28	34.21	69.02
49.86	23.48	64.25	50.53	52.79	36.83	23.58	40.19	12.09	52.02	40.19	34.87	21.38	35.77	13.33	43.72	70.63	70.63	49.86	35.41	22.38	26.51	34.12	9.45
10.25	26.44	17.96	28.92	17.96	33.2	29.73	32.17	36.65	17.73	36.98	18.33	36.65	26.41	20.97	25.1	14.68	14.68	16.04	7.79	28.86	22.97	24.88	18.22
22.31	15.12	13.99	8.77	23.48	29.97	23.77	22.9	15.48	9.52	32.18	21.37	31.15	21.32	24.96	29.59	23.22	17.9	21.99	41.96	23.48	14.2	31.53	30.3
12.62	16.19	38.28	38.61	34.4	43.31	8.48	45.04	45.52	13.41	32.19	17.87	25.39	18.04	23.03	43.1	36.65	34.82	39.79	37.86	41.85	15.44	35.73	37.38
6.48	10.75	66.14	20.02	40.58	23.55	5.14	34.86	21.62	4.86	42.26	44.44	15.86	33.9	7.23	27.41	35.71	10.09	6.2	14.23	40.58	18.77	11.57	5.78
50.19	36.93	54.35	40.26	55.43	73.15	21.04	56.76	35.68	30.26	61.24	68.43	49.43	45.1	22.34	61.53	38.1	11.91	12.03	38.29	78.76	47.91	43.12	76.49
57.78	57.78	46.1	74.44	74.44	46.1	18.7	74.44	74.44	39.52	74.44	74.44	74.44	47.91	47.0	46.1	74.44	62.73	46.1	25.01	74.44	24.2	74.44	74.44
15.2	23.08	36.62	34.51	34.51	34.51	21.67	36.62	23.08	17.43	34.51	10.74	4.81	12.51	22.34	13.45	20.43	10.58	5.82	18.0	36.62	2.27	15.94	34.51
15.8	14.83	31.75	23.67	6.65	21.15	17.34	25.6	15.4	17.64	45.77	25.1	8.92	20.88	10.9	18.54	15.81	12.07	27.59	6.61	30.8	2.68	15.62	30.69
17.53	33.56	12.81	12.96	40.18	54.43	12.79	54.43	53.9	12.54	54.3	28.31	17.65	10.22	13.51	44.13	39.18	23.28	36.63	32.79	47.88	7.54	22.56	24.87
23.59	25.7	45.04	33.88	33.35	48.18	29.6	58.39	33.59	16.19	73.93	22.47	22.83	20.74	8.65	24.76	24.23	11.91	25.32	28.67	72.08	18.86	9.96	82.01
13.77	35.07	36.14	41.17	53.5	51.3	38.32	100.0	15.98	19.09	66.36	30.74	26.38	33.49	17.66	57.34	36.07	33.44	30.27	7.77	90.22	23.17	10.29	68.98
10.33	11.53	14.73	16.2	16.66	18.44	9.74	17.67	13.32	11.24	33.96	14.04	15.55	14.99	10.53	14.67	15.32	13.47	14.06	15.02	19.21	11.27	11.41	16.52
36.62	26.58	12.45	15.31	37.6	32.56	12.94	21.02	30.13	24.74	37.6	34.39	27.67	15.91	15.07	30.13	30.93	28.92	13.26	12.87	21.02	8.49	26.58	49.74
14.25	20.01	46.95	43.5	43.41	58.46	11.92	33.89	19.36	23.91	50.4	33.49	14.23	25.17	5.51	47.14	46.22	13.42	28.96	38.61	50.4	7.85	16.11	46.02
13.76	17.67	9.33	14.05	26.72	21.07	4.52	40.05	43.18	12.88	41.22	35.82	30.5	9.62	21.63	30.12	28.84	24.67	30.09	22.5	47.32	10.19	29.89	26.29
4.81	42.9	60.84	60.51	51.36	56.18	67.51	100.0	42.66	58.68	36.35	40.99	49.54	36.99	51.31	67.25	50.54	39.77	48.2	6.24	75.91	33.48	58.68	48.68
8.3	13.4	59.37	18.02	45.81	56.29	8.89	50.87	31.46	10.8	41.57	28.33	8.94	27.65	26.87	37.29	22.18	30.89	27.63	7.86	29.79	15.0	28.18	50.87
29.4	23.2	30.83	32.12	33.76	52.94	19.95	48.06	24.86	23.87	48.06	39.68	42.79	19.91	35.83	40.05	25.51	31.44	29.88	16.16	43.03	33.55	35.68	32.01
32.56	2.84	59.15	69.31	69.31	61.15	59.66	69.31	31.61	10.05	69.31	69.31	75.39	75.39	32.64	69.31	66.52	22.16	50.17	69.31	69.31	22.72	50.93	50.93
7.36	25.75	18.95	10.93	44.08	42.12	8.23	80.71	13.83	13.38	100.0	31.61	15.73	10.6	10.31	42.12	8.79	31.61	38.72	34.39	80.71	13.83	22.23	100.0
48.2	25.38	33.02	47.54	51.97	62.96	53.48	63.26	29.38	22.14	60.9	49.34	37.12	39.69	28.5	43.64	44.69	32.59	49.34	54.03	73.15	39.77	48.73	60.9
13.14	13.08	19.48	19.48	20.16	20.16	15.72	20.16	19.48	14.94	20.16	20.16	19.48	22.04	20.61	20.16	14.01	8.86	20.16	14.51	20.16	13.26	19.48	20.16
30.77	37.07	19.52	26.77	24.82	33.6	28.34	17.71	26.29	23.51	32.55	32.71	28.43	35.64	22.48	34.98	31.76	16.63	24.34	30.92	33.06	34.6	26.98	33.4
67.3	67.3	25.4	67.3	72.72	72.72	11.25	83.86	78.25	56.77	72.42	72.72	72.72	56.22	36.62	72.72	72.72	67.3	48.42	72.72	100.0	67.3	67.3	100.0
17.83	6.75	2.36	9.72	2.39	9.94	1.96	27.02	8.76	4.41	9.58	2.39	8.25	12.93	13.07	2.46	7.76	2.69	8.84	9.96	12.24	7.13	5.5	23.8
28.49	15.73	64.42	19.29	54.48	44.65	16.46	54.48	16.77	12.1	64.14	44.75	19.62	24.19	18.43	54.48	58.94	19.7	54.48	43.72	41.86	43.72	28.69	44.75
26.23	26.74	37.96	21.58	30.56	32.98	23.28	33.57	22.54	28.51	42.33	35.49	26.53	29.39	27.16	32.07	25.53	28.11	18.93	33.62	44.04	21.89	8.86	28.05
4.22	42.74	47.25	40.74	48.93	48.93	7.93	47.25	33.62	38.36	26.1	51.47	28.07	26.24	22.24	29.15	34.89	22.63	26.54	37.57	28.01	21.89	47.59	26.1
29.61	51.92	53.87	26.51	39.02	68.48	10.08	90.36	51.09	27.06	74.17	48.46	8.22	44.23	35.35	90.36	27.85	49.25	72.0	21.89	90.36	30.61	30.6	88.07
51.21	66.44	66.44	65.74	78.39	52.76	36.86	91.32	36.65	46.01	91.32	56.5	20.29	47.55	52.05	66.44	41.05	41.05	50.66	56.44	78.39	51.06	57.14	11.69
29.7	35.55	55.09	34.29	59.19	57.66	41.17	63.19	43.66	17.29	52.92	51.33	35.71	30.32	40.97	43.9	35.86	39.89	34.14	48.73	52.92	18.15	44.26	35.93
11.58	25.31	38.36	18.63	45.93	48.14	15.19	45.93	47.9	37.66	45.93	24.83	17.38	26.76	21.87	43.75	26.87	25.75	36.01	22.92	53.4	24.24	25.31	24.65
11.36	13.76	39.05	31.75	32.6	32.13	24.18	35.23	16.56	19.16	36.52	30.63	21.2	30.7	15.88	7.83	28.14	15.29	11.81	30.63	39.05	6.26	16.72	17.9
20.65	19.49	38.93	35.4	54.48	73.63	21.56	60.05	57.98	17.94	34.24	41.28	18.18	5.11	15.08	64.6	41.95	28.94	38.96	9.35	75.91	16.58	57.1	58.02
15.29	15.29	16.74	19.64	26.44	25.97	16.75	25.95	16.39	34.11	17.69	16.39	19.27	17.66	13.99	19.27	16.39	11.84	15.29	29.85	16.39	10.7	16.39	19.64
17.54	13.89	17.13	16.91	24.44	27.52	17.13	85.91	38.95	12.73	38.95	16.91	11.45	15.67	15.36	24.44	25.13	13.17	16.68	13.41	24.44	16.91	16.68	20.8
16.76	1.27	37.25	31.98	33.7	34.75	25.67	35.34	32.83	23.41	38.22	32.05	28.76	29.08	18.28	40.07	28.44	22.36	24.3	31.22	33.65	21.98	30.77	32.41
7.89	15.4	17.49	24.05	32.93	30.07	13.85	26.6	35.17	6.05	32.06	18.85	26.87	18.97	22.57	42.5	11.72	5.58	27.15	17.74	30.32	8.98	32.44	34.89
10.39	26.69	33.4	21.52	30.81	33.87	24.7	29.48	21.36	9.05	35.1	14.66	31.69	33.12	24.13	35.63	12.05	20.58	33.05	37.11	36.54	11.76	31.44	45.99
29.62	40.72	33.35	31.34	32.34	39.66	4.91	38.8	32.37	5.8	54.0	44.87	22.93	25.82	38.35	54.99	38.16	38.3	54.38	20.73	45.64	26.5	23.88	42.6
25.85	44.78	40.73	48.16	41.42	42.37	11.21	49.14	47.68	15.09	41.42	49.76	27.68	23.72	25.83	54.88	28.7	38.27	35.24	32.37	41.42	17.85	41.31	48.69
7.88	16.81	18.58	11.62	19.03	36.03	7.7	65.37	18.96	3.65	49.76	23.71	13.27	9.76	9.63	19.23	10.63	7.77	11.24	7.77	64.14	15.66	11.67	49.34
13.07	36.91	58.02	21.48	71.89	66.85	16.28	80.7	47.52	44.05	68.69	65.76	14.22	42.66	38.69	63.85	51.72	36.95	28.3	66.78	65.6	33.02	22.26	54.08
26.61	47.0	74.74	48.99	68.88	67.49	28.2	71.7	21.8	24.84	83.18	59.72	60.86	18.63	27.79	52.65	15.6	9.56	23.93	60.51	68.12	34.3	44.65	46.36
8.69	8.5	21.07	5.83	14.61	17.13	9.37	16.54	9.78	7.74	27.13	20.8	12.89	5.84	11.81	10.58	19.23	14.77	31.09	12.24	22.94	9.39	5.84	22.1
33.85	33.23	27.97	51.65	31.75	17.73	27.41	45.59	33.88	45.38	34.78	33.9	25.58	34.86	11.51	23.2	28.76	27.49	28.01	36.65	33.9	33.23	35.56	37.74
44.74	42.38	67.07	51.94	51.95	43.71	57.4	51.42	31.44	30.2	51.95	51.95	38.92	57.27	35.84	51.95	38.47	18.51	40.31	51.26	51.95	31.44	40.27	30.41
33.21	33.78	35.12	27.46	36.17	42.57	19.07	45.75	42.77	17.52	38.74	40.78	28.52	9.53	31.13	35.77	26.03	30.82	27.7	23.68	52.85	26.74	35.03	44.24
32.24	35.89	30.93	31.09	35.15	35.69	28.73	27.41	42.51	33.55	33.97	29.39	48.04	14.67	36.43	35.41	28.35	36.81	27.44	36.71	30.36	19.09	13.25	30.18
7.88	28.65	29.07	37.28	36.51	38.84	38.76	18.86	21.85	20.69	20.32	22.71	23.96	18.98	30.3	34.12	17.24	36.75	19.86	3.35	30.39	11.88	17.88	13.08
30.97	34.4	13.34	8.0	62.15	62.29	14.34	77.28	48.22	7.61	100.0	42.95	7.9	7.9	17.47	40.43	33.88	33.58	62.99	55.39	66.05	7.8	16.12	47.19
7.41	7.41	40.9	31.46	31.61	21.97	7.35	34.69	15.26	6.25	34.69	15.26	7.84	7.41	1.76	7.84	33.55	7.77	13.91	12.87	31.61	3.23	8.23	34.39
8.97	13.63	6.98	8.09	36.26	42.9	7.85	8.77	5.86	4.3	33.13	30.67	17.73	10.69	8.42	17.4	25.89	12.0	20.14	10.9	36.26	6.93	18.22	40.19
8.37	4.0	4.85	3.72	25.9	4.17	4.93	63.21	3.89	4.0	12.5	5.92	3.89	3.86	3.14	13.3	7.95	3.98	4.18	7.82	15.82	3.51	4.17	13.31
15.4	19.32	30.68	23.16	54.07	38.44	8.5	72.56	16.22	14.96	68.16	18.73	15.04	19.81	26.88	50.33	18.07	17.39	28.27	10.2	74.45	15.14	15.08	18.06
18.56	25.54	19.23	9.85	21.79	8.77	12.09	17.47	14.25	18.56	28.69	20.78	5.62	3.04	10.82	20.78	28.07	22.54	11.53	13.82	30.09	20.29	21.28	20.78
19.66	23.41	20.45	20.66	21.3	24.58	17.76	31.52	40.36	26.65	33.19	27.78	23.41	14.85	17.58	25.84	33.3	27.14	42.17	30.18	32.57	12.92	23.07	26.61
22.03	20.37	19.6	22.86	27.41	43.44	14.7	36.82	18.05	13.28	23.1	27.43	16.03	18.51	16.64	31.82	22.75	16.01	39.88	18.64	19.22	25.28	25.43	22.81
9.03	23.3	25.81	11.69	25.49	25.99	8.48	22.08	14.49	8.48	23.07	26.95	18.51	19.77	7.02	9.77	10.26	9.21	19.64	21.6	22.35	10.66	8.53	22.35
43.6	22.06	35.22	53.68	48.46	48.46	21.58	24.65	53.68	14.04	24.65	53.68	26.24	43.16	24.77	37.13	35.22	19.29	18.47	15.38	24.65	32.37	31.55	27.94
61.4	30.9	43.67	25.85	100.0	58.81	30.7	100.0	37.31	22.93	87.25	43.19	35.79	43.19	8.44	37.31	37.31	30.17	53.48	53.48	87.25	28.75	35.79	87.25
44.6	32.85	42.14	35.35	56.41	67.14	7.0	86.61	31.7	9.57	92.11	75.66	20.79	38.42	35.87	71.11	53.09	21.11	48.72	61.11	59.8	14.53	19.73	78.46
6.24	4.8	29.29	5.1	28.13	25.04	4.39	32.81	9.79	9.85	55.84	18.07	12.35	4.59	17.08	29.06	11.14	3.21	7.33	10.82	35.73	3.14	7.62	35.77
4.04	46.9	45.03	4.4	88.28	88.28	8.11	100.0	41.15	17.23	100.0	77.29	19.38	33.0	42.13	64.37	21.5	37.16	38.12	68.47	88.28	6.68	32.21	100.0
23.58	39.24	30.68	29.18	25.17	17.06	21.81	40.81	14.15	4.12	48.69	31.68	8.47	16.12	13.52	44.72	18.06	6.89	36.99	12.6	34.88	19.58	25.0	38.71
8.84	32.66	18.96	18.92	47.6	25.21	18.37	47.15	21.75	13.64	39.76	33.39	12.44	10.53	26.01	21.19	30.19	16.17	43.91	22.59	26.24	28.3	45.24	26.37
44.71	14.05	90.48	61.32	29.38	90.48	5.82	90.48	47.99	5.44	69.89	69.89	69.89	19.33	37.24	68.75	69.89	47.04	55.94	61.32	35.08	44.71	25.75	35.08
12.13	2.45	15.14	44.22	35.39	59.46	10.07	45.61	28.5	8.23	76.7	24.8	8.45	37.15	11.76	46.71	28.25	19.35	15.14	59.69	45.61	7.89	13.16	49.01
41.55	30.95	26.47	11.65	13.57	13.57	46.22	30.97	18.1	7.89	13.57	13.57	34.32	23.71	31.61	11.65	19.66	12.64	33.89	7.14	13.57	35.9	12.69	13.57
20.26	30.08	20.77	32.66	35.75	30.53	29.32	21.11	37.39	37.81	32.96	37.09	37.39	18.85	7.4	35.42	36.71	29.72	41.33	29.35	19.42	33.41	34.0	35.08
6.99	23.37	14.21	9.65	27.91	31.15	8.2	26.09	9.9	8.71	25.32	16.16	25.09	21.95	23.07	24.45	20.51	6.52	22.76	7.75	21.84	11.74	14.29	16.04
7.31	6.35	41.28	47.98	34.71	40.74	25.95	33.63	29.15	20.04	21.06	47.98	32.83	16.59	19.69	15.29	19.11	25.95	26.34	18.13	33.63	24.91	37.3	33.63
14.81	18.84	16.79	40.03	40.03	40.03	24.4	40.84	47.3	23.8	57.82	40.03	23.8	19.9	20.16	47.3	40.03	47.3	37.03	40.03	57.82	12.11	33.12	57.49
34.75	23.64	89.85	79.38	89.85	89.85	12.43	89.85	41.79	4.75	89.85	80.59	34.46	30.23	89.85	70.65	58.38	26.57	35.93	68.28	89.85	19.86	60.04	89.85
7.33	43.78	60.84	58.35	60.84	65.23	24.19	60.84	37.84	7.93	72.81	66.0	40.49	5.94	27.75	40.84	11.37	31.11	54.76	43.72	65.23	31.21	16.77	77.84
9.04	28.3	21.43	15.96	13.88	16.26	17.38	16.26	17.11	9.19	14.13	25.98	21.8	10.69	17.4	28.31	12.38	9.04	28.31	28.23	22.99	12.99	14.83	22.99
5.61	4.93	7.47	14.32	31.7	14.32	4.46	31.7	4.46	4.07	32.47	14.32	4.93	4.46	3.46	4.46	4.93	16.59	16.59	18.36	100.0	4.46	14.32	14.32
14.67	19.33	52.08	9.43	52.72	62.57	33.06	73.83	26.3	31.82	73.83	40.89	60.49	16.5	25.29	52.72	21.13	18.94	30.19	33.07	73.83	3.76	15.89	73.83
29.27	21.89	62.0	45.55	44.03	51.98	24.87	34.22	32.39	19.71	40.64	45.55	34.91	46.45	13.6	56.48	35.57	29.72	61.97	26.24	31.07	17.56	34.91	29.11
20.62	26.9	25.11	36.35	44.3	47.05	11.92	93.43	27.78	21.0	74.45	21.16	40.84	24.64	21.91	37.37	13.39	17.08	16.51	24.07	78.45	12.83	12.46	86.68
11.09	36.34	16.9	38.88	38.88	100.0	9.03	100.0	70.17	16.9	100.0	100.0	60.11	29.54	37.6	38.88	38.88	38.16	15.69	36.34	70.17	13.67	38.88	60.11
19.88	36.1	30.67	30.67	25.95	26.22	33.83	23.81	16.3	27.71	35.52	31.43	34.15	7.57	31.35	31.43	34.46	20.53	14.46	32.27	27.34	20.74	27.34	21.75
32.49	29.46	44.22	48.62	41.43	42.14	14.75	54.4	44.22	28.34	58.39	40.11	21.9	11.41	35.83	21.43	42.76	21.66	23.54	25.64	54.4	14.48	30.26	60.62
72.67	61.59	92.11	37.72	92.11	92.11	37.95	72.28	87.64	73.83	92.11	57.16	87.64	65.56	52.6	42.77	72.67	75.91	75.91	63.69	92.11	61.59	49.08	92.11
49.1	9.66	24.08	31.07	20.83	20.05	15.45	19.74	36.15	33.88	20.04	24.03	12.59	36.88	15.07	18.75	19.7	13.22	24.03	45.51	24.03	9.64	20.87	23.05
24.38	14.29	28.75	21.72	31.62	35.95	4.52	19.2	15.01	19.94	37.2	44.72	6.56	15.26	14.15	19.71	31.03	26.06	29.61	4.36	46.74	12.64	32.76	42.93
26.46	38.82	53.08	30.42	44.82	63.31	21.51	50.72	28.99	12.11	44.64	20.55	49.85	43.85	31.64	29.62	17.64	11.64	33.66	32.33	43.85	5.68	16.74	63.31
39.66	28.17	38.93	29.17	33.12	47.98	28.17	100.0	42.61	39.66	100.0	46.26	14.75	26.22	14.35	15.66	26.15	10.7	31.33	11.45	47.98	15.66	28.63	14.39
22.63	32.63	33.33	38.45	60.25	51.63	26.92	76.91	31.57	14.65	76.91	42.17	35.62	14.6	36.24	38.33	37.7	30.92	40.38	20.08	76.91	19.15	49.74	66.16
15.44	18.94	14.63	16.46	49.87	46.78	27.14	60.22	20.18	14.15	42.62	34.89	31.1	22.69	12.25	22.44	24.21	14.02	37.04	53.09	25.89	26.13	27.51	32.85
35.98	9.37	32.54	31.51	38.8	48.7	43.89	35.46	49.08	32.59	49.08	49.08	31.32	42.92	37.24	49.82	60.03	21.32	33.57	51.09	49.08	26.88	37.74	49.08
24.93	33.26	60.15	33.18	62.09	33.63	11.8	67.14	29.89	6.11	71.67	47.17	34.03	34.75	50.91	54.8	41.97	33.08	26.5	5.93	74.42	32.55	26.77	26.77
8.23	26.28	17.12	14.05	44.66	46.91	20.71	25.17	24.35	26.28	32.14	15.02	7.94	15.58	17.31	42.29	9.94	7.35	36.29	11.04	33.17	16.14	44.15	32.09
61.48	61.48	38.14	59.46	14.63	64.14	13.33	55.33	20.46	52.19	42.61	27.56	14.63	30.33	16.24	21.45	14.63	15.73	12.87	12.96	42.61	23.45	38.14	64.14
13.97	13.97	26.23	25.66	18.55	6.78	16.69	38.43	24.83	7.51	26.12	8.1	13.09	6.11	6.29	10.96	19.18	26.15	4.38	6.11	26.12	16.17	9.2	35.65
25.79	22.22	28.57	33.54	39.77	29.77	17.3	40.24	22.81	29.94	32.79	33.96	25.33	21.23	35.35	40.73	28.54	27.46	33.88	25.3	32.5	26.56	33.27	36.55
13.62	1.59	21.66	40.59	42.46	30.29	12.31	80.2	39.32	12.68	64.69	54.04	26.89	25.42	19.45	24.99	23.58	10.01	11.13	43.87	80.96	6.55	21.18	70.15
7.57	20.58	26.89	12.05	12.05	16.19	6.7	60.94	4.4	6.95	60.2	16.19	3.8	6.69	26.23	6.94	6.79	15.94	32.54	11.71	51.17	6.31	12.8	51.2
39.88	29.08	47.91	47.91	62.73	47.91	11.15	60.32	30.75	29.74	77.78	60.32	47.47	44.48	32.7	61.28	37.82	14.96	24.46	76.7	60.32	47.03	47.47	62.9
6.59	5.09	9.1	7.73	5.75	11.64	7.71	6.72	5.11	5.09	13.32	8.51	7.44	6.02	3.31	9.15	7.44	3.42	7.44	7.68	14.25	9.15	7.44	14.25
9.15	5.82	8.86	8.85	7.7	6.18	7.66	3.24	13.93	19.02	7.7	7.66	7.68	6.18	1.11	8.85	7.7	7.35	8.85	3.23	14.34	8.86	7.66	7.7
32.65	25.22	61.06	52.8	65.9	59.19	21.5	65.9	65.9	37.28	78.91	65.9	24.42	36.55	38.34	53.65	63.96	49.95	61.06	7.3	63.96	9.11	63.96	63.96
42.72	44.53	45.48	52.28	55.43	48.6	36.84	58.78	31.34	29.28	69.06	48.28	39.46	43.01	37.17	53.61	47.41	45.14	53.01	47.6	60.39	36.82	46.85	60.39
36.01	50.24	64.23	58.57	58.57	59.98	27.69	58.57	51.42	51.42	64.52	64.23	64.49	44.82	36.99	64.23	64.23	64.23	36.19	54.12	64.23	64.23	58.57	64.52
22.18	26.28	39.08	28.17	33.42	27.76	32.5	42.37	20.4	21.04	40.8	23.23	22.73	36.76	18.4	36.2	25.63	22.71	23.6	7.13	36.57	38.94	35.36	30.97
29.21	27.56	28.74	15.86	37.43	24.55	32.96	30.4	18.12	14.38	35.27	30.89	13.18	21.53	17.81	30.41	24.81	17.15	33.5	21.66	32.88	18.22	34.01	43.6
7.32	9.83	25.46	31.56	43.66	33.3	13.59	36.24	17.74	24.14	35.15	38.79	26.7	8.91	12.02	48.21	22.12	11.54	28.4	9.24	37.17	7.95	13.59	30.47
11.81	55.73	35.64	54.81	51.56	54.81	55.98	67.9	59.14	57.12	55.98	60.24	57.58	35.64	43.06	48.36	54.81	46.77	48.36	21.91	65.04	54.27	44.39	57.58
12.38	13.25	19.7	34.38	28.63	33.98	13.5	39.33	16.6	8.36	52.09	13.47	16.33	9.38	8.97	8.73	12.96	9.01	13.23	9.42	39.33	13.22	16.34	51.28
30.62	32.9	15.5	61.05	61.05	61.05	57.74	80.03	13.32	16.58	61.05	61.05	14.25	15.5	28.94	61.05	61.05	61.05	37.68	3.01	80.03	27.56	80.03	61.05
33.23	44.28	38.71	38.29	66.86	59.94	49.47	58.86	30.67	33.09	66.05	35.34	53.07	50.18	43.85	35.27	40.28	18.63	54.45	51.32	75.1	46.72	44.27	53.56
10.96	22.21	32.2	23.3	41.31	44.29	10.58	45.75	8.3	21.88	45.75	25.69	33.51	34.57	17.55	45.75	25.67	11.79	11.04	41.63	48.37	25.54	22.24	32.41
5.61	5.61	13.74	8.8	19.71	7.44	6.72	16.59	23.95	4.29	12.31	7.87	16.35	4.13	5.61	8.18	14.96	16.18	21.63	8.5	21.17	5.76	17.28	13.25
38.5	46.85	50.7	38.74	38.74	30.32	38.74	38.74	36.05	38.74	28.04	42.31	35.0	36.05	20.04	36.05	30.13	37.26	35.83	61.37	30.32	58.31	65.95	28.04
23.34	26.12	33.54	34.26	36.97	18.04	31.01	40.92	16.48	21.62	31.72	38.76	20.59	39.72	29.76	53.23	19.22	43.08	39.74	22.15	32.15	12.58	30.33	24.37
51.06	42.59	54.17	44.27	87.25	64.71	60.68	79.35	15.6	56.15	68.88	68.88	20.93	21.36	73.44	64.0	59.46	27.85	45.73	42.66	36.95	12.68	77.39	69.41
9.64	11.73	20.22	18.2	30.54	45.42	16.48	62.16	20.54	20.06	53.68	23.6	29.04	10.35	8.06	19.02	12.83	8.32	20.94	12.81	50.25	14.91	25.59	61.49
26.39	40.97	44.01	26.28	46.91	44.17	36.23	51.2	43.4	21.25	54.0	43.05	34.56	27.35	15.2	44.17	42.0	35.51	29.75	18.08	51.34	21.96	34.09	25.6
23.13	13.44	36.96	28.77	38.22	30.99	10.34	50.37	32.69	25.7	40.7	24.08	25.82	17.53	10.91	23.1	20.92	22.93	25.82	11.96	31.83	12.32	17.11	33.5
48.95	51.0	51.85	35.82	61.4	59.57	59.42	54.53	54.39	51.85	67.25	51.16	54.39	41.04	5.14	68.48	58.53	10.33	53.71	62.49	65.54	54.39	53.65	65.54
4.94	3.93	13.53	12.54	34.67	15.92	9.29	47.22	4.16	19.7	33.87	25.18	12.54	8.7	8.11	26.03	15.58	15.67	12.79	14.38	51.61	3.28	14.38	51.53
8.96	4.14	11.45	7.58	21.8	41.18	9.17	43.79	18.95	8.67	26.34	32.59	10.08	12.44	10.19	15.66	10.83	9.25	10.66	22.44	34.11	7.24	8.81	7.58
11.45	4.14	27.69	15.17	23.42	20.97	15.88	34.58	29.24	11.15	40.05	34.58	15.59	12.44	17.69	26.1	38.82	10.66	17.06	21.58	40.05	10.06	10.08	30.83
24.8	12.9	31.79	16.11	43.38	48.36	20.86	53.54	19.0	8.07	47.78	27.54	13.34	15.8	17.58	22.35	24.47	17.42	16.72	7.77	57.06	11.91	16.28	47.99
4.21	2.43	19.43	13.66	92.11	38.7	4.5	54.9	23.6	7.58	54.9	33.96	4.59	16.45	22.55	43.4	5.6	4.71	24.67	4.83	38.58	11.74	5.58	29.06
18.55	24.67	30.09	36.99	13.33	30.79	20.39	12.41	12.06	27.41	19.62	24.84	33.26	23.2	17.73	11.71	20.71	12.38	10.33	17.51	16.34	16.08	39.17	51.3
16.49	20.15	19.97	33.07	48.47	22.3	8.82	44.12	31.01	5.26	64.21	27.29	26.47	16.49	32.1	31.24	12.11	20.84	28.68	28.52	79.82	20.73	16.04	30.36
5.15	14.38	27.12	9.34	14.61	13.74	12.74	26.76	13.74	12.0	25.57	13.74	16.17	13.29	11.23	19.47	12.06	32.66	16.81	14.53	27.41	12.18	14.53	27.78
13.47	12.1	25.09	18.16	50.48	42.47	10.19	67.25	30.36	5.73	71.94	32.39	19.44	18.43	32.16	23.99	37.57	23.67	37.25	34.04	62.15	10.0	25.7	7.53
11.35	36.98	27.76	27.6	33.45	24.36	12.62	42.77	21.26	23.21	42.77	32.44	10.0	14.22	11.26	18.5	37.76	37.45	19.16	22.08	52.19	5.18	31.03	36.88
8.25	14.39	13.88	4.82	21.13	7.12	10.65	10.24	4.71	5.86	42.49	7.67	5.86	5.74	5.61	7.21	5.95	5.95	5.86	25.2	38.4	4.15	4.72	11.74
3.45	2.43	19.87	4.65	47.68	33.61	11.51	100.0	9.39	8.59	59.58	20.81	8.88	4.54	16.08	35.28	4.93	18.62	8.21	14.16	32.1	8.4	8.62	52.25
7.1	7.23	11.79	6.84	11.53	11.53	9.32	52.44	8.8	9.7	52.57	8.8	8.71	5.86	9.25	30.47	6.44	6.52	7.37	32.02	51.35	9.06	7.0	19.23
56.39	68.99	64.56	36.73	100.0	100.0	32.26	100.0	64.56	51.42	100.0	83.2	83.2	26.01	58.72	64.56	100.0	41.15	83.2	71.05	100.0	41.92	70.86	58.3
42.19	23.97	49.53	45.1	49.96	55.29	12.76	62.48	26.54	20.01	63.83	29.84	5.58	6.61	40.63	52.3	43.3	1.71	46.37	24.46	57.61	13.15	24.4	64.43
30.8	36.82	42.97	39.52	100.0	62.44	16.02	93.37	43.07	24.43	100.0	34.52	26.07	23.91	35.95	17.95	39.52	14.94	33.94	21.71	86.61	24.74	39.87	37.46
21.83	16.5	27.73	9.01	44.87	45.98	12.81	100.0	19.73	9.64	80.47	26.31	14.77	26.1	23.88	48.06	27.85	9.65	20.53	37.56	45.98	11.85	19.49	24.68
32.14	45.63	41.27	46.4	80.93	74.71	41.93	77.34	14.01	42.84	58.52	49.26	44.02	71.4	55.96	53.71	62.45	62.45	25.04	57.05	89.11	29.76	80.93	50.83
24.51	27.4	22.61	9.87	47.24	21.17	15.21	90.58	18.78	15.91	61.99	25.56	24.82	18.89	19.18	18.78	25.96	36.31	34.54	12.58	70.17	4.46	18.52	16.83
42.71	51.19	60.78	83.4	72.4	83.4	33.36	83.4	52.72	42.71	83.4	83.4	45.02	58.0	34.56	60.78	83.4	73.66	70.93	54.81	83.4	31.71	84.57	92.76
27.88	27.88	66.06	38.5	45.79	45.79	6.15	45.79	25.77	12.09	45.79	45.79	45.79	45.79	35.27	38.5	44.8	66.06	66.06	38.5	45.79	21.65	66.06	45.79
5.75	2.41	100.0	49.01	100.0	43.36	26.21	100.0	26.76	11.63	100.0	82.65	17.1	26.76	9.09	100.0	17.1	13.91	43.36	80.71	100.0	17.68	48.33	25.75
12.86	25.19	33.37	10.86	61.93	47.33	8.06	73.12	24.28	15.91	75.77	21.79	29.73	34.25	17.49	34.93	25.61	21.85	30.19	11.45	73.12	11.21	9.99	64.34
17.24	24.81	100.0	100.0	100.0	15.73	33.93	100.0	28.19	28.19	100.0	16.26	17.24	46.92	10.52	100.0	17.24	17.24	100.0	4.46	100.0	17.77	28.19	100.0
5.48	11.06	12.09	9.15	13.43	15.03	6.55	30.07	8.46	15.06	36.37	22.79	8.45	5.33	11.99	9.85	4.8	10.8	11.76	24.43	13.13	4.72	37.39	35.31
9.64	19.38	12.64	20.87	72.0	51.81	2.72	26.77	47.48	17.86	43.94	53.4	13.28	20.42	19.38	47.21	35.18	8.97	17.4	10.58	53.54	10.11	17.4	33.55
12.22	23.02	21.14	21.91	13.25	23.1	26.24	20.33	35.87	5.45	38.27	20.74	11.49	18.56	4.88	22.67	19.43	18.16	19.36	8.44	27.09	20.87	24.0	10.65
11.02	11.02	12.61	3.46	58.59	27.09	11.02	58.59	8.52	4.25	100.0	7.77	9.26	9.24	5.4	40.9	16.54	16.54	7.77	14.46	100.0	3.74	13.07	24.38
15.2	13.32	10.05	9.86	14.56	10.05	7.73	12.07	14.24	9.49	10.19	10.05	9.86	5.22	10.59	19.96	5.71	9.59	17.83	11.63	13.13	4.51	15.54	17.83
20.52	13.62	46.25	34.53	53.83	72.06	26.94	75.41	22.86	5.26	64.7	43.11	20.97	37.75	26.24	53.83	72.65	17.02	47.98	34.71	84.92	17.02	47.21	86.64
26.74	11.86	34.09	41.79	34.58	48.04	29.13	63.29	25.59	14.47	44.64	36.46	14.99	15.22	32.02	30.55	16.45	9.44	26.23	28.5	34.68	13.37	26.57	43.53
54.59	46.23	75.82	27.0	75.45	67.83	19.45	77.39	53.09	43.12	67.83	56.12	20.75	35.95	12.52	48.93	40.1	24.04	31.21	45.67	75.45	12.22	42.64	52.76
25.44	8.52	6.52	8.43	15.83	16.01	5.93	12.24	10.33	15.35	27.52	9.96	5.26	5.71	7.65	8.59	5.39	8.37	22.59	8.43	11.39	22.76	7.09	7.93
11.1	55.78	44.35	34.08	100.0	100.0	33.19	100.0	44.64	44.64	73.59	13.77	34.16	56.09	56.06	44.81	70.4	18.41	2.98	70.4	100.0	10.2	65.12	100.0
20.31	36.82	18.17	32.38	50.39	32.38	16.68	39.38	5.33	15.77	37.06	20.42	33.65	18.95	5.75	20.46	21.48	10.98	20.46	8.8	21.95	10.31	32.23	27.23
18.71	25.45	36.76	41.95	23.78	62.94	38.64	30.36	31.55	39.42	56.55	27.0	49.03	25.35	20.53	43.52	56.55	13.58	43.34	56.33	28.16	57.82	42.09	56.55
54.25	35.56	35.56	19.29	67.92	51.84	23.33	41.35	18.15	8.2	78.29	51.84	35.56	19.75	35.56	43.11	51.84	19.29	45.65	19.29	20.67	18.79	35.56	35.99
31.55	61.54	61.11	63.96	63.96	44.0	34.67	44.0	44.0	51.92	63.96	75.01	75.01	36.37	25.85	32.3	75.01	75.01	44.0	32.3	63.96	2.56	43.11	44.0
58.77	61.46	39.67	52.75	79.66	71.77	42.32	50.73	54.71	31.28	50.74	65.91	66.81	46.52	42.13	49.17	66.47	40.76	66.91	52.38	72.83	21.61	71.04	38.14
13.1	23.6	29.92	37.45	34.59	45.34	28.12	35.25	36.72	31.25	38.34	35.25	20.92	24.52	11.39	39.47	15.26	26.34	27.2	23.52	33.61	29.11	25.86	35.25
6.44	7.34	6.44	7.34	6.46	11.76	6.23	8.67	6.11	7.31	11.88	6.44	6.29	6.76	10.33	6.44	6.44	6.11	6.76	5.45	6.96	6.44	6.44	6.44
5.79	5.22	22.6	22.55	21.31	24.95	23.05	26.06	23.02	18.69	26.77	23.56	23.02	17.8	18.88	25.92	22.02	25.42	31.86	25.42	26.77	19.69	21.28	26.77
30.05	37.25	38.0	25.78	33.3	32.16	12.63	62.78	9.34	11.09	38.54	33.77	35.1	16.64	14.6	48.51	31.51	23.38	28.04	28.77	21.34	19.74	24.97	31.81
24.55	21.17	32.16	34.53	41.16	49.86	21.85	30.33	30.86	16.61	53.37	38.4	37.42	33.54	34.05	43.53	40.59	28.76	32.02	31.31	38.87	33.54	46.64	38.4
5.77	43.72	19.29	15.73	34.19	17.1	8.5	19.29	8.42	4.58	13.22	40.98	11.9	35.5	9.56	18.09	24.48	10.58	23.63	10.9	17.34	5.06	5.95	14.73
5.86	12.58	6.48	8.25	8.25	8.25	9.39	12.32	10.36	8.25	9.03	8.25	9.03	8.37	6.07	10.82	5.86	6.61	8.37	7.59	9.03	6.07	6.61	5.86
6.6	4.6	11.28	5.92	11.95	7.98	3.96	15.95	4.26	3.76	30.52	11.3	5.65	5.92	6.32	9.07	9.49	22.46	13.2	15.54	14.68	19.2	4.83	15.69
57.84	39.07	39.18	39.18	100.0	100.0	37.67	100.0	91.22	91.22	100.0	76.12	34.46	29.78	54.24	90.36	91.22	90.36	100.0	57.03	100.0	38.1	91.22	76.12
31.46	36.62	15.73	22.24	54.45	24.71	10.12	54.45	24.71	3.01	54.45	45.72	14.21	24.71	10.08	24.71	12.87	12.57	14.46	13.91	54.45	10.52	14.46	26.91
41.32	42.16	69.34	47.42	56.85	60.32	40.34	79.13	47.37	47.18	76.18	34.61	31.87	45.31	48.51	52.45	33.81	47.98	56.85	56.85	79.13	42.09	93.91	19.16
26.78	43.48	52.75	36.35	44.82	38.73	36.15	47.82	28.25	12.96	62.24	43.31	36.57	21.02	35.42	50.3	31.89	48.33	41.22	59.77	69.18	32.26	43.31	30.65
23.83	10.88	16.94	12.96	17.03	53.99	28.43	64.2	11.31	34.51	54.52	12.94	12.87	24.8	5.24	12.87	12.45	32.55	6.44	25.28	57.49	6.47	32.55	47.14
53.09	46.44	44.3	33.28	41.66	67.38	18.54	73.7	39.22	35.63	73.7	67.38	40.47	45.26	15.01	67.38	42.14	39.82	39.17	56.3	73.7	53.94	35.89	67.38
16.56	17.42	36.09	14.67	23.68	31.82	21.19	88.44	46.0	36.02	84.16	24.03	30.7	15.76	17.21	15.76	14.27	16.58	22.92	15.55	84.16	13.32	23.72	84.16
24.37	24.01	15.8	34.21	54.66	26.64	8.38	51.54	12.66	8.78	52.65	15.76	12.87	9.35	27.55	8.42	12.9	8.99	12.9	10.75	56.44	13.73	10.41	13.38
21.51	60.55	49.33	30.79	47.03	47.03	27.27	63.51	28.58	31.45	47.03	42.17	44.93	23.56	31.4	42.17	33.9	17.73	42.17	40.29	49.33	49.33	27.27	21.17
17.49	24.91	20.19	35.2	33.65	51.7	21.74	61.18	35.29	14.46	61.73	21.77	45.93	47.18	20.9	21.74	39.21	37.68	16.58	25.98	53.48	19.87	41.18	54.5
12.64	40.76	56.64	56.64	62.38	56.64	51.02	62.38	28.2	13.52	59.62	18.26	16.63	37.43	21.0	20.72	26.77	25.68	40.76	31.14	77.22	15.6	32.84	62.38
20.84	13.45	23.94	30.35	37.73	35.46	19.79	26.14	19.54	16.91	48.57	29.22	18.7	26.05	3.53	11.57	23.55	14.5	20.22	18.56	36.96	25.33	32.24	63.37
10.23	14.47	10.22	34.98	10.69	45.48	8.17	45.48	45.48	44.83	10.75	45.48	43.82	43.74	10.23	43.82	11.85	8.91	9.04	10.23	10.69	10.27	14.53	45.48
29.28	22.48	21.8	8.37	28.38	40.51	22.51	51.34	5.98	23.85	54.68	39.97	21.56	31.38	9.61	21.54	27.92	19.17	32.89	20.62	47.82	20.3	22.38	52.56
8.32	23.78	27.74	12.15	34.42	46.96	3.51	55.99	37.34	44.13	58.39	44.09	21.98	6.9	20.28	34.37	13.83	17.93	48.3	20.43	61.6	8.2	24.86	55.24
8.99	20.2	39.85	38.67	65.57	55.46	4.32	52.7	44.64	29.51	47.63	49.44	8.17	15.45	17.91	56.73	28.75	30.1	55.63	38.07	60.46	16.35	39.21	43.71
15.55	15.27	20.19	41.86	57.79	70.33	26.99	62.74	56.4	4.63	29.85	46.51	35.87	35.31	58.15	58.15	17.32	41.75	14.41	17.55	46.77	25.68	51.25	68.79
33.33	37.69	47.88	45.28	49.38	52.87	39.43	47.36	44.35	16.89	55.53	40.0	39.36	53.67	47.18	45.28	46.43	23.09	41.39	40.0	54.56	50.58	51.4	51.97
27.94	28.72	28.02	30.69	39.46	29.04	10.59	43.64	11.91	4.06	37.6	36.39	18.19	29.67	24.66	34.28	23.09	15.03	12.29	29.5	32.66	18.07	27.76	23.79
26.15	45.37	32.11	5.82	62.78	57.25	20.11	77.09	7.75	15.07	80.5	10.67	28.2	29.12	13.74	22.02	26.69	25.72	36.63	26.43	72.03	21.72	30.93	51.71
15.28	15.28	30.17	52.89	34.1	46.66	11.71	24.36	22.58	11.8	47.5	47.61	14.66	6.08	12.86	58.34	40.04	46.66	17.46	20.15	47.5	7.11	10.42	43.05
5.55	8.94	8.56	8.56	26.48	13.85	5.29	100.0	8.71	5.31	83.37	12.09	8.56	18.39	4.58	11.88	13.85	9.2	13.23	17.07	77.49	10.68	9.2	12.09
46.82	37.01	44.78	43.53	44.28	50.86	34.62	42.98	25.2	24.01	53.85	40.63	16.34	48.63	29.67	13.1	44.68	50.86	21.51	45.31	53.85	40.14	54.56	46.7
37.87	43.27	38.17	39.38	53.8	53.8	24.75	68.93	49.41	38.66	69.54	42.3	46.27	41.14	38.01	54.96	43.06	39.07	47.85	21.41	61.53	17.9	41.88	74.67
37.08	39.65	30.28	43.79	57.58	43.79	6.96	39.35	23.96	22.87	28.79	42.11	10.52	29.28	28.53	37.08	37.08	35.63	43.79	41.12	86.66	24.9	37.08	86.66
34.54	30.22	40.47	47.88	50.79	49.97	26.6	26.97	25.79	9.1	24.59	24.61	24.4	22.73	26.73	44.19	10.52	34.16	38.32	12.34	55.82	47.88	48.47	49.97
56.5	51.59	43.51	50.39	52.72	63.75	38.7	49.98	53.16	36.86	69.87	48.64	43.8	50.54	49.0	67.18	47.7	47.98	21.87	83.5	69.25	43.65	43.78	38.33
25.35	32.84	12.11	9.73	44.28	45.53	35.01	44.28	19.82	10.83	78.98	12.47	31.88	31.11	26.22	50.65	18.6	22.91	46.0	9.83	44.28	22.19	18.98	12.02
59.56	100.0	25.5	59.56	57.16	49.68	25.95	68.99	15.31	15.31	28.12	16.19	66.54	68.65	22.25	15.31	21.41	67.75	25.5	14.34	28.12	8.53	31.02	25.41
12.79	7.94	17.71	30.94	38.5	54.69	16.28	46.95	9.08	3.08	48.51	13.36	7.39	8.31	18.9	22.19	13.53	10.46	16.28	21.93	64.61	14.15	28.43	52.51
28.33	33.21	10.13	21.09	36.81	18.85	3.75	36.34	21.09	5.92	36.81	39.17	16.62	8.07	5.31	31.18	12.19	16.2	27.94	22.4	33.9	23.74	28.06	36.81
26.91	28.92	100.0	76.12	100.0	84.24	15.13	100.0	40.9	17.47	100.0	84.24	18.0	13.67	23.69	84.24	84.24	54.45	22.24	45.65	100.0	28.92	22.63	100.0
15.73	45.26	62.63	15.73	84.24	68.12	23.9	84.24	45.26	45.26	84.24	68.12	45.26	13.07	31.01	68.12	68.12	16.26	68.12	58.59	84.24	15.73	42.12	45.26
23.89	26.94	14.67	37.57	17.61	33.96	10.77	11.15	16.17	22.96	11.02	23.62	16.81	16.92	36.28	15.64	28.53	22.34	17.47	15.07	10.82	32.13	23.1	15.05
22.72	22.72	20.91	22.72	100.0	25.45	21.02	100.0	21.87	9.24	100.0	20.91	21.02	22.72	21.65	24.71	21.02	24.71	20.91	20.91	100.0	22.72	24.71	24.71
18.17	17.18	63.89	63.89	49.25	66.75	44.9	82.42	66.75	47.09	82.42	44.99	59.98	72.42	46.51	49.25	21.93	14.46	35.66	6.02	49.25	38.67	49.89	49.25
6.37	22.88	24.49	21.63	39.97	54.15	24.49	53.16	30.92	14.66	51.04	31.02	22.64	20.24	17.24	33.31	15.48	17.13	17.54	34.11	53.18	22.64	22.35	51.78
15.91	26.58	36.62	23.58	13.83	12.45	6.75	7.47	11.64	35.56	22.89	12.45	26.58	10.52	18.17	24.02	20.33	28.03	36.62	28.66	12.87	21.97	24.02	18.21
30.56	25.1	33.33	36.63	48.69	45.77	31.92	85.39	27.72	23.38	61.05	47.96	30.11	20.92	20.87	36.49	26.31	29.72	37.03	37.72	67.47	12.97	23.99	66.92
47.87	42.59	46.55	60.53	60.53	61.4	26.24	45.73	60.53	48.6	61.4	61.4	41.0	42.59	28.09	47.87	45.73	41.69	61.4	60.53	61.4	5.1	47.87	75.52
23.53	23.1	20.7	26.58	36.89	16.81	17.25	40.8	13.29	12.05	66.65	27.61	18.77	6.75	7.99	11.19	16.45	8.99	7.07	20.08	37.94	10.82	29.65	42.04
7.15	31.91	27.33	21.38	50.62	33.98	15.46	45.81	26.35	35.51	46.26	24.51	18.97	45.81	12.68	24.88	19.88	17.01	22.53	42.44	32.34	32.54	41.13	23.77
45.86	22.5	50.45	29.76	62.07	50.53	27.68	72.39	36.26	15.84	60.61	38.49	32.08	31.37	37.53	50.56	49.14	42.62	39.88	31.62	48.86	26.73	30.11	35.94
23.09	28.04	26.54	25.05	58.4	63.89	31.18	64.49	8.29	8.07	72.88	10.88	8.29	9.98	21.29	33.62	21.45	10.56	15.61	28.2	64.49	17.84	25.9	39.42
23.8	33.18	70.64	48.43	78.09	78.48	38.56	63.09	60.23	44.73	89.42	89.42	34.13	25.88	51.3	64.86	57.19	25.21	23.42	58.46	85.31	36.41	35.63	85.31
32.79	33.36	49.47	35.95	49.06	54.73	37.04	60.38	43.01	51.13	72.01	52.22	50.39	52.52	25.13	29.27	42.86	35.45	45.49	40.41	72.53	7.73	56.38	56.71
6.7	7.21	10.88	33.34	18.19	34.34	8.66	55.13	22.96	8.69	46.69	41.86	19.53	9.56	10.38	18.39	10.58	9.65	32.29	10.58	42.73	8.73	10.94	30.76
7.66	24.98	53.23	25.04	34.46	48.82	14.07	18.24	8.69	9.02	42.18	41.07	8.36	6.63	3.99	48.83	16.93	6.19	47.11	50.67	31.28	28.14	48.83	41.07
18.79	16.13	8.95	29.74	43.33	20.97	32.54	20.97	35.67	15.12	19.83	31.33	16.13	9.11	25.04	27.29	28.88	9.95	23.2	18.34	20.97	30.37	15.79	20.97
8.22	19.73	27.2	26.66	29.09	51.36	18.6	82.91	30.98	9.03	82.91	27.17	34.48	19.62	24.0	31.48	33.96	13.87	5.14	23.49	78.79	8.1	26.92	61.59
33.6	26.92	30.93	23.18	33.6	32.93	30.32	36.82	28.18	28.18	39.21	32.58	9.84	9.67	6.99	36.16	32.58	28.04	26.92	21.31	33.6	6.99	28.79	31.55
22.67	27.07	18.9	23.04	15.82	15.31	10.15	17.95	18.84	21.63	23.6	15.08	26.6	15.08	11.87	36.97	17.42	25.97	25.23	27.2	25.55	12.97	29.71	20.17
21.8	24.16	26.65	30.17	27.3	33.36	20.14	34.34	17.1	10.98	37.21	21.0	22.58	10.41	26.47	27.47	21.27	13.59	16.05	16.06	36.91	11.55	21.19	24.09
26.66	43.2	24.39	24.61	21.1	42.44	35.65	42.44	29.43	25.79	70.64	17.99	42.54	30.43	69.7	23.21	34.95	52.17	22.53	40.42	66.49	35.96	60.62	21.72
25.19	22.37	22.28	37.29	62.51	70.15	27.58	66.48	20.67	18.56	87.28	48.82	24.3	15.67	20.97	42.96	16.17	8.93	37.26	21.24	67.59	13.18	51.9	58.61
8.07	4.5	21.45	13.42	20.47	39.42	5.38	50.33	16.37	32.39	43.6	15.34	9.76	5.59	11.22	25.48	13.64	6.19	16.65	14.1	37.74	8.59	11.78	33.99
15.83	16.14	29.45	33.4	34.78	29.45	13.67	31.23	15.82	13.28	36.62	14.79	50.4	15.82	12.66	12.71	40.31	25.99	15.82	20.39	31.23	26.06	33.49	36.62
31.7	8.13	53.11	53.11	53.11	53.11	8.13	53.11	53.11	37.7	53.11	53.11	53.11	31.7	23.58	53.11	53.11	37.7	53.11	53.11	53.11	31.7	53.11	53.11
17.34	21.33	24.19	24.19	41.09	21.69	19.94	40.87	20.78	7.52	23.71	33.09	26.15	9.87	27.7	60.53	16.65	31.52	17.73	17.0	42.98	8.67	9.36	36.52
18.67	29.41	32.59	18.33	51.65	66.74	6.65	73.95	19.44	8.59	29.62	45.08	12.96	43.33	12.09	34.38	29.58	10.54	17.32	28.69	36.31	21.71	33.0	47.18
27.6	27.6	49.24	52.18	52.18	52.18	19.57	52.18	29.31	32.82	52.18	52.18	55.69	35.01	49.72	29.95	19.94	31.82	31.41	52.18	52.18	29.72	53.1	58.01
4.57	4.78	8.48	4.78	4.3	4.3	4.72	4.78	8.1	4.78	4.55	2.36	8.48	4.57	2.09	8.48	2.58	2.58	2.58	5.33	4.78	4.34	2.46	2.46
26.77	39.05	47.34	33.97	49.49	63.45	15.22	47.43	15.67	8.84	75.51	45.94	31.18	30.01	26.7	45.51	40.59	32.0	33.39	35.32	43.05	27.75	27.79	61.8
12.49	7.77	22.19	29.93	42.99	15.97	7.8	19.31	26.73	7.55	26.6	19.57	11.0	7.08	7.42	22.96	19.69	13.84	16.19	13.63	38.05	4.78	19.19	31.9
25.95	54.73	61.28	61.28	100.0	54.73	7.6	100.0	46.86	33.16	100.0	61.28	11.28	28.18	36.71	54.73	47.14	35.0	24.28	40.54	100.0	36.01	54.73	100.0
30.63	13.64	28.15	16.68	24.38	24.38	27.41	24.38	27.42	27.48	24.38	27.44	27.79	32.06	8.93	25.42	13.97	6.68	19.02	16.83	27.79	30.66	19.57	47.71
5.73	5.24	14.64	15.14	11.12	15.13	5.14	20.61	6.78	6.61	20.04	7.76	7.01	16.2	4.58	7.97	8.53	4.3	13.93	9.56	18.95	5.42	7.54	5.98
10.9	25.59	10.44	7.16	7.83	35.87	25.34	10.44	9.25	4.33	10.38	20.46	6.96	7.22	21.22	43.33	6.96	4.89	3.52	10.01	7.83	14.96	7.31	7.83
36.2	44.88	37.38	25.1	54.33	31.51	26.27	47.35	15.16	20.82	54.2	30.46	40.63	31.21	30.37	33.3	34.89	14.67	35.37	21.67	54.2	15.2	7.66	50.8
25.17	37.78	39.63	27.21	53.59	38.73	24.66	42.42	21.88	19.76	62.4	33.4	11.18	23.88	29.69	47.87	24.16	27.7	29.43	29.6	60.18	27.57	11.53	17.27
16.99	16.99	47.28	42.61	77.44	58.84	24.02	58.84	58.84	58.84	58.84	45.26	35.83	13.83	18.61	30.13	58.84	30.13	58.84	45.26	67.25	16.99	58.84	65.92
9.38	9.38	6.96	16.59	8.1	36.01	7.69	13.58	17.51	25.31	13.58	30.79	29.02	7.34	19.59	17.69	32.93	16.2	13.31	16.32	24.2	7.76	28.94	16.95
20.78	48.48	40.23	48.57	48.41	48.41	13.53	40.81	21.79	16.26	51.15	54.88	43.65	33.86	42.73	48.57	47.76	43.8	47.76	21.49	50.86	45.87	49.26	51.55
18.63	16.77	25.58	25.38	42.46	84.04	29.74	8.48	20.78	7.71	56.34	69.71	22.24	21.79	26.68	31.33	66.12	23.89	59.79	26.2	73.71	23.28	53.09	39.11
35.42	9.78	28.92	15.73	22.72	22.72	21.65	28.92	10.05	6.61	28.92	15.73	24.71	22.72	6.23	26.58	9.75	7.84	28.92	39.83	22.72	6.92	24.71	22.89
39.83	43.67	39.83	57.84	63.4	39.83	36.62	49.74	39.83	39.83	49.74	63.4	57.84	43.67	30.28	63.4	5.14	39.83	39.83	63.4	39.83	43.67	57.84	39.83
4.55	13.17	20.11	47.63	15.23	32.59	10.31	32.59	3.17	9.09	32.23	14.03	8.96	7.68	25.82	34.58	32.59	11.71	17.0	10.83	53.82	9.38	10.48	41.18
30.27	31.46	37.7	4.46	37.7	34.48	4.03	34.48	30.27	4.37	37.7	36.46	4.03	9.6	22.41	8.3	30.27	4.03	8.3	30.27	36.46	30.27	30.27	36.46
12.89	33.35	18.14	31.26	27.62	20.1	26.26	11.59	26.97	11.61	16.14	13.53	25.38	5.26	34.17	31.08	15.11	22.84	24.34	11.15	30.93	16.8	15.66	27.21
19.94	22.12	39.88	14.73	53.88	53.12	19.38	53.12	32.89	28.14	64.44	46.51	15.29	32.94	37.63	35.82	18.56	19.94	36.73	33.57	53.12	15.79	15.34	53.88
11.67	13.15	28.53	19.94	30.71	33.72	12.42	49.25	20.47	14.27	32.02	38.29	13.58	32.08	15.22	28.53	25.57	10.92	25.38	19.99	30.71	8.63	13.15	30.71
22.02	39.33	60.49	47.73	89.42	89.42	47.14	88.67	56.06	66.76	100.0	54.18	12.39	56.77	52.73	75.12	54.18	54.76	52.13	58.14	100.0	43.58	62.57	88.67
6.11	18.95	22.81	11.12	7.54	35.05	10.67	22.81	6.8	7.15	22.81	11.76	6.29	10.67	6.34	13.4	5.69	10.19	11.19	12.4	22.81	5.0	20.76	20.31
37.29	6.07	22.87	50.04	60.9	60.9	23.71	60.9	30.23	28.09	58.09	33.37	28.9	31.82	31.4	58.09	26.92	38.21	30.66	5.22	58.09	36.92	60.11	58.09
21.48	7.88	21.84	35.54	38.72	38.21	20.06	57.44	14.23	25.72	46.66	24.55	34.92	11.6	15.11	40.15	21.03	35.54	20.06	10.99	37.88	21.26	21.95	42.4
11.04	8.52	14.46	31.76	14.46	7.77	7.35	14.46	4.79	3.46	14.46	3.74	21.02	11.23	20.45	11.04	3.46	3.74	3.46	31.24	14.46	5.3	21.02	6.29
32.97	32.84	56.8	18.92	47.78	42.7	9.02	51.3	48.9	27.06	56.89	44.97	54.67	28.26	48.46	54.48	44.98	23.5	33.89	26.67	51.56	47.11	46.4	28.64
15.54	11.22	21.66	14.46	52.0	40.79	19.83	51.57	23.91	22.23	85.81	40.99	20.3	8.48	16.3	34.32	21.79	26.06	18.84	16.56	60.06	10.36	16.1	78.39
5.38	30.3	12.12	19.85	33.71	33.71	5.29	24.19	21.69	8.77	33.71	15.98	8.17	7.52	19.23	28.2	26.77	13.22	17.8	5.95	33.71	18.52	15.98	23.64
5.75	7.66	8.48	6.61	20.33	14.4	5.75	18.84	5.75	5.75	56.59	8.23	5.75	5.88	4.81	8.23	11.7	3.75	7.66	3.72	12.45	6.15	6.15	10.66
32.07	23.2	47.58	32.72	54.56	54.69	34.98	61.89	31.74	21.92	67.11	68.76	28.31	32.26	51.77	56.06	32.31	41.28	42.32	29.22	56.07	28.98	57.28	50.75
54.06	52.47	44.41	36.14	41.56	32.68	26.16	52.67	23.48	7.78	52.67	39.26	26.44	37.44	42.85	47.99	43.8	42.87	44.7	17.3	68.4	41.45	33.02	36.97
33.21	40.88	27.74	15.79	38.71	47.57	22.05	47.85	39.64	23.42	53.09	37.22	29.32	33.61	41.76	56.78	32.39	27.59	36.87	38.09	56.78	25.21	31.82	19.36
3.46	5.09	18.76	20.16	18.05	18.05	3.46	26.73	20.16	3.68	26.73	20.16	11.02	3.46	15.38	20.16	18.05	12.76	18.76	3.46	18.05	3.43	6.86	18.05
15.82	27.06	36.57	22.91	54.82	30.61	19.14	87.39	16.17	19.42	43.73	37.26	10.11	30.7	14.41	18.41	17.98	16.25	27.05	15.69	59.23	35.96	17.0	42.98
26.7	39.39	47.73	54.61	27.04	37.28	16.22	16.3	18.61	16.66	28.2	40.74	33.87	26.51	37.35	22.3	35.32	23.96	50.54	36.89	45.01	25.3	59.77	55.77
35.48	24.16	32.92	15.51	27.33	45.99	21.32	31.03	6.39	18.16	32.1	42.58	9.27	32.81	12.69	32.11	32.5	30.6	17.88	35.36	24.16	24.26	14.67	4.64
16.72	21.89	13.0	28.81	35.36	22.91	20.81	28.28	40.29	19.24	28.81	35.36	28.77	19.24	19.76	28.81	26.38	18.29	20.78	8.16	26.8	7.6	21.89	2.47
14.47	11.61	33.31	15.68	15.02	43.77	14.68	43.07	27.5	29.7	36.77	34.3	8.35	6.54	26.97	27.96	16.35	30.95	29.76	9.19	24.33	7.09	13.17	25.69
13.92	12.06	41.49	22.62	26.6	34.32	14.69	28.65	31.44	12.43	39.4	34.47	8.66	7.08	35.7	31.83	22.49	21.36	18.42	32.56	31.03	5.05	13.76	42.83
21.19	21.34	18.61	22.18	24.6	22.23	8.03	39.35	42.04	18.21	42.04	43.33	18.61	35.81	7.96	7.19	42.04	35.89	42.04	20.94	42.04	6.23	7.66	21.34
21.74	7.93	46.77	22.66	59.8	46.77	32.28	61.43	21.84	9.38	50.27	44.13	25.0	34.03	25.63	41.13	44.46	22.23	18.23	48.82	48.23	13.07	27.6	59.8
24.61	5.03	32.83	15.88	25.31	15.66	5.42	22.89	9.85	21.31	31.14	35.38	14.86	6.34	10.86	9.38	9.63	9.85	16.65	6.66	22.89	10.66	16.26	41.65
17.86	24.03	42.66	38.55	75.91	52.62	23.33	85.79	44.75	28.86	75.91	38.09	34.3	42.66	34.85	51.83	30.41	54.48	26.94	19.2	72.0	34.3	44.75	72.0
34.76	66.91	52.07	27.9	82.8	50.05	19.65	100.0	28.18	31.99	100.0	42.84	39.35	36.48	60.0	65.91	31.75	44.19	22.8	30.28	96.22	20.59	45.43	86.59
15.98	29.19	35.91	48.27	56.3	49.09	26.12	50.02	36.37	42.54	49.64	31.63	21.71	22.68	31.53	42.87	36.32	22.66	60.49	18.61	48.7	13.14	30.04	32.86
7.44	8.15	40.1	12.23	42.79	20.9	32.54	31.81	23.5	17.5	19.29	37.71	20.3	2.81	10.06	24.99	16.85	17.72	17.68	28.72	21.39	5.56	20.0	30.03
34.64	35.93	25.89	47.92	55.33	23.18	21.95	23.18	35.93	43.33	41.21	55.33	43.33	38.54	32.92	55.33	31.18	38.07	23.29	20.69	23.18	30.83	44.29	41.21
19.08	17.87	11.02	11.02	9.55	13.67	18.36	13.67	16.59	5.06	44.97	5.37	9.55	9.43	20.33	41.72	41.72	14.21	19.08	11.02	13.67	18.7	9.86	13.67
8.36	7.47	25.57	18.95	19.26	25.61	8.1	26.52	19.7	18.09	50.82	19.8	18.68	8.56	7.5	18.4	19.06	20.77	30.02	1.43	25.98	8.4	26.42	25.0
36.81	23.37	29.04	15.66	32.75	14.22	4.38	38.22	24.49	9.06	34.24	16.91	21.21	15.15	20.0	34.45	13.82	13.1	12.53	9.73	28.47	18.48	29.42	21.55
28.09	26.99	9.29	7.43	41.87	13.1	3.63	45.34	13.75	6.7	42.54	14.69	20.64	6.45	7.05	24.89	18.48	18.27	32.12	8.54	56.2	26.94	13.9	51.2
8.9	12.02	47.46	53.22	50.67	73.1	5.17	100.0	43.5	46.72	69.82	21.19	16.17	61.42	29.37	36.82	4.79	5.93	40.15	22.66	100.0	6.72	9.56	65.6
15.95	9.13	32.04	33.9	53.52	40.29	39.08	55.79	44.23	8.36	55.79	46.22	24.62	43.42	18.82	30.71	48.49	22.33	22.87	29.24	44.93	17.92	23.55	53.52
14.51	14.51	15.54	17.21	20.71	20.79	17.27	29.12	17.27	17.27	20.79	20.79	11.36	15.54	8.01	14.45	10.99	10.99	28.57	9.92	36.71	9.55	10.99	15.99
20.64	12.18	17.35	37.35	38.49	33.18	20.81	61.52	16.55	10.64	41.93	47.99	31.07	16.64	22.94	33.78	15.95	18.83	27.09	35.33	56.66	14.83	27.98	36.81
22.55	11.37	54.0	40.79	82.07	48.77	29.43	100.0	37.2	25.51	100.0	44.69	46.45	19.91	26.12	60.11	33.34	23.22	52.38	18.83	85.91	32.15	5.96	85.91
32.26	29.6	39.41	28.81	43.9	33.26	31.64	46.28	29.78	21.57	46.28	38.95	37.14	27.23	31.18	28.3	27.78	25.29	19.39	38.92	46.28	23.65	29.18	45.4
44.48	40.12	62.69	48.51	30.41	50.21	15.73	59.09	10.95	50.21	50.21	30.38	22.98	30.32	36.99	53.18	12.51	10.99	29.67	29.26	17.78	44.48	37.31	29.7
41.39	29.36	67.78	35.99	48.08	48.08	6.44	48.08	35.99	35.99	72.1	57.06	6.81	27.45	19.69	45.47	43.72	6.83	36.11	24.51	48.08	11.02	12.4	72.1
22.3	24.67	17.73	41.75	19.4	24.67	13.32	24.67	32.67	8.97	32.67	13.96	4.57	8.99	4.5	13.96	12.64	2.72	4.57	8.94	24.67	5.45	19.4	24.67
42.09	63.62	51.03	48.27	58.16	45.19	35.19	79.83	58.85	55.94	60.05	50.57	53.55	20.69	52.48	65.15	53.57	34.56	30.38	45.13	61.75	46.01	58.38	57.72
39.84	51.41	37.43	26.79	42.62	38.87	28.71	91.85	31.4	27.43	76.32	34.78	27.93	30.19	41.79	28.3	22.3	21.03	34.78	42.99	73.18	40.95	42.21	48.63
12.09	36.75	11.67	31.32	25.21	37.55	10.85	41.9	12.09	20.99	34.87	13.74	26.33	33.98	22.1	35.03	11.05	12.57	10.4	39.42	71.87	16.5	36.66	51.44
25.96	11.01	28.94	14.3	17.54	53.88	32.89	89.8	12.4	16.68	84.04	12.4	11.84	7.79	4.93	35.99	12.85	12.16	14.96	30.48	89.8	12.16	42.79	11.76
7.57	21.73	41.34	48.16	53.99	39.62	37.67	36.01	45.03	27.87	47.28	53.99	33.42	38.13	35.57	47.28	63.87	9.64	36.38	23.72	14.02	48.16	27.44	45.86
10.06	10.06	10.36	16.34	34.72	70.2	4.5	63.32	10.67	10.33	54.87	42.72	16.97	29.12	15.73	61.48	42.91	9.88	31.53	12.63	54.87	12.16	6.96	66.44
24.87	14.89	43.01	33.36	39.42	24.46	14.4	33.36	26.98	15.82	39.42	21.05	11.15	28.94	22.12	23.2	26.45	12.99	10.27	11.45	39.42	9.25	14.4	30.7
27.85	6.02	24.69	26.94	62.65	19.69	13.59	13.67	15.41	12.96	14.03	36.86	10.14	10.62	19.85	43.1	4.5	5.6	10.62	4.2	43.1	17.41	9.85	43.1
20.1	20.53	35.34	25.55	45.01	39.02	20.92	39.43	30.57	18.49	47.69	31.52	13.44	22.88	17.82	31.12	24.13	21.38	28.76	10.44	31.83	23.43	25.84	33.87
40.69	37.45	48.41	38.53	55.82	49.58	13.27	51.93	37.68	33.02	57.75	62.29	33.02	38.53	20.43	24.1	37.72	22.88	39.77	74.17	56.39	9.25	59.24	56.39
20.4	16.27	12.51	11.64	28.98	36.01	17.92	16.15	16.94	23.58	36.01	16.15	18.39	10.31	9.63	18.21	14.63	3.58	17.2	17.2	31.01	13.83	4.55	32.23
31.54	33.7	20.8	20.26	31.06	28.94	19.56	20.15	20.15	17.7	37.71	20.15	18.92	7.98	5.41	20.26	13.33	6.47	37.71	7.71	31.06	18.92	7.69	8.28
35.69	19.12	61.54	43.96	41.49	62.07	29.43	49.87	18.4	25.53	48.79	49.87	49.83	41.07	30.11	46.49	43.85	23.24	38.7	39.24	48.8	27.28	51.58	62.76
5.07	4.13	28.55	19.56	17.35	16.61	14.23	31.21	25.88	39.16	19.15	28.69	9.45	6.07	12.89	10.92	5.36	14.38	11.02	22.54	17.67	25.0	5.05	17.17
20.82	10.89	7.93	14.4	48.48	32.13	12.8	46.63	39.78	25.49	52.02	11.69	37.91	7.73	25.05	15.98	28.31	27.1	27.57	6.27	39.78	40.21	33.96	45.03
35.71	59.18	17.51	41.9	100.0	23.28	7.11	100.0	8.97	20.02	61.28	22.01	16.33	23.56	13.22	22.01	8.18	13.65	15.94	45.65	61.28	41.39	25.48	38.82
34.26	34.15	15.28	47.38	37.89	48.08	12.13	57.06	6.84	6.6	48.08	30.86	28.38	13.54	37.75	35.4	33.52	7.57	15.25	37.89	48.08	28.18	34.18	11.5
15.85	15.85	20.56	24.38	27.3	27.3	24.38	27.3	15.85	24.38	17.24	27.3	20.56	27.3	24.38	27.3	16.59	8.91	10.73	18.36	17.24	8.05	8.91	24.38
14.09	16.32	47.18	39.32	47.18	16.68	49.36	52.76	36.62	22.32	52.76	27.04	47.18	11.15	40.64	33.49	20.03	16.84	11.79	41.48	65.41	25.45	36.62	42.06
52.06	24.1	32.66	36.03	79.48	71.41	51.77	95.54	27.22	46.51	87.87	66.9	20.37	61.0	51.29	32.95	42.66	13.31	61.69	36.4	100.0	56.84	56.84	100.0
10.9	1.65	18.19	21.95	9.88	18.19	11.97	36.82	6.59	4.81	45.72	18.19	19.69	26.22	8.01	8.49	4.48	5.4	11.64	39.83	77.44	9.51	33.51	77.44
4.18	16.59	45.51	7.31	37.29	30.22	8.54	40.96	21.85	15.86	40.96	35.93	7.39	4.69	10.93	15.27	28.18	6.43	13.58	4.15	33.58	17.9	31.79	27.73
9.94	33.85	28.76	26.41	33.13	28.39	6.02	37.2	19.11	6.15	22.87	29.11	20.32	14.48	5.1	18.79	22.3	4.3	25.75	36.93	20.35	3.34	29.79	27.07
19.57	16.34	38.09	29.08	41.95	41.95	18.87	38.09	41.95	15.82	41.95	41.95	32.28	6.23	28.8	55.8	24.34	38.09	58.76	28.1	38.09	27.41	41.95	41.95
9.98	8.05	33.93	32.47	9.43	23.46	11.21	52.54	15.85	14.32	15.85	30.66	23.46	17.75	13.55	46.92	31.7	9.24	52.54	17.07	25.97	18.36	26.2	65.8
8.59	10.69	17.83	43.74	43.74	17.83	8.13	15.58	15.58	5.33	17.83	17.83	15.73	4.83	8.23	43.74	43.74	17.83	17.83	17.83	17.83	43.74	17.98	33.47
3.62	1.55	12.67	6.04	23.14	34.93	5.87	17.45	4.12	5.16	18.05	12.96	3.46	3.56	9.67	4.8	5.61	2.48	5.99	6.37	20.23	2.94	6.92	23.12
35.9	48.82	19.57	16.93	60.05	60.05	20.03	56.4	27.31	22.69	60.05	56.4	52.73	20.21	41.93	46.35	60.05	50.82	47.22	50.82	53.29	40.51	62.23	60.05
39.52	31.88	42.88	34.49	58.04	36.1	42.93	86.61	36.91	17.95	92.11	47.18	34.18	39.77	60.04	52.51	30.63	47.52	30.41	32.71	81.91	31.15	41.25	76.35
45.26	41.29	37.44	44.52	51.73	76.43	13.23	85.43	29.94	45.18	90.51	69.86	31.52	43.2	18.66	78.76	33.52	21.33	37.67	28.26	85.85	34.75	50.31	62.86
27.06	38.34	46.22	37.31	55.65	40.4	21.33	100.0	17.01	27.83	78.49	55.49	22.89	24.41	42.66	55.65	27.75	27.69	33.57	33.7	40.4	11.62	22.89	78.49
35.65	41.91	27.85	16.77	33.17	44.68	28.24	37.46	10.19	10.66	34.22	38.87	12.45	20.77	32.01	51.2	26.81	19.99	36.58	32.09	35.95	14.22	12.45	21.78
12.0	19.11	55.33	33.12	67.74	67.74	18.56	85.79	7.71	18.56	100.0	48.25	10.52	18.88	10.11	42.26	4.82	3.78	19.78	12.26	86.56	14.64	10.33	9.43
37.27	37.07	34.32	36.17	36.01	34.13	35.68	35.23	30.33	35.85	25.39	20.69	31.23	35.57	17.12	20.35	31.23	30.46	18.47	33.78	24.5	38.42	39.8	31.48
9.75	6.11	25.92	8.79	28.05	32.26	13.26	100.0	5.86	23.83	100.0	42.11	20.04	11.15	8.69	26.61	20.16	10.98	47.92	7.34	100.0	6.44	38.76	80.03
23.56	26.45	19.97	17.8	41.38	55.93	5.72	60.51	22.13	13.6	53.71	42.66	19.94	7.77	21.63	40.21	13.47	14.79	35.35	35.88	51.85	6.11	26.19	43.72
21.91	24.18	60.5	53.06	18.98	50.99	18.53	53.83	30.34	8.59	39.13	22.47	9.39	33.23	17.59	31.2	18.93	30.38	50.99	58.67	48.88	51.48	50.99	49.38
43.91	47.28	32.59	44.48	47.02	35.74	29.06	47.69	40.15	16.17	89.42	36.99	33.21	12.44	44.58	57.41	42.73	31.81	57.9	49.16	42.73	25.97	28.75	47.69
20.71	31.01	34.11	12.4	82.82	11.45	3.72	100.0	23.13	46.26	100.0	32.93	30.75	5.29	24.19	33.12	32.3	6.81	13.35	12.97	76.25	6.07	31.01	33.12
17.13	36.27	29.34	40.98	42.98	46.1	12.71	71.04	36.16	27.52	62.77	43.87	29.09	27.81	18.36	45.53	46.45	16.36	30.47	30.71	53.64	9.83	31.31	46.1
29.9	29.9	37.5	30.13	66.06	61.48	27.67	66.06	30.12	27.67	66.06	12.69	30.12	12.63	30.13	66.06	6.44	15.06	26.52	2.87	66.06	9.31	43.33	66.06
10.66	35.9	15.07	38.12	48.41	14.95	4.14	48.59	30.93	42.22	21.34	34.96	38.12	10.93	20.76	37.54	42.22	17.73	44.65	9.55	44.5	17.59	50.86	35.82
11.11	17.22	24.03	18.65	63.42	30.71	3.78	70.18	10.84	10.94	50.31	15.9	37.96	13.27	29.34	32.77	43.76	37.63	37.39	22.37	52.61	17.68	31.55	52.13
10.32	13.18	27.68	21.47	40.95	44.02	13.8	30.02	42.93	15.53	33.78	27.04	16.31	24.45	28.56	31.76	18.8	9.54	19.26	35.65	45.81	12.85	11.47	24.06
74.19	31.7	38.83	32.56	35.42	35.42	15.73	58.59	38.83	38.83	35.42	35.42	35.42	74.19	28.79	58.59	16.26	35.42	16.26	34.39	58.59	35.42	35.42	35.42
11.48	9.4	5.36	5.91	13.52	9.01	5.5	2.54	9.24	8.59	4.25	5.87	9.2	6.05	8.52	16.64	5.72	4.86	5.36	18.6	6.07	27.29	16.4	5.93
28.82	35.78	49.48	39.8	57.39	69.01	26.71	81.91	41.78	38.13	69.36	66.24	38.01	38.94	39.1	40.47	37.83	31.07	15.29	26.77	77.29	27.9	21.27	31.11
15.07	17.95	72.67	27.07	90.25	100.0	16.93	100.0	26.0	21.2	100.0	56.12	27.07	35.73	22.98	67.14	23.24	19.62	29.79	34.89	86.46	9.32	19.19	100.0
3.23	12.4	11.95	15.28	14.75	15.59	9.92	28.69	14.4	11.27	11.98	14.94	10.27	10.08	3.37	15.34	9.38	5.9	13.26	11.7	26.01	6.07	9.92	36.34
25.79	33.7	25.4	19.68	27.82	37.18	23.09	18.13	26.16	6.1	25.02	26.4	15.75	26.6	22.57	26.99	14.19	22.2	18.26	31.32	25.02	22.74	23.84	30.91
5.62	6.43	8.46	5.46	5.81	8.69	7.13	12.38	4.9	4.12	5.81	10.58	4.7	4.56	6.22	6.62	10.06	5.77	6.13	5.07	9.17	5.36	5.98	6.62
24.18	44.53	34.85	54.4	83.96	68.85	9.62	64.26	31.59	32.84	64.26	42.12	31.76	16.83	50.34	54.4	39.62	29.15	14.82	51.09	64.26	32.16	35.96	47.38
33.46	55.13	54.48	55.31	63.34	60.1	59.24	68.79	55.31	46.46	41.58	52.54	46.46	52.26	47.79	60.1	55.31	56.6	27.81	36.45	63.04	54.48	55.12	60.1
28.62	30.38	24.56	26.03	34.61	41.58	30.08	35.53	41.58	29.71	48.47	44.01	25.7	18.9	25.56	45.21	30.1	22.61	26.06	40.03	49.45	36.79	37.3	23.27
4.12	3.52	4.09	3.95	4.6	4.18	3.79	3.71	3.75	2.84	5.11	4.26	3.56	2.82	3.64	4.18	2.98	3.89	3.62	4.43	7.01	3.35	4.49	5.25
14.42	13.36	28.08	16.12	27.65	20.04	9.09	29.79	13.98	5.24	31.61	29.79	15.74	24.44	4.66	5.48	7.09	7.72	18.96	12.08	30.73	16.67	4.88	16.36
36.61	39.09	32.14	45.06	50.23	40.45	43.12	38.38	42.5	27.04	54.0	42.61	34.58	33.56	23.85	69.43	24.87	23.46	46.41	35.9	45.42	29.55	24.72	40.14
15.1	31.53	34.32	28.75	47.57	28.51	27.9	31.26	31.17	21.13	28.42	41.9	58.23	21.69	35.96	31.59	22.85	31.25	28.51	27.9	42.7	15.89	23.81	28.58
11.43	20.19	13.74	27.75	27.72	27.85	7.43	24.76	24.45	5.32	20.98	17.29	6.01	12.75	12.16	13.29	6.32	17.32	14.78	5.37	18.17	13.87	16.61	10.58
24.34	7.21	33.33	13.35	30.76	48.41	19.61	56.71	34.7	31.55	74.48	15.25	38.65	22.69	46.78	48.72	36.15	10.48	10.92	34.1	32.86	15.58	30.15	49.97
33.12	24.72	46.72	35.18	48.96	40.38	17.76	56.95	29.51	17.65	63.53	59.42	18.7	41.23	14.58	50.92	37.37	25.93	24.87	19.44	66.34	34.97	26.58	71.89
22.83	20.47	28.61	28.49	54.69	46.84	47.05	48.22	44.44	31.28	43.82	19.75	21.28	6.64	32.04	50.0	14.59	20.09	44.44	19.27	45.55	47.05	25.85	44.44
20.45	45.13	47.9	27.32	77.52	57.51	27.86	82.87	36.96	10.98	54.0	48.27	42.4	19.38	35.18	49.49	53.25	30.86	58.93	47.32	70.47	29.76	37.22	43.09
9.07	6.09	19.07	21.87	69.36	34.86	5.86	74.91	10.03	28.16	87.98	50.87	8.79	12.08	12.06	19.91	25.14	8.29	11.61	15.83	68.51	9.36	13.34	87.98
22.79	24.79	17.79	18.09	18.35	24.49	29.73	12.55	17.43	23.82	24.06	19.72	17.23	5.3	14.2	23.77	30.72	17.06	20.66	18.6	43.46	24.79	27.88	16.37
8.73	8.78	17.13	8.66	35.08	26.99	23.17	15.44	15.61	8.73	32.62	8.78	7.88	8.55	7.93	23.13	8.94	12.42	8.94	7.88	37.31	7.83	9.81	29.48
23.28	25.42	26.92	33.98	35.22	33.58	25.57	49.99	45.97	24.6	60.01	41.24	26.42	23.8	30.46	37.49	45.99	15.37	39.39	54.56	41.27	28.26	33.31	47.04
16.85	17.91	6.7	13.37	33.01	36.79	16.1	70.27	13.21	11.07	38.45	8.91	9.03	9.02	13.4	19.17	13.75	24.9	21.95	15.42	20.85	3.74	15.71	49.25
9.92	21.44	11.12	34.7	25.23	26.01	24.96	28.09	25.45	4.05	19.57	11.19	25.11	25.76	26.94	25.85	22.21	12.88	22.87	9.14	30.13	7.86	23.67	16.69
12.23	17.29	14.92	16.57	14.96	22.12	17.33	12.28	33.9	16.57	17.58	23.17	14.76	7.09	16.57	14.1	13.19	13.96	16.57	16.57	20.58	26.14	17.29	13.96
41.01	29.57	47.75	48.36	42.84	24.02	26.5	12.64	33.83	38.22	31.11	23.7	21.22	34.34	26.47	44.15	38.77	23.12	22.31	35.39	27.45	31.5	34.65	26.16
24.88	25.44	16.24	37.06	17.98	28.91	27.64	7.57	5.4	15.48	39.69	14.3	7.17	10.35	29.76	26.97	30.97	21.27	20.94	14.82	19.12	25.87	10.98	9.88
8.54	8.06	10.82	7.79	8.7	9.36	5.41	9.03	5.72	3.48	27.46	5.17	4.46	10.72	3.85	9.09	4.46	3.16	7.26	7.93	9.2	4.71	3.83	11.65
10.27	16.62	49.59	16.42	78.48	89.42	11.57	84.83	28.2	11.67	80.12	38.84	22.64	28.76	12.43	49.03	17.55	24.82	10.18	31.21	68.42	13.69	36.73	80.12
26.11	27.34	51.47	43.16	26.27	40.19	5.88	37.15	15.01	29.34	38.67	18.46	27.34	13.56	19.76	15.88	15.73	18.83	41.47	16.95	23.66	11.78	14.04	24.83
36.67	22.33	54.95	52.86	55.02	46.16	14.2	46.73	46.1	21.24	46.11	55.03	29.93	55.1	25.59	46.11	41.63	26.43	39.63	43.55	33.3	37.84	46.72	33.3
5.55	33.45	41.88	44.69	56.77	79.5	44.76	72.17	38.61	32.17	90.0	60.91	44.2	37.91	20.19	56.87	51.47	35.85	49.78	53.4	79.5	33.45	60.2	82.8
3.74	8.89	80.91	69.31	85.55	85.55	28.09	69.31	54.45	7.19	85.55	70.83	36.36	3.76	11.64	77.44	54.45	8.55	36.71	36.71	85.55	29.13	33.65	66.06
47.75	62.17	48.34	70.77	81.0	58.67	36.82	81.0	62.14	35.32	79.61	81.0	24.58	31.18	24.27	73.37	49.99	37.48	50.0	68.46	73.52	16.87	59.76	62.4
35.51	50.64	46.14	42.87	88.75	71.94	31.9	94.2	45.08	44.39	94.2	75.49	52.05	21.87	57.94	64.15	28.2	39.74	52.99	60.04	94.2	13.78	61.19	34.9
34.68	15.85	51.55	42.6	45.63	49.22	39.46	63.9	53.04	23.21	54.8	45.86	18.83	46.72	42.29	59.63	38.78	38.78	37.97	44.95	62.65	30.47	35.15	52.43
20.86	11.29	12.9	10.18	35.51	27.78	38.84	64.69	35.51	14.27	60.67	34.95	32.0	26.7	12.84	53.16	23.05	22.07	18.08	49.95	51.28	23.13	37.76	39.64
18.28	22.34	52.83	60.61	52.83	69.09	42.04	91.57	46.21	33.99	100.0	45.15	32.87	23.33	69.32	49.02	24.08	34.72	53.29	70.87	81.15	12.67	61.19	87.1
20.59	23.25	25.56	21.33	61.51	74.97	13.99	90.16	17.84	9.11	83.56	23.65	18.04	24.32	26.14	46.62	17.62	15.42	51.02	49.43	100.0	13.77	33.85	20.72
27.41	41.13	72.8	79.79	93.32	51.36	22.87	82.14	93.32	65.18	93.32	61.98	34.11	46.7	55.83	79.01	60.09	51.76	58.0	46.96	78.51	30.66	58.9	57.02
11.64	20.94	40.49	33.57	61.21	86.56	43.69	100.0	55.22	33.57	100.0	55.5	40.93	20.92	34.23	43.04	44.78	28.46	26.7	20.94	100.0	19.29	38.65	74.17
22.53	33.1	52.56	34.38	100.0	45.15	33.33	100.0	23.39	29.22	100.0	39.15	37.74	20.82	48.82	39.56	23.04	35.89	42.2	46.29	100.0	20.01	34.1	83.65
32.5	33.49	42.52	39.46	59.6	50.86	38.98	80.81	49.51	32.18	69.53	50.61	32.99	52.6	48.76	51.83	34.58	42.52	35.34	53.08	71.31	39.19	42.55	34.04
18.69	37.47	40.09	11.73	37.63	33.22	28.98	32.98	24.67	22.47	33.3	31.31	42.36	27.9	2.25	37.02	37.17	17.59	35.19	31.9	38.75	25.62	35.53	24.32
22.67	34.76	18.5	62.43	100.0	45.02	13.36	100.0	19.73	9.37	100.0	39.07	26.24	27.17	27.17	65.01	41.67	19.95	17.29	40.27	100.0	12.91	42.73	100.0
19.21	34.23	37.29	73.29	100.0	85.89	23.1	100.0	47.21	4.55	100.0	50.99	12.1	36.93	33.85	65.01	45.91	9.23	39.39	19.08	100.0	15.6	38.36	36.75
45.07	59.24	46.7	57.03	71.71	33.66	41.82	71.71	28.66	5.04	74.97	16.57	47.22	54.04	53.14	58.32	34.17	42.8	68.14	40.65	49.92	29.91	54.04	21.25
30.83	21.8	75.22	52.47	52.47	52.47	38.31	75.4	61.66	30.83	75.4	38.31	47.22	75.22	35.44	38.33	52.47	19.2	47.18	87.87	75.4	52.47	48.85	66.67
22.2	21.91	38.57	25.98	59.35	48.4	27.57	63.85	25.78	17.43	48.84	27.36	18.23	30.69	20.87	43.31	25.82	15.09	39.36	18.01	50.82	25.18	31.35	16.61
6.72	37.79	75.48	56.8	100.0	100.0	52.5	100.0	66.43	41.3	100.0	68.33	13.99	59.83	75.82	74.45	83.16	100.0	100.0	56.92	100.0	38.77	47.05	100.0
27.84	24.36	39.68	37.02	50.67	42.42	19.54	58.41	26.82	10.77	49.53	40.61	30.94	32.11	34.96	45.64	17.54	28.81	42.44	33.98	47.03	26.12	33.71	30.86
31.13	31.13	61.21	21.33	100.0	100.0	20.94	100.0	47.18	29.61	100.0	24.71	7.57	19.71	26.73	40.48	33.0	7.71	58.28	48.22	100.0	28.52	42.9	26.15
31.13	31.21	78.66	17.71	100.0	100.0	38.75	100.0	51.83	14.87	100.0	28.13	17.71	30.71	37.76	51.27	48.62	17.06	78.66	61.74	100.0	17.81	26.06	78.66
31.13	31.13	73.36	32.58	73.36	86.56	38.13	86.56	48.96	19.76	86.56	28.13	7.83	19.71	26.73	28.13	54.05	72.21	50.14	48.96	86.56	6.46	51.24	38.09
13.3	21.22	51.21	17.49	36.99	36.99	36.75	61.35	23.62	22.1	65.18	36.07	17.83	24.57	41.61	53.88	37.95	17.1	39.28	49.18	55.92	29.74	35.63	57.41
28.57	43.25	63.32	41.8	47.8	57.39	32.44	96.04	36.04	18.13	86.29	62.47	29.42	46.87	43.37	51.12	46.13	45.58	42.61	20.96	63.74	28.91	34.43	56.9
13.29	14.0	31.11	56.76	48.14	31.11	46.16	66.67	38.95	49.54	58.83	56.46	37.47	51.76	33.18	38.27	58.75	20.95	48.14	53.84	72.12	30.76	11.77	34.39
26.43	19.54	25.95	25.38	31.76	54.7	10.7	31.47	37.99	17.7	55.1	32.21	30.89	31.26	28.69	38.56	45.48	27.92	48.24	37.99	49.63	13.24	29.25	64.66
45.13	46.28	73.88	17.51	83.7	79.06	0.3	95.85	46.32	30.87	94.0	63.96	24.97	31.06	31.38	70.17	54.73	49.7	61.75	38.94	82.0	17.43	63.06	80.14
16.72	29.18	35.09	37.22	52.14	39.67	12.99	45.47	28.47	38.49	44.19	37.22	12.24	39.61	12.09	38.21	13.1	5.11	20.39	19.91	55.84	29.51	23.37	44.01
10.35	7.39	31.33	20.54	27.47	28.34	13.57	27.39	21.47	11.64	31.33	29.52	18.8	13.5	20.59	24.28	31.88	22.48	12.05	17.93	27.0	12.26	18.99	27.0
12.73	11.63	37.1	13.52	40.59	30.56	5.73	46.54	23.77	22.5	40.59	37.29	6.14	8.53	27.48	48.73	25.57	24.6	38.11	38.21	54.07	8.53	22.87	33.87
8.44	9.6	4.77	2.53	16.45	16.45	3.95	16.45	7.68	13.58	16.45	8.73	7.83	4.59	2.57	4.59	2.7	2.65	8.12	16.75	16.45	5.67	13.16	16.45
17.2	29.36	9.96	9.78	27.89	15.94	24.45	26.84	18.17	12.82	15.19	33.5	14.74	13.48	28.12	16.36	17.27	17.38	33.92	20.46	33.98	7.93	26.57	33.5
5.21	23.11	40.31	18.85	54.33	39.04	3.22	16.61	20.42	8.76	38.08	33.04	26.56	17.25	3.13	37.32	9.33	9.33	32.96	18.85	49.95	9.12	5.42	32.96
27.01	56.33	58.81	18.48	74.61	74.69	30.92	69.93	56.02	32.32	82.29	55.18	40.73	17.09	51.08	70.38	38.77	23.96	61.7	44.78	69.93	20.3	54.66	65.95
7.38	17.1	40.93	40.05	41.39	55.12	8.22	81.54	15.73	2.86	81.54	45.72	30.23	21.31	9.17	33.92	9.85	6.81	14.61	14.88	81.54	23.42	13.52	82.42
13.91	9.76	12.24	7.97	12.37	14.5	5.01	12.23	33.39	12.39	22.06	10.3	7.09	16.7	12.02	12.23	19.23	19.16	29.93	33.94	12.23	9.76	9.23	7.58
5.26	6.2	20.19	25.23	52.87	68.28	4.94	55.18	23.05	6.34	100.0	13.48	14.21	15.61	12.29	55.18	12.67	4.25	35.64	46.36	68.28	9.86	25.17	88.44
9.45	12.41	10.68	7.18	28.26	20.87	11.57	16.33	2.46	14.94	11.6	15.3	12.74	7.33	7.08	13.04	7.18	11.88	15.27	18.16	11.13	2.13	12.74	15.64
26.61	50.14	61.09	30.38	30.38	68.99	41.02	50.82	28.78	32.23	44.07	53.01	50.14	30.38	32.99	50.14	50.14	36.66	50.14	29.95	53.09	41.02	39.04	53.09
23.04	18.44	69.88	49.78	95.37	71.59	29.29	88.51	51.01	31.18	95.37	53.35	32.84	35.03	44.32	74.73	51.1	41.31	35.01	51.58	92.69	31.28	33.4	88.51
23.04	18.44	69.88	48.26	95.37	58.18	20.93	95.37	59.4	27.17	95.37	61.1	34.26	35.03	36.68	88.51	51.1	27.38	53.43	48.77	88.51	31.28	35.56	88.51
23.8	17.38	15.31	15.55	23.46	34.83	15.31	23.46	11.88	12.35	23.46	17.8	17.8	16.5	6.98	11.99	9.78	9.25	21.94	14.91	28.6	17.1	15.55	15.31
36.38	27.41	30.11	36.38	38.01	58.15	22.71	91.67	39.44	30.56	100.0	38.92	34.32	41.12	22.32	44.48	38.92	25.2	37.26	53.16	82.93	14.97	22.45	58.62
18.4	14.37	40.75	44.62	46.04	28.93	6.9	51.31	26.73	33.09	77.01	38.16	10.49	16.32	30.71	28.57	19.01	12.58	31.17	33.18	69.1	7.91	34.49	74.16
33.57	31.53	9.6	8.95	57.16	9.6	24.0	52.43	29.85	34.25	57.16	46.33	44.27	36.08	29.11	27.21	24.35	23.11	27.88	12.1	55.5	32.14	38.99	52.43
23.36	25.9	58.22	26.61	91.28	72.34	24.51	91.28	38.25	17.53	91.28	41.34	49.15	19.77	61.69	74.58	50.44	60.21	51.75	69.58	91.28	36.94	54.83	91.28
10.67	3.89	12.08	4.72	40.14	27.78	6.73	38.71	23.27	25.41	55.63	21.03	7.77	7.75	8.53	17.61	14.85	37.12	10.97	7.41	40.32	7.02	5.71	43.24
29.76	26.55	31.56	20.66	51.02	42.76	13.11	39.24	25.67	19.38	43.37	34.79	34.95	25.03	14.99	37.46	38.51	12.05	21.59	22.23	45.43	25.03	37.22	27.84
29.48	68.13	36.52	52.17	57.09	54.4	37.88	55.81	27.27	54.22	46.93	45.21	62.95	36.61	48.5	68.27	61.43	46.6	53.05	30.86	49.46	40.48	65.62	62.99
21.95	38.29	58.57	58.57	70.86	54.16	10.93	100.0	57.57	22.77	100.0	20.76	18.93	31.87	20.52	19.58	19.58	58.57	34.5	29.12	100.0	15.92	10.93	58.57
15.32	26.85	21.66	13.97	53.59	39.35	13.14	45.62	31.79	28.86	42.12	32.47	33.95	13.13	17.65	39.98	22.69	7.39	23.63	26.49	56.47	14.49	16.07	46.11
16.19	11.64	57.58	45.03	50.29	43.76	15.88	58.92	32.26	9.09	47.1	31.1	16.9	20.9	13.07	32.79	25.41	6.03	13.29	22.47	55.25	9.54	15.94	55.25
19.51	17.41	36.54	39.52	46.44	54.82	11.73	49.68	12.22	7.14	60.26	41.33	25.87	29.28	18.94	38.66	31.21	13.49	37.79	27.57	47.79	36.96	21.49	52.24
26.57	8.67	9.04	7.31	51.45	27.98	9.09	35.71	25.23	8.36	42.1	44.98	10.93	10.67	3.99	42.33	25.99	29.93	45.03	21.66	14.75	8.08	22.3	14.59
22.34	29.1	48.23	44.14	42.8	48.23	27.0	33.82	38.75	22.33	48.16	44.2	38.71	26.53	49.03	34.03	36.48	36.43	44.14	27.15	51.52	54.38	48.23	51.52
34.07	47.62	52.7	56.91	67.9	45.02	24.29	79.76	56.91	31.5	55.85	67.9	46.51	33.43	25.76	67.9	57.09	36.03	43.53	46.45	71.32	48.57	46.83	68.98
25.77	18.44	29.21	52.07	37.59	24.38	47.09	27.82	24.38	17.72	33.08	27.82	27.82	25.22	23.65	51.18	29.76	45.42	29.76	27.82	27.82	34.74	36.9	24.38
16.42	20.71	27.59	21.46	100.0	56.75	10.99	89.44	27.43	13.4	100.0	38.64	34.33	10.56	25.19	37.67	21.03	11.6	30.32	51.58	60.12	4.47	24.82	79.47
8.52	8.91	21.36	5.93	13.13	11.02	10.6	48.55	8.91	6.27	70.71	14.58	11.34	7.13	6.69	11.73	21.36	14.99	11.02	11.99	19.08	5.93	11.73	21.36
41.81	43.06	33.35	35.52	46.4	40.8	40.37	59.06	58.1	22.53	61.02	29.31	37.78	21.53	27.33	32.44	44.97	45.56	22.88	48.99	68.82	46.72	27.33	46.35
30.41	32.63	51.97	26.07	29.76	23.76	15.62	31.43	28.05	33.41	23.11	20.61	26.4	25.33	42.16	26.84	53.96	33.86	30.2	22.92	42.48	27.75	26.4	27.59
22.89	22.89	31.54	45.61	53.93	44.29	12.45	31.12	31.54	19.04	73.11	20.15	34.9	15.14	20.16	45.61	22.89	19.56	57.91	11.18	44.29	17.61	22.89	52.66
18.86	17.12	11.21	33.21	26.59	43.59	13.07	9.02	10.62	11.76	12.04	8.69	30.26	11.41	4.69	26.24	4.69	13.07	29.59	19.21	9.02	7.33	11.16	18.88
10.95	22.46	18.38	41.81	42.44	28.27	14.39	24.32	13.99	20.98	40.9	12.33	20.02	20.79	29.49	19.8	12.33	46.44	17.92	23.88	19.89	38.36	21.14	12.41
16.34	12.96	45.63	33.65	58.21	58.21	32.08	58.21	50.59	47.87	58.21	58.21	37.84	21.23	47.87	53.07	46.09	42.59	58.21	38.67	73.9	50.59	34.94	47.87
18.92	15.26	19.56	22.24	36.62	15.73	24.71	84.24	25.67	7.14	84.24	46.83	23.9	8.13	48.44	26.58	48.44	7.84	28.92	23.0	84.24	7.77	23.9	19.56
7.08	19.24	7.89	19.04	14.04	10.67	7.78	23.21	4.5	3.98	19.83	8.16	9.58	10.23	6.33	11.95	14.6	3.77	5.42	5.76	12.25	3.78	7.93	10.35
12.9	18.73	10.67	13.31	10.31	32.04	7.97	34.89	4.8	5.45	10.09	6.48	8.76	8.07	5.22	5.98	6.48	4.55	14.27	6.98	10.41	14.23	6.8	10.31
17.54	16.5	42.66	13.17	42.66	16.64	6.8	33.9	40.84	30.99	52.02	15.82	10.81	15.37	25.19	44.68	16.64	6.64	16.17	32.39	42.66	17.34	7.15	42.66
12.55	9.98	75.98	21.36	75.98	75.98	8.05	75.98	41.11	12.55	75.98	75.98	45.62	5.67	10.22	75.98	41.11	12.55	75.98	12.55	75.98	5.8	41.11	75.98
45.61	48.11	45.97	61.62	100.0	75.99	48.95	89.07	44.69	55.24	100.0	58.64	32.06	55.96	40.02	64.52	53.49	37.47	75.99	23.61	84.87	56.35	64.52	78.34
4.79	4.79	4.79	4.79	24.38	21.4	8.05	73.49	4.46	8.52	73.49	4.79	4.79	5.12	3.46	4.79	8.52	8.05	14.99	4.79	73.49	8.17	4.79	5.12
34.67	16.09	48.09	65.15	60.39	50.69	23.19	28.34	42.61	36.11	70.77	75.91	54.64	12.58	13.8	65.15	45.81	31.57	50.69	38.02	85.79	41.74	27.57	36.71
21.63	21.77	19.14	30.76	31.88	19.14	20.62	63.58	16.32	16.13	41.39	29.95	26.6	12.52	5.56	33.0	26.7	16.6	18.88	3.89	41.39	9.59	13.32	35.46
8.1	19.69	17.51	19.69	18.77	18.77	32.17	17.41	21.16	7.71	21.16	7.91	19.69	18.33	39.72	37.86	25.68	27.97	32.51	38.57	19.69	15.82	18.77	21.16
10.13	10.13	53.11	31.7	59.0	59.0	71.03	70.81	18.53	11.73	100.0	59.0	12.98	8.91	42.31	80.71	80.71	80.71	80.71	11.73	70.81	8.05	11.73	59.0
11.7	7.33	17.06	9.0	41.41	33.05	11.85	36.87	14.79	15.21	26.72	33.55	21.98	18.0	8.6	19.01	18.23	12.05	19.01	19.41	30.46	7.93	11.24	22.93
35.1	8.1	9.22	38.58	29.48	33.43	9.15	53.0	20.97	8.28	27.64	27.17	20.18	6.7	11.66	29.23	12.49	35.95	11.38	20.84	45.4	6.54	20.6	36.78
47.61	59.2	63.16	40.88	47.82	80.59	14.09	85.91	26.6	5.72	89.85	49.26	57.06	19.57	76.62	46.58	64.84	19.33	41.63	67.67	100.0	38.54	43.41	89.85
26.93	9.85	37.49	37.26	73.44	86.42	6.38	77.39	64.42	17.47	62.55	63.51	36.85	49.33	19.99	38.66	48.49	18.52	39.62	37.43	62.55	20.33	48.51	58.77
56.59	18.21	62.63	62.63	62.63	62.63	33.89	78.0	57.96	57.96	77.44	62.63	78.0	19.56	56.59	62.63	57.96	62.63	57.96	62.63	62.63	18.21	49.25	62.63
25.12	26.26	42.69	45.95	64.02	21.78	40.23	56.87	32.36	30.07	53.83	42.53	8.89	44.57	35.18	31.28	45.14	35.39	34.52	32.14	38.45	42.34	43.39	34.86
5.14	10.9	15.42	5.22	7.15	17.86	5.55	14.73	4.39	10.41	17.9	14.26	5.72	4.51	11.65	7.15	14.1	4.12	36.52	5.14	17.86	5.54	6.81	17.06
5.26	6.24	6.06	7.09	6.22	7.09	6.06	7.35	6.06	5.15	7.35	6.67	4.14	5.15	2.25	6.91	6.06	4.58	5.85	2.6	7.35	4.37	4.75	6.67
23.48	7.4	42.14	11.94	67.5	83.88	21.4	64.79	15.79	12.16	66.43	39.49	30.16	27.17	6.73	40.38	39.95	23.89	27.61	18.05	59.13	27.17	36.1	58.75
13.57	20.61	13.74	30.76	64.41	57.54	39.64	35.29	33.91	27.98	64.41	35.19	29.31	26.17	25.02	52.37	23.33	22.0	36.79	9.96	57.54	35.29	11.76	70.02
21.02	3.74	9.5	23.03	74.87	74.87	32.38	38.81	74.87	17.53	38.81	59.46	49.36	3.94	47.94	74.87	49.36	9.78	30.13	8.6	45.82	8.6	23.07	74.87
20.97	21.39	22.61	22.61	20.97	22.61	7.35	22.61	22.61	22.61	22.61	22.61	42.85	20.97	20.45	22.61	22.61	21.42	22.61	22.61	22.61	21.39	22.61	4.5
26.17	36.8	28.55	28.91	55.83	29.51	42.11	53.85	26.05	21.03	45.88	41.71	28.56	13.47	28.62	28.04	22.53	17.23	31.13	41.01	51.03	17.77	42.13	48.16
45.08	25.49	46.07	31.73	53.36	53.36	30.24	61.42	13.71	13.88	100.0	28.1	13.88	30.24	24.26	37.32	28.1	43.67	37.26	53.36	46.07	29.35	53.36	46.07
23.65	11.76	20.01	18.5	43.34	26.22	24.96	59.4	21.28	13.83	50.75	20.01	11.96	44.6	15.96	25.87	19.69	19.77	20.25	58.08	39.42	8.58	21.81	26.24
5.81	7.23	23.34	8.35	25.93	31.45	4.13	33.86	24.68	25.09	38.62	6.99	13.49	35.58	21.03	25.04	7.38	23.34	5.22	24.16	30.39	4.72	6.02	37.42
50.56	47.67	59.01	50.38	55.83	55.6	31.46	55.58	42.41	38.21	56.57	55.83	56.88	45.71	39.96	55.6	51.14	41.57	46.57	60.27	52.08	52.04	55.83	56.71
12.11	27.43	42.46	56.83	73.32	76.34	23.68	50.73	47.91	33.12	100.0	76.34	56.33	12.58	69.99	100.0	31.87	44.07	71.6	67.0	100.0	12.46	62.9	48.33
27.35	31.75	22.68	24.77	24.37	30.63	30.71	12.82	9.64	29.62	28.98	25.03	26.19	25.92	20.47	24.66	26.64	19.44	21.49	20.7	52.72	25.13	13.85	13.86
0.21	24.18	32.66	35.13	38.59	32.13	35.28	48.21	41.04	8.69	68.36	33.54	11.05	31.76	8.53	38.1	11.45	9.17	22.42	16.75	38.26	22.48	21.65	30.49
36.77	8.06	44.97	31.56	72.66	73.45	28.42	57.64	23.09	24.81	63.93	55.93	44.87	31.05	24.72	54.42	29.28	31.23	44.87	19.85	63.93	20.34	36.14	60.62
5.74	2.65	24.9	6.39	49.03	12.58	8.97	40.96	2.34	4.39	42.4	31.54	5.49	5.43	9.81	27.0	2.4	17.07	8.85	4.39	17.44	7.58	20.34	8.86
25.94	21.1	56.15	39.35	51.01	37.53	14.66	54.83	29.7	10.5	50.73	55.92	24.08	22.76	21.04	31.76	27.09	39.35	28.76	42.29	51.55	18.45	33.8	42.03
20.15	7.92	8.13	3.85	35.22	20.8	3.68	21.99	6.73	7.69	21.99	18.54	7.92	7.22	5.88	8.28	20.95	7.44	13.35	8.28	35.22	6.69	6.48	21.99
39.99	40.6	44.44	45.37	51.01	45.07	40.51	55.45	32.2	24.67	53.87	40.9	41.9	22.85	17.1	44.02	45.85	35.16	38.33	2.91	55.08	46.16	43.68	46.19
42.61	37.6	40.71	28.43	80.71	42.61	24.9	80.71	32.38	32.38	80.71	80.71	42.61	20.15	21.31	80.71	39.65	50.09	37.6	11.95	61.15	36.36	34.79	40.53
44.18	47.52	58.82	40.84	82.76	88.17	40.23	100.0	34.91	53.17	100.0	37.39	60.9	51.09	31.09	51.72	32.6	29.22	58.64	32.16	100.0	47.96	49.3	41.41
32.06	16.7	41.04	32.06	54.41	54.41	14.39	30.63	17.06	15.21	43.67	61.48	29.46	9.85	39.88	54.41	36.65	32.29	29.46	29.61	68.12	18.02	34.7	56.3
35.41	33.27	59.88	42.91	59.88	39.94	35.41	39.29	35.41	35.41	59.88	59.88	26.04	20.31	48.8	35.41	59.88	28.92	35.94	37.77	48.46	42.91	35.74	42.91
34.78	32.52	41.17	22.0	43.33	37.66	18.37	49.19	42.4	20.26	61.69	37.66	29.82	43.06	32.71	32.09	31.99	29.11	37.66	37.66	43.29	34.59	29.18	43.29
13.98	13.98	57.99	46.05	18.56	54.84	22.08	78.0	14.6	18.21	29.63	46.05	27.58	13.98	13.83	18.56	14.56	29.63	13.98	13.98	26.71	14.04	14.53	54.45
9.24	36.62	42.18	19.06	34.07	33.36	23.66	34.07	15.16	16.05	39.49	29.71	27.53	9.63	38.01	25.59	30.42	12.08	24.6	10.66	38.25	9.71	24.34	33.93
30.99	46.97	37.03	24.15	46.39	37.71	25.56	84.11	26.87	24.12	88.75	32.05	30.93	17.05	27.24	52.86	31.84	31.66	50.37	54.39	67.02	14.5	52.05	80.73
42.34	51.19	28.98	54.46	51.25	60.47	24.96	60.47	31.02	31.53	60.47	54.35	48.56	49.58	39.88	43.26	49.06	31.34	45.68	30.47	60.47	40.02	46.4	56.1
21.97	29.2	15.06	7.09	28.37	38.79	5.09	55.71	16.94	6.89	48.76	19.76	20.79	12.81	10.88	24.47	7.63	7.5	11.75	7.85	49.75	10.23	9.96	50.26
11.08	6.99	61.64	21.91	50.34	71.34	20.77	59.44	20.98	4.32	59.44	60.92	49.58	36.04	37.38	55.15	42.98	9.2	24.14	41.18	67.25	32.23	35.95	78.22
13.22	8.9	15.62	19.9	33.9	36.31	20.02	51.52	38.73	11.8	79.06	22.0	30.73	25.93	11.39	39.52	19.62	15.98	25.85	8.72	50.68	6.99	25.97	42.41
39.9	48.47	86.56	68.92	66.97	81.37	20.95	86.56	32.28	32.39	86.56	66.97	15.27	51.12	29.82	86.56	57.14	32.29	57.35	19.75	86.56	14.04	77.22	100.0
19.19	20.52	31.97	37.8	41.61	39.95	4.24	33.85	32.49	20.45	36.58	26.87	18.25	19.19	20.05	33.88	18.95	9.74	31.71	4.65	33.34	9.5	13.51	20.91
14.45	12.26	27.76	26.62	24.94	20.86	8.61	39.1	17.05	11.29	21.21	21.8	24.08	22.74	25.24	14.05	22.21	13.88	22.61	3.3	30.22	10.26	19.34	19.6
47.69	37.4	43.94	28.88	48.46	34.66	46.67	42.62	35.26	46.46	43.3	44.62	59.37	28.37	47.41	57.43	52.38	50.91	45.38	13.02	34.98	28.14	32.65	40.49
20.06	21.57	27.39	44.73	26.02	23.74	25.99	33.12	31.77	10.73	15.15	38.43	28.17	17.82	21.51	31.07	29.96	20.24	16.85	17.46	29.69	20.56	24.94	27.4
38.16	19.83	18.77	40.91	49.0	43.06	18.26	27.59	29.72	8.39	44.94	44.43	30.58	4.13	23.33	30.14	27.29	24.22	19.41	23.89	58.42	6.95	16.43	32.78
40.2	35.7	43.04	37.69	52.75	35.5	16.83	43.04	44.66	15.67	49.88	35.03	35.5	38.14	40.79	37.09	35.5	54.91	40.37	16.42	43.6	32.84	17.33	48.48
38.36	25.74	38.85	36.28	67.07	46.02	21.69	55.65	29.79	10.48	51.47	42.89	29.18	58.6	29.95	20.51	43.53	25.61	59.0	42.18	55.65	33.85	47.08	79.38
16.24	10.6	14.65	22.01	25.98	27.24	6.33	19.84	23.55	9.39	45.07	11.47	12.67	10.38	7.48	21.18	12.96	21.18	14.52	12.21	26.1	16.73	10.17	46.51
11.3	5.98	17.0	6.59	27.41	13.6	18.71	14.3	24.62	22.54	12.06	17.69	15.77	7.01	5.77	38.39	6.81	6.59	15.77	4.97	18.41	3.02	5.54	17.06
7.15	5.58	27.53	6.63	6.96	15.36	4.78	30.08	6.11	5.04	35.95	6.11	4.89	4.78	6.23	6.96	5.54	5.33	5.24	11.73	47.32	4.97	7.34	6.63
31.47	23.66	28.75	49.56	46.43	32.71	25.27	27.93	9.78	30.07	37.67	39.42	37.54	36.87	17.43	35.12	28.48	19.35	54.14	53.06	45.09	15.54	35.69	42.58
9.0	1.09	9.73	20.96	22.05	26.24	13.05	32.14	10.12	6.18	27.72	19.8	11.7	16.71	13.93	23.88	16.4	13.25	18.68	18.33	23.62	6.47	19.83	17.32
29.27	3.51	36.83	10.75	22.5	41.13	23.98	25.06	9.97	11.87	32.16	28.38	24.41	22.07	23.23	29.35	21.26	5.11	19.57	6.54	28.73	16.12	26.49	27.31
6.34	5.54	3.72	9.24	45.72	59.23	6.61	45.26	3.93	18.21	40.53	40.53	9.75	4.1	2.44	49.74	7.66	3.22	15.73	2.15	11.64	6.44	6.44	7.77
25.74	31.71	40.12	29.58	44.09	44.09	30.59	44.09	28.06	20.05	44.09	40.12	31.76	23.55	29.79	34.86	45.33	33.87	31.05	32.68	44.09	23.18	36.64	45.29
20.04	33.31	22.81	43.53	42.03	64.14	26.24	66.95	51.47	20.82	65.74	34.76	48.86	42.03	23.31	22.81	20.31	13.6	17.22	37.66	68.43	39.14	30.23	22.0
20.04	33.31	17.48	22.78	53.58	61.71	5.01	66.95	15.0	34.78	75.39	17.35	51.47	42.03	15.64	17.21	22.81	31.0	33.76	37.66	52.74	37.66	30.23	49.79
9.92	10.11	8.1	12.73	50.08	47.05	15.32	38.0	20.31	27.13	53.96	53.82	14.03	11.45	16.69	50.08	27.45	40.47	15.94	7.01	21.77	18.95	7.54	40.05
6.5	24.74	27.33	8.69	23.8	45.36	14.64	45.36	14.1	10.46	45.36	47.58	17.32	17.32	9.37	45.36	19.44	8.64	14.91	32.66	43.5	6.63	33.3	29.93
10.75	10.85	3.93	4.94	5.73	9.17	18.56	19.78	2.73	6.8	9.64	7.43	4.39	4.5	2.23	9.17	3.78	7.08	2.43	4.55	21.08	2.65	6.0	18.16
2.14	6.99	3.34	2.62	4.82	2.48	1.19	1.27	1.7	2.8	1.37	3.28	3.16	10.6	1.24	2.55	3.65	0.97	3.36	1.6	2.45	1.18	1.53	2.91
17.07	8.4	6.83	6.76	8.64	9.19	9.14	6.76	6.76	7.15	7.27	8.94	10.79	4.1	8.64	6.76	6.76	7.27	6.47	20.65	8.94	8.94	15.3	6.36
14.64	8.86	49.0	30.87	44.66	54.74	24.75	65.97	22.07	15.5	66.36	47.31	25.63	10.13	34.15	33.15	17.02	31.51	36.71	16.6	55.9	4.3	16.51	52.1
60.29	60.29	42.09	48.59	33.12	34.82	30.93	48.59	48.59	18.24	48.59	60.29	39.08	32.28	28.31	66.54	34.82	51.03	48.59	48.79	40.28	48.79	36.71	41.68
46.58	53.99	58.57	58.57	75.77	75.77	54.52	77.01	81.93	53.99	77.01	52.71	54.52	77.01	39.04	33.16	57.49	32.59	57.49	81.93	58.57	57.49	58.57	57.49
27.74	20.19	42.75	52.46	73.38	58.82	29.87	54.69	20.12	10.61	46.11	38.02	10.1	36.29	6.8	45.91	17.23	16.89	29.95	29.48	77.45	12.34	48.98	52.74
8.24	4.88	17.98	10.29	9.31	8.25	10.21	10.94	10.78	11.55	11.81	12.46	12.46	10.78	11.01	12.79	11.71	12.82	4.38	5.36	10.09	9.97	6.36	9.69
6.4	29.94	21.29	25.59	31.93	19.97	34.08	36.3	32.83	13.89	43.54	17.76	21.29	20.81	19.78	20.11	17.91	31.79	26.73	23.64	39.24	20.51	22.09	37.78
18.09	30.8	42.29	21.8	30.8	34.38	17.95	47.15	42.29	42.29	43.77	28.57	28.57	16.92	35.13	42.29	28.57	21.8	28.14	30.8	33.57	28.57	19.62	27.83
21.77	15.07	48.59	29.12	28.34	48.59	10.66	48.59	29.12	21.95	48.59	10.66	29.12	29.12	34.53	36.19	22.61	23.29	29.12	15.07	48.59	21.95	21.26	50.82
11.6	8.64	37.28	11.19	14.39	27.75	11.13	33.9	12.99	5.14	48.84	30.71	22.45	11.19	17.38	46.55	17.95	14.56	32.21	26.73	46.25	8.64	15.6	14.39
12.26	50.52	46.51	14.03	51.12	68.99	14.04	24.76	51.12	12.95	56.43	33.46	14.04	14.03	54.4	46.64	19.27	46.64	31.97	12.02	70.23	15.32	38.2	73.92
1.81	1.5	3.57	3.39	3.6	3.88	3.37	3.77	3.33	3.4	3.94	3.57	3.57	1.77	2.05	2.22	1.98	1.6	3.63	2.12	3.77	3.46	3.79	3.62
6.53	16.07	11.05	8.08	19.69	7.34	6.92	16.92	6.53	11.61	7.29	25.86	9.53	18.26	11.32	5.45	12.41	6.26	11.71	9.83	23.55	11.09	9.48	19.25
6.05	12.04	6.54	15.51	18.87	16.27	17.2	14.7	6.67	5.78	14.85	11.04	7.96	9.45	8.44	6.44	5.77	9.27	11.89	19.54	10.94	3.52	10.84	15.22
9.42	9.42	45.13	16.02	39.54	47.77	15.93	62.75	7.43	11.05	34.27	37.99	33.28	26.82	5.94	32.31	23.88	6.54	51.54	4.97	41.16	15.02	52.82	45.33
23.18	19.36	15.98	12.81	34.01	39.57	12.05	30.41	11.6	33.96	27.12	18.44	22.04	25.55	27.83	17.33	14.93	18.8	33.96	12.96	33.07	11.39	23.96	20.9
59.48	7.42	41.52	53.64	78.01	69.78	45.19	44.1	45.03	23.07	44.1	44.27	35.59	38.92	21.97	33.3	30.67	19.09	67.9	42.51	69.78	51.7	67.92	67.92
6.59	6.59	6.71	14.86	25.04	19.16	13.21	24.58	6.55	9.91	22.11	14.62	6.59	6.45	6.86	12.59	6.88	14.38	13.94	9.89	24.58	7.22	14.37	21.37
8.13	29.28	10.12	11.64	61.63	35.86	43.99	100.0	22.05	31.98	100.0	22.05	16.76	10.12	16.26	31.98	24.02	8.61	22.64	32.38	35.41	4.37	13.32	37.71
18.21	24.21	15.28	15.28	20.04	15.28	43.33	15.28	10.98	11.64	15.28	21.48	35.0	13.83	23.83	20.04	19.41	8.28	20.04	43.33	15.28	30.32	35.0	15.28
6.94	6.94	6.94	6.94	4.13	6.94	6.63	18.99	7.21	6.94	6.94	6.94	6.94	6.63	6.63	6.94	7.19	7.21	6.94	6.94	18.99	6.94	6.94	6.94
3.23	19.72	58.64	33.24	58.64	34.79	21.82	72.42	19.56	3.72	58.64	32.23	35.22	8.91	18.54	20.84	21.82	35.06	28.86	51.81	72.86	34.79	21.65	37.26
35.82	13.25	8.32	11.72	30.63	24.03	6.61	12.13	9.17	14.76	38.32	5.4	2.32	24.08	20.16	9.82	8.02	4.65	4.65	12.02	15.25	16.24	19.85	14.64
30.37	64.64	53.7	45.15	67.83	67.83	42.64	67.83	67.3	25.54	67.83	45.15	19.4	34.15	24.26	67.83	45.15	19.92	67.83	67.83	67.83	42.46	27.44	67.83
26.78	27.98	25.95	42.22	43.11	35.57	16.97	38.3	27.67	18.13	39.04	32.28	22.02	25.86	23.76	29.07	29.96	19.37	27.05	20.55	38.41	29.98	23.99	37.73
7.32	20.12	48.38	24.26	34.44	32.09	19.16	17.48	7.44	7.72	20.01	26.41	7.39	27.24	14.11	23.41	21.72	16.26	32.43	19.47	59.75	18.75	22.9	29.31
14.28	14.77	21.25	9.77	6.73	30.1	17.48	15.21	6.7	4.07	7.87	10.77	9.91	9.25	20.29	17.66	4.95	3.64	2.8	5.24	32.01	6.9	8.08	23.94
19.2	6.9	23.51	23.87	24.94	21.83	15.21	24.96	14.86	13.27	23.53	24.97	14.84	4.84	18.42	24.24	22.56	5.18	14.35	12.97	25.45	4.68	7.09	25.11
47.99	53.94	79.38	62.4	89.42	74.32	47.91	67.07	58.38	59.88	78.48	69.73	62.81	64.07	71.26	89.42	58.38	47.46	78.48	58.38	67.07	34.3	75.39	78.61
4.16	4.14	12.88	13.0	13.26	13.33	5.06	19.52	11.16	3.89	13.83	8.88	16.95	6.98	7.54	9.56	11.92	3.8	7.91	15.36	8.86	8.69	5.73	15.64
53.57	8.51	20.57	31.18	19.92	20.46	38.05	53.37	49.85	20.46	41.12	32.23	18.38	6.59	9.56	13.32	46.37	37.88	13.32	18.95	56.11	5.09	47.36	56.11
17.77	28.99	21.83	21.83	21.83	27.22	32.22	17.81	11.77	4.85	39.94	18.23	8.04	25.76	15.36	22.35	18.64	17.81	22.17	29.8	47.67	28.71	21.74	31.51
6.29	6.63	5.14	6.29	10.86	11.45	6.59	7.54	9.85	6.44	6.63	5.42	6.29	14.96	8.53	11.45	4.89	3.03	11.45	10.98	11.45	6.63	6.63	9.11
16.63	13.82	21.91	18.06	24.79	23.77	15.59	16.83	24.22	24.14	31.84	22.33	21.5	15.06	19.94	24.22	11.01	20.42	22.29	21.01	25.71	12.85	14.42	16.87
9.76	7.24	5.86	12.71	9.17	12.73	8.04	12.71	20.22	5.47	14.49	12.27	13.68	5.86	9.32	13.87	13.4	8.84	13.23	12.18	13.27	13.57	4.38	13.78
16.08	18.25	20.75	3.97	40.69	36.83	28.09	39.13	10.75	9.06	18.31	18.49	17.93	4.95	25.78	24.4	18.79	16.51	30.46	12.28	23.18	6.32	20.61	12.94
54.48	51.23	52.02	41.58	46.09	46.09	39.33	53.01	48.89	30.34	46.09	61.79	53.87	18.97	43.64	53.01	42.9	32.34	58.77	56.42	46.09	32.89	54.48	52.76
25.97	15.85	29.07	5.52	3.46	3.66	29.07	6.44	3.46	29.07	6.44	3.66	3.66	29.07	21.4	3.42	20.56	23.46	23.46	3.46	6.44	21.4	29.07	29.07
38.53	49.76	51.82	54.03	54.03	41.95	49.34	54.03	20.92	39.78	48.72	54.03	47.1	6.39	42.38	47.1	41.95	42.1	44.56	73.32	53.57	39.62	48.72	87.87
14.5	10.67	7.99	9.26	33.43	16.47	10.46	10.77	2.95	10.67	10.56	32.64	16.81	38.96	8.91	16.37	10.99	16.81	39.73	26.65	15.5	8.81	35.51	5.33
14.58	5.52	19.22	29.28	16.96	24.46	3.25	11.38	26.41	20.3	16.92	26.04	12.23	11.43	17.0	17.91	26.02	29.06	26.04	13.77	34.86	16.37	26.02	24.88
18.3	10.03	11.28	22.29	22.74	8.71	13.18	29.6	25.4	15.43	26.98	23.45	10.74	7.0	24.18	28.39	9.64	11.64	12.56	34.42	26.24	7.1	12.76	34.47
34.67	34.67	27.95	25.86	29.79	27.52	22.87	32.19	18.6	25.47	29.95	27.53	22.54	19.76	23.74	27.52	29.95	16.48	20.33	23.78	33.37	17.9	27.89	27.53
4.3	14.11	14.04	13.78	35.95	32.41	12.13	31.21	18.13	10.44	36.5	9.43	25.13	14.67	25.21	14.45	13.31	5.13	34.54	19.05	35.95	16.61	17.45	13.63
26.84	27.07	57.83	35.58	50.58	54.37	18.96	69.59	44.12	32.66	63.41	46.16	41.34	26.12	76.14	60.95	74.72	11.45	83.73	5.82	82.66	43.55	42.79	90.25
10.05	9.39	9.88	11.22	11.91	7.24	10.59	15.57	9.39	13.3	15.57	10.41	11.06	11.66	10.24	12.12	9.43	8.76	6.34	10.31	7.15	10.31	10.31	5.61
9.35	13.92	29.89	17.2	34.7	47.96	6.71	55.67	10.11	13.38	38.54	24.11	12.3	28.25	14.02	29.21	9.35	15.53	9.22	19.95	36.2	10.87	6.71	46.92
7.08	7.16	20.8	21.29	27.27	7.31	6.96	7.6	6.6	2.43	7.44	7.76	19.62	8.42	3.84	19.99	10.71	20.02	6.98	25.07	12.14	12.38	22.24	7.76
5.69	4.21	19.73	3.35	14.8	29.67	10.01	17.47	15.27	9.07	38.5	7.83	7.18	3.35	5.71	26.86	4.32	7.03	9.09	1.6	21.81	3.71	14.18	14.69
6.15	7.43	28.82	12.21	8.84	25.41	6.61	25.92	11.15	12.21	25.92	12.91	16.07	28.82	25.39	40.47	15.26	9.24	16.07	10.99	13.57	7.41	15.85	16.5
40.87	42.31	49.25	42.26	39.7	49.25	40.87	49.25	43.72	18.41	28.97	43.85	19.33	56.46	42.26	43.77	41.58	27.28	27.34	27.12	28.97	9.59	19.69	28.97
49.86	58.94	72.28	72.28	72.28	72.28	53.61	92.11	75.91	87.64	72.28	72.28	71.41	36.73	46.96	27.27	71.41	64.04	72.67	68.28	72.28	43.74	60.84	56.43
8.26	14.98	25.46	30.89	37.81	35.21	17.82	35.21	17.46	21.96	38.93	33.11	17.85	13.59	20.26	36.2	22.47	18.56	11.97	29.9	42.0	8.54	13.95	44.02
28.51	28.11	35.71	29.42	35.68	35.71	27.81	58.42	53.86	24.34	57.31	31.24	49.53	30.09	27.17	37.93	14.38	36.18	25.5	17.32	67.92	61.62	22.49	60.6
8.93	34.53	10.36	39.33	37.49	44.86	39.33	51.94	44.86	38.77	51.28	44.75	38.75	41.04	4.21	54.48	36.23	39.36	53.68	51.06	70.54	35.65	39.33	65.54
9.51	4.14	11.45	15.88	15.98	19.52	7.6	61.3	10.58	7.58	43.79	18.46	9.75	7.58	14.41	18.46	11.15	7.24	5.54	24.46	26.34	2.35	10.08	15.88
9.51	4.14	10.66	13.17	19.52	20.97	13.82	34.58	29.24	11.79	23.28	19.52	25.86	7.58	4.3	19.52	18.46	4.55	22.54	16.54	16.65	4.33	10.08	17.51
18.84	3.68	45.79	41.69	15.4	45.79	20.69	15.4	20.46	12.4	38.74	15.4	15.4	45.79	35.99	15.4	13.83	8.89	15.4	38.5	15.4	25.34	15.72	15.4
13.34	17.92	8.61	28.27	40.03	15.69	11.54	19.12	14.73	32.04	11.35	12.64	7.32	4.37	25.14	8.03	15.52	14.11	10.94	4.56	29.5	2.78	6.86	17.43
9.8	6.98	24.03	30.76	36.03	38.21	14.99	42.73	29.0	21.48	47.78	24.55	12.09	11.6	15.56	50.54	22.04	33.28	35.42	10.62	42.4	21.26	21.95	36.82
12.38	25.92	10.33	8.67	21.68	20.8	13.93	20.8	25.38	5.7	20.8	22.6	13.31	18.33	9.73	23.05	28.73	11.86	11.43	11.31	20.8	28.88	28.73	24.71
21.34	17.27	15.89	20.79	28.55	20.79	17.27	64.7	17.78	16.68	73.81	20.79	17.78	18.24	10.38	22.34	17.27	11.36	11.36	10.98	42.46	15.53	17.27	28.55
39.1	40.41	13.15	39.42	23.8	39.1	15.81	39.54	20.2	7.68	39.54	23.78	39.54	13.29	6.59	23.78	22.25	23.78	23.8	23.78	16.7	7.75	39.42	39.54
13.55	15.85	27.3	19.08	14.99	27.3	24.38	27.3	27.3	14.32	15.85	19.08	27.3	27.3	15.85	27.3	17.75	16.78	18.89	24.38	8.52	14.32	15.85	58.77
10.98	41.69	19.25	32.59	11.15	23.83	6.02	42.06	6.99	36.62	29.49	32.64	40.34	38.99	42.98	47.18	35.96	34.07	38.64	46.15	53.82	13.93	36.62	10.66
22.7	34.51	28.1	34.99	29.37	26.7	16.87	22.96	3.67	13.09	25.41	18.56	25.83	28.05	16.83	19.11	19.68	15.11	27.57	24.16	27.39	31.57	31.01	19.11
16.25	27.26	29.34	40.98	45.44	6.89	10.5	46.1	34.08	3.46	62.77	43.17	27.73	34.2	7.5	45.53	46.45	30.79	34.99	36.32	64.11	9.83	31.31	46.1
13.58	12.43	16.11	20.94	28.43	16.45	4.0	27.49	8.79	4.72	35.7	19.97	12.89	18.57	3.9	6.97	6.97	12.07	4.87	14.84	24.44	12.43	4.07	25.09
5.82	7.82	14.59	10.26	21.16	16.39	11.84	14.04	14.6	6.49	9.84	19.83	15.03	7.73	20.59	14.51	17.99	16.4	16.71	15.2	15.88	7.96	6.76	8.13
2.19	3.04	10.48	5.64	4.37	5.34	7.37	8.81	6.03	5.49	10.7	7.0	4.54	8.23	3.26	3.65	4.74	4.4	9.4	0.33	12.22	1.46	6.53	9.74
33.54	24.49	25.41	23.82	28.62	25.41	33.96	14.36	16.77	6.51	22.75	23.08	23.82	6.17	32.48	32.91	27.87	31.09	44.32	12.07	31.75	12.35	24.79	17.99
9.64	10.59	31.92	24.83	33.98	33.98	12.1	24.41	8.44	8.94	32.62	9.31	9.38	4.46	8.12	23.55	18.09	7.88	8.94	8.94	15.5	9.81	10.05	29.53
26.18	9.23	13.76	14.05	12.12	17.82	8.82	6.68	7.46	7.3	9.22	8.01	6.63	10.41	6.34	9.73	10.54	6.52	18.51	34.41	11.22	9.77	17.45	7.1
5.12	7.77	8.2	25.34	12.83	24.96	3.59	24.34	8.54	6.92	24.96	24.34	7.09	21.98	4.83	14.8	11.3	4.41	8.67	37.98	14.8	3.82	5.61	10.83
14.32	32.52	47.97	55.96	43.15	45.09	27.75	42.54	24.83	17.82	39.36	39.85	26.78	35.8	25.11	36.83	38.87	18.45	25.67	29.54	32.27	12.27	38.01	30.68
6.93	10.08	23.83	26.92	18.17	29.12	14.03	26.92	6.72	11.31	35.66	33.51	7.92	13.26	9.61	17.2	11.64	7.69	10.66	20.15	56.42	21.87	48.41	56.42
30.51	50.14	57.78	58.76	22.54	30.75	22.27	40.57	30.75	30.38	25.66	36.39	50.14	41.68	35.85	34.11	38.37	27.83	29.08	22.54	43.93	38.89	47.42	38.18
14.68	16.56	51.09	37.92	54.39	58.57	7.65	100.0	40.29	15.94	58.34	36.19	17.63	13.99	20.04	34.5	12.86	13.66	48.95	12.58	82.82	12.58	45.72	100.0
11.45	14.38	48.86	38.38	42.21	75.79	17.95	37.03	28.22	3.38	53.46	55.24	13.6	15.68	22.49	18.48	61.98	16.07	32.71	29.93	73.59	54.67	39.21	69.9
