SOURCE_SHEET;TERM NUMBER;IT EXAMPLE;LEGAL DOMAIN;IT TERM;STANDARDISED/RECOMMENDED;TARGET HYPOTHESIS (DE SOUTH TYROL);OTHER TERMS SOUTH TYROL (CSV);TERMS FROM OTHER LEGAL SYTEMS (CSV);OPTIONS;opus
homonyms;1;Il locale di servizio per il custode e per i bidelli va collocato in prossimità e con visuale sull'ingresso principale.;administrative law;custode;yes;Hausmeister;;;Hausmeister, Verwahrer;der Dienstraum für der Hausmeister und Schulwartin sein in der Nähe und mit Sicht an Haupteingang zu versehen 
homonyms;1;Il custode lavora nelle sedi di uffici e nelle scuole, dove svolge servizi di vigilanza, di pulizia e di manutenzione, nonché servizi ausiliari di segreteria, conformemente alle istruzioni delle professionalità superiori.;administrative law;custode;yes;Hausmeister;;;Hausmeister, Verwahrer;-- der Hausmeister arbeiten in Büro und Schule  wo er Aufsicht  Reinigung und Instandhaltungsdienst sowie Hilfsdienst für der Sekretariat nach der Anweisung der Vorgesetzten versehen  
homonyms;1;In mancanza del custode oppure quando il dirigente ritiene necessario che venga coadiuvato da altro personale nello sgombero della neve, possono essere incaricati di questa operazione anche i bidelli.;administrative law;custode;yes;Hausmeister;;;Hausmeister, Verwahrer;-- sein der Hausmeister fehlen oder erachten der Leiter es für notwendig  dass er von anderer Personal bei der Schneeräumung unterstützen werden  können auch Schulwart mit dieser Amtshandlung beauftragen werden  
homonyms;1;In base alle rilevazioni del fabbisogno viene assegnata una persona con funzioni di custode unicamente alle scuole che per motivate ragioni presentano particolari esigenze strutturali e tecniche e purché vi sia un appartamento per il custode.;administrative law;custode;yes;Hausmeister;;;Hausmeister, Verwahrer;-- aufgrund der Bedarfserhebung werden ein Person mit Hausmeisterfunktion nur Schule zugewiesen  der aus gerechtfertigt Grund besonderer strukturell und technisch Erfordernis aufweisen und sofern ein Hausmeisterwohnung vorhanden sein  
homonyms;1;Per il profilo professionale di custode si deve calcolare un impegno almeno parziale di attività di pulizia.;administrative law;custode;yes;Hausmeister;;;Hausmeister, Verwahrer;für der Berufsbild Hausmeister  Hausmeisterin muss ein mindestens teilweis Einsatz an Reinigungsarbeit berechnen werden 
homonyms;2;Il compenso al custode è stabilito, con decreto, dal pretore nel caso di nomina fatta dall'ufficiale giudiziario, e in ogni altro caso dal giudice che l'ha nominato.;civil procedure law;custode;yes;Verwahrer;;gerichtlich Verwahrer;Hausmeister, Verwahrer;-- der Vergütung für der Verwahrer werden von Bezirksgericht in Fall der Bestellung durch der Gerichtsvollzieher und in jeder anderer Fall durch der Gericht  der sie bestellen haben  mit Dekret festsetzen  
homonyms;2;I diritti amministrativi diversi da quelli previsti nel presente articolo spettano, nel caso di pegno o di usufrutto, sia al socio sia al creditore pignoratizio o all'usufruttuario mentre nel caso di sequestro sono esercitati dal custode.;civil procedure law;custode;yes;Verwahrer;;gerichtlich Verwahrer;Hausmeister, Verwahrer;-- der Verwaltungsrecht  der nicht in dieser Artikel vorsehen sein  stehen in Fall ein Pfandrecht oder ein Fruchtgenussrecht sowohl der Gesellschafter als auch der Pfandgläubiger oder der Fruchtnießer zu  während sie in Fall ein Beschlagnahme von Verwahrer ausüben werden  
homonyms;2;Nel caso di sequestro delle azioni il diritto di voto è esercitato dal custode.;civil procedure law;custode;yes;Verwahrer;;gerichtlich Verwahrer;Hausmeister, Verwahrer;in Fall der Beschlagnahme der Aktie werden der Stimmrecht von Verwahrer ausüben 
homonyms;2;La conservazione e l'amministrazione dei beni pignorati o sequestrati sono affidate a un custode, quando la legge non dispone altrimenti.;civil procedure law;custode;yes;Verwahrer;;gerichtlich Verwahrer;Hausmeister, Verwahrer;-- der Erhaltung und Verwaltung der gepfändet oder beschlagnahmt Sache werden ein Verwahrer übertragen  wenn der Gesetz nichts anderer bestimmen  
homonyms;2;Il giudice, d'ufficio o su istanza di parte, può disporre in ogni tempo la sostituzione del custode.;civil procedure law;custode;yes;Verwahrer;;gerichtlich Verwahrer;Hausmeister, Verwahrer;der Gericht können von Amts wegen oder auf Antrag ein Partei jederzeit der Ersetzung der Verwahrer verfügen 
homonyms;3;Per sostenere l'avvio, il potenziamento e la riorganizzazione delle cooperative, la Provincia può promuovere la costituzione e lo sviluppo di cooperative di lavoro fra lavoratori che siano stati licenziati a seguito di fallimento o di altra procedura concorsuale.;insolvency law;procedura concorsuale;yes;Insolvenzverfahren;;;Wettbewerbsverfahren, Insolvenzverfahren;-- um der Beginn  der Stärkung und der Reorganisation der Genossenschaft zu unterstützen  können der Land der Gründung und Entwicklung von Arbeitsgenossenschaft unter Arbeitnehmer fördern  der infolge ein Konkurs oder ein anderer Wettbewerbsverfahren entlassen werden sein  
homonyms;3;Prima della scadenza del suo incarico l'amministratore giudiziario convoca e presiede l'assemblea per la nomina dei nuovi amministratori e sindaci o per proporre, se del caso, la messa in liquidazione della società o la sua ammissione ad una procedura concorsuale.;insolvency law;procedura concorsuale;yes;Insolvenzverfahren;;;Wettbewerbsverfahren, Insolvenzverfahren;-- vor Ablauf sein Auftrag berufen der Gerichtsverwalter der Gesellschafterversammlung zu Bestellung neu Verwalter und Überwachungsratsmitglied ein und führen der Vorsitz  oder er schlagen gegebenenfalls der Auszahlung der Gesellschaft oder der Zulassung zu ein Wettbewerbsverfahren vor  
homonyms;3;Non sono ammesse alle agevolazioni i soggetti in stato di scioglimento o liquidazione volontaria o sottoposti a procedure concorsuali, quali fallimento, liquidazione coatta amministrativa, concordato preventivo, amministrazione controllata o straordinaria.;insolvency law;procedura concorsuale;yes;Insolvenzverfahren;;;Wettbewerbsverfahren, Insolvenzverfahren;-- nicht förderfähig sein Person  der sich in Auflösung oder freiwillig Liquidation befinden oder ein Wettbewerbsverfahren unterwerfen sein  wie Konkurs  Zwangsliquidation in Verwaltungsweg  Ausgleich  Aufsichtsverwaltung oder außerordentlich Verwaltung  
homonyms;3;Nel caso in cui l’impresa capofila sia soggetta a scioglimento o liquidazione volontaria oppure sia sottoposta a procedure concorsuali, una delle imprese aderenti, in accordo con le altre imprese coinvolte nel progetto, può assumere le funzioni di impresa capofila.;insolvency law;procedura concorsuale;yes;Insolvenzverfahren;;;Wettbewerbsverfahren, Insolvenzverfahren;-- falls der federführend Unternehmen der Auflösung oder freiwillig Liquidation unterwerfen sein oder ein Wettbewerbsverfahren unterziehen werden  können einer der Partnerunternehmen  in Absprache mit der anderer an Projekt beteiligt Unternehmen  der Funktion ein federführend Unternehmen übernehmen  
homonyms;3;Possono beneficiare delle agevolazioni le cooperative di produzione e lavoro composte per almeno il 60 per cento da lavoratori che siano stati licenziati a seguito di fallimento o di altra procedura concorsuale o di chiusura definitiva dell'azienda.;insolvency law;procedura concorsuale;yes;Insolvenzverfahren;;;Wettbewerbsverfahren, Insolvenzverfahren;-- Anspruch auf der Förderung haben Produktion und Arbeitsgenossenschaft  der zu mindestens 60 Prozent aus Arbeitnehmer bestehen  der aufgrund ein Konkurs oder ein anderer Wettbewerbsverfahren oder endgültig Schließung der Betrieb entlassen werden sein  
homonyms;4;Per i collaboratori all'integrazione presso le strutture scolastiche, di seguito denominati personale d’integrazione provinciale, vengono effettuate procedure concorsuali per il conseguimento dell’idoneità.;administrative law;procedura concorsuale;yes;Wettbewerbsverfahren;;;Wettbewerbsverfahren, Insolvenzverfahren;-- für Mitarbeiter für Integration in der schulisch Einrichtung  in der Folge Landesintegrationspersonal nennen  werden Wettbewerbsverfahren zu Erlangung der Eignung durchführen  
homonyms;4;Nel bando può essere inoltre stabilito che il personale deve avere una determinata precedenza per l’anzianità di servizio nella graduatoria per l’ammissione alla procedura concorsuale.;administrative law;procedura concorsuale;yes;Wettbewerbsverfahren;;;Wettbewerbsverfahren, Insolvenzverfahren;-- in der Ausschreibung können außerdem festlegen werden  dass der Personal in der Rangordnung für der Zulassung zu Wettbewerbsverfahren ein bestimmt Vorrang für der Dienstalter haben muss  
homonyms;4;La partecipazione alla procedura concorsuale è obbligatoria per il personale ammesso.;administrative law;procedura concorsuale;yes;Wettbewerbsverfahren;;;Wettbewerbsverfahren, Insolvenzverfahren;der Teilnahme an Wettbewerbsverfahren sein für der zugelassen Personal verpflichtend 
homonyms;4;In caso di procedure concorsuali con posti riservati esclusivamente al gruppo linguistico ladino, uno dei membri della commissione esaminatrice appartiene al gruppo linguistico ladino.;administrative law;procedura concorsuale;yes;Wettbewerbsverfahren;;;Wettbewerbsverfahren, Insolvenzverfahren;-- in Fall von Wettbewerbsverfahren mit Stelle  der ausschließlich der ladinisch Sprachgruppe vorbehalten sein  gehören einer der Mitglied der Prüfungskommission der ladinisch Sprachgruppe an  
homonyms;4;Per una procedura concorsuale, in caso di necessità, possono essere nominate due o più commissioni esaminatrici.;administrative law;procedura concorsuale;yes;Wettbewerbsverfahren;;;Wettbewerbsverfahren, Insolvenzverfahren;-- für ein Wettbewerbsverfahren können  falls notwendig  zwei oder mehr Prüfungskommission ernennen werden  
homonyms;5;Per le cause indicate dall'articolo precedente l'autorità amministrativa, nei limiti e con le forme stabiliti da leggi speciali, può sottoporre a particolari vincoli od obblighi di carattere temporaneo le aziende commerciali e agricole.;civil law;vincolo;yes;Beschränkung;;;Bindung, Beschränkung;aus der in vorhergehend Artikel bezeichnet Grund können der Verwaltungsbehörde in der von Sondergesetz festgesetzt Rahmen und in der von ihnen festgesetzt Form der Handel und Landwirtschaftsbetrieb besonderer Beschränkung oder zeitweilig Pflicht unterwerfen werden 
homonyms;5;Il compratore può sospendere il pagamento del prezzo, se la cosa venduta risulta gravata da garanzie reali o da vincoli derivanti da pignoramento o da sequestro, non dichiarati dal venditore e dal compratore stesso ignorati.;civil law;vincolo;yes;Beschränkung;;;Bindung, Beschränkung;-- der Käufer können der Zahlung der Preis aussetzen  wenn sich der verkauft Sache durch dinglich Sicherheit oder durch Bindung  der aus der Pfändung oder Beschlagnahme herrühren und nicht von Verkäufer und von Käufer selbst für unbekannt erklären werden sein  belasten erhalten  
homonyms;5;Il pegno, il sequestro, il pignoramento e ogni altro vincolo sul diritto menzionato in un titolo di credito o sulle merci da esso rappresentate non hanno effetto se non si attuano sul titolo.;civil law;vincolo;yes;Beschränkung;;;Bindung, Beschränkung;-- der Pfandrecht  der Beschlagnahme  der Pfändung und jeder anderer Bindung an der in ein Wertpapier oder an der von ihm vertreten Ware erwähnt Recht haben kein Wirkung  wenn sie nicht auf der Papier erfolgen  
homonyms;5;La seconda sezione del Consiglio di Stato, con sentenza n. 5610 del 29 luglio 2021, ha spiegato quando i vincoli hanno valenza conformativa del diritto di proprietà.;civil law;vincolo;yes;Beschränkung;;;Bindung, Beschränkung;-- der zweiter Sektion der Staatsrat haben mit Urteil Nr. 5610 von 29. Juli 2021 erläutern  wenn der Bindung der Eigentumsrecht angemessen wichtig haben  
homonyms;5;La trasmissione o il vincolo dell'ipoteca per cessione, surrogazione, pegno, postergazione di grado o costituzione in dote del credito ipotecario, nonché per sequestro, pignoramento o assegnazione del credito medesimo si deve annotare in margine all'iscrizione dell'ipoteca.;civil law;vincolo;yes;Beschränkung;;;Bindung, Beschränkung;-- der Übertragung oder der Bindung der Hypothek wegen Abtretung  Einsetzung  Pfandrecht  Nachfolge der Stufe oder Bestellung der Mittel der Hypothekarkredit sowie wegen Beschlagnahme  Pfändung oder Zuweisung der Forderung sein an Rand der Einschreibung der Hypothek anmerken  
homonyms;6;Il contratto preliminare crea un vincolo tra le parti, obbligate alla futura sottoscrizione di un contratto definitivo.;civil law;vincolo;yes;Bindung;;;Bindung, Beschränkung;-- der Vorvertrag schaffen ein Bindung zwischen der Partei  der zu zukünftig Unterzeichnung ein endgültig Vertrag verpflichten sein  
homonyms;6;L'affinità è il vincolo che si crea tra un coniuge e i parenti dell'altro coniuge.;civil law;vincolo;yes;Bindung;;;Bindung, Beschränkung;-- der Schwägerschaft sein der Bindung  der zwischen ein Ehegatt und der verwandte der anderer Ehegatt schaffen werden  
homonyms;6;Nei contratti con più di due parti, la nullità che colpisce il vincolo di una sola delle parti non importa nullità del contratto, salvo che la partecipazione di essa debba, secondo le circostanze, considerarsi essenziale.;civil law;vincolo;yes;Bindung;;;Bindung, Beschränkung;-- bei Vertrag mit mehr als zwei Partei bewirken der Nichtigkeit  der der Bindung nur einer der Partei betreffen  kein Nichtigkeit der Vertrag  es sein denn  dass der Beteiligung der Vertrag je nach der Umstand als wesentlich zu betrachten sein  
homonyms;6;Se alla promessa non è apposto un termine, il vincolo del promittente cessa, qualora entro l'anno dalla promessa non gli sia stato comunicato l'avveramento della situazione o il compimento dell'azione prevista nella promessa.;civil law;vincolo;yes;Bindung;;;Bindung, Beschränkung;-- wenn der Versprechen kein Frist beilegen werden  enden der Bindung der Versprechenden  wenn ihm nicht innerhalb ein Jahr ab der Versprechen der eintreten der Situation oder der in Versprechen vorgesehen Handlung mitteilen werden sein  
homonyms;6;Né la Costituzione né il codice civile definiscono il matrimonio, ma dalle disposizioni di legge si può ricavare che si tratta di un vincolo che unisce due persone e che attribuisce ai coniugi uno status giuridico ben preciso.;civil law;vincolo;yes;Bindung;;;Bindung, Beschränkung;-- der Verfassung und der Zivilgesetzbuch bestimmen weder der Ehe  sondern aus der gesetzlich Bestimmung können sich hervorgehen  dass es sich um ein Bindung handeln  der zwei Person zusammenfügn und der Ehegatt ein gut genau Rechtsstatus zuerkennen  
homonyms;7;In caso contrario, deve procedersi senza indugio all'annullamento delle azioni e alla corrispondente riduzione del capitale.;company law;annullamento;no;Vernichtung;;Kraftloserklärung von Aktie  Wirksamwerden der Kapitalherabsetzung;Vernichtung, Nichtigerklärung, Aufhebung;andernfalls sein der Nichtigerklärung der Aktie und der entsprechend Herabsetzung der Kapital unverzüglich vornehmen 
homonyms;7;L'atto costitutivo può prevedere, salvo in ogni caso quanto disposto dal quinto comma dell'articolo 2346, che per effetto dell'annullamento delle azioni disposto nel presente comma si determini una loro diversa ripartizione tra i soci.;company law;annullamento;no;Vernichtung;;Kraftloserklärung von Aktie  Wirksamwerden der Kapitalherabsetzung;Vernichtung, Nichtigerklärung, Aufhebung;-- der Gründungsakt können in jeder Fall vorsehen  dass auf Grund der in dieser Absatz verfügt Nichtigerklärung der Aktie ein anderer Aufteilung der Aktie unter der Gesellschafter vornehmen werden  vorbehaltlich der Bestimmung der fünfter Absatz der Artikel 2346. 
homonyms;7;L’annullamento comporta anche l’eliminazione della riserva negativa che era stata appostata nel patrimonio netto a fronte dell'acquisto delle azioni.;company law;annullamento;no;Vernichtung;;Kraftloserklärung von Aktie  Wirksamwerden der Kapitalherabsetzung;Vernichtung, Nichtigerklärung, Aufhebung;-- der Nichtigerklärung bewirken auch der Beseitigung der negativ Rücklage  der bei Ankauf der Aktie in der Eigenkapital einbringen sein  
homonyms;7;In caso di riduzione del capitale sociale mediante annullamento di azioni proprie, la differenza positiva o negativa tra il costo delle azioni annullate e la corrispondente quota del patrimonio netto non concorre alla formazione del reddito.;company law;annullamento;no;Vernichtung;;Kraftloserklärung von Aktie  Wirksamwerden der Kapitalherabsetzung;Vernichtung, Nichtigerklärung, Aufhebung;in Fall ein Herabsetzung der Gesellschaftskapital durch Nichtigerklärung eigen Aktie tragen der positiv oder negativ Differenz zwischen der Kosten der für nichtig erklärt Aktie und der entsprechend Anteil an Eigenkapital nicht zu Ertragserlangung bei 
homonyms;7;Nella determinazione del reddito delle società partecipanti alla scissione non si tiene conto dell'avanzo o del disavanzo conseguenti al rapporto di cambio delle azioni o quote ovvero all'annullamento di azioni o quote a norma dell'art. 2504 novies del codice civile.;company law;annullamento;no;Vernichtung;;Kraftloserklärung von Aktie  Wirksamwerden der Kapitalherabsetzung;Vernichtung, Nichtigerklärung, Aufhebung;-- bei der Bestimmung der Einkommen der an der Spaltung beteiligt Gesellschaft werden der Überschuss oder der Fehlbetrag  der sich aus der Umwandlungsverhältnis der Aktie oder Anteil oder aus der Nichtigerklärung von Aktie oder Anteil gemäß Artikel 2504 nevies der Zivilgesetzbuch ergeben  nicht berücksichti 
homonyms;8;La ricorrente sostiene che non esistono nella giurisprudenza di questa Corte precedenti favorevoli all'estensione di tale potere governativo di annullamento anche agli atti delle Regioni e Province autonome.;administrative law;annullamento;yes;Aufhebung;Annullierung;Rücknahme mit Rückwirkung  ex-tunc-Rücknahme;Vernichtung, Nichtigerklärung, Aufhebung;-- der Beschwerdeführung erwähnen  dass es in der Rechtsprechung dieser Rechtsgericht vorher nicht zu Gunst der Ausdehnung dieser Regierungsbefugnis gehören  der auch auf der Akt der Region und autonom Provinz aufheben sollen  
homonyms;8;L’annullabilità e l’annullamento degli atti amministrativi costituisce ancora oggi il principale strumento di effettività del diritto amministrativo a garanzia dei fondamentali valori costituzionali sul buon andamento e l’imparzialità della pubblica amministrazione.;administrative law;annullamento;yes;Aufhebung;Annullierung;Rücknahme mit Rückwirkung  ex-tunc-Rücknahme;Vernichtung, Nichtigerklärung, Aufhebung;-- der Nichtigerklärung und der Nichtigerklärung der Verwaltungsakt stellen heute noch der wichtig Instrument der Wirklichkeit der Verwaltungsrecht dar  um der grundlegend verfassungsrechtlich Wert für der gut Abwicklung und Unparteilichkeit der öffentlich Verwaltung zu gewährleisten  
homonyms;8;Per i contributi erogati si procede alla verifica, anche a campione, della veridicità di quanto dichiarato e, in caso di dichiarazione non veritiera, all'annullamento dell'atto di concessione del contributo e al recupero delle somme erogate.;administrative law;annullamento;yes;Aufhebung;Annullierung;Rücknahme mit Rückwirkung  ex-tunc-Rücknahme;Vernichtung, Nichtigerklärung, Aufhebung;-- für der ausgezahlt Beitrag werden  auch stichprobenartig  der Wahrheit der Erklärung überprüfen und  in Fall ein falsch Erklärung  der Aufhebung der Beitragsgewährungsakt und der Rückforderung der ausgezahlt Betrag  
homonyms;8;In caso di annullamento in giudizio del provvedimento così adottato, nell'esercitare nuovamente il suo potere l'amministrazione non può addurre per la prima volta motivi ostativi già emergenti dall'istruttoria del provvedimento annullato.;administrative law;annullamento;yes;Aufhebung;Annullierung;Rücknahme mit Rückwirkung  ex-tunc-Rücknahme;Vernichtung, Nichtigerklärung, Aufhebung;-- in Fall der Nichtigerklärung der so getroffen Verfügung vor Gericht können der Verwaltung bei der neu Ausübung ihr Befugnis kein erstmalig Hinderungsgrund aufweisen  der sich aus der Bearbeitung der annulliert Verfügung ergeben  
homonyms;8;Le associazioni iscritte nel registro di cui all’articolo 42 del testo unico, e successive modificazioni, possono intervenire nei giudizi riguardanti i minori stranieri non accompagnati e ricorrere in sede di giurisdizione amministrativa per l’annullamento di atti illegittimi.;administrative law;annullamento;yes;Aufhebung;Annullierung;Rücknahme mit Rückwirkung  ex-tunc-Rücknahme;Vernichtung, Nichtigerklärung, Aufhebung;-- der in Register laut Artikel 42 der vereinheitlicht Text  in geltend Fassung  eingetragen Verein können in Verfahren  der ausländisch minderjährige unbegleitet betreffen  eingreifen und bei der Verwaltungsgerichtsbarkeit zu Nichtigerklärung rechtswidrig Akt Rekurs einlegen  
homonyms;9;L'annullamento del contratto può essere domandato solo dalla parte nel cui interesse è stabilito dalla legge.;law of obligations;annullamento;yes;Nichtigerklärung;;Anfechtung;Vernichtung, Nichtigerklärung, Aufhebung;-- der Nichtigerklärung der Vertrag können nur von der Partei beantragen werden  in der Interesse sie von Gesetz festsetzen sein  
homonyms;9;Il contraente, il cui consenso fu dato per errore, estorto con violenza o carpito con dolo, può chiedere l'annullamento del contratto secondo le disposizioni seguenti.;law of obligations;annullamento;yes;Nichtigerklärung;;Anfechtung;Vernichtung, Nichtigerklärung, Aufhebung;-- der Vertragspartner  der Einwilligung wegen Irrtum  erpressen mit Zwang oder arglistig geben werden sein  können der Nichtigerklärung der Vertrag nach der folgend Bestimmung beantragen  
homonyms;9;Non può contrarre matrimonio la donna, se non dopo trecento giorni dallo scioglimento, dall'annullamento o dalla cessazione degli effetti civili del precedente matrimonio.;law of obligations;annullamento;yes;Nichtigerklärung;;Anfechtung;Vernichtung, Nichtigerklärung, Aufhebung;-- ein Frau können ein Ehe erst nach Ablauf von dreihundert Tag ab Auflösung  Nichtigerklärung oder Erlöschen der zivilrechtlich Wirkung der vorhergehend Ehe schließen  
homonyms;9;L'errore sul motivo, sia esso di fatto o di diritto, è causa di annullamento della disposizione testamentaria, quando il motivo risulta dal testamento ed è il solo che ha determinato il testatore a disporre.;law of obligations;annullamento;yes;Nichtigerklärung;;Anfechtung;Vernichtung, Nichtigerklärung, Aufhebung;-- der Irrtum über der Grund  sein er ein Sachverhalt oder ein Rechtsgrund  sein Grund für der Nichtigerklärung der testamentarisch Verfügung  wenn sich der Grund aus der Testament ergeben und der einzig sein  der der Erblasser zu ein Verfügung bestimmen haben  
homonyms;9;Il curatore dell'inabilitato per prodigalità può chiedere l'annullamento della donazione, anche se fatta nei sei mesi anteriori all'inizio del giudizio d'inabilitazione.;law of obligations;annullamento;yes;Nichtigerklärung;;Anfechtung;Vernichtung, Nichtigerklärung, Aufhebung;der Masseverwalter der beschränkt Entmündigten können der Nichtigerklärung der Schenkung auch in der sechs Monat vor Beginn der Verfahren auf beschränkt Entmündigung beantragen 
homonyms;10;Il contratto di noleggio è un accordo tra due parti, cioè il locatore, che concede il bene in uso, e il conduttore, che utilizza il bene, mediante cui si definisono le condizioni per l’uso temporaneo di un bene mobile. ;law of obligations;conduttore;yes;Bestandnehmer;;;Bestandnehmer, Mieter;-- der Leihvertrag sein ein Vereinbarung zwischen zwei Partei  d.her der Vermieter  der der zu Gebrauch bestimmt Gut gewähren  und der Bestandnehmer  der der Gut nutzen  mit der der Bedingung für der vorübergehend Gebrauch ein beweglich Gut festlegen werden  
homonyms;10;Se si tratta di cose mobili, le spese di conservazione e di ordinaria manutenzione sono, salvo patto contrario, a carico del conduttore.;law of obligations;conduttore;yes;Bestandnehmer;;;Bestandnehmer, Mieter;-- Handelt es sich um beweglich Sache  so gehen der Kosten für der Erhaltung und der ordentlich Instandhaltung  vorbehaltlich ein gegenteilig Abmachung  zu Last der Bestandnehmer  
homonyms;10;La locazione di immobili ad uso diverso da quello abitativo postula la concessione in godimento al conduttore di beni destinati ad attività economiche, sia relative al lavoro autonomo che a quello imprenditoriale.;law of obligations;conduttore;yes;Bestandnehmer;;;Bestandnehmer, Mieter;-- der Miete von Liegenschaft  der nicht zu Wohnung dienen  bewirken der Konzession  der der Mieter von Gut zu Verfügung stehen  der für wirtschaftlich Tätigkeit bestimmen sein  und zwar sowohl für der selbständig als auch für der unternehmerisch Arbeit  
homonyms;10;Il conduttore risponde della perdita e del deterioramento della cosa che avvengono nel corso della locazione, anche se derivanti da incendio, qualora non provi che siano accaduti per causa a lui non imputabile.;law of obligations;conduttore;yes;Bestandnehmer;;;Bestandnehmer, Mieter;-- der Bestandnehmer haften für der Verlust und der Verschlechterung der Sache  der während der Lauf der Bestandverhältnis erfolgen  auch wenn sie aus ein Brand herrühren  wenn er nicht nachweisen  dass sie aus ein von ihm nicht zu vertretend Grund eintreten sein  
homonyms;10;Quando si tratta di cosa mobile stimata e l'assicurazione è stata fatta per valore uguale alla stima, cessa ogni responsabilità del conduttore in confronto del locatore, se questi è indennizzato dall'assicuratore.;law of obligations;conduttore;yes;Bestandnehmer;;;Bestandnehmer, Mieter;-- Handelt es sich um ein geschätzt beweglich Sache und werden der Versicherung zu ein Wert abschließen  der der Schätzung entsprechen  so erlischen jeder Haftung der Bestandnehmer gegenüber der Bestandgeber  wenn dieser von Versicherer entschädigen werden  
homonyms;11;Per i successivi piani di vendita il contingente delle abitazioni da cedere in proprietà ai conduttori viene fissato nella deliberazione di approvazione del piano di vendita.;law of obligations;conduttore;yes;Mieter;Mietpartei;;Bestandnehmer, Mieter;-- für der nachfolgend Verkaufsprogramm werden der Kontingent der Wohnung  der an der Mieter abtreten sein  in Beschluss über der Genehmigung der Verkaufsplan festlegen  
homonyms;11;A pena di decadenza, i conduttori devono comunicare entro 60 giorni all'IPES se intendono acquistare le abitazioni in locazione o se eventualmente sono interessati a prendere in cambio un'altra abitazione in locazione.;law of obligations;conduttore;yes;Mieter;Mietpartei;;Bestandnehmer, Mieter;-- bei sonstig Verfall müssen der Mieter der Wohnbauinstitut innerhalb von 60 Tag mitteilen  ob sie der Mietwohnung kaufen wollen oder ob sie eventuell an der Gegenübernahme ein anderer Mietwohnung interessiert sein  
homonyms;11;Se l'abitazione era locata prima dell'evento calamitoso, al conduttore deve essere concesso il diritto a rientrare nell'alloggio.;law of obligations;conduttore;yes;Mieter;Mietpartei;;Bestandnehmer, Mieter;-- sein der Wohnung vor der Naturkatastrophe vermieten  so sein der Bestandnehmer der Recht zuerkennen werden  zu Wohnung zurückkehren  
homonyms;11;I conduttori che intendono avvalersi della riduzione del prezzo di cessione di cui all'articolo 122 devono presentare contestualmente alla comunicazione di cui al comma 2 apposita istanza, documentando il possesso dei requisiti generali per essere ammessi alle agevolazioni edilizie provinciali.;law of obligations;conduttore;yes;Mieter;Mietpartei;;Bestandnehmer, Mieter;-- der Mieter  der der Reduzierung der Abtretungspreis laut Artikel 122 in Anspruch nehmen wollen  müssen zugleich mit der Mitteilung laut Absatz 2 ein entsprechend Antrag einreichen  in der sie nachweisen  dass sie der allgemein Voraussetzung für der Zulassung zu Wohnbauförderung der Land erfüllen  
homonyms;11;L'IPES richiede all'Ufficio estimo della Provincia la determinazione del prezzo di cessione per quelle abitazioni in ordine alle quali i conduttori hanno manifestato la loro intenzione di acquisto.;law of obligations;conduttore;yes;Mieter;Mietpartei;;Bestandnehmer, Mieter;-- der Wohnbauinstitut verlangen bei Schätzamt der Land der Festsetzung der Abtretungspreis für jener Wohnung  für der der Mieter ihr Kaufabsicht äußern haben  
homonyms;12;Se gli amministratori non provvedono a convocare l'assemblea dell'associazione, la convocazione può essere ordinata dal presidente del tribunale.;civil law;convocazione;yes;Einberufung;;;Vorladung, Einberufung;-- wenn der Verwalter der Vereinigungsversammlung nicht einberufen  können der Einberufung von Präsident der Landesgericht anordnen werden  
homonyms;12;La convocazione dell'assemblea deve essere affissa per non meno di trenta giorni consecutivi nei locali di maggior uso comune o negli spazi a tal fine destinati.;civil law;convocazione;yes;Einberufung;;;Vorladung, Einberufung;-- der Einberufung der Gesellschafterversammlung muss für mindestens dreißig aufeinanderfolgend Tag in der Raum  der für der gemeinsam Benützung am hoch bestimmen sein  oder in der dafür vorgesehen Raum aushängen werden  
homonyms;12;Lo statuto delle società che non fanno ricorso al mercato del capitale di rischio può consentire la convocazione mediante avviso comunicato ai soci con mezzi che garantiscano la prova dell'avvenuto ricevimento almeno otto giorni prima dell'assemblea.;civil law;convocazione;yes;Einberufung;;;Vorladung, Einberufung;-- der Satzung der Gesellschaft  der sich nicht der Risikokapitalmarkt bedienen  können der Einberufung durch Mitteilung an der Gesellschafter erlauben  der mindestens acht Tag vor der Gesellschafterversammlung mittels Mittel über der Nachweis der erfolgt Erhalt mitteilen werden  
homonyms;12;In mancanza delle formalità previste per la convocazione, l'assemblea si reputa regolarmente costituita, quando è rappresentato l'intero capitale sociale e partecipa all'assemblea la maggioranza dei componenti degli organi amministrativi e di controllo.;civil law;convocazione;yes;Einberufung;;;Vorladung, Einberufung;-- bei fehlen der für der Einberufung vorgesehen Förmlichkeit gelten der Gesellschafterversammlung als ordnungsgemäß bilden  wenn der gesamt Gesellschaftskapital vertreten sein und der Mehrheit der Mitglied der Verwaltung und Kontrollorgan an der Gesellschafterversammlung teilnehmen  
homonyms;12;La convocazione su richiesta di soci non è ammessa per argomenti sui quali l'assemblea delibera, a norma di legge, su proposta degli amministratori o sulla base di un progetto o di una relazione da essi predisposta.;civil law;convocazione;yes;Einberufung;;;Vorladung, Einberufung;-- der Einberufung auf Antrag von Gesellschafter sein für Angelegenheit  über der der Gesellschafterversammlung nach der gesetzlich Bestimmung auf Vorschlag der Verwalter oder auf Grund ein von ihnen ausgearbeitet Plan oder Bericht beschließen  nicht zulässig  
homonyms;13;In caso di mancata comparizione dell'interessato per giustificati motivi, si provvede a nuova convocazione dell'udienza.;civil procedure law;convocazione;yes;Vorladung;;;Vorladung, Einberufung;-- werden der betroffener aus gerechtfertigt Grund nicht erscheinen lassen  werden der Verhandlung erneut einberufen  
homonyms;13;Con il provvedimento di sospensione cautelare di cui al comma precedente si procede anche alla contestuale contestazione per iscritto dell'addebito e alla convocazione del dipendente per l'audizione.;civil procedure law;convocazione;yes;Vorladung;;;Vorladung, Einberufung;mit der in vorhergehend Absatz vorgesehen vorbeugend zeitweilig Enthebung werden auch der schriftlich Vorhaltung der Anschuldigung und der Einberufung der bediensteter zu Anhörung vornehmen 
homonyms;13;Quando la convocazione della controparte potrebbe pregiudicare l'attuazione del provvedimento, il presidente provvede con decreto motivato assunte ove occorra sommarie informazioni.;civil procedure law;convocazione;yes;Vorladung;;;Vorladung, Einberufung;-- wenn der Einberufung der Gegenpartei der Durchführung der Verfügung beeinträchtigen können  verfügen der Präsident mit begründet Dekret  falls zusätzlich Information erforderlich sein  
homonyms;13;Il consulente tecnico che non risponde alla convocazione in tribunale decade dall’iscrizione all’albo.;civil procedure law;convocazione;yes;Vorladung;;;Vorladung, Einberufung;-- der Sachverständige  der der Einberufung in der Landesgericht nicht nachkommen  verlieren der Eintragung in der Berufsverzeichnis  
homonyms;13;La convocazione in Tribunale è nel giorno in cui il Giudice dell’Esecuzione assegnatario della causa terrà l’udienza.;civil procedure law;convocazione;yes;Vorladung;;;Vorladung, Einberufung;-- der Einberufung in der Landesgericht erfolgen an Tag  an der der Gericht  der der Rechtsstreit zugewiesen werden  der Verhandlung abwickeln  
homonyms;14;Le commissioni giudicatrici dell'esame di Stato per l'abilitazione all'esercizio della professione di dottore agronomo e dottore forestale nominate con decreto del Ministro dell'università e della ricerca scientifica e tecnologica sono composte da un presidente e da quattro liberi professionisti.;university law;commissione giudicatrice;yes;Prüfungskommission;;Prüfungsausschuss;Prüfungskommission, Bewertungskommission;-- der Kommission für der Staatsprüfung zu Befähigung zu Ausübung der Beruf ein Agronom und Forstmediziner  der mit Dekret der Minister für Universität und Forschung ernennen werden  setzen sich aus ein Präsident und vier Freiberufler zusammen  
homonyms;14;L'approvazione della graduatoria dei candidati può recare una motivazione sintetica, attraverso il richiamo ai verbali della commissione giudicatrice e la verifica della regolarità delle operazioni della commissione stessa e, quindi, della legittimità della procedura concorsuale.;university law;commissione giudicatrice;yes;Prüfungskommission;;Prüfungsausschuss;Prüfungskommission, Bewertungskommission;der Genehmigung der Rangordnung der Bewerber können mittels Rückverweis auf der Niederschrift der Bewertungskommission und durch der Überprüfung der Ordnungsmäßigkeit der Amtshandlung der Kommission und somit der Rechtmäßigkeit der Wettbewerbsverfahren zusammenfassen 
homonyms;14;Il potere di controllo demandato all'amministrazione non le consente di ingerirsi nell'ambito dei poteri tecnico–discrezionali propri della commissione giudicatrice di un concorso.;university law;commissione giudicatrice;yes;Prüfungskommission;;Prüfungsausschuss;Prüfungskommission, Bewertungskommission;-- der der Verwaltung übertragen Kontrollbefugnis lässt es nicht erlauben  sich in Rahmen der technisch und disziplinarrechtlich Befugnis der Prüfungskommission ein Wettbewerb einfügen  
homonyms;14;Il diploma è rilasciato dall'assessorato provinciale competente in materia di formazione sanitaria ed è sottoscritto anche dal presidente della commissione giudicatrice.;university law;commissione giudicatrice;yes;Prüfungskommission;;Prüfungsausschuss;Prüfungskommission, Bewertungskommission;der Diplom werden von für der Ausbildung in Gesundheitswesen zuständig Landesassessorat ausstellen und auch von vorsitzend der Prüfungskommission unterschreiben 
homonyms;14;L’organizzazione del concorso, la nomina della commissione giudicatrice e la vigilanza sul regolare e corretto espletamento della procedura concorsuale sono demandate alla direzione provinciale per le scuole a carattere statale in lingua italiana.;university law;commissione giudicatrice;yes;Prüfungskommission;;Prüfungsausschuss;Prüfungskommission, Bewertungskommission;-- der Organisation der Wettbewerb  der Ernennung der Prüfungskommission und der Aufsicht über der ordnungsgemäß und korrekt Durchführung der Wettbewerbsverfahren werden der Landesdirektion für der italienischsprachig Schule staatlich Art übertragen  
homonyms;15;La verifica dell’offerta anomala sulla base delle giustificazioni presentate dalla ditta interessata spetta alla stessa commissione giudicatrice incaricata della valutazione tecnica, in quanto dotata delle necessarie competenze tecniche.;administrative law;commissione giudicatrice;yes;Bewertungskommission;Preisgericht;;Prüfungskommission, Bewertungskommission;-- der Überprüfung der abweichend Angebot auf der Grundlage der von betroffen Unternehmen vorgelegt Rechtfertigung obliegen derselbe mit der technisch Bewertung beauftragt Prüfungskommission  sofern sie über der erforderlich Fachkenntnis verfügen  
homonyms;15;Ai fini della selezione della migliore offerta nelle procedure di aggiudicazione di contratti di appalti con il criterio dell’offerta economicamente più vantaggiosa, dopo la scadenza del termine per la presentazione delle offerte, è nominata una commissione giudicatrice.;administrative law;commissione giudicatrice;yes;Bewertungskommission;Preisgericht;;Prüfungskommission, Bewertungskommission;zu Auswahl der gut Angebot in Verfahren zu Vergabe von Auftrag nach der Kriterium der wirtschaftlich günstig Angebot werden nach Ablauf der Frist für der Angebotsabgabe ein Prüfungskommission ernennen 
homonyms;15;Nell'appalto concorso la nomina di una commissione giudicatrice diversa dagli uffici dell'amministrazione appaltante non è obbligatoria, ma facoltativa.;administrative law;commissione giudicatrice;yes;Bewertungskommission;Preisgericht;;Prüfungskommission, Bewertungskommission;-- bei Auftragsvergabewettbewerb sein der Ernennung ein anderer Prüfungskommission als der Ämter der Vergabeverwaltung nicht obligatorisch  sondern fakultativ  
homonyms;15;Alla scelta dell’opera d’arte provvede una commissione giudicatrice nominata dall’amministrazione aggiudicatrice, composta da non più di cinque membri.;administrative law;commissione giudicatrice;yes;Bewertungskommission;Preisgericht;;Prüfungskommission, Bewertungskommission;-- der Auswahl der Kunstwerk erfolgen durch ein von öffentlich Auftraggeber ernannt Prüfungskommission  der aus nicht mehr als fünf Mitglied bestehen  
homonyms;15;Sono impugnati i commi 2 e 3 dell'art. 84, i quali dettano norme sulle funzioni, sulla composizione e sulla modalità di nomina dei componenti della Commissione giudicatrice incaricata di esprimersi nell'ipotesi di aggiudicazione con il criterio dell'offerta economicamente più vantaggiosa.;administrative law;commissione giudicatrice;yes;Bewertungskommission;Preisgericht;;Prüfungskommission, Bewertungskommission;-- der Absatz 2 und 3 der Artikel 84  der Bestimmung über der Funktion  der Zusammensetzung und der Modalität für der Ernennung der Mitglied der Bewertungskommission festlegen  der beauftragen sein  sich in Fall der Zuschlagserteilung nach der Kriterium der wirtschaftlich günstig Angebot zu äußern 
homonyms;16;I creditori particolari di uno dei coniugi, anche se il credito è sorto anteriormente al matrimonio, possono soddisfarsi in via sussidiaria sui beni della comunione, fino al valore corrispondente alla quota del coniuge obbligato.;civil law;creditore particolare;yes;Einzelgläubiger;;;Einzelgläubiger, Privatgläubiger;-- der Privatgläubiger einer der Ehegatt können sich  auch wenn der Forderung vor der Eheschließung entstehen sein  subsidiär auf der Sache der Gütergemeinschaft bis zu der Wert befriedigen  der der Anteil der verpflichtet Ehegatt entsprechen  
homonyms;16;La questione viene in evidenza ogni qualvolta la procedura esecutiva sia intrapresa con riferimento ad un cespite comune dal creditore particolare del singolo coniuge.;civil law;creditore particolare;yes;Einzelgläubiger;;;Einzelgläubiger, Privatgläubiger;-- der Frage werden immer dann aufzeigen  wenn der Vollstreckungsverfahren mit Bezug auf ein von Privatgläubiger der einzeln Ehegatt gemeinsam eingegangen Vermögen aufnehmen werden  
homonyms;16;Il bene facente parte della comunione legale deve essere pignorato per l’intero anche quando ad agire è il creditore particolare del coniuge.;civil law;creditore particolare;yes;Einzelgläubiger;;;Einzelgläubiger, Privatgläubiger;-- der Sache  der Teil der gesetzlich Gütergemeinschaft sein  muss für der gesamt Sache pfänden werden  auch wenn der Ehegatte als Einzelgläubiger tätig sein  
homonyms;16;Deve essere notificato atto di avviso ex art. 498 del cpc anche ai creditori particolari del coniuge non obbligato.;civil law;creditore particolare;yes;Einzelgläubiger;;;Einzelgläubiger, Privatgläubiger;es sein auch der besonderer Gläubiger der nicht verpflichtet Ehegatt ein Benachrichtigung gemäß Art . 498 der ZPO zustellen 
homonyms;16;La sentenza in esame affronta il problema se il creditore particolare può agire esecutivamente sui beni rientranti nella comunione legale dei coniugi.;civil law;creditore particolare;yes;Einzelgläubiger;;;Einzelgläubiger, Privatgläubiger;-- der vorgesehen Urteil begegnen der Frage  wenn der Privatgläubiger auf der in der gesetzlich Gütergemeinschaft der Ehegatt fallend Sache vollstreckbar vorgehen können  
homonyms;17;Il creditore particolare del socio, finché dura la società, può far valere i suoi diritti sugli utili spettanti al debitore e compiere atti conservativi sulla quota spettante a quest'ultimo nella liquidazione.;commercial law;creditore particolare;yes;Privatgläubiger;;;Einzelgläubiger, Privatgläubiger;-- der Privatgläubiger der Gesellschafter können  solange der Gesellschaft bestehen  sein Recht auf der der Schuldner zustehend Gewinn geltend machen und Rechtshandlung zu Sicherung der Anteil vornehmen  der dieser bei der Liquidation zustehen  
homonyms;17;Parimenti è escluso di diritto il socio nei cui confronti un suo creditore particolare abbia ottenuto la liquidazione della quota a norma dell'articolo 2270.;commercial law;creditore particolare;yes;Privatgläubiger;;;Einzelgläubiger, Privatgläubiger;-- ebenso sein von Recht wegen ein Gesellschafter ausschließen  gegen der ein besonderer Gläubiger der Auszahlung der Anteil gemäß Artikel 2270 erhalten haben  
homonyms;17;In caso di proroga tacita ciascun socio può sempre recedere dalla società, dando preavviso a norma dell'articolo 2285, e il creditore particolare del socio può chiedere la liquidazione della quota del suo debitore a norma dell'articolo 2270.;commercial law;creditore particolare;yes;Privatgläubiger;;;Einzelgläubiger, Privatgläubiger;-- in Fall ein stillschweigend Verlängerung können jeder Gesellschafter immer aus der Gesellschaft zurücktreten  wobei er gemäß Artikel 2285 Vorankündigung machen  und der Privatgläubiger der Gesellschafter können der Auszahlung der Anteil sein Schuldner gemäß Artikel 2270 beantragen  
homonyms;17;Per la durata del consorzio i consorziati non possono chiedere la divisione del fondo, e i creditori particolari dei consorziati non possono far valere i loro diritti sul fondo medesimo.;commercial law;creditore particolare;yes;Privatgläubiger;;;Einzelgläubiger, Privatgläubiger;-- für der Dauer der Konsortium können der Konsortiumsmitglied der Teilung der Fonds nicht beantragen  und der besonderer Gläubiger der Konsortiumsmitglied können ihr Recht an dieser Fonds nicht geltend machen  
homonyms;17;Se gli altri beni del debitore sono insufficienti a soddisfare i suoi crediti, il creditore particolare del socio può chiedere in ogni tempo la liquidazione della quota del suo debitore.;commercial law;creditore particolare;yes;Privatgläubiger;;;Einzelgläubiger, Privatgläubiger;-- wenn der übrig Sache der Schuldner nicht ausreichen  sein Forderung zu befriedigen  können der Privatgläubiger der Gesellschafter jederzeit der Verwertung der Anteil sein Schuldner verlangen  
homonyms;18;Se la cosa legata è gravata da una servitù, da un canone o da altro onere inerente al fondo, ovvero da una rendita fondiaria, il peso ne è sopportato dal legatario.;civil law;fondo;yes;Grundstück;;;Grundstück, Fonds;-- wenn der vermacht Sache mit ein Dienstbarkeit  mit ein Mietzins oder mit ein anderer mit der Grundstück zusammenhängend Last oder mit ein Grundrente belasten sein  so werden der Last von Vermächtnisnehmer davon tragen  
homonyms;18;Il legatario che ha estinto il debito di cui era gravato il fondo legato subentra nelle ragioni del creditore contro gli eredi.;civil law;fondo;yes;Grundstück;;;Grundstück, Fonds;-- der Vermächtnisnehmer  der der Schuld  mit der der vermacht Grundstück belasten sein  erloschen haben  treten in der Recht der Gläubiger gegen der Erbe ein  
homonyms;18;Il proprietario di un fondo non può impedire che vi si entri per l'esercizio della caccia, a meno che il fondo sia chiuso nei modi stabiliti dalla legge sulla caccia o vi siano colture in atto suscettibili di danno.;civil law;fondo;yes;Grundstück;;;Grundstück, Fonds;-- der Eigentümer ein Grundstück können nicht verhindern  dass man zu Jagdausübung in der Grundstück einreichen  es sein denn  dass der Grundstück in der von Jagdgesetz festgesetzt Art und Weise schließen sein oder dass sich bei der Jagd beschädigt Kultur befinden  
homonyms;18;Il proprietario deve permettere l'accesso e il passaggio nel suo fondo, sempre che ne venga riconosciuta la necessità, al fine di costruire o riparare un muro o altra opera propria del vicino oppure comune.;civil law;fondo;yes;Grundstück;;;Grundstück, Fonds;-- der Eigentümer haben der Zugang und der Durchgang zu sein Grundstück zu ermöglichen  sofern der Notwendigkeit feststellen werden  um ein Mauer oder ein anderer der Nachbar oder Gemeinschaftsgegenstand eigen Werk zu errichten oder zu ändern  
homonyms;18;Quando l'inosservanza degli obblighi imposti ai proprietari risulta tale da compromettere l'attuazione del piano di bonifica, può farsi luogo all'espropriazione parziale o totale del fondo appartenente al proprietario inadempiente, osservate le disposizioni della legge speciale.;civil law;fondo;yes;Grundstück;;;Grundstück, Fonds;-- Ergibt sich der Nichtbeachtung der der Eigentümer auferlegt Pflicht  dass der Durchführung der Bonifizierungsplan gefährden werden  so können unter Beachtung der Bestimmung der Sondergesetz der teilweis oder vollständig Zwangsveräußerung der Grundstück  der der nicht eigentümerümerübergeht  
homonyms;19;L'assemblea può aumentare il capitale, imputando a capitale le riserve e gli altri fondi iscritti in bilancio in quanto disponibili.;commercial law;fondo;no;Fonds;;;Grundstück, Fonds;-- der Gesellschafterversammlung können der Kapital erhöhen  indem sie der Rücklage und der anderer in Jahresabschluss eingetragen Fonds  soweit sie verfügbar sein  in Kapital einbuchen  
homonyms;19;Se dalla fusione emerge un avanzo, esso è iscritto ad apposita voce del patrimonio netto, ovvero, quando sia dovuto a previsione di risultati economici sfavorevoli, in una voce dei fondi per rischi ed oneri.;commercial law;fondo;no;Fonds;;;Grundstück, Fonds;-- Ergibt sich aus der Verschmelzung ein Überschuss  so werden er als Eigenkapitalposten oder  wenn er auf ein ungünstig wirtschaftlich Ergebnis zurückführen sein  als ein Posten der Fonds für Risiko und Aufwendung eintragen  
homonyms;19;Spetta alle amministrazioni e, per essi al dirigente e/o responsabile competente, provvedere alla costituzione del fondo per la contrattazione decentrata.;commercial law;fondo;no;Fonds;;;Grundstück, Fonds;der Verwaltung und für sie der Führungskraft und  oder der zuständig verantwortliche übernehmen der Errichtung der Fonds für der dezentral Vertragsverhandlung 
homonyms;19;La somma è devoluta al fondo di cui l'amministratore dispone per le spese ordinarie.;commercial law;fondo;no;Fonds;;;Grundstück, Fonds;-- der Betrag sein der Fonds zuordnen  über der der Verwalter für der ordentlich Ausgabe verfügen  
homonyms;19;Il fondo è destinato alla concessione di contributi a coloro che al momento in cui si verifica l’evento calamitoso risultano essere proprietari di fabbricati urbani colpiti da tale evento.;commercial law;fondo;no;Fonds;;;Grundstück, Fonds;-- der Fonds sein für der Gewährung von Beitrag an jener bestimmen  der bei eintreten der Katastrophenbild Eigentümer von von von dieser Ereignis betroffen Gebäude sein  
homonyms;20;Il diritto di ottenere la risoluzione è soggetto alla decadenza e alla prescrizione stabilite dall'articolo 1495.;civil law;decadenza;yes;Verwirkung;;;Verfall, Verwirkung;-- der Recht auf Aufhebung unterliegen der Verfall und der Verjährung  der in Artikel 1495 festsetzen sein  
homonyms;20;Se il venditore ha garantito per un tempo determinato il buon funzionamento della cosa venduta, il compratore, salvo patto contrario, deve denunziare al venditore il difetto di funzionamento entro trenta giorni dalla scoperta, sotto pena di decadenza.;civil law;decadenza;yes;Verwirkung;;;Verfall, Verwirkung;-- haben der Verkäufer der gut funktionieren der verkauft Sache für ein bestimmt Zeit gewährleisteen  so muss der Käufer  vorbehaltlich ein gegenteilig Abmachung  der Verkäufer der fehlen der Funktionsfähigkeit innerhalb von dreißig Tag ab der Entdeckung bei sonstig Verfall anzeigen  
homonyms;20;Nei casi in cui la decadenza è impedita, il diritto rimane soggetto alle disposizioni che regolano la prescrizione.;civil law;decadenza;yes;Verwirkung;;;Verfall, Verwirkung;-- in der Fall  in der der Verfall verhindern sein  unterliegen der Recht weiterhin der Bestimmung  der der Verjährung regeln  
homonyms;20;Le parti non possono modificare la disciplina legale della decadenza né possono rinunziare alla decadenza medesima, se questa è stabilita dalla legge in materia sottratta alla disponibilità delle parti.;civil law;decadenza;yes;Verwirkung;;;Verfall, Verwirkung;-- der Partei dürfen der gesetzlich Regelung über der Verfall der Verfall weder ändern noch auf der Verfall der Verfahren verzichten  wenn dieser von einschlägig Gesetz auf dieser Gebiet festsetzen werden und von der Verfügbarkeit der Partei absehen sein  
homonyms;20;La decadenza produce la perdita del potere di compiere un determinato atto processuale come conseguenza del mancato compimento dell’atto nell’ambito temporale previsto dalla legge o dal giudice entro cui poteva essere utilmente realizzato.;civil law;decadenza;yes;Verwirkung;;;Verfall, Verwirkung;-- der Verfall haben der Verlust der Befugnis  ein bestimmt Verfahrenshandlung als Folge der Nichterfüllung der Akt innerhalb der von Gesetz oder von Gericht vorgesehen Zeitraums  innerhalb welcher er rechtskräftig verwirklichen werden können  vornehmen  
homonyms;21;"L'autorizzazione non è trasferibile; essa si estingue oltrechè per scadenza del termine, per la morte del titolare, per rinuncia o per decadenza della stessa.";administrative law;decadenza;yes;Verfall;Rücknahme;;Verfall, Verwirkung;-- der Ermächtigung sein nicht übertragbar  sie erlischen außer bei Ablauf der Frist  bei Tod der Inhaber  bei Verzicht oder bei Verfall derselbe  
homonyms;21;La decadenza dell'autorizzazione può venire pronunciata quando il titolare non abbia osservato gli obblighi previsti nell'autorizzazione e nel disciplinare allegato e quelli stabiliti nella presente legge.;administrative law;decadenza;yes;Verfall;Rücknahme;;Verfall, Verwirkung;-- der Verfall der Ermächtigung können erklären werden  wenn der Inhaber der in der Ermächtigung und in beiliegend Auflagenheft vorgesehen und in dieser Gesetz festgelegt Pflicht nicht erfüllen haben  
homonyms;21;Le aziende cui è assentita la concessione ai sensi del successivo articolo 6 sono tenute ad applicare, pena la decadenza della concessione, le norme provinciali o statali vigenti nella provincia di Bolzano in materia di sicurezza dei servizi di trasporto.;administrative law;decadenza;yes;Verfall;Rücknahme;;Verfall, Verwirkung;-- der Betrieb  der der Konzession gemäß Artikel 6 nicht erteilen werden  sein verpflichten  bei sonstig Verfall der Konzession der in der Provinz Bozen geltend Lande oder Staatsbestimmung über der Sicherheit der Beförderungsdienst anwenden  
homonyms;21;Indipendentemente dalla nullità suddetta, la Giunta provinciale può pronunciare la decadenza della concessione nei casi previsti all'articolo 38 della presente legge.;administrative law;decadenza;yes;Verfall;Rücknahme;;Verfall, Verwirkung;unabhängig von der genannt Nichtigkeit können der Landesregierung in der von Artikel 38 dieser Gesetz vorgesehen Fall der Verfall der Konzession aussprechen 
homonyms;21;Con decreto dell'Assessore provinciale competente è pronunciata la decadenza della concessione quando il titolare perde i requisiti previsti all'articolo 6.;administrative law;decadenza;yes;Verfall;Rücknahme;;Verfall, Verwirkung;-- der zuständig Landesrat erklären mit Dekret der Verfall der Konzession  wenn der Inhaber der in Artikel 6 vorgesehen Voraussetzung verlieren  
homonyms;22;Si dichiara che la presente comunicazione ha carattere meramente indicativo e non vincola la stazione appaltante al successivo affidamento.;administrative law;affidamento;no;Vergabe;;;Vergabe, Überlassung zur Betreuung;-- es werden erklären  dass dieser Mitteilung rein unverbindlich Charakter haben und der Vergabestelle nicht für der nächster Vergabe zwingend verpflichten sein  
homonyms;22;Nell’ipotesi di affidamento congiunto di progettazione esecutiva ed esecuzione di lavori sulla base del progetto di fattibilità tecnica ed economica, il progetto esecutivo non può prevedere significative modifiche alla qualità e alle quantità delle lavorazioni previste.;administrative law;affidamento;no;Vergabe;;;Vergabe, Überlassung zur Betreuung;bei der Vergabe von Ausführungsplanung und Bauausführung auf der Grundlage der Projekt zu technisch und wirtschaftlich Machbarkeit dürfen der Ausführungsprojekt kein erheblich Änderung der Qualität und Menge der vorgesehen Bauleistung vorsehen 
homonyms;22;Il soggetto che intende partecipare alla gara non deve partecipare o aver partecipato direttamente o indirettamente né alla gara per l'affidamento della progettazione né alla redazione della stessa in qualsiasi suo livello.;administrative law;affidamento;no;Vergabe;;;Vergabe, Überlassung zur Betreuung;-- der Subjekt  der an Wettbewerb teilnehmen wollen  dürfen sich weder direkt noch indirekt an der Ausschreibung zu Vergabe der Planung noch an der Ausarbeitung derselben in irgendeiner Ebene beteiligen noch an derselben beteiligen  
homonyms;22;Avvenuta la validazione del progetto posto a base di gara, ciascuna stazione appaltante, secondo le modalità e le procedure stabilite dal proprio ordinamento, avvia la fase dell'affidamento dei lavori.;administrative law;affidamento;no;Vergabe;;;Vergabe, Überlassung zur Betreuung;-- nach der Validierung der Projekt  der der Ausschreibung zugrunde legen werden  leiten jeder Vergabestelle gemäß der in ihr Ordnung festgelegt Modalität und Verfahren der Vergabephase ein  
homonyms;22;Si rende necessario provvedere all’affidamento del servizio in oggetto. ;administrative law;affidamento;no;Vergabe;;;Vergabe, Überlassung zur Betreuung;-- es sein notwendig  der betreffend Dienst zu vergeben  
homonyms;23;L'affidamento è sempre temporaneo e comporta, quando è possibile, il reinserimento del minore nella sua famiglia naturale. ;family law;affidamento;no;Überlassung zu Betreuung;Fremdunterbringung  Anvertrauung;Pflegekindschaft  Übernahme in Pflege  Aufnahme zu Pflege;Vergabe, Überlassung zur Betreuung;-- der Anvertrauung sein immer zeitweilig und bewirken  soweit möglich  der Wiedereingliederung der Minderjährigen in sein natürlich Familie  
homonyms;23;Affinché l'affidamento possa essere disposto occorre che, a causa di circostanze di carattere transitorio, i genitori del minore non siano in grado di offrirgli le cure che gli necessitano.;family law;affidamento;no;Überlassung zu Betreuung;Fremdunterbringung  Anvertrauung;Pflegekindschaft  Übernahme in Pflege  Aufnahme zu Pflege;Vergabe, Überlassung zur Betreuung;-- damit der Anvertrauung verfügen werden können  sein es notwendig  dass der Eltern der Minderjährigen aufgrund von Übergangsgrund nicht in der Lage sein  ihm der ihm erforderlich Pflegeleistung zu bieten  
homonyms;23;L'assistente sociale competente valuta la situazione del minore, indica le motivazioni che ne consiglino l'affidamento, definisce con la famiglia affidataria e con quella di origine le modalità e condizioni dell'affidamento, e compila apposito modulo;family law;affidamento;no;Überlassung zu Betreuung;Fremdunterbringung  Anvertrauung;Pflegekindschaft  Übernahme in Pflege  Aufnahme zu Pflege;Vergabe, Überlassung zur Betreuung;-- der Sozialassistent bewerten der Situation der Minderjährigen  geben der Grund für der Anvertrauung an  legen mit der Pflegefamilie und mit der Herkunftsfamilie der Modalität und Bedingung für der Anvertrauung fest und verfassn ein eigen Vordruck 
homonyms;23;L'assistente sociale competente, qualora riscontri gli estremi di una possibile situazione di abbandono da parte dei genitori o legali rappresentanti che hanno espresso il consenso all'affidamento, predispone una relazione da trasmettersi all'autorità giudiziaria competente.;family law;affidamento;no;Überlassung zu Betreuung;Fremdunterbringung  Anvertrauung;Pflegekindschaft  Übernahme in Pflege  Aufnahme zu Pflege;Vergabe, Überlassung zur Betreuung;-- stellen der Sozialassistent fest  dass der Eltern oder gesetzlich Vertreter  der der Zustimmung zu Anvertrauung äußern haben  ein möglich Verwahrenssituation haben  so verfassn er ein Bericht  der der zuständig Gerichtsbehörde zu übermitteln sein  
homonyms;23;Nel caso in cui l’affidamento sia disposto dal Servizio sociale, occorre il previo consenso prestato dai genitori esercenti la potestà o dal tutore.;family law;affidamento;no;Überlassung zu Betreuung;Fremdunterbringung  Anvertrauung;Pflegekindschaft  Übernahme in Pflege  Aufnahme zu Pflege;Vergabe, Überlassung zur Betreuung;-- werden der Anvertrauung von Sozialdienst verfügen  so sein der vorherig Zustimmung der Eltern  der der elterlich Gewalt ausüben  oder der Vormund erforderlich  
homonyms;24;Il presente regolamento disciplina l’adeguamento della struttura dirigenziale dell’Amministrazione provinciale di Bolzano, la denominazione e le competenze delle singole strutture dirigenziali e le competenze assegnate ai dipartimenti.;administrative law;dipartimento;yes;Ressort;;;Ressort, Abteilung;-- dieser Verordnung regeln der Anpassung der Führungsstruktur der Landesverwaltung Bozen  der Benennung und der Zuständigkeit der einzeln Führungsstruktur und der der Department zugewiesen Zuständigkeit  
homonyms;24;Il dipartimento raggruppa le ripartizioni, le aree funzionali e gli uffici posti alle dipendenze di ciascun membro di Giunta in ragione della ripartizione delle materie ai sensi dell’articolo 52, comma 3, dello Statuto di autonomia dell’Alto Adige.;administrative law;dipartimento;yes;Ressort;;;Ressort, Abteilung;-- der Ressort umfassen der Abteilung  der Funktionsbereich und der Amt  der jeder Regierungsmitglied unterstellen sein  aufgrund der Aufteilung der Sachbereich gemäß Artikel 52 Absatz 3 der Autonomiestatut Südtirol  
homonyms;24;Il Presidente della Provincia autonoma di Bolzano può istituire fino a due dipartimenti per le ripartizioni di sua competenza e non facenti capo alla Segreteria generale o alla Direzione generale.;administrative law;dipartimento;yes;Ressort;;;Ressort, Abteilung;-- der Landeshauptmann können bis zu zwei Ressort für der in sein Zuständigkeit fallend Abteilung errichten  der nicht der Generalsekretariat oder der Generaldirektion angehören  
homonyms;24;Ove sussistano particolari esigenze o affinità di compiti, la Giunta provinciale di Bolzano determina specifiche modalità di coordinamento tra le ripartizioni dei vari dipartimenti.;administrative law;dipartimento;yes;Ressort;;;Ressort, Abteilung;-- Sofern besonderer Erfordernis oder Ähnlichkeit vorliegen  legen der Landesregierung Bozen spezifisch Modalität für der Koordinierung zwischen der Abteilung der verschieden Ressort fest  
homonyms;24;In Alto Adige, le Direzioni Istruzione e Formazione sono equiparate ai dipartimenti e si articolano in ripartizioni, direzioni provinciali e servizi di valutazione.;administrative law;dipartimento;yes;Ressort;;;Ressort, Abteilung;-- in Südtirol sein der Bildungsdirektion der Ressort gleichstellen und gliedern sich in Abteilung  Landesdirektion und Evaluation  
homonyms;25;I capi dei dipartimenti di cui all'articolo 2, comma 1, assicurano l'esercizio organico, coordinato e integrato delle funzioni del Ministero.;administrative law;dipartimento;yes;Abteilung;;;Ressort, Abteilung;-- der Leiter der Ressort laut Artikel 2 Absatz 1 gewährleisten der organisch  koordiniert und integriert Ausübung der Aufgabe der Ministerium  
homonyms;25;Il Ministero, per l'espletamento dei compiti ad esso demandati, è articolato in quattro dipartimenti, dodici uffici dirigenziali di livello generale centrali e quindici uffici dirigenziali di livello generale periferici dotati di autonomia speciale.;administrative law;dipartimento;yes;Abteilung;;;Ressort, Abteilung;-- der Ministerium sein zu Wahrnehmung der ihm übertragen Aufgabe in vier Ressort  zwölf zentral Führungsamt allgemein Grad und fünfzehn Führungsamt allgemein periph Ebene mit besonderer Autonomie unterteilen  
homonyms;25;I dipartimenti sono le principali articolazioni amministrative del Ministero, organizzati in direzioni generali e relativi uffici, che costituiscono gli organi di amministrazione attiva.;administrative law;dipartimento;yes;Abteilung;;;Ressort, Abteilung;-- der Department sein der wichtig Verwaltungsstruktur der Ministerium  der in Generaldirektion und entsprechend Amt organisieren sein und der aktiv Verwaltungsorgan bilden  
homonyms;25;Il DiVa elabora, d'intesa con i dipartimenti competenti, parametri qualitativi e quantitativi, procedure e modelli informatici diretti a valutare la gestione degli istituti e dei luoghi della cultura statali, in termini di economicità, efficienza ed efficacia.;administrative law;dipartimento;yes;Abteilung;;;Ressort, Abteilung;-- der DiVa erarbeiten in Einvernehmen mit der zuständig Ressort Qualität und Quantitätsparameter  Verfahren und Informatikmodell  der darauf abzielen  der Führung der Institut und Ort der staatlich Kultur in Hinsicht auf Wirtschaftlichkeit  Effizienz und Wirksamkeit zu bewerten  
homonyms;25;L'Ufficio legislativo cura l'attività di definizione delle iniziative legislative e regolamentari nelle materie di competenza del Ministero, avvalendosi anche della collaborazione, ai fini dello studio e della progettazione normativa, dei competenti dipartimenti del Ministero e degli uffici dirigenziali generali.;administrative law;dipartimento;yes;Abteilung;;;Ressort, Abteilung;-- der Gesetzgebungsamt arbeiten für der Abwicklung der Gesetze und Verordnungsvorhaben in der Zuständigkeitsbereich der Ministerium  wobei es sich auch der Mitarbeit der zuständig Departement der Ministerium und der allgemein Führungsamt bedienen  der für der Studie und der Gesetzgebungsplanung zuständig sein  
homonyms;26;Nel caso previsto dall'articolo precedente, l'azione può essere promossa anche da chi, pur non portando il nome contestato o indebitamente usato, abbia alla tutela del nome un interesse fondato su ragioni familiari degne d'essere protette.;civil law;azione;yes;Klage;;;Klage, Aktie;-- in der in vorhergehend Artikel vorgesehen Fall können der Klage auch von jener Person erheben werden  der zwar der beanstandet oder unrechtmäßig verwendet Name nicht tragen  aber ein auf familiär Grund beruhend Interesse an Schutz der Name haben  der schützen werden können  
homonyms;26;Le azioni contro gli amministratori per fatti riguardanti la loro responsabilità devono essere autorizzate dall'autorità governativa e sono esercitate dal commissario straordinario, dai liquidatori o dai nuovi amministratori.;civil law;azione;yes;Klage;;;Klage, Aktie;-- Klage gegen der Verwalter wegen Handlung  der ihr Haftung betreffen  müssen von der Regierungsbehörde genehmigen werden und werden von außerordentlich Kommissär  von der Liquidator oder von der neu Verwalter einbringen  
homonyms;26;L'azione può essere proposta dal coniuge il cui consenso era necessario entro un anno dalla data in cui ha avuto conoscenza dell'atto e in ogni caso entro un anno dalla data di trascrizione. ;civil law;azione;yes;Klage;;;Klage, Aktie;-- der Klage können von Ehegatt  der Einwilligung innerhalb ein Jahr ab der Tag  an der er Kenntnis von der Rechtshandlung erlangen haben  und in jeder Fall innerhalb ein Jahr ab der Tag der Eintragung erheben werden  
homonyms;26;Chi esercita l'azione è ammesso a provare che non sussiste rapporto di filiazione tra il figlio e il presunto padre.;civil law;azione;yes;Klage;;;Klage, Aktie;-- wer der Klage erheben  sein zu Beweis zulassen  dass zwischen der Kind und der vermutet Vater kein Abstammungsverhältnis bestehen  
homonyms;26;Se una delle parti è minore o interdetta, l'azione è proposta in contraddittorio con un curatore nominato dal giudice davanti al quale il giudizio deve essere promosso.;civil law;azione;yes;Klage;;;Klage, Aktie;-- sein einer der Partei minderjährig oder voll entmündigen  so werden der Klage in Verfahren mit ein Masseverwalter erheben  der von Gericht  vor der der Verfahren einleiten sein  bestellen werden  
homonyms;27;Le quote di partecipazione dei soci non possono essere rappresentate da azioni.;company law;azione;yes;Aktie;;;Klage, Aktie;der Anteil an der Beteiligung der Gesellschafter dürfen nicht durch Aktie verkörperen werden 
homonyms;27;In caso di insolvenza della società, per le obbligazioni sociali sorte nel periodo in cui le azioni sono appartenute ad una sola persona, questa risponde illimitatamente quando i conferimenti non siano stati effettuati secondo quanto previsto dall'articolo 2342.;company law;azione;yes;Aktie;;;Klage, Aktie;-- in Fall der Zahlungsunfähigkeit der Gesellschaft haften für der Verbindlichkeit der Gesellschaft  der sich in der Zeitraum ergeben  in der der Aktie nur ein Person gehören  unbeschränkt  wenn der Einlage nicht gemäß der Bestimmung der Artikel 2342 vornehmen werden sein  
homonyms;27;Le disposizioni dei commi precedenti non si applicano agli strumenti finanziari emessi dalle banche diversi dalle azioni o dagli strumenti finanziari che permettono di acquisire o sottoscrivere azioni.;company law;azione;yes;Aktie;;;Klage, Aktie;-- der Bestimmung der vorhergehend Absatz finden auf Finanzinstrument  der von Bank ausgeben werden  der kein Aktie oder Finanzinstrument sein  der es ermöglichen  Aktie zu erwerben oder zu zeichnen  kein Anwendung  
homonyms;27;Qualora i promotori si avvalgano di quest'ultima facoltà, non può procedersi alla costituzione della società prima che siano collocate le azioni che quelli avevano sottoscritte.;company law;azione;yes;Aktie;;;Klage, Aktie;-- wenn der Gründer von dieser letztgenannt Befugnis Gebrauch machen  können der Gründung der Gesellschaft nicht vornehmen werden  bevor der Aktie  der jener zeichnen haben  eintragen werden  
homonyms;27;Fino all'iscrizione della dichiarazione le azioni sono inalienabili e devono restare depositate presso la società.;company law;azione;yes;Aktie;;;Klage, Aktie;bis zu Eintragung der Erklärung sein der Aktie unveräußerlich und müssen bei der Gesellschaft hinterlegen bleiben 
homonyms;28;Il pubblico ministero, entro le successive settantadue ore, se non dispone la revoca del collocamento, chiede al tribunale per i minorenni la convalida del provvedimento.;civil procedure law;convalida;no;Bestätigung;;;Bestätigung, Heilung;-- der Staatsanwaltschaft beantragen innerhalb der darauf folgend zweiundsiebzig Stunde  wenn sie nicht der Widerruf der Versetzung verfügen  bei Jugendgericht der Bestätigung der Verfügung  
homonyms;28;Il provvedimento emesso dalla pubblica autorità perde efficacia se la trasmissione degli atti da parte della pubblica autorità, la richiesta di convalida da parte del pubblico ministero e i decreti del tribunale non intervengono entro i termini previsti.;civil procedure law;convalida;no;Bestätigung;;;Bestätigung, Heilung;-- der von der öffentlich Behörde erlassen Verfügung verlieren ihr Wirksamkeit  wenn der Übermittlung der Akte durch der öffentlich Behörde  der Antrag auf Bestätigung durch der Staatsanwaltschaft und der Dekret der Landesgericht nicht innerhalb der vorgesehen Frist erfolgen  
homonyms;28;Se il godimento di un immobile è il corrispettivo anche parziale di una prestazione d'opera, l'intimazione di licenza o di sfratto con la contestuale citazione per la convalida può essere fatta quando il contratto viene a cessare per qualsiasi causa.;civil procedure law;convalida;no;Bestätigung;;;Bestätigung, Heilung;-- sein der Nutzung ein Liegenschaft auch nur teilweise der Entgelt für ein Werkeleistung  können der Aufforderung zu Aufforderung zu Ausübung der Lizenz oder der Räumung mit der gleichzeitig Klage zu Bestätigung erfolgen  wenn der Vertrag aus irgendein Grund aufgehörn  
homonyms;28;Il locatore o il concedente può intimare al conduttore, all'affittuario coltivatore diretto, al mezzadro o al colono licenza per finita locazione, prima della scadenza del contratto, con la contestuale citazione per la convalida, rispettando i termini prescritti dal contratto.;civil procedure law;convalida;no;Bestätigung;;;Bestätigung, Heilung;-- der Verpächter oder der Verpächter können der Mieter  der Pächter  der Halbpächter oder der Teilpächter  der vor Ablauf der Vertrag ein Bestandlizenz zu Bestandsaufnahme ausgeben haben  vor Ablauf der Vertrag mit der gleichzeitig Klage zu Bestätigung unter Beachtung der in Vertrag vorgeschrieben F 
homonyms;28;Se lo sfratto è stato intimato per mancato pagamento del canone, la convalida è subordinata all'attestazione in giudizio del locatore o del suo procuratore che la morosità persiste.;civil procedure law;convalida;no;Bestätigung;;;Bestätigung, Heilung;-- sein der Zwangsräumung wegen unterlassen Zahlung der Pachtzins einladen werden  so sein der Bestätigung an der Bescheinigung der Vermieter oder sein Rechtsanwalt  dass der Säumigkeit weiterhin bestehen  binden  
homonyms;29;La convalida è una delle forme di sanatoria del negozio giuridico.;law of obligations;convalida;yes;Heilung;;Bestätigung;Bestätigung, Heilung;der Bestätigung sein einer der Form der Sanierung der Rechtsgeschäft 
homonyms;29;La convalida non ha effetto, se chi l'esegue non è in condizione di concludere validamente il contratto.;law of obligations;convalida;yes;Heilung;;Bestätigung;Bestätigung, Heilung;-- der Bestätigung sein unwirksam  wenn derjenige  der sie ausüben  nicht in der Lage sein  der Vertrag gültig abschließen  
homonyms;29;La convalida della donazione nulla è possibile solo dopo la morte del donante ad opera dei suoi eredi o aventi causa che dichiarino espressamente di confermare la donazione fatta, o ne diano volontaria esecuzione.;law of obligations;convalida;yes;Heilung;;Bestätigung;Bestätigung, Heilung;-- der Bestätigung der Schenkung sein erst nach der Tod der Schenker durch sein Erbe oder Rechtsnachfolger möglich  der ausdrücklich erklären  der vorgenommen Schenkung zu bestätigen  oder der freiwillig Vollstreckung der Schenkung zu erklären  
homonyms;29;Il legislatore consente la convalida se il negozio è solo annullabile atteso che il vizio è meno grave di quello che sussiste in caso di nullità e, quindi, è ammissibile che esso possa produrre degli effetti.;law of obligations;convalida;yes;Heilung;;Bestätigung;Bestätigung, Heilung;-- der Gesetzgeber erlauben der Bestätigung  wenn der Geschäft nur für nichtig erklären werden können  wenn er vermuten  dass der Mangel schwer sein als jener  der in Fall der Nichtigkeit bestehen  und somit zulässig sein  dass es Wirkung haben können  
homonyms;29;Per quanto la convalida non debba avvenire nella stessa forma del contratto convalidato, se questo è un contratto formale, sembra risultare dalla norma in esame, che parla di atto di convalida, che sia richiesta la forma scritta.;law of obligations;convalida;yes;Heilung;;Bestätigung;Bestätigung, Heilung;-- soweit der Bestätigung nicht in derselbe Form erfolgen muss wie der geheilt Vertrag  scheinen es  wenn dieser ein formell Vertrag sein  aus der vorliegend Bestimmung  der von ein Bestätigung sprechen werden  zu erkennen  dass der schriftlich Form verlangen werden  
homonyms;30;La Società cooperativa è retta e disciplinata secondo i principi della mutualità senza fini di speculazione privata e ha lo scopo di sostenere, consigliare e promuovere al meglio i soci nel settore del turismo nella propria zona di competenza.;company law;socio;yes;Genossenschafter;;;Mitglied, Gesellschafter, Genossenschafter;-- der Genossenschaft werden gerade führen und nach der Grundsatz der Gegenseitigkeit ohne Zweck der privat Spekulation regeln und haben der Zweck  der Mitglied in Tourismusbereich in eigen Zuständigkeitsgebiet am gut zu unterstützen  zu beraten und zu fördern  
homonyms;30;La Società cooperativa può ricevere dai soci prestiti finalizzati al raggiungimento dello scopo sociale, secondo i criteri e i limiti fissati dalla normativa vigente.;company law;socio;yes;Genossenschafter;;;Mitglied, Gesellschafter, Genossenschafter;der Genossenschaft können von der Mitglied gemäß der von der geltend Bestimmung festgelegt Kriterium und Grenze Darlehen zu Erreichung der Gesellschaftszweck erhalten 
homonyms;30;Possono assumere la qualifica di socio le persone fisiche e giuridiche, nonché le associazioni senza personalità giuridica, interessate allo sviluppo del turismo nella zona di competenza della Società cooperativa e in grado di contribuire al raggiungimento dello scopo sociale.;company law;socio;yes;Genossenschafter;;;Mitglied, Gesellschafter, Genossenschafter;-- der Eignung ein Mitglied können natürlich und juristisch Person sowie Verein ohne Rechtspersönlichkeit  der an der Entwicklung der Fremdenverkehr in Zuständigkeitsbereich der Genossenschaft interessiert sein und zu Erreichung der Gesellschaftszweck beitragen können  übernehmen  
homonyms;30;Il socio può recedere dalla Società cooperativa in qualsiasi momento.;company law;socio;yes;Genossenschafter;;;Mitglied, Gesellschafter, Genossenschafter;der Mitglied können jederzeit aus der Genossenschaft zurücktreten 
homonyms;30;Per i rapporti mutualistici tra socio e Società cooperativa, il recesso ha effetto con la chiusura dell’esercizio in corso, se comunicato tre mesi prima, e, in caso contrario, con la chiusura dell’esercizio successivo.;company law;socio;yes;Genossenschafter;;;Mitglied, Gesellschafter, Genossenschafter;-- für der auf Gegenseitigkeit ausgerichtet Beziehung zwischen Mitglied und Genossenschaft werden der Rücktritt mit der Abschluss der laufend Geschäftsjahr wirksam  wenn er drei Monat vorher mitteilen werden sein  und  falls dieser nicht der Fall sein  mit der Abschluss der darauffolgend Geschäft 
homonyms;31;Negli atti e nella corrispondenza delle società per azioni ed a responsabilità limitata deve essere indicato se queste hanno un unico socio.;company law;socio;yes;Gesellschafter;;;Mitglied, Gesellschafter, Genossenschafter;-- in der Urkund und in Schriftverkehr der Aktiengesellschaft und Gesellschaft mit beschränkt Haftung sein angeben  ob dieser ein einzig Gesellschafter haben  
homonyms;31;Lo scopo di lucro coincide con lo scopo-fine della società, la quale deve essere volta alla produzione di utili da distribuire ai soci.;company law;socio;yes;Gesellschafter;;;Mitglied, Gesellschafter, Genossenschafter;-- der Gewinnabsicht stimmen mit der Ziel der Gesellschaft zusammen  der auf der Gewinngewinnung an der Gesellschafter ausgerichtet sein muss  
homonyms;31;Per le obbligazioni sociali rispondono personalmente e solidalmente i soci che hanno agito in nome e per conto della società e, salvo patto contrario, gli altri soci.;company law;socio;yes;Gesellschafter;;;Mitglied, Gesellschafter, Genossenschafter;-- für der Verbindlichkeit der Gesellschaft haften der Gesellschafter  der in Name und auf Rechnung der Gesellschaft handeln haben  und  vorbehaltlich ein gegenteilig Abmachung  der übrig Gesellschafter persönlich und als Gesamtschuldner  
homonyms;31;Il socio richiesto del pagamento di debiti sociali può domandare, anche se la società è in liquidazione, la preventiva escussione del patrimonio sociale, indicando i beni sui quali il creditore possa agevolmente soddisfarsi.;company law;socio;yes;Gesellschafter;;;Mitglied, Gesellschafter, Genossenschafter;-- der Gesellschafter  der um Zahlung von Verbindlichkeit der Gesellschaft ansuchen werden  können auch wenn sich der Gesellschaft in Liquidation befinden  der vorherig Einbringung der Gesellschaftsvermögen verlangen  wobei der Gut angeben sein  über der sich der Gläubiger leicht befriedigen können  
homonyms;31;Chi entra a far parte di una società già costituita risponde con gli altri soci per le obbligazioni sociali anteriori all'acquisto della qualità di socio.;company law;socio;yes;Gesellschafter;;;Mitglied, Gesellschafter, Genossenschafter;-- wer Teil ein bereits gegründet Gesellschaft werden  haften mit der anderer Gesellschafter für der Verbindlichkeit der Gesellschaft  der vor der Erwerb der Gesellschafterschaft erwerben werden  
homonyms;32;Possono divenire soci dell’Associazione tutte le persone fisiche e giuridiche, nonché le associazioni senza personalità giuridica, interessate allo scopo associativo e disposte a sostenerlo.;company law;socio;no;Mitglied;;;Mitglied, Gesellschafter, Genossenschafter;-- Mitglied der Verein können aller natürlich und juristisch Person sowie Verein ohne Rechtspersönlichkeit werden  der an der Vereinigung interessiert und bereit sein  ihn zu unterstützen  
homonyms;32;"Ogni socio ha il dovere di rispettare le norme dello statuto, i regolamenti interni e le deliberazioni degli organi dell’Associazione; e di versare nei termini la quota sociale annua e gli altri contributi obbligatori nella misura stabilita dall’assemblea generale.";company law;socio;no;Mitglied;;;Mitglied, Gesellschafter, Genossenschafter;-- jeder Mitglied sein verpflichten  der Bestimmung der Satzung  der intern Regelung und der Beschluß der Organ der Vereinigung einhalten und der jährlich Mitgliedsbeitrag und der sonstig Pflichtbeitrag in der von der Vollversammlung festgelegt Ausmaß termingerecht zu entrichten  
homonyms;32;Il socio uscente non ha alcun diritto sul patrimonio dell’Associazione e non può ripetere i contributi versati.;company law;socio;no;Mitglied;;;Mitglied, Gesellschafter, Genossenschafter;der ausscheidend Mitglied haben kein Anspruch auf der Vereinungsvermögen und können der eingezahlt Beitrag nicht zurückfordern 
homonyms;32;Per deliberare lo scioglimento dell’Associazione è necessario il voto favorevole di tre quarti dei soci.;company law;socio;no;Mitglied;;;Mitglied, Gesellschafter, Genossenschafter;für der Beschlussfassung über der Auflösung der Verein sein der Zustimmung von drei Viertel der Mitglied erforderlich 
homonyms;32;Per la costituzione e la sussistenza, l’associazione deve avere almeno 9 soci.;company law;socio;no;Mitglied;;;Mitglied, Gesellschafter, Genossenschafter;für der Gründung und der Vorhandensein muss der Verein mindestens 9 Mitglied haben 
homonyms;33;È esente da responsabilità quello degli amministratori il quale non abbia partecipato all'atto che ha causato il danno, salvo il caso in cui, essendo a cognizione che l'atto si stava per compiere, egli non abbia fatto constare del proprio dissenso.;civil law;responsabilità;yes;Haftung;zivilrechtlich Haftung  Verantwortlichkeit  Verantwortung;Vertretenmüssen  Eintretenmüssen ;Haftung, Verantwortlichkeit;-- von der Haftung befreien sein jener der Verwalter  der an der Rechtshandlung  der der Schaden verursachen haben  nicht teilnehmen haben  es sein denn  daß er  wenn er von der vorzunehmend Rechtshandlung Kenntnis haben  nicht sein Nichteinverständnis geltend machen haben  
homonyms;33;Nelle deliberazioni di approvazione del bilancio e in quelle che riguardano la loro responsabilità gli amministratori non hanno voto.;civil law;responsabilità;yes;Haftung;zivilrechtlich Haftung  Verantwortlichkeit  Verantwortung;Vertretenmüssen  Eintretenmüssen ;Haftung, Verantwortlichkeit;-- bei der Beschluß über der Genehmigung der Jahresabschluss und bei jener  der ihr Haftung betreffen  haben der Verwalter kein Stimme  
homonyms;33;Eseguita la consegna, l'erede resta liberato da ogni responsabilità per i debiti ereditari.;civil law;responsabilità;yes;Haftung;zivilrechtlich Haftung  Verantwortlichkeit  Verantwortung;Vertretenmüssen  Eintretenmüssen ;Haftung, Verantwortlichkeit;nach der Übergabe bleiben der Erbe von jeder Haftung für der Erbschaftsschulden befreien 
homonyms;33;È nullo qualsiasi patto che esclude o limita preventivamente la responsabilità del debitore per dolo o per colpa grave.;civil law;responsabilità;yes;Haftung;zivilrechtlich Haftung  Verantwortlichkeit  Verantwortung;Vertretenmüssen  Eintretenmüssen ;Haftung, Verantwortlichkeit;-- jeder Abmachung  der der Haftung der Schuldner für Vorsatz oder grob Fahrlässigkeit vorab ausschließen oder einschränken  sein nichtig  
homonyms;33;La responsabilità di cui al presente articolo è limitata al valore di quanto sia deteriorato, distrutto o sottratto, sino all'equivalente di cento volte il prezzo di locazione dell'alloggio per giornata.;civil law;responsabilità;yes;Haftung;zivilrechtlich Haftung  Verantwortlichkeit  Verantwortung;Vertretenmüssen  Eintretenmüssen ;Haftung, Verantwortlichkeit;-- der Haftung gemäß dieser Artikel sein auf der Wert der Beschädigten  Zerstörten oder Entwendten bis auf der Hundertausmaß der hundert Mietpreis der Wohnung pro Tag beschränken  
homonyms;34;Non può essere assunta da uno stesso difensore la difesa di più imputati che abbiano reso dichiarazioni concernenti la responsabilità di altro imputato nel medesimo procedimento o in procedimento connesso ai sensi dell’articolo 12.;criminal law;responsabilità;yes;Verantwortlichkeit;strafrechtlich Verantwortung  strafrechtilch Verantwortlichkeit;;Haftung, Verantwortlichkeit;-- der Verteidigung mehrere angeklagter  der in Sinn von Artikel 12 ein anderer angeklagter haften  dürfen nicht von ein ein und demselben Verteidiger übernehmen werden  
homonyms;34;Il testimone non può essere obbligato a deporre sui fatti per i quali è stata pronunciata in giudizio sentenza di condanna nei suoi confronti, se nel procedimento egli aveva negato la propria responsabilità ovvero non aveva reso alcuna dichiarazione.;criminal law;responsabilità;yes;Verantwortlichkeit;strafrechtlich Verantwortung  strafrechtilch Verantwortlichkeit;;Haftung, Verantwortlichkeit;-- der Zeuge können nicht verpflichten werden  über Tatsache  für der er vor Gericht auf Verurteilung gegen ihn entscheiden werden sein  zu erheben  wenn er in Verfahren sein Haftung verweigern oder kein Erklärung abgeben haben  
homonyms;34;Salvo che si tratti di persona minore degli anni quattordici, il presidente avverte altresì il testimone delle responsabilità previste dalla legge penale per i testimoni falsi o reticenti.;criminal law;responsabilità;yes;Verantwortlichkeit;strafrechtlich Verantwortung  strafrechtilch Verantwortlichkeit;;Haftung, Verantwortlichkeit;-- Sofern es sich nicht um ein Person unter vierzehn Jahr handeln  haben der vorsitzend der Zeuge außerdem über der von Strafgesetz vorgesehen Haftung für gefälscht oder verdünnend Zeuge zu unterrichten  
homonyms;34;In sede di discussione del giudizio abbreviato l’avvocato Rossi richiedeva l’assoluzione dell’imputato poiché dalle risultanze istruttorie non emergeva alcuna responsabilità penale del proprio assistito.;criminal law;responsabilità;yes;Verantwortlichkeit;strafrechtlich Verantwortung  strafrechtilch Verantwortlichkeit;;Haftung, Verantwortlichkeit;-- bei der Erörterung der abgekürzt Verfahren beantragen der Rechtsanwalt rot Rechtsanwalt der Aufhebungsbeschluss der angeklagter  da aus der Ermittlungsergebnis kein strafrechtlich Verantwortung der eigen Betreuten hervorgehen  
homonyms;34;La condanna è possibile soltanto quando vi sia la certezza processuale assoluta della responsabilità dell'imputato (Cass. pen., sez. II, 21 aprile 2006, n. 19575).;criminal law;responsabilità;yes;Verantwortlichkeit;strafrechtlich Verantwortung  strafrechtilch Verantwortlichkeit;;Haftung, Verantwortlichkeit;-- der Verurteilung sein nur dann möglich  wenn der absolut Verfahrenssicherheit für der Haftung der angeklagter bestehen  Abs. Pen .  Sek . II.  21. April 2006  Nr. 19575   
homonyms;35;L'assemblea convocata per la revoca o le dimissioni delibera in ordine alla nomina del nuovo amministratore.;civil law;revoca;yes;Abberufung;;;Widerruf, Abberufung;der zu Widerruf oder Rücktritt einberufen Gesellschafterversammlung beschließen über der Bestellung der neu Verwalter 
homonyms;35;La revoca dell'amministratore può essere deliberata in ogni tempo dall'assemblea, con la maggioranza prevista per la sua nomina oppure con le modalità previste dal regolamento di condominio.;civil law;revoca;yes;Abberufung;;;Widerruf, Abberufung;der Widerruf der Verwalter können jederzeit von der Gesellschafterversammlung mit der für der Bestellung vorgesehen Mehrheit oder mit der in der Gemeinschaftsordnung vorgesehen Modalität beschließen werden 
homonyms;35;In caso di revoca da parte dell'autorità giudiziaria, l'assemblea non può nominare nuovamente l'amministratore revocato.;civil law;revoca;yes;Abberufung;;;Widerruf, Abberufung;in Fall ein Widerruf durch der Gerichtsbehörde können der Gesellschafterversammlung der abberufen Verwalter nicht neu bestellen 
homonyms;35;Per la nomina degli amministratori e per la loro revoca nel caso indicato nel secondo comma dell'articolo 2259 sono necessari il consenso dei soci accomandatari e l'approvazione di tanti soci accomandanti che rappresentino la maggioranza del capitale da essi sottoscritto.;civil law;revoca;yes;Abberufung;;;Widerruf, Abberufung;-- für der Bestellung der Verwalter und ihr Widerruf in der in zweiter Absatz der Artikel 2259 bezeichnet Fall sein der Einwilligung der Komplementär und der Genehmigung so vieler Kommanditist erforderlich  daß sie der Mehrheit der von ihnen unterschrieben Kapital vertreten  
homonyms;35;Lo statuto può richiedere maggioranze più elevate, tranne che per l'approvazione del bilancio e per la nomina e la revoca delle cariche sociali.;civil law;revoca;yes;Abberufung;;;Widerruf, Abberufung;der Satzung können für der Genehmigung der Haushaltsvoranschlag und für der Bestellung und der Widerruf der Gesellschaftsamt groß Mehrheit verlangen 
homonyms;36;Restano salvi fino al loro adempimento tutti gli obblighi assunti prima della revoca delle deliberazioni stesse. ;administrative law;revoca;yes;Widerruf;;;Widerruf, Abberufung;aller vor der Widerruf der Beschluß eingegangen Verpflichtung bleiben bis zu Erfüllung derselben aufrecht 
homonyms;36;Qualora sopravvengano giustificati motivi il giudice, su istanza di parte, può disporre la revoca o la modifica dei provvedimenti di cui ai commi precedenti.;administrative law;revoca;yes;Widerruf;;;Widerruf, Abberufung;-- wenn gerechtfertigt Grund vorliegen  können der Gericht auf Antrag ein Partei der Widerruf oder der Änderung der in der vorhergehend Absatz vorgesehen Verfügung verfügen  
homonyms;36;La revoca determina la inidoneità del provvedimento revocato a produrre ulteriori effetti. ;administrative law;revoca;yes;Widerruf;;;Widerruf, Abberufung;-- der Widerruf bewirken der Untauglichkeit der widerrufen Verfügung  weit Wirkung zu erwirken  
homonyms;36;La revoca dell'adozione può essere pronunziata dal tribunale su domanda dell'adottante, quando l'adottato abbia attentato alla vita di lui o del suo coniuge, dei suoi discendenti o ascendenti.;administrative law;revoca;yes;Widerruf;;;Widerruf, Abberufung;-- der Widerruf der Adoption können von Landesgericht auf Antrag der Adoptierender aussprechen werden  wenn der Adoptierter auf der Leben sein Ehegatt  sein Ehegatt  sein Nachkomme oder Vorfahre achten haben  
homonyms;36;Quando i fatti previsti dall'articolo precedente sono stati compiuti dall'adottante contro l'adottato, oppure contro il coniuge o i discendenti o gli ascendenti di lui, la revoca può essere pronunciata su domanda dell'adottato.;administrative law;revoca;yes;Widerruf;;;Widerruf, Abberufung;-- wenn der in vorhergehend Artikel vorgesehen Tatsache von Adoptierender gegen der Adoptierter oder gegen der Ehegatt oder Nachkomme oder Vorfahre vornehmen werden sein  können der Widerruf auf Antrag der Adoptierter aussprechen werden  
homonyms;37;Al fine di prevenire azioni di sciopero vengono previste, con contratto collettivo, procedure di raffreddamento dei conflitti di lavoro, di mediazione e di conciliazione.;civil procedure law;conciliazione;yes;Schlichtung;;;Schlichtung, Versöhnung;-- zu Verhütung von Streikaktion werden mit Kollektivvertrag Verfahren zu Klärung von Arbeitskonflikt  zu Mediation und zu Schlichtung vorsehen  
homonyms;37;Nelle materie di cui al comma 1 del presente articolo il tentativo di conciliazione qui disciplinato viene esperito in luogo del procedimento di mediazione finalizzata alla conciliazione delle controversie civili e commerciali.;civil procedure law;conciliazione;yes;Schlichtung;;;Schlichtung, Versöhnung;in der Sachbereiche laut Absatz 1 dieser Artikel werden der hier geregelt Schlichtungsversuch anstelle der Mediationsverfahren zu Schlichtung von zivilrechtlich und gewerblich Streitigkeit durchführen 
homonyms;37;Se la conciliazione riesce, anche limitatamente ad una parte della pretesa avanzata dal dipendente, viene redatto separato processo verbale sottoscritto dalle parti e dai componenti del collegio di conciliazione.;civil procedure law;conciliazione;yes;Schlichtung;;;Schlichtung, Versöhnung;-- Gelingen der Schlichtung  auch nur für ein Teil der Forderung  der von Bediensteter erheben werden  werden ein getrennt Protokoll verfassn  der von der Partei und der Mitglied der Schlichtungskommission unterzeichnen werden  
homonyms;37;Qualora la conciliazione non si concluda entro 60 giorni, si procede d’ufficio all’esproprio, all’imposizione di servitù coattive o all’occupazione.;civil procedure law;conciliazione;yes;Schlichtung;;;Schlichtung, Versöhnung;-- falls der Schlichtung nicht innerhalb von 60 Tag abschließen werden  werden von Amts wegen der Enteignung  der Auferlegung von Zwangsdienstbarkeit oder der Besetzung vornehmen  
homonyms;37;L’esito della conciliazione è formalizzato in un verbale di conciliazione, che è sottoscritto dalle parti e dal direttore della Ripartizione provinciale Agricoltura o dalla persona incaricata di esperire il tentativo di conciliazione.;civil procedure law;conciliazione;yes;Schlichtung;;;Schlichtung, Versöhnung;-- der Schlichtungsergebnis werden in ein Schlichtungsprotokoll formalisieren  der von der Partei und von Direktor der Landesabteilung Landwirtschaft oder von der mit der Schlichtungsversuch beauftragt Person unterzeichnen werden  
homonyms;38;Se la conciliazione non riesce, si dà atto nel processo verbale del consenso dei coniugi alla separazione e delle condizioni riguardanti i coniugi stessi e la prole.;civil procedure law;conciliazione;yes;Versöhnung;;;Schlichtung, Versöhnung;-- Gelingen der Schlichtung nicht  so werden in Protokoll der Einwilligung der Ehegatt zu Trennung und der der Ehegatt und der Kind betreffend Bedingung bestätigen  
homonyms;38;I coniugi per far cessare gli effetti della sentenza di separazione e per rendere la conciliazione opponibile a terzi devono rendere una dichiarazione davanti all’ufficiale di Stato Civile presso il Comune dove fu celebrato il matrimonio.;civil procedure law;conciliazione;yes;Versöhnung;;;Schlichtung, Versöhnung;-- um der Wirkung der Absonderungsurteil zu beenden und um ein Schlichtungsverfahren dritter entgegenwirken  müssen der Ehegatt ein Erklärung vor der Standesbeamter der Gemeinde abgeben  in der der Eheschließung erfolgen sein  
homonyms;38;La Riforma del processo civile, in considerazione della natura della causa che interessa l’ambito familiare, dedica ampio spazio e favorisce la conciliazione e la mediazione, la prima intesa come tentativo del giudice di ricomporre la crisi e ripristinare l’unità familiare.;civil procedure law;conciliazione;yes;Versöhnung;;;Schlichtung, Versöhnung;-- der Zivilprozessreform begünstigen unter Berücksichtigung der Art der Ursatz  der der familiär Bereich betreffen  weitgehend und fördern der Vereinbarung und Vermittlung  der erster Versuchsversuch der Gericht  der Krise wiederherzustellen und der Familieneinheit wiederherzustellen  
homonyms;38;Il procedimento consensuale si promuove con ricorso al Tribunale in composizione collegiale per l’esperimento del tentativo di conciliazione e, in difetto di conciliazione, per la formalizzazione della volontà dei coniugi di vivere separati.;civil procedure law;conciliazione;yes;Versöhnung;;;Schlichtung, Versöhnung;-- der einvernehmlich Verfahren werden mit Rekurs an der Landesgericht in sein Zusammensetzung für der Versuchsversuchsverständigung und  falls kein Schlichtung erfolgen  für der Formalisierung der Wille der Ehegatt  trennen zu leben  einleiten  
homonyms;38;Il Presidente del Tribunale fa un tentativo di conciliazione fra i coniugi e, se la conciliazione non riesce, adotta eventuali provvedimenti urgenti necessari per la coppia o i figli.;civil procedure law;conciliazione;yes;Versöhnung;;;Schlichtung, Versöhnung;-- der Präsident der Landesgericht erstellen ein Schlichtungsversuch zwischen der Ehegatt und treffen  wenn der Schlichtung nicht hervorgehen  allfällig für der Paar oder der Kind notwendig dringend Maßnahme  
homonyms;39;Se i coeredi che intendono esercitare il diritto di riscatto sono più, la quota è assegnata a tutti in parti uguali.;inheritance law;diritto di riscatto;yes;Einlösungsrecht;;;Wiederkaufsrecht, Einlösungsrecht;-- sein mehrere Miterbe  der der Wiederkaufsrecht ausüben wollen  so werden der Anteil alle zu gleich Teil zugewiesen  
homonyms;39;Dato l’intento del legislatore di circoscrivere la comunione ereditaria ai soli coeredi e di accrescere le loro quote patrimoniali in caso di alienazione di una di queste, il diritto di riscatto, così come il diritto di prelazione, non si può trasferire a soggetti estranei.;inheritance law;diritto di riscatto;yes;Einlösungsrecht;;;Wiederkaufsrecht, Einlösungsrecht;-- aufgrund der Verständigung der Gesetzgeber  der Erbschaftsgemeinschaft nur auf Miterbe zu beschränken und ihr Vermögensanteil in Fall der Veräußerung ein derselben zu erhöhen  können der Wiederkaufsrecht sowie der Vorkaufsrecht nicht auf extern Person übertragen werden  
homonyms;39;Non necessariamente in caso di violazione del diritto di prelazione gli altri coeredi devono esercitare il diritto di riscatto.;inheritance law;diritto di riscatto;yes;Einlösungsrecht;;;Wiederkaufsrecht, Einlösungsrecht;nicht unbedingt bei Verletzung der Vorkaufsrecht müssen der anderer Miterbe der Wiederkaufsrecht ausüben 
homonyms;39;Il diritto di riscatto in cui si esprime il retratto successorio si esercita con una dichiarazione unilaterale del coerede resa innanzi ad un notaio.;inheritance law;diritto di riscatto;yes;Einlösungsrecht;;;Wiederkaufsrecht, Einlösungsrecht;-- der Wiederkaufsrecht  in der der Nachfolger abgeben werden  werden durch ein einseitig Erklärung der Miterbe  der vor ein Notar abgeben werden  ausüben  
homonyms;39;Una volta esercitato il diritto di riscatto, il coerede assume la posizione di acquirente come se avesse avuto la possibilità di esercitare il diritto di prelazione.;inheritance law;diritto di riscatto;yes;Einlösungsrecht;;;Wiederkaufsrecht, Einlösungsrecht;-- nach Ausübung der Wiederkaufsrecht übernehmen der Miterbe der Stellung der Erwerber  als wenn er der Möglichkeit zu Ausübung der Vorkaufsrecht haben  
homonyms;40;Il venditore che esercita il diritto di riscatto è tenuto a rimborsare al compratore il prezzo, le spese e ogni altro pagamento legittimamente fatto per la vendita e le spese per le riparazioni necessarie.;law of obligations;diritto di riscatto;yes;Wiederkaufsrecht;Wiederkauf;Rückkaufsrecht;Wiederkaufsrecht, Einlösungsrecht;-- der Verkäufer  der der Wiederkaufsrecht ausüben  sein verpflichten  der Käufer der Preis  der Kosten und jeder anderer rechtmäßig vorgenommen Zahlung für der Verkauf und der Kosten für der notwendig Ausbesserung zu ersetzen  
homonyms;40;Il venditore decade dal diritto di riscatto, se entro il termine fissato non comunica al compratore la dichiarazione di riscatto e non gli corrisponde le somme liquide dovute per il rimborso del prezzo e delle spese.;law of obligations;diritto di riscatto;yes;Wiederkaufsrecht;Wiederkauf;Rückkaufsrecht;Wiederkaufsrecht, Einlösungsrecht;-- der Verkäufer verwirken der Wiederkaufsrecht  wenn er der Käufer nicht innerhalb der festgesetzt Frist der Erklärung über der Wiederkaufsvertrag mitteilen und ihm der für der Rückerstattung der Preis und der Kosten geschuldet flüssig Betrag nicht entrichten  
homonyms;40;Se il compratore rifiuta di ricevere il pagamento dei rimborsi, il venditore decade dal diritto di riscatto, qualora non ne faccia offerta reale entro otto giorni dalla scadenza del termine.;law of obligations;diritto di riscatto;yes;Wiederkaufsrecht;Wiederkauf;Rückkaufsrecht;Wiederkaufsrecht, Einlösungsrecht;-- wenn der Käufer der Zahlung der Rückerstattung verweigern  verlieren der Verkäufer sein Wiederkaufsrecht  wenn er dieser nicht innerhalb von acht Tag ab Ablauf der Frist tatsächlich anbieten haben  
homonyms;40;Il venditore che ha legittimamente esercitato il diritto di riscatto nei confronti del compratore può ottenere il rilascio della cosa anche dai successivi acquirenti, purché il patto sia ad essi opponibile.;law of obligations;diritto di riscatto;yes;Wiederkaufsrecht;Wiederkauf;Rückkaufsrecht;Wiederkaufsrecht, Einlösungsrecht;-- der Verkäufer  der der Wiederkaufsrecht gegenüber der Käufer rechtmäßig ausüben haben  können der Befreiung der Sache auch von der nachfolgend Erwerber erlangen  sofern ihnen der Abmachung entgegengehalten werden können  
homonyms;40;Se più persone hanno venduto congiuntamente, mediante un solo contratto, una cosa indivisa, ciascuna può esercitare il diritto di riscatto solo sopra la quota che le spettava.;law of obligations;diritto di riscatto;yes;Wiederkaufsrecht;Wiederkauf;Rückkaufsrecht;Wiederkaufsrecht, Einlösungsrecht;-- haben mehrere Person gemeinsam mit ein einzig Vertrag ein ungeteilt Sache verkaufen  so können jeder zurückgängig Sache der Wiederkaufsrecht nur über der ihr zustehend Anteil ausüben  
homonyms;41;È escluso dalla successione come indegno chi ha indotto con dolo o violenza la persona, della cui successione si tratta, a fare, revocare o mutare il testamento, o ne l'ha impedita.;law of obligations;dolo;no;Arglist;;arglistig Täuschung  List;Arglist, Vorsatz;-- von der Erbfolge als Unwürdigkeit sein ausschließen  wer der Person  um der Erbfolge es sich handeln  vorsätzlich oder gewalten haben  der Testament zu errichten  zu widerrufen oder zu ändern oder es zu verhindern  
homonyms;41;La disposizione testamentaria può essere impugnata da chiunque vi abbia interesse quando è l'effetto di errore, di violenza o di dolo.;law of obligations;dolo;no;Arglist;;arglistig Täuschung  List;Arglist, Vorsatz;-- der testamentarisch Verfügung können von jeder  der ein Interesse daran haben  angefochten werden  wenn sie der Folge von Irrtum  Zwang oder Arglist sein  
homonyms;41;Chi, avendo più debiti, accetta una quietanza nella quale il creditore ha dichiarato di imputare il pagamento a uno di essi, non può pretendere un'imputazione diversa, se non vi è stato dolo o sorpresa da parte del creditore.;law of obligations;dolo;no;Arglist;;arglistig Täuschung  List;Arglist, Vorsatz;-- wer mehrere Schuld haben und ein Quittung annehmen  in der der Gläubiger erklären haben  der Zahlung einer von ihnen anrechnen  können ein anderer Anlastung nur verlangen  wenn der Gläubiger vorsätzlich oder überraschen sein  
homonyms;41;Il contraente, il cui consenso fu dato per errore, estorto con violenza o carpito con dolo, può chiedere l'annullamento del contratto secondo le disposizioni seguenti.;law of obligations;dolo;no;Arglist;;arglistig Täuschung  List;Arglist, Vorsatz;-- der Vertragspartner  der Einwilligung wegen Irrtum  erpressen mit Zwang oder arglistig geben werden sein  können der Nichtigerklärung der Vertrag nach der folgend Bestimmung beantragen  
homonyms;41;Il dolo è causa di annullamento del contratto quando i raggiri usati da uno dei contraenti sono stati tali che, senza di essi, l'altra parte non avrebbe contrattato.;law of obligations;dolo;no;Arglist;;arglistig Täuschung  List;Arglist, Vorsatz;-- der Arglist sein Grund für der Nichtigerklärung der Vertrag  wenn der von einer der Vertragspartei verwendet Täuschung so begehen werden sein  dass der anderer Partei ohne sie kein Vertrag abschließen haben  
homonyms;42;Sono circostanze soggettive quelle che concernono la intensità del dolo o il grado della colpa, o le condizioni e le qualità personali del colpevole, o i rapporti fra il colpevole e l'offeso, ovvero che sono inerenti alla persona del colpevole;criminal law;dolo;yes;Vorsatz;vorsätzlich verhalten;;Arglist, Vorsatz;-- Subjektive Umstand sein Umstand  der der Intensität der Arglistrecht oder der Grad der Fahrlässigkeit  der persönlich Verhältnis und Eigenschaft der Schuldigen oder der Beziehung zwischen der Schuldigen und der Beleidigten betreffen oder mit der Person der Schuldigen zusammenhängen  
homonyms;42;Il donante, in caso d'inadempimento o di ritardo nell'eseguire la donazione, è responsabile soltanto per dolo o per colpa grave.;criminal law;dolo;yes;Vorsatz;vorsätzlich verhalten;;Arglist, Vorsatz;der Schenker haften bei Nichterfüllung oder bei Verspätung bei der Durchführung der Schenkung nur für Vorsatz oder grob Fahrlässigkeit 
homonyms;42;Il giudice che dichiara la nullità di un atto ne dispone la rinnovazione, qualora sia necessaria e possibile, ponendo le spese a carico di chi ha dato causa alla nullità per dolo o colpa grave.;criminal law;dolo;yes;Vorsatz;vorsätzlich verhalten;;Arglist, Vorsatz;-- der Gericht  der der Nichtigkeit ein Akt erklären  verfügen der Erneuerung  sofern dieser notwendig und möglich sein  und stellen der Kosten demjenigen auf  der der Nichtigkeit aus Vorsatz oder grob Fahrlässigkeit verursachen haben  
homonyms;42;Nessuno può essere punito per un fatto preveduto dalla legge come delitto, se non l'ha commesso con dolo, salvi i casi di delitto preterintenzionale o colposo espressamente preveduti dalla legge.;criminal law;dolo;yes;Vorsatz;vorsätzlich verhalten;;Arglist, Vorsatz;-- niemand können wegen ein von Gesetz als Verbrechen vorgesehen Tat bestrafen werden  wenn er sie nicht vorsätzlich begehen haben  außer in Fall ein vorsätzlich oder fahrlässig Verbrechen  der von Gesetz ausdrücklich vorsehen sein  
homonyms;42;Le circostanze che aggravano o diminuiscono le pene concernenti i motivi a delinquere, l'intensità del dolo, il grado della colpa e le circostanze inerenti alla persona del colpevole, sono valutate soltanto riguardo alla persona a cui si riferiscono.;criminal law;dolo;yes;Vorsatz;vorsätzlich verhalten;;Arglist, Vorsatz;-- Umstand  der der Strafe hinsichtlich der Grund für ein Verbrechen  der Intensität der Arglistverhalten  der Schuldengrad und der Umstand  der mit der Person der Schuldige zusammenhängen  verstärken oder verringern  werden nur hinsichtlich der Person  auf der sie sich beziehen  bewerten  
homonyms;43;La causa è illecita quando è contraria a norme imperative, all'ordine pubblico o al buon costume.;law of obligations;causa;yes;Rechtsgrund;;causa;Rechtsstreit, Rechtsgrund;-- der Rechtsstreit sein unerlaubt  wenn er zwingend Vorschrift  der Rechtsordnung der öffentlich Hand oder der gut Sitte verletzen  
homonyms;43;Si reputa altresì illecita la causa quando il contratto costituisce il mezzo per eludere l'applicazione di una norma imperativa.;law of obligations;causa;yes;Rechtsgrund;;;Rechtsstreit, Rechtsgrund;-- ebenso gelten der Rechtsgrund als unerlaubt  wenn der Vertrag der Mittel zu Umgestaltung der Anwendung ein zwingend Vorschrift darstellen  
homonyms;43;La nullità o l'annullamento del contratto di lavoro non produce effetto per il periodo in cui il rapporto ha avuto esecuzione, salvo che la nullità derivi dall'illiceità dell'oggetto o della causa.;law of obligations;causa;yes;Rechtsgrund;;;Rechtsstreit, Rechtsgrund;-- der Nichtigkeit oder der Nichtigerklärung der Arbeitsvertrag wirken für der Zeitraum  in der der Arbeitsverhältnis vollstrecken werden sein  sofern der Nichtigkeit nicht auf der Unerlaubtheit der Gegenstand oder der Rechtsstreit zurückführen sein  
homonyms;43;Producono nullità del contratto la mancanza di uno dei requisiti indicati dall'articolo 1325, l'illiceità della causa, l'illiceità dei motivi nel caso indicato dall'articolo 1345 e la mancanza nell'oggetto dei requisiti stabiliti dall'articolo 1346.;law of obligations;causa;yes;Rechtsgrund;;;Rechtsstreit, Rechtsgrund;-- der fehlen ein der in Artikel 1325 bezeichnet Voraussetzung  der Unerlaubtheit der Rechtsstreits  der Unerlaubtheit der Grund in der in Artikel 1345 bezeichnet Fall und der fehlen der Gegenstand der in Artikel 1346 festgesetzt Voraussetzung verlangen der Nichtigkeit der Vertrag  
homonyms;43;La causa è nello scopo pratico ovvero nella funzione economico-individuale del contratto.;law of obligations;causa;yes;Rechtsgrund;;;Rechtsstreit, Rechtsgrund;der Grund sein der praktisch Zweck bzw. der wirtschaftlich-individuell Funktion der Vertrag 
homonyms;44;L'istanza per ottenere la sospensione proposta prima dell'inizio della causa non sospende né interrompe il termine per la proposizione dell'impugnazione della deliberazione.;civil procedure law;causa;yes;Rechtsstreit;;;Rechtsstreit, Rechtsgrund;der Antrag auf Einreichung der vor der Einleitung der Rechtsstreit eingebracht Aussetzung setzen der Frist für der Erhebung der Anfechtung der Beschluß weder aus noch unterbrichn er dieser Frist 
homonyms;44;La trattazione della causa ha inizio quando sia decorso il termine suddetto.;civil procedure law;causa;yes;Rechtsstreit;;;Rechtsstreit, Rechtsgrund;der Verhandlung der Rechtsstreit beginnen nach Ablauf der genannt Frist 
homonyms;44;La competenza degli arbitri non è esclusa dalla pendenza della stessa causa davanti al giudice, né dalla connessione tra la controversia ad essi deferita ed una causa pendente davanti al giudice.;civil procedure law;causa;yes;Rechtsstreit;;;Rechtsstreit, Rechtsgrund;der Zuständigkeit der Schiedsrichter sein weder von der Anhängigkeit derselbe Rechtsstreit vor der Gericht ausschließen noch von der Zusammenhangslegung zwischen der ihnen zugewiesen Rechtsstreit und ein vor der Gericht anhängig Rechtsstreit 
homonyms;44;Se la riassunzione della causa davanti al giudice dichiarato competente avviene nel termine fissato nella ordinanza dal giudice, il processo continua davanti al nuovo giudice.;civil procedure law;causa;yes;Rechtsstreit;;;Rechtsstreit, Rechtsgrund;-- Erfolgt der Aufnahme der Rechtsstreits vor der für zuständig erklärt Gericht innerhalb der in Beschluss der Gericht festgesetzt Frist  so werden der Verfahren vor der neu Gericht weiterführen  
homonyms;44;Il giudice ha l'obbligo di astenersi se ha interesse nella causa o in altra vertente su identica questione di diritto.;civil procedure law;causa;yes;Rechtsstreit;;;Rechtsstreit, Rechtsgrund;-- der Gericht haben sich zu enthalten  wenn es ein Interesse an Rechtsstreit oder an ein anderer Rechtsstreit in ein gleichartig Rechtsfrage haben  
homonyms;45;Nel processo davanti a tale giudice le parti esercitano gli stessi diritti e facoltà che sarebbero loro spettati davanti al giudice originariamente competente.;civil law;facoltà;yes;Befugnis;;;Befugnis, Fakultät;-- in Verfahren vor dieser Gericht üben der Partei derselbe Recht und Befugnis aus  der ihnen vor der ursprünglich zuständig Gericht zustanden  
homonyms;45;L'inventario deve essere compiuto nel termine di trenta giorni, salva al giudice tutelare la facoltà di prorogare il termine se le circostanze lo esigono.;civil law;facoltà;yes;Befugnis;;;Befugnis, Fakultät;-- der Inventar sein innerhalb ein Frist von dreißig Tag abschließen  vorbehaltlich der Befugnis der Vormundschaftsgericht  der Frist zu verlängern  wenn der Umstand es erfordern  
homonyms;45;In quest'ultimo caso l'onerato è obbligato ad acquistare la proprietà della cosa dal terzo e a trasferirla al legatario, ma è in sua facoltà di pagarne al legatario il giusto prezzo.;civil law;facoltà;yes;Befugnis;;;Befugnis, Fakultät;-- in letztgenannt Fall sein der Beschwerte verpflichten  der Eigentum an der Sache von Dritter zu erwerben und dieser der Vermächtnisnehmer zu übertragen  sein jedoch in sein Befugnis  der Vermächtnisnehmer der angemessen Preis zu zahlen  
homonyms;45;I chiamati all'eredità, che hanno sottratto o nascosto beni spettanti all'eredità stessa, decadono dalla facoltà di rinunziarvi e si considerano eredi puri e semplici, nonostante la loro rinunzia.;civil law;facoltà;yes;Befugnis;;;Befugnis, Fakultät;-- der zu Erbschaft Berufenen  der der Erbschaft zustehend Sache entziehen oder verbergen haben  verfallen von der Befugnis  dieser zu verzichten  und gelten trotz ihr Ausschlagung als rein und einfach Erbe  
homonyms;45;Chiunque ha interesse può chiedere che l'autorità giudiziaria fissi un termine entro il quale il legatario dichiari se intende esercitare la facoltà di rinunziare.;civil law;facoltà;yes;Befugnis;;;Befugnis, Fakultät;-- jeder  der ein Interesse daran haben  können verlangen  dass der Gerichtsbehörde ein Frist festsetzen  innerhalb welcher der Vermächtnisnehmer erklären können  ob er der Befugnis zu Ausschlagung ausüben wollen  
homonyms;46;Le Facoltà hanno il compito primario di organizzare e coordinare l'attività didattica dei corsi di studio e degli altri corsi che ad esse afferiscono, predisponendo i relativi regolamenti anche su proposta della Commissione Didattica della Facoltà.;university law;facoltà;yes;Fakultät;;;Befugnis, Fakultät;-- der Befugnis haben der primär Aufgabe  der didaktisch Tätigkeit der Studiengang und der anderer Kurs  der sie betreffen  zu organisieren und zu koordinieren  wobei sie der entsprechend Verordnung auch auf Vorschlag der Didaktischen Kommission der Fakultät vorbereiten  
homonyms;46;Le Facoltà sono le strutture didattiche e di ricerca che operano secondo quanto previsto dal Regolamento didattico di Ateneo.;university law;facoltà;yes;Fakultät;;;Befugnis, Fakultät;-- der Befugnis sein der didaktisch und Forschungseinrichtung  der gemäß der Studienordnung der Hochschule tätig sein  
homonyms;46;I corsi di laurea sono organizzati e coordinati attraverso grandi aree di studio multidisciplinari, rappresentate da Facoltà e Scuole.;university law;facoltà;yes;Fakultät;;;Befugnis, Fakultät;-- der Laureatslehrgang werden über groß fächerübergreifend Studienbereich organisieren und koordinieren  der von Fakultät und Schule vertreten sein  
homonyms;46;Più di 1.000 sono gli iscritti alla nostra facoltà, i cui punti di forza sono l'internazionalità e il trilinguismo - italiano, tedesco, inglese - che preparano a operare in un contesto globale.;university law;facoltà;yes;Fakultät;;;Befugnis, Fakultät;-- über 1.000 Person sein in der Möglichkeit eintragen  der Stärke der Internationalität und Dreisprachigkeit  Italienisch  Deutsch  Englisch  sein  der sich auf ein ganzheitlich Arbeit bereitstellen  
homonyms;46;Gli studenti possono partecipare a esperienze di apprendimento nei laboratori della facoltà.;university law;facoltà;yes;Fakultät;;;Befugnis, Fakultät;der Schüler können an Lernerfahrung in der Fähigkeitswerkstatt teilnehmen 
homonyms;47;Eseguite le iscrizioni dell'atto di fusione a norma del secondo comma dell'articolo 2504, l'invalidità dell'atto di fusione non può essere pronunciata.;administrative law;invalidità;yes;Ungültigkeit;;;Invalidität, Ungültigkeit;-- nachdem der Eintragung der Verschmelzungsakt gemäß der zweiter Absatz der Artikel 2504 erfolgen sein  können der Ungültigkeit der Verschmelzungsakt nicht mehr aussprechen werden  
homonyms;47;L'autorità competente al rilascio delle autorizzazioni di cui al primo comma è legittimata, qualora l'iscrizione nel registro delle imprese sia avvenuta nonostante la loro mancanza o invalidità, a proporre istanza per la cancellazione della società medesima dal registro. ;administrative law;invalidità;yes;Ungültigkeit;;;Invalidität, Ungültigkeit;-- der für der Erteilung der Genehmigung gemäß Absatz 1 zuständig Behörde sein berechtigen  wenn der Eintragung in der Handelsregister trotz ihr Fehlen oder Ungültigkeit erfolgen sein  ein Antrag auf Streichung der Gesellschaft aus der Register zu stellen  
homonyms;47;Nei casi e nei termini previsti dal precedente comma l'invalidità può essere rilevata d'ufficio dal giudice.;administrative law;invalidità;yes;Ungültigkeit;;;Invalidität, Ungültigkeit;in der in vorhergehend Absatz vorgesehen Fall und innerhalb der in vorhergehend Absatz vorgesehen Frist können der Ungültigkeit von Gericht von Amts wegen übernehmen werden 
homonyms;47;L'invalidità della deliberazione per mancanza del verbale può essere sanata mediante verbalizzazione eseguita prima dell'assemblea successiva.;administrative law;invalidità;yes;Ungültigkeit;;;Invalidität, Ungültigkeit;der Ungültigkeit der Beschluß wegen Fehlens der Protokoll können durch ein vor der nächster Gesellschafterversammlung durchgeführt Niederschrift heilen werden 
homonyms;47;Un provvedimento si dice patologico quando è affetto da invalidità, che si verifica quando la difformità tra l'atto e le norme determina una lesione di interessi tutelati da queste stesse. ;administrative law;invalidità;yes;Ungültigkeit;;;Invalidität, Ungültigkeit;-- ein Verfügung gelten als pathologisch  wenn sie Invalidität aufweisen  der eintreten  wenn der Abweichung zwischen der Rechtshandlung und der Vorschrift ein Verletzung von durch derselbe geschützt Interesse bewirken  
homonyms;48;Attualmente le persone con invalidità civile per dimostrare l’invalidità devono produrre il verbale redatto dalla commissione medica dell’Azienda Sanitaria ove compare anche la patologia riscontrata.;social security law;invalidità;yes;Invalidität;;;Invalidität, Ungültigkeit;-- derzeit müssen der Person mit Zivilinvalidität zu Nachweis der Invalidität der Protokoll der Ärztekommission der Sanitätsbetrieb vorlegen  in der auch der festgestellt Pathologie aufscheinen  
homonyms;48;Le commissioni mediche di ciascun comprensorio rilasceranno a tutte le persone a cui verrà attestata un’invalidità dal 46% in su la tessera d’invalidità.;social security law;invalidità;yes;Invalidität;;;Invalidität, Ungültigkeit;-- der Ärztekommission jeder jeder Bezirk werden aller Person ausstellen  der ein Invalidität von 46 % auf der Invaliditätsausweis bescheinigen werden  
homonyms;48;È escluso dalla prestazione chi ha effettuato cicli di cure termali per tre anni consecutivi, ad eccezione dei casi di riacutizzazione dell'infermità pensionata o di aggravamento dell'invalidità accertati dal medico addetto all'assistenza agli invalidi del Comprensorio sanitario.;social security law;invalidità;yes;Invalidität;;;Invalidität, Ungültigkeit;-- von der Leistung ausschließen sein  wer drei aufeinanderfolgend Jahr lang Thermalkur durchführen haben  mit Ausnahme der Fall  in der der Ruhegehaltskrankheit aufkleiden oder der Invalidität verschlechtern werden  der von Arzt für der Betreuung der Invalider der Gesundheitsbezirk festgestel 
homonyms;48;Il premio di assunzione non è concesso se alla persona viene riconosciuta l’invalidità durante il rapporto di lavoro.;social security law;invalidità;yes;Invalidität;;;Invalidität, Ungültigkeit;-- der Aufnahmeprämie werden nicht gewähren  wenn der Person während der Arbeitsverhältnis der Invalidität anerkennen haben  
homonyms;48;Nel caso di persone adulte, l’erogazione dei dispositivi per l’udito spetta, a prescindere dal riconoscimento della relativa invalidità, a coloro che hanno una ipoacusia bilaterale rilevata senza protesi pari o superiore a 45 dB HL nell’orecchio migliore.;social security law;invalidità;yes;Invalidität;;;Invalidität, Ungültigkeit;-- in Fall von erwachsene stehen der Ausgabe der Hörbehelfe  unabhängig von der Anerkennung der entsprechend Invalidität  Person zu  der ein beidseitig Hypotheasigkeit aufweisen  der in bestehend Ohr ohne Prothese von 45 dB HL oder mehr erheben werden  
homonyms;49;Se il contraente non paga il premio o la prima rata di premio stabilita dal contratto, l'assicurazione resta sospesa fino alle ore ventiquattro del giorno in cui il contraente paga quanto è da lui dovuto.;insurance law;premio;yes;Prämie;Versicherungsprämie;;Preis, Prämie;-- bezahlen der Versicherungsnehmer der Prämie oder der erster in Vertrag festgesetzt Prämierate nicht  so bleiben der Versicherung bis vierundzwanzig Uhr der Tag aussetzen  an der der Versicherungsnehmer der zahlen  wer er zu zahlen haben  
homonyms;49;È soggetto a collazione ciò che il defunto ha speso a favore dei suoi discendenti per assegnazioni fatte a causa di matrimonio o per soddisfare premi relativi a contratti di assicurazione sulla vita a loro favore.;insurance law;premio;yes;Prämie;Versicherungsprämie;;Preis, Prämie;-- der Ausgleichung unterliegen  was der Verstorbene zugunsten sein Nachkomme für Zuweisung  der auf Grund der Eheschließung erfolgen sein  oder für der Befriedigung von Prämie  der sich auf Lebensversicherungsvertrag zu ihr Gunst beziehen  auszahlen haben  
homonyms;49;Se l'usufruttuario ha provveduto all'assicurazione della cosa o al pagamento dei premi per la cosa già assicurata, l'usufrutto si trasferisce sull'indennità dovuta dall'assicuratore.;insurance law;premio;yes;Prämie;Versicherungsprämie;;Preis, Prämie;-- haben der Fruchtnießer der Versicherung der Sache oder der Zahlung der Prämie für der bereits versichert Sache vornehmen  so übertragen der Fruchtgenuss auf der von Versicherer geschuldet Entschädigung  
homonyms;49;I premi relativi al periodo di assicurazione in corso al momento della comunicazione o della conoscenza sono dovuti per intero.;insurance law;premio;yes;Prämie;Versicherungsprämie;;Preis, Prämie;der Prämie für der zu Zeitpunkt der Mitteilung oder der Kenntnis laufend Versicherungszeitraum sein zu Gänze schuldeen 
homonyms;49;Il recesso dell'assicuratore ha effetto dopo quindici giorni, se l'aggravamento del rischio è tale che per l'assicurazione sarebbe stato richiesto un premio maggiore.;insurance law;premio;yes;Prämie;Versicherungsprämie;;Preis, Prämie;-- der Rücktritt der Versicherer sein nach fünfzehn Tag wirksam  wenn der Risikoerhöhung so erfolgen  dass für der Versicherung ein hoch Prämie beantragen sein  
homonyms;50;Nei concorsi a premio, i premi non richiesti o non assegnati, diversi da quelli rifiutati, sono devoluti a organizzazioni non lucrative di utilità sociale.;law;premio;yes;Preis;;;Preis, Prämie;-- bei Prämienwettbewerb werden der nicht beantragt oder nicht zugewiesen Prämie  der nicht der abgelehnt Prämie entsprechen  an nicht gewinnorientiert Organisation von sozial Nutzen übertragen  
homonyms;50;Per concorsi a premi si intendono tutte le manifestazioni promozionali in cui solamente determinati partecipanti ricevono un premio.;law;premio;yes;Preis;;;Preis, Prämie;-- unter Preiswettbewerb verstehen man aller Werbeveranstaltung  bei der nur bestimmt Teilnehmer ein Preis erhalten  
homonyms;50;I premi messi in palio sono consegnati agli aventi diritto entro il termine di sei mesi dall'individuazione dei vincitori.;law;premio;yes;Preis;;;Preis, Prämie;-- der Prämie  der anstatt gepfohlen werden  werden der Anspruchsberechtigten innerhalb von sechs Monat ab der Ausweisung der Gewinner aushändigen  
homonyms;50;In caso di violazioni nella consegna dei premi, il Ministero determina l'incameramento totale o parziale della cauzione, pari al 100% del valore dei premi del concorso.;law;premio;yes;Preis;;;Preis, Prämie;bei Verstoß bei der Übergabe der Prämie bestimmen der Ministerium der vollständig oder teilweis Einziehung der Kaution in Ausmaß von 100 % der Wert der Prämie der Wettbewerb 
homonyms;50;L’obbligo di comunicazione di operazioni a premi al Ministero sussiste solo nel caso in cui non si possano consegnare immediatamente i premi ai vincitori.;law;premio;yes;Preis;;;Preis, Prämie;-- der Pflicht zu Mitteilung von Prämienhandlung an der Ministerium bestehen nur dann  wenn der Preis nicht unverzüglich an der Gewinner ausgeben werden können  
