SOURCE_SHEET;TERM NUMBER;TYPE OF ABBREVIATED FORM;IT EXAMPLE;IT TERM;STANDARDISED/RECOMMENDED FULL FORM;TARGET HYPOTHESIS (DE SOUTH TYROL);OTHER TERMS SOUTH TYROL (CSV);TERMS FROM OTHER LEGAL SYTEMS (CSV);test_predictions
abbreviated forms;1;initialism;L’RSPP è il consulente del datore di lavoro in materia di salute e sicurezza sul lavoro ed è nominato dal direttore della ripartizione del personale.;RSPP;yes;LASD;Leiter des Arbeitsschutzdienstes, Sicherheitsbeauftragter, Verantwortliche Arbeitsschutzfachkraft;;der EGV sein der Sachverständige der Arbeitgeber in Bereich der Gesundheit und Sicherheit an Arbeitsplatz und werden von Direktor der Personalabteilung ernennen 
abbreviated forms;1;initialism;Il RSPP è una figura designata dal datore di lavoro e deve possedere requisiti professionali specifici.;RSPP;yes;LASD;Leiter des Arbeitsschutzdienstes, Sicherheitsbeauftragter, Verantwortliche Arbeitsschutzfachkraft;;der EGV sein ein von Arbeitgeber bestimmt Person und muss spezifisch beruflich Voraussetzung besitzen 
abbreviated forms;1;initialism;Chi ha il compito di nominare il RSPP?;RSPP;yes;LASD;Leiter des Arbeitsschutzdienstes, Sicherheitsbeauftragter, Verantwortliche Arbeitsschutzfachkraft;;-- wer haben der Aufgabe  der EGV zu ernennen  
abbreviated forms;1;initialism;Il Datore di Lavoro può nominare un RSPP interno all'azienda oppure può affidare il ruolo ad un consulente RSPP esterno.;RSPP;yes;LASD;Leiter des Arbeitsschutzdienstes, Sicherheitsbeauftragter, Verantwortliche Arbeitsschutzfachkraft;;der Arbeitgeber können ein EGV innerhalb der Betrieb ernennen oder der Rolle ein extern EGV-Berater anvertrauen 
abbreviated forms;1;initialism;L’istituzione del servizio di prevenzione e protezione all’interno dell’azienda, così come la designazione di un RSPP interno, è obbligatorio solo in alcuni casi.;RSPP;yes;LASD;Leiter des Arbeitsschutzdienstes, Sicherheitsbeauftragter, Verantwortliche Arbeitsschutzfachkraft;;der Einrichtung der Arbeitsschutzdienst in Betrieb sowie der Namhaftmachung ein intern EGV sein nur in einiger Fall vorschreiben 
abbreviated forms;1;initialism;L’R.S.P.P. è il consulente del datore di lavoro in materia di salute e sicurezza sul lavoro ed è nominato dal direttore della ripartizione del personale.;R.S.P.P.;yes;LASD;Leiter des Arbeitsschutzdienstes, Sicherheitsbeauftragter, Verantwortliche Arbeitsschutzfachkraft;;der R.S.P.P. sein der Sachverständige der Arbeitgeber in Bereich der Gesundheit und Sicherheit an Arbeitsplatz und werden von Direktor der Personalabteilung ernennen 
abbreviated forms;1;initialism;Il R.S.P.P. è una figura designata dal datore di lavoro e deve possedere requisiti professionali specifici.;R.S.P.P.;yes;LASD;Leiter des Arbeitsschutzdienstes, Sicherheitsbeauftragter, Verantwortliche Arbeitsschutzfachkraft;;der R.S.L.A. sein ein von Arbeitgeber bestimmt Figur und muss spezifisch beruflich Voraussetzung besitzen 
abbreviated forms;1;initialism;Chi ha il compito di nominare il R.S.P.P.?;R.S.P.P.;yes;LASD;Leiter des Arbeitsschutzdienstes, Sicherheitsbeauftragter, Verantwortliche Arbeitsschutzfachkraft;;-- wer haben der Aufgabe  der R.S.P.P. zu ernennen  
abbreviated forms;1;initialism;Il Datore di Lavoro può nominare un R.S.P.P. interno all'azienda oppure può affidare il ruolo ad un consulente esterno.;R.S.P.P.;yes;LASD;Leiter des Arbeitsschutzdienstes, Sicherheitsbeauftragter, Verantwortliche Arbeitsschutzfachkraft;;der Arbeitgeber können ein an Betrieb angeschlossen R.S.P.A.-Berufsberater ernennen oder der Rolle ein extern Berater anvertrauen 
abbreviated forms;1;initialism;L’istituzione del servizio di prevenzione e protezione all’interno dell’azienda, così come la designazione di un RSPP interno, è obbligatorio solo in alcuni casi.;R.S.P.P.;yes;LASD;Leiter des Arbeitsschutzdienstes, Sicherheitsbeauftragter, Verantwortliche Arbeitsschutzfachkraft;;der Einrichtung der Arbeitsschutzdienst in Betrieb sowie der Namhaftmachung ein intern EGV sein nur in einiger Fall vorschreiben 
abbreviated forms;1;initialism + full form;L’RSPP (Responsabile del Servizio di Prevenzione e Protezione) è il consulente del datore di lavoro in materia di salute e sicurezza sul lavoro ed è nominato dal direttore della ripartizione del personale.;RSPP;yes;LASD;Leiter des Arbeitsschutzdienstes, Sicherheitsbeauftragter, Verantwortliche Arbeitsschutzfachkraft;;der EGV  verantwortliche der Dienst für Prävention und Schutz  sein der Sachverständige der Arbeitgeber in Bereich der Gesundheit und Sicherheit an Arbeitsplatz und werden von Direktor der Personalabteilung ernennen 
abbreviated forms;1;initialism + full form;Il Responsabile del servizio di prevenzione e protezione (RSPP) è una figura designata dal datore di lavoro e deve possedere requisiti professionali specifici.;RSPP;yes;LASD;Leiter des Arbeitsschutzdienstes, Sicherheitsbeauftragter, Verantwortliche Arbeitsschutzfachkraft;;der verantwortliche der Arbeitsschutzdienst  RSPP  sein ein von Arbeitgeber bestimmt Person und muss spezifisch beruflich Voraussetzung besitzen 
abbreviated forms;1;initialism + full form;Chi ha il compito di nominare il R.S.P.P. (Responsabile del servizio di prevenzione e protezione)?;R.S.P.P.;yes;LASD;Leiter des Arbeitsschutzdienstes, Sicherheitsbeauftragter, Verantwortliche Arbeitsschutzfachkraft;;-- wer haben der Aufgabe  der R.S.P.P.  verantwortliche der Arbeitsschutzdienst  zu ernennen  
abbreviated forms;1;initialism + full form;L’istituzione del servizio di prevenzione e protezione all’interno dell’azienda, così come la designazione di un Responsabile del servizio di prevenzione e protezione (RSPP) interno, è obbligatorio solo in alcuni casi.;RSPP;yes;LASD;Leiter des Arbeitsschutzdienstes, Sicherheitsbeauftragter, Verantwortliche Arbeitsschutzfachkraft;;der Einrichtung der Arbeitsschutzdienst in Betrieb sowie der Ernennung ein intern verantwortliche der Arbeitsschutzdienst  SRL  sein nur in einiger Fall vorschreiben 
abbreviated forms;1;initialism + full form;Il Datore di Lavoro può nominare un R.S.P.P. (Responsabile del Servizio di Prevenzione e Protezione) interno all'azienda oppure può affidare il ruolo ad un consulente esterno.;R.S.P.P.;yes;LASD;Leiter des Arbeitsschutzdienstes, Sicherheitsbeauftragter, Verantwortliche Arbeitsschutzfachkraft;;der Arbeitgeber können ein an Betrieb betrieblich R.S.P.P.  verantwortliche der Dienst für Prävention und Schutz  ernennen oder der Rolle ein extern Berater anvertrauen 
abbreviated forms;2;initialism;La lista aggiornata degli RSPP assegnati ai rispettivi datori di lavoro è disponibile sulla pagina web del SPP.;SPP;no;Arbeitsschutzdienst;Arbeitsschutzdienst gegen Risiken;;der aktualisiert Liste der der jeweilig Arbeitgeber zugewiesen EGV sein auf der Webseite der SLH verfügbar 
abbreviated forms;2;initialism;Anche nel caso di organizzazione di un SPP interno, il datore di lavoro può decidere di coadiuvarne le attività di prevenzione attraverso consulenti esterni in possesso delle conoscenze professionali necessarie.;SPP;no;Arbeitsschutzdienst;Arbeitsschutzdienst gegen Risiken;;-- auch in Fall der Organisation ein intern LZS können der Arbeitgeber entscheiden  der Vorbeugungstätigkeit durch extern Berater  der in Besitz der erforderlich beruflich Kenntnis sein  zu unterstützen  
abbreviated forms;2;initialism;Il SPP è l'insieme di persone, sistemi e mezzi interni o esterni all'azienda finalizzati all'attività di prevenzione e protezione dai rischi professionali per i lavoratori.;SPP;no;Arbeitsschutzdienst;Arbeitsschutzdienst gegen Risiken;;-- der LZS sein der Gesamtheit von Person  System und Mittel  der innerhalb oder außerhalb der Betrieb zu Vorbeugung und zu Schutz vor der beruflich Risiko für der Arbeitnehmer erbringen werden  
abbreviated forms;2;initialism;Il datore di lavoro organizza il SPP nominando gli addetti e i responsabili del servizio in possesso dei requisiti di cui all’art. 32, in numero congruo alle esigenze dell’azienda.;SPP;no;Arbeitsschutzdienst;Arbeitsschutzdienst gegen Risiken;;-- der Arbeitgeber organisieren der LZS  indem er der Bediensteter und der verantwortliche der Dienst  welcher der Voraussetzung laut Artikel 32 erfüllen  in ein angemessen Zahl ernennen  der der Erfordernis der Betrieb angemessen sein  
abbreviated forms;2;initialism;Ci sono dei casi in cui è obbligatorio che il SPP sia istituito all’interno dell’azienda, ovvero dell’unità produttiva.;SPP;no;Arbeitsschutzdienst;Arbeitsschutzdienst gegen Risiken;;-- es geben Fall  in der der Einrichtung der LZS innerhalb der Betrieb  bzw. der Produktionseinheit  obligatorisch sein  
abbreviated forms;2;initialism;La lista aggiornata degli RSPP assegnati ai rispettivi datori di lavoro è disponibile sulla pagina web del S.P.P.;S.P.P.;no;Arbeitsschutzdienst;Arbeitsschutzdienst gegen Risiken;;der aktualisiert Liste der der jeweilig Arbeitgeber zugewiesen EGV sein auf der Webseite der S.LH . verfügbar 
abbreviated forms;2;initialism;Anche nel caso di organizzazione di un S.P.P. interno, il datore di lavoro può decidere di coadiuvarne le attività di prevenzione attraverso consulenti esterni in possesso delle conoscenze professionali necessarie.;S.P.P.;no;Arbeitsschutzdienst;Arbeitsschutzdienst gegen Risiken;;-- auch in Fall der Organisation ein intern L.G. können der Arbeitgeber entscheiden  der Vorbeugungstätigkeit durch extern Berater zu unterstützen  der der notwendig beruflich Kenntnis besitzen  
abbreviated forms;2;initialism;Il S.P.P. è l'insieme di persone, sistemi e mezzi interni o esterni all'azienda finalizzati all'attività di prevenzione e protezione dai rischi professionali per i lavoratori.;S.P.P.;no;Arbeitsschutzdienst;Arbeitsschutzdienst gegen Risiken;;-- der LZS sein der Gesamtheit von Person  System und Mittel  der innerhalb oder außerhalb der Betrieb zu Vorbeugung und zu Schutz vor Berufsrisiko für Arbeitnehmer erbringen werden  
abbreviated forms;2;initialism;Il datore di lavoro organizza il S.P.P. nominando gli addetti e i responsabili del servizio in possesso dei requisiti di cui all’art. 32, in numero congruo alle esigenze dell’azienda.;S.P.P.;no;Arbeitsschutzdienst;Arbeitsschutzdienst gegen Risiken;;-- der Arbeitgeber organisieren der L.G. und ernennen der bediensteter und der verantwortliche der Dienst  welcher der Voraussetzung laut Art . 32 erfüllen  in ein angemessen Zahl  der der Erfordernis der Betrieb angemessen sein  
abbreviated forms;2;initialism;Ci sono dei casi in cui è obbligatorio che il S.P.P. sia istituito all’interno dell’azienda, ovvero dell’unità produttiva.;S.P.P.;no;Arbeitsschutzdienst;Arbeitsschutzdienst gegen Risiken;;-- es geben Fall  in der der Einrichtung der S.L.A. innerhalb der Betrieb bzw. der Produktionseinheit vorschreiben sein  
abbreviated forms;2;initialism + full form;La lista aggiornata degli RSPP assegnati ai rispettivi datori di lavoro è disponibile sulla pagina web del S.P.P. (Servizio di prevenzione e protezione).;S.P.P.;no;Arbeitsschutzdienst;Arbeitsschutzdienst gegen Risiken;;der aktualisiert Liste der der jeweilig Arbeitgeber zugewiesen EGV sein auf der Webseite der S.L.A.  Präventiv und Schutzdienst  verfügbar 
abbreviated forms;2;initialism + full form;Anche nel caso di organizzazione di un Servizio di prevenzione e protezione (S.P.P.) interno, il datore di lavoro può decidere di coadiuvarne le attività di prevenzione attraverso consulenti esterni in possesso delle conoscenze professionali necessarie.;S.P.P.;no;Arbeitsschutzdienst;Arbeitsschutzdienst gegen Risiken;;-- auch in Fall der Organisation ein intern Arbeitsschutzstelle  S.L.A.  können der Arbeitgeber entscheiden  der Vorbeugungstätigkeit durch extern Berater zu unterstützen  der über der erforderlich beruflich Kenntnis verfügen  
abbreviated forms;2;initialism + full form;Il Servizio di prevenzione e protezione (S.P.P.) è l'insieme di persone, sistemi e mezzi interni o esterni all'azienda finalizzati all'attività di prevenzione e protezione dai rischi professionali per i lavoratori.;S.P.P.;no;Arbeitsschutzdienst;Arbeitsschutzdienst gegen Risiken;;-- der Dienststelle für Arbeitsschutz  S.L.A.  sein der Gesamtheit von Person  System und Mittel  der innerhalb oder außerhalb der Betrieb tätig sein und für der Vorbeugung und der Schutz vor der beruflich Risiko für der Arbeitnehmer bestimmen sein  
abbreviated forms;2;initialism + full form;Il datore di lavoro organizza il Servizio di prevenzione e protezione (SPP) nominando gli addetti e i responsabili del servizio in possesso dei requisiti di cui all’art. 32, in numero congruo alle esigenze dell’azienda.;SPP;no;Arbeitsschutzdienst;Arbeitsschutzdienst gegen Risiken;;-- der Arbeitgeber organisieren der Arbeitsschutzdienst  LSP   indem er der bediensteter und der verantwortliche der Dienst  welcher der Voraussetzung laut Artikel 32 erfüllen  in ein für der Erfordernis der Betrieb angemessen Zahl ernennen  
abbreviated forms;2;initialism + full form;Ci sono dei casi in cui è obbligatorio che il SPP (Servizio di prevenzione e protezione) sia istituito all’interno dell’azienda, ovvero dell’unità produttiva.;SPP;no;Arbeitsschutzdienst;Arbeitsschutzdienst gegen Risiken;;-- es geben Fall  in der verpflichtend sein  dass der Dienst für Arbeitsschutz innerhalb der Betrieb  bzw. der Produktionseinheit  einrichten werden  
abbreviated forms;3;initialism;L’ASPP è un collaboratore del datore di lavoro in materia di salute e sicurezza sul lavoro.;ASPP;yes;BASD  Beauftragterr der Arbeitsschutzdienst;Arbeitsschutzbeauftragter;;der SUP sein ein Mitarbeiter der Arbeitgeber in Bereich der Gesundheit und Sicherheit an Arbeitsplatz 
abbreviated forms;3;initialism;Possono essere nominati ASPP i dipendenti in possesso di un titolo di studio non inferiore al diploma di scuola secondaria di secondo grado e che abbiano effettuato la formazione prevista per legge.;ASPP;yes;BASD  Beauftragterr der Arbeitsschutzdienst;Arbeitsschutzbeauftragter;;-- als ASPS können Bedienstete ernennen werden  der ein mindestens entsprechend Studientitel als Oberschuldiplom haben und der gesetzlich vorgesehen Ausbildung absolvieren haben  
abbreviated forms;3;initialism;Il modulo di proposta di nomina e di nomina effettiva degli ASPP sono disponibili sulla pagina web del servizio di prevenzione e protezione.;ASPP;yes;BASD;Beauftragter des Arbeitsschutzdienstes, Arbeitsschutzbeauftragter;;der Formular für der Ernennung und der effektiv Ernennung der ASPP stehen auf der Webseite der Arbeitsschutzdienst zu Verfügung 
abbreviated forms;3;initialism;L'ASPP è una figura che gerarchicamente risponde al RSPP.;ASPP;yes;BASD;Beauftragter des Arbeitsschutzdienstes, Arbeitsschutzbeauftragter;;-- der SUP sein ein Figur  der hierarchisch auf der EGV antworten  
abbreviated forms;3;initialism;I compiti dell'ASPP nell'Amministrazione Provinciale e nelle scuole sono stati definiti dalla Giunta Provinciale.;ASPP;yes;BASD;Beauftragter des Arbeitsschutzdienstes, Arbeitsschutzbeauftragter;;der Aufgabe der SUP in der Landesverwaltung und in der Schule werden von der Landesregierung festlegen 
abbreviated forms;3;initialism;L’A.S.P.P. è un collaboratore del datore di lavoro in materia di salute e sicurezza sul lavoro.;A.S.P.P.;yes;BASD;Beauftragter des Arbeitsschutzdienstes, Arbeitsschutzbeauftragter;;der A.S.L.P. sein ein Mitarbeiter der Arbeitgeber in Bereich der Gesundheit und Sicherheit an Arbeitsplatz 
abbreviated forms;3;initialism;Possono essere nominati A.S.P.P. i dipendenti in possesso di un titolo di studio non inferiore al diploma di scuola secondaria di secondo grado e che abbiano effettuato la formazione prevista per legge.;A.S.P.P.;yes;BASD;Beauftragter des Arbeitsschutzdienstes, Arbeitsschutzbeauftragter;;-- als A.S.L.A.S.P. können Bedienstete ernennen werden  der ein mindestens entsprechend Studientitel besitzen und der gesetzlich vorgesehen Ausbildung absolvieren haben  
abbreviated forms;3;initialism;Il modulo di proposta di nomina e di nomina effettiva degli A.S.P.P. sono disponibili sulla pagina web del servizio di prevenzione e protezione.;A.S.P.P.;yes;BASD;Beauftragter des Arbeitsschutzdienstes, Arbeitsschutzbeauftragter;;der Vordruck für der Ernennung und der effektiv Ernennung der LZS stehen auf der Webseite der Arbeitsschutzdienst zu Verfügung 
abbreviated forms;3;initialism;L'A.S.P.P. è una figura che gerarchicamente risponde al R.S.P.P.;A.S.P.P.;yes;BASD;Beauftragter des Arbeitsschutzdienstes, Arbeitsschutzbeauftragter;;-- der A.S.P.P. sein ein Figur  der hierarchisch auf der R.S.P.P.P. verantworten  
abbreviated forms;3;initialism;I compiti dell'A.S.P.P. nell'Amministrazione Provinciale e nelle scuole sono stati definiti dalla Giunta Provinciale.;A.S.P.P.;yes;BASD;Beauftragter des Arbeitsschutzdienstes, Arbeitsschutzbeauftragter;;der Aufgabe der Lande und Schulverwaltung werden von der Landesregierung festlegen 
abbreviated forms;4;initialism;I DPI devono essere impiegati quando i rischi non possono essere evitati o sufficientemente ridotti da misure tecniche di prevenzione, da mezzi di protezione collettiva, da misure, metodi o procedimenti di riorganizzazione del lavoro.;DPI;no;PSA;persönliche Schutzausrüstung;Schutzausrüstung;-- der PSA muss verwenden werden  wenn der Risiko durch technisch Präventionsmaßnahme  durch kollektiv Schutzmittel  durch Maßnahme  Methode oder Verfahren zu Reorganisation der Arbeit nicht ausreichend vermeiden oder kürzen werden können  
abbreviated forms;4;initialism;Ogni intervento ha come conseguenza che il DPI non è più integro e deve essere sostituito.;DPI;no;PSA;persönliche Schutzausrüstung;Schutzausrüstung;-- jeder Eingriff haben der Folge  dass der PSA nicht mehr unbeschränkt sein und ersetzen werden muss  
abbreviated forms;4;initialism;In caso di rischi multipli, che richiedono l’uso simultaneo di più DPI, questi devono essere tra loro compatibili e tali da mantenere, anche nell’uso simultaneo, la propria efficacia nei confronti del rischio e dei rischi corrispondenti.;DPI;no;PSA;persönliche Schutzausrüstung;Schutzausrüstung;-- bei Mehrfachrisiko  der der gleichzeitig Verwendung mehrere PSA erfordern  müssen dieser untereinander vereinbar sein und so erfolgen  dass sie  auch bei gleichzeitig Verwendung  ihr Wirksamkeit gegenüber der Risiko und der entsprechend Risiko erhalten  
abbreviated forms;4;initialism;L’art. 76 definisce i requisiti dei DPI, i quali devono essere conformi alle norme di cui al regolamento (UE) n. 2016/425.;DPI;no;PSA;persönliche Schutzausrüstung;Schutzausrüstung;-- Art . 76 legen der Anforderung an PSA fest  der der Bestimmung der Verordnung  EU  Nr. 1024  20125 entsprechen müssen  
abbreviated forms;4;initialism;Se il fabbricante non indica la scadenza nel DPI, la deve inserire nelle istruzioni con tutte le informazioni necessarie a consentire all'acquirente o all'utilizzatore di determinare il mese e l'anno di scadenza ragionevole.;DPI;no;PSA;persönliche Schutzausrüstung;Schutzausrüstung;-- wenn der Hersteller der Fälligkeit der PSA nicht anzeigen  muss er dieser mit aller Information in der Anleitung einfügen  der erforderlich sein  um der Käufer oder der Benutzer der Festsetzung der Monat und der Jahr ein angemessen Fälligkeit zu ermöglichen  
abbreviated forms;4;initialism;I Dpi devono essere impiegati quando i rischi non possono essere evitati o sufficientemente ridotti da misure tecniche di prevenzione, da mezzi di protezione collettiva, da misure, metodi o procedimenti di riorganizzazione del lavoro.;Dpi;no;PSA;persönliche Schutzausrüstung;Schutzausrüstung;-- der Dpi müssen verwenden werden  wenn der Risiko nicht durch technisch Präventionsmaßnahme  durch kollektiv Schutzmittel  durch Maßnahme  Methode oder Verfahren zu Reorganisation der Arbeit vermeiden oder ausreichend kürzen werden können  
abbreviated forms;4;initialism;Ogni intervento ha come conseguenza che il Dpi non è più integro e deve essere sostituito.;Dpi;no;PSA;persönliche Schutzausrüstung;Schutzausrüstung;-- jeder Eingriff haben der Folge  dass der Dpi nicht mehr ungefähr sein und ersetzen werden muss  
abbreviated forms;4;initialism;In caso di rischi multipli, che richiedono l’uso simultaneo di più Dpi, questi devono essere tra loro compatibili e tali da mantenere, anche nell’uso simultaneo, la propria efficacia nei confronti del rischio e dei rischi corrispondenti.;Dpi;no;PSA;persönliche Schutzausrüstung;Schutzausrüstung;-- bei Mehrfachrisiko  der der gleichzeitig Verwendung mehrere Dpi erfordern  müssen dieser untereinander vereinbar sein und so erfolgen  dass sie  auch bei gleichzeitig Verwendung  ihr Wirksamkeit gegenüber der Risiko und der entsprechend Risiko erhalten  
abbreviated forms;4;initialism;L’art. 76 definisce i requisiti dei Dpi, i quali devono essere conformi alle norme di cui al regolamento (UE) n. 2016/425.;Dpi;no;PSA;persönliche Schutzausrüstung;Schutzausrüstung;-- Art . 76 legen der Voraussetzung für der DPI fest  der der Bestimmung der Verordnung  EU  Nr. 1024  20125 entsprechen müssen  
abbreviated forms;4;initialism;Se il fabbricante non indica la scadenza nel Dpi, la deve inserire nelle istruzioni con tutte le informazioni necessarie a consentire all'acquirente o all'utilizzatore di determinare il mese e l'anno di scadenza ragionevole.;Dpi;no;PSA;persönliche Schutzausrüstung;Schutzausrüstung;-- wenn der Hersteller in der DPI nicht der Fälligkeit angeben haben  muss er dieser mit aller Information  der erforderlich sein  um der Käufer oder der Benutzer der Festsetzung der Monat und der Jahr ein angemessen Fälligkeit zu ermöglichen  in der Anleitung einfügen  
abbreviated forms;4;initialism;I d.p.i. devono essere impiegati quando i rischi non possono essere evitati o sufficientemente ridotti da misure tecniche di prevenzione, da mezzi di protezione collettiva, da misure, metodi o procedimenti di riorganizzazione del lavoro.;d.p.i.;no;PSA;persönliche Schutzausrüstung;Schutzausrüstung;-- der Verpflichtung müssen verwenden werden  wenn der Risiko nicht durch technisch Vorbeugungsmaßnahme  durch kollektiv Schutzmittel  durch Maßnahme  Methode oder Verfahren zu Reorganisation der Arbeit vermeiden oder ausreichend kürzen werden können  
abbreviated forms;4;initialism;Ogni intervento ha come conseguenza che il d.p.i. non è più integro e deve essere sostituito.;d.p.i.;no;PSA;persönliche Schutzausrüstung;Schutzausrüstung;-- jeder Eingriff haben der Folge  dass der D.P.I. nicht mehr ungefährt sein und ersetzen werden muss  
abbreviated forms;4;initialism;In caso di rischi multipli, che richiedono l’uso simultaneo di più d.p.i., questi devono essere tra loro compatibili e tali da mantenere, anche nell’uso simultaneo, la propria efficacia nei confronti del rischio e dei rischi corrispondenti.;d.p.i.;no;PSA;persönliche Schutzausrüstung;Schutzausrüstung;-- bei Mehrfachrisiko  der ein gleichzeitig Verwendung mehrere D.P.s erfordern  müssen dieser untereinander vereinbar sein und so erfolgen  dass auch bei gleichzeitig Verwendung  der eigen Wirksamkeit gegenüber der Risiko und der entsprechend Risiko erhalten bleiben  
abbreviated forms;4;initialism;L’art. 76 definisce i requisiti dei d.p.i., i quali devono essere conformi alle norme di cui al regolamento (UE) n. 2016/425.;d.p.i.;no;PSA;persönliche Schutzausrüstung;Schutzausrüstung;-- Art . 76 legen der Voraussetzung für der Einheitsbestimmung fest  der der Bestimmung der Verordnung  EU  Nr. 1024  20125 entsprechen müssen  
abbreviated forms;4;initialism;Se il fabbricante non indica la scadenza nel d.p.i., la deve inserire nelle istruzioni con tutte le informazioni necessarie a consentire all'acquirente o all'utilizzatore di determinare il mese e l'anno di scadenza ragionevole.;d.p.i.;no;PSA;persönliche Schutzausrüstung;Schutzausrüstung;-- wenn der Hersteller der Fälligkeit in Einzelunterlagendeverzeichnis nicht anführen  muss er dieser mit aller Information in der Anweisung einfügen  der erforderlich sein  um der Käufer oder der Benutzer der Festsetzung der Monat und der Jahr ein angemessen Fälligkeit zu ermöglichen  
abbreviated forms;5;initialism;L’elezione o la designazione dell'RLS è sempre obbligatoria ed inoltre deve disporre del tempo, dei mezzi e degli spazi necessari per l’espletamento delle sue attribuzioni.;RLS;no;Sicherheitssprecher;AVAS, Arbeitnehmervertreter für Sicherheit, Arbeitnehmervertreter für Arbeitsschutz;;-- der Wahl oder der Namhaftmachung der Sicherheitssprecher sein immer verpflichtend und muss über der Zeit  der Mittel und der Raum verfügen  der für der Ausübung sein Aufgabe erforderlich sein  
abbreviated forms;5;initialism;La figura dell'RLS ovvero del Rappresentante dei lavoratori per la sicurezza sul lavoro deve essere un punto di riferimento per tutti i lavoratori.;RLS;no;Sicherheitssprecher;AVAS, Arbeitnehmervertreter für Sicherheit, Arbeitnehmervertreter für Arbeitsschutz;;der Figur der Sicherheitssprecher bzw. der Vertreter der Arbeitnehmer für Arbeitssicherheit muss ein Bezugspunktstelle für aller Arbeitnehmer sein 
abbreviated forms;5;initialism;L'RLS è una figura che deve essere presente in ogni azienda con almeno un lavoratore.;RLS;no;Sicherheitssprecher;AVAS, Arbeitnehmervertreter für Sicherheit, Arbeitnehmervertreter für Arbeitsschutz;;-- der Sicherheitssprecher sein ein Figur  der in jeder Betrieb mit mindestens ein Arbeitnehmer anwesend sein muss  
abbreviated forms;5;initialism;In quest'ultimo caso i lavoratori possono comunque decidere di non avvalersi di tali rappresentanze e procedere all'elezione di un RLS svincolato dai sindacati.;RLS;no;Sicherheitssprecher;AVAS, Arbeitnehmervertreter für Sicherheit, Arbeitnehmervertreter für Arbeitsschutz;;-- in letztgenannt Fall können der Arbeitnehmer jedenfalls entscheiden  sich dieser Vertretung nicht zu bedienen und ein von der Gewerkschaft freigestellt Sicherheitssprecher zu wählen  
abbreviated forms;5;initialism;Il datore di lavoro e i dirigenti hanno l’obbligo di consultare gli RLS sostanzialmente nell’ambito di tutte le scelte in relazione la salute e sicurezza sul lavoro.;RLS;no;Sicherheitssprecher;AVAS, Arbeitnehmervertreter für Sicherheit, Arbeitnehmervertreter für Arbeitsschutz;;-- der Arbeitgeber und der Führungskraft sein verpflichten  der Sicherheitssprecher grundsätzlich in Rahmen aller Arztwahl in Bezug auf Gesundheit und Sicherheit an Arbeitsplatz zu befragen  
abbreviated forms;5;initialism;L’elezione o la designazione dell'R.L.S. è sempre obbligatoria ed inoltre deve disporre del tempo, dei mezzi e degli spazi necessari per l’espletamento delle sue attribuzioni.;R.L.S.;no;Sicherheitssprecher;AVAS, Arbeitnehmervertreter für Sicherheit, Arbeitnehmervertreter für Arbeitsschutz;;-- der Wahl oder der Namhaftmachung der R.G. sein immer verpflichtend und muss über der Zeit  der Mittel und der Raum verfügen  der für der Ausübung ihr Befugnis erforderlich sein  
abbreviated forms;5;initialism;La figura dell'R.L.S. ovvero del Rappresentante dei lavoratori per la sicurezza sul lavoro deve essere un punto di riferimento per tutti i lavoratori.;R.L.S.;no;Sicherheitssprecher;AVAS, Arbeitnehmervertreter für Sicherheit, Arbeitnehmervertreter für Arbeitsschutz;;der Figur der B.V.S. bzw. der Vertreter der Arbeitnehmer für Arbeitssicherheit muss ein Bezugspunkt für aller Arbeitnehmer sein 
abbreviated forms;5;initialism;L'R.L.S. è una figura che deve essere presente in ogni azienda con almeno un lavoratore.;R.L.S.;no;Sicherheitssprecher;AVAS, Arbeitnehmervertreter für Sicherheit, Arbeitnehmervertreter für Arbeitsschutz;;-- der V.A.S. sein ein Figur  der in jeder Betrieb mit mindestens ein Arbeitnehmer anwesend sein müssen  
abbreviated forms;5;initialism;In quest'ultimo caso i lavoratori possono comunque decidere di non avvalersi di tali rappresentanze e procedere all'elezione di un R.L.S. svincolato dai sindacati.;R.L.S.;no;Sicherheitssprecher;AVAS, Arbeitnehmervertreter für Sicherheit, Arbeitnehmervertreter für Arbeitsschutz;;-- in letzter Fall können der Arbeitnehmer jedenfalls entscheiden  dieser Vertretung nicht in Anspruch zu nehmen und ein von der Gewerkschaft freigestellt S.V.W. zu wählen  
abbreviated forms;5;initialism;Il datore di lavoro e i dirigenti hanno l’obbligo di consultare gli R.L.S. sostanzialmente nell’ambito di tutte le scelte in relazione la salute e sicurezza sul lavoro.;R.L.S.;no;Sicherheitssprecher;AVAS, Arbeitnehmervertreter für Sicherheit, Arbeitnehmervertreter für Arbeitsschutz;;-- der Arbeitgeber und der Führungskraft sein verpflichten  der RL in Wesentliche in Rahmen aller Arztwahl in Bezug auf Gesundheit und Sicherheit an Arbeitsplatz zu befragen  
abbreviated forms;6;acronym;Il DUVRI deve essere aggiornato nel caso si ravvisino nuovi rischi da interferenza.;DUVRI;no;DUVRI;Einheitsdokument zur Bewertung der Risiken durch Interferenzen;;-- der EEVRI muss aktualisieren werden  wenn neu Interferenzenrisiko auftreten  
abbreviated forms;6;acronym;L'obbligo di redigere il DUVRI scatta quando il Datore di lavoro di un'azienda committente affida lo svolgimento di lavori o servizi all'interno del proprio luogo di lavoro ad un'impresa appaltatrice o lavoratori autonomi.;DUVRI;no;DUVRI;Einheitsdokument zur Bewertung der Risiken durch Interferenzen;;-- der Pflicht zu Abfassung der DUVRI erfolgen  wenn der Arbeitgeber ein auftraggebend Betrieb der Durchführung von Arbeit oder Dienstleistung innerhalb der eigen Arbeitsplatz ein Vergabesunternehmen oder Selbständige anvertrauen  
abbreviated forms;6;acronym;Esistono dei casi, individuati dal Testo Unico, in cui non è obbligatorio redigere il DUVRI.;DUVRI;no;DUVRI;Einheitsdokument zur Bewertung der Risiken durch Interferenzen;;-- es geben Fall  der in Einheitstext festlegen sein und in der der Ausarbeitung der EEVRI nicht vorschreiben sein  
abbreviated forms;6;acronym;A differenza del DVR, il DUVRI non è un documento legato all’azienda ma ad una specifica attività, all’interno della quale cooperano due o più imprese diverse. ;DUVRI;no;DUVRI;Einheitsdokument zur Bewertung der Risiken durch Interferenzen;;-- in Unterschied zu DPR sein der DUVRI nicht ein Dokument  der an der Betrieb binden sein  sondern ein spezifisch Tätigkeit  in welcher zwei oder mehrere verschieden Unternehmen mitarbeiten  
abbreviated forms;6;acronym;La stazione appaltante si riserva la possibilità, dopo aver valutato le singole modifiche suggerite, di procedere alla stesura di un nuovo DUVRI.;DUVRI;no;DUVRI;Einheitsdokument zur Bewertung der Risiken durch Interferenzen;;-- der Vergabestelle behalten sich der Möglichkeit vor  nach Bewertung der einzeln angebracht Änderung ein neu EUVRI zu verfassen  
abbreviated forms;6;acronym;Il Duvri deve essere aggiornato nel caso si ravvisino nuovi rischi da interferenza. ;Duvri;no;DUVRI;Einheitsdokument zur Bewertung der Risiken durch Interferenzen;;-- der Wohnung muss auf der neu Stand bringen werden  wenn neu Risiko durch Interferenz auftreten  
abbreviated forms;6;acronym;L'obbligo di redigere il Duvri scatta quando il Datore di lavoro di un'azienda committente affida lo svolgimento di lavori o servizi all'interno del proprio luogo di lavoro ad un'impresa appaltatrice o lavoratori autonomi.;Duvri;no;DUVRI;Einheitsdokument zur Bewertung der Risiken durch Interferenzen;;-- der Verpflichtung zu Abfassung ein Duvri-Auftrag entfallen  wenn der Arbeitgeber ein auftraggebend Betrieb der Durchführung von Arbeit oder Dienstleistung innerhalb der eigen Arbeitsplatz ein Vergabesunternehmen oder Selbständige anvertrauen  
abbreviated forms;6;acronym;Esistono dei casi, individuati dal Testo Unico, in cui non è obbligatorio redigere il Duvri.;Duvri;no;DUVRI;Einheitsdokument zur Bewertung der Risiken durch Interferenzen;;-- es geben Fall  der in Einheitstext festlegen sein und in der ein Duvri nicht verfassn werden muss  
abbreviated forms;6;acronym;A differenza del DVR, il Duvri non è un documento legato all’azienda ma ad una specifica attività, all’interno della quale cooperano due o più imprese diverse.;Duvri;no;DUVRI;Einheitsdokument zur Bewertung der Risiken durch Interferenzen;;-- in Unterschied zu DPR sein der Dokument nicht ein Dokument  der an der Betrieb binden sein  sondern ein spezifisch Tätigkeit  in welcher zwei oder mehrere verschieden Unternehmen mitarbeiten  
abbreviated forms;6;acronym;La stazione appaltante si riserva la possibilità, dopo aver valutato le singole modifiche suggerite, di procedere alla stesura di un nuovo Duvri.;Duvri;no;DUVRI;Einheitsdokument zur Bewertung der Risiken durch Interferenzen;;-- der Vergabestelle behalten sich der Möglichkeit vor  nach Beurteilung der einzeln angebracht Änderung ein neu Duvri zu erstellen  
abbreviated forms;6;acronym;Il D.U.V.R.I. deve essere aggiornato nel caso si ravvisino nuovi rischi da interferenza.;D.U.V.R.I.;no;DUVRI;Einheitsdokument zur Bewertung der Risiken durch Interferenzen;;-- der D.U.V.R.I. muss aktualisieren werden  falls neu Interferenzenrisiko feststellen werden  
abbreviated forms;6;acronym;L'obbligo di redigere il D.U.V.R.I. scatta quando il Datore di lavoro di un'azienda committente affida lo svolgimento di lavori o servizi all'interno del proprio luogo di lavoro ad un'impresa appaltatrice o lavoratori autonomi.;D.U.V.R.I.;no;DUVRI;Einheitsdokument zur Bewertung der Risiken durch Interferenzen;;-- der Pflicht zu Abfassung der D.U.R.I. werden entstehen  wenn der Arbeitgeber ein auftraggebend Betrieb der Durchführung von Arbeit oder Dienstleistung innerhalb der eigen Arbeitsplatz ein Vergabesunternehmen oder Selbständigen anvertrauen  
abbreviated forms;6;acronym;Esistono dei casi, individuati dal Testo Unico, in cui non è obbligatorio redigere il D.U.V.R.I.;D.U.V.R.I.;no;DUVRI;Einheitsdokument zur Bewertung der Risiken durch Interferenzen;;-- es geben Fall  der in Einheitstext festlegen sein und in der der Dekret der Republik I nicht abfassen sein  
abbreviated forms;6;acronym;A differenza del D.V.R., il D.U.V.R.I. non è un documento legato all’azienda ma ad una specifica attività, all’interno della quale cooperano due o più imprese diverse.;D.U.V.R.I.;no;DUVRI;Einheitsdokument zur Bewertung der Risiken durch Interferenzen;;-- in Unterschied zu D.V.R. sein der D.U.R.I. nicht ein Dokument  der an der Betrieb binden sein  sondern an ein spezifisch Tätigkeit  in der zwei oder mehrere Unternehmen mitarbeiten  
abbreviated forms;6;acronym;La stazione appaltante si riserva la possibilità, dopo aver valutato le singole modifiche suggerite, di procedere alla stesura di un nuovo D.U.V.R.I.;D.U.V.R.I.;no;DUVRI;Einheitsdokument zur Bewertung der Risiken durch Interferenzen;;-- der Vergabestelle behalten sich der Möglichkeit vor  nach Bewertung der einzeln angebracht Änderung ein neu Dekret der Republik I zu erstellen  
abbreviated forms;6;acronym + full form;Il DUVRI - Documento Unico di Valutazione dei Rischi da Interferenze - deve essere aggiornato nel caso si ravvisino nuovi rischi da interferenza.;DUVRI;no;DUVRI;Einheitsdokument zur Bewertung der Risiken durch Interferenzen;;-- der EUVRI  Einheitsdokument zu Bewertung der Risiko aus Interferenz  muss aktualisieren werden  wenn neu Risiko durch Interferenz auftreten  
abbreviated forms;6;acronym + full form;L'obbligo di redigere il DUVRI (Documento unico di valutazione dei rischi da interferenze) scatta quando il Datore di lavoro di un'azienda committente affida lo svolgimento di lavori o servizi all'interno del proprio luogo di lavoro ad un'impresa appaltatrice o lavoratori autonomi.;DUVRI;no;DUVRI;Einheitsdokument zur Bewertung der Risiken durch Interferenzen;;-- der Pflicht zu Erstellung der DUVRI  Einheitliches Dokument zu Risikobewertung durch Interferenz  erfolgen  wenn der Arbeitgeber ein auftraggebend Betrieb der Durchführung von Arbeit oder Dienstleistung innerhalb der eigen Arbeitsplatz ein Auftragnehmer oder Selbständige anvertrauen  
abbreviated forms;6;acronym + full form;Esistono dei casi, individuati dal Testo Unico, in cui non è obbligatorio redigere il Documento Unico di Valutazione dei Rischi da Interferenze (D.U.V.R.I.).;D.U.V.R.I.;no;DUVRI;Einheitsdokument zur Bewertung der Risiken durch Interferenzen;;-- es geben ein von Einheitstext festgelegt Fall  in der es nicht Pflicht sein  der Einheitsprotokoll zu Bewertung der Risiko durch Interferenz  D.U.V.R.I.  zu verfassen  
abbreviated forms;6;acronym + full form;A differenza del D.V.R., il Documento unico di valutazione dei rischi da interferenze (D.U.V.R.I.) non è un documento legato all’azienda ma ad una specifica attività, all’interno della quale cooperano due o più imprese diverse.;D.U.V.R.I.;no;DUVRI;Einheitsdokument zur Bewertung der Risiken durch Interferenzen;;-- in Unterschied zu D.V.R. sein der einheitlich Dokument der Risikobewertung durch Interferenz  D.U.V.R.I.  nicht ein Dokument  der an der Betrieb binden sein  sondern ein spezifisch Tätigkeit  in welcher zwei oder mehrere verschieden Unternehmen mitarbeiten  
abbreviated forms;6;acronym + full form;La stazione appaltante si riserva la possibilità, dopo aver valutato le singole modifiche suggerite, di procedere alla stesura di un nuovo DUVRI (Documento unico di valutazione dei rischi da interferenze).;DUVRI;no;DUVRI;Einheitsdokument zur Bewertung der Risiken durch Interferenzen;;-- der Vergabestelle behalten sich der Möglichkeit vor  nach Beurteilung der einzeln angebracht Änderung ein neu EUVRI  Einheitliches Dokument zu Bewertung der Risiko durch Interferenz  zu erstellen  
abbreviated forms;7;initialism;Il DVR è un documento versatile e flessibile che deve adattarsi alle caratteristiche dell'azienda, in termini sia di contenuti sia di periodicità della revisione.;DVR;no;Dokument der Risikobewertung;;;-- der DPR sein ein ein schlammig und flexibl Dokument  der der Merkmal der Betrieb anpassen werden muss  und zwar sowohl inhaltlich als auch in regelmäßig Abstand der Überprüfung  
abbreviated forms;7;initialism;Lo scopo del DVR è quello di garantire la sicurezza sul lavoro, identificando i rischi e individuando le misure di sicurezza da adottare per prevenire e contenere gli infortuni sul lavoro e le malattie professionali.;DVR;no;Dokument der Risikobewertung;;;-- Ziel der DPR sein es  der Arbeitssicherheit zu gewährleisten  indem der Risiko feststellen und der zu ergreifend Sicherheitsmaßnahme zu Vorbeugung und Einschränkung von Arbeitsunfall und Berufskrankheit festlegen werden  
abbreviated forms;7;initialism;Sono esonerate dall’obbligo di redigere il DVR le aziende che non hanno dipendenti, come le imprese familiari e i liberi professionisti.;DVR;no;Dokument der Risikobewertung;;;-- von der Pflicht zu Erstellung der DPR sein jener Betrieb befreien  der kein Bediensteter haben  wie Familienunternehmen und Freiberufler  
abbreviated forms;7;initialism;In caso di un DVR incompleto o carente, le sanzioni possono arrivare fino a € 4.384,00.;DVR;no;Dokument der Risikobewertung;;;-- bei ein unvollständig oder unvollständig DPRA können der Strafe bis zu 4.384,00 € erreichen  
abbreviated forms;7;initialism;La valutazione dei rischi e la successiva redazione del DVR è uno degli obblighi principali di ogni Datore di Lavoro.;DVR;no;Dokument der Risikobewertung;;;der Risikobewertung und der spät Abfassung der DPR sein einer der wichtig Pflicht jeder Arbeitgeber 
abbreviated forms;7;initialism;Il D.V.R. è un documento versatile e flessibile che deve adattarsi alle caratteristiche dell'azienda, in termini sia di contenuti sia di periodicità della revisione.;D.V.R.;no;Dokument der Risikobewertung;;;-- der D.V.R. sein ein einfach und flexibl Dokument  der der Merkmal der Betrieb anpassen werden muss  und zwar sowohl inhaltlich als auch in regelmäßig Abstand der Überprüfung  
abbreviated forms;7;initialism;Lo scopo del D.V.R. è quello di garantire la sicurezza sul lavoro, identificando i rischi e individuando le misure di sicurezza da adottare per prevenire e contenere gli infortuni sul lavoro e le malattie professionali.;D.V.R.;no;Dokument der Risikobewertung;;;-- Ziel der D.V.R. sein es  der Arbeitssicherheit zu gewährleisten  indem der Risiko feststellen und der zu treffend Sicherheitsmaßnahme zu Vorbeugung und Einschränkung von Arbeitsunfall und Berufskrankheit festlegen werden  
abbreviated forms;7;initialism;Sono esonerate dall’obbligo di redigere il D.V.R. le aziende che non hanno dipendenti, come le imprese familiari e i liberi professionisti.;D.V.R.;no;Dokument der Risikobewertung;;;-- von der Pflicht zu Erstellung der D.V.R. sein jener Betrieb befreien  der kein Bediensteter haben  wie Familienunternehmen und Freiberufler  
abbreviated forms;7;initialism;In caso di un D.V.R. incompleto o carente, le sanzioni possono arrivare fino a € 4.384,00.;D.V.R.;no;Dokument der Risikobewertung;;;-- bei ein unvollständig oder unterversorgt D.V.R. können der Strafe bis zu 4.384,00 € erreichen  
abbreviated forms;7;initialism;La valutazione dei rischi e la successiva redazione del D.V.R. è uno degli obblighi principali di ogni Datore di Lavoro.;D.V.R.;no;Dokument der Risikobewertung;;;der Risikobewertung und der spät Erstellung der D.V.R. sein einer der wichtig Pflicht jeder Arbeitgeber 
abbreviated forms;8;abbreviation;La presente delibera sarà pubblicata nel Bollettino Ufficiale della Regione Trentino Alto Adige ai sensi dell’art. 28 della Legge Provinciale 22 ottobre 1993, n. 17 e ss.mm.ii., trattandosi di un atto che interessa la generalità.;ss.mm.ii.;no;i.g . F.;in geltender Fassung;;-- dieser Beschluss werden in Amtsblatt der Region Trentino-Südtirol gemäß Art . 28 der Landesgesetz von 22. Oktober 1993  Nr. 17  i.g . F. veröffentlichen  wenn es sich um ein Akt handeln  der der Allgemeinheit betreffen  
abbreviated forms;8;abbreviation;In caso di revoca, decadenza, ovvero rinuncia, ai sensi dell’art. 7 della l.p. 16/85 e ss.mm.ii., i tempi e le modalità di cessazione dei servizi saranno stabilite con apposito provvedimento dell’assessore provinciale.;ss.mm.ii.;no;i.g . F.;in geltender Fassung;;-- bei Widerruf  Verfall oder Verzicht in Sinn der Art . 7 der L.G. 16  85 und Änderung der Änderung werden der Zeit und Modalität für der Beendigung der Dienst mit eigen Maßnahme der Landesrat festlegen  
abbreviated forms;8;abbreviation;La Delibera dispone la sospensione dell’irrogazione della sanzione amministrativa di cui al comma 2 dell’articolo 36/bis della legge provinciale n. 7/2001, così come recepita dalla Delibera della Giunta Provinciale del 03 luglio 2018, n. 657 e ss.mm.ii.;ss.mm.ii.;no;i.g . F.;in geltender Fassung;;-- der Beschluss verfügen der Aussetzung der Verhängung der Verwaltungsstrafe laut Artikel 36  bis Absatz 2 der Landesgesetz Nr. 7  2001  so wie sie mit Beschluss der Landesregierung von 03. Juli 2018  Nr. 657 i.d.g . F. umsetzen werden  
abbreviated forms;8;abbreviation;L'articolo 2, comma 2 della legge provinciale n. 16/2015 e ss.mm.ii. individua gli enti obbligati ovvero legittimati all’utilizzo delle convenzioni quadro ACP.;ss.mm.ii.;no;i.g . F.;in geltender Fassung;;-- Artikel 2 Absatz 2 der Landesgesetz Nr. 16  2015 i.d.g . F. bestimmen der Körperschaft  der zu Anwendung der Rahmenvereinbarung der A.B. verpflichten sein oder zu Verfügung stehen  
abbreviated forms;8;abbreviation;Nella procedura negoziata, la migliore offerta verrà selezionata ai sensi dell’art. 33 della L.P. n. 16/2015 e ss.mm.ii. con il criterio dell’offerta economicamente più vantaggiosa.;ss.mm.ii.;no;i.g . F.;in geltender Fassung;;in Verhandlungsverfahren werden der gut Angebot gemäß Art . 33 der L.G. Nr. 16  2015 und ff . F. nach der Kriterium der wirtschaftlich günstig Angebot auswählen 
abbreviated forms;8;abbreviation;A livello provinciale è stata introdotta una semplificazione con l’inserimento dell’art. 27 comma 4/bis della L.P. n. 16/2015 e s.m.i.;s.m.i.;no;i.g . F.;in geltender Fassung;;auf Landesebene werden ein Vereinfachung mit der Einfügung der Art . 27 Abs. 4  bis der LG Nr. 16  2015 i.d.g . F. einführen 
abbreviated forms;8;abbreviation;Sono ammissibili a finanziamento pubblico progetti formativi finalizzati a favorire la qualificazione o la riqualificazione professionale per il conseguimento del Diploma di Qualifica di Operatore Socio-sanitario/Operatrice Socio-sanitaria ai sensi dell’art. 20 della DGP 1027/2018 e s.m.i.;s.m.i.;no;i.g . F.;in geltender Fassung;;Förderfähig sein öffentlich Ausbildungsprojekt zu Förderung der beruflich Qualifikation oder Umschulung zu Erlangung der Diplom ein Sozialbetreuer  ein Sozialbetreuerin in Sinn der Art . 20 der BLR 1027  2018 i.d.g . F.
abbreviated forms;8;abbreviation;Per le procedure negoziate di lavori, forniture e servizi di cui agli artt. 17 e 26 della L.P. n. 16/2015 e s.m.i. le stazioni appaltanti hanno la facoltà di non applicare le formule per il calcolo dell’anomalia delle offerte di cui alla presente linea guida.;s.m.i.;no;i.g . F.;in geltender Fassung;;-- für der Verhandlungsverfahren für Bauleistung  Lieferung und Dienstleistung laut Art . 17 und 26 der LG Nr. 16  2015 i.d.g . F. können der Vergabestelle der Formel für der Berechnung der ungewöhnlich niedrig Angebot laut dieser Angebot nicht anwenden  
abbreviated forms;8;abbreviation;Il valore del corrispettivo per dette prestazioni è calcolato sulla base del DM 17.06.2016 e s.m.i. e della DGP n. 1308/2014 e s.m.i.;s.m.i.;no;i.g . F.;in geltender Fassung;;der Preis für dieser Leistung werden auf der Grundlage der MD von 17.06.2016 i.d.g . F. und der BLR Nr. 13kWh i.g . F. berechnen 
abbreviated forms;8;abbreviation;A norma del decreto legislativo n. 33/2013 e s.m.i. come modificato dal decreto legislativo n. 97/2016 e s.m.i., la trasparenza va intesa come accessibilità totale dei dati e dei documenti detenuti dalle Pubbliche Amministrazioni.;s.m.i.;no;i.g . F.;in geltender Fassung;;-- Gemäß gesetzesvertretend Dekret Nr. 3113 i.d.g . F.  abgeändern mit gesetzesvertretend Dekret Nr. 97  2016 i.g . F.  sein der Transparenz als vollständig Zugang zu der Datum und Unterlage zu verstehen  der von der öffentlich Verwaltung verwahren werden  
abbreviated forms;9;abbreviation;All’art. 13 ter, punto 7 del decreto sono riportate le diposizioni per le unità immobiliari ad uso abitativo oggetto di locazione per finalità turistiche.;art.;no;Art ;Artikel;;-- in Art . 13ter Punkt 7 der Dekret werden der Bestimmung für der Wohnungseinheit  der zu touristisch Zweck vermieten werden  anführen  
abbreviated forms;9;abbreviation;L’art. 43, comma 4-bis proroga il termine per gli adeguamenti statutari.;art.;no;Art ;Artikel;;Art . 43 Abs. 4  bis verlängern der Frist für der Anpassung an der Satzung 
abbreviated forms;9;abbreviation;L’art. 4 del d.lgs. n. 117/2017 definisce l’ente del Terzo settore quale ente privato che, senza scopo di lucro, persegue finalità civiche, solidaristiche e di utilità sociale.;art.;no;Art ;Artikel;;-- Art . 4 der GvD Nr. 117  2017 bestimmen der Körperschaft der dritter Sektor als privat Körperschaft  der ohne Gewinnabsicht Zielsetzung der Bevölkerung  der Sozialhilfe und der sozial Nutzung verfolgen  
abbreviated forms;9;abbreviation;L’autorizzazione alla cancellazione del vincolo di cui all’art. 7, l.p. n. 1/78 risp. di cui all’art. 79, l.p. n. 13/97 viene rilasciata, previo parere positivo del Comune, dal direttore di Ripartizione.;art.;no;Art ;Artikel;;-- der Ermächtigung zu Löschung der Bindung laut Art . 7  L.G. Nr. 1  78 bzw. Art . 79 L.G. Nr. 13  97 werden nach positiv Gutachten der Gemeinde von Abteilungsdirektor erteilen  
abbreviated forms;9;abbreviation;Chiunque vende al dettaglio oggetti di metalli preziosi espone un cartello indicante, in cifre, in maniera chiara e ben visibile, i relativi titoli (art. 4.6, DPR 150/02).;art.;no;Art ;Artikel;;-- wer Edelmetallartikel in Einzelhandel verkaufen  muss ein Schild mit der entsprechend Wertpapier in Ziffer ausweisen  Art . 4.6  DPR 150  02   
abbreviated forms;9;abbreviation;In tale prospettiva, gli artt. 55, 56 e 57 del Codice del Terzo settore individuano una misura di sostegno ed integrazione fra ente del Terzo settore e pubbliche amministrazioni.;artt.;no;Art ;Artikel;;-- in dieser Hinsicht bestimmen der Artikel 55  56 und 57 der dritter Sektorskodex ein Unterstützung und Integrationsmaßnahme zwischen Körperschaft der dritter Sektor und öffentlich Verwaltung  
abbreviated forms;9;abbreviation;Le modalità per l'esercizio di tutti i diritti da parte degli interessati sono stabilite, in via generale, negli artt. 11 e 12 del regolamento.;artt.;no;Art ;Artikel;;der Modalität für der Ausübung aller Recht durch der betroffener werden allgemein in der Artikel 11 und 12 der Verordnung festlegen 
abbreviated forms;9;abbreviation;È indetta dal Consorzio gara con procedura aperta per l’affidamento ai sensi degli artt. 180 e 183, comma 15, d.lgs. n. 50/2016 della concessione per la progettazione e realizzazione del lotto 2.;artt.;no;Art ;Artikel;;der Verband werden von Wettbewerbsverband mit offen Verfahren zu Vergabe der Baukonzession gemäß Art . 180 und 183 Absatz 15 GvD Nr. 50  2016 für der Planung und Realisierung der Bauloses ausschreiben 
abbreviated forms;9;abbreviation;Una tutela contro le clausole vessatorie si rinviene altresì all’interno del Codice Civile, che agli artt. 1341 e 1342 disciplina l’efficacia delle condizioni generali di contratto.;artt.;no;Art ;Artikel;;-- ein Schutz gegen der Schutzklausel werden auch in Bürgerlichen Gesetzbuch vorsehen  welcher in der Artikel 1341 und 1342 der Wirksamkeit der allgemein Vertragsbedingung regeln  
abbreviated forms;9;abbreviation;Il codice va utilizzato per le operazioni non soggette ad IVA per carenza del requisito della territorialità di cui agli artt. da 7 a 7-septies, DPR n. 633/72.;artt.;no;Art ;Artikel;;-- der Kodex sein für jener Geschäft zu verwenden  für der kein Mehrwertsteuer bestehen  weil der Voraussetzung der Territorialität laut Art . 7 bis 7-septies DPR Nr. 633  72 fehlen  
abbreviated forms;10;abbreviation;Il d.lgs. n. 36 del 2023 reca una puntuale disciplina concernente, tra l’altro, gli appalti pubblici.;D.lgs.;yes;GvD;gesetzesvertretendes Dekret, Legisilativdekret;;-- der GvD Nr 36 von 2023 enthalten ein pünktlich Regelung  unter anderer betreffend der öffentlich Auftrag  
abbreviated forms;10;abbreviation;In allegato si trasmette la comunicazione della Presidente del Tribunale di Bolzano dd. 24.01.2024 avente ad oggetto il D.lgs. 10 ottobre 2022, n. 149.;D.lgs.;yes;GvD;gesetzesvertretendes Dekret, Legisilativdekret;;-- Angeschlossen sein der Mitteilung der Präsidentin der Landesgericht Bozen von 24.01.2024 zu Gegenstand der GvD von 10. Oktober 2022  Nr. 149. 
abbreviated forms;10;abbreviation;Ai sensi dell'art. 27 del D.lgs. n. 81/2008, a decorrere dal 1° ottobre 2024, sono tenuti al possesso della patente le imprese e i lavoratori autonomi che operano nei cantieri temporanei o mobili.;D.lgs.;yes;GvD;gesetzesvertretendes Dekret, Legisilativdekret;;-- in Sinn der Artikel 27 der GvD Nr. 81  2008 sein ab 1. Oktober 2024 der Unternehmen und Selbständigen  der auf der zeitweilig oder beweglich Baustelle tätig sein  zu Besitz der Führerschein verpflichten  
abbreviated forms;10;abbreviation;Per la stipulazione del contratto telematico sono previsti dal D.lgs n. 70/2003 specifici obblighi informativi cui il prestatore deve adempiere.;D.lgs.;yes;GvD;gesetzesvertretendes Dekret, Legisilativdekret;;-- für der Abschluss der telematisch Vertrag sein in GvD Nr. 70  2003 spezifisch Informationspflicht vorsehen  der der Dienstleistende erfüllen muss  
abbreviated forms;10;abbreviation;Inoltre il Garante si impegna nei confronti del Contraente a rilasciare la garanzia fideiussoria per la cauzione definitiva prevista dall'art. 75 del D.Lgs. 163/06.;D.lgs.;yes;GvD;gesetzesvertretendes Dekret, Legisilativdekret;;-- außerdem verpflichten sich der Datenschutzbehörde gegenüber der Vertragspartner  der Bürgschaft für der endgültig Kaution laut Art . 75 der gesetzesvertretend Dekret Nr. 163  06 ausstellen  
abbreviated forms;11;acronym;L'assicurazione INAIL è obbligatoria per tutti i datori di lavoro che occupano lavoratori dipendenti e parasubordinati nelle attività che la legge individua come rischiose.;INAIL;yes;INAIL;gesamtstaatliche Anstalt für Versicherungen gegen Arbeitsunfälle, gesamtstaatliches Versicherungsinstitut für Arbeitsunfälle, Nationales Institut für Versicherung gegen Arbeitsunfälle;;-- der INAIL-Versicherung sein für aller Arbeitgeber  der Arbeitnehmer beschäftigen  der bei Tätigkeit  der der Gesetz als gefährdet bezeichnen  abhängig und vertreten sein  verpflichtend  
abbreviated forms;11;acronym;Con il versamento da parte del datore del premio, l'INAIL si impegna a pagare al lavoratore delle somme di denaro sia in caso di inabilità temporanea sia in caso di invalidità permanente.;INAIL;yes;INAIL;gesamtstaatliche Anstalt für Versicherungen gegen Arbeitsunfälle, gesamtstaatliches Versicherungsinstitut für Arbeitsunfälle, Nationales Institut für Versicherung gegen Arbeitsunfälle;;-- mit der Überweisung der Prämie durch der Prämiegeber verpflichten sich der INAIL  der Arbeitnehmer sowohl bei zeitweilig Arbeitsunfähigkeit als auch bei dauernd Invalidität Geldbeträge zu zahlen  
abbreviated forms;11;acronym;L’INAIL svolge attività di prevenzione dei rischi lavorativi, di informazione, di formazione e assistenza in materia di sicurezza e salute sul lavoro. ;INAIL;yes;INAIL;gesamtstaatliche Anstalt für Versicherungen gegen Arbeitsunfälle, gesamtstaatliches Versicherungsinstitut für Arbeitsunfälle, Nationales Institut für Versicherung gegen Arbeitsunfälle;;-- der INAIL üben Vorbeugung gegen Arbeitsrisiko  Information  Aus und Weiterbildung in Bereich Sicherheit und Gesundheit an Arbeitsplatz aus  
abbreviated forms;11;acronym;È stata presentata il 14 ottobre alla Camera la Relazione annuale INAIL: nel 2023 gli infortuni denunciati sono stati oltre 590mila.;INAIL;yes;INAIL;gesamtstaatliche Anstalt für Versicherungen gegen Arbeitsunfälle, gesamtstaatliches Versicherungsinstitut für Arbeitsunfälle, Nationales Institut für Versicherung gegen Arbeitsunfälle;;an 14. Oktober werden der Kammer der Jahresbericht INAIL vorlegen  in Jahr 2023 sein mehr als 590tausend Unfall melden 
abbreviated forms;11;acronym;In data 16 ottobre 2023, l’INAIL e il Consiglio Nazionale dell’Ordine degli Psicologi hanno sottoscritto un protocollo d’intesa con l’obiettivo generale di assicurare l’erogazione di interventi di supporto psicologico-psicoterapeutico in favore dei propri assistiti.;INAIL;yes;INAIL;gesamtstaatliche Anstalt für Versicherungen gegen Arbeitsunfälle, gesamtstaatliches Versicherungsinstitut für Arbeitsunfälle, Nationales Institut für Versicherung gegen Arbeitsunfälle;;-- an 16. Oktober 2023 haben der INAIL und der Nationalrat der Psychologenkammer ein Einvernehmensprotokoll mit der allgemein Ziel unterzeichnen  der Durchführung psycho-psychotherapeutisch Unterstützungsmaßnahme zugunsten der eigen Betreuten zu gewährleisten  
abbreviated forms;11;acronym;L'assicurazione Inail è obbligatoria per tutti i datori di lavoro che occupano lavoratori dipendenti e parasubordinati nelle attività che la legge individua come rischiose.;Inail;yes;Inail;gesamtstaatliche Anstalt für Versicherungen gegen Arbeitsunfälle, gesamtstaatliches Versicherungsinstitut für Arbeitsunfälle, Nationales Institut für Versicherung gegen Arbeitsunfälle;;-- der Inail-Versicherung sein für aller Arbeitgeber  der Arbeitnehmer beschäftigen  der bei Tätigkeit  der der Gesetz als gefährdet bezeichnen  abhängig sein und verletzen werden  verpflichtend  
abbreviated forms;11;acronym;Con il versamento da parte del datore del premio, l'Inail si impegna a pagare al lavoratore delle somme di denaro sia in caso di inabilità temporanea sia in caso di invalidità permanente.;Inail;yes;Inail;gesamtstaatliche Anstalt für Versicherungen gegen Arbeitsunfälle, gesamtstaatliches Versicherungsinstitut für Arbeitsunfälle, Nationales Institut für Versicherung gegen Arbeitsunfälle;;-- mit der Überweisung der Prämie durch der Betreiber verpflichten sich der Inail  der Arbeitnehmer sowohl bei zeitweilig Arbeitsunfähigkeit als auch bei dauernd Invalidität Geldbeträge zu zahlen  
abbreviated forms;11;acronym;L’Inail svolge attività di prevenzione dei rischi lavorativi, di informazione, di formazione e assistenza in materia di sicurezza e salute sul lavoro.;Inail;yes;Inail;gesamtstaatliche Anstalt für Versicherungen gegen Arbeitsunfälle, gesamtstaatliches Versicherungsinstitut für Arbeitsunfälle, Nationales Institut für Versicherung gegen Arbeitsunfälle;;-- der Inail üben Vorbeugung  Information  Au und Fürsorgemaßnahme in Bereich Arbeitssicherheit und Gesundheit aus  
abbreviated forms;11;acronym;È stata presentata il 14 ottobre alla Camera la Relazione annuale INAIL: nel 2023 gli infortuni denunciati sono stati oltre 590mila.;Inail;yes;Inail;gesamtstaatliche Anstalt für Versicherungen gegen Arbeitsunfälle, gesamtstaatliches Versicherungsinstitut für Arbeitsunfälle, Nationales Institut für Versicherung gegen Arbeitsunfälle;;an 14. Oktober werden der Kammer der Jahresbericht INAIL vorlegen  in Jahr 2023 sein mehr als 590tausend Unfall melden 
abbreviated forms;11;acronym;In data 16 ottobre 2023, l’Inail e il Consiglio Nazionale dell’Ordine degli Psicologi hanno sottoscritto un protocollo d’intesa con l’obiettivo generale di assicurare l’erogazione di interventi di supporto psicologico-psicoterapeutico in favore dei propri assistiti.;Inail;yes;Inail;gesamtstaatliche Anstalt für Versicherungen gegen Arbeitsunfälle, gesamtstaatliches Versicherungsinstitut für Arbeitsunfälle, Nationales Institut für Versicherung gegen Arbeitsunfälle;;-- an 16. Oktober 2023 haben der national Psychologenheim und der Nationalrat der Psychologenkammer ein Einvernehmensprotokoll mit der allgemein Ziel unterzeichnen  der Durchführung psycho-psychotherapeutisch Unterstützungsmaßnahme zugunsten der eigen Betreuten zu gewährleisten  
abbreviated forms;11;acronym;L'assicurazione I.N.A.I.L. è obbligatoria per tutti i datori di lavoro che occupano lavoratori dipendenti e parasubordinati nelle attività che la legge individua come rischiose.;I.N.A.I.L.;yes;INAIL;gesamtstaatliche Anstalt für Versicherungen gegen Arbeitsunfälle, gesamtstaatliches Versicherungsinstitut für Arbeitsunfälle, Nationales Institut für Versicherung gegen Arbeitsunfälle;;-- der INAI-Versicherung sein für aller Arbeitgeber  der Arbeitnehmer beschäftigen und der bei Tätigkeit  der der Gesetz als gefährdet bezeichnen  untergeordnet sein  verpflichtend  
abbreviated forms;11;acronym;Con il versamento da parte del datore del premio, l'I.N.A.I.L. si impegna a pagare al lavoratore delle somme di denaro sia in caso di inabilità temporanea sia in caso di invalidità permanente.;I.N.A.I.L.;yes;INAIL;gesamtstaatliche Anstalt für Versicherungen gegen Arbeitsunfälle, gesamtstaatliches Versicherungsinstitut für Arbeitsunfälle, Nationales Institut für Versicherung gegen Arbeitsunfälle;;-- mit der Überweisung der Prämie durch der Betreiber verpflichten sich der national Arbeitsunfähige  INAIL   der Arbeitnehmer sowohl in Fall von zeitweilig Arbeitsunfähigkeit als auch in Fall von dauernd Invalidität Geldbeträge zu zahlen  
abbreviated forms;11;acronym;L'I.N.A.I.L. svolge attività di prevenzione dei rischi lavorativi, di informazione, di formazione e assistenza in materia di sicurezza e salute sul lavoro.;I.N.A.I.L.;yes;INAIL;gesamtstaatliche Anstalt für Versicherungen gegen Arbeitsunfälle, gesamtstaatliches Versicherungsinstitut für Arbeitsunfälle, Nationales Institut für Versicherung gegen Arbeitsunfälle;;-- der national Arbeitsunfallinstitut für Arbeitsschutz üben Vorbeugung  Information  Ausbildung und Betreuung in Bereich Arbeitssicherheit und Gesundheit aus  
abbreviated forms;11;acronym;È stata presentata il 14 ottobre alla Camera la Relazione annuale I.N.A.I.L.: nel 2023 gli infortuni denunciati sono stati oltre 590mila.;I.N.A.I.L.;yes;INAIL;gesamtstaatliche Anstalt für Versicherungen gegen Arbeitsunfälle, gesamtstaatliches Versicherungsinstitut für Arbeitsunfälle, Nationales Institut für Versicherung gegen Arbeitsunfälle;;an 14. Oktober werden der Kammer der Jahresbericht der Nationalinstitut für Unfallverhältnis  INAIL  vorlegen  in Jahr 2023 sein der gemeldet Unfall über 590tausend 
abbreviated forms;11;acronym;In data 16 ottobre 2023, l’I.N.A.I.L. e il Consiglio Nazionale dell’Ordine degli Psicologi hanno sottoscritto un protocollo d’intesa con l’obiettivo generale di assicurare l’erogazione di interventi di supporto psicologico-psicoterapeutico in favore dei propri assistiti.;I.N.A.I.L.;yes;INAIL;gesamtstaatliche Anstalt für Versicherungen gegen Arbeitsunfälle, gesamtstaatliches Versicherungsinstitut für Arbeitsunfälle, Nationales Institut für Versicherung gegen Arbeitsunfälle;;-- an 16. Oktober 2023 haben der Nationalinstitut für Psychologie  I.N.A.I.L.  und der Nationalrat der Psychologenkammer ein Einvernehmensprotokoll mit der Ziel unterzeichnen  der Durchführung psycho-psychotherapeutisch Unterstützungsmaßnahme zugunsten der eigen Betreuten zu gewährleisten  
abbreviated forms;12;initialism;L’art. 1 del DPR n. 361/2000 disciplina il procedimento per l’acquisto della personalità giuridica.;DPR;yes;DPR;Dekret des Präsidenten der Republik;;Art . 1 der DPR Nr. 361  2000 regeln der Verfahren zu Erwerb der Rechtspersönlichkeit 
abbreviated forms;12;initialism;Il sottoscritto è consapevole delle sanzioni penali previste per il caso di dichiarazioni non veritiere, di formazione o uso di atti falsi, richiamate dagli artt. 75 e 76 del DPR 445 del 28 dicembre 2000.;DPR;yes;DPR;Dekret des Präsidenten der Republik;;-- der unterfertigte sein sich der strafrechtlich Sanktion bewusst  der für der Fall falsch Erklärung  für der Erstellung oder der Gebrauch falsch Handlung vorsehen sein  wie sie in der Artikel 75 und 76 der DPR 445 von 28. Dezember 2000 anführen sein  
abbreviated forms;12;initialism;L'art. 82 del DPR 115/2002 stabilisce che l'onorario e le spese spettanti al difensore sono liquidati dall'Autorità Giudiziaria con decreto di pagamento, osservando la tariffa professionale.;DPR;yes;DPR;Dekret des Präsidenten der Republik;;-- Art . 82 der DPR 11 262 bestimmen  dass der Honorar und der der Verteidiger zustehend Kosten von der Gerichtsbehörde mit Zahlungsdekret unter Beachtung der Tarifordnung auszahlen werden  
abbreviated forms;12;initialism;Il candidato dichiara di essere consapevole che le dichiarazioni mendaci verranno perseguite ai sensi dell’art. 76 del DPR 445/2000.;DPR;yes;DPR;Dekret des Präsidenten der Republik;;-- der Kandidat erklären  sich der Unwahrheit der Erklärung in Sinn der Art . 76 der DPR 445  2000 bewusst zu sein  
abbreviated forms;12;initialism;I simboli delle unità di misura vanno scritti esattamente come prevede il DPR 802/82 cioè con l'iniziale minuscola, tranne quelli derivanti da nomi propri.;DPR;yes;DPR;Dekret des Präsidenten der Republik;;-- der Symbol der Messgerät sein genau wie in DPR 802  82 vorsehen  der heißen mit der klein Anfangswert  mit Ausnahme jener  der aus eigen Name herrühren  
abbreviated forms;12;initialism;L’art. 1 del D.P.R. n. 361/2000 disciplina il procedimento per l’acquisto della personalità giuridica.;D.P.R.;yes;DPR;Dekret des Präsidenten der Republik;;Art . 1 der DPR Nr. 361  2000 regeln der Verfahren zu Erlangung der Rechtspersönlichkeit 
abbreviated forms;12;initialism;Il sottoscritto è consapevole delle sanzioni penali previste per il caso di dichiarazioni non veritiere, di formazione o uso di atti falsi, richiamate dagli artt. 75 e 76 del D.P.R. 445 del 28 dicembre 2000.;D.P.R.;yes;DPR;Dekret des Präsidenten der Republik;;-- der unterfertigte sein sich der strafrechtlich Sanktion bewusst  der für der Fall falsch Erklärung  für der Erstellung oder der Gebrauch falsch Handlung vorsehen sein  wie sie in der Artikel 75 und 76 der D.P.R. 445 von 28. Dezember 2000 anführen sein  
abbreviated forms;12;initialism;L'art. 82 del D.P.R. 115/2002 stabilisce che l'onorario e le spese spettanti al difensore sono liquidati dall'Autorità Giudiziaria con decreto di pagamento, osservando la tariffa professionale.;D.P.R.;yes;DPR;Dekret des Präsidenten der Republik;;-- Art . 82 der DPR 11 262 bestimmen  dass der Honorar und der der Verteidiger zustehend Kosten von der Gerichtsbehörde mit Zahlungsdekret unter Beachtung der Tarifordnung auszahlen werden  
abbreviated forms;12;initialism;Il candidato dichiara di essere consapevole che le dichiarazioni mendaci verranno perseguite ai sensi dell’art. 76 del D.P.R. 445/2000.;D.P.R.;yes;DPR;Dekret des Präsidenten der Republik;;-- der Kandidat erklären  sich der Unwahrheit der Erklärung in Sinn der Art . 76 der DPR 445  2000 bewusst zu sein  
abbreviated forms;12;initialism;I simboli delle unità di misura vanno scritti esattamente come prevede il D.P.R. 802/82 cioè con l'iniziale minuscola, tranne quelli derivanti da nomi propri.;D.P.R.;yes;DPR;Dekret des Präsidenten der Republik;;-- der Symbol der Messgerät sein genau zu schreiben  wie es der DPR 802  82 vorsehen  d.her mit der ursprünglich minderjährigen  mit Ausnahme jener  der aus eigen Name herrühren  
abbreviated forms;12;initialism;L’art. 1 del d.p.r. n. 361/2000 disciplina il procedimento per l’acquisto della personalità giuridica.;d.p.r.;yes;D.P.R.;Dekret des Präsidenten der Republik;;Art . 1 der D.P.R. Nr. 361  2000 regeln der Verfahren zu Erwerb der Rechtspersönlichkeit 
abbreviated forms;12;initialism;Il sottoscritto è consapevole delle sanzioni penali previste per il caso di dichiarazioni non veritiere, di formazione o uso di atti falsi, richiamate dagli artt. 75 e 76 del d.p.r. 445 del 28 dicembre 2000.;d.p.r.;yes;D.P.R.;Dekret des Präsidenten der Republik;;-- der unterfertigte sein sich der strafrechtlich Sanktion bewusst  der für der Fall falsch Erklärung  für der Erstellung oder der Gebrauch falsch Handlung vorsehen sein  wie sie in der Artikel 75 und 76 der D.P.R. 445 von 28. Dezember 2000 anführen sein  
abbreviated forms;12;initialism;L'art. 82 del d.p.r. 115/2002 stabilisce che l'onorario e le spese spettanti al difensore sono liquidati dall'Autorità Giudiziaria con decreto di pagamento, osservando la tariffa professionale.;d.p.r.;yes;D.P.R.;Dekret des Präsidenten der Republik;;-- Art . 82 der D.P.R. 11 262 bestimmen  dass der Honorar und der der Verteidiger zustehend Kosten von der Gerichtsbehörde mit Zahlungsdekret unter Beachtung der Tarifordnung auszahlen werden  
abbreviated forms;12;initialism;Il candidato dichiara di essere consapevole che le dichiarazioni mendaci verranno perseguite ai sensi dell’art. 76 del d.p.r. 445/2000.;d.p.r.;yes;D.P.R.;Dekret des Präsidenten der Republik;;-- der Kandidat erklären  sich der Unwahrheit der Erklärung in Sinn der Art . 76 der DPR 445  2000 bewusst zu sein  
abbreviated forms;12;initialism;I simboli delle unità di misura vanno scritti esattamente come prevede il d.p.r. 802/82 cioè con l'iniziale minuscola, tranne quelli derivanti da nomi propri.;d.p.r.;yes;D.P.R.;Dekret des Präsidenten der Republik;;-- der Symbol der Messgerät sein genau wie der D.P.R. 802  82  d.her mit der einfach Anfangswert  mit Ausnahme jener  der aus eigen Name herrühren  zu schreiben  
abbreviated forms;13;acronym;Il servizio permette di verificare l'importo dei trattamenti liquidati dall'INPS ogni mese.;INPS;yes;NISF;Gesamtstaatliche Anstalt für soziale Vorsorge, Nationalinstitut für soziale Fürsorge, INPS;;-- der Dienst ermöglichen es  der Betrag der von NISF jeder Monat ausgezahlt Behandlung zu überprüfen  
abbreviated forms;13;acronym;Per l'INPS Basilicata, il numero dei posti da ricoprire è pari a 11.;INPS;yes;NISF;Gesamtstaatliche Anstalt für soziale Vorsorge, Nationalinstitut für soziale Fürsorge, INPS;;für der NISF Basilicata betragen der Anzahl der zu besetzend Stelle 11.
abbreviated forms;13;acronym;L'INPS è articolato in strutture centrali, regionali e metropolitane con compiti di indirizzo, monitoraggio e coordinamento.;INPS;yes;NISF;Gesamtstaatliche Anstalt für soziale Vorsorge, Nationalinstitut für soziale Fürsorge, INPS;;-- der NISF sein in zentral  regional und Großstadt mit Ausrichtung  Monitoring und Koordinierungsaufgabe unterteilen  
abbreviated forms;13;acronym;Presso l'INPS è attivo uno speciale Fondo di Garanzia in favore dei lavoratori che non siano riusciti a farsi pagare dal datore di lavoro.;INPS;yes;NISF;Gesamtstaatliche Anstalt für soziale Vorsorge, Nationalinstitut für soziale Fürsorge, INPS;;-- bei NISF sein ein Sondergarantiefonds zugunsten der Arbeitnehmer aktivieren  der von Arbeitgeber nicht bezahlen werden können  
abbreviated forms;13;acronym;È previsto l'aggiornamento della numerazione dei contratti e degli accordi collettivi di lavoro depositati e archiviati, da svolgersi in cooperazione con l'INPS.;INPS;yes;NISF;Gesamtstaatliche Anstalt für soziale Vorsorge, Nationalinstitut für soziale Fürsorge, INPS;;-- es sein vorsehen  der Nummerierung der hinterlegt und archiviert Kollektivvertrag und Kollektivvertrag  der in Zusammenarbeit mit der NISF durchführen sein  zu aktualisieren  
abbreviated forms;13;acronym;Il servizio permette di verificare l'importo dei trattamenti liquidati dall'Inps ogni mese.;Inps;yes;NISF;Gesamtstaatliche Anstalt für soziale Vorsorge, Nationalinstitut für soziale Fürsorge, INPS;;-- der Dienst ermöglichen es  der Betrag der von NISF jeder Monat ausgezahlt Behandlung zu überprüfen  
abbreviated forms;13;acronym;Per l'Inps Lazio, il numero dei posti da ricoprire è pari a 11.;Inps;yes;NISF;Gesamtstaatliche Anstalt für soziale Vorsorge, Nationalinstitut für soziale Fürsorge, INPS;;für der Nationalinstitut für soziale Arbeitsunfähigkeit  INPS Latium  betragen der Anzahl der zu besetzend Stelle 11.
abbreviated forms;13;acronym;L'Inps è articolato in strutture centrali, regionali e metropolitane con compiti di indirizzo, monitoraggio e coordinamento.;Inps;yes;NISF;Gesamtstaatliche Anstalt für soziale Vorsorge, Nationalinstitut für soziale Fürsorge, INPS;;-- der Zentral  Regional und Großstädteinheit werden in zentral Struktur mit Ausrichtung  Monitoring und Koordinierung unterteilen  
abbreviated forms;13;acronym;Presso l'Inps è attivo uno speciale Fondo di Garanzia in favore dei lavoratori che non siano riusciti a farsi pagare dal datore di lavoro.;Inps;yes;NISF;Gesamtstaatliche Anstalt für soziale Vorsorge, Nationalinstitut für soziale Fürsorge, INPS;;-- bei Nationalinstitut für Sondergarantie sein ein Sondergarantiefonds zugunsten der Arbeitnehmer aktivieren  der es nicht ermöglichen  von Arbeitgeber bezahlen zu werden  
abbreviated forms;13;acronym;È previsto l'aggiornamento della numerazione dei contratti e degli accordi collettivi di lavoro depositati e archiviati, da svolgersi in cooperazione con l'Inps.;Inps;yes;NISF;Gesamtstaatliche Anstalt für soziale Vorsorge, Nationalinstitut für soziale Fürsorge, INPS;;-- es sein vorsehen  der Nummerierung der hinterlegt und archiviert Kollektivvertrag und Kollektivvertrag  der in Zusammenarbeit mit der öffentlich Arbeitsverhältnis  NISF  durchführen sein  zu aktualisieren  
abbreviated forms;13;acronym;Il servizio permette di verificare l'importo dei trattamenti liquidati dall'I.N.P.S. ogni mese.;I.N.P.S.;yes;N.I.S.F.;Gesamtstaatliche Anstalt für soziale Vorsorge, Nationalinstitut für soziale Fürsorge, INPS;;-- der Dienst ermöglichen es  der Betrag der von Nationalinstitut für Soziales Arbeiten  INPS  jeder Monat ausgezahlt Behandlung zu überprüfen  
abbreviated forms;13;acronym;Per l'I.N.P.S. Lazio, il numero dei posti da ricoprire è pari a 11.;I.N.P.S.;yes;N.I.S.F.;Gesamtstaatliche Anstalt für soziale Vorsorge, Nationalinstitut für soziale Fürsorge, INPS;;für der Nationalinstitut für sozial Fürsorge  INPS  Latium betragen der Anzahl der zu besetzend Stelle 11.
abbreviated forms;13;acronym;L'I.N.P.S. è articolato in strutture centrali, regionali e metropolitane con compiti di indirizzo, monitoraggio e coordinamento.;I.N.P.S.;yes;N.I.S.F.;Gesamtstaatliche Anstalt für soziale Vorsorge, Nationalinstitut für soziale Fürsorge, INPS;;-- der Nationale für Station  I.N.P.S.  sein in zentral  regional und Großstadt mit Ausrichtung  Monitoring und Koordinierungsaufgabe unterteilen  
abbreviated forms;13;acronym;Presso l'I.N.P.S. è attivo uno speciale Fondo di Garanzia in favore dei lavoratori che non siano riusciti a farsi pagare dal datore di lavoro.;I.N.P.S.;yes;N.I.S.F.;Gesamtstaatliche Anstalt für soziale Vorsorge, Nationalinstitut für soziale Fürsorge, INPS;;-- bei Nationalinstitut für Arbeitsunfähigkeit  INPS  sein ein besonderer Garantiefonds zugunsten der Arbeitnehmer aktivieren  der von Arbeitgeber nicht bezahlen werden können  
abbreviated forms;13;acronym;È previsto l'aggiornamento della numerazione dei contratti e degli accordi collettivi di lavoro depositati e archiviati, da svolgersi in cooperazione con l'I.N.P.S.;I.N.P.S.;yes;N.I.S.F.;Gesamtstaatliche Anstalt für soziale Vorsorge, Nationalinstitut für soziale Fürsorge, INPS;;-- es sein vorsehen  der Nummerierung der hinterlegt und archiviert Kollektivvertrag und Kollektivvertrag  der in Zusammenarbeit mit der Nationalinstitut für sozial Fürsorge  INPS  durchführen sein  zu aktualisieren  
abbreviated forms;13;acronym + full form;Il servizio permette di verificare l'importo dei trattamenti liquidati dall' Istituto nazionale della previdenza sociale I.N.P.S. ogni mese.;I.N.P.S.;yes;N.I.S.F.;Gesamtstaatliche Anstalt für soziale Vorsorge, Nationalinstitut für soziale Fürsorge, INPS;;-- der Dienst ermöglichen es  der Betrag der von Nationalinstitut für Sozialvorsorge I.N.P.S. jeder Monat ausgezahlt Behandlung zu überprüfen  
abbreviated forms;13;acronym + full form;Per l'Inps (Istituto nazionale della previdenza sociale) Lazio, il numero dei posti da ricoprire è pari a 11.;Inps;yes;NISF;Gesamtstaatliche Anstalt für soziale Vorsorge, Nationalinstitut für soziale Fürsorge, INPS;;für der Nationalinstitut für Sozialvorsorge Latium betragen der Zahl der zu besetzend Stelle 11.
abbreviated forms;13;acronym + full form;L' Istituto nazionale della previdenza sociale (INPS) è articolato in strutture centrali, regionali e metropolitane con compiti di indirizzo, monitoraggio e coordinamento.;INPS;yes;NISF;Gesamtstaatliche Anstalt für soziale Vorsorge, Nationalinstitut für soziale Fürsorge, INPS;;-- der Nationalinstitut für Sozialvorsorge  NISF  sein in zentral  regional und Großstadt mit Ausrichtung  Monitoring und Koordinierungsaufgabe unterteilen  
abbreviated forms;13;acronym + full form;Presso l'Istituto nazionale della previdenza sociale (I.N.P.S.) è attivo uno speciale Fondo di Garanzia in favore dei lavoratori che non siano riusciti a farsi pagare dal datore di lavoro.;I.N.P.S.;yes;N.I.S.F.;Gesamtstaatliche Anstalt für soziale Vorsorge, Nationalinstitut für soziale Fürsorge, INPS;;-- bei Nationalinstitut für Sozialvorsorge  I.N.P.S.  werden ein Sondergarantiefonds zugunsten der Arbeitnehmer aktivieren  der von Arbeitgeber nicht bezahlen werden können  
abbreviated forms;13;acronym + full form;È previsto l'aggiornamento della numerazione dei contratti e degli accordi collettivi di lavoro depositati e archiviati, da svolgersi in cooperazione con l'Inps (Istituto nazionale della previdenza sociale).;Inps;yes;NISF;Gesamtstaatliche Anstalt für soziale Vorsorge, Nationalinstitut für soziale Fürsorge, INPS;;-- es sein vorsehen  der Nummerierung der hinterlegt und archiviert Kollektivvertrag und Kollektivvertrag zu aktualisieren  der in Zusammenarbeit mit der Nationalinstitut für Sozialvorsorge  NISF  durchführen sein  
abbreviated forms;14;acronym;Il PRA è un registro pubblico istituito nel 1927.;PRA;yes;PRA;öffentliches Kraftfahrzeugregister, KFR;;-- der öffentlich Kraftfahrzeugkonzept sein ein öffentlich Register  der 1927 einrichten werden  
abbreviated forms;14;acronym;Per effettuare un passaggio di proprietà, è necessario rivolgersi al PRA oppure presso un’agenzia di pratiche automobilistiche.;PRA;yes;PRA;öffentliches Kraftfahrzeugregister, KFR;;-- um ein Übergang der Eigentum zu ermöglichen  muss man sich an der öffentlich Kraftfahrzeugverwaltungsgericht oder an ein Agentur für Autobuspraxis wenden  
abbreviated forms;14;acronym;La radiazione può essere richiesta al PRA in via Garibaldi n. 21/a.;PRA;yes;PRA;öffentliches Kraftfahrzeugregister, KFR;;der Streichung können bei öffentlich Kraftfahrzeugregister  PRA  in Geriadi-Stand Nr. 21  a beantragen werden 
abbreviated forms;14;acronym;Il servizio consiste nella fornitura di dati estratti dal PRA e relativi ai veicoli in esso registrati.;PRA;yes;PRA;öffentliches Kraftfahrzeugregister, KFR;;-- der Dienst bestehen in der Vergabe von Datum  der aus der öffentlich Kraftfahrzeugregister entnehmen werden und sich auf der darin verzeichnet Fahrzeug beziehen  
abbreviated forms;14;acronym;Si informa che, l'Ufficio PRA di Modena è aperto al pubblico esclusivamente su appuntamento dal lunedì al venerdì.;PRA;yes;PRA;öffentliches Kraftfahrzeugregister, KFR;;-- es werden darauf hinweisen  dass der öffentlich Kraftfahrzeugamt Modena ausschließlich auf Termin von Montag bis Freitag öffentlich zugänglich sein  
abbreviated forms;14;acronym;Il P.R.A. è un registro pubblico istituito nel 1927.;P.R.A.;yes;PRA;öffentliches Kraftfahrzeugregister, KFR;;-- der öffentlich Kraftfahrzeugregister sein ein öffentlich Register  der 1927 einrichten werden  
abbreviated forms;14;acronym;Per effettuare un passaggio di proprietà, è necessario rivolgersi al P.R.A. oppure presso un’agenzia di pratiche automobilistiche.;P.R.A.;yes;PRA;öffentliches Kraftfahrzeugregister, KFR;;-- um ein Übergang der Eigentum zu ermöglichen  muss man sich an der öffentlich Kraftfahrzeugregister oder an ein Agentur für Autobuspraxis wenden  
abbreviated forms;14;acronym;La radiazione può essere richiesta al P.R.A. in via Garibaldi n. 21/a.;P.R.A.;yes;PRA;öffentliches Kraftfahrzeugregister, KFR;;der Streichung können bei öffentlich Kraftfahrzeugregister in der Geriadi-Straße Nr. 21  a beantragen werden 
abbreviated forms;14;acronym;Il servizio consiste nella fornitura di dati estratti dal P.R.A. e relativi ai veicoli in esso registrati.;P.R.A.;yes;PRA;öffentliches Kraftfahrzeugregister, KFR;;-- der Dienst bestehen in der Lieferung von Datum  der aus der öffentlich Kraftfahrzeugregister entnehmen werden und sich auf der darin verzeichnet Fahrzeug beziehen  
abbreviated forms;14;acronym;Si informa che, l'Ufficio P.R.A. di Modena è aperto al pubblico esclusivamente su appuntamento dal lunedì al venerdì.;P.R.A.;yes;PRA;öffentliches Kraftfahrzeugregister, KFR;;-- es werden darauf hinweisen  dass der öffentlich Kraftfahrzeugamt Modena ausschließlich auf Termin von Montag bis Freitag öffentlich zugänglich sein  
abbreviated forms;14;acronym + full form;Il Pubblico Registro Automobilistico (P.R.A.) è un registro pubblico istituito nel 1927.;P.R.A.;yes;PRA;öffentliches Kraftfahrzeugregister, KFR;;-- der öffentlich Kraftfahrzeugregister  P.R.A.  sein ein öffentlich Register  der 1927 einrichten werden  
abbreviated forms;14;acronym + full form;Per effettuare un passaggio di proprietà, è necessario rivolgersi al PRA (Pubblico Registro Automobilistico) oppure presso un’agenzia di pratiche automobilistiche.;PRA;yes;PRA;öffentliches Kraftfahrzeugregister, KFR;;-- um ein Übergang der Eigentum zu ermöglichen  muss man sich an der öffentlich Kraftfahrzeugregister  PRA  oder an ein Agentur für Kraftfahrzeugpraxis wenden  
abbreviated forms;14;acronym + full form;La radiazione può essere richiesta al PRA – Pubblico Registro automobilistico in via Garibaldi n. 21/a.;PRA;yes;PRA;öffentliches Kraftfahrzeugregister, KFR;;der Streichung können bei öffentlich Kraftfahrzeugregister   Automobilregister in der Garibaldenstraße Nr. 21  a beantragen werden 
abbreviated forms;14;acronym + full form;Il servizio consiste nella fornitura di dati estratti dal Pubblico registro automobilistico (P.R.A.) e relativi ai veicoli in esso registrati.;P.R.A.;yes;PRA;öffentliches Kraftfahrzeugregister, KFR;;-- der Dienst bestehen in der Lieferung von Datum  der aus der öffentlich Kraftfahrzeugregister  P.R.A.  hervorgehen und sich auf der in dieser Register eingetragen Fahrzeug beziehen  
abbreviated forms;14;acronym + full form;Si informa che, l'Ufficio del P.R.A. (Pubblico registro automobilistico) di Modena è aperto al pubblico solo la mattina dal lunedì al venerdì.;P.R.A.;yes;PRA;öffentliches Kraftfahrzeugregister, KFR;;-- es werden darauf hinweisen  dass der Amt der öffentlich Kraftfahrzeugregister  Öffentlichkeitsregister Modena  nur vormittags von Montag bis Freitag für der Öffentlichkeit zugänglich sein  
abbreviated forms;15;acronym;A fine anno occorre monitorare attentamente l'arrivo delle fatture di acquisto per determinare il momento in cui è possibile detrarre l'IVA a credito.;IVA;yes;MwSt.;Mehrwertsteuer;USt, Umsatzsteuer, MWST;-- an Jahresende muss der Ankunft der Ankaufsrechnung genau überwachen werden  um der Zeitpunkt feststellen  zu der der Mehrwertsteuer auf Kredit abziehen werden können  
abbreviated forms;15;acronym;Il prezzo del prodotto è sempre soggetto a IVA.;IVA;yes;MwSt.;Mehrwertsteuer;USt, Umsatzsteuer, MWST;der Preis der Erzeugniss unterliegen immer der Mehrwertsteuer 
abbreviated forms;15;acronym;Il prossimo 17 novembre scade il termine per effettuare il versamento dell’IVA relativa al terzo trimestre da parte dei soggetti che hanno applicato il regime forfettario della L. n. 398/1991.;IVA;yes;MwSt.;Mehrwertsteuer;USt, Umsatzsteuer, MWST;-- an nächster 17. November verfallen der Frist für der Einzahlung der Mehrwertsteuer auf der dritter Trimester seitens der Person  der der Pauschalregelung der Gesetz Nr. 398  1991 anwanden haben  
abbreviated forms;15;acronym;L’IVA va applicata in base alle disposizioni dello Stato di residenza del cliente.;IVA;yes;MwSt.;Mehrwertsteuer;USt, Umsatzsteuer, MWST;-- der Mehrwertsteuer sein gemäß der Bestimmung der Staat  in der der Kundenwohnsitz stehen  anwenden  
abbreviated forms;15;acronym;Il costo complessivo ai sensi dell’allegato preventivo e calcolo di spesa è di euro 5.280,00 esente IVA.;IVA;yes;MwSt.;Mehrwertsteuer;USt, Umsatzsteuer, MWST;-- der Gesamtkosten gemäß beiliegend Kostenvoranschlag und Ausgabenberechnung beträgen 5.280,00 Euro ohne MwSt  
abbreviated forms;15;acronym;A fine anno occorre monitorare attentamente l'arrivo delle fatture di acquisto per determinare il momento in cui è possibile detrarre l'Iva a credito.;Iva;yes;MwSt.;Mehrwertsteuer;USt, Umsatzsteuer, MWST;-- an Jahresende muss der Ankunft der Ankaufsrechnung genau überwachen werden  um der Zeitpunkt feststellen  zu der der Kreditmittel abziehen werden können  
abbreviated forms;15;acronym;Il prezzo del prodotto è sempre soggetto a Iva.;Iva;yes;MwSt.;Mehrwertsteuer;USt, Umsatzsteuer, MWST;der Preis der Erzeugnis unterliegen immer Iva 
abbreviated forms;15;acronym;Il prossimo 17 novembre scade il termine per effettuare il versamento dell’Iva relativa al terzo trimestre da parte dei soggetti che hanno applicato il regime forfettario della L. n. 398/1991.;Iva;yes;MwSt.;Mehrwertsteuer;USt, Umsatzsteuer, MWST;-- an nächster 17. November verfallen der Frist für der Überweisung der Iva für der dritter Trimester durch der Person  der der Pauschalregelung der Gesetz Nr. 398  1991 anwandn haben  
abbreviated forms;15;acronym;L’Iva va applicata in base alle disposizioni dello Stato di residenza del cliente.;Iva;yes;MwSt.;Mehrwertsteuer;USt, Umsatzsteuer, MWST;der Iva sein nach der Bestimmung der Staat der Wohnsitz der Kunde anwenden 
abbreviated forms;15;acronym;Il costo complessivo ai sensi dell’allegato preventivo e calcolo di spesa è di euro 5.280,00 esente Iva.;Iva;yes;MwSt.;Mehrwertsteuer;USt, Umsatzsteuer, MWST;-- der Gesamtkosten gemäß beiliegend Kostenvoranschlag und Berechnung der Ausgabe belaufen sich auf 5.280,00 Euro  befreien von Iva  
abbreviated forms;16;initialism;Il GDPR fornisce diversi strumenti per disciplinare i trasferimenti di dati dall’UE verso un paese terzo.;GDPR;no;DSGVO;Datenschutz-Grundverordnung;;der DSGVO stellen verschieden Instrument zu Regelung der Datenübertragung von der EU in ein Drittland zu Verfügung 
abbreviated forms;16;initialism;Il Regolamento Europeo (GDPR 2016/679) prevede importanti principi in materia di protezione dei dati come la tutela delle persone e di altri soggetti e il rispetto al trattamento dei dati personali.;GDPR;no;DSGVO;Datenschutz-Grundverordnung;;der europäisch Verordnung  EGR 2016  679  sehen wichtig Grundsatz in Bereich Datenschutz wie Schutz von Person und anderer Rechtsträger und der Einhaltung der Verarbeitung personenbezogen Datum vor 
abbreviated forms;16;initialism;Il GDPR attribuisce all’Interessato l’esercizio di diversi diritti con riferimento ai dati personali che lo riguardano.;GDPR;no;DSGVO;Datenschutz-Grundverordnung;;der DSGVO weisen der betroffener der Ausübung verschieden Recht in Bezug auf der ihm zugehörig personenbezogen Datum zu 
abbreviated forms;16;initialism;Il GDPR prevede che, qualora i dati personali siano trattati per finalità di marketing diretto, l’interessato ha il diritto di opporsi in qualsiasi momento al trattamento.;GDPR;no;DSGVO;Datenschutz-Grundverordnung;;-- der DSGVO sehen vor  dass der betroffen Person  wenn personenbezogen Datum zu Zweck der direkt Marketing verarbeiten werden  jederzeit der Recht haben  sich der Verarbeitung zu widersetzen  
abbreviated forms;16;initialism;La presente Privacy Policy è resa nel rispetto dell'articolo 13 del GDPR 2016/679.;GDPR;no;DSGVO;Datenschutz-Grundverordnung;;der vorliegend Privacy-policy-Gesellmachung werden unter Beachtung von Artikel 13 der DSGVO 2016  679 vornehmen 
abbreviated forms;17;acronym;La s.a.s., nell'ordinamento italiano, è una società di persone che può esercitare sia attività commerciale sia attività non commerciale.;s.a.s.;yes;KG;Kommanditgesellschaft;;-- der italienisch Gesellschaft sein in italienisch Rechtsordnung ein Personengesellschaft  der sowohl Handelstätigkeit als auch nicht Handelstätigkeit ausüben können  
abbreviated forms;17;acronym;La ragione sociale deve contenere il nome di almeno uno dei soci accomandatari e l’indicazione che si tratta di una s.a.s.;s.a.s.;yes;KG;Kommanditgesellschaft;;-- der Firma muss der Name ein Komplementär und der Angabe  dass es sich um ein ges . 
abbreviated forms;17;acronym;A parte alcune eccezioni specifiche, le disposizioni del Codice civile in materia si applicano anche alle s.n.c. e alle s.a.s.;s.a.s.;yes;KG;Kommanditgesellschaft;;absehen von bestimmt besonderer Ausnahme werden der Bestimmung der Zivilgesetzbuch in dieser Bereich auch auf der Z.G.B. und auf der öffentlich Hand anwenden 
abbreviated forms;17;acronym;Con lo share-deal si acquista la partecipazione ad un’impresa, dunque per esempio quote di partecipazione di una s.n.c., s.r.l., s.p.a. o di una s.a.s.;s.a.s.;yes;KG;Kommanditgesellschaft;;-- mit der Shore-deal werden der Beteiligung an ein Unternehmen erwerben  also zu Beispiel Anteil an der Beteiligung ein S.N.G.  der s.p.a . oder ein S.A.S. 
abbreviated forms;17;acronym;Una s.a.s è una forma di società di persone che si distingue per la presenza di due categorie di soci: gli accomandatari e gli accomandanti.;s.a.s.;yes;KG;Kommanditgesellschaft;;-- ein S.G. sein ein Form von Personengesellschaft  der sich durch der Anwesenheit von zwei Kategorie von Gesellschafter unterscheiden  Komplementär und Kommanditist  
abbreviated forms;17;acronym + full form;La società in accomandita semplice (S.a.s.), nell'ordinamento italiano, è una società di persone che può esercitare sia attività commerciale sia attività non commerciale.;s.a.s.;yes;KG;Kommanditgesellschaft;;-- der Kommanditgesellschaft  S.A.S.  sein in der italienisch Rechtsordnung ein Personengesellschaft  der sowohl Handelstätigkeit als auch nicht gewerblich Tätigkeit ausüben können  
abbreviated forms;17;acronym + full form;Le società di persone si suddividono nelle seguenti tipologie: società semplice (s.s.), società in nome collettivo (s.n.c.) e società in accomandita semplice (s.a.s.).;s.a.s.;yes;KG;Kommanditgesellschaft;;-- Personengesellschaft werden in folgend Art unterteilen  einfach Gesellschaft  SW   offen Handelsgesellschaft  S.N.G.  und einfach Kommanditgesellschaft  S.G.   
abbreviated forms;17;acronym + full form;A parte alcune eccezioni specifiche, le disposizioni del Codice civile in materia si applicano anche alle s.n.c. (società in nome collettivo) e alle s.a.s. (società in accomandita semplice).;s.a.s.;yes;KG;Kommanditgesellschaft;;absehen von einiger spezifisch Ausnahme werden der Bestimmung der Zivilgesetzbuch in dieser Bereich auch auf der Gesellschaft  Offengeorganisation  und auf der Gesellschaft  einfach Kommanditgesellschaft  anwenden 
abbreviated forms;17;acronym + full form;Le società in accomandita semplice (s.a.s.) sono una forma giuridica particolarmente interessante per chi desidera avviare un’attività imprenditoriale in Italia.;s.a.s.;yes;KG;Kommanditgesellschaft;;-- der Kommanditgesellschaft  in der Folge einfach Kommanditgesellschaft  sein ein Rechtsform  der für der Bewerber ein unternehmerisch Tätigkeit in Italien besonders interessant sein  
abbreviated forms;17;acronym + full form;Una s.a.s., o società in accomandita semplice, è una forma di società di persone che si distingue per la presenza di due categorie di soci: gli accomandatari e gli accomandanti. ;s.a.s.;yes;KG;Kommanditgesellschaft;;-- ein Gesellschaft oder ein Kommanditgesellschaft sein ein Form von Personengesellschaft  der sich durch der Vorhandensein von zwei Kategorie von Gesellschafter unterscheiden  Komplementär und Kommanditist  
abbreviated forms;18;acronym;È importante quindi, al momento della compilazione della pratica Registro delle imprese, indicare sempre il CAP valido.;CAP;yes;PLZ;Postleitzahl;;-- bei der Erstellung der Handelsregister sein es daher immer wichtig  der gültig Kapazität angeben  
abbreviated forms;18;acronym;Si prega di indicare il CAP della sede legale dell'ente richiedente.;CAP;yes;PLZ;Postleitzahl;;-- es werden bitten  der Kappe der Rechtssitz der antragstellend Körperschaft angeben  
abbreviated forms;18;acronym;Per la corrispondenza indirizzata a casella postale deve essere indicato il CAP specifico associato all'Ufficio Postale in cui è ubicata la casella.;CAP;yes;PLZ;Postleitzahl;;-- für der an der Poststelle gerichtet Schriftverkehr muss der besonderer Kapazität angeben werden  der der Postamt  in der sich der Poststelle befinden  zuordnen sein  
abbreviated forms;18;acronym;Il CAP è il sistema di codifica delle località utilizzato negli indirizzi postali sul territorio italiano.;CAP;yes;PLZ;Postleitzahl;;-- der Kapazität sein der System zu Kodierung der Ort  der in der Postadresse auf der italienisch Gebiet verwenden werden  
abbreviated forms;18;acronym;Nella sezione Cliente sono da inserire tutti i dati relativi al cliente della Fattura: Ragione sociale, Indirizzo, Comune, CAP, Provincia, Note indirizzo, Paese, Partita IVA, Codice fiscale, Codice cliente (interno), Indirizzo e-mail.;CAP;yes;PLZ;Postleitzahl;;-- in der Abschnitt Kliente sein aller Datum über der Kunde der Gruppe eintragen  Sozialrechnung  Ausrichtung  Gemeinde  Kapitel  Land  Anmerkung für Adresse  Land  Mehrwertsteuer  Steuernummer  Kundenkodex  innerer   E-Mail-Adresse  
abbreviated forms;18;acronym;È importante quindi, al momento della compilazione della pratica Registro delle imprese, indicare sempre il C.A.P. valido.;C.A.P.;yes;PLZ;Postleitzahl;;-- bei der Erstellung der Handelsregister sein es daher immer wichtig  der gültig B.A.P. zu angeben  
abbreviated forms;18;acronym;Si prega di indicare il C.A.P. della sede legale dell'ente richiedente.;C.A.P.;yes;PLZ;Postleitzahl;;-- es werden bitten  der A.A.P.-Verfahren für der Rechtssitz der antragstellend Körperschaft angeben  
abbreviated forms;18;acronym;Per la corrispondenza indirizzata a casella postale deve essere indicato il C.A.P. specifico associato all'Ufficio Postale in cui è ubicata la casella.;C.A.P.;yes;PLZ;Postleitzahl;;-- für der an der Poststelle gerichtet Schriftverkehr muss der spezifisch  mit der Postamt  in der sich der Poststelle befinden  zusammengeschlossen B.A.P. angeben werden  
abbreviated forms;18;acronym;Il C.A.P. è il sistema di codifica delle località utilizzato negli indirizzi postali sul territorio italiano.;C.A.P.;yes;PLZ;Postleitzahl;;-- der C.A.P. sein der System zu Kodierung der Ort  der in der Postadresse auf italienisch Ebene verwenden werden  
abbreviated forms;18;acronym;Nella sezione Cliente sono da inserire tutti i dati relativi al cliente della Fattura: Ragione sociale, Indirizzo, Comune, C.A.P., Provincia, Note indirizzo, Paese, Partita IVA, Codice fiscale, Codice cliente (interno), Indirizzo e-mail.;C.A.P.;yes;PLZ;Postleitzahl;;-- in der Klientenabschnitt sein aller Datum über der Kunde der Faturschule eintragen  Sozialrechnung  Direktion  Gemeinde  C.A.P.  Land  Anschrift  Land  Mehrwertsteuernummer  Steuernummer  Kundenkodex  inne   E-Mail-Adresse  
abbreviated forms;19;initialism;Il processo di valutazione interna ed esterna del sistema educativo provinciale di istruzione e formazione viene definito attraverso il D.P.P. del 5 novembre 2012, n. 39.;D.P.P.;no;DLH;Dekret des Landeshauptmanns;;-- der Prozess der intern und extern Evaluation der Bildungssystem der Land werden durch der D.LH . von 5. November 2012  Nr. 39  definieren  
abbreviated forms;19;initialism;Per quanto riguarda le direttive per l'edilizia scolastica si consulti il D.P.P. 23 febbraio 2009, n. 10 e il Decreto del presidente della Giunta provinciale 4 marzo 1996, n. 13.;D.P.P.;no;DLH;Dekret des Landeshauptmanns;;-- was der Schulbaurichtlinie betreffen  werden der D.LH . von 23. Februar 2009  Nr. 10 und der Dekret der Landeshauptmann von 4. März 1996  Nr. 13  beratend anwenden  
abbreviated forms;19;initialism;Il D.P.P. 12.05.1999, n. 21, concerne la denominazione e le competenze degli uffici provinciali.;D.P.P.;no;DLH;Dekret des Landeshauptmanns;;-- der D.LH . von 12.05.1999  Nr. 21  betreffen der Benennung und der Aufgabe der Landesamt  
abbreviated forms;19;initialism;L'art. 25-bis non è mai stato impugnato dal governo e il ricorso degli ordini professionali della Provincia di Bolzano contro il D.P.P. 11/2004 è stato respinto dal Tribunale amministrativo regionale di Bolzano con sentenza 113/2008.;D.P.P.;no;DLH;Dekret des Landeshauptmanns;;Art . 25  bis werden von der Regierung nie angefochten und der Rekurs der Berufskammer der Provinz Bozen gegen der D.LH . 11  2004 werden von Regionalen Verwaltungsgericht Bozen mit Urteil 111  2007 abweisen 
abbreviated forms;19;initialism;Secondo l'art. 6 del D.P.P. n. 17/2020, il nuovo parcheggio deve essere progettato con una copertura del suolo permeabile e prevedere uno spazio per i mezzi di trasporto sostenibili.;D.P.P.;no;DLH;Dekret des Landeshauptmanns;;laut Art . 6 der D.LH . Nr. 17  2020 muss der neu Parkplatz mit ein durchlässig Bodendeckung planen werden und ein Platz für nachhaltig Transportmittel vorsehen 
abbreviated forms;19;initialism;Il processo di valutazione interna ed esterna del sistema educativo provinciale di istruzione e formazione viene definito attraverso il DPP del 5 novembre 2012, n. 39.;DPP;no;DLH;Dekret des Landeshauptmanns;;-- der Prozess der intern und extern Evaluation der Bildungssystem der Land werden durch der LZD von 5. November 2012  Nr. 39  definieren  
abbreviated forms;19;initialism;Per quanto riguarda le direttive per l'edilizia scolastica si consulti il DPP 23 febbraio 2009, n. 10 e il Decreto del presidente della Giunta provinciale 4 marzo 1996, n. 13.;DPP;no;DLH;Dekret des Landeshauptmanns;;-- was der Schulbaurichtlinie betreffen  werden der DLH von 23. Februar 2009  Nr. 10 und der Dekret der Landeshauptmann von 4. März 1996  Nr. 13  beratend anwanden  
abbreviated forms;19;initialism;Il DPP 12.05.1999, n. 21, concerne la denominazione e le competenze degli uffici provinciali.;DPP;no;DLH;Dekret des Landeshauptmanns;;-- der DLH von 12.05.1999  Nr. 21  betreffen der Benennung und der Aufgabe der Landesamt  
abbreviated forms;19;initialism;L'art. 25-bis non è mai stato impugnato dal governo e il ricorso degli ordini professionali della Provincia di Bolzano contro il DPP 11/2004 è stato respinto dal Tribunale amministrativo regionale di Bolzano con sentenza 113/2008.;DPP;no;DLH;Dekret des Landeshauptmanns;;Art . 25  bis werden von der Regierung nie angefochten und der Rekurs der Berufskammer der Provinz Bozen gegen der DLH 11  2004 werden von Regionalen Verwaltungsgericht Bozen mit Urteil 111  2007 abweisen 
abbreviated forms;19;initialism;Secondo l'art. 6 del DPP n. 17/2020, il nuovo parcheggio deve essere progettato con una copertura del suolo permeabile e prevedere uno spazio per i mezzi di trasporto sostenibili.;DPP;no;DLH;Dekret des Landeshauptmanns;;laut Art . 6 der DLH Nr. 17  2020 muss der neu Parkplatz mit ein durchlässig Bodendeckung planen werden und ein Platz für nachhaltig Transportmittel vorsehen 
abbreviated forms;20;initialism;L'evento, pensato principalmente per le PMI, esaminerà le recenti direttive dell'Unione europea in materia di sostenibilità e gli aspetti legati agli investimenti sostenibili.;PMI;no;KMU;Klein- und Mittelunternehmen;kleine und mittlere Unternehmen, Kleinstunternehmen sowie  kleine undmittlere Unternehmen;-- der Veranstaltung  der vorwiegend für KMU planen sein  überprüfen der neu Richtlinie der europäisch Union in Bereich Nachhaltigkeit und der Aspekt der nachhaltig Investition  
abbreviated forms;20;initialism;Le PMI interessate dovranno presentare dapprima la domanda di sovvenzione.;PMI;no;KMU;Klein- und Mittelunternehmen;kleine und mittlere Unternehmen, Kleinstunternehmen sowie  kleine undmittlere Unternehmen;der betroffen KMU müssen zunächst der Ansuchen um ein Förderung einreichen 
abbreviated forms;20;initialism;È previsto un contributo a favore delle PMI del valore massimo di 1.000 EUR per la registrazione di marchi, disegni e modelli.;PMI;no;KMU;Klein- und Mittelunternehmen;kleine und mittlere Unternehmen, Kleinstunternehmen sowie  kleine undmittlere Unternehmen;-- es sein ein Beitrag zugunsten von KMU bis zu ein Höchstbetrag von 1.000 EUR für der Eintragung von Marke  Zeichnung und Modell vorsehen  
abbreviated forms;20;initialism;La guida spiega, seguendo un approccio graduale, come determinare se un'impresa può essere considerata una PMI.;PMI;no;KMU;Klein- und Mittelunternehmen;kleine und mittlere Unternehmen, Kleinstunternehmen sowie  kleine undmittlere Unternehmen;-- der Leitfaden erläutern  wie man entscheiden  ob ein Unternehmen als KMU betrachten werden können  
abbreviated forms;20;initialism;Per l'azione 1 gli enti di ricerca non possono partecipare singolarmente ma devono essere in cooperazione con almeno una PMI.;PMI;no;KMU;Klein- und Mittelunternehmen;kleine und mittlere Unternehmen, Kleinstunternehmen sowie  kleine undmittlere Unternehmen;-- für der Aktion 1 dürfen sich Forschungseinrichtung nicht einzeln beteiligen  sondern müssen mit mindestens ein KMU zusammenarbeiten  
abbreviated forms;20;initialism;L'evento, pensato principalmente per le P.M.I., esaminerà le recenti direttive dell'Unione europea in materia di sostenibilità e gli aspetti legati agli investimenti sostenibili.;P.M.I.;no;KMU;Klein- und Mittelunternehmen;kleine und mittlere Unternehmen, Kleinstunternehmen sowie  kleine undmittlere Unternehmen;-- der Veranstaltung  der hauptsächlich für der M.L. planen sein  werden der neu Richtlinie der europäisch Union in Bereich Nachhaltigkeit und der Aspekt der nachhaltig Investition überprüfen  
abbreviated forms;20;initialism;Le P.M.I. interessate dovranno presentare dapprima la domanda di sovvenzione.;P.M.I.;no;KMU;Klein- und Mittelunternehmen;kleine und mittlere Unternehmen, Kleinstunternehmen sowie  kleine undmittlere Unternehmen;der betroffen M.H.s müssen zunächst der Gesuch um der Förderung einreichen 
abbreviated forms;20;initialism;È previsto un contributo a favore delle P.M.I. del valore massimo di 1.000 EUR per la registrazione di marchi, disegni e modelli.;P.M.I.;no;KMU;Klein- und Mittelunternehmen;kleine und mittlere Unternehmen, Kleinstunternehmen sowie  kleine undmittlere Unternehmen;-- es sein ein Beitrag zugunsten der M.L.H. mit ein Höchstwert von 1.000 EUR für der Registrierung von Marke  Zeichnung und Muster vorsehen  
abbreviated forms;20;initialism;La guida spiega, seguendo un approccio graduale, come determinare se un'impresa può essere considerata una P.M.I.;P.M.I.;no;KMU;Klein- und Mittelunternehmen;kleine und mittlere Unternehmen, Kleinstunternehmen sowie  kleine undmittlere Unternehmen;-- der Lehrgang erläutern  wie man entscheiden  ob ein Unternehmen als M.M.I. betrachten werden können  
abbreviated forms;20;initialism;Per l'azione 1 gli enti di ricerca non possono partecipare singolarmente ma devono essere in cooperazione con almeno una P.M.I.;P.M.I.;no;KMU;Klein- und Mittelunternehmen;kleine und mittlere Unternehmen, Kleinstunternehmen sowie  kleine undmittlere Unternehmen;-- für der Aktion 1 dürfen sich der Forschungseinrichtung nicht einzeln beteiligen  sondern müssen mit mindestens ein M.I.M. in Zusammenarbeit stehen  
abbreviated forms;20;initialism + full form;La categoria delle microimprese, delle piccole imprese e delle medie imprese (P.M.I.) è costituita da imprese che occupano meno di 250 persone.;P.M.I.;no;KMU;Klein- und Mittelunternehmen;kleine und mittlere Unternehmen, Kleinstunternehmen sowie  kleine undmittlere Unternehmen;-- der Kategorie der Kleinstunternehmen  der klein und mittlerer Unternehmen  M.M.I.  bestehen aus Unternehmen  der weniger als 250 Person beschäftigen  
abbreviated forms;20;initialism + full form;L'evento, pensato principalmente per le piccole e medie imprese (PMI), esaminerà le recenti direttive dell'Unione europea in materia di sostenibilità e gli aspetti legati agli investimenti sostenibili.;PMI;no;KMU;Klein- und Mittelunternehmen;kleine und mittlere Unternehmen, Kleinstunternehmen sowie  kleine undmittlere Unternehmen;-- der Veranstaltung  der vorwiegend für klein und mittlerer Unternehmen  KMU  planen sein  werden der neu Richtlinie der europäisch Union in Bereich Nachhaltigkeit und der Aspekt der nachhaltig Investition überprüfen  
abbreviated forms;20;initialism + full form;Le PMI (piccole e medie imprese) rappresentano la spina dorsale dell'economia del Tirolo e dell'Alto Adige.;PMI;no;KMU;Klein- und Mittelunternehmen;kleine und mittlere Unternehmen, Kleinstunternehmen sowie  kleine undmittlere Unternehmen;KMU  klein und mittlerer Unternehmen  stellen der Rückenlaufstelle der Wirtschaft Tirol und Südtirol dar 
abbreviated forms;20;initialism + full form;Si definisce PMI, e nel dettaglio microimpresa, piccola impresa e media impresa, l’impresa che a seguito della verifica dello status di associata, collegata o autonoma, rientra nei parametri in tabella.;PMI;no;KMU;Klein- und Mittelunternehmen;kleine und mittlere Unternehmen, Kleinstunternehmen sowie  kleine undmittlere Unternehmen;-- als KMU gelten  in Detail Kleinunternehmen  Kleinunternehmen und Mittelunternehmen  jener Unternehmen  der nach Überprüfung der Status als Mitglied  verbunden oder selbstständig  unter der Parameter in der Tabelle fallen  
abbreviated forms;20;initialism + full form;La categoria delle microimprese, delle piccole imprese e delle medie imprese (complessivamente definita PMI) è costituita da imprese che hanno meno di 250 occupati e hanno un fatturato annuo non superiore a 50 milioni di euro.;PMI;no;KMU;Klein- und Mittelunternehmen;kleine und mittlere Unternehmen, Kleinstunternehmen sowie  kleine undmittlere Unternehmen;-- der Kategorie der Kleinstunternehmen  der klein und mittlerer Unternehmen  insgesamt KMU nennen  bestehen aus Unternehmen  der weniger als 250 beschäftigter haben und ein Jahresumsatz von höchstens 50 Million Euro haben  
abbreviated forms;21;acronym;I fondi FESR sono destinati a ridurre gli squilibri regionali esistenti nell'Unione europea.;FESR;no;EFRE;Europäischer Fonds für regionale Entwicklung, Europäischer Regionalfonds;;-- der Fonds EFRE sein dazu bestimmen  regional Ungleichgewichtlichkeit in der europäisch Union zu verringern  
abbreviated forms;21;acronym;Quasi la metà dei fondi del FESR sono già stati attivati in provincia di Bolzano, per il periodo compreso tra il 2021 e il 2017.;FESR;no;EFRE;Europäischer Fonds für regionale Entwicklung, Europäischer Regionalfonds;;fast der Hälfte der Fonds der EFRE werden in Südtirol für der Zeitraum von 2021 bis 2017 bereits aktivieren 
abbreviated forms;21;acronym;Il FESR è uno dei Fondi strutturali e di investimento europei per l'attuazione della politica regionale comunitaria.;FESR;no;EFRE;Europäischer Fonds für regionale Entwicklung, Europäischer Regionalfonds;;der EFRE sein einer der europäisch Struktur und Investitionsfonds zu Umsetzung der regional Europapolitik 
abbreviated forms;21;acronym;Nella Provincia autonoma di Bolzano-Alto Adige le attività finanziate dal FESR vengono attuate tramite quattro assi tematici.;FESR;no;EFRE;Europäischer Fonds für regionale Entwicklung, Europäischer Regionalfonds;;in der autonom Provinz Bozen-Südtirol werden der von EFRE finanziert Tätigkeit über vier thematisch Achse durchführen 
abbreviated forms;21;acronym;Dal 16 gennaio al 31 marzo sarà possibile presentare proposte nell'ambito del FESR.;FESR;no;EFRE;Europäischer Fonds für regionale Entwicklung, Europäischer Regionalfonds;;von 16. Jänner bis 31. März können in Rahmen der EFRE Vorschlag einreichen werden 
abbreviated forms;21;acronym + full form;I fondi FESR (Fondo Europeo di Sviluppo Regionale) sono destinati a ridurre gli squilibri regionali esistenti nell'Unione europea.;FESR;no;EFRE;Europäischer Fonds für regionale Entwicklung, Europäischer Regionalfonds;;-- der Fonds EFRE  europäisch Fonds für regional Entwicklung  sein dazu bestimmen  der regional Ungleichgewichtsgewichtsbereich in der europäisch Union zu verringern  
abbreviated forms;21;acronym + full form;Quasi la metà dei fondi del FESR, Il Fondo europeo di sviluppo regionale, sono già stati attivati in provincia di Bolzano, per il periodo compreso tra il 2021 e il 2017.;FESR;no;EFRE;Europäischer Fonds für regionale Entwicklung, Europäischer Regionalfonds;;-- fast der Hälfte der Fonds der EFRE  der europäisch Fonds für regional Entwicklung  werden in Südtirol für der Zeitraum von 2021 bis 2017 bereits aktivieren  
abbreviated forms;21;acronym + full form;Il Fondo europeo per lo sviluppo regionale, in breve FESR, è uno dei Fondi strutturali e di investimento europei per l'attuazione della politica regionale comunitaria.;FESR;no;EFRE;Europäischer Fonds für regionale Entwicklung, Europäischer Regionalfonds;;-- der europäisch Fonds für regional Entwicklung  kurz EFRE  sein einer der europäisch Struktur und Investitionsfonds zu Umsetzung der Europapolitik  
abbreviated forms;21;acronym + full form;Nella Provincia autonoma di Bolzano-Alto Adige le attività finanziate dal FESR (Fondo europeo per lo sviluppo regionale) vengono attuate tramite quattro assi tematici.;FESR;no;EFRE;Europäischer Fonds für regionale Entwicklung, Europäischer Regionalfonds;;in der autonom Provinz Bozen-Südtirol werden der von EFRE  europäisch Fonds für regional Entwicklung  finanziert Tätigkeit über vier thematisch Achse durchführen 
abbreviated forms;21;acronym + full form;Dal 16 gennaio al 31 marzo sarà possibile presentare proposte nell'ambito del Fondo europeo per lo sviluppo regionale (FESR).;FESR;no;EFRE;Europäischer Fonds für regionale Entwicklung, Europäischer Regionalfonds;;von 16. Jänner bis 31. März können in Rahmen der europäisch Fonds für regional Entwicklung  EFRE  Vorschlag einreichen werden 
abbreviated forms;22;abbreviation;Nella relazione tenuta dall'avv. Maria Messner, presidentessa del Comitato provinciale per le pari opportunità, saranno fornite informazioni utili per una scelta più consapevole.;avv.;yes;RA;Rechtsanwalt, Anwalt;Advokat, Fürsprecher;-- in Bericht der vorsitzend der Landesbeirat für Chancengleichheit  V.A.M.M.M.S.  werden Information für ein bewusst Wahl übermitteln  
abbreviated forms;22;abbreviation;Il Presidente ha ricordato le battaglie ed i successi ottenuti dall'attuale Giunta, presieduta dall'avv. M. Rossi.;avv.;yes;RA;Rechtsanwalt, Anwalt;Advokat, Fürsprecher;-- der Präsident haben der von der derzeitig Landesregierung erworben Gegenstand und Erfolgsrechnung erinnern  der Vorsitz in der Vorsitzerlichkeit der V.M.Rosi  
abbreviated forms;22;abbreviation;I consulenti legali del Centro Tutela Consumatori Utenti, guidati dall'avv. Emanuele Boni e dall’avv. Oreste Bianchi, hanno richiesto che l'azione collettiva venga trattata secondo il diritto italiano.;avv.;yes;RA;Rechtsanwalt, Anwalt;Advokat, Fürsprecher;-- der Rechtsberater der Verbraucherzentrale  der von der V.A.E.uele Boni und von V.A.B.Bianchi führen werden  haben beantragen  dass der Klage gemäß italienisch Recht behandeln werden  
abbreviated forms;22;abbreviation;L'avv. Baldini si occupa principalmente di diritto civile ed in particolare di diritto immobiliare.;avv.;yes;RA;Rechtsanwalt, Anwalt;Advokat, Fürsprecher;der Überlassung zu Übernahme an der Hauptschule beschäftigen sich vorwiegend mit der Zivilrecht und insbesondere mit der Liegenschaftsrecht 
abbreviated forms;22;abbreviation;L' Avv. Roberto Zanoni si è laureato presso l'Università di Bologna e dal 2012 è iscritto all'albo degli avvocati di Bolzano.;avv.;yes;RA;Rechtsanwalt, Anwalt;Advokat, Fürsprecher;der Universität Bozen haben sich an Akademischen Studium für der Berufsbildung von Franzenswärter Bozen befinden und sein seit 2012 in Berufsverzeichnis der Rechtsanwalt von Bozen eintragen 
abbreviated forms;23;initialism;Il c. c. italiano attualmente in vigore è del 1942.;c.c.;yes;ZGB;Zivilgesetzbuch;BGB, Bürgerliches Gesetzbuch, ABGB, Allgemeines Bürgerliches Gesetzbuch;der derzeit in Kraft stehend italienisch ZGB sein 1942 geben 
abbreviated forms;23;initialism;Secondo l'art. 1321 del c.c. solo un rapporto giuridico patrimoniale può costituire il contenuto del contratto.;c.c.;yes;ZGB;Zivilgesetzbuch;BGB, Bürgerliches Gesetzbuch, ABGB, Allgemeines Bürgerliches Gesetzbuch;nach Art . 1321 ZGB . können nur ein vermögensrechtlich Rechtsverhältnis der Inhalt der Vertrag bilden 
abbreviated forms;23;initialism;Gli artt. 1401 e seguenti del c.c. analizzano la disciplina del contratto per persona da nominare.;c.c.;yes;ZGB;Zivilgesetzbuch;BGB, Bürgerliches Gesetzbuch, ABGB, Allgemeines Bürgerliches Gesetzbuch;der Artikel 1401 und folgend der ZGB  analysieren der Regelung der Vertrag für ein zu ernennend Person 
abbreviated forms;23;initialism;I manufatti costituenti opere di urbanizzazione realizzati dal Comune e dagli enti preposti possono essere realizzati in deroga alla distanza dal confine, fatto salvo quanto previsto dal c.c. e dalla normativa sovraordinata anche con riferimento alla distanza fra fabbricati.;c.c.;yes;ZGB;Zivilgesetzbuch;BGB, Bürgerliches Gesetzbuch, ABGB, Allgemeines Bürgerliches Gesetzbuch;-- der von der Gemeinde und der zuständig Körperschaft errichtet Erschließungsanlage können in Abweichung von Grenzabstand errichten werden  unbeschadet der Bestimmung der ZGB und der übergeordnet Bestimmung  auch in Bezug auf der Abstand zwischen der Gebäude  
abbreviated forms;23;initialism;Il nucleo centrale delle norme del diritto privato italiano è contenuto nel C.C. del 1942.;c.c.;yes;ZGB;Zivilgesetzbuch;BGB, Bürgerliches Gesetzbuch, ABGB, Allgemeines Bürgerliches Gesetzbuch;der Kernzentration der Bestimmung der italienisch Privatrecht sein in KKLG von 19442 enthalten 
abbreviated forms;23;initialism;Il CC italiano attualmente in vigore è del 1942.;CC;yes;ZGB;Zivilgesetzbuch;BGB, Bürgerliches Gesetzbuch, ABGB, Allgemeines Bürgerliches Gesetzbuch;der derzeit in Kraft stehend BKV sein 1942.
abbreviated forms;23;initialism;Secondo l'art. 1321 del CC solo un rapporto giuridico patrimoniale può costituire il contenuto del contratto.;CC;yes;ZGB;Zivilgesetzbuch;BGB, Bürgerliches Gesetzbuch, ABGB, Allgemeines Bürgerliches Gesetzbuch;nach Art . 1321 der BK können nur ein vermögensrechtlich Verhältnis der Inhalt der Vertrag bilden 
abbreviated forms;23;initialism;Gli artt. 1401 e seguenti del CC analizzano la disciplina del contratto per persona da nominare.;CC;yes;ZGB;Zivilgesetzbuch;BGB, Bürgerliches Gesetzbuch, ABGB, Allgemeines Bürgerliches Gesetzbuch;der Artikel 1401 und folgend der BA analysieren der Regelung der Vertrag für der zu ernennend Person 
abbreviated forms;23;initialism;I manufatti costituenti opere di urbanizzazione realizzati dal Comune e dagli enti preposti possono essere realizzati in deroga alla distanza dal confine, fatto salvo quanto previsto dal CC e dalla normativa sovraordinata anche con riferimento alla distanza fra fabbricati.;CC;yes;ZGB;Zivilgesetzbuch;BGB, Bürgerliches Gesetzbuch, ABGB, Allgemeines Bürgerliches Gesetzbuch;-- der von der Gemeinde und der zuständig Körperschaft errichtet Erschließungsanlage können in Abweichung von Grenzabstand errichten werden  unbeschadet der Bestimmung der BA und der übergeordnet Bestimmung auch in Bezug auf der Abstand zwischen der Gebäude  
abbreviated forms;23;initialism;Il nucleo centrale delle norme del diritto privato italiano è contenuto nel CC del 1942.;CC;yes;ZGB;Zivilgesetzbuch;BGB, Bürgerliches Gesetzbuch, ABGB, Allgemeines Bürgerliches Gesetzbuch;der Kernzentration der Bestimmung der italienisch Privatrecht sein in BA von 1942 enthalten 
abbreviated forms;24;initialism;Il CTU è nominato, con ordinanza, dal giudice, in tutti i casi in cui lo stesso reputi opportuno farsi assistere per il compimento di singoli atti o per l'intero processo.;CTU;yes;Amtssachverständiger;Sachverständiger, Gerichtssachverständiger;gerichtlicher Sachverständiger;-- der Straßenverkehrsvereinbarung werden von Gericht mit Beschluß in aller Fall ernennen  in der es es für zweckmäßig erachten  sich bei der Vornahme einzeln Handlung oder bei gesamt Verfahren beiwohnen zu lassen  
abbreviated forms;24;initialism;Un eventuale provvedimento di rigetto dell'istanza per la nomina del CTU deve essere adeguatamente motivato.;CTU;yes;Amtssachverständiger;Sachverständiger, Gerichtssachverständiger;gerichtlicher Sachverständiger;ein allfällig Maßnahme zu Ablehnung der Antrag auf Ernennung der Straßenverkehrsvereinigung muss angemessen begründen sein 
abbreviated forms;24;initialism;Un CTU è un ausiliare del giudice e il suo compito è aiutarlo a prendere decisioni chiarendo eventuali aspetti di natura tecnica.;CTU;yes;Amtssachverständiger;Sachverständiger, Gerichtssachverständiger;gerichtlicher Sachverständiger;-- ein GERG sein ein Hilfswerk der Gericht und sein Aufgabe sein es  ihm zu Erlass von Entscheidung beitragen  indem er allfällig technisch Aspekt klären  
abbreviated forms;24;initialism;Se il giudice accerta la necessità di rivolgersi a un esperto di una determinata materia, andrà a nominare un CTU.;CTU;yes;Amtssachverständiger;Sachverständiger, Gerichtssachverständiger;gerichtlicher Sachverständiger;-- stellen der Gericht fest  dass es notwendig sein  sich an ein Sachverständiger in ein bestimmt Sachgebiet zu wenden  so ernennen es ein CT  
abbreviated forms;24;initialism;Sebbene presso gli uffici giudiziari vi sia la prassi di far firmare al CTU il verbale di udienza nel quale presta giuramento e riceve l’incarico, si ritiene che ciò non sia necessario.;CTU;yes;Amtssachverständiger;Sachverständiger, Gerichtssachverständiger;gerichtlicher Sachverständiger;-- obwohl bei der Gericht der Praxis bestehen  dass der zertifiziert Verhandlungsniederschrift  in der sie der Eid leisten und der Auftrag erhalten  in der zertifiziert Verfahrenskammer unterzeichnen werden  werden dieser als nicht notwendig erachten  
abbreviated forms;24;initialism;Il C.T.U. è nominato, con ordinanza, dal giudice, in tutti i casi in cui lo stesso reputi opportuno farsi assistere per il compimento di singoli atti o per l'intero processo.;C.T.U.;yes;Amtssachverständiger;Sachverständiger, Gerichtssachverständiger;gerichtlicher Sachverständiger;-- der Einheitstext werden von Gericht mit Beschluß in aller Fall bestellen  in der es es für zweckmäßig erachten  sich bei der Vornahme einzeln Akt oder bei gesamt Verfahren beistehen zu lassen  
abbreviated forms;24;initialism;Un eventuale provvedimento di rigetto dell'istanza per la nomina del C.T.U. deve essere adeguatamente motivato.;C.T.U.;yes;Amtssachverständiger;Sachverständiger, Gerichtssachverständiger;gerichtlicher Sachverständiger;ein allfällig Verfügung über der Ablehnung der Antrag auf Ernennung der Einheitsverhältnis muss angemessen begründen sein 
abbreviated forms;24;initialism;Un C.T.U. è un ausiliare del giudice e il suo compito è aiutarlo a prendere decisioni chiarendo eventuali aspetti di natura tecnica.;C.T.U.;yes;Amtssachverständiger;Sachverständiger, Gerichtssachverständiger;gerichtlicher Sachverständiger;-- ein Einheitstext sein ein Hilfswerk der Gericht und sein Aufgabe sein es  ihm bei der Entscheidung allfällig technisch Aspekt zu klären  
abbreviated forms;24;initialism;Se il giudice accerta la necessità di rivolgersi a un esperto di una determinata materia, andrà a nominare un C.T.U.;C.T.U.;yes;Amtssachverständiger;Sachverständiger, Gerichtssachverständiger;gerichtlicher Sachverständiger;-- stellen der Gericht fest  dass es notwendig sein  sich an ein Sachverständiger in ein bestimmt Sachgebiet zu wenden  so ernennen es ein Einheit und Einheitsleiter  
abbreviated forms;24;initialism;Sebbene presso gli uffici giudiziari vi sia la prassi di far firmare al C.T.U. il verbale di udienza nel quale presta giuramento e riceve l’incarico, si ritiene che ciò non sia necessario.;C.T.U.;yes;Amtssachverständiger;Sachverständiger, Gerichtssachverständiger;gerichtlicher Sachverständiger;-- obwohl bei der Gerichtsamt der Praxis bestehen  der Verhandlungsprotokoll  in der sie der Eid leisten und der Auftrag erhalten  bei Einheits-Text unterzeichnen zu lassen  werden es als nicht notwendig erachten  
abbreviated forms;25;acronym;La figura del GIP è stata introdotta con l'attuale Codice di procedura penale.;GIP;yes;Richter für der Vorerhebung;;Untersuchungsrichter, Ermittlungsrichter;der Figur der BIS werden mit der derzeitig Strafprozessordnung einführen 
abbreviated forms;25;acronym;Il GIP non svolge indagini preliminari, ma sostanzialmente esercita il controllo sulle attività di ricerca della prova a garanzia dei diritti di coloro nei cui confronti tale attività viene effettuata.;GIP;yes;Richter für der Vorerhebung;;Untersuchungsrichter, Ermittlungsrichter;-- der GIS führen kein Vorerhebung durch  sondern üben in Wesentlichen der Kontrolle über der Probesuche zu Schutz der Recht jener aus  gegen der dieser Tätigkeit durchführen werden  
abbreviated forms;25;acronym;Fra i provvedimenti più importanti di competenza del GIP vi è l'ordinanza per l'applicazione di misure cautelari su richiesta o proposta del Pubblico Ministero.;GIP;yes;Richter für der Vorerhebung;;Untersuchungsrichter, Ermittlungsrichter;-- zu der wichtig Maßnahme  der in der Zuständigkeit der BIS fallen  gehören der Beschluss zu Anwendung von Sicherungsmaßnahme auf Antrag oder Vorschlag der Staatsanwaltschaft  
abbreviated forms;25;acronym;Il GIP esercita una funzione di garanzia e una di controllo.;GIP;yes;Richter für der Vorerhebung;;Untersuchungsrichter, Ermittlungsrichter;der BIS üben ein Garantieleistung und Kontrollfunktion aus 
abbreviated forms;25;acronym;Per i reati più gravi, prima del processo vero e proprio, chiamato «dibattimento», è prevista un'udienza preliminare davanti a un GIP.;GIP;yes;Richter für der Vorerhebung;;Untersuchungsrichter, Ermittlungsrichter;-- für der schwer Straftat sein vor der eigen Verfahren  der Verhandlung nennen werden  ein Vorverhandlung vor ein LZV vorsehen  
abbreviated forms;25;acronym;La figura del G.I.P. è stata introdotta con l'attuale Codice di procedura penale.;G.I.P.;yes;Richter für der Vorerhebung;;Untersuchungsrichter, Ermittlungsrichter;der Figur der G.A.S. werden mit der derzeitig Strafprozessordnung einführen 
abbreviated forms;25;acronym;Il G.I.P. non svolge indagini preliminari, ma sostanzialmente esercita il controllo sulle attività di ricerca della prova a garanzia dei diritti di coloro nei cui confronti tale attività viene effettuata.;G.I.P.;yes;Richter für der Vorerhebung;;Untersuchungsrichter, Ermittlungsrichter;-- der B.V.A.F. führen kein Vorerhebung durch  überwachen in Wesentliche aber der Tätigkeit der Probesuche zu Sicherung der Recht derjenige  gegen der dieser Tätigkeit durchführen werden  
abbreviated forms;25;acronym;Fra i provvedimenti più importanti di competenza del G.I.P. vi è l'ordinanza per l'applicazione di misure cautelari su richiesta o proposta del Pubblico Ministero.;G.I.P.;yes;Richter für der Vorerhebung;;Untersuchungsrichter, Ermittlungsrichter;-- zu der wichtig Maßnahme  der in der Zuständigkeit der G.A.S. fallen  gehören der Beschluss zu Anwendung von Sicherungsmaßnahme auf Antrag oder Vorschlag der Staatsanwaltschaft  
abbreviated forms;25;acronym;Il G.I.P. esercita una funzione di garanzia e una di controllo.;G.I.P.;yes;Richter für der Vorerhebung;;Untersuchungsrichter, Ermittlungsrichter;der B.V.A.S. üben ein Garantie und Kontrollfunktion aus 
abbreviated forms;25;acronym;"Per i reati più gravi, prima del processo vero e proprio, chiamato ""dibattimento"", è prevista un'udienza preliminare davanti a un G.I.P.";G.I.P.;yes;Richter für der Vorerhebung;;Untersuchungsrichter, Ermittlungsrichter;-- für der schwer Straftat sein vor der Verfahren  der   Diskurrenz   nennen werden  ein Vorverhandlung vor ein G.B.P.B. vorsehen  
abbreviated forms;25;acronym;La figura del Gip è stata introdotta con l'attuale Codice di procedura penale.;Gip;yes;Richter für der Vorerhebung;;Untersuchungsrichter, Ermittlungsrichter;der Figur der GIP werden mit der derzeitig Strafprozessordnung einführen 
abbreviated forms;25;acronym;Il Gip non svolge indagini preliminari, ma sostanzialmente esercita il controllo sulle attività di ricerca della prova a garanzia dei diritti di coloro nei cui confronti tale attività viene effettuata.;Gip;yes;Richter für der Vorerhebung;;Untersuchungsrichter, Ermittlungsrichter;-- der GIS führen kein Vorerhebung durch  sondern üben in Wesentlichen der Kontrolle über der Probesuche zu Schutz der Recht jener aus  gegen der dieser Tätigkeit durchführen werden  
abbreviated forms;25;acronym;Fra i provvedimenti più importanti di competenza del Gip vi è l'ordinanza per l'applicazione di misure cautelari su richiesta o proposta del Pubblico Ministero.;Gip;yes;Richter für der Vorerhebung;;Untersuchungsrichter, Ermittlungsrichter;-- zu der wichtig Maßnahme  der in der Zuständigkeit der GIS fallen  gehören der Beschluss zu Anwendung von Sicherungsmaßnahme auf Antrag oder Vorschlag der Staatsanwaltschaft  
abbreviated forms;25;acronym;Il Gip esercita una funzione di garanzia e una di controllo.;Gip;yes;Richter für der Vorerhebung;;Untersuchungsrichter, Ermittlungsrichter;der GIS üben ein Garantieleistung und Kontrollfunktion aus 
abbreviated forms;25;acronym;"Per i reati più gravi, prima del processo vero e proprio, chiamato ""dibattimento"", è prevista un'udienza preliminare davanti a un Gip.";Gip;yes;Richter für der Vorerhebung;;Untersuchungsrichter, Ermittlungsrichter;-- für der schwer Straftat sein vor der Wahrverfahren  der als   Diskurrenz   bezeichnen werden  ein Vorverhandlung vor ein G. 
