SOURCE_SHEET;TERM NUMBER;IT EXAMPLE;LEGAL DOMAIN;IT TERM;STANDARDISED/RECOMMENDED;TARGET HYPOTHESIS (DE SOUTH TYROL);OTHER TERMS SOUTH TYROL (CSV);TERMS FROM OTHER LEGAL SYTEMS (CSV);OPTIONS;opus
homonyms;1;Il locale di servizio per il custode e per i bidelli va collocato in prossimità e con visuale sull'ingresso principale.;administrative law;custode;yes;Hausmeister;;;Hausmeister, Verwahrer;Der Dienstraum für den Hausmeister und Schulwartinnen ist in der Nähe und mit Sicht am Haupteingang zu versehen.
homonyms;1;Il custode lavora nelle sedi di uffici e nelle scuole, dove svolge servizi di vigilanza, di pulizia e di manutenzione, nonché servizi ausiliari di segreteria, conformemente alle istruzioni delle professionalità superiori.;administrative law;custode;yes;Hausmeister;;;Hausmeister, Verwahrer;"""Der Hausmeister arbeitet in Büros und Schulen, wo er Aufsichts-, Reinigungs- und Instandhaltungsdienste sowie Hilfsdienste für das Sekretariat nach den Anweisungen des Vorgesetzten versieht."""
homonyms;1;In mancanza del custode oppure quando il dirigente ritiene necessario che venga coadiuvato da altro personale nello sgombero della neve, possono essere incaricati di questa operazione anche i bidelli.;administrative law;custode;yes;Hausmeister;;;Hausmeister, Verwahrer;"""Ist der Hausmeister fehlen oder erachtet der Leiter es für notwendig, dass er von anderem Personal bei der Schneeräumung unterstützt wird, können auch Schulwarte mit dieser Amtshandlung beauftragt werden."""
homonyms;1;In base alle rilevazioni del fabbisogno viene assegnata una persona con funzioni di custode unicamente alle scuole che per motivate ragioni presentano particolari esigenze strutturali e tecniche e purché vi sia un appartamento per il custode.;administrative law;custode;yes;Hausmeister;;;Hausmeister, Verwahrer;"""Aufgrund der Bedarfserhebungen wird eine Person mit Hausmeisterfunktion nur Schulen zugewiesen, die aus gerechtfertigten Gründen besondere strukturelle und technische Erfordernisse aufweisen und sofern eine Hausmeisterwohnung vorhanden ist."""
homonyms;1;Per il profilo professionale di custode si deve calcolare un impegno almeno parziale di attività di pulizia.;administrative law;custode;yes;Hausmeister;;;Hausmeister, Verwahrer;Für das Berufsbild Hausmeister/Hausmeisterin muss ein mindestens teilweiser Einsatz an Reinigungsarbeiten berechnet werden.
homonyms;2;Il compenso al custode è stabilito, con decreto, dal pretore nel caso di nomina fatta dall'ufficiale giudiziario, e in ogni altro caso dal giudice che l'ha nominato.;civil procedure law;custode;yes;Verwahrer;;gerichtlicher Verwahrer;Hausmeister, Verwahrer;"""Die Vergütung für den Verwahrer wird vom Bezirksgericht im Fall der Bestellung durch den Gerichtsvollzieher und in jedem anderen Fall durch das Gericht, das sie bestellt hat, mit Dekret festgesetzt."""
homonyms;2;I diritti amministrativi diversi da quelli previsti nel presente articolo spettano, nel caso di pegno o di usufrutto, sia al socio sia al creditore pignoratizio o all'usufruttuario mentre nel caso di sequestro sono esercitati dal custode.;civil procedure law;custode;yes;Verwahrer;;gerichtlicher Verwahrer;Hausmeister, Verwahrer;"""Die Verwaltungsrechte, die nicht in diesem Artikel vorgesehen sind, stehen im Fall eines Pfandrechts oder eines Fruchtgenussrechts sowohl dem Gesellschafter als auch dem Pfandgläubiger oder dem Fruchtnießer zu, während sie im Fall einer Beschlagnahme vom Verwahrer ausgeübt werden."""
homonyms;2;Nel caso di sequestro delle azioni il diritto di voto è esercitato dal custode.;civil procedure law;custode;yes;Verwahrer;;gerichtlicher Verwahrer;Hausmeister, Verwahrer;Im Falle der Beschlagnahme der Aktien wird das Stimmrecht vom Verwahrer ausgeübt.
homonyms;2;La conservazione e l'amministrazione dei beni pignorati o sequestrati sono affidate a un custode, quando la legge non dispone altrimenti.;civil procedure law;custode;yes;Verwahrer;;gerichtlicher Verwahrer;Hausmeister, Verwahrer;"""Die Erhaltung und Verwaltung der gepfändeten oder beschlagnahmten Sachen werden einem Verwahrer übertragen, wenn das Gesetz nichts anderes bestimmt."""
homonyms;2;Il giudice, d'ufficio o su istanza di parte, può disporre in ogni tempo la sostituzione del custode.;civil procedure law;custode;yes;Verwahrer;;gerichtlicher Verwahrer;Hausmeister, Verwahrer;Das Gericht kann von Amts wegen oder auf Antrag einer Partei jederzeit die Ersetzung des Verwahrers verfügen.
homonyms;3;Per sostenere l'avvio, il potenziamento e la riorganizzazione delle cooperative, la Provincia può promuovere la costituzione e lo sviluppo di cooperative di lavoro fra lavoratori che siano stati licenziati a seguito di fallimento o di altra procedura concorsuale.;insolvency law;procedura concorsuale;yes;Insolvenzverfahren;;;Wettbewerbsverfahren, Insolvenzverfahren;"""Um den Beginn, die Stärkung und die Reorganisation der Genossenschaften zu unterstützen, kann das Land die Gründung und Entwicklung von Arbeitsgenossenschaften unter Arbeitnehmern fördern, die infolge eines Konkurses oder eines anderen Wettbewerbsverfahrens entlassen worden sind."""
homonyms;3;Prima della scadenza del suo incarico l'amministratore giudiziario convoca e presiede l'assemblea per la nomina dei nuovi amministratori e sindaci o per proporre, se del caso, la messa in liquidazione della società o la sua ammissione ad una procedura concorsuale.;insolvency law;procedura concorsuale;yes;Insolvenzverfahren;;;Wettbewerbsverfahren, Insolvenzverfahren;"""Vor Ablauf seines Auftrages beruft der Gerichtsverwalter die Gesellschafterversammlung zur Bestellung neuer Verwalter und Überwachungsratsmitglieder ein und führt den Vorsitz, oder er schlägt gegebenenfalls die Auszahlung der Gesellschaft oder deren Zulassung zu einem Wettbewerbsverfahren vor."""
homonyms;3;Non sono ammesse alle agevolazioni i soggetti in stato di scioglimento o liquidazione volontaria o sottoposti a procedure concorsuali, quali fallimento, liquidazione coatta amministrativa, concordato preventivo, amministrazione controllata o straordinaria.;insolvency law;procedura concorsuale;yes;Insolvenzverfahren;;;Wettbewerbsverfahren, Insolvenzverfahren;"""Nicht förderfähig sind Personen, die sich in Auflösung oder freiwilliger Liquidation befinden oder einem Wettbewerbsverfahren unterworfen sind, wie Konkurs, Zwangsliquidation im Verwaltungsweg, Ausgleich, Aufsichtsverwaltung oder außerordentliche Verwaltung."""
homonyms;3;Nel caso in cui l’impresa capofila sia soggetta a scioglimento o liquidazione volontaria oppure sia sottoposta a procedure concorsuali, una delle imprese aderenti, in accordo con le altre imprese coinvolte nel progetto, può assumere le funzioni di impresa capofila.;insolvency law;procedura concorsuale;yes;Insolvenzverfahren;;;Wettbewerbsverfahren, Insolvenzverfahren;"""Falls das federführende Unternehmen der Auflösung oder freiwilligen Liquidation unterworfen ist oder ein Wettbewerbsverfahren unterzogen wird, kann eines der Partnerunternehmen, in Absprache mit den anderen am Projekt beteiligten Unternehmen, die Funktion eines federführenden Unternehmens übernehmen."""
homonyms;3;Possono beneficiare delle agevolazioni le cooperative di produzione e lavoro composte per almeno il 60 per cento da lavoratori che siano stati licenziati a seguito di fallimento o di altra procedura concorsuale o di chiusura definitiva dell'azienda.;insolvency law;procedura concorsuale;yes;Insolvenzverfahren;;;Wettbewerbsverfahren, Insolvenzverfahren;"""Anspruch auf die Förderung haben Produktions- und Arbeitsgenossenschaften, die zu mindestens 60 Prozent aus Arbeitnehmern bestehen, die aufgrund eines Konkurses oder eines anderen Wettbewerbsverfahrens oder endgültiger Schließung des Betriebes entlassen worden sind."""
homonyms;4;Per i collaboratori all'integrazione presso le strutture scolastiche, di seguito denominati personale d’integrazione provinciale, vengono effettuate procedure concorsuali per il conseguimento dell’idoneità.;administrative law;procedura concorsuale;yes;Wettbewerbsverfahren;;;Wettbewerbsverfahren, Insolvenzverfahren;"""Für Mitarbeiter für Integration in den schulischen Einrichtungen, in der Folge Landesintegrationspersonal genannt, werden Wettbewerbsverfahren zur Erlangung der Eignung durchgeführt."""
homonyms;4;Nel bando può essere inoltre stabilito che il personale deve avere una determinata precedenza per l’anzianità di servizio nella graduatoria per l’ammissione alla procedura concorsuale.;administrative law;procedura concorsuale;yes;Wettbewerbsverfahren;;;Wettbewerbsverfahren, Insolvenzverfahren;"""In der Ausschreibung kann außerdem festgelegt werden, dass das Personal in der Rangordnung für die Zulassung zum Wettbewerbsverfahren einen bestimmten Vorrang für das Dienstalter haben muss."""
homonyms;4;La partecipazione alla procedura concorsuale è obbligatoria per il personale ammesso.;administrative law;procedura concorsuale;yes;Wettbewerbsverfahren;;;Wettbewerbsverfahren, Insolvenzverfahren;Die Teilnahme am Wettbewerbsverfahren ist für das zugelassene Personal verpflichtend.
homonyms;4;In caso di procedure concorsuali con posti riservati esclusivamente al gruppo linguistico ladino, uno dei membri della commissione esaminatrice appartiene al gruppo linguistico ladino.;administrative law;procedura concorsuale;yes;Wettbewerbsverfahren;;;Wettbewerbsverfahren, Insolvenzverfahren;"""Im Falle von Wettbewerbsverfahren mit Stellen, die ausschließlich der ladinischen Sprachgruppe vorbehalten sind, gehört eines der Mitglieder der Prüfungskommission der ladinischen Sprachgruppe an."""
homonyms;4;Per una procedura concorsuale, in caso di necessità, possono essere nominate due o più commissioni esaminatrici.;administrative law;procedura concorsuale;yes;Wettbewerbsverfahren;;;Wettbewerbsverfahren, Insolvenzverfahren;"""Für ein Wettbewerbsverfahren können, falls notwendig, zwei oder mehr Prüfungskommissionen ernannt werden."""
homonyms;5;Per le cause indicate dall'articolo precedente l'autorità amministrativa, nei limiti e con le forme stabiliti da leggi speciali, può sottoporre a particolari vincoli od obblighi di carattere temporaneo le aziende commerciali e agricole.;civil law;vincolo;yes;Beschränkung;;;Bindung, Beschränkung;Aus den im vorhergehenden Artikel bezeichneten Gründen kann die Verwaltungsbehörde in dem von Sondergesetzen festgesetzten Rahmen und in der von ihnen festgesetzten Form den Handels- und Landwirtschaftsbetrieben besonderen Beschränkungen oder zeitweiligen Pflichten unterworfen werden.
homonyms;5;Il compratore può sospendere il pagamento del prezzo, se la cosa venduta risulta gravata da garanzie reali o da vincoli derivanti da pignoramento o da sequestro, non dichiarati dal venditore e dal compratore stesso ignorati.;civil law;vincolo;yes;Beschränkung;;;Bindung, Beschränkung;"""Der Käufer kann die Zahlung des Preises aussetzen, wenn sich die verkaufte Sache durch dingliche Sicherheiten oder durch Bindungen, die aus der Pfändung oder Beschlagnahme herrühren und nicht vom Verkäufer und vom Käufer selbst für unbekannt erklärt worden sind, belastet erhält."""
homonyms;5;Il pegno, il sequestro, il pignoramento e ogni altro vincolo sul diritto menzionato in un titolo di credito o sulle merci da esso rappresentate non hanno effetto se non si attuano sul titolo.;civil law;vincolo;yes;Beschränkung;;;Bindung, Beschränkung;"""Das Pfandrecht, die Beschlagnahme, die Pfändung und jede andere Bindung an dem in einem Wertpapier oder an den von ihm vertretenen Waren erwähnten Recht haben keine Wirkung, wenn sie nicht auf dem Papier erfolgen."""
homonyms;5;La seconda sezione del Consiglio di Stato, con sentenza n. 5610 del 29 luglio 2021, ha spiegato quando i vincoli hanno valenza conformativa del diritto di proprietà.;civil law;vincolo;yes;Beschränkung;;;Bindung, Beschränkung;"""Die zweite Sektion des Staatsrates hat mit Urteil Nr. 5610 vom 29. Juli 2021 erläutert, wenn die Bindungen das Eigentumsrecht angemessen wichtig haben."""
homonyms;5;La trasmissione o il vincolo dell'ipoteca per cessione, surrogazione, pegno, postergazione di grado o costituzione in dote del credito ipotecario, nonché per sequestro, pignoramento o assegnazione del credito medesimo si deve annotare in margine all'iscrizione dell'ipoteca.;civil law;vincolo;yes;Beschränkung;;;Bindung, Beschränkung;"""Die Übertragung oder die Bindung der Hypothek wegen Abtretung, Einsetzung, Pfandrechts, Nachfolge der Stufe oder Bestellung der Mittel der Hypothekarkredit sowie wegen Beschlagnahme, Pfändung oder Zuweisung der Forderung ist am Rand der Einschreibung der Hypothek anzumerken."""
homonyms;6;Il contratto preliminare crea un vincolo tra le parti, obbligate alla futura sottoscrizione di un contratto definitivo.;civil law;vincolo;yes;Bindung;;;Bindung, Beschränkung;"""Der Vorvertrag schafft eine Bindung zwischen den Parteien, die zur zukünftigen Unterzeichnung eines endgültigen Vertrages verpflichtet sind."""
homonyms;6;L'affinità è il vincolo che si crea tra un coniuge e i parenti dell'altro coniuge.;civil law;vincolo;yes;Bindung;;;Bindung, Beschränkung;"""Die Schwägerschaft ist die Bindung, die zwischen einem Ehegatten und den Verwandten des anderen Ehegatten geschaffen wird."""
homonyms;6;Nei contratti con più di due parti, la nullità che colpisce il vincolo di una sola delle parti non importa nullità del contratto, salvo che la partecipazione di essa debba, secondo le circostanze, considerarsi essenziale.;civil law;vincolo;yes;Bindung;;;Bindung, Beschränkung;"""Bei Verträgen mit mehr als zwei Parteien bewirkt die Nichtigkeit, die die Bindung nur einer der Parteien betrifft, keine Nichtigkeit des Vertrages, es sei denn, dass die Beteiligung des Vertrages je nach den Umständen als wesentlich zu betrachten ist."""
homonyms;6;Se alla promessa non è apposto un termine, il vincolo del promittente cessa, qualora entro l'anno dalla promessa non gli sia stato comunicato l'avveramento della situazione o il compimento dell'azione prevista nella promessa.;civil law;vincolo;yes;Bindung;;;Bindung, Beschränkung;"""Wenn dem Versprechen keine Frist beigelegt wird, endet die Bindung des Versprechenden, wenn ihm nicht innerhalb eines Jahres ab dem Versprechen das Eintreten der Situation oder die im Versprechen vorgesehene Handlung mitgeteilt worden ist."""
homonyms;6;Né la Costituzione né il codice civile definiscono il matrimonio, ma dalle disposizioni di legge si può ricavare che si tratta di un vincolo che unisce due persone e che attribuisce ai coniugi uno status giuridico ben preciso.;civil law;vincolo;yes;Bindung;;;Bindung, Beschränkung;"""Die Verfassung und der Zivilgesetzbuch bestimmen weder die Ehe, sondern aus den gesetzlichen Bestimmungen kann sich hervorgehen, dass es sich um eine Bindung handelt, die zwei Personen zusammenfügt und den Ehegatten einen gut genauen Rechtsstatus zuerkennt."""
homonyms;7;In caso contrario, deve procedersi senza indugio all'annullamento delle azioni e alla corrispondente riduzione del capitale.;company law;annullamento;no;Vernichtung;;Kraftloserklärung von Aktien, Wirksamwerden der Kapitalherabsetzung;Vernichtung, Nichtigerklärung, Aufhebung;Andernfalls ist die Nichtigerklärung der Aktien und die entsprechende Herabsetzung des Kapitals unverzüglich vorzunehmen.
homonyms;7;L'atto costitutivo può prevedere, salvo in ogni caso quanto disposto dal quinto comma dell'articolo 2346, che per effetto dell'annullamento delle azioni disposto nel presente comma si determini una loro diversa ripartizione tra i soci.;company law;annullamento;no;Vernichtung;;Kraftloserklärung von Aktien, Wirksamwerden der Kapitalherabsetzung;Vernichtung, Nichtigerklärung, Aufhebung;"""Der Gründungsakt kann in jedem Fall vorsehen, dass auf Grund der in diesem Absatz verfügten Nichtigerklärung der Aktien eine andere Aufteilung der Aktien unter den Gesellschaftern vorgenommen wird, vorbehaltlich der Bestimmung des fünften Absatzes des Artikels 2346."""
homonyms;7;L’annullamento comporta anche l’eliminazione della riserva negativa che era stata appostata nel patrimonio netto a fronte dell'acquisto delle azioni.;company law;annullamento;no;Vernichtung;;Kraftloserklärung von Aktien, Wirksamwerden der Kapitalherabsetzung;Vernichtung, Nichtigerklärung, Aufhebung;"""Die Nichtigerklärung bewirkt auch die Beseitigung der negativen Rücklage, die beim Ankauf der Aktien in das Eigenkapital eingebracht war."""
homonyms;7;In caso di riduzione del capitale sociale mediante annullamento di azioni proprie, la differenza positiva o negativa tra il costo delle azioni annullate e la corrispondente quota del patrimonio netto non concorre alla formazione del reddito.;company law;annullamento;no;Vernichtung;;Kraftloserklärung von Aktien, Wirksamwerden der Kapitalherabsetzung;Vernichtung, Nichtigerklärung, Aufhebung;Im Falle einer Herabsetzung des Gesellschaftskapitals durch Nichtigerklärung eigener Aktien trägt die positive oder negative Differenz zwischen den Kosten der für nichtig erklärten Aktien und dem entsprechenden Anteil am Eigenkapital nicht zur Ertragserlangung bei.
homonyms;7;Nella determinazione del reddito delle società partecipanti alla scissione non si tiene conto dell'avanzo o del disavanzo conseguenti al rapporto di cambio delle azioni o quote ovvero all'annullamento di azioni o quote a norma dell'art. 2504 novies del codice civile.;company law;annullamento;no;Vernichtung;;Kraftloserklärung von Aktien, Wirksamwerden der Kapitalherabsetzung;Vernichtung, Nichtigerklärung, Aufhebung;"""Bei der Bestimmung des Einkommens der an der Spaltung beteiligten Gesellschaften wird der Überschuss oder der Fehlbetrag, der sich aus dem Umwandlungsverhältnis der Aktien oder Anteile oder aus der Nichtigerklärung von Aktien oder Anteilen gemäß Artikel 2504 nevies des Zivilgesetzbuches ergibt, nicht berücksichti"""
homonyms;8;La ricorrente sostiene che non esistono nella giurisprudenza di questa Corte precedenti favorevoli all'estensione di tale potere governativo di annullamento anche agli atti delle Regioni e Province autonome.;administrative law;annullamento;yes;Aufhebung;Annullierung;Rücknahme mit Rückwirkung, ex-tunc-Rücknahme;Vernichtung, Nichtigerklärung, Aufhebung;"""Die Beschwerdeführung erwähnt, dass es in der Rechtsprechung dieses Rechtsgerichtes vorher nicht zu Gunsten der Ausdehnung dieser Regierungsbefugnis gehört, die auch auf die Akte der Regionen und autonomen Provinzen aufheben sollte."""
homonyms;8;L’annullabilità e l’annullamento degli atti amministrativi costituisce ancora oggi il principale strumento di effettività del diritto amministrativo a garanzia dei fondamentali valori costituzionali sul buon andamento e l’imparzialità della pubblica amministrazione.;administrative law;annullamento;yes;Aufhebung;Annullierung;Rücknahme mit Rückwirkung, ex-tunc-Rücknahme;Vernichtung, Nichtigerklärung, Aufhebung;"""Die Nichtigerklärung und die Nichtigerklärung der Verwaltungsakte stellt heute noch das wichtigste Instrument der Wirklichkeit des Verwaltungsrechts dar, um die grundlegenden verfassungsrechtlichen Werte für die gute Abwicklung und Unparteilichkeit der öffentlichen Verwaltung zu gewährleisten."""
homonyms;8;Per i contributi erogati si procede alla verifica, anche a campione, della veridicità di quanto dichiarato e, in caso di dichiarazione non veritiera, all'annullamento dell'atto di concessione del contributo e al recupero delle somme erogate.;administrative law;annullamento;yes;Aufhebung;Annullierung;Rücknahme mit Rückwirkung, ex-tunc-Rücknahme;Vernichtung, Nichtigerklärung, Aufhebung;"""Für die ausgezahlten Beiträge wird, auch stichprobenartig, die Wahrheit der Erklärungen überprüft und, im Falle einer falschen Erklärung, die Aufhebung des Beitragsgewährungsaktes und die Rückforderung der ausgezahlten Beträge."""
homonyms;8;In caso di annullamento in giudizio del provvedimento così adottato, nell'esercitare nuovamente il suo potere l'amministrazione non può addurre per la prima volta motivi ostativi già emergenti dall'istruttoria del provvedimento annullato.;administrative law;annullamento;yes;Aufhebung;Annullierung;Rücknahme mit Rückwirkung, ex-tunc-Rücknahme;Vernichtung, Nichtigerklärung, Aufhebung;"""Im Falle der Nichtigerklärung der so getroffenen Verfügung vor Gericht kann die Verwaltung bei der neuen Ausübung ihrer Befugnisse keine erstmaligen Hinderungsgründe aufweisen, die sich aus der Bearbeitung der annullierten Verfügung ergeben."""
homonyms;8;Le associazioni iscritte nel registro di cui all’articolo 42 del testo unico, e successive modificazioni, possono intervenire nei giudizi riguardanti i minori stranieri non accompagnati e ricorrere in sede di giurisdizione amministrativa per l’annullamento di atti illegittimi.;administrative law;annullamento;yes;Aufhebung;Annullierung;Rücknahme mit Rückwirkung, ex-tunc-Rücknahme;Vernichtung, Nichtigerklärung, Aufhebung;"""Die im Register laut Artikel 42 des vereinheitlichten Textes, in geltender Fassung, eingetragenen Vereine können in Verfahren, die ausländische Minderjährige unbegleitet betreffen, eingreifen und bei der Verwaltungsgerichtsbarkeit zur Nichtigerklärung rechtswidriger Akte Rekurs einlegen."""
homonyms;9;L'annullamento del contratto può essere domandato solo dalla parte nel cui interesse è stabilito dalla legge.;law of obligations;annullamento;yes;Nichtigerklärung;;Anfechtung;Vernichtung, Nichtigerklärung, Aufhebung;"""Die Nichtigerklärung des Vertrages kann nur von der Partei beantragt werden, in deren Interesse sie vom Gesetz festgesetzt ist."""
homonyms;9;Il contraente, il cui consenso fu dato per errore, estorto con violenza o carpito con dolo, può chiedere l'annullamento del contratto secondo le disposizioni seguenti.;law of obligations;annullamento;yes;Nichtigerklärung;;Anfechtung;Vernichtung, Nichtigerklärung, Aufhebung;"""Der Vertragspartner, dessen Einwilligung wegen Irrtums, erpresst mit Zwang oder arglistig gegeben worden ist, kann die Nichtigerklärung des Vertrages nach den folgenden Bestimmungen beantragen."""
homonyms;9;Non può contrarre matrimonio la donna, se non dopo trecento giorni dallo scioglimento, dall'annullamento o dalla cessazione degli effetti civili del precedente matrimonio.;law of obligations;annullamento;yes;Nichtigerklärung;;Anfechtung;Vernichtung, Nichtigerklärung, Aufhebung;"""Eine Frau kann eine Ehe erst nach Ablauf von dreihundert Tagen ab Auflösung, Nichtigerklärung oder Erlöschen der zivilrechtlichen Wirkungen der vorhergehenden Ehe schließen."""
homonyms;9;L'errore sul motivo, sia esso di fatto o di diritto, è causa di annullamento della disposizione testamentaria, quando il motivo risulta dal testamento ed è il solo che ha determinato il testatore a disporre.;law of obligations;annullamento;yes;Nichtigerklärung;;Anfechtung;Vernichtung, Nichtigerklärung, Aufhebung;"""Der Irrtum über den Grund, sei er ein Sachverhalt oder ein Rechtsgrund, ist Grund für die Nichtigerklärung der testamentarischen Verfügung, wenn sich der Grund aus dem Testament ergibt und der einzige ist, der den Erblasser zu einer Verfügung bestimmt hat."""
homonyms;9;Il curatore dell'inabilitato per prodigalità può chiedere l'annullamento della donazione, anche se fatta nei sei mesi anteriori all'inizio del giudizio d'inabilitazione.;law of obligations;annullamento;yes;Nichtigerklärung;;Anfechtung;Vernichtung, Nichtigerklärung, Aufhebung;Der Masseverwalter des beschränkt Entmündigten kann die Nichtigerklärung der Schenkung auch in den sechs Monaten vor Beginn des Verfahrens auf beschränkte Entmündigung beantragen.
homonyms;10;Il contratto di noleggio è un accordo tra due parti, cioè il locatore, che concede il bene in uso, e il conduttore, che utilizza il bene, mediante cui si definisono le condizioni per l’uso temporaneo di un bene mobile. ;law of obligations;conduttore;yes;Bestandnehmer;;;Bestandnehmer, Mieter;"""Der Leihvertrag ist eine Vereinbarung zwischen zwei Parteien, d.h. dem Vermieter, der das zum Gebrauch bestimmte Gut gewährt, und dem Bestandnehmer, der das Gut nutzt, mit dem die Bedingungen für den vorübergehenden Gebrauch eines beweglichen Gutes festgelegt werden."""
homonyms;10;Se si tratta di cose mobili, le spese di conservazione e di ordinaria manutenzione sono, salvo patto contrario, a carico del conduttore.;law of obligations;conduttore;yes;Bestandnehmer;;;Bestandnehmer, Mieter;"""Handelt es sich um bewegliche Sachen, so gehen die Kosten für die Erhaltung und die ordentliche Instandhaltung, vorbehaltlich einer gegenteiligen Abmachung, zu Lasten des Bestandnehmers."""
homonyms;10;La locazione di immobili ad uso diverso da quello abitativo postula la concessione in godimento al conduttore di beni destinati ad attività economiche, sia relative al lavoro autonomo che a quello imprenditoriale.;law of obligations;conduttore;yes;Bestandnehmer;;;Bestandnehmer, Mieter;"""Die Miete von Liegenschaften, die nicht zur Wohnung dienen, bewirkt die Konzession, die dem Mieter von Gütern zur Verfügung steht, die für wirtschaftliche Tätigkeiten bestimmt sind, und zwar sowohl für die selbständige als auch für die unternehmerische Arbeit."""
homonyms;10;Il conduttore risponde della perdita e del deterioramento della cosa che avvengono nel corso della locazione, anche se derivanti da incendio, qualora non provi che siano accaduti per causa a lui non imputabile.;law of obligations;conduttore;yes;Bestandnehmer;;;Bestandnehmer, Mieter;"""Der Bestandnehmer haftet für den Verlust und die Verschlechterung der Sache, die während des Laufs des Bestandverhältnisses erfolgen, auch wenn sie aus einem Brand herrühren, wenn er nicht nachweist, dass sie aus einem von ihm nicht zu vertretenden Grund eingetreten sind."""
homonyms;10;Quando si tratta di cosa mobile stimata e l'assicurazione è stata fatta per valore uguale alla stima, cessa ogni responsabilità del conduttore in confronto del locatore, se questi è indennizzato dall'assicuratore.;law of obligations;conduttore;yes;Bestandnehmer;;;Bestandnehmer, Mieter;"""Handelt es sich um eine geschätzte bewegliche Sache und wurde die Versicherung zu einem Wert abgeschlossen, der der Schätzung entspricht, so erlischt jede Haftung des Bestandnehmers gegenüber dem Bestandgeber, wenn dieser vom Versicherer entschädigt wird."""
homonyms;11;Per i successivi piani di vendita il contingente delle abitazioni da cedere in proprietà ai conduttori viene fissato nella deliberazione di approvazione del piano di vendita.;law of obligations;conduttore;yes;Mieter;Mietpartei;;Bestandnehmer, Mieter;"""Für die nachfolgenden Verkaufsprogramme wird das Kontingent der Wohnungen, die an die Mieter abzutreten sind, im Beschluss über die Genehmigung des Verkaufsplanes festgelegt."""
homonyms;11;A pena di decadenza, i conduttori devono comunicare entro 60 giorni all'IPES se intendono acquistare le abitazioni in locazione o se eventualmente sono interessati a prendere in cambio un'altra abitazione in locazione.;law of obligations;conduttore;yes;Mieter;Mietpartei;;Bestandnehmer, Mieter;"""Bei sonstigem Verfall müssen die Mieter dem Wohnbauinstitut innerhalb von 60 Tagen mitteilen, ob sie die Mietwohnungen kaufen wollen oder ob sie eventuell an der Gegenübernahme einer anderen Mietwohnung interessiert sind."""
homonyms;11;Se l'abitazione era locata prima dell'evento calamitoso, al conduttore deve essere concesso il diritto a rientrare nell'alloggio.;law of obligations;conduttore;yes;Mieter;Mietpartei;;Bestandnehmer, Mieter;"""War die Wohnung vor der Naturkatastrophe vermietet, so ist dem Bestandnehmer das Recht zuerkannt werden, zur Wohnung zurückzukehren."""
homonyms;11;I conduttori che intendono avvalersi della riduzione del prezzo di cessione di cui all'articolo 122 devono presentare contestualmente alla comunicazione di cui al comma 2 apposita istanza, documentando il possesso dei requisiti generali per essere ammessi alle agevolazioni edilizie provinciali.;law of obligations;conduttore;yes;Mieter;Mietpartei;;Bestandnehmer, Mieter;"""Die Mieter, die die Reduzierung des Abtretungspreises laut Artikel 122 in Anspruch nehmen wollen, müssen zugleich mit der Mitteilung laut Absatz 2 einen entsprechenden Antrag einreichen, in dem sie nachweisen, dass sie die allgemeinen Voraussetzungen für die Zulassung zur Wohnbauförderung des Landes erfüllen."""
homonyms;11;L'IPES richiede all'Ufficio estimo della Provincia la determinazione del prezzo di cessione per quelle abitazioni in ordine alle quali i conduttori hanno manifestato la loro intenzione di acquisto.;law of obligations;conduttore;yes;Mieter;Mietpartei;;Bestandnehmer, Mieter;"""Das Wohnbauinstitut verlangt beim Schätzamt des Landes die Festsetzung des Abtretungspreises für jene Wohnungen, für die die Mieter ihre Kaufabsicht geäußert haben."""
homonyms;12;Se gli amministratori non provvedono a convocare l'assemblea dell'associazione, la convocazione può essere ordinata dal presidente del tribunale.;civil law;convocazione;yes;Einberufung;;;Vorladung, Einberufung;"""Wenn die Verwalter die Vereinigungsversammlung nicht einberufen, kann die Einberufung vom Präsidenten des Landesgerichts angeordnet werden."""
homonyms;12;La convocazione dell'assemblea deve essere affissa per non meno di trenta giorni consecutivi nei locali di maggior uso comune o negli spazi a tal fine destinati.;civil law;convocazione;yes;Einberufung;;;Vorladung, Einberufung;"""Die Einberufung der Gesellschafterversammlung muss für mindestens dreißig aufeinanderfolgende Tage in den Räumen, die für die gemeinsame Benützung am höchsten bestimmt sind, oder in den dafür vorgesehenen Räumen ausgehängt werden."""
homonyms;12;Lo statuto delle società che non fanno ricorso al mercato del capitale di rischio può consentire la convocazione mediante avviso comunicato ai soci con mezzi che garantiscano la prova dell'avvenuto ricevimento almeno otto giorni prima dell'assemblea.;civil law;convocazione;yes;Einberufung;;;Vorladung, Einberufung;"""Die Satzung der Gesellschaften, die sich nicht des Risikokapitalmarkts bedienen, kann die Einberufung durch Mitteilung an die Gesellschafter erlauben, die mindestens acht Tage vor der Gesellschafterversammlung mittels Mitteln über den Nachweis des erfolgten Erhalts mitgeteilt wird."""
homonyms;12;In mancanza delle formalità previste per la convocazione, l'assemblea si reputa regolarmente costituita, quando è rappresentato l'intero capitale sociale e partecipa all'assemblea la maggioranza dei componenti degli organi amministrativi e di controllo.;civil law;convocazione;yes;Einberufung;;;Vorladung, Einberufung;"""Bei Fehlen der für die Einberufung vorgesehenen Förmlichkeiten gilt die Gesellschafterversammlung als ordnungsgemäß gebildet, wenn das gesamte Gesellschaftskapital vertreten ist und die Mehrheit der Mitglieder der Verwaltungs- und Kontrollorgane an der Gesellschafterversammlung teilnimmt."""
homonyms;12;La convocazione su richiesta di soci non è ammessa per argomenti sui quali l'assemblea delibera, a norma di legge, su proposta degli amministratori o sulla base di un progetto o di una relazione da essi predisposta.;civil law;convocazione;yes;Einberufung;;;Vorladung, Einberufung;"""Die Einberufung auf Antrag von Gesellschaftern ist für Angelegenheiten, über die die Gesellschafterversammlung nach den gesetzlichen Bestimmungen auf Vorschlag der Verwalter oder auf Grund eines von ihnen ausgearbeiteten Planes oder Berichtes beschließt, nicht zulässig."""
homonyms;13;In caso di mancata comparizione dell'interessato per giustificati motivi, si provvede a nuova convocazione dell'udienza.;civil procedure law;convocazione;yes;Vorladung;;;Vorladung, Einberufung;"""Wird der Betroffene aus gerechtfertigten Gründen nicht erscheinen lassen, wird die Verhandlung erneut einberufen."""
homonyms;13;Con il provvedimento di sospensione cautelare di cui al comma precedente si procede anche alla contestuale contestazione per iscritto dell'addebito e alla convocazione del dipendente per l'audizione.;civil procedure law;convocazione;yes;Vorladung;;;Vorladung, Einberufung;Mit der im vorhergehenden Absatz vorgesehenen vorbeugenden zeitweiligen Enthebung wird auch die schriftliche Vorhaltung der Anschuldigung und die Einberufung des Bediensteten zur Anhörung vorgenommen.
homonyms;13;Quando la convocazione della controparte potrebbe pregiudicare l'attuazione del provvedimento, il presidente provvede con decreto motivato assunte ove occorra sommarie informazioni.;civil procedure law;convocazione;yes;Vorladung;;;Vorladung, Einberufung;"""Wenn die Einberufung der Gegenpartei die Durchführung der Verfügung beeinträchtigen könnte, verfügt der Präsident mit begründetem Dekret, falls zusätzliche Informationen erforderlich sind."""
homonyms;13;Il consulente tecnico che non risponde alla convocazione in tribunale decade dall’iscrizione all’albo.;civil procedure law;convocazione;yes;Vorladung;;;Vorladung, Einberufung;"""Der Sachverständige, der der Einberufung in das Landesgericht nicht nachkommt, verliert die Eintragung in das Berufsverzeichnis."""
homonyms;13;La convocazione in Tribunale è nel giorno in cui il Giudice dell’Esecuzione assegnatario della causa terrà l’udienza.;civil procedure law;convocazione;yes;Vorladung;;;Vorladung, Einberufung;"""Die Einberufung in das Landesgericht erfolgt am Tag, an dem das Gericht, dem der Rechtsstreit zugewiesen wurde, die Verhandlung abwickelt."""
homonyms;14;Le commissioni giudicatrici dell'esame di Stato per l'abilitazione all'esercizio della professione di dottore agronomo e dottore forestale nominate con decreto del Ministro dell'università e della ricerca scientifica e tecnologica sono composte da un presidente e da quattro liberi professionisti.;university law;commissione giudicatrice;yes;Prüfungskommission;;Prüfungsausschuss;Prüfungskommission, Bewertungskommission;"""Die Kommissionen für die Staatsprüfung zur Befähigung zur Ausübung des Berufes eines Agronomen und Forstmediziners, die mit Dekret des Ministers für Universität und Forschung ernannt werden, setzen sich aus einem Präsidenten und vier Freiberuflern zusammen."""
homonyms;14;L'approvazione della graduatoria dei candidati può recare una motivazione sintetica, attraverso il richiamo ai verbali della commissione giudicatrice e la verifica della regolarità delle operazioni della commissione stessa e, quindi, della legittimità della procedura concorsuale.;university law;commissione giudicatrice;yes;Prüfungskommission;;Prüfungsausschuss;Prüfungskommission, Bewertungskommission;Die Genehmigung der Rangordnung der Bewerber kann mittels Rückverweis auf die Niederschriften der Bewertungskommission und durch die Überprüfung der Ordnungsmäßigkeit der Amtshandlungen der Kommission und somit der Rechtmäßigkeit des Wettbewerbsverfahrens zusammenfassen.
homonyms;14;Il potere di controllo demandato all'amministrazione non le consente di ingerirsi nell'ambito dei poteri tecnico–discrezionali propri della commissione giudicatrice di un concorso.;university law;commissione giudicatrice;yes;Prüfungskommission;;Prüfungsausschuss;Prüfungskommission, Bewertungskommission;"""Die der Verwaltung übertragene Kontrollbefugnis lässt es nicht erlauben, sich im Rahmen der technischen und disziplinarrechtlichen Befugnisse der Prüfungskommission eines Wettbewerbs einzufügen."""
homonyms;14;Il diploma è rilasciato dall'assessorato provinciale competente in materia di formazione sanitaria ed è sottoscritto anche dal presidente della commissione giudicatrice.;university law;commissione giudicatrice;yes;Prüfungskommission;;Prüfungsausschuss;Prüfungskommission, Bewertungskommission;Das Diplom wird vom für die Ausbildung im Gesundheitswesen zuständigen Landesassessorat ausgestellt und auch vom Vorsitzenden der Prüfungskommission unterschrieben.
homonyms;14;L’organizzazione del concorso, la nomina della commissione giudicatrice e la vigilanza sul regolare e corretto espletamento della procedura concorsuale sono demandate alla direzione provinciale per le scuole a carattere statale in lingua italiana.;university law;commissione giudicatrice;yes;Prüfungskommission;;Prüfungsausschuss;Prüfungskommission, Bewertungskommission;"""Die Organisation des Wettbewerbs, die Ernennung der Prüfungskommission und die Aufsicht über die ordnungsgemäße und korrekte Durchführung des Wettbewerbsverfahrens werden der Landesdirektion für die italienischsprachigen Schulen staatlicher Art übertragen."""
homonyms;15;La verifica dell’offerta anomala sulla base delle giustificazioni presentate dalla ditta interessata spetta alla stessa commissione giudicatrice incaricata della valutazione tecnica, in quanto dotata delle necessarie competenze tecniche.;administrative law;commissione giudicatrice;yes;Bewertungskommission;Preisgericht;;Prüfungskommission, Bewertungskommission;"""Die Überprüfung des abweichenden Angebots auf der Grundlage der vom betroffenen Unternehmen vorgelegten Rechtfertigungen obliegt derselben mit der technischen Bewertung beauftragten Prüfungskommission, sofern sie über die erforderlichen Fachkenntnisse verfügt."""
homonyms;15;Ai fini della selezione della migliore offerta nelle procedure di aggiudicazione di contratti di appalti con il criterio dell’offerta economicamente più vantaggiosa, dopo la scadenza del termine per la presentazione delle offerte, è nominata una commissione giudicatrice.;administrative law;commissione giudicatrice;yes;Bewertungskommission;Preisgericht;;Prüfungskommission, Bewertungskommission;Zur Auswahl des besten Angebots in Verfahren zur Vergabe von Aufträgen nach dem Kriterium des wirtschaftlich günstigsten Angebots wird nach Ablauf der Frist für die Angebotsabgabe eine Prüfungskommission ernannt.
homonyms;15;Nell'appalto concorso la nomina di una commissione giudicatrice diversa dagli uffici dell'amministrazione appaltante non è obbligatoria, ma facoltativa.;administrative law;commissione giudicatrice;yes;Bewertungskommission;Preisgericht;;Prüfungskommission, Bewertungskommission;"""Beim Auftragsvergabewettbewerb ist die Ernennung einer anderen Prüfungskommission als der Ämter der Vergabeverwaltung nicht obligatorisch, sondern fakultativ."""
homonyms;15;Alla scelta dell’opera d’arte provvede una commissione giudicatrice nominata dall’amministrazione aggiudicatrice, composta da non più di cinque membri.;administrative law;commissione giudicatrice;yes;Bewertungskommission;Preisgericht;;Prüfungskommission, Bewertungskommission;"""Die Auswahl des Kunstwerks erfolgt durch eine vom öffentlichen Auftraggeber ernannte Prüfungskommission, die aus nicht mehr als fünf Mitgliedern besteht."""
homonyms;15;Sono impugnati i commi 2 e 3 dell'art. 84, i quali dettano norme sulle funzioni, sulla composizione e sulla modalità di nomina dei componenti della Commissione giudicatrice incaricata di esprimersi nell'ipotesi di aggiudicazione con il criterio dell'offerta economicamente più vantaggiosa.;administrative law;commissione giudicatrice;yes;Bewertungskommission;Preisgericht;;Prüfungskommission, Bewertungskommission;"""Die Absätze 2 und 3 des Artikels 84, die Bestimmungen über die Funktionen, die Zusammensetzung und die Modalitäten für die Ernennung der Mitglieder der Bewertungskommission festlegen, die beauftragt sind, sich im Fall der Zuschlagserteilung nach dem Kriterium des wirtschaftlich günstigsten Angebots zu äußern"""
homonyms;16;I creditori particolari di uno dei coniugi, anche se il credito è sorto anteriormente al matrimonio, possono soddisfarsi in via sussidiaria sui beni della comunione, fino al valore corrispondente alla quota del coniuge obbligato.;civil law;creditore particolare;yes;Einzelgläubiger;;;Einzelgläubiger, Privatgläubiger;"""Die Privatgläubiger eines der Ehegatten können sich, auch wenn die Forderung vor der Eheschließung entstanden ist, subsidiär auf den Sachen der Gütergemeinschaft bis zu dem Wert befriedigen, der dem Anteil des verpflichteten Ehegatten entspricht."""
homonyms;16;La questione viene in evidenza ogni qualvolta la procedura esecutiva sia intrapresa con riferimento ad un cespite comune dal creditore particolare del singolo coniuge.;civil law;creditore particolare;yes;Einzelgläubiger;;;Einzelgläubiger, Privatgläubiger;"""Die Frage wird immer dann aufgezeigt, wenn das Vollstreckungsverfahren mit Bezug auf einen vom Privatgläubiger des einzelnen Ehegatten gemeinsam eingegangenen Vermögen aufgenommen wird."""
homonyms;16;Il bene facente parte della comunione legale deve essere pignorato per l’intero anche quando ad agire è il creditore particolare del coniuge.;civil law;creditore particolare;yes;Einzelgläubiger;;;Einzelgläubiger, Privatgläubiger;"""Die Sache, die Teil der gesetzlichen Gütergemeinschaft ist, muss für die gesamte Sache gepfändet werden, auch wenn der Ehegatte als Einzelgläubiger tätig ist."""
homonyms;16;Deve essere notificato atto di avviso ex art. 498 del cpc anche ai creditori particolari del coniuge non obbligato.;civil law;creditore particolare;yes;Einzelgläubiger;;;Einzelgläubiger, Privatgläubiger;Es ist auch den besonderen Gläubigern des nicht verpflichteten Ehegatten eine Benachrichtigung gemäß Art. 498 des ZPO zuzustellen.
homonyms;16;La sentenza in esame affronta il problema se il creditore particolare può agire esecutivamente sui beni rientranti nella comunione legale dei coniugi.;civil law;creditore particolare;yes;Einzelgläubiger;;;Einzelgläubiger, Privatgläubiger;"""Das vorgesehene Urteil begegnet die Frage, wenn der Privatgläubiger auf die in die gesetzliche Gütergemeinschaft der Ehegatten fallenden Sachen vollstreckbar vorgehen kann."""
homonyms;17;Il creditore particolare del socio, finché dura la società, può far valere i suoi diritti sugli utili spettanti al debitore e compiere atti conservativi sulla quota spettante a quest'ultimo nella liquidazione.;commercial law;creditore particolare;yes;Privatgläubiger;;;Einzelgläubiger, Privatgläubiger;"""Der Privatgläubiger des Gesellschafters kann, solange die Gesellschaft besteht, seine Rechte auf den dem Schuldner zustehenden Gewinn geltend machen und Rechtshandlungen zur Sicherung des Anteils vornehmen, den dieser bei der Liquidation zusteht."""
homonyms;17;Parimenti è escluso di diritto il socio nei cui confronti un suo creditore particolare abbia ottenuto la liquidazione della quota a norma dell'articolo 2270.;commercial law;creditore particolare;yes;Privatgläubiger;;;Einzelgläubiger, Privatgläubiger;"""Ebenso ist von Rechts wegen ein Gesellschafter ausgeschlossen, gegen den ein besonderer Gläubiger die Auszahlung des Anteils gemäß Artikel 2270 erhalten hat."""
homonyms;17;In caso di proroga tacita ciascun socio può sempre recedere dalla società, dando preavviso a norma dell'articolo 2285, e il creditore particolare del socio può chiedere la liquidazione della quota del suo debitore a norma dell'articolo 2270.;commercial law;creditore particolare;yes;Privatgläubiger;;;Einzelgläubiger, Privatgläubiger;"""Im Falle einer stillschweigenden Verlängerung kann jeder Gesellschafter immer aus der Gesellschaft zurücktreten, wobei er gemäß Artikel 2285 Vorankündigung macht, und der Privatgläubiger des Gesellschafters kann die Auszahlung des Anteils seines Schuldners gemäß Artikel 2270 beantragen."""
homonyms;17;Per la durata del consorzio i consorziati non possono chiedere la divisione del fondo, e i creditori particolari dei consorziati non possono far valere i loro diritti sul fondo medesimo.;commercial law;creditore particolare;yes;Privatgläubiger;;;Einzelgläubiger, Privatgläubiger;"""Für die Dauer des Konsortiums können die Konsortiumsmitglieder die Teilung des Fonds nicht beantragen, und die besonderen Gläubiger der Konsortiumsmitglieder können ihre Rechte an diesem Fonds nicht geltend machen."""
homonyms;17;Se gli altri beni del debitore sono insufficienti a soddisfare i suoi crediti, il creditore particolare del socio può chiedere in ogni tempo la liquidazione della quota del suo debitore.;commercial law;creditore particolare;yes;Privatgläubiger;;;Einzelgläubiger, Privatgläubiger;"""Wenn die übrigen Sachen des Schuldners nicht ausreichen, seine Forderungen zu befriedigen, kann der Privatgläubiger des Gesellschafters jederzeit die Verwertung des Anteils seines Schuldners verlangen."""
homonyms;18;Se la cosa legata è gravata da una servitù, da un canone o da altro onere inerente al fondo, ovvero da una rendita fondiaria, il peso ne è sopportato dal legatario.;civil law;fondo;yes;Grundstück;;;Grundstück, Fonds;"""Wenn die vermachte Sache mit einer Dienstbarkeit, mit einem Mietzins oder mit einer anderen mit dem Grundstück zusammenhängenden Last oder mit einer Grundrente belastet ist, so wird die Last vom Vermächtnisnehmer davon getragen."""
homonyms;18;Il legatario che ha estinto il debito di cui era gravato il fondo legato subentra nelle ragioni del creditore contro gli eredi.;civil law;fondo;yes;Grundstück;;;Grundstück, Fonds;"""Der Vermächtnisnehmer, der die Schuld, mit der das vermachte Grundstück belastet war, erloschen hat, tritt in die Rechte des Gläubigers gegen die Erben ein."""
homonyms;18;Il proprietario di un fondo non può impedire che vi si entri per l'esercizio della caccia, a meno che il fondo sia chiuso nei modi stabiliti dalla legge sulla caccia o vi siano colture in atto suscettibili di danno.;civil law;fondo;yes;Grundstück;;;Grundstück, Fonds;"""Der Eigentümer eines Grundstücks kann nicht verhindern, dass man zur Jagdausübung in das Grundstück einreicht, es sei denn, dass das Grundstück in der vom Jagdgesetz festgesetzten Art und Weise geschlossen ist oder dass sich bei der Jagd beschädigte Kulturen befinden."""
homonyms;18;Il proprietario deve permettere l'accesso e il passaggio nel suo fondo, sempre che ne venga riconosciuta la necessità, al fine di costruire o riparare un muro o altra opera propria del vicino oppure comune.;civil law;fondo;yes;Grundstück;;;Grundstück, Fonds;"""Der Eigentümer hat den Zugang und den Durchgang zu seinem Grundstück zu ermöglichen, sofern dessen Notwendigkeit festgestellt wird, um eine Mauer oder eine andere dem Nachbarn oder Gemeinschaftsgegenstand eigene Werke zu errichten oder zu ändern."""
homonyms;18;Quando l'inosservanza degli obblighi imposti ai proprietari risulta tale da compromettere l'attuazione del piano di bonifica, può farsi luogo all'espropriazione parziale o totale del fondo appartenente al proprietario inadempiente, osservate le disposizioni della legge speciale.;civil law;fondo;yes;Grundstück;;;Grundstück, Fonds;"""Ergibt sich die Nichtbeachtung der den Eigentümern auferlegten Pflichten, dass die Durchführung des Bonifizierungsplanes gefährdet wird, so kann unter Beachtung der Bestimmungen des Sondergesetzes die teilweise oder vollständige Zwangsveräußerung des Grundstücks, das dem nicht eigentümerümerübergeht,"""
homonyms;19;L'assemblea può aumentare il capitale, imputando a capitale le riserve e gli altri fondi iscritti in bilancio in quanto disponibili.;commercial law;fondo;no;Fonds;;;Grundstück, Fonds;"""Die Gesellschafterversammlung kann das Kapital erhöhen, indem sie die Rücklagen und die anderen im Jahresabschluss eingetragenen Fonds, soweit sie verfügbar sind, in Kapital einbucht."""
homonyms;19;Se dalla fusione emerge un avanzo, esso è iscritto ad apposita voce del patrimonio netto, ovvero, quando sia dovuto a previsione di risultati economici sfavorevoli, in una voce dei fondi per rischi ed oneri.;commercial law;fondo;no;Fonds;;;Grundstück, Fonds;"""Ergibt sich aus der Verschmelzung ein Überschuss, so wird er als Eigenkapitalposten oder, wenn er auf eine ungünstige wirtschaftliche Ergebnisse zurückzuführen ist, als ein Posten der Fonds für Risiken und Aufwendungen eingetragen."""
homonyms;19;Spetta alle amministrazioni e, per essi al dirigente e/o responsabile competente, provvedere alla costituzione del fondo per la contrattazione decentrata.;commercial law;fondo;no;Fonds;;;Grundstück, Fonds;Die Verwaltungen und für sie die Führungskraft und/oder die zuständige Verantwortlichen übernimmt die Errichtung des Fonds für die dezentralen Vertragsverhandlungen.
homonyms;19;La somma è devoluta al fondo di cui l'amministratore dispone per le spese ordinarie.;commercial law;fondo;no;Fonds;;;Grundstück, Fonds;"""Der Betrag ist dem Fonds zuzuordnen, über den der Verwalter für die ordentlichen Ausgaben verfügt."""
homonyms;19;Il fondo è destinato alla concessione di contributi a coloro che al momento in cui si verifica l’evento calamitoso risultano essere proprietari di fabbricati urbani colpiti da tale evento.;commercial law;fondo;no;Fonds;;;Grundstück, Fonds;"""Der Fonds ist für die Gewährung von Beiträgen an jene bestimmt, die bei Eintreten des Katastrophenbildes Eigentümer von von von diesem Ereignis betroffenen Gebäuden sind."""
homonyms;20;Il diritto di ottenere la risoluzione è soggetto alla decadenza e alla prescrizione stabilite dall'articolo 1495.;civil law;decadenza;yes;Verwirkung;;;Verfall, Verwirkung;"""Das Recht auf Aufhebung unterliegt dem Verfall und der Verjährung, die in Artikel 1495 festgesetzt sind."""
homonyms;20;Se il venditore ha garantito per un tempo determinato il buon funzionamento della cosa venduta, il compratore, salvo patto contrario, deve denunziare al venditore il difetto di funzionamento entro trenta giorni dalla scoperta, sotto pena di decadenza.;civil law;decadenza;yes;Verwirkung;;;Verfall, Verwirkung;"""Hat der Verkäufer das gute Funktionieren der verkauften Sache für eine bestimmte Zeit gewährleistet, so muss der Käufer, vorbehaltlich einer gegenteiligen Abmachung, dem Verkäufer das Fehlen der Funktionsfähigkeit innerhalb von dreißig Tagen ab der Entdeckung bei sonstigem Verfall anzeigen."""
homonyms;20;Nei casi in cui la decadenza è impedita, il diritto rimane soggetto alle disposizioni che regolano la prescrizione.;civil law;decadenza;yes;Verwirkung;;;Verfall, Verwirkung;"""In den Fällen, in denen der Verfall verhindert ist, unterliegt das Recht weiterhin den Bestimmungen, die die Verjährung regeln."""
homonyms;20;Le parti non possono modificare la disciplina legale della decadenza né possono rinunziare alla decadenza medesima, se questa è stabilita dalla legge in materia sottratta alla disponibilità delle parti.;civil law;decadenza;yes;Verwirkung;;;Verfall, Verwirkung;"""Die Parteien dürfen die gesetzliche Regelung über den Verfall des Verfalls weder ändern noch auf den Verfall des Verfahrens verzichten, wenn diese vom einschlägigen Gesetz auf diesem Gebiet festgesetzt wird und von der Verfügbarkeit der Parteien abgesehen ist."""
homonyms;20;La decadenza produce la perdita del potere di compiere un determinato atto processuale come conseguenza del mancato compimento dell’atto nell’ambito temporale previsto dalla legge o dal giudice entro cui poteva essere utilmente realizzato.;civil law;decadenza;yes;Verwirkung;;;Verfall, Verwirkung;"""Der Verfall hat den Verlust der Befugnis, eine bestimmte Verfahrenshandlung als Folge der Nichterfüllung des Aktes innerhalb des vom Gesetz oder vom Gericht vorgesehenen Zeitraums, innerhalb welchem er rechtskräftig verwirklicht werden konnte, vorgenommen."""
homonyms;21;"L'autorizzazione non è trasferibile; essa si estingue oltrechè per scadenza del termine, per la morte del titolare, per rinuncia o per decadenza della stessa.";administrative law;decadenza;yes;Verfall;Rücknahme;;Verfall, Verwirkung;"""Die Ermächtigung ist nicht übertragbar; sie erlischt außer bei Ablauf der Frist, bei Tod des Inhabers, bei Verzicht oder bei Verfall derselben."""
homonyms;21;La decadenza dell'autorizzazione può venire pronunciata quando il titolare non abbia osservato gli obblighi previsti nell'autorizzazione e nel disciplinare allegato e quelli stabiliti nella presente legge.;administrative law;decadenza;yes;Verfall;Rücknahme;;Verfall, Verwirkung;"""Der Verfall der Ermächtigung kann erklärt werden, wenn der Inhaber die in der Ermächtigung und im beiliegenden Auflagenheft vorgesehenen und in diesem Gesetz festgelegten Pflichten nicht erfüllt hat."""
homonyms;21;Le aziende cui è assentita la concessione ai sensi del successivo articolo 6 sono tenute ad applicare, pena la decadenza della concessione, le norme provinciali o statali vigenti nella provincia di Bolzano in materia di sicurezza dei servizi di trasporto.;administrative law;decadenza;yes;Verfall;Rücknahme;;Verfall, Verwirkung;"""Die Betriebe, denen die Konzession gemäß Artikel 6 nicht erteilt wurde, sind verpflichtet, bei sonstigem Verfall der Konzession die in der Provinz Bozen geltenden Landes- oder Staatsbestimmungen über die Sicherheit der Beförderungsdienste anzuwenden."""
homonyms;21;Indipendentemente dalla nullità suddetta, la Giunta provinciale può pronunciare la decadenza della concessione nei casi previsti all'articolo 38 della presente legge.;administrative law;decadenza;yes;Verfall;Rücknahme;;Verfall, Verwirkung;Unabhängig von der genannten Nichtigkeit kann die Landesregierung in den von Artikel 38 dieses Gesetzes vorgesehenen Fällen den Verfall der Konzession aussprechen.
homonyms;21;Con decreto dell'Assessore provinciale competente è pronunciata la decadenza della concessione quando il titolare perde i requisiti previsti all'articolo 6.;administrative law;decadenza;yes;Verfall;Rücknahme;;Verfall, Verwirkung;"""Der zuständige Landesrat erklärt mit Dekret den Verfall der Konzession, wenn der Inhaber die in Artikel 6 vorgesehenen Voraussetzungen verliert."""
homonyms;22;Si dichiara che la presente comunicazione ha carattere meramente indicativo e non vincola la stazione appaltante al successivo affidamento.;administrative law;affidamento;no;Vergabe;;;Vergabe, Überlassung zur Betreuung;"""Es wird erklärt, dass diese Mitteilung reinen unverbindlichen Charakter hat und die Vergabestelle nicht für die nächste Vergabe zwingend verpflichtet ist."""
homonyms;22;Nell’ipotesi di affidamento congiunto di progettazione esecutiva ed esecuzione di lavori sulla base del progetto di fattibilità tecnica ed economica, il progetto esecutivo non può prevedere significative modifiche alla qualità e alle quantità delle lavorazioni previste.;administrative law;affidamento;no;Vergabe;;;Vergabe, Überlassung zur Betreuung;Bei der Vergabe von Ausführungsplanungen und Bauausführung auf der Grundlage des Projektes zur technischen und wirtschaftlichen Machbarkeit darf das Ausführungsprojekt keine erheblichen Änderungen der Qualität und Menge der vorgesehenen Bauleistungen vorsehen.
homonyms;22;Il soggetto che intende partecipare alla gara non deve partecipare o aver partecipato direttamente o indirettamente né alla gara per l'affidamento della progettazione né alla redazione della stessa in qualsiasi suo livello.;administrative law;affidamento;no;Vergabe;;;Vergabe, Überlassung zur Betreuung;"""Das Subjekt, das am Wettbewerb teilnehmen will, darf sich weder direkt noch indirekt an der Ausschreibung zur Vergabe der Planung noch an der Ausarbeitung derselben in irgendeiner Ebene beteiligen noch an derselben beteiligen."""
homonyms;22;Avvenuta la validazione del progetto posto a base di gara, ciascuna stazione appaltante, secondo le modalità e le procedure stabilite dal proprio ordinamento, avvia la fase dell'affidamento dei lavori.;administrative law;affidamento;no;Vergabe;;;Vergabe, Überlassung zur Betreuung;"""Nach der Validierung des Projektes, das der Ausschreibung zugrunde gelegt wird, leitet jede Vergabestelle gemäß den in ihrer Ordnung festgelegten Modalitäten und Verfahren die Vergabephase ein."""
homonyms;22;Si rende necessario provvedere all’affidamento del servizio in oggetto. ;administrative law;affidamento;no;Vergabe;;;Vergabe, Überlassung zur Betreuung;"""Es ist notwendig, den betreffenden Dienst zu vergeben."""
homonyms;23;L'affidamento è sempre temporaneo e comporta, quando è possibile, il reinserimento del minore nella sua famiglia naturale. ;family law;affidamento;no;Überlassung zur Betreuung;Fremdunterbringung, Anvertrauung ;Pflegekindschaft, Übernahme in Pflege, Aufnahme zur Pflege;Vergabe, Überlassung zur Betreuung;"""Die Anvertrauung ist immer zeitweilig und bewirkt, soweit möglich, die Wiedereingliederung des Minderjährigen in seine natürliche Familie."""
homonyms;23;Affinché l'affidamento possa essere disposto occorre che, a causa di circostanze di carattere transitorio, i genitori del minore non siano in grado di offrirgli le cure che gli necessitano.;family law;affidamento;no;Überlassung zur Betreuung;Fremdunterbringung, Anvertrauung ;Pflegekindschaft, Übernahme in Pflege, Aufnahme zur Pflege;Vergabe, Überlassung zur Betreuung;"""Damit die Anvertrauung verfügt werden kann, ist es notwendig, dass die Eltern des Minderjährigen aufgrund von Übergangsgründen nicht in der Lage sind, ihm die ihm erforderlichen Pflegeleistungen zu bieten."""
homonyms;23;L'assistente sociale competente valuta la situazione del minore, indica le motivazioni che ne consiglino l'affidamento, definisce con la famiglia affidataria e con quella di origine le modalità e condizioni dell'affidamento, e compila apposito modulo;family law;affidamento;no;Überlassung zur Betreuung;Fremdunterbringung, Anvertrauung ;Pflegekindschaft, Übernahme in Pflege, Aufnahme zur Pflege;Vergabe, Überlassung zur Betreuung;"""Der Sozialassistent bewertet die Situation des Minderjährigen, gibt die Gründe für dessen Anvertrauung an, legt mit der Pflegefamilie und mit der Herkunftsfamilie die Modalitäten und Bedingungen für die Anvertrauung fest und verfasst einen eigenen Vordruck"""
homonyms;23;L'assistente sociale competente, qualora riscontri gli estremi di una possibile situazione di abbandono da parte dei genitori o legali rappresentanti che hanno espresso il consenso all'affidamento, predispone una relazione da trasmettersi all'autorità giudiziaria competente.;family law;affidamento;no;Überlassung zur Betreuung;Fremdunterbringung, Anvertrauung ;Pflegekindschaft, Übernahme in Pflege, Aufnahme zur Pflege;Vergabe, Überlassung zur Betreuung;"""Stellt der Sozialassistent fest, dass die Eltern oder gesetzlichen Vertreter, die die Zustimmung zur Anvertrauung geäußert haben, eine mögliche Verwahrenssituation haben, so verfasst er einen Bericht, der der zuständigen Gerichtsbehörde zu übermitteln ist."""
homonyms;23;Nel caso in cui l’affidamento sia disposto dal Servizio sociale, occorre il previo consenso prestato dai genitori esercenti la potestà o dal tutore.;family law;affidamento;no;Überlassung zur Betreuung;Fremdunterbringung, Anvertrauung ;Pflegekindschaft, Übernahme in Pflege, Aufnahme zur Pflege;Vergabe, Überlassung zur Betreuung;"""Wird die Anvertrauung vom Sozialdienst verfügt, so ist die vorherige Zustimmung der Eltern, die die elterliche Gewalt ausüben, oder des Vormundes erforderlich."""
homonyms;24;Il presente regolamento disciplina l’adeguamento della struttura dirigenziale dell’Amministrazione provinciale di Bolzano, la denominazione e le competenze delle singole strutture dirigenziali e le competenze assegnate ai dipartimenti.;administrative law;dipartimento;yes;Ressort;;;Ressort, Abteilung;"""Diese Verordnung regelt die Anpassung der Führungsstruktur der Landesverwaltung Bozen, die Benennung und die Zuständigkeiten der einzelnen Führungsstrukturen und die den Departments zugewiesenen Zuständigkeiten."""
homonyms;24;Il dipartimento raggruppa le ripartizioni, le aree funzionali e gli uffici posti alle dipendenze di ciascun membro di Giunta in ragione della ripartizione delle materie ai sensi dell’articolo 52, comma 3, dello Statuto di autonomia dell’Alto Adige.;administrative law;dipartimento;yes;Ressort;;;Ressort, Abteilung;"""Das Ressort umfasst die Abteilungen, die Funktionsbereiche und die Ämter, die jedem Regierungsmitglied unterstellt sind, aufgrund der Aufteilung der Sachbereiche gemäß Artikel 52 Absatz 3 des Autonomiestatuts Südtirols."""
homonyms;24;Il Presidente della Provincia autonoma di Bolzano può istituire fino a due dipartimenti per le ripartizioni di sua competenza e non facenti capo alla Segreteria generale o alla Direzione generale.;administrative law;dipartimento;yes;Ressort;;;Ressort, Abteilung;"""Der Landeshauptmann kann bis zu zwei Ressorts für die in seine Zuständigkeit fallenden Abteilungen errichten, die nicht dem Generalsekretariat oder der Generaldirektion angehören."""
homonyms;24;Ove sussistano particolari esigenze o affinità di compiti, la Giunta provinciale di Bolzano determina specifiche modalità di coordinamento tra le ripartizioni dei vari dipartimenti.;administrative law;dipartimento;yes;Ressort;;;Ressort, Abteilung;"""Sofern besondere Erfordernisse oder Ähnlichkeiten vorliegen, legt die Landesregierung Bozen spezifische Modalitäten für die Koordinierung zwischen den Abteilungen der verschiedenen Ressorts fest."""
homonyms;24;In Alto Adige, le Direzioni Istruzione e Formazione sono equiparate ai dipartimenti e si articolano in ripartizioni, direzioni provinciali e servizi di valutazione.;administrative law;dipartimento;yes;Ressort;;;Ressort, Abteilung;"""In Südtirol sind die Bildungsdirektionen den Ressorts gleichgestellt und gliedern sich in Abteilungen, Landesdirektionen und Evaluationen."""
homonyms;25;I capi dei dipartimenti di cui all'articolo 2, comma 1, assicurano l'esercizio organico, coordinato e integrato delle funzioni del Ministero.;administrative law;dipartimento;yes;Abteilung;;;Ressort, Abteilung;"""Die Leiter der Ressorts laut Artikel 2 Absatz 1 gewährleisten die organische, koordinierte und integrierte Ausübung der Aufgaben des Ministeriums."""
homonyms;25;Il Ministero, per l'espletamento dei compiti ad esso demandati, è articolato in quattro dipartimenti, dodici uffici dirigenziali di livello generale centrali e quindici uffici dirigenziali di livello generale periferici dotati di autonomia speciale.;administrative law;dipartimento;yes;Abteilung;;;Ressort, Abteilung;"""Das Ministerium ist zur Wahrnehmung der ihm übertragenen Aufgaben in vier Ressorts, zwölf zentrale Führungsämter allgemeinen Grades und fünfzehn Führungsämter allgemeiner peripheren Ebene mit besonderer Autonomie unterteilt."""
homonyms;25;I dipartimenti sono le principali articolazioni amministrative del Ministero, organizzati in direzioni generali e relativi uffici, che costituiscono gli organi di amministrazione attiva.;administrative law;dipartimento;yes;Abteilung;;;Ressort, Abteilung;"""Die Departments sind die wichtigsten Verwaltungsstrukturen des Ministeriums, die in Generaldirektionen und entsprechenden Ämtern organisiert sind und die aktiven Verwaltungsorgane bilden."""
homonyms;25;Il DiVa elabora, d'intesa con i dipartimenti competenti, parametri qualitativi e quantitativi, procedure e modelli informatici diretti a valutare la gestione degli istituti e dei luoghi della cultura statali, in termini di economicità, efficienza ed efficacia.;administrative law;dipartimento;yes;Abteilung;;;Ressort, Abteilung;"""Das DiVa erarbeitet im Einvernehmen mit den zuständigen Ressorts Qualitäts- und Quantitätsparameter, Verfahren und Informatikmodelle, die darauf abzielen, die Führung der Institute und Orte der staatlichen Kultur in Hinsicht auf Wirtschaftlichkeit, Effizienz und Wirksamkeit zu bewerten."""
homonyms;25;L'Ufficio legislativo cura l'attività di definizione delle iniziative legislative e regolamentari nelle materie di competenza del Ministero, avvalendosi anche della collaborazione, ai fini dello studio e della progettazione normativa, dei competenti dipartimenti del Ministero e degli uffici dirigenziali generali.;administrative law;dipartimento;yes;Abteilung;;;Ressort, Abteilung;"""Das Gesetzgebungsamt arbeitet für die Abwicklung der Gesetzes- und Verordnungsvorhaben in den Zuständigkeitsbereichen des Ministeriums, wobei es sich auch der Mitarbeit der zuständigen Departements des Ministeriums und der allgemeinen Führungsämter bedient, die für die Studie und die Gesetzgebungsplanung zuständig ist."""
homonyms;26;Nel caso previsto dall'articolo precedente, l'azione può essere promossa anche da chi, pur non portando il nome contestato o indebitamente usato, abbia alla tutela del nome un interesse fondato su ragioni familiari degne d'essere protette.;civil law;azione;yes;Klage;;;Klage, Aktie;"""In dem im vorhergehenden Artikel vorgesehenen Fall kann die Klage auch von jenen Personen erhoben werden, die zwar den beanstandeten oder unrechtmäßig verwendeten Namen nicht tragen, aber ein auf familiären Gründen beruhendes Interesse am Schutz des Namens haben, das geschützt werden kann."""
homonyms;26;Le azioni contro gli amministratori per fatti riguardanti la loro responsabilità devono essere autorizzate dall'autorità governativa e sono esercitate dal commissario straordinario, dai liquidatori o dai nuovi amministratori.;civil law;azione;yes;Klage;;;Klage, Aktie;"""Klagen gegen die Verwalter wegen Handlungen, die ihre Haftung betreffen, müssen von der Regierungsbehörde genehmigt werden und werden vom außerordentlichen Kommissär, von den Liquidatoren oder von den neuen Verwaltern eingebracht."""
homonyms;26;L'azione può essere proposta dal coniuge il cui consenso era necessario entro un anno dalla data in cui ha avuto conoscenza dell'atto e in ogni caso entro un anno dalla data di trascrizione. ;civil law;azione;yes;Klage;;;Klage, Aktie;"""Die Klage kann vom Ehegatten, dessen Einwilligung innerhalb eines Jahres ab dem Tag, an dem er Kenntnis von der Rechtshandlung erlangt hat, und in jedem Fall innerhalb eines Jahres ab dem Tag der Eintragung erhoben werden."""
homonyms;26;Chi esercita l'azione è ammesso a provare che non sussiste rapporto di filiazione tra il figlio e il presunto padre.;civil law;azione;yes;Klage;;;Klage, Aktie;"""Wer die Klage erhebt, ist zum Beweis zugelassen, dass zwischen dem Kind und dem vermuteten Vater kein Abstammungsverhältnis besteht."""
homonyms;26;Se una delle parti è minore o interdetta, l'azione è proposta in contraddittorio con un curatore nominato dal giudice davanti al quale il giudizio deve essere promosso.;civil law;azione;yes;Klage;;;Klage, Aktie;"""Ist eine der Parteien minderjährig oder voll entmündigt, so wird die Klage im Verfahren mit einem Masseverwalter erhoben, der vom Gericht, vor dem das Verfahren einzuleiten ist, bestellt wird."""
homonyms;27;Le quote di partecipazione dei soci non possono essere rappresentate da azioni.;company law;azione;yes;Aktie;;;Klage, Aktie;Die Anteile an der Beteiligung der Gesellschafter dürfen nicht durch Aktien verkörpert werden.
homonyms;27;In caso di insolvenza della società, per le obbligazioni sociali sorte nel periodo in cui le azioni sono appartenute ad una sola persona, questa risponde illimitatamente quando i conferimenti non siano stati effettuati secondo quanto previsto dall'articolo 2342.;company law;azione;yes;Aktie;;;Klage, Aktie;"""Im Fall der Zahlungsunfähigkeit der Gesellschaft haftet für die Verbindlichkeiten der Gesellschaft, die sich in dem Zeitraum ergeben, in dem die Aktien nur einer Person gehörten, unbeschränkt, wenn die Einlagen nicht gemäß den Bestimmungen des Artikels 2342 vorgenommen worden sind."""
homonyms;27;Le disposizioni dei commi precedenti non si applicano agli strumenti finanziari emessi dalle banche diversi dalle azioni o dagli strumenti finanziari che permettono di acquisire o sottoscrivere azioni.;company law;azione;yes;Aktie;;;Klage, Aktie;"""Die Bestimmungen der vorhergehenden Absätze finden auf Finanzinstrumente, die von Banken ausgegeben werden, die keine Aktien oder Finanzinstrumente sind, die es ermöglichen, Aktien zu erwerben oder zu zeichnen, keine Anwendung."""
homonyms;27;Qualora i promotori si avvalgano di quest'ultima facoltà, non può procedersi alla costituzione della società prima che siano collocate le azioni che quelli avevano sottoscritte.;company law;azione;yes;Aktie;;;Klage, Aktie;"""Wenn die Gründer von dieser letztgenannten Befugnis Gebrauch machen, kann die Gründung der Gesellschaft nicht vorgenommen werden, bevor die Aktien, die jene gezeichnet haben, eingetragen werden."""
homonyms;27;Fino all'iscrizione della dichiarazione le azioni sono inalienabili e devono restare depositate presso la società.;company law;azione;yes;Aktie;;;Klage, Aktie;Bis zur Eintragung der Erklärung sind die Aktien unveräußerlich und müssen bei der Gesellschaft hinterlegt bleiben.
homonyms;28;Il pubblico ministero, entro le successive settantadue ore, se non dispone la revoca del collocamento, chiede al tribunale per i minorenni la convalida del provvedimento.;civil procedure law;convalida;no;Bestätigung;;;Bestätigung, Heilung;"""Die Staatsanwaltschaft beantragt innerhalb der darauf folgenden zweiundsiebzig Stunden, wenn sie nicht den Widerruf der Versetzung verfügt, beim Jugendgericht die Bestätigung der Verfügung."""
homonyms;28;Il provvedimento emesso dalla pubblica autorità perde efficacia se la trasmissione degli atti da parte della pubblica autorità, la richiesta di convalida da parte del pubblico ministero e i decreti del tribunale non intervengono entro i termini previsti.;civil procedure law;convalida;no;Bestätigung;;;Bestätigung, Heilung;"""Die von der öffentlichen Behörde erlassene Verfügung verliert ihre Wirksamkeit, wenn die Übermittlung der Akten durch die öffentliche Behörde, der Antrag auf Bestätigung durch die Staatsanwaltschaft und die Dekrete des Landesgerichts nicht innerhalb der vorgesehenen Fristen erfolgen."""
homonyms;28;Se il godimento di un immobile è il corrispettivo anche parziale di una prestazione d'opera, l'intimazione di licenza o di sfratto con la contestuale citazione per la convalida può essere fatta quando il contratto viene a cessare per qualsiasi causa.;civil procedure law;convalida;no;Bestätigung;;;Bestätigung, Heilung;"""Ist die Nutzung einer Liegenschaft auch nur teilweise das Entgelt für eine Werkeleistung, kann die Aufforderung zur Aufforderung zur Ausübung der Lizenz oder der Räumung mit der gleichzeitigen Klage zur Bestätigung erfolgen, wenn der Vertrag aus irgendeinem Grund aufgehört."""
homonyms;28;Il locatore o il concedente può intimare al conduttore, all'affittuario coltivatore diretto, al mezzadro o al colono licenza per finita locazione, prima della scadenza del contratto, con la contestuale citazione per la convalida, rispettando i termini prescritti dal contratto.;civil procedure law;convalida;no;Bestätigung;;;Bestätigung, Heilung;"""Der Verpächter oder der Verpächter kann den Mieter, den Pächter, den Halbpächter oder den Teilpächter, der vor Ablauf des Vertrags eine Bestandlizenz zur Bestandsaufnahme ausgegeben hat, vor Ablauf des Vertrages mit der gleichzeitigen Klage zur Bestätigung unter Beachtung der im Vertrag vorgeschriebenen F"""
homonyms;28;Se lo sfratto è stato intimato per mancato pagamento del canone, la convalida è subordinata all'attestazione in giudizio del locatore o del suo procuratore che la morosità persiste.;civil procedure law;convalida;no;Bestätigung;;;Bestätigung, Heilung;"""Ist die Zwangsräumung wegen unterlassener Zahlung des Pachtzinses eingeladen worden, so ist die Bestätigung an die Bescheinigung des Vermieters oder seines Rechtsanwalts, dass die Säumigkeit weiterhin besteht, gebunden."""
homonyms;29;La convalida è una delle forme di sanatoria del negozio giuridico.;law of obligations;convalida;yes;Heilung;;Bestätigung;Bestätigung, Heilung;Die Bestätigung ist eine der Formen der Sanierung des Rechtsgeschäftes.
homonyms;29;La convalida non ha effetto, se chi l'esegue non è in condizione di concludere validamente il contratto.;law of obligations;convalida;yes;Heilung;;Bestätigung;Bestätigung, Heilung;"""Die Bestätigung ist unwirksam, wenn derjenige, der sie ausübt, nicht in der Lage ist, den Vertrag gültig abzuschließen."""
homonyms;29;La convalida della donazione nulla è possibile solo dopo la morte del donante ad opera dei suoi eredi o aventi causa che dichiarino espressamente di confermare la donazione fatta, o ne diano volontaria esecuzione.;law of obligations;convalida;yes;Heilung;;Bestätigung;Bestätigung, Heilung;"""Die Bestätigung der Schenkung ist erst nach dem Tod des Schenkers durch seine Erben oder Rechtsnachfolger möglich, die ausdrücklich erklären, die vorgenommene Schenkung zu bestätigen, oder die freiwillige Vollstreckung der Schenkung zu erklären."""
homonyms;29;Il legislatore consente la convalida se il negozio è solo annullabile atteso che il vizio è meno grave di quello che sussiste in caso di nullità e, quindi, è ammissibile che esso possa produrre degli effetti.;law of obligations;convalida;yes;Heilung;;Bestätigung;Bestätigung, Heilung;"""Der Gesetzgeber erlaubt die Bestätigung, wenn das Geschäft nur für nichtig erklärt werden kann, wenn er vermutet, dass der Mangel schwerer ist als jener, der im Fall der Nichtigkeit besteht, und somit zulässig ist, dass es Wirkungen haben kann."""
homonyms;29;Per quanto la convalida non debba avvenire nella stessa forma del contratto convalidato, se questo è un contratto formale, sembra risultare dalla norma in esame, che parla di atto di convalida, che sia richiesta la forma scritta.;law of obligations;convalida;yes;Heilung;;Bestätigung;Bestätigung, Heilung;"""Soweit die Bestätigung nicht in derselben Form erfolgen muss wie der geheilte Vertrag, scheint es, wenn dieser ein formeller Vertrag ist, aus der vorliegenden Bestimmung, die von einer Bestätigung gesprochen wird, zu erkennen, dass die schriftliche Form verlangt wird."""
homonyms;30;La Società cooperativa è retta e disciplinata secondo i principi della mutualità senza fini di speculazione privata e ha lo scopo di sostenere, consigliare e promuovere al meglio i soci nel settore del turismo nella propria zona di competenza.;company law;socio;yes;Genossenschafter;;;Mitglied, Gesellschafter, Genossenschafter;"""Die Genossenschaft wird gerade geführt und nach den Grundsätzen der Gegenseitigkeit ohne Zwecke der privaten Spekulation geregelt und hat den Zweck, die Mitglieder im Tourismusbereich im eigenen Zuständigkeitsgebiet am besten zu unterstützen, zu beraten und zu fördern."""
homonyms;30;La Società cooperativa può ricevere dai soci prestiti finalizzati al raggiungimento dello scopo sociale, secondo i criteri e i limiti fissati dalla normativa vigente.;company law;socio;yes;Genossenschafter;;;Mitglied, Gesellschafter, Genossenschafter;Die Genossenschaft kann von den Mitgliedern gemäß den von den geltenden Bestimmungen festgelegten Kriterien und Grenzen Darlehen zur Erreichung des Gesellschaftszwecks erhalten.
homonyms;30;Possono assumere la qualifica di socio le persone fisiche e giuridiche, nonché le associazioni senza personalità giuridica, interessate allo sviluppo del turismo nella zona di competenza della Società cooperativa e in grado di contribuire al raggiungimento dello scopo sociale.;company law;socio;yes;Genossenschafter;;;Mitglied, Gesellschafter, Genossenschafter;"""Die Eignung eines Mitgliedes können natürliche und juristische Personen sowie Vereine ohne Rechtspersönlichkeit, die an der Entwicklung des Fremdenverkehrs im Zuständigkeitsbereich der Genossenschaft interessiert sind und zur Erreichung des Gesellschaftszweckes beitragen können, übernehmen."""
homonyms;30;Il socio può recedere dalla Società cooperativa in qualsiasi momento.;company law;socio;yes;Genossenschafter;;;Mitglied, Gesellschafter, Genossenschafter;Das Mitglied kann jederzeit aus der Genossenschaft zurücktreten.
homonyms;30;Per i rapporti mutualistici tra socio e Società cooperativa, il recesso ha effetto con la chiusura dell’esercizio in corso, se comunicato tre mesi prima, e, in caso contrario, con la chiusura dell’esercizio successivo.;company law;socio;yes;Genossenschafter;;;Mitglied, Gesellschafter, Genossenschafter;"""Für die auf Gegenseitigkeit ausgerichteten Beziehungen zwischen Mitglied und Genossenschaft wird der Rücktritt mit dem Abschluss des laufenden Geschäftsjahres wirksam, wenn er drei Monate vorher mitgeteilt worden ist, und, falls dies nicht der Fall ist, mit dem Abschluss des darauffolgenden Geschäfts"""
homonyms;31;Negli atti e nella corrispondenza delle società per azioni ed a responsabilità limitata deve essere indicato se queste hanno un unico socio.;company law;socio;yes;Gesellschafter;;;Mitglied, Gesellschafter, Genossenschafter;"""In den Urkunden und im Schriftverkehr der Aktiengesellschaften und Gesellschaften mit beschränkter Haftung ist anzugeben, ob diese einen einzigen Gesellschafter haben."""
homonyms;31;Lo scopo di lucro coincide con lo scopo-fine della società, la quale deve essere volta alla produzione di utili da distribuire ai soci.;company law;socio;yes;Gesellschafter;;;Mitglied, Gesellschafter, Genossenschafter;"""Die Gewinnabsicht stimmt mit dem Ziel der Gesellschaft zusammen, die auf die Gewinngewinnung an die Gesellschafter auszugerichtet sein muss."""
homonyms;31;Per le obbligazioni sociali rispondono personalmente e solidalmente i soci che hanno agito in nome e per conto della società e, salvo patto contrario, gli altri soci.;company law;socio;yes;Gesellschafter;;;Mitglied, Gesellschafter, Genossenschafter;"""Für die Verbindlichkeiten der Gesellschaft haften die Gesellschafter, die im Namen und auf Rechnung der Gesellschaft gehandelt haben, und, vorbehaltlich einer gegenteiligen Abmachung, die übrigen Gesellschafter persönlich und als Gesamtschuldner."""
homonyms;31;Il socio richiesto del pagamento di debiti sociali può domandare, anche se la società è in liquidazione, la preventiva escussione del patrimonio sociale, indicando i beni sui quali il creditore possa agevolmente soddisfarsi.;company law;socio;yes;Gesellschafter;;;Mitglied, Gesellschafter, Genossenschafter;"""Der Gesellschafter, der um Zahlung von Verbindlichkeiten der Gesellschaft angesucht wird, kann auch wenn sich die Gesellschaft in Liquidation befindet, die vorherige Einbringung des Gesellschaftsvermögens verlangen, wobei die Güter anzugeben sind, über die sich der Gläubiger leicht befriedigen kann."""
homonyms;31;Chi entra a far parte di una società già costituita risponde con gli altri soci per le obbligazioni sociali anteriori all'acquisto della qualità di socio.;company law;socio;yes;Gesellschafter;;;Mitglied, Gesellschafter, Genossenschafter;"""Wer Teil einer bereits gegründeten Gesellschaft wird, haftet mit den anderen Gesellschaftern für die Verbindlichkeiten der Gesellschaft, die vor dem Erwerb der Gesellschafterschaft erworben wurden."""
homonyms;32;Possono divenire soci dell’Associazione tutte le persone fisiche e giuridiche, nonché le associazioni senza personalità giuridica, interessate allo scopo associativo e disposte a sostenerlo.;company law;socio;no;Mitglied;;;Mitglied, Gesellschafter, Genossenschafter;"""Mitglieder des Vereins können alle natürlichen und juristischen Personen sowie Vereine ohne Rechtspersönlichkeit werden, die an der Vereinigung interessiert und bereit sind, ihn zu unterstützen."""
homonyms;32;"Ogni socio ha il dovere di rispettare le norme dello statuto, i regolamenti interni e le deliberazioni degli organi dell’Associazione; e di versare nei termini la quota sociale annua e gli altri contributi obbligatori nella misura stabilita dall’assemblea generale.";company law;socio;no;Mitglied;;;Mitglied, Gesellschafter, Genossenschafter;"""Jedes Mitglied ist verpflichtet, die Bestimmungen der Satzung, die internen Regelungen und die Beschlüsse der Organe der Vereinigung einzuhalten und den jährlichen Mitgliedsbeitrag und die sonstigen Pflichtbeiträge in dem von der Vollversammlung festgelegten Ausmaß termingerecht zu entrichten."""
homonyms;32;Il socio uscente non ha alcun diritto sul patrimonio dell’Associazione e non può ripetere i contributi versati.;company law;socio;no;Mitglied;;;Mitglied, Gesellschafter, Genossenschafter;Das ausscheidende Mitglied hat keinen Anspruch auf das Vereinungsvermögen und kann die eingezahlten Beiträge nicht zurückfordern.
homonyms;32;Per deliberare lo scioglimento dell’Associazione è necessario il voto favorevole di tre quarti dei soci.;company law;socio;no;Mitglied;;;Mitglied, Gesellschafter, Genossenschafter;Für die Beschlussfassung über die Auflösung des Vereins ist die Zustimmung von drei Vierteln der Mitglieder erforderlich.
homonyms;32;Per la costituzione e la sussistenza, l’associazione deve avere almeno 9 soci.;company law;socio;no;Mitglied;;;Mitglied, Gesellschafter, Genossenschafter;Für die Gründung und das Vorhandensein muss der Verein mindestens 9 Mitglieder haben.
homonyms;33;È esente da responsabilità quello degli amministratori il quale non abbia partecipato all'atto che ha causato il danno, salvo il caso in cui, essendo a cognizione che l'atto si stava per compiere, egli non abbia fatto constare del proprio dissenso.;civil law;responsabilità;yes;Haftung;zivilrechtliche Haftung, Verantwortlichkeit, Verantwortung;Vertretenmüssen, Eintretenmüssen, ;Haftung, Verantwortlichkeit;"""Von der Haftung befreit ist jener der Verwalter, der an der Rechtshandlung, die den Schaden verursacht hat, nicht teilgenommen hat, es sei denn, daß er, wenn er von der vorzunehmenden Rechtshandlung Kenntnis hat, nicht sein Nichteinverständnis geltend gemacht hat."""
homonyms;33;Nelle deliberazioni di approvazione del bilancio e in quelle che riguardano la loro responsabilità gli amministratori non hanno voto.;civil law;responsabilità;yes;Haftung;zivilrechtliche Haftung, Verantwortlichkeit, Verantwortung;Vertretenmüssen, Eintretenmüssen, ;Haftung, Verantwortlichkeit;"""Bei den Beschlüssen über die Genehmigung des Jahresabschlusses und bei jenen, die ihre Haftung betreffen, haben die Verwalter keine Stimme."""
homonyms;33;Eseguita la consegna, l'erede resta liberato da ogni responsabilità per i debiti ereditari.;civil law;responsabilità;yes;Haftung;zivilrechtliche Haftung, Verantwortlichkeit, Verantwortung;Vertretenmüssen, Eintretenmüssen, ;Haftung, Verantwortlichkeit;Nach der Übergabe bleibt der Erbe von jeder Haftung für die Erbschaftsschulden befreit.
homonyms;33;È nullo qualsiasi patto che esclude o limita preventivamente la responsabilità del debitore per dolo o per colpa grave.;civil law;responsabilità;yes;Haftung;zivilrechtliche Haftung, Verantwortlichkeit, Verantwortung;Vertretenmüssen, Eintretenmüssen, ;Haftung, Verantwortlichkeit;"""Jede Abmachung, die die Haftung des Schuldners für Vorsatz oder grobe Fahrlässigkeit vorab ausschließt oder einschränkt, ist nichtig."""
homonyms;33;La responsabilità di cui al presente articolo è limitata al valore di quanto sia deteriorato, distrutto o sottratto, sino all'equivalente di cento volte il prezzo di locazione dell'alloggio per giornata.;civil law;responsabilità;yes;Haftung;zivilrechtliche Haftung, Verantwortlichkeit, Verantwortung;Vertretenmüssen, Eintretenmüssen, ;Haftung, Verantwortlichkeit;"""Die Haftung gemäß diesem Artikel ist auf den Wert des Beschädigten, Zerstörten oder Entwendten bis auf das Hundertausmaß des hunderten Mietpreises der Wohnung pro Tag beschränkt."""
homonyms;34;Non può essere assunta da uno stesso difensore la difesa di più imputati che abbiano reso dichiarazioni concernenti la responsabilità di altro imputato nel medesimo procedimento o in procedimento connesso ai sensi dell’articolo 12.;criminal law;responsabilità;yes;Verantwortlichkeit;strafrechtliche Verantwortung, strafrechtilche Verantwortlichkeit;;Haftung, Verantwortlichkeit;"""Die Verteidigung mehrerer Angeklagter, die im Sinne von Artikel 12 eine andere Angeklagte haftet, darf nicht von einem ein und demselben Verteidiger übernommen werden."""
homonyms;34;Il testimone non può essere obbligato a deporre sui fatti per i quali è stata pronunciata in giudizio sentenza di condanna nei suoi confronti, se nel procedimento egli aveva negato la propria responsabilità ovvero non aveva reso alcuna dichiarazione.;criminal law;responsabilità;yes;Verantwortlichkeit;strafrechtliche Verantwortung, strafrechtilche Verantwortlichkeit;;Haftung, Verantwortlichkeit;"""Der Zeuge kann nicht verpflichtet werden, über Tatsachen, für die er vor Gericht auf Verurteilung gegen ihn entschieden worden ist, zu erheben, wenn er im Verfahren seine Haftung verweigert oder keine Erklärung abgegeben hatte."""
homonyms;34;Salvo che si tratti di persona minore degli anni quattordici, il presidente avverte altresì il testimone delle responsabilità previste dalla legge penale per i testimoni falsi o reticenti.;criminal law;responsabilità;yes;Verantwortlichkeit;strafrechtliche Verantwortung, strafrechtilche Verantwortlichkeit;;Haftung, Verantwortlichkeit;"""Sofern es sich nicht um eine Person unter vierzehn Jahren handelt, hat der Vorsitzende den Zeugen außerdem über die vom Strafgesetz vorgesehenen Haftungen für gefälschte oder verdünnende Zeugen zu unterrichten."""
homonyms;34;In sede di discussione del giudizio abbreviato l’avvocato Rossi richiedeva l’assoluzione dell’imputato poiché dalle risultanze istruttorie non emergeva alcuna responsabilità penale del proprio assistito.;criminal law;responsabilità;yes;Verantwortlichkeit;strafrechtliche Verantwortung, strafrechtilche Verantwortlichkeit;;Haftung, Verantwortlichkeit;"""Bei der Erörterung des abgekürzten Verfahrens beantragte der Rechtsanwalt roter Rechtsanwalt den Aufhebungsbeschluss des Angeklagten, da aus den Ermittlungsergebnissen keine strafrechtliche Verantwortung des eigenen Betreuten hervorgeht."""
homonyms;34;La condanna è possibile soltanto quando vi sia la certezza processuale assoluta della responsabilità dell'imputato (Cass. pen., sez. II, 21 aprile 2006, n. 19575).;criminal law;responsabilità;yes;Verantwortlichkeit;strafrechtliche Verantwortung, strafrechtilche Verantwortlichkeit;;Haftung, Verantwortlichkeit;"""Die Verurteilung ist nur dann möglich, wenn die absolute Verfahrenssicherheit für die Haftung des Angeklagten besteht (Abs. Pen., Sek. II., 21. April 2006, Nr. 19575)."""
homonyms;35;L'assemblea convocata per la revoca o le dimissioni delibera in ordine alla nomina del nuovo amministratore.;civil law;revoca;yes;Abberufung;;;Widerruf, Abberufung;Die zum Widerruf oder Rücktritt einberufene Gesellschafterversammlung beschließt über die Bestellung des neuen Verwalters.
homonyms;35;La revoca dell'amministratore può essere deliberata in ogni tempo dall'assemblea, con la maggioranza prevista per la sua nomina oppure con le modalità previste dal regolamento di condominio.;civil law;revoca;yes;Abberufung;;;Widerruf, Abberufung;Der Widerruf des Verwalters kann jederzeit von der Gesellschafterversammlung mit der für die Bestellung vorgesehenen Mehrheit oder mit den in der Gemeinschaftsordnung vorgesehenen Modalitäten beschlossen werden.
homonyms;35;In caso di revoca da parte dell'autorità giudiziaria, l'assemblea non può nominare nuovamente l'amministratore revocato.;civil law;revoca;yes;Abberufung;;;Widerruf, Abberufung;Im Falle eines Widerrufs durch die Gerichtsbehörde kann die Gesellschafterversammlung den abberufenen Verwalter nicht neu bestellen.
homonyms;35;Per la nomina degli amministratori e per la loro revoca nel caso indicato nel secondo comma dell'articolo 2259 sono necessari il consenso dei soci accomandatari e l'approvazione di tanti soci accomandanti che rappresentino la maggioranza del capitale da essi sottoscritto.;civil law;revoca;yes;Abberufung;;;Widerruf, Abberufung;"""Für die Bestellung der Verwalter und ihren Widerruf in dem im zweiten Absatz des Artikels 2259 bezeichneten Fall sind die Einwilligung der Komplementäre und die Genehmigung so vieler Kommanditisten erforderlich, daß sie die Mehrheit des von ihnen unterschriebenen Kapitals vertreten."""
homonyms;35;Lo statuto può richiedere maggioranze più elevate, tranne che per l'approvazione del bilancio e per la nomina e la revoca delle cariche sociali.;civil law;revoca;yes;Abberufung;;;Widerruf, Abberufung;Die Satzung kann für die Genehmigung des Haushaltsvoranschlages und für die Bestellung und den Widerruf der Gesellschaftsämter größere Mehrheiten verlangen.
homonyms;36;Restano salvi fino al loro adempimento tutti gli obblighi assunti prima della revoca delle deliberazioni stesse. ;administrative law;revoca;yes;Widerruf;;;Widerruf, Abberufung;Alle vor dem Widerruf der Beschlüsse eingegangenen Verpflichtungen bleiben bis zur Erfüllung derselben aufrecht.
homonyms;36;Qualora sopravvengano giustificati motivi il giudice, su istanza di parte, può disporre la revoca o la modifica dei provvedimenti di cui ai commi precedenti.;administrative law;revoca;yes;Widerruf;;;Widerruf, Abberufung;"""Wenn gerechtfertigte Gründe vorliegen, kann das Gericht auf Antrag einer Partei den Widerruf oder die Änderung der in den vorhergehenden Absätzen vorgesehenen Verfügungen verfügen."""
homonyms;36;La revoca determina la inidoneità del provvedimento revocato a produrre ulteriori effetti. ;administrative law;revoca;yes;Widerruf;;;Widerruf, Abberufung;"""Der Widerruf bewirkt die Untauglichkeit der widerrufenen Verfügung, weitere Wirkungen zu erwirken."""
homonyms;36;La revoca dell'adozione può essere pronunziata dal tribunale su domanda dell'adottante, quando l'adottato abbia attentato alla vita di lui o del suo coniuge, dei suoi discendenti o ascendenti.;administrative law;revoca;yes;Widerruf;;;Widerruf, Abberufung;"""Der Widerruf der Adoption kann vom Landesgericht auf Antrag des Adoptierenden ausgesprochen werden, wenn der Adoptierte auf das Leben seines Ehegatten, seines Ehegatten, seiner Nachkommen oder Vorfahren achten hat."""
homonyms;36;Quando i fatti previsti dall'articolo precedente sono stati compiuti dall'adottante contro l'adottato, oppure contro il coniuge o i discendenti o gli ascendenti di lui, la revoca può essere pronunciata su domanda dell'adottato.;administrative law;revoca;yes;Widerruf;;;Widerruf, Abberufung;"""Wenn die im vorhergehenden Artikel vorgesehenen Tatsachen vom Adoptierenden gegen den Adoptierten oder gegen dessen Ehegatten oder Nachkommen oder Vorfahren vorgenommen worden sind, kann der Widerruf auf Antrag des Adoptierten ausgesprochen werden."""
homonyms;37;Al fine di prevenire azioni di sciopero vengono previste, con contratto collettivo, procedure di raffreddamento dei conflitti di lavoro, di mediazione e di conciliazione.;civil procedure law;conciliazione;yes;Schlichtung;;;Schlichtung, Versöhnung;"""Zur Verhütung von Streikaktionen werden mit Kollektivvertrag Verfahren zur Klärung von Arbeitskonflikten, zur Mediation und zur Schlichtung vorgesehen."""
homonyms;37;Nelle materie di cui al comma 1 del presente articolo il tentativo di conciliazione qui disciplinato viene esperito in luogo del procedimento di mediazione finalizzata alla conciliazione delle controversie civili e commerciali.;civil procedure law;conciliazione;yes;Schlichtung;;;Schlichtung, Versöhnung;In den Sachbereichen laut Absatz 1 dieses Artikels wird der hier geregelte Schlichtungsversuch anstelle des Mediationsverfahrens zur Schlichtung von zivilrechtlichen und gewerblichen Streitigkeiten durchgeführt.
homonyms;37;Se la conciliazione riesce, anche limitatamente ad una parte della pretesa avanzata dal dipendente, viene redatto separato processo verbale sottoscritto dalle parti e dai componenti del collegio di conciliazione.;civil procedure law;conciliazione;yes;Schlichtung;;;Schlichtung, Versöhnung;"""Gelingt die Schlichtung, auch nur für einen Teil der Forderung, die vom Bediensteten erhoben wird, wird ein getrenntes Protokoll verfasst, das von den Parteien und den Mitgliedern der Schlichtungskommission unterzeichnet wird."""
homonyms;37;Qualora la conciliazione non si concluda entro 60 giorni, si procede d’ufficio all’esproprio, all’imposizione di servitù coattive o all’occupazione.;civil procedure law;conciliazione;yes;Schlichtung;;;Schlichtung, Versöhnung;"""Falls die Schlichtung nicht innerhalb von 60 Tagen abgeschlossen wird, wird von Amts wegen die Enteignung, die Auferlegung von Zwangsdienstbarkeiten oder die Besetzung vorgenommen."""
homonyms;37;L’esito della conciliazione è formalizzato in un verbale di conciliazione, che è sottoscritto dalle parti e dal direttore della Ripartizione provinciale Agricoltura o dalla persona incaricata di esperire il tentativo di conciliazione.;civil procedure law;conciliazione;yes;Schlichtung;;;Schlichtung, Versöhnung;"""Das Schlichtungsergebnis wird in einem Schlichtungsprotokoll formalisiert, das von den Parteien und vom Direktor der Landesabteilung Landwirtschaft oder von der mit dem Schlichtungsversuch beauftragten Person unterzeichnet wird."""
homonyms;38;Se la conciliazione non riesce, si dà atto nel processo verbale del consenso dei coniugi alla separazione e delle condizioni riguardanti i coniugi stessi e la prole.;civil procedure law;conciliazione;yes;Versöhnung;;;Schlichtung, Versöhnung;"""Gelingt die Schlichtung nicht, so wird im Protokoll die Einwilligung der Ehegatten zur Trennung und die die Ehegatten und die Kinder betreffenden Bedingungen bestätigt."""
homonyms;38;I coniugi per far cessare gli effetti della sentenza di separazione e per rendere la conciliazione opponibile a terzi devono rendere una dichiarazione davanti all’ufficiale di Stato Civile presso il Comune dove fu celebrato il matrimonio.;civil procedure law;conciliazione;yes;Versöhnung;;;Schlichtung, Versöhnung;"""Um die Wirkungen des Absonderungsurteils zu beenden und um einen Schlichtungsverfahren Dritten entgegenzuwirken, müssen die Ehegatten eine Erklärung vor dem Standesbeamten der Gemeinde abgeben, in der die Eheschließung erfolgt ist."""
homonyms;38;La Riforma del processo civile, in considerazione della natura della causa che interessa l’ambito familiare, dedica ampio spazio e favorisce la conciliazione e la mediazione, la prima intesa come tentativo del giudice di ricomporre la crisi e ripristinare l’unità familiare.;civil procedure law;conciliazione;yes;Versöhnung;;;Schlichtung, Versöhnung;"""Die Zivilprozessreform begünstigt unter Berücksichtigung der Art des Ursatzes, der den familiären Bereich betrifft, weitgehend und fördert die Vereinbarung und Vermittlung, das erste Versuchsversuch des Gerichts, die Krise wiederherzustellen und die Familieneinheit wiederherzustellen."""
homonyms;38;Il procedimento consensuale si promuove con ricorso al Tribunale in composizione collegiale per l’esperimento del tentativo di conciliazione e, in difetto di conciliazione, per la formalizzazione della volontà dei coniugi di vivere separati.;civil procedure law;conciliazione;yes;Versöhnung;;;Schlichtung, Versöhnung;"""Das einvernehmliche Verfahren wird mit Rekurs an das Landesgericht in seiner Zusammensetzung für die Versuchsversuchsverständigung und, falls keine Schlichtung erfolgt, für die Formalisierung des Willens der Ehegatten, getrennt zu leben, eingeleitet."""
homonyms;38;Il Presidente del Tribunale fa un tentativo di conciliazione fra i coniugi e, se la conciliazione non riesce, adotta eventuali provvedimenti urgenti necessari per la coppia o i figli.;civil procedure law;conciliazione;yes;Versöhnung;;;Schlichtung, Versöhnung;"""Der Präsident des Landesgerichts erstellt einen Schlichtungsversuch zwischen den Ehegatten und trifft, wenn die Schlichtung nicht hervorgeht, allfällige für das Paar oder die Kinder notwendige dringende Maßnahmen."""
homonyms;39;Se i coeredi che intendono esercitare il diritto di riscatto sono più, la quota è assegnata a tutti in parti uguali.;inheritance law;diritto di riscatto;yes;Einlösungsrecht;;;Wiederkaufsrecht, Einlösungsrecht;"""Sind mehrere Miterben, die das Wiederkaufsrecht ausüben wollen, so wird der Anteil allen zu gleichen Teilen zugewiesen."""
homonyms;39;Dato l’intento del legislatore di circoscrivere la comunione ereditaria ai soli coeredi e di accrescere le loro quote patrimoniali in caso di alienazione di una di queste, il diritto di riscatto, così come il diritto di prelazione, non si può trasferire a soggetti estranei.;inheritance law;diritto di riscatto;yes;Einlösungsrecht;;;Wiederkaufsrecht, Einlösungsrecht;"""Aufgrund der Verständigung des Gesetzgebers, die Erbschaftsgemeinschaft nur auf Miterben zu beschränken und ihre Vermögensanteile im Falle der Veräußerung einer derselben zu erhöhen, kann das Wiederkaufsrecht sowie das Vorkaufsrecht nicht auf externe Personen übertragen werden."""
homonyms;39;Non necessariamente in caso di violazione del diritto di prelazione gli altri coeredi devono esercitare il diritto di riscatto.;inheritance law;diritto di riscatto;yes;Einlösungsrecht;;;Wiederkaufsrecht, Einlösungsrecht;Nicht unbedingt bei Verletzung des Vorkaufsrechts müssen die anderen Miterben das Wiederkaufsrecht ausüben.
homonyms;39;Il diritto di riscatto in cui si esprime il retratto successorio si esercita con una dichiarazione unilaterale del coerede resa innanzi ad un notaio.;inheritance law;diritto di riscatto;yes;Einlösungsrecht;;;Wiederkaufsrecht, Einlösungsrecht;"""Das Wiederkaufsrecht, in dem der Nachfolger abgegeben wird, wird durch eine einseitige Erklärung des Miterben, die vor einem Notar abgegeben wird, ausgeübt."""
homonyms;39;Una volta esercitato il diritto di riscatto, il coerede assume la posizione di acquirente come se avesse avuto la possibilità di esercitare il diritto di prelazione.;inheritance law;diritto di riscatto;yes;Einlösungsrecht;;;Wiederkaufsrecht, Einlösungsrecht;"""Nach Ausübung des Wiederkaufsrechtes übernimmt der Miterbe die Stellung des Erwerbers, als wenn er die Möglichkeit zur Ausübung des Vorkaufsrechts hatte."""
homonyms;40;Il venditore che esercita il diritto di riscatto è tenuto a rimborsare al compratore il prezzo, le spese e ogni altro pagamento legittimamente fatto per la vendita e le spese per le riparazioni necessarie.;law of obligations;diritto di riscatto;yes;Wiederkaufsrecht;Wiederkauf;Rückkaufsrecht;Wiederkaufsrecht, Einlösungsrecht;"""Der Verkäufer, der das Wiederkaufsrecht ausübt, ist verpflichtet, dem Käufer den Preis, die Kosten und jede andere rechtmäßig vorgenommene Zahlung für den Verkauf und die Kosten für die notwendigen Ausbesserungen zu ersetzen."""
homonyms;40;Il venditore decade dal diritto di riscatto, se entro il termine fissato non comunica al compratore la dichiarazione di riscatto e non gli corrisponde le somme liquide dovute per il rimborso del prezzo e delle spese.;law of obligations;diritto di riscatto;yes;Wiederkaufsrecht;Wiederkauf;Rückkaufsrecht;Wiederkaufsrecht, Einlösungsrecht;"""Der Verkäufer verwirkt das Wiederkaufsrecht, wenn er dem Käufer nicht innerhalb der festgesetzten Frist die Erklärung über den Wiederkaufsvertrag mitteilt und ihm die für die Rückerstattung des Preises und der Kosten geschuldeten flüssigen Beträge nicht entrichtet."""
homonyms;40;Se il compratore rifiuta di ricevere il pagamento dei rimborsi, il venditore decade dal diritto di riscatto, qualora non ne faccia offerta reale entro otto giorni dalla scadenza del termine.;law of obligations;diritto di riscatto;yes;Wiederkaufsrecht;Wiederkauf;Rückkaufsrecht;Wiederkaufsrecht, Einlösungsrecht;"""Wenn der Käufer die Zahlung der Rückerstattungen verweigert, verliert der Verkäufer sein Wiederkaufsrecht, wenn er dies nicht innerhalb von acht Tagen ab Ablauf der Frist tatsächlich angeboten hat."""
homonyms;40;Il venditore che ha legittimamente esercitato il diritto di riscatto nei confronti del compratore può ottenere il rilascio della cosa anche dai successivi acquirenti, purché il patto sia ad essi opponibile.;law of obligations;diritto di riscatto;yes;Wiederkaufsrecht;Wiederkauf;Rückkaufsrecht;Wiederkaufsrecht, Einlösungsrecht;"""Der Verkäufer, der das Wiederkaufsrecht gegenüber dem Käufer rechtmäßig ausgeübt hat, kann die Befreiung der Sache auch von den nachfolgenden Erwerbern erlangen, sofern ihnen die Abmachung entgegengehalten werden kann."""
homonyms;40;Se più persone hanno venduto congiuntamente, mediante un solo contratto, una cosa indivisa, ciascuna può esercitare il diritto di riscatto solo sopra la quota che le spettava.;law of obligations;diritto di riscatto;yes;Wiederkaufsrecht;Wiederkauf;Rückkaufsrecht;Wiederkaufsrecht, Einlösungsrecht;"""Haben mehrere Personen gemeinsam mit einem einzigen Vertrag eine ungeteilte Sache verkauft, so kann jede zurückgängige Sache das Wiederkaufsrecht nur über den ihr zustehenden Anteil ausüben."""
homonyms;41;È escluso dalla successione come indegno chi ha indotto con dolo o violenza la persona, della cui successione si tratta, a fare, revocare o mutare il testamento, o ne l'ha impedita.;law of obligations;dolo;no;Arglist;;arglistige Täuschung, List;Arglist, Vorsatz;"""Von der Erbfolge als Unwürdigkeit ist ausgeschlossen, wer die Person, um deren Erbfolge es sich handelt, vorsätzlich oder gewaltet hat, das Testament zu errichten, zu widerrufen oder zu ändern oder es zu verhindern."""
homonyms;41;La disposizione testamentaria può essere impugnata da chiunque vi abbia interesse quando è l'effetto di errore, di violenza o di dolo.;law of obligations;dolo;no;Arglist;;arglistige Täuschung, List;Arglist, Vorsatz;"""Die testamentarische Verfügung kann von jedem, der ein Interesse daran hat, angefochten werden, wenn sie die Folge von Irrtum, Zwang oder Arglist ist."""
homonyms;41;Chi, avendo più debiti, accetta una quietanza nella quale il creditore ha dichiarato di imputare il pagamento a uno di essi, non può pretendere un'imputazione diversa, se non vi è stato dolo o sorpresa da parte del creditore.;law of obligations;dolo;no;Arglist;;arglistige Täuschung, List;Arglist, Vorsatz;"""Wer mehrere Schulden hat und eine Quittung annimmt, in der der Gläubiger erklärt hat, die Zahlung einer von ihnen anzurechnen, kann eine andere Anlastung nur verlangen, wenn der Gläubiger vorsätzlich oder überrascht war."""
homonyms;41;Il contraente, il cui consenso fu dato per errore, estorto con violenza o carpito con dolo, può chiedere l'annullamento del contratto secondo le disposizioni seguenti.;law of obligations;dolo;no;Arglist;;arglistige Täuschung, List;Arglist, Vorsatz;"""Der Vertragspartner, dessen Einwilligung wegen Irrtums, erpresst mit Zwang oder arglistig gegeben worden ist, kann die Nichtigerklärung des Vertrages nach den folgenden Bestimmungen beantragen."""
homonyms;41;Il dolo è causa di annullamento del contratto quando i raggiri usati da uno dei contraenti sono stati tali che, senza di essi, l'altra parte non avrebbe contrattato.;law of obligations;dolo;no;Arglist;;arglistige Täuschung, List;Arglist, Vorsatz;"""Die Arglist ist Grund für die Nichtigerklärung des Vertrages, wenn die von einer der Vertragsparteien verwendeten Täuschungen so begangen worden sind, dass die andere Partei ohne sie keinen Vertrag abgeschlossen hätte."""
homonyms;42;Sono circostanze soggettive quelle che concernono la intensità del dolo o il grado della colpa, o le condizioni e le qualità personali del colpevole, o i rapporti fra il colpevole e l'offeso, ovvero che sono inerenti alla persona del colpevole;criminal law;dolo;yes;Vorsatz;vorsätzliches Verhalten;;Arglist, Vorsatz;"""Subjektive Umstände sind Umstände, die die Intensität des Arglistrechts oder den Grad der Fahrlässigkeit, die persönlichen Verhältnisse und Eigenschaften des Schuldigen oder die Beziehungen zwischen dem Schuldigen und dem Beleidigten betreffen oder mit der Person des Schuldigen zusammenhängen."""
homonyms;42;Il donante, in caso d'inadempimento o di ritardo nell'eseguire la donazione, è responsabile soltanto per dolo o per colpa grave.;criminal law;dolo;yes;Vorsatz;vorsätzliches Verhalten;;Arglist, Vorsatz;Der Schenker haftet bei Nichterfüllung oder bei Verspätung bei der Durchführung der Schenkung nur für Vorsatz oder grobe Fahrlässigkeit.
homonyms;42;Il giudice che dichiara la nullità di un atto ne dispone la rinnovazione, qualora sia necessaria e possibile, ponendo le spese a carico di chi ha dato causa alla nullità per dolo o colpa grave.;criminal law;dolo;yes;Vorsatz;vorsätzliches Verhalten;;Arglist, Vorsatz;"""Das Gericht, das die Nichtigkeit eines Aktes erklärt, verfügt dessen Erneuerung, sofern dies notwendig und möglich ist, und stellt die Kosten demjenigen auf, der die Nichtigkeit aus Vorsatz oder grobe Fahrlässigkeit verursacht hat."""
homonyms;42;Nessuno può essere punito per un fatto preveduto dalla legge come delitto, se non l'ha commesso con dolo, salvi i casi di delitto preterintenzionale o colposo espressamente preveduti dalla legge.;criminal law;dolo;yes;Vorsatz;vorsätzliches Verhalten;;Arglist, Vorsatz;"""Niemand kann wegen einer vom Gesetz als Verbrechen vorgesehenen Tat bestraft werden, wenn er sie nicht vorsätzlich begangen hat, außer in Fällen eines vorsätzlichen oder fahrlässigen Verbrechens, die vom Gesetz ausdrücklich vorgesehen sind."""
homonyms;42;Le circostanze che aggravano o diminuiscono le pene concernenti i motivi a delinquere, l'intensità del dolo, il grado della colpa e le circostanze inerenti alla persona del colpevole, sono valutate soltanto riguardo alla persona a cui si riferiscono.;criminal law;dolo;yes;Vorsatz;vorsätzliches Verhalten;;Arglist, Vorsatz;"""Umstände, die die Strafen hinsichtlich der Gründe für ein Verbrechen, der Intensität des Arglistverhaltens, des Schuldengrades und der Umstände, die mit der Person des Schuldigen zusammenhängen, verstärken oder verringern, werden nur hinsichtlich der Person, auf die sie sich beziehen, bewertet."""
homonyms;43;La causa è illecita quando è contraria a norme imperative, all'ordine pubblico o al buon costume.;law of obligations;causa;yes;Rechtsgrund;;causa;Rechtsstreit, Rechtsgrund;"""Der Rechtsstreit ist unerlaubt, wenn er zwingende Vorschriften, die Rechtsordnung der öffentlichen Hand oder die guten Sitten verletzt."""
homonyms;43;Si reputa altresì illecita la causa quando il contratto costituisce il mezzo per eludere l'applicazione di una norma imperativa.;law of obligations;causa;yes;Rechtsgrund;;;Rechtsstreit, Rechtsgrund;"""Ebenso gilt der Rechtsgrund als unerlaubt, wenn der Vertrag das Mittel zur Umgestaltung der Anwendung einer zwingenden Vorschrift darstellt."""
homonyms;43;La nullità o l'annullamento del contratto di lavoro non produce effetto per il periodo in cui il rapporto ha avuto esecuzione, salvo che la nullità derivi dall'illiceità dell'oggetto o della causa.;law of obligations;causa;yes;Rechtsgrund;;;Rechtsstreit, Rechtsgrund;"""Die Nichtigkeit oder die Nichtigerklärung des Arbeitsvertrages wirkt für den Zeitraum, in dem das Arbeitsverhältnis vollstreckt worden ist, sofern die Nichtigkeit nicht auf die Unerlaubtheit des Gegenstands oder des Rechtsstreits zurückzuführen ist."""
homonyms;43;Producono nullità del contratto la mancanza di uno dei requisiti indicati dall'articolo 1325, l'illiceità della causa, l'illiceità dei motivi nel caso indicato dall'articolo 1345 e la mancanza nell'oggetto dei requisiti stabiliti dall'articolo 1346.;law of obligations;causa;yes;Rechtsgrund;;;Rechtsstreit, Rechtsgrund;"""Das Fehlen einer der in Artikel 1325 bezeichneten Voraussetzungen, die Unerlaubtheit des Rechtsstreits, die Unerlaubtheit der Gründe in dem in Artikel 1345 bezeichneten Fall und das Fehlen des Gegenstandes der in Artikel 1346 festgesetzten Voraussetzungen verlangen die Nichtigkeit des Vertrages."""
homonyms;43;La causa è nello scopo pratico ovvero nella funzione economico-individuale del contratto.;law of obligations;causa;yes;Rechtsgrund;;;Rechtsstreit, Rechtsgrund;Der Grund ist der praktische Zweck bzw. die wirtschaftlich-individuelle Funktion des Vertrages.
homonyms;44;L'istanza per ottenere la sospensione proposta prima dell'inizio della causa non sospende né interrompe il termine per la proposizione dell'impugnazione della deliberazione.;civil procedure law;causa;yes;Rechtsstreit;;;Rechtsstreit, Rechtsgrund;Der Antrag auf Einreichung der vor dem Einleitung des Rechtsstreits eingebrachten Aussetzung setzt die Frist für die Erhebung der Anfechtung des Beschlusses weder aus noch unterbricht er dieser Frist.
homonyms;44;La trattazione della causa ha inizio quando sia decorso il termine suddetto.;civil procedure law;causa;yes;Rechtsstreit;;;Rechtsstreit, Rechtsgrund;Die Verhandlung des Rechtsstreits beginnt nach Ablauf der genannten Frist.
homonyms;44;La competenza degli arbitri non è esclusa dalla pendenza della stessa causa davanti al giudice, né dalla connessione tra la controversia ad essi deferita ed una causa pendente davanti al giudice.;civil procedure law;causa;yes;Rechtsstreit;;;Rechtsstreit, Rechtsgrund;Die Zuständigkeit der Schiedsrichter ist weder von der Anhängigkeit desselben Rechtsstreits vor dem Gericht ausgeschlossen noch von der Zusammenhangslegung zwischen dem ihnen zugewiesenen Rechtsstreit und einem vor dem Gericht anhängigen Rechtsstreit.
homonyms;44;Se la riassunzione della causa davanti al giudice dichiarato competente avviene nel termine fissato nella ordinanza dal giudice, il processo continua davanti al nuovo giudice.;civil procedure law;causa;yes;Rechtsstreit;;;Rechtsstreit, Rechtsgrund;"""Erfolgt die Aufnahme des Rechtsstreits vor dem für zuständig erklärten Gericht innerhalb der im Beschluss des Gerichts festgesetzten Frist, so wird das Verfahren vor dem neuen Gericht weitergeführt."""
homonyms;44;Il giudice ha l'obbligo di astenersi se ha interesse nella causa o in altra vertente su identica questione di diritto.;civil procedure law;causa;yes;Rechtsstreit;;;Rechtsstreit, Rechtsgrund;"""Das Gericht hat sich zu enthalten, wenn es ein Interesse am Rechtsstreit oder an einem anderen Rechtsstreit in einer gleichartigen Rechtsfrage hat."""
homonyms;45;Nel processo davanti a tale giudice le parti esercitano gli stessi diritti e facoltà che sarebbero loro spettati davanti al giudice originariamente competente.;civil law;facoltà;yes;Befugnis;;;Befugnis, Fakultät;"""Im Verfahren vor diesem Gericht üben die Parteien dieselben Rechte und Befugnisse aus, die ihnen vor dem ursprünglich zuständigen Gericht zustanden."""
homonyms;45;L'inventario deve essere compiuto nel termine di trenta giorni, salva al giudice tutelare la facoltà di prorogare il termine se le circostanze lo esigono.;civil law;facoltà;yes;Befugnis;;;Befugnis, Fakultät;"""Das Inventar ist innerhalb einer Frist von dreißig Tagen abzuschließen, vorbehaltlich der Befugnis des Vormundschaftsgerichts, die Frist zu verlängern, wenn die Umstände es erfordern."""
homonyms;45;In quest'ultimo caso l'onerato è obbligato ad acquistare la proprietà della cosa dal terzo e a trasferirla al legatario, ma è in sua facoltà di pagarne al legatario il giusto prezzo.;civil law;facoltà;yes;Befugnis;;;Befugnis, Fakultät;"""Im letztgenannten Fall ist der Beschwerte verpflichtet, das Eigentum an der Sache vom Dritten zu erwerben und diese dem Vermächtnisnehmer zu übertragen, ist jedoch in seiner Befugnis, dem Vermächtnisnehmer den angemessenen Preis zu zahlen."""
homonyms;45;I chiamati all'eredità, che hanno sottratto o nascosto beni spettanti all'eredità stessa, decadono dalla facoltà di rinunziarvi e si considerano eredi puri e semplici, nonostante la loro rinunzia.;civil law;facoltà;yes;Befugnis;;;Befugnis, Fakultät;"""Die zur Erbschaft Berufenen, die der Erbschaft zustehende Sachen entzogen oder verborgen haben, verfallen von der Befugnis, diese zu verzichten, und gelten trotz ihrer Ausschlagung als rein und einfach Erben."""
homonyms;45;Chiunque ha interesse può chiedere che l'autorità giudiziaria fissi un termine entro il quale il legatario dichiari se intende esercitare la facoltà di rinunziare.;civil law;facoltà;yes;Befugnis;;;Befugnis, Fakultät;"""Jeder, der ein Interesse daran hat, kann verlangen, dass die Gerichtsbehörde eine Frist festsetzt, innerhalb welcher der Vermächtnisnehmer erklären kann, ob er die Befugnis zur Ausschlagung ausüben will."""
homonyms;46;Le Facoltà hanno il compito primario di organizzare e coordinare l'attività didattica dei corsi di studio e degli altri corsi che ad esse afferiscono, predisponendo i relativi regolamenti anche su proposta della Commissione Didattica della Facoltà.;university law;facoltà;yes;Fakultät;;;Befugnis, Fakultät;"""Die Befugnisse haben die primäre Aufgabe, die didaktische Tätigkeit der Studiengänge und der anderen Kurse, die sie betreffen, zu organisieren und zu koordinieren, wobei sie die entsprechenden Verordnungen auch auf Vorschlag der Didaktischen Kommission der Fakultät vorbereiten."""
homonyms;46;Le Facoltà sono le strutture didattiche e di ricerca che operano secondo quanto previsto dal Regolamento didattico di Ateneo.;university law;facoltà;yes;Fakultät;;;Befugnis, Fakultät;"""Die Befugnisse sind die didaktischen und Forschungseinrichtungen, die gemäß den Studienordnungen der Hochschule tätig sind."""
homonyms;46;I corsi di laurea sono organizzati e coordinati attraverso grandi aree di studio multidisciplinari, rappresentate da Facoltà e Scuole.;university law;facoltà;yes;Fakultät;;;Befugnis, Fakultät;"""Die Laureatslehrgänge werden über große fächerübergreifende Studienbereiche organisiert und koordiniert, die von Fakultäten und Schulen vertreten sind."""
homonyms;46;Più di 1.000 sono gli iscritti alla nostra facoltà, i cui punti di forza sono l'internazionalità e il trilinguismo - italiano, tedesco, inglese - che preparano a operare in un contesto globale.;university law;facoltà;yes;Fakultät;;;Befugnis, Fakultät;"""Über 1.000 Personen sind in die Möglichkeit eingetragen, deren Stärke die Internationalität und Dreisprachigkeit - Italienisch, Deutsch, Englisch - sind, die sich auf eine ganzheitliche Arbeit bereitstellen."""
homonyms;46;Gli studenti possono partecipare a esperienze di apprendimento nei laboratori della facoltà.;university law;facoltà;yes;Fakultät;;;Befugnis, Fakultät;Die Schüler können an Lernerfahrungen in den Fähigkeitswerkstätten teilnehmen.
homonyms;47;Eseguite le iscrizioni dell'atto di fusione a norma del secondo comma dell'articolo 2504, l'invalidità dell'atto di fusione non può essere pronunciata.;administrative law;invalidità;yes;Ungültigkeit;;;Invalidität, Ungültigkeit;"""Nachdem die Eintragungen des Verschmelzungsaktes gemäß dem zweiten Absatz des Artikels 2504 erfolgt sind, kann die Ungültigkeit des Verschmelzungsaktes nicht mehr ausgesprochen werden."""
homonyms;47;L'autorità competente al rilascio delle autorizzazioni di cui al primo comma è legittimata, qualora l'iscrizione nel registro delle imprese sia avvenuta nonostante la loro mancanza o invalidità, a proporre istanza per la cancellazione della società medesima dal registro. ;administrative law;invalidità;yes;Ungültigkeit;;;Invalidität, Ungültigkeit;"""Die für die Erteilung der Genehmigungen gemäß Absatz 1 zuständige Behörde ist berechtigt, wenn die Eintragung in das Handelsregister trotz ihrer Fehlen oder Ungültigkeit erfolgt ist, einen Antrag auf Streichung der Gesellschaft aus dem Register zu stellen."""
homonyms;47;Nei casi e nei termini previsti dal precedente comma l'invalidità può essere rilevata d'ufficio dal giudice.;administrative law;invalidità;yes;Ungültigkeit;;;Invalidität, Ungültigkeit;In den im vorhergehenden Absatz vorgesehenen Fällen und innerhalb der im vorhergehenden Absatz vorgesehenen Fristen kann die Ungültigkeit vom Gericht von Amts wegen übernommen werden.
homonyms;47;L'invalidità della deliberazione per mancanza del verbale può essere sanata mediante verbalizzazione eseguita prima dell'assemblea successiva.;administrative law;invalidità;yes;Ungültigkeit;;;Invalidität, Ungültigkeit;Die Ungültigkeit des Beschlusses wegen Fehlens des Protokolls kann durch eine vor der nächsten Gesellschafterversammlung durchgeführte Niederschrift heilt werden.
homonyms;47;Un provvedimento si dice patologico quando è affetto da invalidità, che si verifica quando la difformità tra l'atto e le norme determina una lesione di interessi tutelati da queste stesse. ;administrative law;invalidità;yes;Ungültigkeit;;;Invalidität, Ungültigkeit;"""Eine Verfügung gilt als pathologisch, wenn sie Invalidität aufweist, die eintritt, wenn die Abweichung zwischen der Rechtshandlung und den Vorschriften eine Verletzung von durch dieselben geschützten Interessen bewirkt."""
homonyms;48;Attualmente le persone con invalidità civile per dimostrare l’invalidità devono produrre il verbale redatto dalla commissione medica dell’Azienda Sanitaria ove compare anche la patologia riscontrata.;social security law;invalidità;yes;Invalidität;;;Invalidität, Ungültigkeit;"""Derzeit müssen die Personen mit Zivilinvalidität zum Nachweis der Invalidität das Protokoll der Ärztekommission des Sanitätsbetriebes vorlegen, in dem auch die festgestellte Pathologie aufscheint."""
homonyms;48;Le commissioni mediche di ciascun comprensorio rilasceranno a tutte le persone a cui verrà attestata un’invalidità dal 46% in su la tessera d’invalidità.;social security law;invalidità;yes;Invalidität;;;Invalidität, Ungültigkeit;"""Die Ärztekommissionen jedes jeden Bezirkes werden allen Personen ausgestellt, denen eine Invalidität von 46% auf dem Invaliditätsausweis bescheinigt wird."""
homonyms;48;È escluso dalla prestazione chi ha effettuato cicli di cure termali per tre anni consecutivi, ad eccezione dei casi di riacutizzazione dell'infermità pensionata o di aggravamento dell'invalidità accertati dal medico addetto all'assistenza agli invalidi del Comprensorio sanitario.;social security law;invalidità;yes;Invalidität;;;Invalidität, Ungültigkeit;"""Von der Leistung ausgeschlossen ist, wer drei aufeinanderfolgende Jahre lang Thermalkuren durchgeführt hat, mit Ausnahme der Fälle, in denen die Ruhegehaltskrankheit aufgekleidet oder die Invalidität verschlechtert wurde, die vom Arzt für die Betreuung der Invaliden des Gesundheitsbezirkes festgestel"""
homonyms;48;Il premio di assunzione non è concesso se alla persona viene riconosciuta l’invalidità durante il rapporto di lavoro.;social security law;invalidità;yes;Invalidität;;;Invalidität, Ungültigkeit;"""Die Aufnahmeprämie wird nicht gewährt, wenn die Person während des Arbeitsverhältnisses die Invalidität anerkannt hat."""
homonyms;48;Nel caso di persone adulte, l’erogazione dei dispositivi per l’udito spetta, a prescindere dal riconoscimento della relativa invalidità, a coloro che hanno una ipoacusia bilaterale rilevata senza protesi pari o superiore a 45 dB HL nell’orecchio migliore.;social security law;invalidità;yes;Invalidität;;;Invalidität, Ungültigkeit;"""Im Falle von Erwachsenen steht die Ausgabe der Hörbehelfe, unabhängig von der Anerkennung der entsprechenden Invalidität, Personen zu, die eine beidseitige Hypotheasigkeit aufweisen, die im bestehenden Ohr ohne Prothesen von 45 dB HL oder mehr erhoben wird."""
homonyms;49;Se il contraente non paga il premio o la prima rata di premio stabilita dal contratto, l'assicurazione resta sospesa fino alle ore ventiquattro del giorno in cui il contraente paga quanto è da lui dovuto.;insurance law;premio;yes;Prämie;Versicherungsprämie;;Preis, Prämie;"""Bezahlt der Versicherungsnehmer die Prämie oder die erste im Vertrag festgesetzte Prämierate nicht, so bleibt die Versicherung bis vierundzwanzig Uhr des Tages ausgesetzt, an dem der Versicherungsnehmer das zahlt, was er zu zahlen hat."""
homonyms;49;È soggetto a collazione ciò che il defunto ha speso a favore dei suoi discendenti per assegnazioni fatte a causa di matrimonio o per soddisfare premi relativi a contratti di assicurazione sulla vita a loro favore.;insurance law;premio;yes;Prämie;Versicherungsprämie;;Preis, Prämie;"""Der Ausgleichung unterliegt, was der Verstorbene zugunsten seiner Nachkommen für Zuweisungen, die auf Grund der Eheschließung erfolgt sind, oder für die Befriedigung von Prämien, die sich auf Lebensversicherungsverträge zu ihren Gunsten beziehen, ausgezahlt hat."""
homonyms;49;Se l'usufruttuario ha provveduto all'assicurazione della cosa o al pagamento dei premi per la cosa già assicurata, l'usufrutto si trasferisce sull'indennità dovuta dall'assicuratore.;insurance law;premio;yes;Prämie;Versicherungsprämie;;Preis, Prämie;"""Hat der Fruchtnießer die Versicherung der Sache oder die Zahlung der Prämien für die bereits versicherte Sache vorgenommen, so überträgt der Fruchtgenuss auf die vom Versicherer geschuldete Entschädigung."""
homonyms;49;I premi relativi al periodo di assicurazione in corso al momento della comunicazione o della conoscenza sono dovuti per intero.;insurance law;premio;yes;Prämie;Versicherungsprämie;;Preis, Prämie;Die Prämien für den zum Zeitpunkt der Mitteilung oder der Kenntnis laufenden Versicherungszeitraum sind zur Gänze geschuldet.
homonyms;49;Il recesso dell'assicuratore ha effetto dopo quindici giorni, se l'aggravamento del rischio è tale che per l'assicurazione sarebbe stato richiesto un premio maggiore.;insurance law;premio;yes;Prämie;Versicherungsprämie;;Preis, Prämie;"""Der Rücktritt des Versicherers ist nach fünfzehn Tagen wirksam, wenn die Risikoerhöhung so erfolgt, dass für die Versicherung eine höhere Prämie beantragt wäre."""
homonyms;50;Nei concorsi a premio, i premi non richiesti o non assegnati, diversi da quelli rifiutati, sono devoluti a organizzazioni non lucrative di utilità sociale.;law;premio;yes;Preis;;;Preis, Prämie;"""Bei Prämienwettbewerben werden die nicht beantragten oder nicht zugewiesenen Prämien, die nicht der abgelehnten Prämien entsprechen, an nicht gewinnorientierte Organisationen von sozialem Nutzen übertragen."""
homonyms;50;Per concorsi a premi si intendono tutte le manifestazioni promozionali in cui solamente determinati partecipanti ricevono un premio.;law;premio;yes;Preis;;;Preis, Prämie;"""Unter Preiswettbewerben versteht man alle Werbeveranstaltungen, bei denen nur bestimmte Teilnehmer ein Preis erhalten."""
homonyms;50;I premi messi in palio sono consegnati agli aventi diritto entro il termine di sei mesi dall'individuazione dei vincitori.;law;premio;yes;Preis;;;Preis, Prämie;"""Die Prämien, die anstatt gepfohlen werden, werden den Anspruchsberechtigten innerhalb von sechs Monaten ab der Ausweisung der Gewinner ausgehändigt."""
homonyms;50;In caso di violazioni nella consegna dei premi, il Ministero determina l'incameramento totale o parziale della cauzione, pari al 100% del valore dei premi del concorso.;law;premio;yes;Preis;;;Preis, Prämie;Bei Verstößen bei der Übergabe der Prämien bestimmt das Ministerium die vollständige oder teilweise Einziehung der Kaution im Ausmaß von 100% des Wertes der Prämien des Wettbewerbs.
homonyms;50;L’obbligo di comunicazione di operazioni a premi al Ministero sussiste solo nel caso in cui non si possano consegnare immediatamente i premi ai vincitori.;law;premio;yes;Preis;;;Preis, Prämie;"""Die Pflicht zur Mitteilung von Prämienhandlungen an das Ministerium besteht nur dann, wenn die Preise nicht unverzüglich an die Gewinner ausgegeben werden können."""
