context	tgt_term_gold	tgt_term_AT	tgt_term_DE	tgt_term_CH
Die sachliche Zuständigkeit der österreichischen Gerichte hängt entweder vom Wert des Streitgegenstandes (Wertzuständigkeit) oder von der Art der Streitsache (Eigenzuständigkeit) ab.	Wertzuständigkeit		streitwertabhängige Zuständigkeit	
Der Kanzleibeamte hat dem ordnungsgemäß benannten Privatsachverständigen von den vorgesehenen Untersuchungen des Amtssachverständigen Mitteilung zu machen , damit er an ihnen gemäß Artikel 194 und 201 der Zivilprozeßordnung teilnehmen kann.	Parteisachverständiger,Privatsachverständiger	Privatgutachter	Parteigutachter,Privatgutachter	
Der Parteisachverständige ist  bei den Tätigkeiten des vom Gericht bestellten Sachverständigen anwesend und nimmt immer dann an der Verhandlung und an der nichtöffentlichen Sitzung teil, wenn der vom Gericht bestellte Sachverständige einschreitet .	Parteisachverständiger,Privatsachverständiger	Privatgutachter	Parteigutachter,Privatgutachter	
Der Instruktionsrichter prüft von Amts wegen die Ordnungsmäßigkeit der Einlassung der Parteien und fordert diese, wenn nötig, auf, die Prozeßhandlungen und die Urkunden, die er als mangelhaft erkennt, zu ergänzen oder den Vorschriften anzupassen.	Einlassung der Partei,Einlassung der Parteien	Streiteinlassung der Parteien		
Für Besitzschutzklagen  und für die Lage auf Unterlassung einer Bauführung und wegen eines drohenden Schadens  ist das Gericht des Ortes zuständig, an dem sich der angezeigte Sachverhalt ereignet hat.	Besitzschutzklage	possessorische Klage	possessorische Klage	Besitzesschutzklage
Die Parteien können die Sprache oder die Sprachen, die im Schiedsverfahren zu verwenden sind, vereinbaren. Fehlt eine solche Vereinbarung, so bestimmt hierüber das Schiedsgericht.	Schiedsverfahren		schiedsgerichtliches Verfahren,schiedsrichterliches Verfahren	
Jeder Sachverständige hat vor dem Beginne der Beweisaufnahme den Sachverständigeneid zu leisten. Von der Beeidigung des Sachverständigen kann abgesehen werden, wenn beide Parteien auf die Beeidigung verzichten.	Beeidigung des Sachverständigen,Sachverständigeneid		Sachverständigenbeeidigung,Vereidigung des Sachverständigen	
Als rechtskräftig gilt ein Urteil, wenn es dem Verfahren der Zuständigkeitsfeststellung, der Berufung, der Kassationsbeschwerde sowie der Wiederaufnahmeklage aus den in Artikel 395, Ziffer 4 und 5, bezeichneten Gründen nicht mehr unterliegt .	Festlegung der Zuständigkeit,Zuständigkeitsfeststellung	Feststellung der Zuständigkeit	Feststellung der Zuständigkeit	
Außer in bestimmten Fällen  schließt die Anerkennung, die entweder aus einer ausdrücklichen Annahme oder aus Handlungen hervorgeht, die mit dem Willen, sich der vom Gesetz zugelassenen Rechtsmittel zu bedienen, unvereinbar sind, die Einbringung eines Rechtsmittels aus .	Anerkennung	Rechtsmittelverzicht	Rechtsmittelverzicht	Rechtsmittelverzicht
Als RA wird nur zugelassen, wer die Befähigung zum Richteramt erlangen hat.	Advokat,RA,Rechtsanwalt			Anwalt,Fürsprecher
Der Arbeitnehmer kann sich von einem Vertreter der Gewerkschaftsorganisation, der er angehört oder der er den Auftrag erteilt, oder von einem Rechtsanwalt oder einem Arbeitsberater unterstützen lassen.	Advokat,RA,Rechtsanwalt			Anwalt,Fürsprecher
Im Fall der notwendigen Streitgenossenschaft wird ein nur von einigen der Streitgenossen abgegebenes Geständnis vom Gericht frei gewürdigt.	Streitgenossenschaft	subjektive Klagenhäufung	subjektive Klagehäufung	subjektive Klagehäufung
Die Außerkraftsetzung eines Gesetzes oder einer gesetzesvertretenden Maßnahme mit Gesetzeskraft oder eines Teiles derselben ist zum Volksentscheid zu bringen, wenn dies von fünfhunderttausend Wählern oder von fünf Volksvertretungen der Regionen verlangt wird.	Aufhebung,Außerkraftsetzung			Ausserkraftsetzung
Eine Volksbefragung zwecks Abstimmung über die gänzliche oder teilweise Aufhebung eines Gesetzes oder eines Aktes mit Gesetzeskraft wird ausgeschrieben, wenn es fünfhunderttausend Wähler oder fünf Regionalräte verlangen.	Aufhebung,Außerkraftsetzung			Ausserkraftsetzung
In Hinblick auf die in Artikel 526 CPC vorgesehenen Wirkungen darf der Beitritt nicht nach der ersten Verhandlung für das Erscheinen der Parteien erfolgen.	Beitritt	Parteibeitritt	Parteibeitritt	Parteibeitritt
Die Streiteinlassung besteht darin, dass die bestreffende Partei schriftlich oder mündlich zur Sache vorbringt.	Einlassung in das Verfahren,Streiteinlassung		Einlassung auf das Verfahren	
Nach der Einlassung in das Verfahren sind alle Zustellungen und Mitteilungen an den Prozessbevollmächtigten, der sich eingelassen hat, vorzunehmen, sofern das Gesetz nicht etwas anderes bestimmt.	Einlassung in das Verfahren,Streiteinlassung		Einlassung auf das Verfahren	
Besteht zwischen Minderjährigen, die derselben Vormundschaft unterstehen, ein Interessenwiderstreit, so bestellt das Vormundschaftsgericht den Minderjährigen einen Spezialkurator.	Spezialkurator	Kurator	Pfleger	
Die Klageschrift muss enthalten: . die bestimmte Angabe des Gegenstandes und des Grundes des erhobenen Anspruchs, sowie einen bestimmten Antrag.	Grund des erhobenen Anspruchs	Klagegrund	Klagebegründung,Klagegrund	Rechtsgrund
Die Klageanschrift hat zu enthalten:  Die bestimmte Angabe des Gegenstandes des erhobenen Anspruchs.	Gegenstand des erhobenen Anspruchs	Klagebegehren,Klagegegenstand	Klageantrag,Klagegegenstand	Rechtsbegehren
Die Widmung kann vom Eigentümer der Hauptsache oder von demjenigen, der ein dingliches Recht an derselben hat, vorgenommen werden.	dingliches Recht	Realrecht,Sachenrecht,dingliches Sachenrecht	Realrecht,Sachenrecht	Realrecht,Sachenrecht
Alle Durchführungsverordnungen zu diesem Gesetz sind innerhalb von 3 Monaten nach seinem In-Kraft-Treten zu erlassen.	Durchführungsverordnung			Vollziehungsverordnung
Von der telematischen Kündigungsprozedur ausgenommen sind öffentlich Bedienstete ebenso wie Hausangestellte und Arbeitnehmer, die während der Probezeit kündigen. Aufrecht bleibt die bereits bestehende Vorgehensweise bei der Selbstkündigung von Müttern innerhalb des dritten Lebensjahres des Kindes.	Hausangestellter,Haushaltsgehilfe	Hausgehilfe	Hausgehilfe	
Für jede Abteilung des Kindergartens werden eine Kindergärtnerin oder ein Kindergärtner und eine pädagogische Mitarbeiterin oder ein pädagogischer Mitarbeiter zugewiesen.	Kindergartenassistent,pädagogischer Mitarbeiter	Kindergartenhelfer,pädagogischer Assistent	Kindergartenhelfer	
Der spezialisierte Straßenwärter/die spezialisierte Straßenwärterin verrichtet nach den Anweisungen des/der Vorgesetzten Arbeiten im Zusammenhang mit dem Bau, der Instandhaltung und Überwachung von Straßen und Kunstbauten und wartet die entsprechenden Maschinen und Geräte.	spezialisierter Straßenwärter			Strassenmeister
Stellt der Sozialassistent fest, daß die Eltern, die der Anvertrauung zugestimmt haben, den Minderjährigen vernachlässigen, so verfaßt er einen Bericht, der über den Direktor des Landesamtes der zuständigen Gerichtsbehörde vorzulegen ist .	Sozialassistent	Sozialarbeiter	Sozialarbeiter	Sozialarbeiter
Der Werbesachbearbeiter/die Werbesachbearbeiterin hilft bei der Organisation und Abwicklung von Werbeveranstaltungen im Fremdenverkehrssektor mit.	Werbeassistent,Werbesachbearbeiter			Kommunikationsplaner
Der Betriebsarzt übt die eigene Tätigkeit in folgender Form aus: a) als Beschäftigter oder Mitarbeiter einer externen öffentlichen oder privaten Struktur, die mit dem Unternehmer konventioniert ist; b) als Freiberufler; .	Freiberufler		Freelancer	
Die Nichtbeachtung der Sorgfalts- und Treuepflicht kann je nach der Schwere der Verfehlung und im Einklang mit den Ständischen Vorschriften zur Anwendung von Disziplinarmaßnahmen führen.	Disziplinarmaßnahme,Disziplinarstrafe			Disziplinarmassnahme
Die Regierung der Republik besteht aus dem Präsidenten des Ministerrates und den Ministern, die zusammen den Ministerrat bilden.	Ministerrat		Bundesregierung	Bundesrat
Gelegentlich gibt es auch Minister ohne Geschäftsbereich; sie sind nur Kabinettsmitglieder, nicht aber oberste Verwaltungsbehörde.	Minister ohne Geschäftsbereich	Minister ohne Portefeuille		
Gemeinden, Provinzen, Großstädte mit besonderem Status und Regionen sind autonome Körperschaften mit eigenen Statuten, Befugnissen und Aufgaben gemäß den in der Verfassung verankerten Grundsätzen.	Gemeinde	Ortsgemeinde		Einheitsgemeinde,Einwohnergemeinde,politische Gemeinde
In den Gemeinden der Provinz Bozen hat jede Sprachgruppe das Recht, im Gemeindeausschuss vertreten zu sein, wenn sie im Gemeinderat mit wenigstens zwei Räten vertreten ist.	Gemeinderat	Gemeindevertretung	Gemeindevertretung	Gemeindeparlament
Die Mitglieder der Gemeindeleitstelle für den Zivilschutz werden vom Gemeinderat ernannt; sie haben die Aufgabe, den Bürgermeister in der Vorhersage, in der Vorbeugung und in der Durchführung der im Katastrophenfall zu ergreifenden Maßnahmen zu unterstützen.	Bürgermeister			Gemeindeammann,Gemeindepräsident,Stadtammann,Stadtpräsident
Falls mit der Verwaltung der Gemeinnutzungsgüter, welche der Gemeinde gehören, der Gemeindeausschuss betraut wird, kann diese über den Haushaltsplan der Gemeinde abgewickelt werden.	Gemeindeausschuss	Gemeindevorstand,Stadtrat,Stadtsenat		Gemeindeexekutive,Gemeinderat
Der Gemeindeausschuss besteht aus dem Bürgermeister als Vorsitzendem und aus den Gemeindereferenten, deren Anzahl in der Satzung  bestimmt ist.	Gemeindeassessor,Gemeindereferent,Stadtrat	Gemeindevorstand		
Die Unterschrift muss von einer der folgenden  Personen beglaubigt werden: Notare, Friedensrichter, , Bürgermeister, Gemeindeassessoren und Landesräte, Präsidenten der Gemeinderäte und Landtage, Präsidenten und Vizepräsidenten der Stadtviertelräte, Gemeindesekretäre und Sekretäre der Provinzen, .	Gemeindeassessor,Gemeindereferent,Stadtrat	Gemeindevorstand		
Die Gemeinderatsmitglieder haben das Initiativrecht in jeder dem Rat zur Beschlussfassung unterbreiteten Angelegenheit.	Gemeinderat,Gemeinderatsmitglied	Mitglied des Gemeinderats		
Die Einrichtung durch Gesetz, der eigene und übertragene Wirkungsbereich, die Weisungsfreiheit im eigenen Wirkungsbereich, die Staatsaufsicht, die demokratische Bestellung der Organe, die Privatrechtsfähigkeit und die Satzungsautonomie stellen die organisationsrechtlichen und funktionalen Grundlagen und Schranken der nichtterritorialen Selbstverwaltung dar.	Satzungsautonomie,Satzungsbefugnis	Autonomie	Autonomie,Satzungsgewalt	
Gemeinden, Provinzen, Großstädte mit besonderem Status und Regionen haben Finanzautonomie für Einnahmen und Ausgaben.	Finanzautonomie	finanzielle Selbständigkeit		
Die Minister sind in ihrer Gesamtheit für die Handlungen des Ministerrates und einzeln für die Handlungen ihres Geschäftsbereiches verantwortlich.	Geschäftsbereich,Ministerium			Departement
Soweit im Gesellschaftsvertrag nichts anderes bestimmt ist, kann ein Gesellschafter nicht ohne Zustimmung aller Gesellschafter über seinen Gesellschaftsanteil verfügen.	Anteil,Gesellschaftsanteil	Geschäftsanteil,Kapitalanteil	Geschäftsanteil,Kapitalanteil	GmbH-Anteil,Kapitalanteil
Der Wille, Bürgschaft zu leisten, muß ausdrücklich erklärt werden.	Bürgschaft	Bürgschaftsvertrag	Bürgschaftsvertrag	Bürgschaftsvertrag
Die Abberufung eines im Gesellschaftsvertrag bestellten Geschäftsführers ist wirkungslos, wenn nicht ein wichtiger Grund vorliegt.	Geschäftsführer,Verwalter,Verwalter der Gesellschaft	Mitglied des Vorstandes,Vorstand,Vorstandsmitglied	Mitglied des Vorstandes,Mitglied des geschäftsführenden Organs,Vorstand,Vorstandsmitglied,geschäftsführendes Organ	Mitglied des Vorstandes,Vorstandsmitglied
Die Verwalter der an der Verschmelzung beteiligten Gesellschaften haben einen Bericht zu erstellen, in welchem der Verschmelzungsplan und insbesondere das Umtauschverhältnis für die Aktien oder Anteile unter rechtlichen und wirtschaftlichen Gesichtspunkten erläutert und begründet werden müssen.	Geschäftsführer,Verwalter,Verwalter der Gesellschaft	Mitglied des Vorstandes,Vorstand,Vorstandsmitglied	Mitglied des Vorstandes,Mitglied des geschäftsführenden Organs,Vorstand,Vorstandsmitglied,geschäftsführendes Organ	Mitglied des Vorstandes,Vorstandsmitglied
Die Verwalter können  wiedergewählt und von der Gesellschafterversammlung jederzeit abberufen werden, auch wenn sie im Gründungsvertrag bestellt worden sind .	Geschäftsführer,Verwalter,Verwalter der Gesellschaft	Mitglied des Vorstandes,Vorstand,Vorstandsmitglied	Mitglied des Vorstandes,Mitglied des geschäftsführenden Organs,Vorstand,Vorstandsmitglied,geschäftsführendes Organ	Mitglied des Vorstandes,Vorstandsmitglied
Die Bestimmungen der Artikel 2206 und 2207 sind auch auf Bevollmächtigte anzuwenden, die aufgrund einer ständigen Rechtsbeziehung die Befugnis haben, für den Unternehmer die mit dem Betrieb des Unternehmens zusammenhängenden Rechtshandlungen vorzunehmen, auch wenn sie dieses nicht leiten.	Bevollmächtigter,Vertreter		Handlungsbevollmächtigter,Prokurist	Prokurist
Die Verwalter haben den Jahresabschluß, der aus der Bilanz, der Gewinn- und Verlustrechnung und dem Anhang besteht, aufzustellen.	Gewinn- und Verlustrechnung,GuV-Rechnung		Erfolgsrechnung	Betriebsrechnung,Erfolgsrechnung
Die entsprechende Gegenbuchung kann entweder als Aufwand in der GuV-Rechnung erfolgen (als Steuern des Geschäftsjahres) oder aber als Abzug von den betreffenden  Rücklagen.	Gewinn- und Verlustrechnung,GuV-Rechnung		Erfolgsrechnung	Betriebsrechnung,Erfolgsrechnung
Der Auftrag umfasst nicht nur die Rechtshandlungen, für die er erteilt wurde, sondern auch jene, die zu ihrer Durchführung notwendig sind.	Auftrag	Auftragsvertrag,Mandat		
Bei der Gesellschaft mit beschränkter Haftung haftet für die Verbindlichkeiten der Gesellschaft nur die Gesellschaft mit ihrem Vermögen.	Gesellschaft mit beschränkter Haftung,GmbH	GesmbH		
Die Gesellschafter einer Kapitalgesellschaft (Gesellschaft mit beschränkter Haftung – GmbH, Aktiengesellschaft – AG) sind verpflichtet ein Mindestkapital einzuzahlen .	Gesellschaft mit beschränkter Haftung,GmbH	GesmbH		
Das Statut der Region wird einem Referendum unterworfen, wenn innerhalb von drei Monaten nach seiner Veröffentlichung ein Fünfzigstel der Wahlberechtigten der Region oder ein Fünftel der Mitglieder des Regionalrates dies beantragen.	Referendum,Volksabstimmung,Volksbefragung		Volksentscheid	
Eine Volksabstimmung zur vollständigen oder teilweisen Aufhebung eines Landesgesetzes wird anberaumt, wenn dies mindestens 13.000 Wähler fordern, die in die Wählerlisten einer Gemeinde des Landes eingetragen und für die Wahl des Südtiroler Landtages wahlberechtigt sind.	Referendum,Volksabstimmung,Volksbefragung		Volksentscheid	
Eine Volksbefragung zwecks Abstimmung über die gänzliche oder teilweise Aufhebung eines Gesetzes oder eines Aktes mit Gesetzeskraft wird ausgeschrieben, wenn es fünfhunderttausend Wähler oder fünf Regionalräte verlangen.	Referendum,Volksabstimmung,Volksbefragung		Volksentscheid	
Wer gegen die Mitteilungspflicht  verstößt, muss eine Verwaltungsstrafe von 500,00 Euro bis zu 1.500,00 Euro entrichten.	Verwaltungsstrafe			verwaltungsrechtliche Sanktion
Die Regelung des Kollektivarbeitsvertrages ist auch auf die  landwirtschaftlichen Gemeinschaftsverhältnisse und auf Pachtverhältnisse mit dem Selbstbebauer eines Grundstücks anzuwenden.	Selbstbebauer,selbstbearbeitender Bauer	selbst bewirtschaftender Kleinlandwirt	selbst anbauender Kleinlandwirt,selbst bewirtschaftender Kleinlandwirt	selbst bewirtschaftender Kleinlandwirt
Die Adoption darf zugunsten von Minderjährigen vorgenommen werden, die gemäß den folgenden Artikeln zur Adoption freigegeben worden sind.	Adoption	Annahme an Kindes Statt,Annahme an Kindesstatt	Annahme als Kind	
Die Zulage wird außerdem im Falle einer Adoption oder einer  Anvertrauung zur Betreuung vor der Adoption gewährt .	Anvertrauung zur Betreuung vor der Adoption,Überlassung zur adoptionsvorbereitenden Betreuung		Adoptionspflege,Pflegezeit vor der Adoption,Probezeit	
Der Beitritt derjenigen, die ein Interesse daran haben, und die Satzung des Konsortiums müssen aus einer Urkunde hervorgehen.	Anschluss,Beitritt		Anschließung	
Das Vormundschaftsgericht nimmt die Bestellung des Vormundes und des Vormundstellvertreters vor, sobald es von der Tatsache, die die Eröffnung der Vormundschaft nach sich zieht, Kenntnis erlangt hat.	Vormund	mit der Obsorge betraute Person		
Die Ablösung erfolgt durch Zahlung jenes Betrags, der sich aus der Kapitalisierung des jährlichen Pachtzinses auf der Grundlage der gesetzlichen Zinsen ergibt. Die Einzelheiten werden durch Sondergesetze geregelt.	gesetzliche Zinsen		durch Gesetz bestimmte Zinsen	
Zur ordnungsgemäßen Durchführung der mit den Hauptuntersuchungen verbundenen Kontrollen und Prüfungen müssen die Unternehmen laut Absatz 8 geeignete, in der Verordnung näher festgelegte fachliche und berufliche Voraussetzungen besitzen und über entsprechende Ausstattungen und Räumlichkeiten verfügen.	Verordnung	Rechtsverordnung	Rechtsverordnung	Rechtsverordnung
Wer einen Zuschuß im Sinne dieses Gesetzes bezieht, muß diesen samt Zinsen in der Höhe des Diskontsatzes rückerstatten, wenn er innerhalb von zehn Jahren die Selbstbearbeitung des Hofes einstellt oder den Hof oder Teile desselben veräußert .	Diskontsatz	Diskontzinsfuß		
Vor dem Hintergrund einer relativ günstigen Wirtschaftsentwicklung in Südtirol, die sich auf fast alle Sektoren erstreckte, konnten auch die Raiffeisenkassen im abgelaufenen Jahr mit guten Ergebnissen aufwarten.	Kasse für Landwirtschaft und Handwerk,Raiffeisenkasse	Raiffeisenbank	Raiffeisenbank	Raiffeisenbank
Ein Gläubiger kann auch ohne Einwilligung des Schuldners seine Forderung entgeltlich oder unentgeltlich übertragen, sofern die Forderung nicht höchstpersönlicher Natur oder die Übertragung nicht gesetzlich verboten ist.	Forderung	Schuldverhältnis im engeren Sinn	Recht auf eine Leistung,Schuldverhältnis im engeren Sinn	
Zur Bestimmung der Zuständigkeit gilt bei Gesellschaften ohne Rechtspersönlichkeit, nicht anerkannten Vereinen oder Komitees, wie sie in den Artikeln 36 und folgenden des Zivilgesetzbuches vorgesehen sind, als Sitz der Ort, an dem sie Tätigkeiten ständig ausüben.	ZGB,Zivilgesetzbuch	ABGB,Allgemeines bürgerliches Gesetzbuch	BGB,Bürgerliches Gesetzbuch	
Die Entlohnung des Arbeitnehmers  ist in dem von den Ständischen Vorschriften bestimmten Ausmaß und in der Art und Weise und zu den Zeitpunkten zu leisten, die an dem Ort gebräuchlich sind, an dem die Arbeit geleistet wird.	Entlohnung,Lohn,Vergütung	Arbeitsentgelt,Entgelt	Arbeitsentgelt,Entgelt	Arbeitsentgelt,Entgelt
Die jährliche Vergütung für die Aufsichtsratsmitglieder muß  von der Gesellschaftsversammlung  bestimmt werden.	Entlohnung,Lohn,Vergütung	Arbeitsentgelt,Entgelt	Arbeitsentgelt,Entgelt	Arbeitsentgelt,Entgelt
Die Dokumente (von 1 - 4 : Geburtsschein, Ehebescheinigung, Wohnsitzbescheinigung, Familienbogen) sind in Original dem Antrag beizulegen und können nicht durch Eigenerklärungen ersetzt werden.	Bescheinigung über den Wohnsitz,Wohnsitzbescheinigung	Meldebestätigung	Meldebescheinigung	
Um die monatlichen Studienbeihilfen  zu erhalten, müssen die betreffenden Praktikanten an das Landesamt für Ausbildung des Gesundheitspersonals ein Gesuch auf Stempelpapier richten und dabei folgende Unterlagen beilegen:  c) Bescheinigung über den Wohnsitz, .	Bescheinigung über den Wohnsitz,Wohnsitzbescheinigung	Meldebestätigung	Meldebescheinigung	
Das Zulassungsgesuch ist auf Stempelpapier abzufassen und innerhalb des jährlich neu festgelegten Termins dem Landesrat für Gesundheitswesen zu übermitteln. Dem Gesuch müssen folgende Unterlagen beigefügt werden:  Staatsbürgerschaftsbescheinigung .	Staatsbürgerschaftsbescheinigung,Staatsbürgerschaftsnachweis		Staatsangehörigkeitsausweis	
Als Handwerksunternehmen gilt außerdem ein Unternehmen, das  in Form einer Gesellschaft  gegründet und geführt wird, vorausgesetzt, daß die Mehrheit der Gesellschafter vorwiegend die eigene, auch manuelle Tätigkeit in den Produktionsprozeß einbringt .	Handwerksbetrieb,Handwerksunternehmen	handwerklicher Betrieb	handwerklicher Betrieb	
Handelt es sich um einen Handwerksbetrieb in Form einer Gesellschaft oder Genossenschaft, muß die Mehrheit der Mitglieder  im Besitze der Voraussetzungen gemäß Absatz 2 sein.	Handwerksbetrieb,Handwerksunternehmen	handwerklicher Betrieb	handwerklicher Betrieb	
Der Schiedsvertrag ist bei sonstiger Nichtigkeit schriftlich zu errichten und hat den Gegenstand des Rechtsstreits zu bestimmen.	Schiedsvertrag		Schiedsabrede	
Zwecks Reduzierung des Prämiensatzes für die Versicherung gegen Arbeitsunfälle und Berufskrankheiten  wird  die Einführung seitens der Unternehmen von  technologischen oder organisatorischen Lösungen, die vom INAIL überprüft wurden, berücksichtigt.	Versicherung gegen Arbeitsunfälle und Berufskrankheiten	Unfallversicherung	Unfallversicherung	Unfallversicherung
Das Domizil einer Person befindet sich an dem Ort, an dem sie den Hauptsitz ihrer Geschäfte und Interessen begründet hat.	Domizil	Wohnsitz	Wohnsitz	Wohnsitz
In keinem Fall kann für Nicht-EU-Bürgerinnen und -Bürger und für Staatenlose die Genehmigung über die gesetzlich vorgesehene Aufenthaltsdauer bzw. über die Dauer der Gültigkeit der Aufenthaltsgenehmigung oder des Einreisevisums hinaus gehen.	Staatenloser			staatenlose Person
Die Ehefrau behält außer bei ausdrücklichem Verzicht die italienische Staatsbürgerschaft, auch wenn sie auf Grund ihrer Eheschließung oder auf Grund der Änderung der Staatsbürgerschaft ihres Ehemannes eine fremde Staatsbürgerschaft erwirbt.	Staatsbürgerschaft		Staatsangehörigkeit	Bürgerrecht,Staatsangehörigkeit
Falls der ausländische Rechtsstreit eine Vorfrage zum Gegenstand hat, kann das italienische Gericht das Verfahren aussetzen, wenn es der Ansicht ist, daß die ausländische Verfügung für die italienische Rechtsordnung Wirkungen erzeugen kann.	ausländische Verfügung		ausländische Maßnahme	
Das Kind untersteht der elterlichen Gewalt bis zu seiner Volljährigkeit oder Entlassung aus der elterlichen Gewalt.	elterliche Gewalt	Obsorge	elterliche Sorge	elterliche Sorge
Die Bestimmungen hinsichtlich der Erbfolge der unehelichen Kinder sind anzuwenden, wenn die Abstammung anerkannt oder gerichtlich festgestellt worden ist.	Abstammung			Kindesverhältnis
In Zweifelsfällen erfolgt die Auslegung der Rechtsvorschrift auf Grund des italienischen Wortlautes.	Norm,Rechtsvorschrift,Vorschrift	Rechtsnorm	Rechtsnorm	Rechtsnorm
Das Departement für öffentliche Verwaltung fördert und erarbeitet entsprechend den internationalen Vorgaben, Programmen und Projekten allgemeine Vorschriften und Methoden zur Korruptionsverhütung.	Norm,Rechtsvorschrift,Vorschrift	Rechtsnorm	Rechtsnorm	Rechtsnorm
Schuldverhältnisse entstehen aus Vertrag, aus unerlaubter Handlung oder aus jeder sonstigen Handlung oder Tatsache, die nach der Rechtsordnung solche zu begründen geeignet ist.	unerlaubte Handlung	Delikt	Delikt	
Die Trennung der Ehegatten ist zulässig. Die Trennung kann eine gerichtliche oder einverständliche sein. Das Recht, die gerichtliche Trennung oder die Bestätigung der einverständlichen Trennung zu verlangen, steht ausschließlich den Ehegatten zu.	Ehetrennung,Trennung		Getrenntleben,Trennung von Tisch und Bett	Getrenntleben,Trennung von Tisch und Bett
Die persönlichen Rechtsverhältnisse zwischen Ehegatten werden vom gemeinsamen Heimatrecht geregelt.	persönliche Rechtsverhältnisse		personenrechtliche Beziehungen	personenrechtliche Beziehungen
Die Legitimation durch gerichtliche Verfügung erzeugt dieselben Wirkungen wie die Legitimation durch nachfolgende Eheschließung .	Legitimation durch nachfolgende Eheschließung	Legitimation durch nachfolgende Ehe	Legitimation durch nachfolgende Ehe	
Der Schutz der Minderjährigen wir din jedem Fall durch das Haager Übereinkommen vom 5. Oktober 1961 über die Zuständigkeit der Behörden und das anzuwendende Recht auf dem Gebiet des Schutzes von Minderjährigen  geregelt.	Schutz der Minderjährigen,Schutz von Minderjährigen			Kindesschutz
Für das Personal der Staatspolizei, das militärisch organisierten Einrichtungen untersteht, gelten für die Sprache die Bestimmungen dieses Dekretes in all den Fällen, in denen Handlungen gesetzt werden, die die Tätigkeit der Polizei im allgemeinen betreffen .	Staatspolizei	Bundespolizei	Bundespolizei	
Bei der Zuweisung des Lehrpersonals an die Klassen der Grundschule achtet die Schulführungskraft im Sinne des ganzheitlichen Bildungsansatzes darauf, dass die Anzahl der Lehrpersonen im Klassenrat begrenzt bleibt.	Grundschule	Volksschule		Primarschule
Dem Verteidiger stehen jene Befugnisse und Rechte zu, die das Gesetz dem Angeklagten zuerkennt, sofern sie nicht diesem persönlich vorbehalten sind.	Verteidiger	Strafverteidiger		
Der Amtsverteidiger ist zur Leistung des Rechtsbeistandes verpflichtet und kann nur aus einem berechtigten Grund ersetzt werden.	Amtsverteidiger	Pflichtverteidiger,Verfahrenshilfeverteidiger	Pflichtverteidiger	amtlicher Verteidiger
Das Gericht bestellt den Amtssachverständigen, indem es ihn unter den in eigene Listen eingetragenen oder im betreffenden Fachbereich mit besonderer Fachkenntnis ausgestatteten Person auswählt.	Amtssachverständiger,Sachverständiger			Experte
Der Landesausschuß kann außerdem nach Anhören des  Landesbeirates weitere Fachleute oder Sachverständige hinzuziehen, wenn er dies für die Durchführung der Aufgaben der Betreuungsstelle für unerläßlich erachtet.	Amtssachverständiger,Sachverständiger			Experte
Personen, die ihre Rechte nicht frei ausüben können, können sich nur dann als Zivilpartei einlassen, wenn sie in den Erhebung von Zivilklagen vorgeschriebenen Formen vertreten, ermächtigt oder mit einem Beistand versehen sind.	Zivilpartei	Privatbeteiligter	Adhäsionskläger	Zivilkläger
Ruht die Funktion des Versicherungsvertreters wegen Unvereinbarkeit , so ist auch für dessen Stellvertreter auf Dauer ein Stellvertreter zu bestellen.	Unvereinbarkeit		Inkompatibilität	
Die Forderungen bezüglich der Abfertigung sowie der Entschädigung gemäß Artikel 2118 werden im Falle der fruchtlosen Vollstreckung auf die beweglichen Sachen hilfsweise mit Vorrang gegenüber den nicht bevorrechtigten Forderungen im Erlös aus den Liegenschaften untergebracht.	Vollstreckung	Exekution		
Das Gericht trifft die notwendigen Anordnungen, um die Vollstreckung der Verfügung zu gewährleisten und auch um die Verwendung des Reisepasses und anderer für die Ausreise gültiger Ausweispapiere zu verhindern.	Reisepass		Pass	Pass
Die dem Angeklagten zustehenden Rechte und Garantien erstrecken sich auf eine Person, die den Vorerhebungen unterworfen ist.	Beschuldigter,Person, die den Vorerhebungen unterworfen ist,Person, gegen die ermittelt wird			Angeschuldigter
Der Haftbefehl ist dem Beschuldigten bei der Verhaftung bekanntzugeben. Ist dies nicht möglich, so ist ihm vorläufig mitzuteilen, welcher Tat er verdächtig ist. Die Bekanntgabe des Haftbefehls ist in diesem Fall unverzüglich nachzuholen.	Anhaltung,Verhaftung	Festnahme	Festnahme	Festnahme
Bei Fehlen von ehelichen oder unehelichen Kindern, von Vorfahren, von Brüdern oder Schwestern fällt dem Ehegatten die gesamte Erbschaft an .	Erbschaft,Verlassenschaft	Nachlass	Nachlass	Nachlass
Das Dekret, mit dem der Kurator der ruhenden Verlassenschaft ernannt wird, ist auf Veranlassung des Kanzleibeamten der ernannten Person innerhalb der im Dekret festgesetzten First zuzustellen.	Erbschaft,Verlassenschaft	Nachlass	Nachlass	Nachlass
Der Pflichtteilsberechtigte, der kraft Eintritts zum Zug kommt, hat auch die ohne ausdrücklichen Erlaß zugunsten seines Vorfahren gemachten Schenkungen und Vermächtnisse anzurechnen .	Pflichtteilsberechtigter	Noterbe		Noterbe,pflichtteilsberechtigter Erbe
Im Fall der Erbteilung oder der Übertragung des Betriebs haben die  Teilhaber ein Vorrecht auf den Betrieb.	Erbteilung,Teilung der Erbschaft		Auseinandersetzung,Teilung des Nachlasses	
Der Erblasser kann auch verfügen, dass die Teilung der Erbschaft oder einiger Güter derselben erst stattfinden darf, wenn eine Frist von nicht mehr als fünf Jahren ab seinem Tod abgelaufen ist.	Erbteilung,Teilung der Erbschaft		Auseinandersetzung,Teilung des Nachlasses	
Berichtigung inhaltlicher Fehler und Wiederaufnahme des Verfahrens bei Urteilen des Kassationsgerichtshofs.	Berichtigung inhaltlicher Fehler	Berichtigung von Schreib- und Rechenfehlern,Berichtigung von Schreib- und Rechnungsfehlern		Berichtigung von Schreib - oder Rechnungsfehlern
Wurde der Antragsteller wegen der im vorhergehenden Absatz erwähnten Vergehen bereits endgültig verurteilt, so ist die Zahlung der Geldbuße im Strafregister anzumerken.	Strafregister		BZR,Bundeszentralregister	Zentralstrafregister
Besteht berechtigter Grund zur Annahme, daß jemand ein Überführungsstück oder zur strafbaren Handlung gehörige Sachen an seinem Körper verbirgt, so wird eine Durchsuchung der Person angeordnet.	Durchsuchung der Person,Leibesvisitation	Personsdurchsuchung	Durchsuchung von Personen,körperliche Durchsuchung	Personsdurchsuchung
Kein Mitglied des Parlaments darf ohne Ermächtigung der Kammer, der es angehört, einer Leibesvisitation oder einer Hausdurchsuchung unterzogen werden .	Durchsuchung der Person,Leibesvisitation	Personsdurchsuchung	Durchsuchung von Personen,körperliche Durchsuchung	Personsdurchsuchung
Die Bestimmungen über die Wiedereinsetzung in die früheren Rechte werden auch bei einem auf Verurteilung lautenden ausländischen Urteil angewendet, das nach Artikel 12 anerkannt worden ist.	Wiedereinsetzung in die früheren Rechte		Rehabilitation	
Unmittelbar nachdem die Erörterung für geschlossen erklärt worden ist, entscheidet das Gericht, indem es ein Urteil auf Einstellung des Verfahrens oder ein Dekret auf Einleitung des Hauptverfahrens erläßt.	Dekret auf Einleitung des Hauptverfahrens		Eröffnungsbeschluss	
Die Berufung zur Erbschaft erfolgt durch Gesetz oder durch Testament.	Testament			letzwillige Verfügung
Gläubiger des Verstorbenen können die Absonderung auch hinsichtlich solcher Sachen vornehmen, die Gegenstand des Vermächtnisses einer bestimmten Sache sind.	Vermächtnis	Legat		Legat
Die Beteiligung des Landes Südtirol an der Konstituierung der Anstalt setzt voraus, daß in deren Statut die Vertretung des Landes in den Gesellschafts- und Aufsichtsorganen vorgesehen ist.	Satzung,Statut		Gesellschaftsvertrag	
Die Satzung, welche die Vorschriften über die Arbeitsweise der Gesellschaft enthält, wird, auch wenn sie Gegenstand einer eigenen Urkunde bildet, als integrierter Bestandteil des Gründungsvertrags betrachtet und muß diesem angeschlossen sein.	Satzung,Statut		Gesellschaftsvertrag	
Natürliche Energien, die wirtschaftlichen Wert haben, gelten als bewegliche Sachen.	bewegliche Sache	Fahrnis,bewegliches Gut	Fahrnis	Fahrnis
Die Ersitzung einer Gesamtsache  oder von dinglichen Nutzungsrechten an einer solchen tritt durch einen zwanzig Jahre lang dauernden Besitz ein.	Gesamtsache		Sachgesamtheit	Sachgesamtheit
Die natürlichen Früchte gehören dem Eigentümer der Sache, die sie hervorbringt, außer ihr Eigentum steht anderen zu.	natürliche Früchte	Naturalfrüchte	unmittelbare Sachfrüchte	
Die Zivilfrüchte werden Tag für Tag anch Maßgabe der Dauer des Rechts erworben.	Zivilfrüchte		mittelbare Früchte	zivile Früchte
Der Erwerb vollzieht sich kraft Gesetzes ohne Erfordernis der Annahme  und ohne daß eine Ausschlagung vorgenommen werden kann .	Erwerb	Erwerbung		
Solange nicht die Absonderung erfolgt, bilden die Früchte einen Bestandteil der Sache.	Absonderung,Absonderung von Früchten	Absonderung der Früchte,Separation	Trennung	Trennung
Die Rechtsstellung des Ausländers wird in Übereinstimmung mit den völkerrechtlichen Bestimmungen und Verträgen gesetzlich geregelt.	Rechtsstellung,rechtliche Stellung	rechtlicher Status	rechtlicher Status	
Das Staatsbürgerschaftsgesetz (StbG) – regelt, unter welchen Voraussetzungen Menschen die rechtliche Stellung („status“) eines österreichischen Staatsbürgers zukommt.	Rechtsstellung,rechtliche Stellung	rechtlicher Status	rechtlicher Status	
Das Deutsche Volk bekennt sich darum zu unverletzlichen und unveräußerlichen Menschenrechten als Grundlage jeder menschlichen Gemeinschaft, des Friedens und der Gerechtigkeit in der Welt.	unverkäuflich,unveräußerlich			unveräusserlich
Bei schwerer und dringender öffentlicher, militärischer oder ziviler Notwendigkeit kann die Requierierung von beweglichen oder unbeweglichen Sachen angeordnet werden.	Requirierung	Requisition	Requisition	Requisition
Das Eigentum an Grund und Boden erstreckt sich auf den Bereich unter der Erdoberfläche mit allem, was er enthält, und der Eigentümer kann jede Art von Grabung oder Bau vornehmen, die dem Nachbarn keinen Schaden zufügt.	Eigentum an Grund und Boden,Grundeigentum		Eigentum an Grundstücken	
Das Grundeigentum unterliegt in den von Sondergesetzen  vorgesehenen Fällen besonderen Vorschriften zur Erreichung von Zwecken von öffentlichem Interesse .	Eigentum an Grund und Boden,Grundeigentum		Eigentum an Grundstücken	
Das Eigentum an Grund und Boden erstreckt sich auf den Bereich unter der Erdoberfläche.	Bereich unter der Erdoberfläche,Untergrund		Erdkörper unter der Oberfläche	
Der Erbpächter hat die gleichen Rechte, die der Eigentümer an den Früchten des Bodens, am Schatz und bezüglich der Verwertung des Untergrunds in Übereinstimmung mit den Bestimmungen der Sondergesetze hätte.	Bereich unter der Erdoberfläche,Untergrund		Erdkörper unter der Oberfläche	
Bei Zwangsübertragungen  werden Grunddienstbarkeiten je nach den Erfordernissen der neuen Anordnung aufgehoben, erhalten oder begründet.	Dienstbarkeit,Grunddienstbarkeit	Prädialservitut,Realservitut		Prädialservitut
Ist die vermachte Sache mit einer Dienstbarkeit , mit einem Grundzins oder mit einer anderen auf dem Grundstück haftenden Last oder mit einer Grundrente  beschwert, so ist die Belastung vom Vermächtnisnehmer zu tragen.	Dienstbarkeit,Grunddienstbarkeit	Prädialservitut,Realservitut		Prädialservitut
Der Landesrat für Wohnungsbau gewährt dem Wohnbauinstitut einen Beitrag für den Ankauf von Grundstücken im Siedlungsgebiet, die nach Änderung der urbanistischen Nutzungswidmung als Baugrund zweckbestimmt werden können und für die Realisierung genehmigter Bauprogramme notwendig sind.	Baugrund,Bauland,bebaubare Fläche,bebaubares Grundstück			Bauzone
Der für den Wohnungsbau zuständige Landesrat gewährt den Gemeinden oder gemeinnützigen Gesellschaften und Körperschaften eine Finanzierung für den Ankauf von bebauten und bebaubaren Grundstücken in Mischgebieten, in historischen Ortskernen und in Gebieten urbanistischer Neugestaltung .	Baugrund,Bauland,bebaubare Fläche,bebaubares Grundstück			Bauzone
Wer eine auf zugewiesenem Bauland gebaute Wohnung veräußert, vermietet oder mit dinglichen Nutzungsrechten belastet, muss den Nachweis erbringen, daß er selbst über eine dem Bedarf seiner Familie angemessene Wohnung verfügt.	Baugrund,Bauland,bebaubare Fläche,bebaubares Grundstück			Bauzone
Erlangt der Eigentümer direkt vom neuen Besitzer oder Inhaber die Rückgabe der Sache, so ist er verpflichtet, dem vorhergebenden Besitzer oder Inhaber den an Stelle der Sache erhaltenen Betrag zurückzugeben.	Inhaber			Innehabender
In jedem Fall ist das Verlangen auf Herausgabe der Materialien  nach Ablauf von sechs Monaten ab dem Tag, an dem der Eigentümer von der Verbindung Kenntnis erhalten hat, nciht mehr zulässig .	Verbindung,Zuwachs			Akzession
Das Erlöschen des Überbaurechts wegen Zeitablaufs führt zum Erlöschen der vom Überbauberechtigten begründeten dinglichen Rechte.	Erbbaurecht,Überbaurecht	Baurecht		Baurecht,Baurechtsdienstbarkeit
Die Personen, denen die Flächen in Gewerbegebieten zugewiesen werden, können die Verwirklichung der Produktionsanlagen durch Abtretung des Erbbaurechtes auch Leasingunternehmen anvertrauen.	Erbbaurecht,Überbaurecht	Baurecht		Baurecht,Baurechtsdienstbarkeit
Der Fruchtnießer kann Hinzufügungen anbringen, die die wirtschaftliche Widmung der Sache nicht verändern.	Hinzufügung	Neueinführung	Einrichtung	
Wenn er nicht mit der Sorgfalt eines ordentlichen Hausvaters waltet, ist er zum Ersatz des den Parteien entstandenen Schadens verpflichtet.	Sorgfalt eines guten Familienvaters,Sorgfalt eines ordentlichen Hausvaters	gebotene Sorgfalt	erforderliche Sorgfalt,im Verkehr erforderliche Sorgfalt	
In Ansehung der Servituten findet ein doppeltes Klagerecht statt. Man kann gegen den Eigentümer das Recht der Servitut behaupten; oder, der Eigentümer kann sich über die Anmaßung einer Servitut beschweren. .	Anmaßung			Anmassung
Der Eigentümer des herrschenden Grundstücks darf keine Neuerungen vornehmen, die die Lage des dienenden Grunstücks zusätzlich erschweren.	herrschendes Grundstück	herrschende Liegenschaft,herrschender Grund		berechtigtes Grundstück
Der Eigentümer des dienenden Grundstücks ist nicht verpflichtet, irgendeine Handlung vorzunehmen, um die Ausübung der Dienstbarkeit durch den Berechtigten zu ermöglichen, es sei denn, daß das Gesetz oder der Rechtstitel etwas anderes bestimmt .	dienendes Grundstück	belastetes Grundstück,dienende Liegenschaft,dienstbarer Grund	belastetes Grundstück	belastetes Grundstück,beschwertes Grundstück
Wer ein Handelsunternehmen mit Aktiven und Passiven oder wer eine Erbschaft kauft und übernimmt, dessen eigene Forderung oder Schuld an den Unternehmer oder an die Erbschaft erlischt durch Vereinigung.	Vereinigung		Konfusion	Konfusion
Die unteilbaren Verbindlichkeiten sind, vorbehaltlich der Vorschriften der folgenden Artikel, durch die Vorschriften über die Gesamtschuldverhältnisse geregelt, soweit diese anwendbar sind.	Gesamtschuld,Gesamtschuldverhältnis,Gesamtverbindlichkeit	Gesamtobligation		
Eine Gesamtschuld entsteht, wenn mehrere Personen zur Leistung einer unteilbaren Sache verpflichtet sind	Gesamtschuld,Gesamtschuldverhältnis,Gesamtverbindlichkeit	Gesamtobligation		
Im Innenverhältnis teilt sich die Gesamtverbindlichkeit unter den verschiedenen Schuldnern oder unter den verschiedenen Gläubigern auf .	Gesamtschuld,Gesamtschuldverhältnis,Gesamtverbindlichkeit	Gesamtobligation		
Am Zugang zum Gemeinschaftseigentum oder an dem am stärksten gemeinschaftlich genutzten Ort, der auch Dritten zugänglich ist, werden die Personalien und das Domizil des Verwalters sowie seine Zustelladressen samt Telefonnummern ausgehängt.	Gemeinschaftseigentum,Kondominium,Miteigentum an Gebäuden	Wohnungseigentum	Wohnungseigentum	Stockwerkeigentum
Wenn eine gesonderte Verwendung nicht möglich ist, ist die Neuerung unstatthaft, außer die Mehrheit der Miteigentümer, die sie beschlossen oder gutgeheißen hat, ist bereit, den gesamten Aufwand für sie zu tragen.	Neuerung		Erneuerung	
Wenn die Klage oder die Verfügung einen Inhalt aufweist, der über die Aufgaben des Verwalters hinausreicht, ist dieser verpflichtet, davon unverzüglich die Versammlung der Miteigentümer zu verständigen.	Versammlung der Hausmiteigentümer,Versammlung der Miteigentümer		Versammlung der Wohnungseigentümer,Wohnungseigentümerversammlung	
Der Eheschließung hat das vom Standesbeamten durchzuführende Aufgebot voranzugehen.	Standesbeamter			Zivilstandsbeamter
Die Versöhnung der Ehegatten bewirkt die Aufgabe der bereits eingereichten Klage auf Ehetrennung.	Versöhnung			Aussöhnung
Die einverständliche Ehetrennung wird mit der Bestätigung durch das Landesgericht wirksam, das in nichtöffentlicher Sitzung aufgrund eines Berichts des Präsidenten verfügt.	einverständliche Ehetrennung			Trennung im gegenseitigen Einvernehmen
Es wird der Besitz desjenigen vermutet, der die Verfügungsgewalt tatsächlich ausübt, sofern nicht bewiesen wird, daß er sie anfänglich nur auf Grund einer Innehabung ausgeübt hat.	Innehabung	Gewahrsame	Detention,Gewahrsam	Gewahrsam,Halterschaft
Unbeschadet der Rechte, die Dritte kraft Besitzes in gutem Glauben  erworben haben, kann der Auftraggeber die Herausgabe der beweglichen Sachen verlangen , die auf seine Rechnung von dem in eigenem Namen handelnden Beauftragten  erworben wurden.	Besitz in gutem Glauben	gutgläubiger Besitz,redlicher Besitz	redlicher Besitz	gutgläubiger Besitz
Die Klage auf Wiederherstellung kann auch gegen denjenigen gerichtet werden, der den Besitz durch Einzelrechtsnachfolge und in Kenntnis der erfolgten Entziehung erworben hat.	Klage auf Wiederherstellung,Klage auf Wiederherstellung des Besitzes,Klage wegen Entziehung des Besitzes,Wiederherstellungsklage	Besitzentziehungsklage		Besitzesklage,Klage aus Besitzesentziehung
Wenn es sich um die Ausübung von Befugnissen handelt, die Gegenstand einer durch die öffentliche Verwaltung erteilten Konzession sein können, ist auch Klage auf Erhaltung des Besitzes zulässig.	Klage auf Erhaltung des Besitzes	Besitzklage,Besitzstörungsklage		Klage aus Besitzesstörung
Jede Vereinbarung, die wie auch immer auf die Bestellung einer Mitgift abzielt, ist nichtig.	Mitgift	Ausstattung,Aussteuer,Heiratsgut	Ausstattung,Aussteuer	Ausstattung,Heiratsgut
Sachen, hinsichtlich derer keiner der Ehegatten das Alleineigentum nachweisen kann, stehen zu gleichen Teilen im ungeteilten Eigentum beider Ehegatten.	ungeteiltes Eigentum	Gesamthandeigentum	Eigentum zur gesamten Hand,Gesamthandseigentum	Gesamteigentum
Sofern nicht ein anderes Rechtsverhältnis vorliegt, hat der Familienangehörige, der seine Arbeitskraft fortdauernd für die Familie oder im Familienunternehmen einsetzt, Recht auf Unterhalt gemäß der Vermögenslage der Familie .	Familienunternehmen	Familienbetrieb	Familienbetrieb	Familienbetrieb
Den unehelichen Kindern, die ein Recht auf Unterhalt, Ausbildung und Erziehung haben, gebührt eine lebenslange Rente in Höhe des Ertrages des Erbteils, auf den sie Anspruch hätten, wäre die Abstammung festgestellt oder anerkannt worden.	Anspruch auf Unterhalt,Anspruch auf vollen Unterhalt,Recht auf Unterhalt	Unterhaltsanspruch	Unterhaltsanspruch	Unterhaltsanspruch
Jeder arbeitsunfähige Staatsbürger, dem die zum Leben erforderlichen Mittel fehlen, hat Anspruch auf Unterhalt und Fürsorge.	Anspruch auf Unterhalt,Anspruch auf vollen Unterhalt,Recht auf Unterhalt	Unterhaltsanspruch	Unterhaltsanspruch	Unterhaltsanspruch
Gestaltungsurteil bedeutet, daß unmittelbar durch das gerichtliche Urteil die Rechtslage gestaltet wird.	Gestaltungsurteil,Urteil mit konstitutiver Wirkung,rechtsgestaltendes Urteil	Rechtsgestaltungsurteil		
Wenngleich die Gattungsschuld den Schuldner zur Leistung beliebiger Sachen einer Gattung verpflichtet, müssen zu diesem Zweck einmal individuell bestimmte Sachen ausgewählt werden.	Gattungsschuld			Genusschuld
Gegen den Willen des Schuldners und des Gläubigers ist  die Erfüllung durch einen Dritten nicht möglich.	Erfüllung durch einen Dritten	Zahlung durch Dritte		Erfüllung durch Dritte
Zur Feststellung des Datums von Quittungen kann das Gericht unter Berücksichtigung der Umstände jedes beliebige Beweismittel zulassen.	Quittung		Empfangsbestätigung,schriftliches Empfangsbekenntnis	
Scheingeschäfte werden meist zur Täuschung der Behörden oder dritter Personen geschlossen.	Scheingeschäft		simuliertes Geschäft	
Ein Freispruch kann nur mit Rücksicht auf die unter Anklage gestellte Tat, nicht aber mit Rücksicht auf ihre rechtliche Bezeichnung gefällt werden.	Freispruch	Freisprechung	Freisprechung	
Bei Nichteinhaltung der Pflichten und bei unentschuldigten Absenzen schlagen der Primararzt und der Direktor der Apotheke dem Sanitätsdirektor einen schriftlichen Verweis vor.	Rüge,Verweis	Ermahnung	Ermahnung	Verwarnung
Das Vormundschaftsgericht bestellt die Person zum Vormund, welche der Elternteil, der zuletzt die elterliche Verantwortung ausgeübt hat, als solchen benannt hat. Die Benennung kann durch Testament, durch öffentliche Urkunde oder durch beglaubigte Privaturkunde erfolgen.	beglaubigte Privaturkunde	öffentlich beglaubigte Urkunde	öffentlich beglaubigte Urkunde	
Die Klage auf Bestreitung der Vaterschaft zu dem während der Ehe empfangenen Kind ist nur in folgenden Fällen zulässig .	Bestreitung der Vaterschaft		Anfechtung der Vaterschaft,Vaterschaftsanfechtung	Vaterschaftsanfechtung
Liegt eine Kindesunterschiebung oder eine Kindesvertauschung vor, so kann das Kind, obwohl die Geburtskunde mit dem tatsächlichen Personenstand übereinstimmt, einen anderen Personenstand beanspruchen .	Kindesunterschiebung	Unterschiebung eines Kindes		
Die Vaterschaftsbestreitungsklage seitens der Mutter muss innerhalb einer Frist von sechs Monaten ab der Geburt des Kindes eingebracht werden oder ab dem Tag, an dem sie Kenntnis von der Zeugungsunfähigkeit des Ehemanns zum Zeitpunkt der Empfängnis erhalten hat.	Klage auf Bestreitung der Vaterschaft,Vaterschaftsbestreitungsklage	Ehelichkeitsbestreitungsklage	Klage auf Anfechtung der Vaterschaft,Vaterschaftsanfechtungsklage	Klage auf Anfechtung der Vaterschaft
Einfriedungen und Anpflanzungen müssen nach den Vorschriften der Bauleitpläne und Verkehrspläne errichtet werden und dürfen auf keinen Fall das zur Wahrung der Verkehrssicherheit notwendige Sichtfeld einschränken; die diesbezügliche Beurteilung obliegt dem Straßeneigentümer.	Bauleitplan		Raumordnungsplan	Richtplan
Ein durch Eintritt zur Erbfolge berufener Nachkomme hat das auszugleichen, was dem Vorfahren geschenkt worden ist, auch wenn er dessen Erbschaft ausgeschlagen hat.	Vorfahre		Verwandter der aufsteigenden Linie	
Ein durch Eintritt zur Erbfolge berufener Nachkomme hat das auszugleichen, was dem Vorfahren geschenkt worden ist, auch wenn er dessen Erbschaft ausgeschlagen hat.	Nachkomme	Abkömmling	Abkömmling	
Die Zustimmung der in den Artikeln 296 und 297 CCangeführten Personen kann durch eine Person abgegeben werden, die mit einer durch öffentliche Urkunde oder durch beglaubigte Privaturkunde erteilten Spezialvollmacht versehen ist.	Spezialvollmacht	Einzelvollmacht	Sondervollmacht	Spezialhandlungsvollmacht
Die Entlassung aus der elterlichen Verantwortung verleiht dem Minderjährigen die Fähigkeit, jene Rechtshandlungen vorzunehmen, die nicht über die ordentliche Verwaltung hinausgehen.	Entlassung aus der elterlichen Verantwortung		Befreiung vom Alterserfordernis,Befreiung vom Erfordernis des Volljährigkeitsalters	
Wenn nach dreijähriger Dauer der gesetzlichen Trennung nicht innerhalb der darauffolgenden sechs Monate der Antrag auf Auflösung oder auf Aufhebung der Rechtswirkungen der Ehe eingebracht wird, wird die Wohnbauförderung widerrufen.	Rechtswirkungen,bürgerliche Wirkungen,zivilrechtliche Wirkungen	zivilrechtliche Rechtsfolgen	privatrechtliche Folgen	
Das Pfand haftet für die Forderung in deren jeweiligem Bestand, insbesondere auch für Zinsen und Vertragsstrafen.	Pfand,Pfandrecht	Verpfändung	Pfandrecht an beweglichen Sachen und an Rechten	Fahrnispfand,Fahrnispfandrecht
Wenn das Pfandrecht vor dem Inkrafttreten des Gesetzbuches entstanden ist, werden die Voraussetzungen für die Wirksamkeit des Vorrechtes durch die früheren Gesetze bestimmt.	Pfand,Pfandrecht	Verpfändung	Pfandrecht an beweglichen Sachen und an Rechten	Fahrnispfand,Fahrnispfandrecht
Der Dienst hat folgende Aufgaben zu erfüllen: Führung der Lieferantenkartei und Aufstellung der übrigen Verbindlichkeiten.	Schuld,Verbindlichkeit	Obligation	Obligation	
Wer gegenüber ein und derselben Person mehrere gleichartige Schulden hat, kann bei der Zahlung erklären, welche Schuld er tilgen will.	Schuld,Verbindlichkeit	Obligation	Obligation	
Das Vormundschaftgericht nimmt die Bestellung des Vormundes und des Vormundstellvertreters vor, sobald es von der Tatsache, die die Eröffnung der Vormundschaft nach sich zieht, Kenntnis erlangt hat.	Vormundstellvertreter	Kollisionskurator,besonderer Kurator		
Unbeschadet eines anderslautenden Willens der Parteien hat der Darlehensnehmer dem Darlehensgeber Zinsen zu zahlen .	Darlehensgeber	Darleiher		Darleiher
Erfüllt der Darlehensnehmer nicht die Verpflichtung zur Zahlung der Zinsen, so kann der Darlehensgeber die Aufhebung des Vertrags verlangen.	Darlehensnehmer			Borger
Die Wirkung des Gläubigerverzugs besteht nicht etrwa darin, daß der Schuldner die Abnahme des geschuldeten Gegenstands erzwingen kann. Die Abnahme ist ein Recht keine (echte) Pflicht.	Gläubigerverzug,Verzug des Gläubigers		Annahmeverzug	
Sind das Realangebot und die Hinterlegung gültig, gehen die dafür erforderlich gewordenen Kosten zu Lasten des Gläubigers.	Realangebot	reales Anbot		Realoblation
Verweigert der Gläubiger die Annahme des Realangebots oder erscheint er nicht zur Empfangnahme der ihm mittels Aufforderung angebotenen Sachen, so kann der Schuldner die Hinterlegung vornehmen.	Aufforderung	Einmahnung,Mahnung	Mahnung	Mahnung
Wenn die Verpflichtung zur Vornahme einer Handlung nicht erfüllt wird, kann der Berechtigte die Vornahme auf Kosten des Verpflichteten unter Beachtung der in der Zivilprozeßordnung festgesetzten Formen erlangen.	Verbindlichkeit, die eine Handlung zum Gegenstand hat,Verpflichtung zur Vornahme einer Handlung	positive Leistungspflicht	positive Leistungspflicht	Verbindlichkeit zu einem Tun
Nach fruchtlosem Ablauf dieser Frist können die Verwalter auf Gefahr und Rechnung des säumigen Gesellschafters seinen Anteil zu dem aus der letzten genehmigten Bilanz sich ergebenden Wert verkaufen.	Gefahr	Risiko	Risiko	
Der entgangene Gewinn ist durch das Gericht nach gerechter Abwägung der Umstände des Einzelfalls zu bewerten.	entgangener Gewinn	Gewinnentgang,lucrum cessans	lucrum cessans	lucrum cessans
Hat zur Verursachung des Schadens ein schuldhaftes Verhalten des Gläubigers beigetragen, so wird der Ersatz nach der Schwere des Verschuldens und dem Umfang der daraus entstandenen Folgen gemindert.	fahrlässige Handlung,schuldhaftes Verhalten	fahrlässiges Handeln,schuldhaftes Handeln	fahrlässiges Handeln,schuldhaftes Handeln	fahrlässiges Handeln
Jedwede vorsätzliche oder fahrlässige Handlung, die einem anderen einen rechtswidrigen Schaden zufügt, verpflichtet denjenigen, der sie begangen hat, den Schaden zu ersetzen.	fahrlässige Handlung,schuldhaftes Verhalten	fahrlässiges Handeln,schuldhaftes Handeln	fahrlässiges Handeln,schuldhaftes Handeln	fahrlässiges Handeln
Das Transparenzgebot begnügt sich nicht mit formeller Textverständlichkeit, sondern verlangt, dass Inhalt und Tragweite vorgefasster Vertragsklauseln für den Verbraucher durchschaubar sind.	Klausel,Vertragsklausel		Vertragsabrede	
Die Neuerung ist unwirksam, wenn die ursprüngliche Verbindlichkeit nicht bestand.	Neuerung	Novation	Novation,Schuldersetzung,Schuldumschaffung,Schuldumwandlung	Novation
Die Aufrechnung findet nur zwischen zwei Schulden statt, die einen Geldbetrag oder eine Menge vertretbarer Sachen der gleichen Gattung zum Gegenstand haben und die gleichermaßen feststehen und fällig sind.	Aufrechnung,Verrechnung	Kompensation		Kompensation
Das Konkursverfahren eröffnet allen Gläubigern die Möglichkeit, sich an der Verteilung des Vermögens des Gemeinschuldners zu beteiligen.	Gemeinschuldner		Insolvenzschuldner,Schuldner	
Verstreicht die festgelegte Frist erfolglos, veranlasst die  zuständige Behörde den Abbruch oder die Befestigung von Amts wegen und lastet die Kosten dem Eigentümer an.	von Amts wegen	amtswegig,ex offo	e. o.,ex officio,v. a. W.	
Bei Verträgen mit wechselseitigen Leistungen kann die wegen nachfolgender Unmöglichkeit der geschuldeten Leistung befreite Partei nicht die Gegenleistung verlangen und hat eine solche, die sie bereits erhalten hat, nach den Vorschriften über die Rückforderung einer Nichtschuld zurückzugeben.	nachfolgende Unmöglichkeit,nachträgliche Unmöglichkeit	Unmöglichwerden		Unmöglichwerden
Bei der Unmöglichkeit einer Leistung ist  zwischen anfänglicher - d.h. bereits vor Entstehen des Schuldverhältnisses, also i.d.R. vor Vertragsschluß bestehender - und nachträglicher Unmöglichkeit zu unterscheiden.	nachfolgende Unmöglichkeit,nachträgliche Unmöglichkeit	Unmöglichwerden		Unmöglichwerden
Der Geschäftsführer kann im Namen des Geschäftsherrn hinsichtlich jener Verbindlichkeiten vor Gericht auftreten, die aus Rechtshandlungen herrühren, die beim Betrieb des von ihm geleiteten Unternehmens vorgenommen wurden.	Geschäftsführer	Handlungsbevollmächtigter	Handlungsbevollmächtigter	Handlungsbevollmächtigter
Bei unteilbarer Leistung  steht die Teilunmöglichkeit jedoch der vollständigen Unmöglichkeit gleich, das heißt der Schuldner wird in vollem Umfang frei.	Teilunmöglichkeit		teilweise Unmöglichkeit	
Die Nichtigerklärung von Verträgen kann nur ausgesprochen werden, wenn sich aus dem Nachteil, der dem Unzurechnungsfähigen erwachsen ist oder noch erwachsen kann, oder aus der Art des Vertrages oder sonstwie die Schlechtgläubigkeit der anderen Vertragspartei ergibt .	Schlechtgläubigkeit,schlechter Glaube	Bösgläubigkeit	Bösgläubigkeit	Bösgläubigkeit
Der Miterbe, der seinen Anteil oder einen Teil desselben einem Außenstehenden veräußern will , hat das Veräußerungsangebot unter Angabe des Preises den übrigen Miterben zuzustellen, die ein Vorkaufsrecht haben.	Miterbe	gemeinschaftlicher Erbe		
Das Kindschaftsreformgesetz (1998) gestaltet die einzelnen Regelungsbereiche (Abstammung, elterliche Sorge, Umgang, Unterhatl) für alle Kinder ohne zwischen ehelichen und nichtehelichen Kindern zu unterscheiden.	nichteheliches Kind	außereheliches Kind,uneheliches Kind		
Der Übernehmer der Rechte des Teilhabers ist mit dem Überträger gesamtschuldnerisch zur Zahlung der von diesem geschuldeten und nicht geleisteten Beiträge verpflichtet.	Zessionar,Übernehmer	Neugläubiger	neuer Gläubiger	
Die Adoption begründet keine zivilrechtlichen Beziehungen zwischen dem Adoptierenden und der Familie des Adoptierten .	Adoptierender	Annehmender	Annehmender	Annehmender,adoptierende Person
Die persönliche Sicherheit hat 1. schriftlich; 2. von Seiten des Sicherungsgebers unkündbar; 3. bis zur vollständigen Erfüllung der Schuld wirksam und 4. gegenüber dem Sicherungsgeber rechtlich durchsetzbar zu sein.	persönliche Sicherheit		Personalsicherheit	Personalkredit
Der Angewiesene kann gegen den Anweisungsempfänger die sich aus seinen Rechtsbeziehungen zu diesem ergebenden Einwendungen erheben.	Einwendung	Einrede	Einrede	Einrede
Dieselben Bestimmungen sind zu beachten, wenn der Gläubiger der zu seinen Gunsten abgeschlossenen Schuldübernahme durch Vertrag mit dem Schuldner beigetreten ist und die Befreiung des ursprünglichen Schuldners eine ausdrückliche Bedingung der Vereinbarung war.	Schuldübernahme		Schuldübernahme durch Vertrag zwischen Schuldner und Übernehmer	
Während bei der Gattungsschuld nur eine, wenn auch gattungsmäßig bestimmte Leistung geschuldet wird, sind bei der Wahlschuld mehrere Leistungen in obligatione, von denen aber nur eine nach Wahl in solutione ist.	Wahlschuld	Alternativobligation		Alternativobligation,Wahlobligation
Ein Zahlungsversprechen oder eine Schuldanerkenntnis entbindet denjenigen, zu dessen Gunsten es gemacht worden ist, von der Last, das ihm zugrundeliegende Rechtsverhältnis zu beweisen.	Schuldanerkenntnis	deklaratives Anerkenntnis		Schuldanerkennung
Der Rechtsgrund ist unerlaubt, wenn er gegen zwingende Vorschriften, die Grundwertungen der Rechtsordnung oder die guten Sitten verstößt.	Rechtsgrund		causa	causa
Das mit den auf Termin verkauften Wertpapieren verbundene Optionsrecht steht dem Käufer zu.	Bezugsrecht,Optionsrecht		Aktienbezugsrecht	
Gewähren die Aktien ein Bezugsrecht, steht dieses dem Gesellschafter zu.	Bezugsrecht,Optionsrecht		Aktienbezugsrecht	
Der Ausgleichung nicht unterworfen sind die dem Ehegatten gemachten Schenkungen von geringfügigem Wert.	Ausgleichung	Ausgleich		
Der Fälschungsstreit kann sowohl selbständig als auch im Rahmen eines Rechtsstreits in jeder Lage und Instanz des Verfahrens eingeleitet werden, solange die Echtheit der Urkunde nicht mit einem rechtskräftigen Urteil festgestellt worden ist.	Fälschungsklage,Fälschungsstreit,Fälschungsstreitigkeit		Fälschungseinwand	
In der ausschließlichen Zuständigkeit der ordentlichen Gerichtsbarkeit verbleiben die Fälschungsklage und die Fragen bezüglich des Status und der Rechtsfähigkeit und der Handlungsfähigkeit von Privatpersonen mit Ausnahme der Prozeßfähigkeit.	Fälschungsklage,Fälschungsstreit,Fälschungsstreitigkeit		Fälschungseinwand	
Darüber hinaus erfolgt häufig auch eine stillschweigende Annahme, wenn der Erbe nach außen als Erbe auftritt, ohne deutlich zu machen, dass er sich zwischen Annahme oder Ausschlagung noch nicht entschieden hat.	stillschweigende Annahme		Annahme durch schlüssiges Verhalten	
Eine Verfügung zur Gesamtrechtsnachfolge  ist nichtig, wenn sie vom Erblasser unter der Bedingung gemacht wurde, daß er seinerseits im Testament des Erben oder des Vermächtnisnehmers begünstigt wird.	Vermächtnisnehmer	Bedachter,Legatar	Bedachter	Bedachter,Legatar
Bei gesetzlicher Erbfolge wächst der Teil desjenigen, der ausschlägt, denen an, die mit dem Ausschlagenden zusammengetroffen wären .	gesetzliche Erbfolge	Intestaterbfolge		Intestaterbfolge
Der Vertrag ist unerlaubt, wenn sich die Parteien zum Abschluß des Vertrages auschließlich aus einem für beide gemeinsamen unerlaubten Beweggrund entschlossen haben.	Beweggrund,Grund	Bewegungsgrund,Motiv	Motiv	Motiv
Während des Schwebens der aufschiebenden Bedingung kann der Erwerber eines Rechts Rechtshandlungen zur Sicherung vornehmen.	aufschiebende Bedingung	Suspensivbedingung	suspensive Bedingung	Suspensivbedingung
Die Personen, zu deren Gunsten das Gesetz einen Anteil der Erbschaft oder andere Erbfolgerechte vorbehält, sind  der Ehegatte, die ehelichen Kinder .	Anteil,Erbanteil,Erbteil	Erbportion,Erbquote	Erbquote	Erbquote
Die Beteiligung an einem Gewerbe in der Form einer stillen Gesellschaft begründet ein rein schuldrechtliches Verhältnis zwischen dem stillen Gesellschafter und dem Inhaber des Handelsgewerbes.	stille Gesellschaft	stG		
Das notarielle Testament kann ein öffentliches  oder ein geheimes  sein.	notarielles Testament		Testament zur Niederschrift eines Notars	
Wenn der Beschwerte oder der Dritte die Wahl nicht vornehmen kann oder will, wird diese vom Präsidenten des Landesgerichts, in dessen Sprengel die Erbfolge eröffnet wurde, nach Aufnahme zweckdienlicher Informationen durch Dekret getroffen.	Beschwerter	Belasteter		
Die auflösende Bedingung läßt das Rechtsgeschäft sofort wirksam werden .	auflösende Bedingung	Resolutivbedingung	Resolutivbedingung,resolutive Bedingung	Resolutivbedingung
Vermachen Eltern den Töchtern ein Heiratsgut, so wird dasselbe, wofern es nicht ausdrücklich als ein Vorausvermächtnis erklärt worden, in den gesetzlichen oder letztwilligen Erbteil eingerechnet.	Vorausvermächtnis	Prälegat		Prälegat,Vorvermächtnis
Die Ersatzerbfolge kann auch wechselseitig zwischen den eingesetzten Miterben bestehen. Sind sie zu ungleichen Teilen eingesetzt worden, wird vermutet, daß das Verhältnis zwischen den bei der ersten Erbeinsetzung festgesetzten Anteilen auch bei der Ersatzerbfolge wiederholt ist .	Ersatzerbfolge	Ersatzerbschaft,Substitution,Vulgarsubstitution,gemeine Substitution	Ersatzerbeneinsetzung,Ersatzerbfall	Ersatzerbeneinsetzung
Der Eingesetzte hat den Genuß und die freie Verwaltung der Güter, die Gegenstand der Nacherbfolge sind .	Nacherbfolge	Nacherbfall,Nacherbschaft,fideikommissarische Substitution	Nacherbeneinsetzung,Nacherbfall,Nacherbschaft	Nacherbeneinsetzung,Nacherbschaft
Vor der Vornahme der Teilung hat der Testamentsvollstrecker die Erben zu hören.	Testamentsvollstrecker,Testamentvollstrecker	Testaments-Exekutor,Vollzieher des letzten Willens,Willensvollstrecker		Willensvollstrecker,Willensvollzieher
Wird der Betrieb durch Rechtsgeschäft von Todes wegen übertragen, so darf er bis zur endgültigen Regelung der Erbfolge aufgrund der vorher bestehenden Erlaubnis von erbberechtigten Personen, vom Nachlaßpfleger oder vom Testamentvollstrecker fortgeführt werden .	Testamentsvollstrecker,Testamentvollstrecker	Testaments-Exekutor,Vollzieher des letzten Willens,Willensvollstrecker		Willensvollstrecker,Willensvollzieher
Der Erbe muß die Güter dem  bestellten Kurator übergeben. Nach erfolgter Übergabe ist er von jeder Haftung für Erbschaftsschulden befreit.	Erbschaftsschuld,Erbschaftsverbindlichkeit	Erblasserschuld,Nachlassverbindlichkeit	Erblasserschuld,Nachlassverbindlichkeit	
Folglich ist der Erbe nicht verpflichtet, über den Wert der ihm zugekommenen Güter hinaus Erbschaftsverbindlichkeiten und Vermächtnisse zu erfüllen.	Erbschaftsschuld,Erbschaftsverbindlichkeit	Erblasserschuld,Nachlassverbindlichkeit	Erblasserschuld,Nachlassverbindlichkeit	
Hat bei der Gesamtschuld ein Schuldner die Leistung erbracht oder mehr als den von ihm im Innenverhältnis geschuldeten Teil bezahlt, so steht im der Rückgriff (Regreß) gegen sein Mitschuldner zu.	Rückgriff	Regress,Rückgriffsrecht	Regress,Rückgriffsrecht	Regress,Rückgriffsrecht
Die Veräußerung eines Rechts oder die Übernahme einer Verpflichtung ist nichtig, wenn sie an eine aufschiebende Bedingung geknüpft wird, die sie vom bloßen Willen des Veräußerers beziehungsweise von jenem des Schuldners abhängig macht.	Veräußerung			Veräusserung
Ist die Erbmasse erschöpft, so haben die nicht befriedigten Gläubiger nur ein Rückgriffsrecht gegen die Vermächtnisnehmer in Höhe des Wertes des Vermächtnisses .	Erbmasse	Erbschaftsmasse,Verlassenschaftsmasse	Nachlassmasse	
Die Vertragsstrafe wird unabhängig vom Beweis eines Schadens geschuldet.	Vertragsstrafe	Konventionalstrafe,Vergütungsbetrag	Konventionalstrafe	Konventionalstrafe
Besteht ein Mißverhältnis zwischen der Leistung der einen Partei und jener der anderen , kann die geschädigte Partei die Rückgängigmachung des Vertrages verlangen.	Rückgängigmachung			Rückgängigmachen
Der Aufsichtsrat hat im Fall der Unterlassung durch die Verwalter die Gesellschafterversammlung einzuberufen.	Auslassung,Unterlassung	Unterlassen	Unterlassen	
Die Überprüfung einer von der Partei bereits genehmigten Rechnung kann, auch in einem eigenen Verfahren, nur im Fall eines sachlichen Fehlers, einer Auslassung, einer Fälschung oder einer Doppelverrechnung von Posten verlangt werden.	Auslassung,Unterlassung	Unterlassen	Unterlassen	
Die Abmachung des Heimfalls bewirkt, daß jede Veräußerung der geschenkten Güter aufgelöst ist und diese an den Schenker frei von jeder Last oder Hypothek zurückfallen .	Abmachung des Heimfalls			Verabredung des Rückfalls
Das unbefristete bzw. befristete Dienstverhältnis entsteht bei der Unterzeichnung des Individualvertrags, die bei Dienstantritt erfolgt.	Arbeitsvertrag,Einzelvertrag,Individualarbeitsvertrag,Individualvertrag	Einzelarbeitsvertrag	Einzelarbeitsvertrag	Einzelarbeitsvertrag
Ein Arbeitsvertrag, der unter Nichtbeachtung der Bestimmungen über die Regelung der Nachfrage nach Arbeit und des Angebots von Arbeit abgeschlossen wird, kann unbeschadet der Anwendung strafrechtlicher Maßnahmen für nichtig erklärt werden.	Arbeitsvertrag,Einzelvertrag,Individualarbeitsvertrag,Individualvertrag	Einzelarbeitsvertrag	Einzelarbeitsvertrag	Einzelarbeitsvertrag
Die Arbeitnehmer werden in leitende Angestellte, höhere Angestellte, Angestellte und Arbeiter eingeteilt.	höherer Angestellter		Angestellter in höherer Stellung	
Den Vertrag zugunsten Dritter erkennt man an seiner Rechtsfolge: er verpflichtet den Vertragsschuldner derart zur Leistung an den Dritten, daß dieser die Leistung selbst fordern darf (BGB § 328 I).	Vertrag zugunsten Dritter			Vertrag zugunsten eines Dritten
Der Versprechende kann dem Dritten gegenüber die Einwendungen erheben, die auf dem Vertrag beruhen, aus dem der Dritte sein Recht herleitet .	Versprechender			Promittent
Sofern der Vertrag nichts anderes vorsieht, erlischt ein mehrseitiger Vertrag nicht schon deshalb, weil die Zahl der Vertragsparteien unter die für sein Inkrafttreten erforderliche Zahl sinkt.	mehrseitiger Vertrag	multilateraler Vertrag		
Ein Vertrag kann nicht für nichtig erklärt werden, wenn ein Minderjähriger mit Täuschungshandlungen seine Minderjährigkeit verheimlicht hat .	Täuschungshandlung	Täuschung		Täuschung
Das für den Auftraggeber günstigste Angebot wird während des Eröffnungstermins überprüft, und falls keine Rechenfehler gefunden werden, wird der Bauauftrag zugeschlagen.	Berechnungsirrtum,Rechenfehler	Kalkulationsirrtum,Rechnungsfehler	Fehlkalkulation,Kalkulationsfehler,Kalkulationsirrtum,Rechnungsfehler	Rechnungsfehler
Der Berechnungsirrtum führt nicht zur Nichtigerklärung des Vertrages, sondern nur zur Berichtigung, außer er erweist sich als Irrtum über den Umfang und war für die Einwilligung ausschlaggebend.	Berechnungsirrtum,Rechenfehler	Kalkulationsirrtum,Rechnungsfehler	Fehlkalkulation,Kalkulationsfehler,Kalkulationsirrtum,Rechnungsfehler	Rechnungsfehler
Erfüllt bei Verträgen mit wechselseitigen Leistungen einer der Vertragsteile seine Verpflichtungen nicht, kann der andere nach seiner Wahl die Erfüllung oder die Aufhebung des Vertrages verlangen, in jedem Fall unbeschadet des Ersatzes des Schadens.	Aufhebung des Vertrages,Auflösung des Vertrags	Wandlung		
Die Bestimmungen über die Wirkungen der nachträglich eingetretenen übermäßigen Belastung finden auch auf die vor dem Inkrafttreten des Gesetzbuches abgeschlossenen Verträge Anwendung, wenn die Umstände und Ereignisse, aus denen sich die übermäßige Belastung ergibt, nachher eingetreten sind.	übermäßige Belastung	unzumutbare Härte	unzumutbare Härte	unzumutbare Härte
Unberührt bleiben jene Gebräuche, die vorsehen, daß auch ohne ausdrückliche Abmachung Gewähr für die gute Gebrauchsfähigkeit zu leisten ist.	Gewähr für die gute Gebrauchsfähigkeit,Gewährleistung für die gute Gebrauchsfähigkeit		Haftung für die Gebrauchsfähigkeit der verkauften Sache	Gewährleistung der Gebrauchsfähigkeit
Der Erbschaftskauf hat bei sonstiger Nichtigkeit schriftlich zu erfolgen .	Erbschaftskauf	Kauf des Erbrechts		
Die Anhängigkeit des Rechtsstreits vor dem ausländischen Gericht bestimmt sich nach den Gesetzen des Staates, in dem das Verfahren abgewickelt wird.	Anhängigkeit des Rechtsstreites	Streitanhängigkeit	Rechtshängigkeit	Rechtshängigkeit
Die Entlohnung des Lehrlings darf nicht in der Form des Akkordlohns erfolgen.	Lehrling		Auszubildender,Azubi	
Für den Urlaub auf dem Bauernhof können Räume verwendet werden, die sich in den Gebäuden des landwirtschaftlichen Unternehmers - oder in Gebäuden auf seinem Grund - befinden und nicht für den landwirtschaftlichen Betrieb benötigt werden.	landwirtschaftlicher Unternehmer	Landwirt		Landwirt
Der mit der beglaubigten Unterschrift der Vertragsteile versehene Gründungsvertrag  ist von den Geschäftsführern innerhalb von dreißig Tagen zur Eintragung bei jenem Handelsregisteramt zu hinterlegen, in dessen Sprengel der Sitz der Gesellschaft festgelegt wird.	Handelsregisteramt	Geschäftsstelle des Handelsregisters	Geschäftsstelle des Handelsregisters	
In das Handelsregister sind die Unternehmer einzutragen, die  4) eine Banktätigkeit oder eine Versicherungstätigkeit  ausüben.	Banktätigkeit		gewerbsmäßiges Betreiben von Bankgeschäften	
Innerhalb von dreißig Tagen ab dem Beginn des Unternehmens hat der Unternehmer, der eine Handelstätigkeit ausübt, die Eintragung beim Handelsregisteramt, in dessen Sprengel er den Sitz festlegt, zu beantragen .	Handelstätigkeit	Handelsgewerbe	Handelsgewerbe	
Die Abstempelung und Vidimierung der Journal- und Inventarbücher sowie der Register, die ausschließlich von Steuerbestimmungen vorgesehen sind (MWST-Register), ist nicht mehr vorgeschrieben.	Abzeichnung,Vidimierung	Vidierung		
Wenn der Werkhersteller das Werk nicht gemäß den vom Vertrag festgesetzten Bedingungen und nicht fachgemäß ausführt, kann der Besteller eine angemessene Frist festsetzen, innerhalb welcher der Werkhersteller diesen Bedingungen nachzukommen hat.	Werkhersteller	Unternehmer,Werkunternehmer	Unternehmer	Unternehmer
Das Zurückbehaltungsrecht ist ausgeschlossen, wenn die Zurückbehaltung des Gegenstandes der von dem Schuldner vor oder beider Übergabe erteilten Anweisung oder der von dem Gläubiger übernommenen Verpflichtung, in einer bestimmten Weise mit dem Gegenstande zu verfahren, widerstreitet.	Recht zur Zurückbehaltung,Zurückbehaltung,Zurückbehaltungsrecht	Retentionsrecht		Retentionsrecht
Eine Person verliert den Arbeitslosenstatus, sobald sie eine abhängige Arbeit oder eine selbständige Beschäftigung beginnt.	abhängige Arbeit,nichtselbstständige Arbeit	unselbstständige Arbeit,unselbstständige Erwerbstätigkeit,unselbstständige Tätigkeit	unselbstständige Erwerbstätigkeit,unselbstständige Tätigkeit	unselbstständige Erwerbstätigkeit,unselbstständige Tätigkeit
Auf den Vertrag über die Arbeit im Haushalt sind die in den Artikeln 2118 und 2119 des Zivilgesetzbuches festgesetzten Vorschriften über den freiwilligen Rücktritt und den Rücktritt aus wichtigem Grund anwendbar.	Arbeit im Haushalt,Hausangestelltenarbeit,Hausarbeit			Haushaltarbeit
Wer Hausarbeit leistet, ist verpflichtet, alles, was sich auf das Familienleben bezieht, angemessen vertraulich zu behandeln.	Arbeit im Haushalt,Hausangestelltenarbeit,Hausarbeit			Haushaltarbeit
Der Vertrag über eine einfache Gesellschaft ist an keine besonderen Formen gebunden, außer an jene, die wegen der Art der eingebrachten Güter vorgeschrieben sind.	einfache Gesellschaft	GesBR,Gesellschaft bürgerlichen Rechts,societas	BGB-Gesellschaft,GbR,Gesellschaft bürgerlichen Rechts	
Der Gründungsvertrag muß angeben:  die Firma, den Sitz der Gesellschaft und die allfälligen Zweigniederlassungen .	Sitz der Gesellschaft		Gesellschaftssitz	Gesellschaftssitz
Bei Fehlen einer anderslautenden Vertragsbestimmung steht die Vertretungsmacht jedem geschäftsführenden Gesellschafter zu und erstreckt sich auf alle Rechtshandlungen, die zum Gesellschaftsgegenstand gehören.	Gesellschaftsgegenstand,Gesellschaftszweck	Gegenstand des Unternehmens,Unternehmensgegenstand	Gegenstand des Unternehmens,Unternehmensgegenstand	Gegenstand des Unternehmens
Der Pachtzins kann auch in einem Anteil oder in einer bestimmten oder veränderlichen Menge der Früchte des Pachtgrundstücks bestehen.	Pachtzins		Pacht	
Wenn es sich um ein Werk handelt, das in einzelnen Teilleistungen auszuführen ist, kann jeder der Vertragsteile verlangen, daß die Prüfung hinsichtlich der einzelnen Teilleistungen vorgenommen wird.	Teilleistung	Teilwerk		Teillieferung
Sind zur Durchführung der Beförderung besondere Urkunden erforderlich, hat der Absender diese dem Beförderer bei der Übergabe der zu befördernden Sachen auszuhändigen.	Beförderung			Transport
Ein Agenturvertrag auf bestimmte Zeit, der nach Vertragsende von den Parteien weiter ausgeführt wird, wandelt sich in einen Vertrag auf unbestimmte Zeit um.	Agenturvertrag	Handelsvertretervertrag	Handelsvertretervertrag	
Ist keine bestimmte Vertragsdauer vereinbart, so kann der Maklervertrag von jedem Vertragspartner jederzeit ohne Einhaltung einer Frist gekündigt werden.	Maklervertrag	Mäklervertrag	Mäklervertrag	Mäklervertrag
Der Makler hat Anspruch auf die Provision von jeder der Parteien, wenn das Geschäft durch sein Zutun zustandegekommen ist.	Makler		Mäkler	Mäkler
Ohne Einwilligung des Hinterlegers darf der Verwahrer die hinterlegte Sache weder gebrauchen noch anderen in Verwahrung geben.	Verwahrer			Aufbewahrer
Ohne Einwilligung des Hinterlegers darf der Verwahrer die hinterlegte Sache weder gebrauchen noch anderen in Verwahrung geben.	Einlagerer,Einleger,Hinterleger		Lagerhalter	
Bei der Kommanditgesellschaft auf Aktien haften die Komplementäre als Gesamtschuldner und unbeschränkt für die Verbindlichkeiten der Gesellschaft und haften die Kommanditisten beschränkt auf den gezeichneten Kapitalanteil.	KGaA,Kommanditgesellschaft auf Aktien			KMAG,Kommanditaktiengesellschaft
Eine KGaA stellt eine Sonderform der Aktiengesellschaft dar, und vereint Aspekte einer AG mit denen einer Kommanditgesellschaft.	KGaA,Kommanditgesellschaft auf Aktien			KMAG,Kommanditaktiengesellschaft
Die öffentlichen Lagerhäuser haben auf Verlangen des Einlagerers einen Lagerschein über die eingelagerten Waren auszustellen.	Lagerschein			Lagerempfanggschein
Das Indossament überträgt sämtliche sich aus dem Papier ergebenden Rechte.	Indossament,Indossierung	Giro		
"Ergeben sich alle Vertragsbestandteile aus einer Urkunde, in der die Bestimmung ""an Order"" oder eine andere gleichbedeutende enthalten ist, bewirkt die Indossierung der Urkunde die Einsetzung des Indossatars an die Stelle des Indossanten."	Indossament,Indossierung	Giro		
Der Besitzer des bloßen Lagerscheins kann die eingelagerten Sachen auch vor der Fälligkeit der Forderung, für die sie in Pfand gegeben wurden, zurücknehmen, indem er beim öffentlichen Lagerhaus den dem Pfandgläubiger bei Fälligkeit geschuldeten Betrag hinterlegt.	Pfandgläubiger		Pfändungsgläubiger	
Das Indossament ist auf das Papier zu schreiben und durch den Indossanten zu unterfertigen.	Indossant		Girant	
Der Entlehner hat die Sache mit der Sorgfalt eines guten Familienvaters  aufzubewahren  und zu erhalten.	Entlehner		Entleiher	
Für die Verbindlichkeiten der Gesellschaft haften überdies persönlich (2740) und als Gesamtschuldner (1292 ff.) die Gesellschafter, die im Namen und für Rechnung der Gesellschaft gehandelt haben (2266) und, vorbehaltlich einer gegenteiligen Abmachung, die übrigen Gesellschafter (204 ÜbgB.).	Gesellschaftsverbindlichkeiten,Verbindlichkeiten der Gesellschaft	Gesellschaftsschulden	Gesellschaftsschulden	Gesellschaftsschulden,gemeinschaftliche Schulden
Im Fall der Zahlungsunfähigkeit der Gesellschaft haftet für Gesellschaftsverbindlichkeiten, die in dem Zeitraum entstanden sind, für welchen sich ergibt, daß die Aktien einer einzigen Person gehörten, diese Person unbeschränkt.	Gesellschaftsverbindlichkeiten,Verbindlichkeiten der Gesellschaft	Gesellschaftsschulden	Gesellschaftsschulden	Gesellschaftsschulden,gemeinschaftliche Schulden
Bankverträge sind gestützt auf die AGB, die Vertragsmuster, den Briefwechsel zwischen Bank und Kunden, die Unterschriftenkarten sowie die Verkehrssitte im Bankbereich, auszulegen und zu ergänzen.	Bankvertrag	allgemeiner Bankvertrag	allgemeiner Bankvertrag	
Die Liquidatoren können die zur Liquidation erforderlichen Rechtshandlungen vornehmen und können, wenn die Gesellschafter nichts anderes vorgesehen haben, die Güter der Gesellschaft in Bausch und Bogen verkaufen und Vergleiche und Schiedsverträge abschließen.	Liquidator	Abwickler	Abwickler	
Stellt die Bank ein Sparbuch aus, so sind die Einzahlungen und Behebungen in das Buch einzutragen.	Sparbuch			Sparheft
Bei Fehlen einer Aufforderung durch den Käufer muß der Verkäufer den Verkauf der Optionsrechte für Rechnung des Käufers durch einen Börsenmakler oder ein Kreditinstitut besorgen.	Börsenmakler			Börsenhändler
Beim Bankvorschuss gegen Verpfändung von Wertpapieren oder Waren kann die Bank nicht über die als Pfand erhaltenen Sachen verfügen, wenn sie eine Urkunde ausgestellt hat, in der diese Sachen einzeln angeführt sind.	Bankvorschuss	Zwischenkredit	Zwischenkredit	
Personengesellschaften und Kapitalgesellschaften. Bei der Personengesellschaft (Offene Handelsgesellschaft – OHG oder Kommanditgesellschaft – KG) müssen die Gesellschafter kein Mindestkapital aufbringen und haften mit ihrem persönlichen Vermögen für die Schulden des Unternehmens.	OHG,offene Handelsgesellschaft	OG,offene Gesellschaft		Kollektivgesellschaft
Der mit der beglaubigten Unterschrift der Vertragsteile versehene Gründungsvertrag  ist von den Geschäftsführern innerhalb von dreißig Tagen zur Eintragung bei jenem Handelsregisteramt zu hinterlegen, in dessen Sprengel der Sitz der Gesellschaft festgelegt wird.	beglaubigte Unterschrift		beglaubigte Unterzeichnung	
Für bestehende Schuldverhältnisse muss die gesamtschuldnerische Haftung übernommen werden.	gesamtschuldnerische Haftung	Solidarhaftung	solidarische Haftung	Solidarhaftung,solidarische Haftung
Wenn in der Abmachung eine längere Dauer angegeben oder die Dauer nicht festgesetzt worden ist, gilt das Wettbewerbsverbot für einen Zeitraum von fünf Jahren ab der Übertragung.	Wettbewerbsverbot			Konkurrenzverbot
Die nicht verkauften Aktien müssen  unter entsprechender Herabsetzung des Kapitals vernichtet werden.	Herabsetzung des Kapitals	Herabsetzung des Grundkapitals,Herabsetzung des Stammkapitals,Kapitalherabsetzung	Herabsetzung des Grundkapitals,Herabsetzung des Stammkapitals,Kapitalherabsetzung	Herabsetzung des Grundkapitals,Herabsetzung des Stammkapitals,Kapitalherabsetzung
Der Eröffnung des Konkurses wird nicht stattgegeben, wenn die Höhe der fälligen und nicht bezahlten Schulden, die sich aus den Akten des Konkurseröffnungsverfahrens ergeben, insgesamt unter fünfundzwanzigtuasend Euro liegt. .	Eröffnung des Konkurses,Konkurseröffnung		Eröffnung des Insolvenzverfahrens	
Bestimmt der Gründungsvertrag nichts anderes, sind für die Bestellung der Geschäftsführer und für ihre Abberufung  die Einwilligung der Komplementäre und die Genehmigung durch soviele Kommanditisten, daß sie die Mehrheit des von den Kommanditisten gezeichneten Kapitals vertreten, erforderlich.	Kommanditist			Kommanditär
Liegt grobe Fahrlässigkeit vor, kann das Gericht den Strafangestellter verurteilen, dem Angeklagten und dem zivilrechtlich Haftenden, die dies beantragt haben, den Schaden zu ersetzen.	grobe Fahrlässigkeit		Leichtfertigkeit	
Der Vertrag wird aufgelöst, wenn nach dem Vertragsabschluß das Risiko wegfällt, doch hat der Versicherer so lange Anrecht auf Zahlung der Prämien, bis ihm der Wegfall des Risikos mitgeteilt worden oder sonstwie bekanntgeworden ist.	Wegfall des Risikos	Risikowegfall	Risikowegfall	
Der Versicherer haftet für den zufälligen Schaden, und der Versicherte für den versprochenen Preis.	Versicherter		versicherte Person	versicherte Person
Die Verschmelzung und die Zusammenlegung von Betrieben mehrerer Versicherungsunternehmen sind kein Grund für eine Auflösung des Versicherungsvertrages.	Zusammenlegung	Unternehmenskonzentration	Unternehmenskonzentration	
Ist ein Versicherungsagent zum Abschluß von Versicherungsverträgen bevollmächtigt, so ist er auch befugt, die Änderung oder Verlängerung solcher Verträge zu vereinbaren sowie Kündigungs- und Rücktrittserklärungen abzugeben	Versicherungsagent	Versicherungsvertreter	Versicherungsvertreter	
Die Mitversicherung wird normalerweise in einem einheitlichen Versicherungsschein dokumentiert; sie muß deutlich erkennbar sein, anderenfalls wird der unterzeichnende Versicherer als Allein-Versicherer behandelt.	Mitversicherung	Mehrfachversicherung	Mehrfachversicherung	Doppelversicherung
Auf die Einlagen der Gesellschafter und auf die Geschäfte, durch die die Gesellschaft Güter und Forderungen von Gründungsgesellschaftern, Gesellschaftern und Verwaltern erwirbt, finden die Artikel 2342, 2343 und 2343-bis Anwendung.	Gründungsgesellschafter	Gründer	Gründer,Gründeraktionär,Gründungsaktionär	Gründer
Der Gründungsvertrag und die Satzung müssen im Amtsblatt für die Aktiengesellschaften und Gesellschaften mit beschränkter Haftung veröffentlicht werden.	Amtsblatt für die Aktiengesellschaften und Gesellschaften mit beschränkter Haftung	Zentralblatt für die Eintragung in das Firmenbuch	Bundesanzeiger	
Die Gesellschaft kann eigene Aktien nur in den Grenzen der in der letzten ordnungsgemäß genehmigten Bilanz ausgewiesenen verteilbaren Gewinne und verfügbaren Rücklagen erwerben.	Rücklagen	Reserve	Reserve	Reserve
Die im vorhergehenden Artikel enthaltenen Beschränkungen sind nicht anzuwenden, wenn der Erwerb eigener Aktien auf Grund einer Gesamtrechtsnachfolge oder einer Verschmelzung erfolgt.	Gesamtrechtsnachfolge	Universalsukzession	Universalsukzession	Universalsukzession
Solange sich die Aktien im Eigentum der Gesellschaft befinden, steht das Recht auf den Gewinn und das Bezugsrecht den anderen Aktien anteilig zu.	Recht auf Gewinnbeteiligung,Recht auf den Gewinn	Dividendenrecht,Gewinnanteilsrecht	Dividendenrecht,Recht auf Dividende,Recht auf Gewinnanteil	Anspruch auf Gewinn,Recht auf Dividende,Recht auf Gewinnanteil
Die übrigen Gläubiger können das Urteil gegenüber dem Schuldner geltend machen, jedoch unbeschadet der persönlichen Einwendungen, die dieser gegenüber jedem von ihnen erheben kann.	persönliche Einwendungen		an die Person gebundene Einwendungen,in der Person begründete Einwendungen	
Zur Anwendung der Ziffern 1) e 2) des ersten Absatzes werden auch die Stimmrechte gezählt, die abhängigen Gesellschaften, Treuhandgesellschaften oder einer vorgeschobenen Person zustehen; Stimmrechte, die für Dritte zustehen, werden nicht gezählt.	abhängige Gesellschaft	Tochtergesellschaft,abhängiges Unternehmen	Konzern-Tochter,Konzerntochter,Tochtergesellschaft,Tochterunternehmen,abhängiges Unternehmen	Tochtergesellschaft,Untergesellschaft
Eine Abschrift des Jahresabschlusses sowie vollständige Abschriften des letzten Jahresabschlusses der abhängigen Gesellschaften und eine zusammenfassende Übersicht über die wesentlichen Angaben aus dem letzten Jahresabschluss der verbundenen Gesellschaften müssen  bis zur Genehmigung des Jahresabschlusses aufliegen.	verbundene Gesellschaft	Konzernunternehmen	Konzernunternehmen,verbundenes Unternehmen	Konzerngesellschaft
Die außerordentliche Gesellschafterversammlung der Gesellschafter, deren Aktien an der Börse notiert sind, kann, wenn die nach der zweiten Einberufung anwesenden Gesellschafter nicht den für die Beschlußfassung erforderlichen Teil des Kapitals vertreten, neuerlich binnen dreißig Tagen einberufen werden.	außerordentliche Gesellschafterversammlung	außerordentliche Hauptversammlung	außerordentliche Hauptversammlung	außerordentliche Versammlung
Jedwede vorsätzliche oder fahrlässige Handlung, die einem anderen einen rechtswidrigen Schaden zufügt, verpflichtet denjenigen, der sie begangen hat, den Schaden zu ersetzen.	Schaden	Schade		
Wer mit einem Fahrzeug fährt, für das kein Fahrzeugschein ausgestellt wurde, muss eine verwaltungsrechtliche Geldbuße zwischen 422 und 1.695 Euro zahlen. Dieselbe Geldbuße gilt für Fahrzeugeigentümer, Fruchtnießer, Leasingnehmer mit Erwerbsrecht oder Käufer unter Eigentumsvorbehalt.	Abmachung des Eigentumsvorbehaltes,Eigentumsvorbehalt	Vereinbarung des Eigentumsvorbehalts	Abrede des Eigentumsvorbehalts	
Das Recht auf Übernahme des geschlossenen Hofes ist unveräußerlich und erlischt nicht durch Verjährung oder Verfall, außer im Falle der Verjährung des Rechtes auf die Erbschaftsannahme .	Annahme der Erbschaft,Erbschaftsannahme	Antretung der Erbschaft		
Das Recht zur Annahme der Erbschaft verjährt in zehn Jahren. Die Frist läuft ab dem Tag der Eröffnung der Erbfolge und im Fall bedingter Einsetzung ab dem Tag des Eintritts der Bedingung .	Annahme der Erbschaft,Erbschaftsannahme	Antretung der Erbschaft		
Außer den Büchern und anderen Rechnungsunterlagen, die gemäß Artikel 2214 vorgeschrieben sind, hat die Gesellschaft zu führen:  ein Buch über die Sitzungen und Beschlüsse des Aufsichtsrats .	Buch der Sitzungsniederschriften und der Beschlüsse,Buch für die Sitzungsniederschriften und Beschlüsse,Buch über die Sitzungen und Beschlüsse,Sitzungs- und Beschlussbuch	Verhandlungsniederschrift	Beschlussbuch	
Die im Landesverzeichnis eingetragenen Erzeugergemeinschaften und Vereinigungen müssen die vom Zivilgesetzbuch vorgesehenen Aufzeichnungen der Buchhaltung führen sowie  das Buch der Sitzungsniederschriften und der Beschlüsse der Vollversammlung .	Buch der Sitzungsniederschriften und der Beschlüsse,Buch für die Sitzungsniederschriften und Beschlüsse,Buch über die Sitzungen und Beschlüsse,Sitzungs- und Beschlussbuch	Verhandlungsniederschrift	Beschlussbuch	
Der Masseverwalter verwaltet das Konkursvermögen und nimmt im Rahmen der ihm übertragenen Aufgaben alle Verfahrenshandlungen unter der Aufsicht des beauftragten Richters und des Gläubigerausschusses vor.	Masseverwalter		Insolvenzverwalter,Konkursverwalter	
Das Gesetz bestimmt die Fälle der Nichtwählbarkeit und der Unvereinbarkeit mit der Stellung eines Abgeordneten oder Senators.	Nichtwählbarkeit,Unwählbarkeit	Ausschluss von der Wählbarkeit	Ausschluss von der Wählbarkeit,Ineligibilität	
Die zur Erbschaft berufene Person ist unter drei Voraussetzungen imstande, dieselbe zu erlangen: sie muss zur Zeit des Erbganges leben, erbfähig und erbwürdig sein.	zur Erbschaft Berufener,zur Erbschaft berufene Person		zur Erbfolge berufene Person	
Unabhängig von der Höhe des Fonds für die gesetzliche Rücklage muß diesem mindenstens ein Fünftel des jährlichen Reingewinns zugeführt werden.	gesetzliche Rücklage			gesetzliche Reserve
Bei Gesellschaften ohne Aufsichtsrat ist jeder Gesellschafter berechtigt, von den Verwaltern über den Geschäftsgang der Gesellschaft Auskunft zu erhalten und die Gesellschaftsbücher einzusehen.	Bücher der Gesellschaft,Gesellschaftsbücher			Geschäftsbücher,Papiere der Gesellschaft
Die Übertragung der Anteile wird der Gesellschaft gegenüber im Zeitpunkt der Eintragung in das Gesellschafterbuch wirksam.	Gesellschafterbuch,Mitgliederverzeichnis,Mitgliedsbuch	Gesellschafterliste	Aktienbuch,Gesellschafterliste	Aktienbuch,Anteilsbuch
Ordentliche Mitglieder sind alle laut Artikel 6 aufgenommenen und im Mitgliederverzeichnis aufscheinenden Personen.	Gesellschafterbuch,Mitgliederverzeichnis,Mitgliedsbuch	Gesellschafterliste	Aktienbuch,Gesellschafterliste	Aktienbuch,Anteilsbuch
Außer den Büchern und anderen Rechnungsunterlagen, die gemäß Artikel 2214 vorgeschrieben sind, hat die Gesellschaft zu führen:  ein Buch über die Schuldverschreibungen, in dem der Betrag der ausgegebenen und der eingelösten Schuldverschreibung  anzugeben ist .	Buch für die Schuldverschreibungen,Buch über die Schuldverschreibungen		Verzeichnis der Schuldverschreibungen	
Die Umdeutung ersetzt mit Wirkung für die Vergangenheit einen fehlerhaften VA Verwaltungsakt durch einen anderen, rechtmäßigen VA, ohne dass ersterer aufgehoben und letzterer erlassen wird.	Umdeutung		Konversion	
Die Verwalter haben den Jahresabschluß, der aus der Bilanz, der Gewinn- und Verlustrechnung und dem Anhang besteht, aufzustellen.	Bilanz		Jahresbilanz	
Der Agent hat das Recht  die Aushändigung eines Auszugs aus den Rechnungsbüchern zu verlangen.	Rechnungsbücher		gebundene Bücher	Bücher
Die Rollen für die Vollstreckungstitel, deren Einnahmen dem Staat zustehen, werden vom Präfekten erstellt, der für den Übertretungsort zuständig ist. Stehen die Einnahmen einer anderen Körperschaft zu, so werden die Rollen von der Verwaltung erstellt, der das Feststellungsorgan angehört.	Einnahme			Ertrag
Bei den Bewertungen sind folgende Richtlinien zu beachten: die Kosten des Sachanlagevermögens und des immateriellen Anlagevermögens, deren Nutzung zeitlich begrenzt ist, müssen in jedem Geschäftsjahr planmäßig im Verhältnis zu ihrer restlichen Nutzungsmöglichkeit abgeschrieben werden.	immaterielles Anlagevermögen	immaterielle Vermögensgegenstände	immaterielle Vermögensgegenstände	immaterielle Anlagen
Der Elternteil, der eine neue Ehe schließt, behält den gesetzlichen Fruchtgenuß, hat aber die Verpflichtung, zugunsten des Kindes das zurückzulegen, was die Ausgaben für dessen Unterhalt, Ausbildung und Erziehung übersteigt.	Aufwendungen,Ausgaben,Auslagen,Kosten			Aufwände
Die Herstellungskosten enthalten alle unmitelbar dem Erzeugnis zurechenbaren Kosten.	Aufwendungen,Ausgaben,Auslagen,Kosten			Aufwände
Die vom Testamentvollstrecker zur Ausübung seines Amtes gemachten Auslagen gehen zu Lasten der Erbschaft.	Aufwendungen,Ausgaben,Auslagen,Kosten			Aufwände
Zuwächse, Erzeugnisse, Gewinne und Aufwendungen werden unter den Parteien in dem von den Ständischen Vorschriften, der Vereinbarung oder den Gebräuchen festgesetzten Verhältnis erteilt.	Aufwendungen,Ausgaben,Auslagen,Kosten			Aufwände
Der Wiederverkäufer kann an den Erzeugnissen, die er vertreibt, eine eigene Marke anbringen, darf jedoch nicht die vom Hersteller stammende Marke entfernen.	Marke	Warenzeichen	Warenzeichen	Warenzeichen
Bei den Bewertungen sind folgende Richtlinien zu beachten: die Kosten des Sachanlagevermögens und des immateriellen Anlagevermögens, deren Nutzung zeitlich begrenzt ist, müssen in jedem Geschäftsjahr planmäßig im Verhältnis zu ihrer restlichen Nutzungsmöglichkeit abgeschrieben werden.	Sachanlagevermögen	Sachanlagen	Sachanlagen	Sachanlagen
Die Bilanz ist gemäß der folgenden Gliederung aufzustellen: AKTIVA:  Finanzanlagevermögen, unter gesonderter Angabe der für jeden Forderungsposten im folgenden Geschäftsjahr fällig werdenden Beträge .	Finanzanlagevermögen	Finanzanlagen	Finanzanlagen	Finanzanlagen
Der Bonus Steuerbonus - EX-Bonus-Renzi steht  nur mehr dann zu, wenn die Summe der steuerlichen Absatzbeträge höher ist, als die zu zahlende IRPEF.	Einkommenssteuer der natürlichen Personen,Einkommensteuer der natürlichen Personen,IRPEF,Steuer auf das Einkommen der natürlichen Personen	Einkommensteuer	Einkommensteuer	Einkommenssteuer
Dem/Der Vorsitzenden der Agentur steht ein im Ernennungsbeschluss festgelegtes monatliches Entgelt zu, das ohne MwSt. und Aufwendungen maximal 40 Prozent der im Artikel 2 Absatz 1 des Regionalgesetzes vom 21. September 2012, Nr. 6, vorgesehenen Aufwandsentschädigung eines/einer Landtagsabgeordneten entspricht.	Mehrwertsteuer,MwSt.	USt,Umsatzsteuer	USt,Umsatzsteuer	MWST
Die Forderungen des Staates aus der Anwendung der Mehrwertsteuer haben im Falle der gesamt-schuldnerischen Haftung des Übernehmers an den Liegenschaften, die Gegenstand der Übertragung gebildet haben oder auf die sich die Dienstleistung bezieht, ein Vorzugsrecht.	Mehrwertsteuer,MwSt.	USt,Umsatzsteuer	USt,Umsatzsteuer	MWST
Jede Aktie gewährt das Recht auf einen verhältnismäßigen Teil des Reingewinns und des Reinvermögens, das sich aus der Liquidation ergibt, unbeschadet der Rechte, die zu Gunsten der besonderen Arten der Aktien festgesetzt sind.	Eigenkapital,Reinvermögen	Nettovermögen	Nettovermögen	Nettovermögen
Das Anlagevermögen, das aus Beteiligungen an abhängigen oder verbundenen Unternehmen besteht, kann  mit einem Betrag bewertet werden, der dem anteiligen, sich aus dem letzten Jahresabschluss dieser Unternehmen ergebenden Eigenkapital entspricht .	Eigenkapital,Reinvermögen	Nettovermögen	Nettovermögen	Nettovermögen
Die Liquidatoren  ein Inventar zu errichten, aus dem der Aktivstand und der Passivstand des Gesellschaftsvermögens hervorgeht.	Aktiva,Aktivseite,Aktivstand,Aktivvermögen	Vermögen		Aktiven
Fällt ein Bestandteil der Aktivseite oder der Passivseite unter mehrere Posten dieser Gliederung, so ist im Anhang  die Mitzugehörigkeit zu den Posten anzumerken .	Aktiva,Aktivseite,Aktivstand,Aktivvermögen	Vermögen		Aktiven
Wird die Beteiligung erstmals aufgrund des Eigenkapital-Verfahrens angesetzt, können die Anschaffungskosten  bei den Aktiva ausgewiesen werden .	Aktiva,Aktivseite,Aktivstand,Aktivvermögen	Vermögen		Aktiven
Die Liquidatoren haben  ein Inventar zu errichten, aus dem der Aktivstand und der Passivstand des Gesellschaftsvermögens hervorgeht.	Passiva,Passiven,Passivseite,Passivstand	Kapital		
Fällt ein Bestandteil der Aktivseite oder der Passivseite unter mehrere Posten dieser Gliederung, so ist im Anhang  die Mitzugehörigkeit zu den Posten anzumerken, die von demjenigen verschieden sind .	Passiva,Passiven,Passivseite,Passivstand	Kapital		
Am Ende der Bilanz sind sämtliche unmittelbar oder mittelbar geleisteten Sicherheiten anzugeben, wobei zwischen Bürgschaften, Wechsel- und Scheckbürgschaften, anderen persönlichen Sicherheiten und dinglichen Sicherheiten zu unterscheiden ist .	Scheckbürgschaft,Wechselbürgschaft		Aval	
Die Erträge und Einnahmen, Aufwendungen und Lasten müssen unter Abzug der Rücklieferungen, Nachlässe, Gutschriften und Prämien sowie der unmittelbar mit dem Verkauf der Erzeugnisse und mit den Dienstleistungen zusammenhängenden Steuern angegeben werden.	Gutschrift	Preisnachlass	Preisnachlass	Preisnachlass
Um mittels Verbesserung und Modernisierung der Betriebsstrukturen die Steigerung der Produktion und die Verminderung der Produktionskosten zu fördern, ist der Landesausschuß ermächtigt, Beiträge für die Verwirklichung von Initiativen zu gewähren, welche auf folgende Ziele gerichtet sind .	Herstellungskosten,Produktionskosten			Herstellkosten
Das Vorzugsrecht wirkt, soweit es die Erbschaftssteuer betrifft, nicht zum Nachteil der Gläubiger, die das Recht auf Absonderung der Güter des Verstorbenen von jenen des Erben ausgeübt haben.	Erbschaftssteuer			Erbanfallsteuer,Nachlasssteuer
In den folgenden Geschäftsjahren muß der Mehrwert, der sich aus der Anwendung des Eigenkapital-Verfahrens im Vergleich zu dem im Jahresabschluß des vorhergehenden Geschäftsjahrs angegebenen Wert ergibt, in einer Rücklage, die nicht verteilt werden darf, ausgewiesen werden.	Mehrwert	Veräußerungsgewinn	Veräußerungsgewinn	Veräußerungsgewinn
Die Zahlung muß in einer Geldsorte mit innerem Wert erfolgen, wenn dies in der die Schuld begründenden Urkunde so festgesetzt ist, vorausgesetzt, daß es sich zur Zeit der Übernahme der Verbindlichkeit um eine Geldsorte in inländischer Währung gehandelt hat.	Währung, die im Inland gilt,gesetzlicher Kurs,im Inland geltende Währung,inländische Währung	gesetzliches Zahlungsmittel	gesetzliches Zahlungsmittel,vom Staat anerkanntes Zahlungsmittel	gesetzliches Zahlungsmittel
Geldschuld in einer Währung, die im Inland nicht gilt.	Währung, die im Inland gilt,gesetzlicher Kurs,im Inland geltende Währung,inländische Währung	gesetzliches Zahlungsmittel	gesetzliches Zahlungsmittel,vom Staat anerkanntes Zahlungsmittel	gesetzliches Zahlungsmittel
Ist das nackte Eigentum mit einer Hypothek belastet, so erstreckt sich diese bei Erlöschen des Fruchtgenusses auf das volle Eigentum.	nacktes Eigentum	nuda proprietas		Nackteigentum,nuda proprietas,nutzungsentkleidetes Eigentum
Erfolgt die Kapitalerhöhung durch eine Einlage in Natur oder in Form von Forderungen, so finden die Bestimmungen der Artikel 2342, zweiter und dritter Absatz, und 2343 Anwendung.	Erhöhung des Kapitals,Kapitalerhöhung	Erhöhung des Grundkapitals,Erhöhung des Stammkapitals	Erhöhung des Grundkapitals,Erhöhung des Stammkapitals	
Solange die für die Umwandlung festgesetzten Fristen nicht abgelaufen sind, kann die Gesellschaft weder die Herabsetzung des überflüssigen Kapitals noch eine Abänderung der Bestimmungen des Gründungsvertrags über die Gewinnverteilung beschließen .	überflüssiges Kapital		überschüssiges Kapital	
Die Gesellschaft erwirbt die Rechtspersönlichkeit mit der Eintragung des Beschlusses in das Handelsregister und behält die Rechte und Pflichten, die sie vor der Umwandlung hatte, bei.	Umwandlung	formwechselnde Umwandlung	Formwechsel,formwechselnde Umwandlung	Rechtsformwechsel
Die übernehmende Gesellschaft darf keine Aktien oder Anteile im Austausch für Aktien oder Anteile der übertragenden Gesellschaften zuteilen, die den übertragenden Gesellschaften oder der übernehmenden Gesellschaft unmittelbar oder über Treuhandgesellschaften oder über eine vorgeschobene Person gehören.	übernehmende Gesellschaft		Übernehmerin,übernehmender Rechtsträger	
Die Gerichtsbehörde besorgt den gerichtlichen Schutz der Rechte auf Antrag einer Partei und, sofern das Gesetz es bestimmt, auch auf Antrag der Staatsanwaltschaft oder von Amts wegen.	gerichtlicher Schutz	gerichtlicher Rechtsschutz	gerichtlicher Rechtsschutz	gerichtlicher Rechtsschutz
Das der Forderung zuerkannte Vorzugsrecht erstreckt sich auch auf die gewöhnlichen Kosten für den Beitritt im Vollstreckungsverfahren.	Vollstreckungsverfahren,Zwangsvollstreckungsverfahren	Exekutionsverfahren		
Ist der Beamte aus dem Urlaub zurückberufen worden, sind ihm die hiedurch entstandenen unvermeidlichen Mehrauslagen zu ersetzen .	Urlaub	Erholungsurlaub,Jahresurlaub,bezahlter Urlaub	Erholungsurlaub	Ferien,bezahlter Urlaub
Voraussetzung für die Einführung der gleitenden Arbeitszeit ist die DV - unterstützte Erfassung der Dienstzeit.	gleitende Arbeitszeit	Gleitzeit	Gleitzeit	Gleitzeit
Zum normalen Stundenlohn kommt noch ein Zuschlag für die Feiertagsarbeit, der in den Kollektivverträgen festgelegt ist .	Feiertagsarbeit	Sonn- und Feiertagsarbeit	Sonn- und Feiertagsarbeit	Sonn- und Feiertagsarbeit
Die Haushaltsverrechnung der Ämter des Arbeitsmarktservice hinsichtlich der Besoldung der Beamten und der sonstigen Arbeitnehmer des Arbeitsmarktservice ist von der Bundesrechenzentrum GmbH mitzubesorgen.	Besoldung,Gehalt	Bezüge		
Der Arbeitnehmer kann auch durch gänzliche oder teilweise Beteiligung am Gewinn oder an den Erzeugnissen, durch eine Provision oder durch Naturalleistungen entlohnt werden.	Beteiligung am Gewinn,Gewinnbeteiligung	Gewinnanteil	Gewinnanteil	Gewinnanteil
Die Versammlung der Zeichner  beschließt über den von den Gründern zu ihren eigenen Gunsten gemachten Vorbehalt der Gewinnbeteiligung .	Beteiligung am Gewinn,Gewinnbeteiligung	Gewinnanteil	Gewinnanteil	Gewinnanteil
Dem Gesuch sind alle Unterlagen beizulegen, die zur Klärung der besonderen Umstände, der Art, des Ursprungs und des Ausmaßes der Bedürftigkeit nützlich sind (Lohnstreifen, Rentenausweis oder Rentenbezugsschein, Arbeitslosenstempelkarte, ärztliche Bescheinigungen,  Ersparnisse, usw.)	Gehaltsstreifen,Lohnstreifen,Lohntüte	Gehaltsliste,Gehaltszettel,Lohnliste,Lohnzettel	Lohnliste	Lohnliste
Gleichzeitig mit der Auszahlung des Lohnes wird dem Arbeitnehmer eine Lohntüte oder eine entsprechende Aufstellung ausgehändigt .	Gehaltsstreifen,Lohnstreifen,Lohntüte	Gehaltsliste,Gehaltszettel,Lohnliste,Lohnzettel	Lohnliste	Lohnliste
Für Steuerzahler, die etwas zurückzahlen müssen, werden diese Beträge direkt auf dem Gehaltsstreifen oder der Rente einbehalten .	Gehaltsstreifen,Lohnstreifen,Lohntüte	Gehaltsliste,Gehaltszettel,Lohnliste,Lohnzettel	Lohnliste	Lohnliste
Die Eintragung in die zusätzliche Wählerliste gilt von dem Tag an, an dem der Staatsbürger nach den geltenden Gesetzen in das Personenstandsregister der ansässigen Bevölkerung der Zuwanderungsgemeinde im Gebiet der  Region Trentino-Südtirol eingetragen wird.	Wählerliste,Wählerverzeichnis	Stimmliste	Verzeichnis der Wahlberechtigten	
Psychologen mit Wohnsitz in Südtirol, die ein Praktikum in einer Sozial- und Gesundheitseinrichtung Südtirols oder in einer mit dem Landesgesundheitsdienst vertragsgebundenen Gesundheitseinrichtung absolvieren, um die Staatsprüfung ablegen zu können, werden monatliche Studienbeihilfen gewährt .	Praktikum,Stage	Praxis		
Die betreffende Einrichtung muß dem Gesuch einen detaillierten Kostenvoranschlag und den entsprechenden Finanzierungsplan, eine Kopie ihres Haushaltsvoranschlages für das Jahr, auf das sich das Ansuchen bezieht, sowie die Jahresabrechnung des vorausgehenden Jahres beilegen.	Abschlussbilanz,Abschlussrechnung,Jahresabrechnung,Jahresabschluss,Jahresabschlussrechnung,Rechnungslegung			Jahresrechnung
Zu diesem Zweck haben die Erzeugergemeinschaften und die entsprechenden Vereinigungen innerhalb von 30 Tagen nach der entsprechenden Genehmigung die Rechnungslegung und die Beschlüsse laut Art. 2 Absatz 2 Ziffer 4 des Gesetzes vom 20. Oktober 1978, Nr. 674, einzureichen.	Abschlussbilanz,Abschlussrechnung,Jahresabrechnung,Jahresabschluss,Jahresabschlussrechnung,Rechnungslegung			Jahresrechnung
Bei der Anordnung einer Sicherungsbeschlagnahme bestellt das Gericht einen Verwahrer und setzt die Richtlinien und Grenzen für die Verwaltung der beschlagnahmten Sachen sowie besondere Vorkehrungen fest, die für eine möglichst sichere Verwahrung und zur Vereitelung von Geheimnisverrat geeignet sind.	Sicherungsbeschlagnahme		Sequestration	
Der Unternehmer darf die Ausführung des Werkes oder des Dienstes nur dann an einen Subunternehmer vergeben, wenn er vom Besteller dazu ermächtigt worden ist.	Auftragnehmer,Unternehmer,Werkunternehmer		Dienstverpflichteter	
Der klagende Werkunternehmer führte die von ihm vorgenommenen Werkleistungen nicht ordnungsgemäß durch, weshalb der beklagte Werkbesteller Verbesserung begehrte.	Auftragnehmer,Unternehmer,Werkunternehmer		Dienstverpflichteter	
Ein Werkvertrag liegt vor, wenn sich eine Person (= Auftragnehmer, Werkvertragsnehmer) gegen Entgelt (= Werklohn, Honorar) verpflichtet, für eine andere Person (= Auftraggeber, Werkbesteller) einen bestimmten Erfolg (= ein Werk) herzustellen.	Auftragnehmer,Unternehmer,Werkunternehmer		Dienstverpflichteter	
Wenn der Alleinverwalter oder alle Verwalter ausscheiden, muß die Gesellschafterversammlung zur Ersetzung der ausgeschiedenen unverzüglich vom Aufsichtsrat, der zwischenzeitlich die Handlungen der ordentlichen Verwaltung vornehmen kann, einberufen werden.	Alleinverwalter,alleiniger Verwalter	alleiniger Geschäftsführer	Einmannvorstand,Einzelvorstand,alleiniger Geschäftsführer	alleiniger Geschäftsführer
Die Teilentmündigung bewirkt den Verlust der Handlungsfähigkeit in Bezug auf Verfügungsgeschäfte , während Geschäfte der ordentlichen Verwaltung vom Teilentmündigten weiterhin alleine rechtgültig geschlossen werden können.	Geschäfte der ordentlichen Verwaltung,Rechtshandlungen der ordentlichen Verwaltung	Maßnahmen der ordentlichen Verwaltung,ordentlicher Wirtschaftsbetrieb		gewöhnliche Verwaltungshandlungen
Die Mitgliederversammlung von Vereinen ist von den Verwaltern einmal im Jahr zur Genehmigung des Jahresabschlusses einzuberufen.	Mitgliederversammlung	Vereinsversammlung	Versammlumg der Mitglieder	Vereinsversammlung,Versammlumg der Mitglieder
Der Sozialassistent beaufsichtigt die Anvertrauung der Minderjährigen und hält den Kontakt mit der Pflegefamilie und mit der Familie des Minderjährigen aufrecht.	Anvertrauung der Minderjährigen,Fremdunterbringung,Überlassung eines Minderjährigen zur Betreuung	Pflegekindschaft,Übernahme des Kindes in Pflege	Pflegekindschaft	Aufnahme von Kindern zur Pflege
Die Fremdunterbringung des Kindes darf nur in Ausnahmefällen (ultima ratio) ausgeordnet werden, uzw nur dann, wenn auch die Unterstützung und Hilfe durch die Sozialdienste zu keiner Besserung der Situation des Kindes führen .	Anvertrauung der Minderjährigen,Fremdunterbringung,Überlassung eines Minderjährigen zur Betreuung	Pflegekindschaft,Übernahme des Kindes in Pflege	Pflegekindschaft	Aufnahme von Kindern zur Pflege
Der Vertrag über eine einfache Gesellschaft ist an keine besonderen Formen gebunden, außer an jene, die wegen der Art der eingebrachten Güter vorgeschrieben ist.	Güter	Sachen		
Die Lehrabschlußprüfung bzw. Gesellenprüfung - im folgenden steht Lehrabschlußprüfung auch für Gesellenprüfung - kann in allen Berufen abgelegt werden, die Gegenstand einer Lehre sein können.	Lehre,Lehrlingausbildung			Berufslehre
Gegen Entscheidungen über die  Aufsichtsbeschwerden wird der Rechtsschutz vor den Verwaltungsgerichten durch die Verwaltungsprozessordnung geregelt.	Aufsichtsbeschwerde,hierarchischer Rekurs			Aufsichtsanzeige
Die Leistungsvereinbarung ist ein öffentlich-rechtlicher Vertrag. Sie ist zwischen den einzelnen Universitäten und dem Bund im Rahmen der Gesetze für jeweils drei Jahre abzuschließen.	öffentlich-rechtlicher Vertrag	verwaltungsrechtlicher Vertrag	Verwaltungsvertrag,verwaltungsrechtlicher Vertrag	verwaltungsrechtlicher Vertrag
Um die Transparenz der Verwaltungstätigkeit zu gewährleisten  hat jeder  das Recht auf den Zugang zu den Verwaltungsunterlagen.	Transparenz der Verwaltungstätigkeit	Transparenz der Verwaltung,Verwaltungstransparenz	Transparenz der Verwaltung,Verwaltungstransparenz	Transparenz der Verwaltung
Der Sachverständige nimmt an jenen Verhandlungen teil, zu denen ihn der Instruktionsrichter geladen hat; er führt die Untersuchungen  auch außerhalb des Gerichtssprengels und, je nach Anordnung des Richters, allein oder in dessen Beisein durch.	Gerichtssprengel	Gerichtsbezirk,Sprengel	Gerichtsbezirk	Gerichtskreis
Steht die Geschäftsführung mehreren Gesellschaftern gemeinsam zu, ist zur Vornahme von Handlungen für die Gesellschaft die Einwilligung aller geschäftsführenden Gesellschafter erforderlich.	Geschäfte für die Gesellschaft,Handlungen für die Gesellschaft		Handlungen der Geschäftsführung,Handlungen der Gesellschaft	Geschäftsbetrieb der Gesellschaft
Der Anteil, der dem Gesellschafter zusteht, der seine Arbeit eingebracht hat, wird, wenn er im Vertrag nicht bestimmt ist, vom Gericht nach Billigkeit festgesetzt.	Arbeit	Arbeitsleistung	Dienstleistung	
Die Gründer können sich unabhängig von ihrer Eigenschaft als Gesellschafter im Gründungsvertrag eine Beteiligung an den in der Bilanz ausgewiesenen Reingewinnen in einem Ausmaß von insgesamt nicht mehr als einem Zehntel und für eine Höchstdauer von fünf Jahren vorbehalten.	Eigenschaft als Gesellschafter,Gesellschafterstellung	Mitgliedschaft		Mitgliedschaft
Wer in eine bereits gegründete Gesellschaft eintritt, haftet mit den übrigen Gesellschaftern für die Verbindlichkeiten der Gesellschaft, die vor dem Erwerb der Gesellschafterstellung entstanden sind.	Eigenschaft als Gesellschafter,Gesellschafterstellung	Mitgliedschaft		Mitgliedschaft
Auf Antrag eines jeden, der ein Interesse daran hat, kann die Gerichtsbehörde den Testamentsvollstrecker wegen schwerwiegender Unregelmäßigkeiten bei der Erfüllung seiner Pflichten, wegen Untauglichkeit zum Amt oder wegen Vornahme von Handlungen, die seine Vertrauenswürdigkeit beeinträchtigen, aus seinem Amt befreien.	Untauglichkeit		Ungeeignetheit	
Die Regel gilt überhaupt nicht für die abgeleitete Firma, d.h. bei Fortführung der Firma eines von der AG übernommenen Unternehmens.	abgeleitete Firma	fortgeführte Firma	fortgeführte Firma	
Tritt ein Verlust am Gesellschaftskapital ein, können Gewinne solange nicht verteilt werden, bis das Kapital wieder ergänzt oder im entsprechenden Ausmaß herabgesetzt wird.	Verlust am Gesellschaftskapital	Kapitalverlust	Kapitalverlust	Kapitalverlust
Bei der Kommanditgesellschaft haften die Komplementäre als Gesamtschuldner und unbeschränkt für die Verbindlichkeiten der Gesellschaft und haften die Kommanditisten beschränkt auf den eingebrachten Anteil.	Komplementär	persönlich haftender Gesellschafter	persönlich haftender Gesellschafter	unbeschränkt haftender Gesellschafter
Die Ausgabe und der Verkauf der Aktien vor der Eintragung der Gesellschaft ist nichtig.	Ausgabe	Emission	Auflegung,Begebung,Emission,Erstplazierung	Emission
Für die auf unbestimmte Zeit Beauftragten gelten hinsichtlich der Gehaltsvorrückung die für das entsprechende Planstellen-Personal vorgesehenen Bestimmungen sinngemäß.	Beauftragter		beauftragte Person	
Die Bestimmungen des vorhergehenden Artikels finden auch auf Gesellschafter Anwendung, die bei der Einheitsgründung oder bei jener durch öffentliche Zeichnung den Gründungsvertrag abschließen.	Einheitsgründung	Simultangründung	Simultangründung,Übernahmegründung	
Die Bestimmungen dieses Artikels finden auch auf die vorläufigen Bescheinigungen Anwendung.	vorläufige Bescheinigung	Interimsschein,Zwischenschein	Interimsschein,Zwischenschein	Interimsschein
"Gibt die vertragliche Vereinbarung nur die unabhängig von ihr gegebene gesetzliche Rechtslage wieder (""inhaltsleere Vertragsfloskel""), so wird das Rechtsschutzbegehren in Wahrheit auf das Gesetz gestützt und ist daher im Verfahren außer Streitsachen zu entscheiden."	Vertragsfloskel		formularhafte Klausel	
Die Aufnahme der Beweismittel im Beweissicherungsverfahren läßt die Fragen nach ihrer Zulässigkeit oder Erheblichkeit unberührt und ist auch kein Hindernis für ihre neuerliche Aufnahme im Verfahren in der Sache selbst.	Aufnahme der Beweismittel im Beweissicherungsverfahren	vorsorgliche Beweisaufnahme	vorsorgliche Beweisaufnahme	vorsorgliche Beweisführung
Die verfahrensrechtlichen Wirkungen, welche die Flucht nach sich zieht, treten nur in dem Strafverfahren ein, in dem die entsprechende Erklärung erfolgt ist.	Flucht,fluchtbedingte Unauffindbarkeit	Verbergen seines Aufenthaltes	Sichverborgenhalten	
Im stattgebenden Urteil, das gemäß Artikel 384 des Gesetzbuches erlassen wird, legt der Gerichtshof im einzelnen die Rechtsansicht dar, an die sich das Verweisungsgericht zu halten hat.	stattgebendes Urteil			zusprechendes Urteil
Der inhaftierte oder in eine Anstalt zum Vollzug von Sicherungsmaßregeln eingewiesene Angeklagte kann Rechtsmittel, Erklärungen und Anträge beim Leiter der Anstalt einreichen.	Sicherungsmaßnahme,Sicherungsmaßnahmen,Sicherungsmaßregel,persönliche Sicherungsmaßnahme,persönliche Sicherungsmaßregel	vorbeugende Maßnahme	Maßregel der Besserung und Sicherung	sichernde Massnahme
Ist die gesamte Dauer der verhängten Strafe abgelaufen , bleibt die Strafe erloschen und die vom Richter in dem auf Verurteilung lautenden Urteil oder durch eine spätere Verfügung angeordneten persönlichen Sicherungsmaßnahmen werden widerrufen.	Sicherungsmaßnahme,Sicherungsmaßnahmen,Sicherungsmaßregel,persönliche Sicherungsmaßnahme,persönliche Sicherungsmaßregel	vorbeugende Maßnahme	Maßregel der Besserung und Sicherung	sichernde Massnahme
Niemand kann Sicherungsmaßnahmen unterworfen werden, die nicht ausdrücklich durch das Gesetz bestimmt sind, und nicht außerhalb der Fälle, die das Gesetz vorsieht.	Sicherungsmaßnahme,Sicherungsmaßnahmen,Sicherungsmaßregel,persönliche Sicherungsmaßnahme,persönliche Sicherungsmaßregel	vorbeugende Maßnahme	Maßregel der Besserung und Sicherung	sichernde Massnahme
Zurechnungsfähig ist, wer im Zeitpunkt der Begehung der Tat das vierzehnte, aber noch nicht das achtzehnte Lebensjahr vollendet hatte und einsichts- und willensfähig war .	zurechnungsfähig		schuldfähig	schuldfähig
Wer sich im Zeitpunkt der Begehung der Tat infolge einer Krankheit in einem Geisteszustand befand, der die Einsichts- oder Willensfähigkeit erheblich vermindert, aber nicht ausschließt, ist für die begangene strafbare Handlung verantwortlich .	Willensfähigkeit	Dispositionsfähigkeit	Steuerungsfähigkeit	
Steht einer der Ehegatten unter Vormundschaft oder Pflegschaft, ist auch der Vormund oder der Beistand widerspruchsberechtigt.	Vormundschaft	Obsorge einer anderen Person		umfassende Beistandschaft
Die Einlassung des Beklagten erfolgt dadurch, daß in der Kanzlei eine Verteidigungseingabe hinterlegt wird .	Verteidigungseingabe,Verteidigungsschrift	Klagebeantwortung	Klageerwiderung	Klageantwort
Die Einlassung des Berufungsgegners erfolgt durch die in der Gerichtskanzlei vorzunehmende Hinterlegung der Akte und einer Verteidigungsschrift, in der eine ausführliche Darlegung seines gesamten Verteidigungsvorbringens enthalten sein muß.	Verteidigungseingabe,Verteidigungsschrift	Klagebeantwortung	Klageerwiderung	Klageantwort
Die Unterbringung in einer gerichtlichen Erziehungsanstalt wird bei einem Minderjährigen unter achtzehn Jahren, der Gewohnheitsverbrecher, gewerbsmäßiger Verbrecher oder Hangverbrecher ist, stets angeordnet.	gewerbsmäßiger Verbrecher	Berufstäter,Berufsverbrecher		Berufsverbrecher
Zum Hangverbrecher wird erklärt, wer, ohne rückfällig zu sein oder ohne gewohnheitsmäßig oder gewerbsmäßiger Verbrecher zu sein, ein nicht fahrlässiges Verbrechen gegen das Leben oder die persönliche Unversehrtheit begeht .	Hangverbrecher	Hangtäter		
Die Gefängnisstrafe erlischt mit Ablauf einer Frist, die das Doppelte der verhängten Strafe und in jedem Fall nicht mehr als dreißig und nicht weniger als zehn Jahre beträgt.	Gefängnis,Gefängnisstrafe	Freiheitsstrafe	Freiheitsstrafe	Freiheitsstrafe
Unter der Bezeichnung in Geld abzuleistende Strafen versteht das Gesetz: die Geldstrafe und die Geldbuße.	Geldbuße			Busse
Die lebenslange Gefängnisstrafe wird in einer dazu bestimmten Anstalt unter Verpflichtung zur Arbeit und in Einzelhaft bei Nacht verbüßt.	lebenslange Gefängnisstrafe	lebenslange Freiheitsstrafe	lebenslange Freiheitsstrafe	lebenslängliche Zuchthausstrafe
Das der anderen Partei oder ihrem Vertreter gegenüber abgegebene außergerichtliche Geständnis hat dieselbe Beweiskraft wie das gerichtliche.	außergerichtliches Geständnis			aussergerichtliches Geständnis
Das Verbot der Bekleidung öffentlicher Ämter ist unbefristet oder befristet.	Ausschluss von öffentlichen Ämtern,Verbot der Ausübung öffentlicher Ämter,Verbot der Bekleidung öffentlicher Ämter		Verlust der Amtsfähigkeit, der Wählbarkeit und des Stimmrechts	
Die Verurteilung eines Elternteils hat die Verwirkung der elterlichen Gewalt zur Folge.	Verwirkung der elterlichen Gewalt,Verwirkung der elterlichen Gewalt über die Kinder	Entziehung der Obsorge	Entzug des elterlichen Sorgerechts	Entziehung der elterlichen Sorge,Entzug der elterlichen Sorge
Der Stiftungsakt kann vom Stifter widerrufen werden, solange die Anerkennung der Stiftung nicht erfolgt ist oder der Stifter die Tätigkeit des von ihm verfügten Werkes nicht aufnehmen lassen hat.	Stiftungsakt,Stiftungsurkunde	Stiftungserklärung	Stiftungsgeschäft	
Die Regierungsbehörde übt die Kontrolle und Aufsicht über die Verwaltung der Stiftungen aus, sorgt für die Bestellung und Ersetzung der Verwalter oder Vertreter, wenn sich die in der Stiftungsurkunde enthaltenen Bestimmungen nicht durchführen lassen .	Stiftungsakt,Stiftungsurkunde	Stiftungserklärung	Stiftungsgeschäft	
Gegenstand der Beweisführung sind Tatsachen, die sich auf die Anklage, auf die Strafbarkeit und auf die Bestimmung der Strafe oder der Sicherungsmaßnahmen beziehen.	Bestimmung der Strafe	Bemessung der Strafe,Strafzumessung	Strafbemessung	Bemessung der Strafe,Strafzumessung
Der Steuerzahler kann die Rückerstattung der irrtümlich bezahlten Abgaben innerhalb der Verfallsfrist von drei Jahren mit Ablauf vom Tag der Zahlung oder, im Falle der Verweigerung des abgabenpflichtigen Aktes, vom Datum der Mitteilung der genannten Verweigerung beantragen.	Ausschlussfrist,Fallfrist,Verfallsfrist	Präklusivfrist		Präklusionsfrist
Niemand kann vorbeugenden Maßnahmen unterworfen werden, wenn gegen ihn nicht schwerwiegende Schuldindizien vorliegen.	Schuldindiz	Tatverdacht	Tatverdacht	Tatverdacht
Bei den Landesgerichten nimmt der Präsident die Bestellung des Vollstreckungsrichters nach Vorlage der Akte durch den Kanzleibeamten, die innerhalb von zwei Tagen nach ihrer Anlegung zu erfolgen hat, vor.	Vollstreckungsgericht,Vollstreckungsrichter	Exekutionsgericht		
Wenn zwischen den Parteien eine Schlichtung zustande kommt, wird hierüber ein Protokoll aufgenommen, das von den Parteien und vom Sachverständigen unterschrieben und in die Amtsakte aufgenommen wird.	Amtsakte,Gerichtsakte	Gerichtsakt		
Der Kanzleibeamte hat dem ordnungsgemäß benannten Privatsachverständigen von den vorgesehenen Untersuchungen des Amtssachverständigen Mitteilung zu machen (136 ZPO), damit er an ihnen gemäß Artikel 194 und 201 der Zivilprozeßordnung teilnehmen kann.	Amtssachverständiger,Gerichtssachverständiger,Sachverständiger		gerichtlicher Sachverständiger	
Wenn es die Natur der Streitigkeit erfordert, kann der Richter jederzeit im Sinne von Artikel 97 Amtliche Sachverständigengutachten einen Sachverständigen oder mehrere Sachverständige ernennen.	Amtssachverständiger,Gerichtssachverständiger,Sachverständiger		gerichtlicher Sachverständiger	
Die Versammlung in erster Einberufung ist beschlussfähig, wenn daran so viele Miteigentümer teilnehmen, dass sie zwei Drittel des Wertes des gesamten Gebäudes und die Mehrheit der Teilhaber an der Miteigentümergemeinschaft vertreten.	Miteigentümer	Wohnungseigentümer	Wohnungseigentümer	Stockwerkeigentümer
Bei Unterlassung der Zustellung haben die Miterben, solange die Erbgemeinschaft besteht , das Recht, den Anteil vom Erwerber und jedem späteren Rechtsnachfolger einzulösen.	Erbgemeinschaft	Erbengemeinschaft	Erbengemeinschaft	Erbengemeinschaft
Sind zur Durchführung der Beförderung besondere Urkunden erforderlich, hat der Absender diese dem Beförderer bei der Übergabe der zu befördernden Sachen auszuhändigen.	Beförderung,Beförderungsvertrag	Beförderungsgeschäft,Frachtvertrag,Transportvertrag	Beförderungsgeschäft,Frachtgeschäft,Frachtvertrag,Transportvertrag	Frachtvertrag
Friaul - Julisch Venetien, Sardinien, Sizilien, Trentino - Alto Adige/Südtirol und Aostatal/Vallèe d‘Aoste verfügen über besondere Formen und Arten der Autonomie gemäß Sonderstatuten, die mit Verfassungsgesetz genehmigt werden.	Autonomie	Selbstverwaltung	Selbstverwaltung	
Die Ernennung der Friedensrichter und ihrer Stellvertreter, die Erklärung des Amtsverlustes, die Entlassung und die Amtsenthebung erfolgen durch den Präsidenten der Region auf Grund einer Delegierung durch den Präsidenten der Republik unter Beachtung der übrigen einschlägigen Bestimmungen der Gerichtsordnung.	Delegierung,Delegierung von Befugnissen		Delegation,Übertragung von Befugnissen	
Der Minister für Infrastruktur und Verkehr kann den Präfekten und den Straßeneigentümern Richtlinien zur Anwendung der Vorschriften über die Straßenverkehrsregelung auf den in Artikel 2 genannten Straßen erteilen.	Richtlinie		Verwaltungsrichtlinie	
Die öffentlichen Angestellten stehen im ausschließlichen Dienst des Staates.	Angestellter des öffentlichen Dienstes,Angestellter im öffentlichen Dienst,öffentlicher Angestellter			öffentlichrechtlicher Angestellter
Man unterscheidet kaufmännische Angestellte, gewerblich technische Angestellte, Angestellte des öffentlichen Dienstes für die vor allem der BAT gilt.	Angestellter des öffentlichen Dienstes,Angestellter im öffentlichen Dienst,öffentlicher Angestellter			öffentlichrechtlicher Angestellter
Der Verwaltungsrekurs setzt nicht die Fristen für die Anfechtung vor Gericht aus. Die Einbringung eines gerichtlichen Rekurses gegen dieselbe Maßnahme führt zur Unverfolgbarkeit des Verwaltungsrekurses.	Verwaltungsbeschwerde,Verwaltungsrekurs	Berufung		
Die gesetzlichen Bestimmungen, die für die Einrichtung einer Verwaltungsbeschwerde eine längere Frist vorsehen als die in Absatz 4 angegebene, sind aufgehoben.	Verwaltungsbeschwerde,Verwaltungsrekurs	Berufung		
Im Lande Südtirol obliegt die Ergreifung geeigneter Maßnahmen zur Überwachung und zur Vorbeugung der Unfälle bei Bergtouren, Wanderungen und Höhlenforschungen und die Hilfeleistung an verunglückten oder sich in Gefahr befindlichen Personen sowie die Bergung der Abgestürzten den Rettungsdiensten .	Hilfeleistung	Hilfe	Hilfe	Hilfe
Art. 20 des Landesgesetzes Nr. 17/93 betrifft Fachgutachten, die während der Ermittlungsphase des Verfahrens aufgrund einer Rechtsvorschrift des Landes, der Region, des Staates oder der Gemeinschaft von dazu vorgesehenen Organen oder Einrichtungen eingeholt werden müssen.	Ermittlungsphase,Ermittlungsverfahren,Sachverhaltsermittlung			Ermittlung
In der Begründung sind die Ergebnisse des Ermittlungsverfahrens, die bei der Beweiswürdigung maßgebenden Erwägungen und die darauf gestützte Beurteilung der Rechtsfrage klar und übersichtlich zusammenzufassen.	Ermittlungsphase,Ermittlungsverfahren,Sachverhaltsermittlung			Ermittlung
Jede Verwaltungsmaßnahme muß begründet sein  in Bezug auf das Ergebnis der Sachverhaltsermittlung.	Ermittlungsphase,Ermittlungsverfahren,Sachverhaltsermittlung			Ermittlung
Die Verkehrspläne werden nach den Richtlinien des Ministers für Infrastruktur und Verkehr erstellt, die unter Mitwirkung des Ministers für Umwelt und Landschaftsschutz und auf der Grundlage der Empfehlungen des interministeriellen Komitees für Wirtschaftsprogrammierung im Verkehr erlassen werden.	im Einvernehmen,unter Mitwirkung		einvernehmlich	
Das Erlöschen des Überbaurechts wegen Zeitablaufs führt zum Erlöschen der vom Überbauberechtigten begründeten dinglichen Rechte.	Inhaber des Überbaurechts,Überbauberechtigter	Bauberechtigter	Erbbauberechtigter	Bauberechtigter
Die BBM, die ZeMeT, der Antrag auf Baugenehmigung sowie der Antrag auf landschaftsrechtliche Genehmigung können eingereicht werden:  b) vom Inhaber des Überbaurechts gemäß Artikel 952 des Zivilgesetzbuches .	Inhaber des Überbaurechts,Überbauberechtigter	Bauberechtigter	Erbbauberechtigter	Bauberechtigter
Dem Gesuch um Ermächtigung aufgrund der UVP sind folgende Unterlagen beizulegen und bei der Landesagentur für Umwelt und Arbeitsschutz (Umweltagentur) einzureichen: a) Umweltverträglichkeitsstudie (UVS) .	UVS,Umweltverträglichkeitsstudie	UVE,Umweltverträglichkeitserklärung	UVP-Bericht	Umweltverträglichkeitsbericht
Wer seiner Meldepflicht  nicht rechtzeitig nachkommt oder eine unvollständige Meldung abgibt, wird mit einer Geldbuße von zwanzigtausend bis hundertzwanzigtausend Euro bestraft.	Meldepflicht			Anmeldepflicht
Der beurkundete Notar hat innerhalb von dreißig Tagen ab dem Tag der Eheschließung  die Anmerkung des Ehegütervertrags oder des Vertrages zur Abänderung eines solchen am Rand der Heiratsurkunde zu beantragen.	Ehegütervertrag	Ehepakt	Ehevertrag	Ehevertrag
Behörden, die Informationen erhalten, welche der Geheimhaltung unterliegen, gewährleisten deren Vertraulichkeit .	Vertraulichkeit		Datenvertraulichkeit	Datenvertraulichkeit
Die Wandelschuldverschreibungen können nicht zu einem geringeren Betrag als ihrem Nennwert ausgegeben werden.	Wandelschuldverschreibung		convertible bonds	Wandelanleihe,Wandelobligation
Der Streitwert bestimmt sich nach dem Wert der Aktiva des Nachlasses, der für die beweglichen Sachen entsprechend der bei der Inventarerrichtung vorgenommenen Schätzung und für die Liegenschaften  zu berechnen ist.	Aktiva der Erbschaft,Aktiva des Nachlasses,Aktivastand der Erbschaft	Aktiven der Verlassenschaft,Nachlassaktiven	Nachlassaktiva	Nachlassaktiven
Die Wähler müssen den Personalausweis oder einen anderen von einer öffentlichen Körperschaft oder Anstalt ausgestellten Erkennungsausweis mit Lichtbild vorweisen.	Personalausweis			IDK,Identitätskarte
Zu jedem Abänderungsantrag darf jeder Abgeordnete für insgesamt höchstens zehn Minuten das Wort ergreifen.	Abänderungsantrag		Änderungsantrag,Änderungsvorschlag	Änderungsantrag
Der Beirat wird mit Beschluß der Landesregierung ernannt und bleibt für die Dauer der Legislaturperiode, in der er ernannt wird, im Amt.	Gesetzgebungsperiode,Legislatur,Legislaturperiode		Wahlperiode	
Die Kommission bleibt für die Dauer der Legislatur im Amt.	Gesetzgebungsperiode,Legislatur,Legislaturperiode		Wahlperiode	
Das Regionalorgan wird zu Beginn einer jeder Gesetzgebungsperiode vom Präsidenten des Regionalrates ernannt und setzt sich aus drei Bürgern zusammen, die bei den Regionalratswahlen wahlberechtigt sind, dem Regionalrat aber nicht angehören.	Gesetzgebungsperiode,Legislatur,Legislaturperiode		Wahlperiode	
Der Übergang wird durch Vorlage einer Kopie des registrierten Vertrages oder, wenn es sich um ein Rechtsgeschäft von Todes wegen handelt, durch die Vorlage einer beglaubigten Kopie der Bescheinigung über die Erbnachfolge nachgewiesen.	Bescheinigung über die Erbnachfolge,Erbschein	Einantwortungsurkunde		Erbbescheinigung,Erbenschein
Im Erbschein, der vor der Festsetzung des Übernahmspreises erlassen werden sollte, hat der Bezirksrichter zu bescheinigen, daß die Übernahme des geschlossenen Hofes dem berufenen Erben im Sinne des Gesetzes über die geschlossenen Höfe zusteht.	Bescheinigung über die Erbnachfolge,Erbschein	Einantwortungsurkunde		Erbbescheinigung,Erbenschein
Auf jeden Fall kann der Antrag auf Abstimmung nach Sprachgruppen bis zu dem Augenblick eingebracht werden, in dem zur Schlußabstimmung über den Gesetzentwurf übergegangen wird.	Gesetzentwurf,Gesetzesvorschlag	Gesetzesantrag		
Wenn angenommen wird, daß ein Gesetzesvorschlag die Gleichheit der Rechte zwischen den Bürgern verschiedener Sprachgruppen oder die volkliche und kulturelle Eigenart der Sprachgruppen verletzt	Gesetzentwurf,Gesetzesvorschlag	Gesetzesantrag		
Die Eintreibung der Forderung der öffentlichen Hand erfolgt: a) durch Eintreibung im Verwaltungsweg, b) durch Zwangsvollstreckung .	Zwangsvollstreckung	Exekution,Zwangsexekution		
Die erforderlichen Abänderungen an dem Vorschlag werden mit Bilanzgesetz vorgenommen.	Bilanzgesetz,Haushaltsgesetz	Bundesfinanzgesetz		
Für die nachfolgenden Jahre werden die erforderlichen Ansätze durch Haushaltsgesetz festgelegt.	Bilanzgesetz,Haushaltsgesetz	Bundesfinanzgesetz		
Der Umschlag Nr. 1 beinhaltet  einen dritten Briefumschlag mit den ungültigen Stimmzetteln, den weißen Stimmzetteln und den Stimmzetteln mit beanstandeten Listen- oder Vorzugsstimmen, die aber nicht zugewiesen wurden .	nichtiger Stimmzettel,ungültiger Stimmzettel			ungültiger Wahlzettel
Die Wahlkommission bestimmt spätestens 20 Tage vor dem Wahltag die Anzahl und die Verteilung der Wahlsprengel: jedem Wahlsprengel wird eine Wählerzahl zugewiesen, die so bemessen sein muß, daß die Geheimhaltung der Wahl gewährleistet ist.	Geheimhaltung der Stimme,Geheimhaltung der Wahl,Wahlgeheimnis,geheime Stimmabgabe	geheimes Wahlrecht	geheime Wahl	
In Zweifelsfällen soll stets die positive Lösung bevorzugt werden, vorausgesetzt, daß die Geheimhaltung der Stimme gewährleistet ist.	Geheimhaltung der Stimme,Geheimhaltung der Wahl,Wahlgeheimnis,geheime Stimmabgabe	geheimes Wahlrecht	geheime Wahl	
In der Abteilung für die Stimmabgabe müssen eine oder zwei Kabinen aufgestellt werden; diese müssen so beschaffen sein, daß die geheime Stimmabgabe gewährleistet ist.	Geheimhaltung der Stimme,Geheimhaltung der Wahl,Wahlgeheimnis,geheime Stimmabgabe	geheimes Wahlrecht	geheime Wahl	
Innerhalb des zwanzigsten Tages vor dem Wahltag hat die Landeswahlkommission die Zahl und den jeweiligen Ort der Wahlsitze in der Weise festzulegen, daß jedem Wahlsitz so viele Wähler zugewiesen werden, als im Interesse des Wahlgeheimnisses zweckmäßig sind.	Geheimhaltung der Stimme,Geheimhaltung der Wahl,Wahlgeheimnis,geheime Stimmabgabe	geheimes Wahlrecht	geheime Wahl	
Auf Grund des im Raumprogramm ermittelten Bedarfs kann der Bauentwurf ausgearbeitet werden. Zuerst wird der Vorentwurf erstellt, welcher in der Regel folgende Unterlagen enthält: Auszug aus der Katastermappe mit dem Verzeichnis der Grundeigentümer.	Auszug aus der Katastermappe,Katasterplanauszug	Auszug aus dem Katasterplan,Auszug aus der Katastralmappe	Auszug aus dem Katasterplan	Auszug aus dem Katasterplan
Die Wahl des Güterstands der Gütertrennung kann auch in der Heiratsurkunde erklärt werden.	Heiratsurkunde		Eheurkunde	Eheschein
Wurde die als nichtig festgestellte Ehe von beiden Ehegatten schlechtgläubig eingegangen, treten die Wirkungen einer gültigen Ehe bezüglich der in dieser Ehe geboren oder gezeugten Kinder ein, es sei denn, die Nichtigkeit beruht auf Doppelehe oder Blutschande.	Blutschande,Inzest		Beischlaf zwischen Verwandten	
Das Eheband selbst wird immer schwächer, seine Lösung immer leichter.	Eheband,eheliche Bindung	eheliche Verbindung	eheliche Verbindung	
Wird die Klage von einem Elternteil oder vom Staatsanwalt erhoben, ist sie zurückzuweisen wenn  jedenfalls der Wille des Minderjährigen, die eheliche Bindung aufrechtzuhalten, festgestellt wird.	Eheband,eheliche Bindung	eheliche Verbindung	eheliche Verbindung	
Jedoch kann der Vermächtnisnehmer eines Fruchtgenusses oder eines Gebrauchs  diese nur während der Ehelosigkeit oder des Witwenstands nutzen.	Witwenschaft,Witwenstand,Witwerstand	Witwerschaft	Witwerschaft	Witwerschaft
Die genannten Strafen werden nebeneinander gegen denjenigen verhängt der: die Güter seines minderjährigen Kindes oder des Ehegatten veruntreut oder verschwendet .	minderjähriges Kind	Mündel	Mündel	Mündel
Die bloße - wenn auch noch so lange und bis zum Tod des Versicherten dauernde - nichteheliche Lebensgemeinschaft mit einem Versicherten  eröffnet nach dem Tod des Versicherten keinen Anspruch auf Witwenpension.	eheähnliche Beziehung,eheähnliche Lebensgemeinschaft,nichteheliche Lebensgemeinschaft	Konkubinat,außereheliche Lebensgemeinschaft,eheähnliche Gemeinschaft	Konkubinat,eheähnliche Gemeinschaft	Konkubinat,eheähnliche Gemeinschaft
Die Differenz muß, soweit sie auf abschreibungsfähige Güter oder auf den Geschäftswert entfällt, abgeschrieben werden.	abschreibungsfähiges Gut		abschreibbares Wirtschaftsgut,abschreibungsfähiges Wirtschaftsgut	
Der Verfassungsgerichtshof urteilt: über Streitigkeiten betreffend die Verfassungsmäßigkeit der Gesetze und der Akten, die Gesetzeskraft haben, des Staates und der Regionen .	Verfassungsmäßigkeit			Verfassungsmässigkeit
Zur Erreichung des in Artikel 1 angeführten Zieles ist die Landesregierung ermächtigt, Kontokorrent-Krediteröffnungen oder Finanzierungen, auch zinslose, zugunsten von Kreditanstalten oder -unternehmen, die in Südtirol tätig sind und die fachlichen und organisatorischen Voraussetzungen haben, zu gewähren .	zinslos	unverzinslich	unverzinslich	unverzinslich
Die Ausschüttung von Anzahlungen auf die Dividenden ist nur jenen Gesellschaften erlaubt, deren Jahresabschluß gesetzlich der Bestätigung durch die in eine Sonderliste eingetragenen Prüfungsgesellschaften unterliegt.	Prüfungsgesellschaft	Wirtschaftsprüfungsgesellschaft	Prüfungsverband,Wirtschaftsprüfungsgesellschaft	Kontrollstelle,Revisionsverband
Die Ermächtigung für den Abbau von Steinbrüchen und Gruben hat eine Laufzeit von höchstens 20 Jahren ab Tätigkeitsbeginn.	Ermächtigung,Verwaltungsbewilligung,Verwaltungsermächtigung,Verwaltungsgenehmigung,behördliche Erlaubnis		Erlaubnis	Bewilligung
Die Geschäfte mit gemischten Tätigkeiten, welche der Verwaltungsermächtigung der Gemeinde unterliegen, beachten die Geschäftszeiten für die vorwiegende Tätigkeit. Unterschiedliche Geschäftszeiten sind nicht zulässig.	Ermächtigung,Verwaltungsbewilligung,Verwaltungsermächtigung,Verwaltungsgenehmigung,behördliche Erlaubnis		Erlaubnis	Bewilligung
Die Tourismusverbände sind befugt, Reservierungen, samt den dazugehörigen Leistungen, ohne eigene Verwaltungsbewilligung vorzunehmen, sofern sie sich auf das jeweilige Einzugsgebiet beschränken.	Ermächtigung,Verwaltungsbewilligung,Verwaltungsermächtigung,Verwaltungsgenehmigung,behördliche Erlaubnis		Erlaubnis	Bewilligung
Das Gericht kann sowohl im Lauf des entscheidungsvorbereitenden Verfahrens als auch in der Entscheidung die Trennung der Rechtsstreitigkeiten verfügen, wenn dies von allen Parteien beantragt wird oder wenn die Fortdauer ihrer Verbindung das Verfahren verzögern oder erschweren würde .	Trennung der Rechtsstreitigkeiten	Trennnung der Verfahren	Prozesstrennung	Trennung der Verfahren
Der Generalstaatsanwalt beim Oberlandesgericht ordnet mit begründetem Dekret und erforderlichenfalls nach Einholung der notwendigen Auskünfte die Übernahme der Vorerhebungen an, wenn .	Übernahme	Devolution	Devolution	Devolution
Ein Verfassungsgesetz bestimmt die Voraussetzungen, die Formen und die Fristen für die Einleitung der Verfahren über die Verfassungsmäßigkeit sowie die Garantien für die Unabhängigkeit der Richter des Verfassungsgerichtshofes.	Unabhängigkeit des Richters	richterliche Unabhängigkeit	richterliche Unabhängigkeit	richterliche Unabhängigkeit
Die Abteilungen entscheiden in der Regel in der Besetzung mit drei Richtern oder Richterinnen (Spruchkörper).	Spruchkörper,richterlicher Senat	Richterkollegium	Richterkollegium	Richterkollegium
Im Falle einer de facto-Gesellschaft muß wenigstens ein Mitglied, das die vorgeschriebenen Voraussetzungen für die Eintragung der Gesellschaft in das Verzeichnis der Handelstätigen erfüllt, in dieses eingetragen werden.	de facto-Gesellschaft,faktische Gesellschaft	fehlerhafte Gesellschaft	fehlerhafte Gesellschaft	
Ein staatliches Monopol für Sportwetten ist mit dem Grundrecht der Berufsfreiheit des Art. 12 Abs. 1 GG nur vereinbar, wenn es konsequent am Ziel der Bekämpfung von Suchtgefahren ausgerichtet ist.	staatliches Monopol	Staatsmonopol		
Oberstes Aufsichtsorgan für Wertpapiergesellschaften (SIM) und Anlageberater ist die Wertpapieraufsichtsbehörde (CONSOB) mit Sitz in Rom.	Wertpapiergesellschaft	Wertpapierfirma	Wertpapierdienstleistungsunternehmen	Wertpapierfirma
Niemand darf seinem ordentlichen, durch Gesetz vorbestimmten Richter entzogen werden.	gesetzlicher Richter,ordentlicher, durch Gesetz vorbestimmter Richter			verfassungsmässiger Richter
Erweist sich zur Bezahlung der Schulden der Verkauf von Gütern als notwendig, wird dieser im Einvernehmen zwischen dem Eigentümer und dem Fruchtnießer vorgenommen, vorbehaltlich der Anrufung der Gerichtsbehörde im Fall mangelnden Einvernehmens. Die Zwangsveräußerung hat gegen beide zu erfolgen.	Zwangsveräußerung	Exekution wegen Geldforderungen,Exekution zur Hereinbringung von Geldforderungen,Geldexekution	Zwangsvollstreckung wegen Geldforderungen	Schuldbetreibung
Ebenso werden für das Wohnungsvermögen die Wohnungen berücksichtigt, die im Eigentum von Personengesellschaften oder Gesellschaften mit beschränkter Haftung sind, an denen ein oder mehrere Mitglieder der Familiengemeinschaft beteiligt sind.	Personengesellschaft	Personalgesellschaft		
Die Verschmelzung mehrerer Gesellschaften kann durch Gründung einer neuen Gesellschaft oder durch Aufnahme einer oder mehrerer Gesellschaften in eine andere erfolgen.	Aufnahme,Übernahme			Absorption,Annexion
Die durch dieses Gesetz geregelten Maßnahmen des Landes fördern  die Übernahme von Betrieben seitens der Arbeitergenossenschaften.	Aufnahme,Übernahme			Absorption,Annexion
Bei einer ausländischen Gesellschaft mit steuerlicher Ansässigkeit und unbeschränkter Steuerpflicht in Italien stellt die unterlassene Abgabe der Steuererklärung ein Finanzstrafvergehen dar. Die vorherige, gleichwertige Beschlagnahme des Vermögens des faktischen Verwalters ist zulässig.	faktischer Verwalter	faktischer Geschäftsführer	faktischer Geschäftsführer	faktischer Geschäftsführer
Der UmwandlungsBeschluß muß von einem Bericht über die Schätzung des Gesellschaftsvermögens begleitet sein und ist  in das Handelsregister einzutragen.	Bericht über die Schätzung des Gesellschaftsvermögens,Schätzungsbericht	Vermögensaufstellung	Vermögensaufstellung	
Aus dem Spaltungsplan müssen die Richtlinien für die Übertragung der Aktien oder Anteile der begünstigten Gesellschaften hervorgehen.	Spaltungsplan	Entwurf des Spaltungs- und Übernahmevertrages	Entwurf des Spaltungs- und Übernahmevertrages	
Es besteht Übereinstimmung, dass Rechtshilfe im Einklang mit der Gesetzgebung des ersuchten Staates gewährt wird bei der Ermittlung oder Verfolgung strafbarer Handlungen, namentlich bei Mord,  Missbrauch der Amtsgewalt	Missbrauch der Amtsgewalt,Missbrauch einer Gewaltbefugnis	Missbrauch eines Autoritätsverhältnisses	Missbrauch der Befehlsbefugnis	Missbrauch eines Autoritätsverhältnisses
Der Irrtum über den Tatbestand der strafbaren Handlung schließt die Strafbarkeit des Täters aus.	Täter	unmittelbarer Täter	unmittelbarer Täter	
Eine in diesem Sinn straflose Vortat liegt vor, wenn eine Deliktsverwirklichung einer Haupttat vorangeht, um diese zu ermöglichen oder zu erleichtern; ein gemeinsamer Beweggrund genügt nicht.	straflose Vortat		mitbestrafte Vortat	mitbestrafte Vortat
Der Unterschied zwischen Unterschlagung und Veruntreuung liegt im Deliktsobjekt; es ist bei der Veruntreuung ein anvertrautes, bei der Unterschlagung ein auf andere Weise in die Gewahrsame des Täters gelangtes Gut.	Unterschlagung			unrechtmässige Aneignung
Wer sich an solchen Vereinigungen (zu terroristischen Zwecken) beteiligt, wird mit Gefängnisstrafe von vier bis zu acht Jahren bestraft.	Vereinigung,kriminelle Vereinigung	Bande		
Wer einer aus drei oder mehr Personen bestehenden mafiaartige Vereinigung angehört, wird mit Gefängnisstrafe von drei bis zu sechs Jahren bestraft.	mafiaartige Vereinigung	Mafiaorganisation	Mafiaorganisation,mafiose Vereinigung	
Der Beitrag der Gehilfen zur Ausführung der Tat kann physisch oder psychisch sein, letzteres etwa durch Erteilung von Ratschlägen.	Gehilfe	Beitragstäter		
Durch die Selbstbezichtigung hat V versucht, seinen Sohn wegen dessen Diebstahls der Strafverfolgung zu entziehen. V hat damit rechtswidrig und schuldhaft einen Strafvereitelungsversuch erfüllt .	Selbstbezichtigung,falsche Selbstanschuldigung	falsche Selbstbezichtigung	falsche Selbstbezichtigung	
Als Täter wird bestraft, wer die Straftat selbst oder durch einen anderen begeht. Begehen mehrere die Straftat gemeinschaftlich, so wird jeder als Täter bestraft (Mittäter).	Mittäter	unmittelbarer Mittäter		
Die Wiedereinsetzung in die bürgerlichen Rechte ist auf keinen Fall zu gewähren, wenn der Gemeinschuldner wegen betrügerischen Bankrotts, oder wegen Verbrechen gegen das Vermögen  verurteilt worden ist .	betrügerischer Bankrott	betrügerische Krida		betrügerischer Konkurs
In besonders schweren Fällen des § 283 Abs. 1 bis 3 wird der Bankrott mit Freiheitsstrafe von sechs Monaten bis zu zehn Jahren bestraft.	Bankrott	Kridadelikt		Konkursdelikt
Geschütztes Rechtsgut der Sachbeschädigung (§ 125 öStGB) ist das Eigentum.	geschütztes Rechtsgut		geschütztes Gut	geschütztes Gut
Das Urteil wird innerhalb fünfzehn Tagen ab Erlass in der Kanzlei hinterlegt, .	Gerichtskanzlei,Kanzlei	Geschäftsstelle	Geschäftsstelle	
Der Datenschutzbehörde wird über die Gerichtskanzlei eine Kopie der von der Gerichtsbehörde erlassenen Verfügungen in Zusammenhang mit den Bestimmungen dieses Kodex oder den Bestimmungen über Computerkriminalität übermittelt.	Gerichtskanzlei,Kanzlei	Geschäftsstelle	Geschäftsstelle	
Täter, die im Zeitpunkt des Delikt 18 bis 20 Jahre alt waren, verbunden mit der wegen des jugendlichen Alters fehlenden Einsichtsfähigkeit.	Einsichtsfähigkeit	Diskretionsfähigkeit		Urteilsfähigkeit
Ursächlichkeit besteht auch, wenn die Handlung nur mitursächliche Bedingung für den Erfolgseintritt war; sogenannte kumulative Kausalität .	kumulative Kausalität	alternative Kausalität		alternative Kausalität
Diese Formel versagt aber, wenn die real wirkende Bedingung keine notwendige Bedingung ist, also in den Fällen der hypothetischen und der alternativen Kausalität.	hypothetische Kausalität		abgebrochene Kausalität,überholende Kausalität	
Im Kausalzusammenhang sind vielmehr alle Bedingungen des Erfolges für dessen Eintritt gleich notwendig oder daher gleichwertig . Das gilt auch für menschliche Verhaltensweisen.	Kausalzusammenhang	Ursachenzusammenhang		
Liegt nur ein erschwerender Umstand vor und ist die Erhöhung der Strafe nicht gesetzlich bestimmt, wird die Strafe, die für die strafbare Handlung verhängt werden müßte, bis um ein Drittel erhöht.	erschwerender Umstand	Erschwerungsgründe	Strafschärfungsgrund,straferhöhender Umstand	Strafschärfungsgrund
Die Gleichwertigkeitsklausel dient dazu, eine zu weite Annahme unrechter Unterlassungsdelikte hintanzuhalten.	Gleichwertigkeitsklausel		Entsprechensklausel	
Die Scheinkonkurrenz, die oft schwierige Probleme aufwirft, ist im Gesetz nicht geregelt; sie unteliegt auch nicht den Grundsätzen der §§ 28, 31 (öStGB).	Scheinkonkurrenz	unechte Konkurrenz	Gesetzeseinheit,Gesetzeskonkurrenz	Gesetzeskonkurrenz,unechte Konkurrenz
Bei gleichartiger Tateinheit gibt es insoweit keine Probleme, weil nur ein einziges Gesetz angewendet wird.	gleichartige Idealkonkurrenz,gleichartige Tateinheit	verstärkte Tatbestandmäßigkeit		
Es besteht  zwischen den durch die gleiche Handlung verletzten Strafbestimmungen des StGB und des Zollgesetzes Idealkonkurrenz.	Idealkonkurrenz,Tateinheit	eintätiges Zusammentreffen	rechtliches Zusammentreffen	
Nimmt der Eröffnungsbeschluß Tateinheit an, wird aber nicht wegen aller Taten verurteilt, so erfolgt kein Teilfreispruch; denn wegen einer und derselben Tat kann das Urteil nur einheitlich auf Verurteilung oder Freispruch lauten.	Idealkonkurrenz,Tateinheit	eintätiges Zusammentreffen	rechtliches Zusammentreffen	
Tatmehrheit liegt vor, wenn der Täter durch mehrere selbständige strafbare Handlungen, also durch eine Handlungsmehrheit entweder dasselbe Gesetz mehrmals (gleichartige Tatmehrheit) oder mehrere verschiedene Gesetze (ungleichartige Tatmehrheit) verletzt.	ungleichartige Tatmehrheit	Verbrechenshäufung,ungleichartige Realkonkurrenz		
Tatmehrheit liegt vor, wenn der Täter durch mehrere selbständige strafbare Handlungen, also durch eine Handlungsmehrheit entweder dasselbe Gesetz mehrmals (gleichartige Tatmehrheit) oder mehrere verschiedene Gesetze (ungleichartige Tatmehrheit) verletzt.	gleichartige Tatmehrheit	Verbrechenswiederholung,gleichartige Realkonkurrenz		
Kein Teil der Willensbetätigungen darf zugleich zur Erstellung des Tatbestandes beider Delikte mitwirken; sonst liegt nicht Tatmehrheit vor, sondern Tateinheit; ein derartiges Bindeglied kann auch bei gleichzeitigen Handlungen fehlen; so bei Hausfriedensbruch und Sexualstraftaten, oder Nötigung.	Tatmehrheit	Realkonkurrenz,mehrtätiges Zusammentreffen		Realkonkurrenz
Im Protokoll sind die vom Gericht gestellten Fragen, die von den einander gegenübergestellten Personen abgegebenen Erklärungen und sonstige im Verlauf der Gegenüberstellung eingetretene Geschehnisse zu vermerken.	Gegenüberstellung		Identifizierungsgegenüberstellung,Vernehmungsgegenüberstellung	
Unter den gegebenen Umständen dürfte im übrigen schon sein Stillschweigen und Gewährenlassen als Zustimmung zum Ehebruch im  aufgefasst werden.	Gewährenlassen		Konnivenz	
Antragsdelikte werden auf Anklage des Staatsanwalts verfolgt; aber der StA darf Verfolgungsanträge nur stellen, Polizei und Gendarmerie dürfen sich mit dem Fall nur befassen, wenn der Berechtigte die Verfolgung beantragt hat.	Antragsdelikt	Ermächtigungsdelikt,Privatanklagedelikt		
Die Bestimmungen des Artikels 29 und des Artikels 32  werden bei einer Verurteilung wegen eines fahrlässigen Verbrechens nicht angewendet.	fahrlässiges Verbrechen	Fahrlässigkeitsdelikt	Fahrlässigkeitsdelikt	
Der Täter eines versuchten Verbrechens wird bestraft: mit Gefängnisstrafe nicht unter zwölf Jahren, wenn die angedrohte Strafe lebenslange Gefängnisstrafe ist; in den übrigen Fällen mit der für das Verbrechen angedrohten Strafe, die um ein bis zwei Drittel herabgesetzt wird.	Versuch des Verbrechens,versuchte Straftat,versuchte strafbare Handlung,versuchtes Verbrechen	Versuchsdelikt,versuchtes Delikt	Versuchsdelikt,versuchtes Delikt	versuchtes Delikt
Wer geeignete Handlungen ausführt, die in eindeutiger Weise auf die Begehung eines Verbrechens abzielen, ist für den Versuch des Verbrechens verantwortlich, wenn die Tat nicht zur Ausführung gelangt oder der Erfolg nicht eintritt.	Versuch des Verbrechens,versuchte Straftat,versuchte strafbare Handlung,versuchtes Verbrechen	Versuchsdelikt,versuchtes Delikt	Versuchsdelikt,versuchtes Delikt	versuchtes Delikt
Zur Anwendung der Maßnahmen ist die vom Gesetz für jede vollendete oder versuchte strafbare Handlung festgesetzte Strafe zu berücksichtigen.	Versuch des Verbrechens,versuchte Straftat,versuchte strafbare Handlung,versuchtes Verbrechen	Versuchsdelikt,versuchtes Delikt	Versuchsdelikt,versuchtes Delikt	versuchtes Delikt
Die Erklärung des Verpächters, von der ausdrücklich vereinbarten Auflösungsklausel Gebrauch zu machen, verhindert nicht die Ausübung des Rechts auf Ablösung.	Erklärung	Erklärungsakt		
Ist der Vorsitzende nach Anhörung der Parteien der Ansicht, daß die direkte Vernehmung den Minderjährigen nicht an einer unbefangenen Zeugenaussage hindert, so ordnet er mit Beschluß die Fortsetzung der Aussage nach den in den vorhergehenden Absätzen vorgesehenen Formen an.	direkte Vernehmung		Hauptverhör,direktes Verhör	
Die Entschuldung kann nicht gewährt werden, wenn Konkursgläubiger nicht einmal teilweise befriedigt worden sind.	Konkursgläubiger		Insolvenzgläubiger	
Falschbeurkundung durch eine Amtsperson in Bescheinigungen oder Genehmigungen einer Verwaltungsbehörde.	Falschbeurkundung,mittelbare Falschbeurkundung		intellektuelle Urkundenfälschung	intellektuelle Fälschung
Mittelbare Falschbeurkundung in einer öffentlichen Urkunde durch eine Privatperson.	Falschbeurkundung,mittelbare Falschbeurkundung		intellektuelle Urkundenfälschung	intellektuelle Fälschung
In der Praxis unterscheidet man zwischen einem äußeren (objektiven) und einem inneren (subjektiven) Tatbestand; dieser wird auch öfters die (innere) Tatseite oder (was freilich vielfach abgelehnt wird) Schuldform (Vorsatz oder Fahrlässigkeit) genannt.	objektiver Tatbestand	gesetzliches Tatbild,objektives Merkmal	gesetzlicher Tatbestand,äußerer Tatbestand	objektives Tatbestandsmerkmal
Ein Gebrauchsdiebstahl, dh. die widerrechtliche vorübergehende Benützung einer fremden Sache ist grundsätzlich straflos, nur der unbefugte Gebrauch bestimmter Fahrzeuge ist in § 136 unter Strafe gestellt.	Diebstahl zum kurzfristigen Gebrauch,Gebrauchsdiebstahl	Gebrauchsanmaßung,furtum usus	Gebrauchsanmaßung,furtum usus	
Der Umfang der Garantenpflicht ist nicht unbegrenzt, er bedarf von Fall zu Fall einer besonderen Prüfung in bezug auf Inhalt und Ziel des Schutzzweckes .	Einstandspflicht,Garantenpflicht			Obhutsgarantenpflicht
Wenn ein Rechtsmittel oder Widerspruch erhoben wird, übermittelt das Vollstreckungsgericht, nachdem es über den Antrag des Betroffenen verfügt hat, die Akten an das zuständige erkennende Gericht.	erkennendes Gericht	Erkenntnisgericht	Erkenntnisgericht	
Wenn das Berufungsgericht den Sachverhalt für noch nicht ausreichend festgestellt erachtet und dies nicht auf einer irrigen Rechtsansicht beruht, kann der Oberste Gerichtshof, der nicht Tatsacheninstanz ist, der Verfahrensergänzung nicht entgegentreten.	Tatsacheninstanz		Tatsachengericht	Tatsachengericht
Erkennnt das Berufungsgericht, daß das Gericht erster Instanz  sachlich unzuständig oder örtlich oder wegen Zusammenhanges unzuständig war, so erläßt es  ein Urteil, durch das die Nichtigkeit ausgesprochen wird .	Gericht erster Instanz	Erstgericht,Gericht I. Instanz,Richter erster Instanz,erstinstanzliche Gericht	Gericht I. Instanz,Richter erster Instanz,erstinstanzliche Gericht	Richter erster Instanz,erstinstanzliche Gericht
Wenn der Beitritt vor der Anklageerhebung stattgefunden hat, entscheidet über den Widerspruch der Richter für die Vorerhebungen.	Richter für die Vorerhebungen	Untersuchungsrichter	Ermittlungsrichter	
Durch den Straferlaß oder die Begnadigung wird die verhängte Strafe ganz oder teilweise erlassen oder in eine andere gesetzlich bestimmte Strafe umgewandelt.	Begnadigung	Gnadeakt,Gnadenerweis	Gnade	Gnade
Niemand kann sich zu seiner Entschuldigung auf Unkenntnis des Strafgesetzes berufen.	Unkenntnis des Strafgesetzes		Unwissenheit	
Das Verbrechen ist fahrlässig oder gegen die Absicht, wenn der Erfolg, mag er auch vorausgesehen sein, vom Täter nicht gewollt ist und infolge von Nachlässigkeit, Unvorsichtigkeit, Untüchtigkeit oder auch Nichtbeachtung von Gesetzen, Verordnungen, Befehlen oder Regelungen eintritt.	Unvorsichtigkeit	Unbesonnenheit		
Kandidaten, die eine oder mehrere Teilprüfungen nicht bestanden haben, werden als untauglich befunden und können frühestens dreißig Tage nach der Prüfung nochmals zu den nicht bestandenen Teilprüfungen antreten.	untauglich		ungeeignet	
Eine erweiternde Interpretation des Ausnahmetatbestandes des § 3 Abs. 1a Z. 7 ALSAG käme jedoch nur dann in Betracht, wenn dies der Normzweck (oder eine verfassungskonforme oder europarechtskonforme Auslegung) verlangen würde.	ausdehnende Auslegung,erweiternde Interpretation,extensive Interpretation	ausdehnende Interpretation,erweiternde Auslegung,extensive Auslegung	erweiternde Auslegung,extensive Auslegung	ausdehnende Interpretation,extensive Auslegung
Die Beklagte, die Klagsabweisung beantragte, ist gegenteiliger Ansicht: Bereits die wörtliche Auslegung der Bestimmung ergebe einen Risikoausschluss für alle Ansprüche, deren Ursache in der Beschädigung, Zerstörung oder dem Abhandenkommen von mit dem versicherten Fahrzeug beförderten Sachen liege.	wörtliche Auslegung,wörtliche Interpretation	Wortauslegung,Wortlautinterpretation,grammatikalische Auslegung,grammatikalische Interpretation	Wortauslegung,Wortlautinterpretation,grammatikalische Auslegung,grammatikalische Interpretation	grammatikalische Auslegung,grammatikalische Interpretation
Ob das Rückwirkungsverbot eingreift, entscheidet sich nach dem letzten Zeitpunkt der Tat .	Ausschluss der Rückwirkung,Rückwirkungsverbot	nullum crimen sine lege proevia		
Akzessorisch ist die Anstiftung im Verhältnis zur Haupttat; diese muß wirklich, braucht aber nicht schuldhaft begangen zu sein, damit die Anstiftung strafbar ist .	Anstiftung,Aufforderung	intellektuelle Beihilfe,psychische Beitragstäterschaft	psychische Beihilfe	psychische Gehilfenschaft
Ist auf die Aufforderung nicht eingegangen worden und handelt es sich um die Aufforderung zu einem Verbrechen, so kann der Täter einer Sicherungsmaßnahme unterworfen werden.	Anstiftung,Aufforderung	intellektuelle Beihilfe,psychische Beitragstäterschaft	psychische Beihilfe	psychische Gehilfenschaft
Der Gegenstand des Vertrages muss möglich, erlaubt, bestimmt oder bestimmbar sein.	erlaubt	rechtmäßig,zulässig	rechtmäßig,zulässig	rechtmässig,zulässig
Die gesetzesmäßig einberufene und ordnungsgemäß zusammengetretene Gesellschafterversammlung vertritt die Gesamtheit der Aktionäre.	gesetzesmäßig,gesetzlich,gesetzmäßig			gesetzesmässig,gesetzmässig
In Erwartung der schiedsrichterlichen Entscheidung werden etwaige Maßnahmen der öffentlichen Verwaltung betreffend die Ausführung von Arbeiten von Amts wegen sowie andere Vertrags- und gesetzmäßige Maßnahmen, die sich im öffentlichen Interesse als notwendig erweisen, nicht ausgesetzt.	gesetzesmäßig,gesetzlich,gesetzmäßig			gesetzesmässig,gesetzmässig
Wer zum Nachteil eines anderen Maße oder Gewichte mit nachgemachtem oder verfälschtem gesetzlichen Ausdruck oder sonst verfälschte Maße oder Gewichte verwendet, wird mit Gefängnisstrafe bis zu sechs Monaten und mit Geldstrafe bis zu einer Million Lire bestraft.	gesetzesmäßig,gesetzlich,gesetzmäßig			gesetzesmässig,gesetzmässig
Weichen das zur Zeit der Begehung der strafbaren Handlung geltende Gesetz und die späteren Gesetze voneinander ab, so wird das für den Täter mildere Gesetz angewendet, es sei denn, er ist unwiderruflich verurteilt worden.	milderes Gesetz		mildestes Gesetz	
Falls die Einberufung infolge des Eintritts von Verlusten oder aufgrund eines rechtmäßig und ausdrücklich eingebrachten Antrages von Gesellschaftern erforderlich geworden ist, ist die in Geld abzuleistende Verwaltungsstrafe um ein Drittel zu erhöhen.	rechtmäßig			rechtmässig
Die Gewährung der bedingten Entlassung wird von der Erfüllung der zivilrechtlichen Verpflichtungen aus der strafbaren Handlung abhängig gemacht, sofern nicht der Verurteilte nachweist, daß er zu deren Erfüllung nicht imstande ist.	bedingte Entlassung	bedingte Erlassung aus einer Freiheitsstrafe	Aussetzung des Strafrestes bei zeitiger Freiheitsstrafe	
Das Departement für öffentliche Verwaltung erarbeitet Kriterien zur Gewährleistung des turnusmäßigen Wechsels der Führungskräfte in den besonders korruptionsgefährdeten Bereichen sowie Maßnahmen zur Vermeidung von Aufgabenüberschneidung und Ämterhäufung, auch verwaltungsextern, bei Führungskräften im öffentlichen Dienst.	Maßnahme			Massnahme
Ein Erschwerungsgrund ist es insbesondere, wenn der Täter  aus besonders verwerflichen Beweggründen gehandelt hat .	Beweggrund		Motiv	
Ist außer der anderen Person auch diejenige verletzt worden, gegen die der Angriff gerichtet war, so wird gegen den Täter die für das schwerste Verbrechen angedrohte Strafe verhängt, die bis um die Hälfte erhöht wird.	Angriff,Verletzung		Verstoß	
Verletzung einer anderen Person als derjenigen, gegen die der Angriff gerichtet war.	Angriff,Verletzung		Verstoß	
Zum Tatbestand der Körperverletzung mit Todesfolge gehört, dass der Tod des Opfers durch eine vorsätzlich begangene Körperverletzung verursacht worden ist, wobei dem Täter gemäß § 18 StGB hinsichtlich der Todefolge Fahrlässigkeit zu Last fallen muss.	Körperverletzung mit Todesfolge,präterintentionale Tötung	Körperverletzung mit tödlichem Ausgang		
Strafgrund der unterlassenen Hilfeleistung ist nach heutiger Rechtsauffassung die dem Allgemeineninteresse zuwiderlaufende Versäumung einer Gelegenheit zu hilfreicher Schadensabwehr.	unterlassene Hilfeleistung	Unterlassung der Hilfeleistung		Unterlassung der Nothilfe
Im Rahmen der jährlichen Haushaltsbereitstellung  ist die Landesregierung befugt,  allfällige Geschäftsverluste je nach Ausmaß der Anteile und aufgrund ordnungsmäßiger Beschlüsse der Gesellschaftsorgane durch Aufstockung des Gesellschaftskapitals abzudecken.	Gesellschaftsorgan,Organ der Gesellschaft	gesellschaftliches Organ		
Die höheren und einfachen Amtsträger der Gerichtspolizei haben die Befugnis, jeden anzuhalten, der bei einem der folgdenden Verbrechen auf frischer Tat angetroffen wird:  Amtsunterschlagung unter Ausnutzung eines Irrtums .	Amtsunterschlagung	Amtsveruntreuung		Veruntreuung durch einen Beamten
Die angedrohte Strafe entscheidet über die Einordnung der Straftat.	Strafrahmen,angedrohte Strafe	Strafdrohung	Strafdrohung,abstrakte Strafandrohung	Strafdrohung,abstrakte Strafandrohung
Die bedingte Aussetzung der Strafe kann nicht gewährt werden,  wenn neben der verhängten Strafe eine persönliche Sicherungsmaßnahme anzuordnen ist .	bedingte Aussetzung der Strafe,bedingte Strafaussetzung	bedingte Strafnachsicht	Strafaussetzung zur Bewährung	bedingter Strafvollzug
Die bedingte Strafaussetzung ist nur zulässig, wenn unter Berücksichtigung der in Artikel 133 bezeichneten Umstände der Richter annimmt, daß der Täter keine weiteren strafbaren Handlungen begehen wird.	bedingte Aussetzung der Strafe,bedingte Strafaussetzung	bedingte Strafnachsicht	Strafaussetzung zur Bewährung	bedingter Strafvollzug
"Es spricht gegen eine ernst gemeinte ""Reue"", wenn der Fremde die Begehung von Diebstählen - ungeachtet eines mittlerweile ergangenen rechtskräftigen Strafurteiles - in Abrede stellt."	Reue			aufrichtige Reue
Lebenslange Gefängnisstrafe wird verhängt, wenn die im vorhergehenden Artikel vorgesehene Tat begangen wird  gegen einen Verwandten auf- oder absteigender Linie, sofern  der Täter mit Vorbedacht gehandelt hat.	Vorbedacht		Überlegung	Überlegung
Der Grundsatz ist im Gesetz nicht ausdrücklich formuliert, er ergibt sich jedoch aus dem Zusammenhalt der §§ 259 Z. 3 und 258/2. Die Unschuldsvermutung des Art. 6/2 MRK weist in dieselbe Richtung.	Unschuldsvermutung	Vermutung der Unschuld		
Es wird damit zwar der Grundsatz der Unmittelbarkeit durchbrochen, das Prinzip der Mündlichkeit jedoch aufrechterhalten.	Grundsatz der Unmittelbarkeit	Prinzip der Unmittelbarkeit,Unmittelbarkeitsgrundsatz,Unmittelbarkeitsprinzip	Unmittelbarkeitsgrundsatz	Prinzip der Unmittelbarkeit
Im Gegensatz zu diesem  besteht im Strafprozeß für die StA der Verfolgungszwang, das sogenannte Legalitätsprinzip, und für StA und das Gericht der Grundsatz der Erforschung der materiellen Wahrheit.	Grundsatz der Erforschung der materiellen Wahrheit	Grundsatz der materiellen Wahrheit,Prinzip der Erforschung der materiellen Wahrheit,Prinzip der materiellen Wahrheit	Prinzip der materiellen Wahrheitserforschung	Prinzip der materiellen Wahrheit
Die These , daß § 226a wegen Verstoßes gegen Art. 103 II GG nichtig sei, geht zu Unrecht davon aus, daß auch Rechtfertigungsgründe dem Bestimmtheitsgrundsatz dieses Artikels unterlägen.	Bestimmtheitsgrundsatz	Bestimmtheitserfordernis,Bestimmtheitsgebot	Bestimmtheitserfordernis,nulla poena sine lege certa	Bestimmtheitsgebot
Der Grundsatz der Öffentlichkeit erfordert nicht unbedingt, daß die Hauptversammlung im Gerichtssaal stattfinde; es ist auch eine Hauptversammlung im Richterzimmer  oder im Krankenzimmer eines Krankenhauses  zulässig.	Grundsatz der Öffentlichkeit		Prinzip der Öffentlichkeit,Öffentlichkeitsgrundsatz,Öffentlichkeitsmaxime	
Die Umstände und Gründe, die zum Zeitpunkt des Einlegens der Beschwerde hinzugekommen sind, müssen, unter Beachtung des Grundsatzes des rechtlichen Gehörs, im entsprechenden Verfahren angeführt werden.	Grundsatz	Prinzip	Prinzip	Prinzip
Das Geschworenengericht verhängte nach § 75 StGB eine Freiheitsstrafe von vierzehn Jahren, wobei es als mildernd den bisherigen ordentlichen Lebenswandel und die Provokation durch das Opfer, als erschwerend keinen Umstand wertete.	Provokation	Entrüstungsbeleidigung		
Echte Unterlassungsdelikte können nur durch Unterlassung verwirklicht werden, der Erfolg eines unechten Unterlassungsdeliktes hätte auch durch positives Tun herbeigeführt werden können.	unechtes Unterlassungsdelikt	Komissivdelikt per omissionem		
Einmal stellt man gegenüber Begehungsdelikte, dh solche, deren Tatbestand ein aktives Tun beschreibt,  und Unterlassungsdelikte, dh solche, deren Tatbestand das Unterlassen einer rechtlich gebotenen Handlung beschreibt .	Begehungsdelikt	Kommissivdelikt		
Eine Strafbarkeit der Amtsträger von Umweltbehörden im Rahmen ihres Verwaltungshandelns ist daher grundsätzlich nur bei den Tatbeständen, die als Allgemeindelikt ausgestaltet sind, möglich .	Allgemeindelikt		allgemeines Delikt	gemeines Delikt
Heute besteht in Wissenschaft und Praxis Übereinstimmung, daß bei den Erfolgsdelikten zwischen der Kausalitätsfrage und der Haftungsfrage streng zu trennen sind.	Erfolgsdelikt	Materialdelikt		
Die Verjahrungsfrist beginnt bei der vollendeten strafbaren Handlung mit dem Tag der Vollendung; bei der versuchten strafbaren Handlung mit dem Tag, an dem die Tätigkeit des Täters beendet ist .	vollendete strafbare Handlung	vollendetes Delikt	vollendete Straftat	vollendetes Delikt
Dieselben Bestimmungen finden Anwendung, wenn es sich um mehrere Strafbefehle oder um Urteile und Strafbefehle handelt oder wenn die Tat bei Vorliegen einer Idealkonkurrenz zusammen mit anderen Taten oder als Bestandteil einer fortgesetzten strafbaren Handlung beurteilt worden ist .	fortgesetzte strafbare Handlung	fortgesetztes Delikt	fortgesetzte Handlung	fortgesetztes Delikt
Die Strafbarkeit ist auch dann ausgeschlossen, wenn infolge der Untauglichkeit der Handlung oder des Fehlens des Handlungsgegenstandes der schädigende oder gefährliche Erfolg unmöglich ist.	Handlungsgegenstand,Tatobjekt	Angriffsobjekt		
Bei Versuch ist tätige Reue nicht möglich, wohl aber bei einer teils versuchten, teils vollendeten strafbaren Handlung in Ansehung des vollendeten Delikts.	tätige Reue	Rücktritt vom beendeten Versuch	Rücktritt vom beendigten Versuch	
Begeht der Rückfällige eine weitere strafbare Handlung, kann die Strafe  bis um die Hälfte  erhöht werden .	Rückfälliger	Rückfallstäter	Rückfalltäter,rückfälliger Täter	rückfälliger Täter
Rechtfertigungsgrund nach § 105 Abs 2 StGB gegeben, wenn ein rechtmäßiger (Wohnungsmitbenützer) Wohnungsbenützer einem tatsächlichen oder vermeintlichen Dieb, der Diebesgut in die Wohnung gebracht haben soll, den Zutritt zur Wohnung verweigert.	Diebesgut		gestohlenes Gut	gestohlenes Gut
Wird bei der Schlägerei jemand getötet oder trägt jemand eine Körperverletzung davon, ist die Strafe für die bloße Beteiligung an der Schlägerei Gefängnisstrafe von drei Monaten bis zu fünf Jahren.	Schlägerei	Raufhandel	Raufhandel	Raufhandel
Wird durch die Freiheitsberaubung aus irgendeinem Grund der Tod des der Freiheit Beraubten als eine vom Täter nicht gewollte Folge verursacht, wird der Täter mit Gefängnisstrafe von dreißig Jahren bestraft.	Freiheitsberaubung	Freiheitsentziehung		
Entgegen dem Prinzip der Einspurigkeit, das Strafe und Maßregeln miteinander verschmilzt, führte das System der Zweispurigkeit in das Strafrecht ein.	System der Zweispurigkeit	Zweispurigkeitssystem	zweispuriges System	
Im Strafregister werden  auszugsweise eingetragen:  die endgültigen Verfügungen, welche die Anwendung der vorbeugenden Maßnahmen der einfachen Sonderüberwachung oder der Sonderüberwachung mit Aufenthaltsverbot oder Aufenthaltsgebot betreffen.	Aufenthaltsgebot		Zwangsaufenthalt	
Den ehemaligen Königen des Hauses Savoyen, ihren Ehepartnern und ihren männlichen Nachkommen ist die Einreise in das Staatsgebiet und der Aufenthalt im Staatsgebiet untersagt.	Aufenthalt	schlichter Aufenthalt,vorübergehender Aufenthalt	vorübergehender Aufenthalt	vorübergehender Aufenthalt
Wenn sich eine Person gegen Entgelt verpflichtet, mit überwiegend eigener Arbeit und ohne zum Besteller in ein Verhältnis der Unterordnung zu treten, ein Werk zu erstellen oder einen Dienst zu leisten, sind die Vorschriften dieses Abschnitts anzuwenden .	Unterordnung			Unterstellung
Man muß zwischen beendetem Versuch, bei dem die Vollendung durch einen actus contrarius abgewendet werden muß, und unbeendetem Versuch unterscheiden, für dessen Straflosigkeit die Unterlassung der Ausführung genügt.	beendeter Versuch		beendigter Versuch	
Auf eine kurze irrige Fehlvorstellung des Täters läßt sich ein fehlgeschlagener Versuch nicht stützen.	fehlgeschlagener Versuch	misslungener Versuch		
"Beim unbeendeten Versuch liegt der Rücktritt des Alleintäters darin, daß er ""die weitere Ausführung der Tat aufgibt"", d.h. die begonnene Tathandlung abbricht."	unbeendeter Versuch		unbeendigter Versuch	
Das Versuchsstadium endet mit dem Eintritt der Vollendung der Tat.	Versuchsstadium		Stadium des Versuchs	
"Für diese Tatbestände besagt die Bedingungstheorie, daß dem Täter strafrechtlich der Erfolg seiner Handlung zuzurechnen ist, wenn diese als Ursache nicht ""hinweggedacht"" werden kann, ohne daß der Erfolg entfiele."	Bedingungstheorie,Äquivalenztheorie		conditio-sine-qua-non-Formel	
Diese Formel wertet alle Bedingungen gleich (daher Äquivalenztheorie), greift aber insofern zu weit und wird als Zurechnungskriterium erst auf der Schuldebene begrenzt.	Bedingungstheorie,Äquivalenztheorie		conditio-sine-qua-non-Formel	
Die Tatbestandsmäßigkeit indiziert im Regelfall die Rechtswidrigkeit . Tatbestandsmäßigkeit und Rechtswidrigkeit deuten ihrerseits auf das Vorliegen der Schuld hin.	Tatbestandsmäßigkeit			Tatbestandsmässigkeit
Wer einem Dienst- oder Arbeitnehmer ein unzulängliches Entgelt zahlt, kann nicht wegen Wuchers belangt werden.	Wucher	Geldwucher		
Herabwürdigungen anderer Art sind zB das Zerreißen oder Verbrennen einer Fahne, das Besudeln eines Hoheitszeichens, unter besonderen Umständen auch deren bloßes Entfernen oder Unkenntlichmachen.	Beschimpfung,Herabwürdigung		Verunglimpfung	
Seit nunmehr sieben Jahren setzen sich die Abteilungen 12 und das Amt 11.6 ein, um das Recycling von Baumaterialien zu perfektionieren und in Pilotprojekten zu testen.	Recycling	Wiederverwendung,Wiederverwertung	Wiederverwendung,Wiederverwertung	Wiederverwendung,Wiederverwertung
Die Aufgaben der Bezirksarbeitskommissionen  betreffend den Verlust des Rechts auf Arbeitslosengeld und die Streichung aus den Arbeitslosenlisten werden dem Direktor des Arbeitsamtes übertragen.	Arbeitslosengeld		Arbeitslosengeld I	Arbeitslosenentschädigung
Eheleute, die einen ausländsichen Minderjährigen zu adoptieren beabsichtigen, haben beim sprengelmäßig zuständigen Jugendgericht die Erklärung der Fähigkeit zur Adoption zu beantragen.	Fähigkeit zur Adoption	Adoptionseignung,Eignung zur Adoption	Adoptionseignung,Eignung zur Adoption	Adoptionseignung,Eignung zur Adoption
Ein solcher Einfluß wird vermutet, wenn in der ordentlichen Gesellschaftsversammlung mindestens ein Fünftel oder, wenn die Gesellschaft an der Börse notierte Aktien hat, ein Zehntel der Stimmrechte ausgeübt werden kann.	an der Börse notierte Aktie	börsennotierte Aktie	börsennotierte Aktie	
Das Eigentum wird durch Aneignung, durch Fund, durch Zuwachs, durch Verarbeitung, durch Vereinigung oder Vermischung, durch Ersitzung, auf Grund von Verträgen, durch Nachfolge von Todes wegen und durch die anderen vom Gesetz festgesetzten Arten erworben.	Fund		Eigentumserwerb des Finders	
Der wissentliche Befugnismissbrauch ist als Amtsmissbrauch nur strafbar, wenn er mit Schädigungsvorsatz geschieht; hinsichtlich der Schädigung genügt bedingter Vorsatz.	Amtsmissbrauch	Missbrauch der Amtsgewalt		Missbrauch der Amtsgewalt
Der Vorsatz verlangt das Bewußtsein der unbefugten Amtsanmaßung, ebenso den Willen, ein Amt auszuüben oder eine Handlung vorzunehmen, die nur kraft eines öffentlichen Amts vorgenommen werden darf.	Amtsanmaßung			Amtsanmassung
Der gutgläubige Besitzer, der auch in gutem Glauben eine Erbschaftssache veräußert hat, ist nur zur Herausgabe des erhaltenen Preises oder der erhaltenen Gegenleistung an den Erben verpflichtet.	gutgläubiger Besitzer	redlicher Besitzer	redlicher Besitzer	
Wird der Beschluß, mit dem die Unzuständigkeit erklärt oder der Anspruch abgewiesen wird, vor dem Beginn des Rechtsstreits in der Sache selbst erlassen, verfügt das Gericht damit endgültig über die Kosten des Sicherungsverfahrens.	Sicherungsverfahren		einstweiliges Rechtsschutzverfahren	
Im Falle der Zerstörung oder des Abhandenkommens der Personenstandsbücher kann die Ehe nach der Bestimmung des Artikels 452 bewiesen werden.	Vernichtung,Zerstörung			Zerstören
Ist das Fehlen, die gänzliche oder zum Teil erfolgte Vernichtung, die Verfälschung oder die Verbergung auf vorsätzliches Verhalten des Antragsstellers zurückzuführen, ist dieser nicht befugt, den Nachweis gemäß der Bestimmung des vorhergehenden Absatzes zu erbringen.	Vernichtung,Zerstörung			Zerstören
Das Stillschweigen des Versicherten gilt als Annahme des Antrags des Versicherers.	Stillschweigen	Schweigen	Schweigen	Schweigen
Eine Vereinbarung, nach der der Versicherer berechtigt ist, die Prämie nach Vertragsabschluß einseitig zu erhöhen oder den Versicherungsschutz einseitig zu ändern, etwa einen Selbstbehalt einzuführen, ist -  nur mit den sich  ergebenden Einschränkungen wirksam.	Selbstbehalt		Selbstbeteiligung	
Der Widerruf der falschen Erklärung muß nicht freiwillig erfolgen; es genügt auch ein Widerruf auf Andrängen, meist durch den Vernehmenden, mit Androhung von gerichtlicher Verfolgung.	Widerruf	Richtigstellung	Berichtigung einer falschen Angabe	
Die Führerscheine müssen dem einheitlichen EU-Führerscheinmuster entsprechen; sie werden in  Klassen eingeteilt und berechtigen zum Führen der in der jeweiligen Klasse angeführten Fahrzeuge .	Führerschein			Führerausweis
Hinsichtlich der Rechtsmittel wird die in Artikel 312 vorgesehene Maßnahme der vorbeugenden Verwahrungshaft gleichgesetzt. Die Vorschriften über die Wiedergutmachung wegen ungerechtfertigter Haft finden Anwendung .	Wiedergutmachung wegen ungerechtfertigter Haft	Entschädigung einer zu Unrecht erlittenen Haft,Haftentschädigung	Schadenersatz wegen rechtswidriger Haft	Haftentschädigung
Im Zweifel hat jedes Mitglied – einschließlich des Vorsitzenden – eine Stimme und ist ein Antrag nur beschlossen, wenn die Mehrzahl der anwesenden Stimmberechtigten (Abstimmungs- bzw. Konsensquorum) gültig für den Antrag gestimmt hat .	Konsensquorum	Abstimmungsquorum,Beschlussquorum		
Der Vollkaufmann hat Bücher zu führen und darin seine Handelsgeschäfte und die Lage seines Geschäftsvermögens nach den Grundsätzen ordnungsmäßiger Buchführung (GoB) ersichtlich zu machen	Bücher,Rechnungsunterlagen	Geschäftsbücher,Handelsbücher	Geschäftsbücher,Handelsbücher	Geschäftsbücher
Die Geschäftsführer haben die von Artikel 2214 vorgeschriebenen Bücher und sonstigen Rechnungsunterlagen zu führen.	Bücher,Rechnungsunterlagen	Geschäftsbücher,Handelsbücher	Geschäftsbücher,Handelsbücher	Geschäftsbücher
In der Praxis unterscheidet man zwischen einem äußeren (objektiven) und einem inneren (subjektiven) Tatbestand; dieser wird auch öfters die (innere) Tatseite oder (was freilich vielfach abgelehnt wird) Schuldform (Vorsatz oder Fahrlässigkeit) genannt.	subjektiver Tatbestand	subjektives Tatbestandselement		subjektives Tatbestandselement
Die Zivilklage wird im Strafverfahren durch die Einlassung der Zivilpartei auch mittels eines besonders Bevollmächtigten erhoben.	Einlassung der Zivilpartei	Anschluss als Privatbeteiligter	Adhäsionesverfahren	
In einigen Ländern Europas ist die Leiharbeit ein bewährtes Instrument zur Flexibilisierung des Arbeitsmarktes.	Leiharbeit		Zeitarbeit	
Der Leiharbeiter kostet  um ein Viertel bis ein Drittel mehr als der Mitarbeiter, den er im Betrieb ersetzt.	Leiharbeiter,Leihkraft	Leiharbeitnehmer,überlassene Arbeitskraft	Leiharbeitnehmer	Temporärarbeitnehmer
Vorzugsrechte, Pfand und Hypotheken der ursprünglichen Forderung erlöschen, wenn die Parteien nicht ausdrücklich vereinbaren, sie für die neue Forderung aufrechtzuerhalten.	Vorzugsrecht		Absonderung	
Die vereinfachte Buchführung umfaßt wenigstens die Verbuchung der Einnahmen und Ausgaben mit Belegen sowie die Aufstellung einer Jahresbilanz über den Stand der Aktiva und Passiva des Betriebes.	vereinfachte Buchführung	einfache Buchhaltung	einfache Buchführung	einfache Buchführung
Bundesbetriebe, die nach den Regeln der kaufmännischen doppelten Buchführung buchen, stellen einen Jahresabschluß sowie einen Lagebericht  auf.	doppelte Buchführung	Doppik,doppelte Buchhaltung		doppelte Buchhaltung
Die sich auf das Schiff, auf das Frachtgeld und auf die geladenen Sachen erstreckenden Vorzugsrechte und die sich auf das Luftfahrzeug, auf das Frachtgeld und auf die geladenen Sachen erstreckenden Vorzugsrechte werden vom Seegesetzbuch geregelt.	Frachtgeld	Fracht	Fracht	Frachtlohn
"Ab einer gewissen Betriebsgröße muss sich ein Einzelunternehmer in das Handelregister eintragen lassen. Er führt dann zwingend den Rechtsformzusatz ""eingetragener Kaufmann"", ""eingetragene Kauffrau"" oder eine der entsprechenden Abkürzungen ""e.K."", ""e.Kfr."" oder ""e.Kfm.""."	Einzelunternehmer	Einzelkaufmann	Einzelkaufmann	Einzelkaufmann
Der Grund für das Erlöschen einer strafbaren Handlung, die Tatbestandsmerkmal oder erschwerender Umstand einer zusammengesetzten strafbaren Handlung ist, erstreckt sich nicht auf die zusammengesetzte strafbare Handlung.	zusammengesetzte strafbare Handlung	zusammengesetztes Delikt	mehraktiges Delikt,zusammengesetztes Delikt	
Gegen das Konkurseröffnungsurteil kann vom Schuldner und von einem jeden, der ein Interesse daran hat, mit einem innerhalb von dreißig Tagen beim Oberlandesgericht zu hinterlegenden Rekurs Berufung erhoben werden.	Konkurseröffnungsurteil	Eröffnungsbeschluss,Konkurseröffnungsbeschluss	Eröffnungsbeschluss	
Steht die Wahlbefugnis dem Gläubiger zu und übt sie dieser nicht innerhalb der festgesetzten Frist oder der ihm vom Schuldner gesetzten Frist aus, so geht die Wahl auf den letzteren über.	Wahlbefugnis	Wahlrecht	Wahlrecht	Wahlrecht
Die Kollektivvertragsverhandlungen umfassen alle Bereiche des Arbeitsverhältnisses, mit Ausnahme jener, die dem Gesetz, den Rechtsnormen und den Verwaltungsmaßnahmen  vorbehalten sind.	Kollektivverhandlungen,Kollektivvertragsverhandlungen	Tarifverhandlungen	Tarifverhandlungen,Tarifvertragsverhandlungen	GAV-Verhandlungen,Gesamtarbeitsvertragsverhandlungen
Für die Kollektivverhandlungen auf Landesebene werden jene Gewerkschaftsorganisationen als repräsentativ erachtet, die, auch im Falle von gewerkschaftlichen Zusammenschlüssen, eine Anzahl von Eingeschriebenen von nicht weniger als fünf Prozent des gesamten Personals  aufweisen.	Kollektivverhandlungen,Kollektivvertragsverhandlungen	Tarifverhandlungen	Tarifverhandlungen,Tarifvertragsverhandlungen	GAV-Verhandlungen,Gesamtarbeitsvertragsverhandlungen
Überstundenarbeit ist gesetzlich erlaubt, wenn zwischen den Parteien ein Abkommen erzielt wird, und kann bis 2 Stunden täglich bzw. 12 Stunden wöchentlich gehen (d.h. über die gesetzliche Arbeitszeit von 8 Stunden täglich und 48 Stunden wöchentlich hinaus).	Überstundenarbeit		Überarbeit	Überzeit
Wenn eine Partei durch Tod oder aus einem anderen Grund ausfällt, wird das Verfahren vom Gesamtrechtsnachfolger oder gegen diesen fortgesetzt .	Gesamtrechtsnachfolger	Alleinerbe,Universalerbe,Universalsukzessor	Alleinerbe	Alleinerbe,Universalerbe
Folglich werden die Erbschaftsgläubiger und die Vermächtnisnehmer hinsichtlich des Erbschaftsvermögens den Gläubigern des Erben gegenüber bevorzugt.	Erbschaftsvermögen	Verlassenschaftsvermögen		
Gläubiger des Verstorbenen können die Absonderung auch hinsichtlich solcher Sachen vornehmen, die Gegenstand des Vermächtnisses einer bestimmten Sache sind.	Vermächtnis einer bestimmten Sache	Speziesvermächtnis,Stückvermächtnis	Stückvermächtnis,Vermächtnis eines bestimmten Gegenstandes	
Bei Arbeitsverhältnissen, die Hausarbeit, Telearbeit oder Smart Working vorsehen, muss der Arbeitgeber dem Arbeitnehmer die Achtung seiner Persönlichkeit und seiner moralischen Freiheit gewährleisten	Telearbeit		Fernarbeit,Home-Office,Homeoffice	Homeoffice-Arbeit
Die Steuerpflichtigen können die Einzahlungen auch bei jeglicher Bank ihres ausländischen Wohnsitzes mittels Überweisung in Lire  vornehmen.	Banküberweisung,Überweisung		Überweisungsvertrag	
Wenn ein unterhaltsberechtigtes Familienmitglied, das mit dem Bewerber im gemeinsamen Haushalt lebt, Versehrter oder Kriegs-, Arbeits- oder Zivilinvalide ist, werden, ebenfalls nach Maßgabe der Verminderung der Arbeitsfähigkeit oder der Kategorie der bezogenen Kriegspension, folgende Punkte zuerkannt .	unterhaltsberechtigtes Familienmitglied,zu Lasten lebender Familienangehöriger	im gemeinsamen Haushalt lebender unterhaltsberechtigter Angehöriger	unterhaltsberechtiger Familienangehöriger	
Die Gläubiger der Gesellschaft, die bei der Liquidation der Gesellschaft nicht befriedigt worden sind, können ihre Forderungen auch gegenüber den Kommanditisten begrenzt auf den Liquidationsanteil geltend machen.	Liquidation der Gesellschaft	Abwicklung	Abwicklung	
Schuldner und Gläubiger haben sich nach den Grundsätzen der Redlichkeit zu verhalten.	Redlichkeit			Fairness
Kann der Erfüllungsort weder aus der Verabredung noch aus der Natur oder dem Zwecke des Geschäftes bestimmt werden, so ist an dem Orte zu leisten, wo der Schuldner  seinen Wohnsitz hatte.	Erfüllungsort,Ort der Erfüllung	Leistungsort	Leistungsort,Schuldort	
Wenn jedoch nach den Gebräuchen oder wegen der Art der Leistung oder wegen der Art oder dem Ort der Erfüllung eine Frist notwendig ist, so wird diese in Ermangelung einer Einigung der Parteien vom Gericht festgesetzt.	Erfüllungsort,Ort der Erfüllung	Leistungsort	Leistungsort,Schuldort	
Hat der Verpflichtete die Erfüllungszeit seiner Willkür vorbehalten; so muß man entweder seinen Tod abwarten ; oder , die Erfüllungszeit von dem Richter nach Billigkeit festsetzen lassen.	Erfüllungszeit	Leistungszeit	Leistungszeit	Leistungszeit,Zeit der Erfüllung
Die den Fruchtgenuss betreffenden Bestimmungen finden, soweit sie vereinbar sind, auf den Gebrauch und auf das Wohnungsrecht Anwendung.	Wohnrecht,Wohnungsrecht	Dienstbarkeit der Wohnung,Recht der Wohnung,Servitut der Wohnung,habitatio		
Lastet auf einer Eigentumswohnung eines Mitgliedes der Familiengemeinschaft ein Wohnrecht, das nicht ausgeübt wird, wird die Wohnung als für die Familiengemeinschaft verfügbar berücksichtigt.	Wohnrecht,Wohnungsrecht	Dienstbarkeit der Wohnung,Recht der Wohnung,Servitut der Wohnung,habitatio		
Die Organisation zur Förderung des Gemeinwesens ist ein privatrechtlicher Zusammenschluss von Personen, welcher als anerkannter oder nicht anerkannter Verein oder sonstige Gruppierung durch schriftliche Urkunde gegründet wird .	anerkannter Verein		e. V.,eingetragener Verein,rechtsfähiger Verein	
Vorschriften über den Schutz der Freiheit und Würde der Arbeitnehmer, der Gewerkschaftsfreiheit und der gewerkschaftlichen Tätigkeit am Arbeitsplatz und Vorschriften über die Arbeitsvermittlung.	Gewerkschaftsfreiheit		Koalitionsfreiheit	Koalitionsfreiheit
Sowohl bei formpflichtigen Rechstgeschäfte  als auch bei formfreien Rechtsgeschäften  müssen die beteiligten Rechtssubjekte ihren Willen klar, deutlich und verständlich in irgendeiner geeigneten Art und Weise nach außen kundtun.	formpflichtiges Rechtsgeschäft	formbedürftiges Geschäft,formbedürftiges Rechtsgeschäft	formbedürftiges Geschäft,formbedürftiges Rechtsgeschäft	
Sowohl bei formpflichtigen Rechstgeschäfte  als auch bei formfreien Rechtsgeschäften  müssen die beteiligten Rechtssubjekte ihren Willen klar, deutlich und verständlich in irgendeiner geeigneten Art und Weise nach außen kundtun.	formfreies Rechtsgeschäft		formloses Rechtsgeschäft	
Der Vertrag ist die Einigung von zwei oder mehreren Parteien, um untereinander ein vermögensrechtliches  Rechtsverhältnis zu begründen, zu regeln oder aufzuheben.	Rechtsverhältnis	rechtliches Verhältnis		
Die Zahlung hat an den Gläubiger oder an seinen Vertreter oder an die vom Gläubiger bezeichnete oder gesetzlich oder gerichtlich zum Empfang ermächtigte Person zu erfolgen.	Stellvertreter,Vertreter	Gewalthaber,Machthaber		
Stellvertretung ist ausgeschlossen bei höchstpersönlichen Rechtsgeschäften. Das gilt vor allem für die Eheschließung , die Begründung der Lebenspartnerschaft , die Testamentserrichtung , den Erbvertrag .	höchstpersönliches Rechtsgeschäft			absolut höchstpersönliches Rechtsgeschäft
Die Nichtigkeit oder die Nichtigerklärung des Arbeitsvertrages hat keine Wirkung für die Zeit, während der das Arbeitsverhältnis zur Ausführung gelangt ist, es sei denn, daß die Nichtigkeit auf der Unerlaubtheit des Gegenstandes oder des Rechtsgrundes beruht.	Unerlaubtheit	Rechtswidrigkeit	Rechtswidrigkeit,Widerrechtlichkeit	Widerrechtlichkeit
Bei der Verschmelzung durch Aufnahme kann jedoch ein späterer Tag festgesetzt werden.	Verschmelzung durch Aufnahme		Fusion durch Aufnahme,Verschmelzung im Wege der Aufnahme	Absorptionsfusion,Fusion in der Form von Absorption,Fusion in der Form von Annexion
Wer als Vertreter ohne Vertretungsmacht oder in Überschreitung der Grenzen der ihm erteilten Befugnisse einen Vertrag abgeschlossen hat, ist für den Schaden verantwortlich, den der vertragsschließende Dritte erlitten hat, weil er schuldlos auf die Gültigkeit des Vertrags vertraut hat.	Vertreter ohne Vertretungsmacht	Scheinvertreter,falsus procurator	falsus procurator	falsus procurator
Die übernehmende Gesellschaft darf keine Aktien oder Anteile im Austausch für Aktien oder Anteile der übertragenden Gesellschaften zuteilen, die den übertragenden Gesellschaften oder der übernehmenden Gesellschaft unmittelbar oder über Treuhandgesellschaften oder über eine vorgeschobene Person gehören.	übernehmende Gesellschaft		Übernehmerin,übernehmender Rechtsträger	
Typ und Materialien der Bodenbeläge auf den Flächen, welche mit öffentlichem Wegerecht belegt sind, müssen vorher mit den zuständigen Gemeindeämtern vereinbart werden.	Durchfahrtsrecht,Durchgangsrecht,Wegerecht	Wegedienstbarkeit,Wegeservitut		Wegrecht
Die aus der Verschmelzung hervorgehende Gesellschaft darf keine Aktien oder Anteile im Austausch für Aktien oder Anteile der an der Verschmelzung beteiligten Gesellschaften zuteilen .	aus der Verschmelzung hervorgehende Gesellschaft	neue Gesellschaft	neuer Rechtsträger	neue Gesellschaft
Der Rechtserwerb kann  von einem Rechtsvorgänger abgeleitet sein abgeleiteter, derivativer Rechtserwerb ... oder unabhängig hiervon kraft eines besonderen Erwerbsgrundes stattfinden ursprünglicher, originärer Rechtserwerb....	Rechtserwerb		Erwerb eines Rechts	
Die Umwandlung einer Gesellschaft befreit die unbeschränkt haftenden Gesellschafter nicht von ihrer Haftung für die vor der Eintragung des Umwandlungsbeschlusses in das Handelsregister entstandenen Verbindlichkeiten .	Beschluss zur Umwandlung,Umwandlungsbeschluss		Umwandlungsbeschluss für den Formwechsel	
Auf Beschlüsse, die die Haftung der Gesellschafter gegenüber Dritten einschränken, finden die Bestimmungen des Artikels 2499 Anwendung.	Haftung der Gesellschafter	Gesellschafterhaftung	Gesellschafterhaftung	
Der ursprüngliche Effektivsatz jeder Forderung bleibt zeitlich unverändert, auch wenn eine Umstrukturierung des Verhältnisses zu einer Veränderung des Vertragssatzes geführt hat und das Verhältnis in der Praxis keine Vertragszinsen mehr abwirft.	Vertragszinsen	bedungene Zinsen,rechtsgeschäftliche Zinsen,vertragliche Zinsen	vertraglich vereinbarte Zinsen,vertragliche Zinsen	vertragliche Zinsen,vertragsmässige Zinsen
Für die Überweisung des behaupteten Betrages von US-Dollar 36.000,-- habe die Beschwerdeführerin nur einen Überweisungsbeleg über US-Dollar 2.000,-- und eine Zahlungsanweisung der Bank von Amerika über US-Dollar 500,--vorlegen können.	Zahlungsanweisung	Anweisung zur Zahlung		
Die zur Gesamtvertretung berechtigten Gesellschafter können einzelne von ihnen zur Vornahme bestimmter Geschäfte  ermächtigen.	Gesamtvertretung	Kollektivvertretung		Kollektivvertretung
Die einheitliche Leitung und Verwaltung eines Konzerns wird häufig von einer Holding wahrgenommen.	Holding	Holdinggesellschaft	Beteiligungsgesellschaft,Holdinggesellschaft	Holdinggesellschaft
Der Bevölkerung obengenannter Gebiete Provinz Bozen und benachbarte zweisprachige Gemeinden der Provinz Trient wird die Ausübung einer autonomen Gesetzgebungs- und Vollzugsgewalt für den Bereich ihrer Gebiete zuerkannt.	Exekutive,Vollzugsgewalt		vollziehende Gewalt	vollziehende Gewalt
Die Schuldübernahme kann auf einem Vertrag zwischen Alt- und Neuschuldner beruhen (§ 1405). Dazu bedarf es dann noch der Einwilligung des Gläubigers, weil die Zahlungsfähigkeit und Zahlungswilligkeit des Schuldners die Qualität der Forderung wesentlich mitbestimmen .	Zahlungsfähigkeit	Solvenz	Solvenz	Solvenz
Die Gesellschaft kann Schuldverschreibungen auf den Inhaber oder auf den Namen über einen Betrag ausgeben, der das nach der letzten genehmigten Bilanz eingezahlte und vorhandene Kapital nicht übersteigen darf.	Obligation,Schuldverschreibung		Anleihe,Bond,Teilschuldverschreibung	
Schuldverschreibung ist die deutsche Bezeichnung für Obligation im Sinne einer in einem Wertpapier verbrieften Schuldverpflichtung, die eine verzinsliche Geldleistung zum Inhalt hat.	Obligation,Schuldverschreibung		Anleihe,Bond,Teilschuldverschreibung	
Jene, die noch nicht eingelöste Aktien übertragen haben, haften für einen Zeitraum von drei Jahren ab der Übertragung als Gesamtschuldner mit den Erwerbenden für den Betrag der noch nicht geschuldeten Einzahlungen.	noch nicht eingelöste Aktie	nicht voll eingezahlte Aktie	nicht voll bezahlte Aktie,nicht voll einbezahlte Aktie,nicht voll eingezahlte Aktie,teileingezahlte Aktie	nicht voll eingezahlte Aktie,nicht voll liberierte Aktie
Der Großaktionär will das Unternehmen beherrschen, in ihm eine unternehmerische Betätigungsmöglichkeit für sich selbst oder nahestehende Personen finden .	Großaktionär	Mehrheitsaktionär	Mehrheitsaktionär	Mehrheitsaktionär
Die Erfordernisse eines Vertrages sind: 1) die Einigung der Parteien ; 2) der Rechtsgrund ; 3) der Gegenstand ; 4) die Form .	Einigung der Parteien	Einigkeit der Parteien	Konsens,Willenseinigung	Konsens,Willenseinigung
Häufig wird zwischen die Muttergesellschaft im Stammland und den Unternehmenseinheiten in den Gastländern eine Holding- oder Basisgesellschaft eingezogen, welche die Funktion der Beteiligungsverwaltung einnimmt (Finanzholding).	Finanzholding		vermögensverwaltende Holding	
Bei Formpflicht ad probationem in eine Rechtsgeschäft auch bei Missachtung der Form wirksam. Allerdingd kann das Zustandekommen des Rechtsgeschäft ldiglich mithilfe der jeweils vorgegebenen Form bewiesen werden.	Formpflicht ad probationem		Schriftform zu Beweiszwecken	
Die Bedeutung der Bedingung liegt für die Parteien darin, daß sie die Rechtsverhältnisse den Eventualitäten anpassen können, deren Eintritt oder Nichteintritt im Zeitpunkt des Abschlußes des Rechtsgeschäftes noch nicht übersehbar ist.	Bedingung	eigentliche Bedingung		condicio,conditio
Zudem ist die kausalbedingung von der Potestativbedingung zu unterscheiden.	Kausalbedingung	Zufallsbedingung	kasuelle Bedingung	kasuelle Bedingung,zufällige Bedingung
Die Arglist ist Grund für die Nichtigerklärung des Vertrages , wenn die von einem der Vertragsteile vorgenommenen Täuschungshandlungen derart sind, daß die andere Partei ohne diese den Vertrag nicht abgeschlossen hätte .	Arglist	List	arglistige Täuschung	
Die Voraussetzungen müssen zum Endtermin für die Einreichung des Gesuches um Zulassung zum Praktikum gegeben sein.	Endtermin,letzter Tag	Fristende	Fristende	
Das Gesellschaftskapital kann durch Beschluss der Gesellschafterversammlung mittels Bar- oder Sacheinlagen erhöht werden.	Bar- oder Sacheinlagen	Bar- und Sacheinlagen	Beiträge der Gesellschafter	
Die  Vorschriften über den Mindestnennbetrag der Aktien gelten auch für Anteilscheine, die den Aktionären vor der Ausgabe der Aktien erteilt werden (Zwischenscheine).	Anteilschein	Anteilsschein	Anteilsschein	
Die Nichtigkeit ist in der Regel unheilbar. Das Geschäft wird nicht von selbst wirksam, wenn der Nichtigkeitsgrund später wegfällt.	Nichtigkeit	absolute Nichtigkeit		
Die Rechtswirksamkeit oder die Vollziehbarkeit der Verwaltungsmaßnahme kann aus schwerwiegenden Gründen für die unbedingt erforderliche Zeit vom Organ, das die Maßnahme erlassen hat, oder von einem anderen vom Gesetz vorgesehenen Organ ausgesetzt werden.	Maßnahme,Verwaltungsbescheid,Verwaltungsmaßnahme	Bescheid	Verwaltungsakt	Verfügung,Verwaltungsverfügung
Der Direktor der zuständigen Abteilung  verfügt die Archivierung des Verfahrens, sobald die abschließende Maßnahme mitgeteilt oder durchgeführt ist .	abschließende Maßnahme,abschließende Verwaltungsmaßnahme,abschließender Verwaltungsakt,endgültige Maßnahme			Endverfügung
Der Gesellschaft bleibt es unbenommen, für Beiträge der Gesellschafter oder Dritter einschließlich solcher aus Arbeits- und Dienstleistungen Finanzinstrumente auszugeben, die mit Vermögensrechten oder auch mit Verwaltungsrechten mit Ausnahme des Stimmrechts in der Generalversammlung der Aktionäre ausgestattet sind.	Verwaltungsrechte	Herrschaftsrechte	Rechte auf Mitverwaltung,Rechte personenrechtlichen Inhalts	nicht vermögensmäßige Rechte
Der gesetzliche Zinssatz wird mit jährlich fünf Prozent festgesetzt.	gesetzlicher Zinssatz	gesetzlicher Zinsfuß		
Die Republik Österreich ist als Trägerin von Rechten und Pflichten im Rahmen der Privatwirtschaftsverwaltung ein einheitliches Rechtssubjekt ohne Rücksicht auf die Aufgliederung in einzelne Ressorte oder Ämter.	Rechtssubjekt,Rechtsträger	Subjekt		
Die Unterlassung oder die Mangelhaftigkeit einer vorgeschriebenen Mitteilung kann nur von einem Rechtsträger beanstandet werden, in dessen unmittelbarem Interesse die Mitteilung vorgesehen ist.	Rechtssubjekt,Rechtsträger	Subjekt		
Sofern eine Straße mit öffentlichem Verkehr im Sinne des § 1 Abs 1 StVO Straßenverkehrsordnung vorliegt, besitzt der Grundeigentümer und Straßenerhalter keinen privatrechtlich durchsetzbaren Anspruch, gegen Verstöße von Verkehrsteilnehmern gegen Vorschriften der Straßenverkehrsordnung einzuschreiten.	StVO,Straßenverkehrsordnung		Straßenverkehrs-Ordnung	SVG,Strassenverkehrsgesetz
Das Gericht kann mit Zustimmung des Täters an Stelle der ausgesprochenen Busse gemeinnützige Arbeit bis zu 360 Stunden anordnen.	gemeinnützige Arbeit	gemeinnützige Leistung	gemeinnützige Leistung	
Die Landesregierung entscheidet darüber innerhalb von 30 Tagen, nötigenfalls mit der Annullierung der Konzession und mit dem unmittelbaren Erlaß der in Artikel 89 erwähnten Verfügungen.	Annullierung,Aufhebung		Rücknahme mit Rückwirkung,ex-tunc-Rücknahme	
Das Privateigentum wird durch Gesetz anerkannt und gewährleistet, welches die Arten seines Erwerbs, seines Genusses und die Grenzen zu dem Zwecke regelt, seine sozialen Aufgaben sicherzustellen und es allen zugänglich zu machen.	Grenzen	Beschränkungen,Eigentumsbeschränkungen	Beschränkungen,Eigentumsbeschränkungen,Schranken	Beschränkungen
Steht dem Erblasser die Forderung gegen den Legatar selbst zu, bedeutet das Vermächtnis Befreiung des Legatars von der Schuld (Befreiungsvermächtnis).	Befreiungsvermächtnis,Vermächtnis der Befreiung von einer Schuld			Liberationsvermächtnis
Mit der Volljährigkeit wird die Fähigkeit erworben, alle Rechtshandlungen vorzunehmen, für die nicht ein anderes Alter vorgeschrieben ist.	Volljährigkeit			Mündigkeit
Der vom Vertreter im Namen und im Interesse des Vertretenen abgeschlossene Vertrag wirkt innerhalb der Grenzen der ihm erteilten Befugnisse unmittelbar gegenüber dem Vertretenen.	Vertretener	Gewaltgeber,Machtgeber	Vollmachtgeber	
Der Vorsitzende erteilt sofort nach seinem Amtsantritt einem der Mitglieder des Vorstandes die Generalvollmacht, ihn bei Abwesenheit oder Verhinderung zu vertreten.	Generalvollmacht	allgemeine Vollmacht		
Wird die Konzession für nichtig erklärt und ist es nicht möglich, die Verfahrensfehler zu beheben oder den ursprünglichen Zustand wiederherzustellen, so hat der Bürgermeister eine Geldbuße  zu verhängen .	Verfahrensfehler	Verfahrensmangel		
Der mit den Einzahlungen säumige Gesellschafter kann das Stimmrecht nicht ausüben.	Stimmrecht		Aktienstimmrecht	
Gratisaktien (Freiaktien) werden den Aktionären ohne Einlagenleistung aufgrund der Umwandlung offener Rücklagen in Grundkapital zugeteilt .	Gratisaktie	Freiaktie,Zusatzaktie	Aufstockungsaktie,Berichtigungsaktie,Bonusaktie,Freiaktie,Wertberichtigungsaktie	
Der Tag der Trauung, kirchlich oder standesamtlich, muss im beantragten Zeitraum für bezahlten Sonderurlaub enthalten sein.	Eheschließung,Heirat,Trauung			Eheschliessung
In folgenden Fällen haben die Bediensteten Anspruch auf bezahlten Sonderurlaub, wobei der jeweilige Grund belegt werden muß: a) bei Heirat: fünfzehn aufeinanderfolgende Tage, in denen der Hochzeitstag enthalten ist, .	Eheschließung,Heirat,Trauung			Eheschliessung
Mit der Eheschließung erwerben Ehemann und Ehefrau die gleichen Rechte und übernehmen die gleichen Pflichten.	Eheschließung,Heirat,Trauung			Eheschliessung
Der Schuldner, der einen Geldbetrag oder eine andere vertretbare Sache als Darlehen aufnimmt, um eine Schuld zu bezahlen, kann den Darlehensgeber auch ohne Zustimmung des Gläubigers in dessen Rechte einsetzen.	vertretbare Sache,vertretbares Gut	nicht unterscheidbare Sachen		
Besteht die Leistung in einer Handlung, so wird der Gläubiger durch die Aufforderung, die Leistung entgegenzunehmen oder jene Handlungen vorzunehmen, die seiner Seite zur Ermöglichung der Leistung erforderlich sind, in Verzug gesetzt.	Handlung	Tun	Tun	Tun
Eine Gesamtschuld liegt vor, wenn mehrere Schuldner alle in der Weise zu ein und derselben Leistung verpflichtet sind, daß ein jeder zur Erfüllung des Ganzen gezwungen werden kann .	Gesamtschuld		gemeinschaftliche Schuld	
Der Umstand, daß die einzelnen Schuldner jeweils unter anderen Bedingungen verpflichtet sind  oder daß der gemeinsame Schuldner den einzelnen Gläubigern gegenüber zu jeweils anderen Bedingungen verpflichtet ist, schließt ein Gesamtschuldverhältnis nicht aus.	Gesamtschuld,Gesamtschuldverhältnis	Solidarität		Solidarität
Zu den rechtlich geschützten Gütern gehört nicht nur, was man bereits von Rechts wegen hat, sondern  auch schon das, was einem rechtlich bindend versprochen worden ist. Im Vordergrund der vertraglichen Haftung steht daher im deutschen Recht der Erfüllungsanspruch.	vertragliche Haftung	Vertragshaftung	Haftung aus Vertrag,Vertragshaftung	
Für das Konkursverfahren ist der Gerichtshof erster Instanz (Konkursgericht) zuständig, in dessen Sprengel der Gemeinschuldner sein Unternehmen betreibt oder mangels eines solchen seinen gewöhnlichen Aufenthalt hat.	Konkursgericht		Insolvenzgericht	
Die Verkäuferin verpflichtet sich, beim Abschluss des notariellen Kaufvertrages auf eigene Spesen eine Löschungsquittung zur Einverleibung der Löschung der Hypothek auf den vertragsgegenständlichen materiellen Anteil mit der Bank abzuschließen.	Löschungsquittung		löschungsfähige Quittung	Saldoquittung
Eine Funktion in der Verwaltung ist öffentlich, wenn sie durch Vorschriften des öffentlichen Rechts oder durch behördliche Entscheidung geregelt und durch die Willensbildung und Willensäußerung der öffentlichen Verwaltung oder durch ihre Ausübung mittels behördlicher oder beurkundender Befugnisse gekennzeichnet ist.	Willenserklärung,Willensäußerung			Willensäusserung
Der eingeforderte Betrag muß mindestens ein Viertel des Nennbetrages und bei einer Überpari-Emission auch den Mehrbetrag (das Aufgeld) umfassen.	Aufgeld		Agio	Agio
Ein gültiger Vertrag liegt nicht vor, wenn sich die Parteien über wesentliche Vertragsbestandteile  nicht geeinigt haben .	Erfordernisse des Vertrages,wesentliche Vertragsbestandteile	essentialia negotii,wesentliche Punkte	Essentialien,essentialia negotii,wesentliche Punkte,wesentliche Vertragspunkte	essentialia negotii,wesentliche Punkte
Folglich kann auch die verspätete Annahme keinen Vertrag zustande bringen; sie gilt lediglich nach 150 I BGB als neuer Antrag (diesmal als Antrag des anderen Teils).	neuer Antrag	neues Angebot	neues Angebot	
Der Vorkauf hat nach §§ 504, 505 BGB drei Voraussetzungen: ein vertragliches oder gesetzliches Vorkaufsrecht, einen Drittkauf als Vorkaufsfall und die Ausübung des Vorkaufsrechts.	vertragliches Vorkaufsrecht,vertragliches Vormietrecht,vertragliches Vorzugsrecht	vertraglich vereinbartes Vorkaufsrecht		rechtsgeschäftliches Vorkaufsrecht
Der Leasinggeber ist der direkte Begünstigte der EU-Mitfinanzierung, die dazu eingesetzt wird, die vom Benutzer für das Gut, das Gegenstand des Leasingvertrages ist, zu gezahlten Mitzins herabzusetzen.	Leasinggeber	Verleaser		Verleaser
Die Firma der Gesellschaft hat, wie immer sie lautet, die Bezeichnung Genossenschaft mit unbeschränkter Haftung oder Genossenschaft mit beschränkter Haftung zu enthalten.	Genossenschaft		eG,eingetragene Genossenschaft	
Die Ehegatten haben die im vorhergehenden Artikel vorgesehene Verpflichtung entsprechend dem jeweiligen Vermögen und ihren Fähigkeiten zur Berufsausübung oder Haushaltsführung zu erfüllen.	Schuldverhältnis,Verbindlichkeit,Verpflichtung	Obligation		Obligation
Für Verbindlichkeiten, die durch die den Verein vertretenden Personen eingegangen worden sind, können sich Dritte wegen ihrer Ansprüche an das gemeinschaftliche Vermögen halten.	Schuldverhältnis,Verbindlichkeit,Verpflichtung	Obligation		Obligation
Geldschulden werden mit Geld in der zur Zeit der Zahlung im Inland geltenden Währung und zu seinem Nennwert getilgt.	Nennwert	Nominalwert	Nominalwert	Nominalwert
Gegen das Dekret, das den Schuldenstand für vollstreckbar erklärt, kann Widerspruch, Bestreitung der zugelassenen Forderungen oder Wiederaufnahme eingelegt werden.	zugelassene Forderung	festgestellte Konkursforderung	festgestellte Insolvenzforderung	
Die sich aus der Abweichung allenfalls ergebenden Gewinne sind in eine Rücklage einzustellen, die nur im Ausmaß des erlangten Gegenwerts verteilt werden darf.	Rücklage			Reserve
Zur Bestimmung der gemeinsamen Absicht der Parteien ist ihr gesamtes Verhalten auch nach Vertragsabschluß zu bewerten.	gemeinsame Absicht der Parteien	Parteienwille,Parteiwille,übereinstimmender wahrer Wille	gemeinsamer Parteiwille,übereinstimmender Wille der Parteien	Wille des Erklärenden
Das vertraglich festgesetzte Veräußerungsverbot wirkt nur zwischen den Parteien und ist nur gültig, wenn es in angemessenen zeitlichen Grenzen gehalten wird  und wenn es einem nennenswerten Interesse, einer der Parteien entspricht .	vertraglich festgesetztes Veräußerungsverbot	vertragsmäßiges Veräußerungsverbot	rechtsgeschäftliches Verfügungsverbot,rechtsgeschäftliches Veräußerungsverbot	
Zur Anwendung der Ziffern 1) und 2) des ersten Absatzes werden auch die Stimmrechte gezählt, die abhängigen Gesellschaften, Treuhandgesellschaften oder einer vorgeschobenen Person zustehen; Rechte, die für Dritte zustehen, werden nicht gezählt.	vorgeschobene Person	Strohmann	Strohmann	Strohmann
Das Geständnis kann nur dann widerrufen werden, wenn bewiesen wird, daß es durch einen Irrtum über den Tatumstand oder durch Zwang bestimmt war.	Irrtum über den Tatumstand	Tatsachenirrtum	Tatsachenirrtum	Tatsachenirrtum
Das Land Südtirol ergreift beschäftigungspolitische Maßnahmen, um in Zusammenarbeit mit den Sozialpartnern einen Beitrag zur Verwirklichung des Rechts auf Arbeit und auf beruflichen Aufstieg zu leisten .	Sozialpartner,Tarifpartner		Tarifpartei,Tarifvertragspartei	
Die Zusammensetzung der Delegation des Institutes und der repräsentativsten Gewerkschaftsorganisationen wird einvernehmlich zwischen den Tarifpartnern gemäß Artikel 6 Absatz 2 des Landesgesetzes vom 13. März 1990, Nr. 6 festgelegt.	Sozialpartner,Tarifpartner		Tarifpartei,Tarifvertragspartei	
Vorsatz und Fahrlässigkeit sind  die beiden Formen der Schuld.	Schuld,Verschulden		Vertretenmüssen	
Beruht die Nichterfüllung oder die Verspätung nicht auf Vorsatz des Schuldners, so wird der Ersatz auf den Schaden beschränkt, der im Zeitpunkt der Entstehung der Verbindlichkeit  vorausgesehen werden konnte.	Vorsatz	böse Absicht		
Die informierte Einwilligung wird auf die Art und Weise und mit den Mitteln, die je nach Zustand des Patienten am besten geeignet sind, eingeholt und schriftlich oder durch Videoaufzeichnungen oder durch Kommunikationshilfen für Menschen mit Behinderung dokumentiert.	Einwilligung nach Aufklärung,informierte Einwilligung	informierte Zustimmung	informierte Zustimmung	
Der Zusammenhang wirkt  nicht zwischen Verfahren gegen einen Angeklagten wegen strafbarer Handlungen, die er einerseits als Minderjähriger und andererseits als Volljähriger begangen hat.	Volljähriger			Mündiger
Sehr schwere Körperverletzung liegt vor und Gefängnisstrafe von sechs bis zu zwölf Jahren wird verhängt, wenn die Tat zur Folge hat:  den Verlust des Gebrauchs eines Organs oder der Fortpflanzungsfähigkeit .	Fortpflanzungsfähigkeit		Zeugungsfähigkeit	
Aus der Ehe entspringt die gegenseitige Pflicht zur Treue, zum geistigen und materiellen Beistand, zur Mitarbeit im Interesse der Familie und zum Zusammenleben.	Pflicht zur Treue	Treuepflicht	Pflicht zur ehelichen Treue	Treuepflicht
Die Vergütung für Regulierungsapparate kann zweimal gewährt werden, wenn die minderjährige Person die Feststellung der Behinderung und Schweregrades  besitzt.	Minderjähriger,minderjährige Person			Unmündiger
Ein Vertrag kann nicht für nichtig erklärt werden, wenn ein Minderjähriger mit Täuschungshandlungen seine Minderjährigkeit verheimlicht hat .	Minderjähriger,minderjährige Person			Unmündiger
Der Schuldner verliert sein Recht auf Ratenzahlung, wenn er es unterlässt, fünf auch nicht aufeinanderfolgende Raten zu zahlen.	Rate	Teilzahlung	Teilzahlung	Teilzahlung
Die Eintragung in die zusätzliche Wählerliste gilt von dem Tag an, an dem der Staatsbürger nach den geltenden Gesetzen in das Personenstandsregister der ansässigen Bevölkerung der Zuwanderungsgemeinde im Gebiet der genannten Region eingetragen wird.	Personenstandsregister	Personenstandsbuch	Personenstandsbuch	Zivilstandsregister
Der Schenker kann den Heimfall der geschenkten Sachen sowohl für den Fall des früheren Versterbens des Beschenkten allein wie auch für den Fall des früheren Versterbens des Beschenkten und seiner Nachkommen vereinbaren.	Heimfall		Rückfall	Rückfall
Bei der Führung von Verhandlungen und bei der Errichtung des Vertrages haben sich die Parteien nach Treu und Glauben zu verhalten.	Verhandlungen	Vertragsverhandlungen,Vorverhandlungen	Vertragsverhandlungen	
Leasinggeber ist entweder eine Leasinggesellschaft (indirektes Leasing) oder der Hersteller/Produzent des Wirtschaftsgutes (direktes Leasing). Hauptpflicht des Leasinggebers ist es, dem Leasingnehmer das Leasingobjekt auf bestimmte Zeit zum Gebrauch zur Verfügung zu stellen.	direktes Leasing	Hersteller-Leasing,Händler-Leasing,Händlerleasing,Produzentenleasing,unmittelbares Leasing	Hersteller-Leasing,Herstellermiete,Produzentenleasing,direktes Finanzierungsleasing,sale and lease back mit Untervermietung	Hersteller-Leasing,Herstellerleasing
Leasingobjekte im Bereich des Kommunalleasing sind u.a. Verwaltungsgebäude, Parkhäuser oder auch Kraftwerke.	Kommunalleasing	Kommunal-Leasing		
Die Kreditgeberin muss der Informationsstelle den von ihr gewährten Konsumkredit melden.	Konsumkredit,Verbraucherkredit		Konsumentenkredit	
Das Landesinstitut für Statistik (Astat) hat festgestellt, dass der jährliche effektive Globalzinssatz (TAEG) für ein Hypothekardarlehen sowohl mit variablem als auch mit fixem Zinssatz 7,3% erreicht.	TAEG,jährlicher effektiver Globalzinssatz	effektiver Jahreszinsatz	effektiver Jahreszins	effektiver Jahreszins
Für die Bildung des Beratenden Ausschusses gemäß Artikel 18 des Vertrags haben die Regierungen der Kommission, sobald diese ihre Tätigkeit aufgenommen hat, alle Auskünfte über die Verhältnisse der Erzeuger-, Arbeitnehmer- und Verbraucherorganisationen mitzuteilen .	Konsumentenschutzverein,Verbraucherorganisation,Verbraucherverband			Konsumentenschutzorganisation
Wird der gleiche wirtschaftliche Zweck dadurch verfolgt, daß ein Dritter die Mittel für das Entgelt zur Verfügung stellt (Geldgeber), , so gilt der § 17 auch für das Verhältnis des Verbrauchers zum Geldgeber, .	Geldgeber		Kreditgeber	Kreditgeber,Kreditgeberin
Erst nach Ausübung der Kaufoption wird das Anlagegut zur Ablösesumme (meistens geringer als der Marktwert) inklusive Nebenspesen aktiviert und führt in den Folgejahren zu Abschreibungen.	Ausübung der Kaufoption		Ausübung der Option	
Während das Zivilrecht durch die Privatautonomie geprägt und damit geradezu auf den Vertrag als Gestaltungsmittel ausgerichtet ist, wird das Verwaltungsrecht durch den Grundsatz der Gesetzmäßigkeit beherrscht.	Grundsatz der Gesetzmäßigkeit	Legalitätsgrundsatz,Legalitätsprinzip	Legalitätsprinzip	Gesetzmässigkeitsprinzip,Grundsatz der Gesetzmässigkeit,Legalitätsprinzip,Prinzip der Gesetzmässigkeit
Aufgabe der drei Pädagogischen Landesforschungs-, Versuchs- und Fortbildungsinstituten ist es  die wichtigsten Initiativen in den Bereichen der Forschung, der Schulversuche und der Fortbildung durch geeignete Veröffentlichungen bekanntzugeben.	Fortbildung,Weiterbildung,berufliche Fortbildung,berufliche Weiterbildung	Berufsfortbildung,dienstliche Weiterbildung	Berufsfortbildung,dienstliche Fortbildung	
Um den Bürgern den Zutritt zum Arbeitsmarkt zu erleichtern, kann das Land jede Maßnahme ergreifen, die geeignet ist  die berufliche Weiterbildung und die Umschulung der Arbeitnehmer zu unterstützen .	Fortbildung,Weiterbildung,berufliche Fortbildung,berufliche Weiterbildung	Berufsfortbildung,dienstliche Weiterbildung	Berufsfortbildung,dienstliche Fortbildung	
Wer auf Friedhöfen oder anderen Begräbnisstätten eine Beschimpfung von Gräbern, Beisetzungsstätten, Urnen oder Sachen begeht, die dem Gedenken der Verstorbenen oder dem Schutz der Ausschmückung der Friedhöfe dienen, wird mit Gefängnisstrafe von sechs Monaten bis zu drei Jahren bestraft.	Beschimpfung von Gräbern	Verunehrung einer Beisetzungs-, Aufbahrungs- oder Totengedenkstätte		
Gefördert werden können die Herstellung von beweglichen und unbeweglichen Investitionsgütern in Form von Eigenleistungen, der Besitzerwerb durch Leasing sowie Maßnahmen zur Sicherung der Nahversorgung.	Leasing,Leasingvertrag		Leasinggeschäft	
Das Eigentum ist öffentlich oder privat. Die wirtschaftlichen Güter gehören dem Staat, Körperschaften oder Einzelpersonen.	wirtschaftliches Gut	Wirtschaftsgut	Wirtschaftsgut,ökonomisches Gut	
CH Ktxt: Am 28. Mai 1999 wurde der der „Zürich“ Versicherungs-Gesellschaft zugesprochene 364-Tage-Revolving-Kredit über USD 1 Mrd. durch einen neuen syndizierten Revolving-Kredit in Höhe von USD 1,5 Mrd. und einer Laufzeit von 5 Jahren ersetzt.	Revolving-Kredit,Revolvingkredit	revolvierender Kontokorrentkredit	revolvierender Kredit	revolvierender Kredit
Die Ausschlagung der Erbschaft hat mit einer Erklärung zu erfolgen .	Ausschlagung der Erbschaft	Erbausschlagung,Erbsentschlagung,negative Erbserklärung		
Der Arbeitnehmer hat außer der wöchentlichen Arbeitsruhe gemäß den Gebräuchen nach einem Jahr ununterbrochenen Dienstes Anspruch auf einen bezahlten Urlaub, der nicht weniger als acht Tage betragen darf.	wöchentliche Arbeitsruhe,wöchentlicher Ruhetag	Sonntagsruhe,wöchentliche Ruhezeit	Sonntagsruhe,wöchentliche Ruhezeit	
Umfaßt eine Erweiterungszone Grundstücke, die Eigentum der Gemeinde oder einer anderen öffentlichen Körperschaft oder von Wohnbaugenossenschaften sind, die ihrerseits über ein begünstigtes Darlehen verfügen, so ist die entsprechende Baumasse zur Gänze dem geförderten Wohnbau und/oder sekundären Erschließungsanlagen vorzubehalten.	begünstigtes Darlehen,gefördertes Darlehen		Darlehensvertrag zu Zinsen unter den marktüblichen Sätzen	
Der Bezirksrichter bestimmt im Dekret nach Artikel 25 und in jedem Fall im Erbschein, an wievielen und welchen Räumen des Wohngebäudes und an welchen Einrichtungsgegenständen Wohnrecht und Benutzungsrecht ausgeübt werden können.	Benutzungsrecht,Gebrauch,Gebrauchsrecht,Recht zum Gebrauch	Benützungsrecht,Recht des Gebrauches,Servitut des Gebrauches,usus		Benützungsrecht
Wer  das Gebrauchsrecht einer Sache hat, der darf, ohne Rücksicht auf sein übriges Vermögen, den seinem Stande, seinem Gewerbe, und seinem Hauswesen angemessenen Nutzen davon ziehen.	Benutzungsrecht,Gebrauch,Gebrauchsrecht,Recht zum Gebrauch	Benützungsrecht,Recht des Gebrauches,Servitut des Gebrauches,usus		Benützungsrecht
Wer das Recht zum Gebrauch einer Sache hat, kann sich ihrer bedienen und, wenn sie fruchttragend ist, die Früchte ernten, soweit dies für seine Bedürfnisse und jene seiner Familie erforderlich ist.	Benutzungsrecht,Gebrauch,Gebrauchsrecht,Recht zum Gebrauch	Benützungsrecht,Recht des Gebrauches,Servitut des Gebrauches,usus		Benützungsrecht
Dem Staat gehören und Bestandteil des öffentlichen Gutes bilden: die Meeresküste, der Strand, die Reeden und Häfen; die Flüsse, Bäche, Seen und die anderen von den einschlägigen Gesetzen als öffentlich bezeichneten Gewässer; die zur Landesverteidigung bestimmten Anlagen.	Strand		Meeresstrand	
Der Versprechende kann die Rückgabe der wegen des Eheversprechens gemachten Geschenke verlangen, wenn die Ehe nicht geschlossen wurde.	Versprechender	Verlobter	Verlobter	Verlobter
Aus der Ehe entspringt die gegenseitige Pflicht zur Treue, zum geistigen und materiellen Beistand, zur Mitarbeit im Interesse der Familie und zum Zusammenleben.	Treue		eheliche Treue	
An dem von den Parteien bezeichneten Tag liest der Standesbeamte in Gegenwart von zwei Zeugen, die auch Verwandte sein können, den Brautleuten die Artikel 143, 144 und 147 vor .	Zeuge			Trauzeuge
Aus der Ehe entspringt die gegenseitige Pflicht zur Treue, zum geistigen und materiellen Beistand, zur Mitarbeit im Interesse der Familie und zum Zusammenleben.	Zusammenleben	gemeinsames Wohnen		
Das Pseudonym, das von einer Person derart gebraucht worden ist, daß es die Bedeutung eines Namens erlangt hat, kann gemäß Artikel 7 geschützt werden.	Pseudonym	Deckname	Deckname	
Der Erblasser erklärt in Gegenwart der Zeugen dem Notar seinen Willen, der durch den Notar selbst schriftlich festgehalten wird .	Erblasser	Testator	Testator	
Liquide Mittel umfassen Kassen- und Bankguthaben sowie kurzfristige Termineinlagen; diese sind zum Nominalwert zu bewerten.	Termineinlage			Termingeld,Terminguthaben
Einlagen sind jederzeit möglich, Behebung in der Regel nur bei Fälligkeit.	Abhebung,Behebung	Barabhebung	Barabhebung,Geldabhebung	Barabhebung
Erfolgt das Einlagengeschäft, die Krediteröffnung oder andere Bankgeschäfte in Form des Kontokorrents, so kann der Kontokorrentinhaber vorbehaltlich der Einhaltung der allenfalls vereinbarten Vorankündigungsfrist jederzeit über die zu seinen Gunsten sich ergebenden Beträge verfügen.	Bankgeschäft in Form des Kontokorrents	Kontokorrentverkehr	Kontokorrentverkehr	Kontokorrentverkehr
Die Forderungs- und Schuldverhältnisse, die über das Konto, sei es ein Haben- oder auch ein Sollkonto, abgewickelt werden, werden zu denselben Fälligkeiten belastet bzw. gutgeschrieben .	Sollkonto	Soll,Sollseite	Soll,Sollseite	Sollseite
Die monatliche Gebühr beinhaltet die Kontoführungsspesen , sowie die Spesen für das Scheckheft.	Scheckheft	Scheckbuch	Scheckbuch	Checkheft
Der Bundesminister für Finanzen hat für jede Wertpapierbörse, der Bundesminister für Wirtschaft und Arbeit hat für jede allgemeine Warenbörse einen Börsekommissär und die erforderliche Anzahl von Stellvertretern zu bestellen.	Wertpapierbörse		Effektenbörse	Effektenbörse
Ihre Vorteile einer Kreditversicherung: Prüfung und laufende Überwachung der Bonität Ihrer Kunden,  Liquiditätserhaltung und Ertragssicherung durch Entschädigung bei Insolvenz, bzw. in einigen Fällen sogar bei Zahlungsverzug, Erweiterung Ihres Kreditrahmens ist durch Abtretung der Auszahlungsansprüche .	Kreditversicherung		Kreditausfallversicherung	
Die Einzelpolice ist ein Vertrag, dem ein versichertes Risiko zugeordnet ist.	versichertes Risiko		eingeschlossenes Risiko	versicherte Gefahr
Am 12. 10. 1995 wurde die Ehe  rechtskräftig geschieden. Während aufrechter Ehe wurden verschiedene Einrichtungsgegenstände gemeinsam angeschafft, eine Erlebensversicherung abgeschlossen und zwei PKW unterschiedlichen Werts erworben.	Erlebensversicherung			Erlebensfallversicherung
Die förderbaren Versicherungsprämien dürfen sich bei Rindern und Pferden auf einen maximalen Versicherungswert von 2.000,00 € und bei Schafen und Ziegen von 400,00 € beziehen.	Versicherungswert		Wert des versicherten Interesses	
Die Nutzung durch Dritte umfasst: a) die Vermietung ohne Fahrer, b) die Personenbeförderung im Mietfahrzeug mit Fahrer und im Taxi, c) den Personenlinienverkehr, .	Beförderung von Personen,Personenbeförderung			Personentransport
Wer ohne die Genehmigung  zur Beförderung von Personen ein Fahrzeug zur Güterbeförderung verwendet, muss eine verwaltungsrechtliche Geldbuße zwischen 422 und 1.695 Euro zahlen.	Beförderung von Personen,Personenbeförderung			Personentransport
Wenn sich eine der Parteien der Mutwilligkeit des eigenen Anspruchs bewußt war, kann die andere die Nichtigerklärung des Vergleichs beantragen.	Mutwilligkeit	Mutwille	Mutwille	
§ 345 ABGB definiert den unechten oder fehlerhaften Besitz.	fehlerhafter Besitz	unechter Besitz		
Zwei oder mehrere, in der Regel aneinander angrenzende Gemeinden, die derselben Provinz angehören, können einen Gemeindenverbund zur gemeinsamen Ausübung einer Reihe von Funktionen oder zur Erbringung von ihnen zugewiesenen bzw. delegierten Diensten gründen.	Gemeindenverbund,Gemeindenzusammenschluss	Gemeindeverband		Gemeindeverband
Die Einrichtung ist eine Hilfsorganisation der Gemeinde mit Selbstverwaltung, eigenem Aufbau, eigenem Haushalt, und zwar im Rahmen des allgemeinen Haushalts der Körperschaft.	Einrichtung	unselbständige Anstalt	nichtrechtsfähige Anstalt	nicht rechtsfähige Anstalt
Dem im Laufe des Jahres eingestellten oder aus dem Dienst ausgeschriebenen Personal wird das dreizehnte Monatsgehalt im Verhältnis zu der Anzahl der geleisteten Dienstmonate gewährt.	13. Monatslohn,dreizehnter Monatslohn,dreizehntes Monatsgehalt	13. Monatsgehalt,Weihnachtsgeld,Weihnachtsremuneration	13. Monatsgehalt	
In Anlehnung an das interkonföderelle Abkommen vom 27.10.1946 sehen die Kollektivverträge vor, daß den Beschäftigten von Weihnachten ein 13. Monatslohn (Angestellte) oder eine Weihnachtsgratifikation (Arbeiter) auszuzahlen ist.	13. Monatslohn,dreizehnter Monatslohn,dreizehntes Monatsgehalt	13. Monatsgehalt,Weihnachtsgeld,Weihnachtsremuneration	13. Monatsgehalt	
Das Rücktrittsrecht erlischt spätestens einen Monat nach der vollständigen Erfüllung des Vertrags durch beide Vertragspartner, bei Versicherungsverträgen spätestens einen Monat nach dem Zustandekommen des Vertrags.	Abschluss eines Vertrags,Zustandekommen des Vertrags	Abschließung des Vertrags	Vertragsschluss	
Zins- und Devisenswaps sind hinsichtlich des Zinsrisikos so wie bilanzwirksame Instrumente zu behandeln.	Devisenswap		Swap	
Das Cash and Carry Geschäft, als eine spezielle Form des Selbstbedienungsgroßhandels, wendet sich an alle Unternehmer und Betriebe, die ihren Bedarf zeit- und vor allem kostensparend decken wollen.	Cash and Carry		Cash-and-carry-Handel	
Steigt der Kurs einer Aktie, kann man sie teuer weiterverkaufen und dabei gute Gewinne erzielen.	Kurs		Amtliche Notierung,Börsenkurs,Kursnotierung,Kurswert	Börsenpreis
Die Gemeinde, der Gemeindenverband und die Talgemeinschaft beteiligen sich an den Ausgaben der Familienberatungsstelle mit einem fixen Betrag pro Einwohner.	Familienberatungsstelle		Familienberatung	
In den Gemeinden der Provinz Trient mit einer Bevölkerung bis zu 3.000 Einwohnern erfolgt die Wahl der Gemeinderatsmitglieder nach dem Mehrheitswahlsystem gleichzeitig mit der Wahl des Bürgermeisters.	Mehrheitswahlsystem	Mehrheitswahl	Mehrheitswahl,Persönlichkeitswahl	Majorz,Majorzsystem,Mehrheitswahl
Der Regionalrat wird nach dem Verhältniswahlsystem in allgemeiner, unmittelbarer und geheimer Wahl nach den durch Regionalgesetz festgesetzten Bestimmungen gewählt.	Verhältniswahlsystem		Listenwahl,Verhältniswahl	Proporz,Proporzsystem
Beträge unter jenem, der von der Landesregierung  bestimmt wird, sowie die Einhebungskosten können nicht rückerstattet werden. Davon ausgenommen sind die Fälle, in denen der Grundsatz des Vertrauensschutzes  Anwendung findet.	Grundsatz des Vertrauensschutzes		Vertrauensschutzprinzip	Vertrauensschutzprinzip
Die Wahl erfolgt innerhalb von sechs Monaten nach den allgemeinen Gemeinderatswahlen.	Gemeinderatswahlen,Gemeindewahlen	Kommunalwahlen	Kommunalwahlen	
Die wesentlichen Elemente des Frachtvertrages im HGB und des Luftfrachtvertrages stimmen überein. Unterschiede ergeben sich nur aus der Besonderheit des Transportmittels.	Luftfrachtvertrag	Luftbeförderungsvertrag	Luftbeförderungsvertrag	
Jede Dienststelle und die ständige Kommission bereiten die von ihr oder in Zusammenarbeit mit anderen erstellten Materialien, Berichte und Forschungsergebnisse für die Veröffentlichung in geeigneter Form vor.	ständige Kommission		ständiger Ausschuss	
Die eine, unteilbare Republik anerkennt und fördert die lokalen Selbstverwaltungen; sie verwirklicht in den Dienstbereichen, die vom Staat abhängen, die weitgehendste Dezentralisierung der Verwaltung; sie passt die Grundsätze und Formen ihrer Gesetzgebung den Erfordernissen der Selbstverwaltung und Dezentralisierung an.	Gesetzgebung,gesetzgebende Tätigkeit		Normsetzung,materielle Gesetzgebung	Rechtsetzung
Die gesetzgebende Tätigkeit wird von beiden Kammern gemeinsam ausgeübt.	Gesetzgebung,gesetzgebende Tätigkeit		Normsetzung,materielle Gesetzgebung	Rechtsetzung
Jedes Wahlamt setzt sich aus einem Vorsitzenden und zwei Stimmenzählern zusammen, von denen einer Sekretär ist.	Wahlamt	Wahlbehörde	Wahlvorstand	
Wer einen Wahlschein besitzt, kann an der Wahl des Wahlkreises, in dem der Wahlschein ausgestellt ist, entweder durch Stimmabgabe in einem beliebigen Wahlbezirk dieses Wahlkreises oder durch Briefwahl teilnehmen.	Wahlschein	amtliche Wahlinformation	Wahlbenachrichtigung	
Mit der Schließung der Wahlkampagne ist jede Form der Propaganda, einschließlich jener mittels Zeitungen und Fernsehspots untersagt.	Wahlkampagne	Wahlkampf	Wahlkampf	Wahlkampf
Die Unterscheidung zwischen der Verwaltung im organisatorischen und der Verwaltung im materiellen Sinn  knüpft an das Prinzip der Gewaltenteilung an .	Gewaltenteilung	Gewaltentrennung	Gewaltenteilungsprinzip,Gewaltentrennung	
In den in der Grünen Karte aufgezählten Ländern ist der Versicherungsschutz insoweit gegeben, als das jeweilige internationale Kennzeichen nicht durchgestrichen ist. Der Versicherer ist zur Ausstellung der Internationalen Versicherungskarte (“Grüne Karte”) gehalten.	grüne Karte	internationale Versicherungskarte für Kraftverkehr	internationale Versicherungskarte für Kraftverkehr	internationale Versicherungskarte für Kraftverkehr
Wenn eine technische Regierung die Verfassung ändern wolle, dann sei das Grund zur äußersten Sorge.	technische Regierung		parteilose Regierung	
Die Studien- und/oder Berufstitel sind am besten in Ablichtung vorzulegen. Dasselbe gilt für das Arbeitsbüchlein oder die vom Arbeitgeber ausgestellte Arbeitsbestätigung zum Nachweis der Berufserfahrung.	Arbeitsbestätigung,Arbeitszeugnis,Dienstzeugnis	Arbeitsbescheinigung	Arbeitsbescheinigung	Arbeitsbescheinigung
Um die Eintragung in das Verzeichnis zu erlangen, müssen die Anwärter beim Landesassessorat für öffentliche Arbeiten folgende Unterlagen einreichen  Dienstzeugnis mit der Beschreibung der übertragenen Aufgaben für die Beamten von öffentlichen Verwaltungen.	Arbeitsbestätigung,Arbeitszeugnis,Dienstzeugnis	Arbeitsbescheinigung	Arbeitsbescheinigung	Arbeitsbescheinigung
Wer sich um eine Ausbildungsstelle für Sprengelärzte bewirbt, richtet ein Gesuch auf Stempelpapier an die Sanitätseinheiten und legt folgende Unterlagen bei  eventuelle Dienst- und Arbeitszeugnisse, die vom medizinischen Leiter und der Verwaltung der Dienststelle bestätigt sein müssen .	Arbeitsbestätigung,Arbeitszeugnis,Dienstzeugnis	Arbeitsbescheinigung	Arbeitsbescheinigung	Arbeitsbescheinigung
Der wichtigste Unterschied zwischen Mitteilung und Zustellung besteht in der verstärkten Beweiskraft der formellen Zustellung.	Mitteilung	Bekanntgabe	Bekanntgabe	
Die absolute Selbstbeteiligung gilt, wenn die Versicherung bis zu einem bestimmten Invaliditätsanteil überhaupt keinen Schadenersatz bezahlt.	Selbstbeteiligung	Selbstbehalt	Selbstbehalt	
Der Wert der versicherten Sachen kann allerdings zur Zeit des Abschlusses des Vertrages durch eine von den Parteien schriftlich angenommenen Schätzung festgesetzt werden.	Wert der versicherten Sache	Versicherungssumme	Versicherungssumme	Versicherungssumme
Die Gleichwertigkeitserklärung ist rückwirkend ab dem Datum der Erlangung des Studientitels in der Republik Österreich wirksam.	rückwirkend	ex tunc	ex tunc	ex tunc
Ein (rechtswirksamer) Verwaltungsakt ist grundsätzlich von allen Staatsorganen zu beachten und ihren Entscheidungen als gegeben zugrunde zu legen.	rechtswirksamer Verwaltungsakt		wirksamer Verwaltungsakt	
Der Versicherer haftet für einen erhofften Gewinn nur, wenn er sich dazu ausdrücklich verpflichtet hat.	erhoffter Gewinn	entgangener Gewinn	entgangener Gewinn,entgehender Gewinn,erwarteter Gewinn,imaginärer Gewinn	
Folgende Tätigkeiten sind besonders Unterwanderungsversuchen der Mafia ausgesetzt:  b) gewerbliche Beförderung, auch grenzüberschreitend, und Beseitigung von Abfällen, , h) gewerblicher Güterkraftverkehr, .	gewerbliche Güterbeförderung,gewerblicher Güterkraftverkehr	gewerbsmäßige Beförderung von Gütern mit Kraftfahrzeugen		
Ein Fahrzeug der gewerblichen Güterbeförderung, wenn sich der Unternehmer verpflichtet, gegen Entgelt die vom Auftraggeber bestellten Beförderungsdienste zu leisten.	gewerbliche Güterbeförderung,gewerblicher Güterkraftverkehr	gewerbsmäßige Beförderung von Gütern mit Kraftfahrzeugen		
Die vorliegende Polizze ist eine Haftungsversicherung nach dem Anspruchserhebungsprinzip (Claims made). Dies bedeutet, dass die Polizze die erstmals während der Versicherungsdauer vom Versicherten den Versicherern gemeldeten Schadensfälle deckt.	Versicherungsdauer	Dauer der Versicherung	Dauer der Haftung,Dauer der Versicherung,Haftungszeitraum	
Bagatellschäden sind nicht ersetzbar. Die Rechtsprechung hat einen doppelten Prüf-Filter eingefürt, da sowohl die Schwere der Rechtsgutverletzung als auch das Ausmaßes der Beeinträchtigung für die Ersatzpflicht in Bezug auf immaterielle Schäden berücksichtigt werden muss.	Ersatzpflicht,Schadenersatzpflicht		Schadensersatzpflicht	
Weiters definiert die Richtlinie den Ort der Niederlassung eines Diensteanbieters, als den Ort, an dem dieser mittels einer festen Einrichtung auf unbestimmte Zeit eine Wirtschaftstätigkeit tatsächlich ausübt, unabhängig davon, wo Websites, Server und Mailbox installiert sind.	Diensteanbieter	Anbieter,elektronischer Dienstleister		Anbieter
Was die Informationspflichten bei elektronischen Verträgen betrifft, müssen vom Diensteanbieter, bevor der Nutzer des Dienstes die Bestellung abgibt, wenigstens folgende Informationen klar erteilt werden .	Nutzer			Kunde
Die Übermittlung einer inhaltlich unrichtigen Schadensanzeige an eine Versicherungsanstalt mit dem Ziel, solcherart durch Täuschung über Tatsachen eine Versicherungsleistung zu erlangen, ist bereits eine deliktstypische Ausführungshandlung (und damit Versuch), auch wenn zur Deliktsvollendung noch weitere Ausführungshandlungen notwendig gewesen wären.	Schadenanzeige,Schadenmeldung,Schadensanzeige,Schadensmeldung		Anzeige des Versicherungsfalls	
Für die Schadenanzeige verwenden Sie beiliegendes Formular. Die in all seinen Teilen ausgefüllte Schadenmeldung und die Erklärung des behandelnden Arztes geben Sie innerhalb von 15 (fünfzehn) Tagen nach Eintritt des Schadenfalls bei der örtlichen Raiffeisenkasse ab .	Schadenanzeige,Schadenmeldung,Schadensanzeige,Schadensmeldung		Anzeige des Versicherungsfalls	
Im streitigen Verfahren sind  alle Fristen wiederherstellbar  dh, dass im Falle ihrer Versäumung eine Wiedereinsetzung in den vorigen Stand zulässig ist.	Wiedereinsetzung in den vorigen Stand			Wiederherstellung der Frist
Das für die studienrechtlichen Angelegenheiten zuständige Organ hat die Beurteilung einer Prüfung für nichtig zu erklären, wenn die Anmeldung zu dieser Prüfung erschlichen wurde.	nichtig	kraftlos	kraftlos	kraftlos
Bei Transporten von und nach in dieser Generalpolice nicht aufgeführten Ländern sind die Prämien und Bedingungen vor Risikobeginn mit dem Versicherer abzustimmen.	Generalpolice		General-Police,Transport-General-Police	
Jeder in Italien tätige Versicherungsbroker muß im Berufsverzeichnis der Versicherungsbroker der ital. Aufsichtsbehörde für Versicherungswesen ISVAP eingetragen sein.	Versicherungsbroker	Versicherungsmakler	Versicherungsmakler	
Weist der Versicherungsnehmer nach, dass ein versichertes Risiko vor Ende der Vertragszeit weggefallen ist, wird auf seinen Antrag der Vertrag hinsichtlich dieses Risikos vorzeitig beendet.	Risiko		Gefahr	Gefahr
Was ist eine Versicherung auf Erstes Risiko? Ein versicherter Schaden wird bis zur Höhe der vereinbarten Versicherungssumme ersetzt, unabhängig vom Wert der Immobilie. Unterversicherung ist im Gegensatz zur Vollwertversicherung nicht möglich.	Versicherung auf Erstes Risiko	Erstrisikoversicherung	Erstrisikoversicherung	Erstrisikoversicherung
Ein Sammel-Verwaltungsakt stellt lediglich ein Bündel von einzelnen Verwaltungsakten dar.	Sammel-Verwaltungsakt	Sammelbescheid	Sammelverfügung,Sammelverwaltungsakt	
Besondere Bedingungen gehen den allgemeinen vor, geschriebene den gedruckten, gedruckte, auf die in geschriebenen Bedingungen verwiesen wird, solchen gedruckten, auf die nur in gedruckten Bedingungen verwiesen wird.	besondere Bedingungen	besondere Versicherungsbedingungen	besondere Versicherungsbedingungen	besondere Versicherungsbedingungen
Ist eine Person, der die Vertretung oder der Beistand obliegt, nicht vorhanden, so kann, wenn es dringend erforderlich ist oder ein Interessenkonflikt zwischen dem Geschädigten und seinem Vertreter besteht, die Staatsanwaltschaft bei Gericht beantragen, einen Prozesskurator zu bestellen.	Geschädigter,durch die strafbare Handlung Geschädigter		Tatopfer,Verletzter	
Die Meldung erfolgt innerhalb von 30 Tagen  durch den Käufer bei Abschluss der Übertragung im Rahmen von Zwangsveräußerungs- oder Konkursveräußerungsverfahren oder auf Grund eines Urteils, das die Rechtswirkungen eines nicht abgeschlossenen Veräußerungsvertrages hat .	Veräußerungsvertrag		Vertrag zu dauernder Überlassung	
Die Übereignung selbst setzt die Übergabe der Sache .	Übergabe der Sache	Übergabe des Kaufgegenstandes	Übergabe der verkauften Sache	Übergabe des Kaufgegenstandes
In den Verfahren vor dem Rechnungshof werden die Grundsätze der Gleichbehandlung der Parteien, des rechtlichen Gehörs und des fairen Verfahrens laut Artikel 111 Absatz 1 der Verfassung angewandt.	faires Verfahren	fair trial	fair trial	fair trial
Die Verwendung des  Essensgutscheines ist an die Ausstellung einer Steuerquittung durch den beauftragten Gastbetrieb gebunden, aufgrund dessen der Nachweis erbracht wird, daß eine Kostenbeteiligung  durch den jeweiligen Bediensteten nachgewiesen wird.	Essensgutschein	Essensbon		
In Erwartung der Neufestsetzung der Planstellen laut vorstehendem Absatz 4 und der entsprechenden Einstellungen verfügt der Regierungskommissär die Abstellung von Bediensteten der örtlichen Stellenpläne in seine Ämter, und zwar ohne auf dem Staatshaushalt zu lasten.	Abstellung	Entsendung	Entsendung	Entsendung
Bei Versetzung in den Ruhestand, Annahme des freiwilligen Dienstaustrittes oder Übergang zu anderen Ämtern oder Verwaltungen wird der Bedienstete bis zu dem Tag an der Aufteilung beteiligt, an dem der entsprechende Akt rechtswirksam wird.	Pensionierung,Versetzung in den Ruhestand	Eintritt in den Ruhestand	Eintritt in den Ruhestand	
Von der Einhaltung der Bestimmungen  können zuweisungsbegünstigte Unternehmen auf Antrag abweichen  wenn die Fortsetzung der betrieblichen Tätigkeit des zuweisungsbegünstigten Unternehmens aufgrund eines Unfalls, einer Pensionierung, eines Krankheits- oder Todesfalles verunmöglicht oder schwerwiegend und nachhaltig beeinträchtigt ist.	Pensionierung,Versetzung in den Ruhestand	Eintritt in den Ruhestand	Eintritt in den Ruhestand	
Das gerichtliche Geständnis kann spontan erfolgen oder durch die förmliche Vernehmung hervorgerufen werden.	Parteienvernehmung,förmliche Vernehmung		Parteivernehmung	Parteiverhör
Der Warenbezug des Vertragshändlers und seine Vertriebspflicht hängen zusammen, die einzelnen Kaufverträge zwischen Hersteller und Vertragshändler sind, obwohl vom Vertragshändlervertrag weitgehend vorgegeben, rechtlich selbständig.	Konzessionär,Vertragshändler		Eigenhändler,Händler	Eigenhändler
Die Gesuche, die im laufenden Jahr nicht zugelassen werden, werden im folgenden Jahr mit Vorzug gegenüber den später eingereichten Gesuchen zugelassen.	laufendes Jahr	lfd. J.	lfd. J.	lfd. J.
Bei Eintreten der Sachverhalte  hat der/die Studierende die Miete für den laufenden Monat (Monat, in dem die Verzichtserklärung abgegeben wird) und einen zusätzlichen Betrag im Ausmaß von zwei Monatsmieten zu bezahlen .	laufender Monat		lfd. M	
Die in der Verlängerungszeit ergriffenen Akte, die nicht unter jene laut Absatz 3 fallen, sind rechtswidrig.	rechtswidrig,unrechtmäßig			unrechtmässig
Primärer Zweck der Sichteinlagen ist die Bereithaltug von Mitteln für die Abwicklung des bargeldlosen Zahlungsverkehrs.	Sichteinlage	Taggeld	Tagesgeld,täglich fälliges Geld	
Die elektronische Identitätskarte (EIK) kann im Meldeamt der Gemeinde Terenten beantragt werden.	CIE,EIK,elektronische Identitätskarte,elektronischer Personalausweis		ePA	eID-Karte
Bei der Gewährung von Förderungen ist Bedacht zu nehmen auf:  d) die Leistungsfähigkeit des Förderungswerbers und die Ergebnisse, die dieser im Interesse der Allgemeinheit erzielt, .	Interesse der Allgemeinheit	Allgemeininteresse	Allgemeininteresse	
Die kleinen Ausbesserungen zur Instandhaltung, die gemäß Artikel 1576 vom Mieter auf eigene Kosten durchgeführt werden müssen, sind jene, die sich aus den Verschlechterungen, die vom Gebrauch herrühren, ergeben, und nicht jene, die auf Alter oder Zufall zurückzuführen sind.	kleine Ausbesserungen	Schönheitsreparaturen	Schönheitsreparaturen,kleine Instandhaltungsreparaturen	kleiner Unterhalt
Der Bestandgeber hat während des Bestandverhältnisses alle notwendigen Ausbesserungen mit Ausnahme der kleinen Instandhaltungsarbeiten, die vom Bestandnehmer zu tragen sind, vorzunehmen.	notwendige Ausbesserungen	nützliche Verbesserungen	Instandhaltungsreparaturen	notwendige Hauptreparaturen
Die Mitglieder müssen zumindest im Beschlusszeitpunkt in der nach den entsprechenden Organisationsvorschriften  vorgeschriebenen Mindestzahl (Anwesenheits- bzw. Präsenzquorum) im Sitzungsraum anwesend sein; .	Präsenzquorum	Anwesenheitsquorum		
Das Depot zur Verwahrung und Verwaltung von Wertpapieren sowie der Handel, die Zeichnung, die Plazierung, die Annahme, die Übermittlung, und die Vermittlung von Aufträgen betreffend Finanzinstrumente .	Wertpapier	Effekten	Effekten	
Die Verjährungsfrist für den Ausgleich von Fehlern in der Liquidierung sowie den Ausgleich für Änderungen oder Richtigstellungen der mittleren Konzessionsnennleistung ist jene, die in den entsprechenden Staatsgesetzen festgelegt ist.	Berichtigung,Richtigstellung	Berichtigungsbescheid		
Daß ein von einer Bank für die Bauzwecke gewährtes Darlehen oder ein Darlehensversprechen als ausreichende Sicherheit im Sinne der Vertragsbestimmung aufzufassen ist, wird von den Klägern nicht bezweifelt.	Darlehensversprechen		Darlehenszusage	Darlehenszusage
Die Gesellschaft kann Schuldverschreibungen auf den Inhaber oder auf den Namen über einen Betrag ausgeben, der das nach der letzten genehmigten Bilanz eingezahlte und vorhandene Kapital nicht übersteigen darf.	Schuldverschreibung	Anleihe,Bond,Obligation	Anleihe,Bond,Obligation	
Die mit Erkennungsausweis versehenen Bediensteten können bei ihrer Arbeit bei Bedarf von Beraterinnern und Beratern unterstützt werden, die an das Amtsgeheimnis ...  gebunden sind.	Erkennungsausweis	Identitätsdokument	Identitätsdokument	Identitätsdokument
Wenn sich eine Person gegen Entgelt verpflichtet, mit überwiegend eigener Arbeit und ohne zum Besteller in ein Verhältnis der Unterordnung zu treten, ein Werk zu erstellen oder einen Dienst zu leisten, sind die Vorschriften dieses Abschnitts anzuwenden .	Entgelt	Werklohn	Vergütung	Vergütung,Werklohn
Dem Bewerber, welchem gegenüber die Zwangsräumung der Wohnung wegen Ablaufs des Mietvertrages  ausgesprochen wurde, werden drei Punkte zuerkannt.	Zwangsräumung	Delogierung,Räumungsexekution,zwangsweise Räumung	zwangsweise Räumung	Exmission
Der Pannendienst und der Abschleppdienst dürfen nur von Körperschaften und Unternehmen durchgeführt werden, die, auch im Voraus, vom Straßeneigentümer eine entsprechende Erlaubnis erhalten haben. .	Pannendienst		Pannenhilfe	
Der Trödler ist berechtigt, die Sache im eigenen Namen und auf eigene Rechnung zu veräußern. Der Dritte erwirbt also Eigentum, obwohl der Trödler (vor Ablauf der gesetzten Frist) selbst nicht Eigentümer ist.	Trödler	Übernehmer		
Der nichtige Verwaltungsakt vermag seine gewollten Rechtswirkungen von vornherein nicht hervorzubringen. Er ist unwirksam, unverbindlich; der Bürger muss ihn nicht befolgen, die Behörde darf ihn nicht durchsetzen.	nichtiger Verwaltungsakt			nichtige Verfügung
Nötige Einschränkungen der persönlichen Freiheit und die notwendigen Maßnahmen zur Durchsetzung der diesbezüglichen Anordnungen sind daher durch das Erziehungsrecht (besser: durch die Erziehungspflicht) gerechtfertigt, mögen sie auch den Tatbestand einer Freiheitsentziehung oder einer Nötigung erfüllen.	Erziehungsrecht		Züchtigungsrecht	
Unbeschränkt zulässig ist die Analogie zugunsten des Täters: Rechtfertigungs-, Entschuldigungs-, und Strafausschließungsgründe dürfen ohne besondere methodische Beschränkung erweitert werden.	Analogie zugunsten des Täters	Analogie zugunsten des Beschuldigten	täterbegünstigende Analogie	
Niemand kann wegen einer Tat, die vom Gesetz mit Strafe bedroht ist, bestraft werden, wenn der schädigende oder gefährliche Erfolg, von dem die Strafbarkeit abhängt, nicht die Folge seiner Handlung oder Unterlassung ist.	Handlung	Tun	Tun	Tun
Das Gericht bemisst die Busse insbesondere nach der Schwere der Tat	Führung,Tat	Handeln,Handlung	Handeln,Handlung,Verhalten	Handeln,Handlung,Verhalten
Der Antrag auf Anrufung des Verfassungsgerichtshofes ist mangels subjektiven Rechts einer Verfahrenspartei zur Stellung eines solchen Antrages zurückzuweisen.	Verfahrenspartei	Partei,Prozesspartei	Partei,Prozesspartei	Partei,Prozesspartei
Die Verwahrung kann sich auf bewegliche oder unbewegliche Sachen beziehen .	Hinterlegung,Verwahrung	Verwahrungsvertrag	Aufbewahrung,Verwahrungsvertrag	Hinterlegungsvertrag
Entdeckt der Verwahrer, daß die Sache aus einer strafbaren Handlung herrührt und ist ihm die Person, der sie entwendet worden ist, bekannt, so hat er dieser die bei ihm erfolgte Hinterlegung anzuzeigen.	Hinterlegung,Verwahrung	Verwahrungsvertrag	Aufbewahrung,Verwahrungsvertrag	Hinterlegungsvertrag
Als Mitglieder der Kernfamilie gelten: der Nutzer/die Nutzerin , der Ehegatte/die Ehegattin, vorausgesetzt es liegt keine gesetzliche Trennung vor, oder der Lebensgefährte/die Lebensgefährtin der Nutzerin/des Nutzers, sofern Lebensgefährte/Lebensgefährtin und Nutzer/Nutzerin in einem gemeinsamen Haushalt leben .	Kernfamilie	Kleinfamilie,engere Familie	Kleinfamilie	
Die dem Schwiegervater, der Schwiegermutter, dem Schwiegersohnund der Schwiegertochter auferlegte Verpflichtung zur Leistung des eingeschränkten Unterhalts erlischt, wenn der Unterhaltsberechtigte eine neue Ehe eingegangen ist.	Unterhaltsberechtigter		Unterhaltsgläubiger	
Der eingeschränkte Unterhalt kann nur von demjenigen beansprucht werden, der sich in einer Notlage befindet und nicht selbst für den eigenen Unterhalt zu sorgen vermag.	Notlage	Bedürftigkeit	Bedürftigkeit	Bedürftigkeit
Die Regeln über die parlamentarische Immunität und das Zeugnisverweigerungsrecht des Abgeordneten bleiben  unberührt.	parlamentarische Immunität		Indemnität und Imunität der Abgeordneten	
Beim mittelbaren Leasing kauft eine eigene Leasinggesellschaft die Sache vom Produzenten und schließt mit dem Interessenten das Leasinggeschäft.	Leasinggesellschaft		Leasingfirma	
Im Falle des gemeinsamen Scheidungsantrags  sieht Art. 4 Abs 16 Gesetz 14.05.2005, Nr. 80 ein verkürztes Verfahren vor.	beiderseitiger Scheidungsantrag,gemeinsamer Antrag auf Ehescheidung,gemeinsamer Antrag auf einverständliche Ehescheidung,gemeinsamer Scheidungsantrag			gemeinsames Scheidungsbegehren
Die ehelichen Rechte und Pflichten sind zwingend geregelt, soweit sie sich auf unverzichtbare Prinzipien beziehen, wie auf den Beistand und die umfassende Lebensgemeinschaft.	eheliche Rechte und Pflichten	persönliche Rechte und Pflichten zwischen den Ehegatten		Rechte und Pflichten der Ehegatten
Steuerpflichtig sind:  d) der Teil eines Ehepaares, dem die eheliche Wohnung mit richterlicher Verfügung der gerichtlichen Trennung, der Annullierung, der Auflösung oder des Erlöschens der zivilrechtlichen Wirkung der Ehe zugewiesen wurde, .	eheliche Wohnung	Ehewohnung	Ehewohnung	
Im verwaltungsgerichtlichen Verfahren finden die Grundsätze der Gleichheit der Parteien, des rechtlichen Gehörs und des fairen Verfahrens, wie es in Artikel 111 erster Absatz der Verfassung vorgesehen ist, Anwendung.	verwaltungsgerichtliches Verfahren	Verwaltungsgerichtsverfahren	Verwaltungsgerichtsverfahren,Verwaltungsprozess,Verwaltungsstreitverfahren	
Die Ablehnungserklärung kann in der Vorverhandlung bis zum Abschluß der die Einlassung der Parteien betreffenden Feststellungen abgegeben werden .	Ablehnungserklärung	Ablehnungsantrag,Antrag auf Ablehnung	Ablehnungsgesuch	Ablehnungsgesuch
Es gibt drei aktive Rechtspositionen , die den am Verfahren beteiligten Subjekten zustehen und die zusammenfassend als ”Ansprüche auf Beteiligung” bezeichnet werden können. Die erste betrifft das Recht, die Mitteilung über die Einleitung des Verfahrens zu erhalten .	aktive Rechtsposition	aktive subjektivrechtliche Position		
Innerhalb des Biotopes ist insbesondere verboten: das Errichten von Bauten und Anlagen jeglicher Art , das Reiten außerhalb der Fahrwege , der Verkehr mit jeglichen Fahrzeugen einschließlich Fahrrädern, ausgenommen für die land- und forstwirtschaftliche Tätigkeit.	land- und forstwirtschaftliche Tätigkeit	Land- und Forstwirtschaft	Land- und Forstwirtschaft	Land- und Forstwirtschaft
Regreß von Richtern bei nachweisbaren Fehlurteilen durch: Änderung der absoluten Immunität von Richtern und deren Entscheidungen, in eine zumindestens nur noch relative Immunität.	relative Immunität	berufliche Immunität		
Das Verfahren auf gerichtliche Feststellung der Vaterschaft oder Mutterschaft wird kraft Gesetzes ausgesetzt, und es erlischt, sobald eine endgültig gewordene Entscheidung über die Adoption vorliegt.	gerichtliche Feststellung der Vaterschaft		gerichtliche Vaterschaftsfeststellung	
Mit einem am 13.6.1980 geschlossenen und am 18.8.1980 bewilligten Adoptionsvertrag nahm Dkfm.Raphael A. den (damals 27-jährigen) Kläger an Kindesstatt an. Die Mutter des Klägers war damit einverstanden, sein leiblicher Vater war vorverstorben.	leiblicher Vater	biologischer Vater	biologischer Vater,genetischer Vater	biologischer Vater,genetischer Vater
In dem in Artikel , des Gesetzbuches vorgesehenen Fall sind im Zustellungsbericht auch die Uhrzeiten, zu denen die Besuche erfolgt sind, anzugeben.	Zustellungsbericht	Rückschein,Zustellausweis,Zustellnachweis,Zustellschein	Zustellungsurkunde	
Hat der Ehemann der Mutter einer medizinisch unterstützten Fortpflanzung mit dem Samen eines Dritten in Form eines gerichtlichen Protokolls oder Notariatsakts zugestimmt, so kann die Ehelichkeit des mit dem Samen des Dritten gezeugten Kindes nicht bestritten werden.	medizinisch unterstützte Fortpflanzung			ärztlich assistierte Fortpflanzung
Zur Verwirklichung der vom Gesetz vorgesehenen Ziele hält sich das Land in der Verwaltungstätigkeit an die Kriterien der Effizienz, der Wirtschaftlichkeit, der Rationalität und der Publizität.	Verwaltungstätigkeit	Verwaltung	Verwaltung,öffentliche Verwaltung	Verwaltung
Das Dekret, mit dem über die Adoption entschieden wird, ist der Staatsanwaltschaft, den adoptierenden Ehegatten und dem Vormund mitzuteilen.	adoptierende Ehegatten	künftige Adoptiveltern	künftige Adoptiveltern	künftige Adoptiveltern
Entsprechen Verzicht und Annahme den Vorschriften, erklärt das Gericht das Erlöschen des Verfahrens.	Erlöschen des Verfahrens	Beendigung des Prozesses,Prozessbeendigung	Beendigung des Prozesses,Prozessbeendigung	Beendigung des Prozesses
Wer eine Tat begeht, die darauf abzielt, das Staatsgebiet oder einen Teil desselben der Hoheit eines ausländischen Staates zu unterwerfen oder die Unabhängigkeit des Staates zu beeinträchtigen, wird  bestraft.	Unabhängigkeit des Staates	Unabhängikeit des Staatsgebietes,staatliche Unabhängigkeit	staatliche Unabhängigkeit	
Wer mit einem Ausländer Verbindungen unterhält, damit ein ausländischer Staat gegen den italienischen Staat Krieg beginnt oder feindselige Handlungen vornimmt,  wird  bestraft.	Verbindung		Beziehung	
Wer ohne Billigung der Regierung Anwerbungen oder andere feindselige Handlungen gegen einen ausländischen Staat in der Weise vornimmt, daß für den italienischen Staat die Gefahr eines Krieges entsteht, wird  bestraft .	feindselige Handlung	feindseliger Akt		
Zur Anerkennung sind grundsätzlich der leibliche Vater oder die leibliche Mutter des nichtehelichen Kindes berechtigt.	leibliche Mutter	genetische Mutter	genetische Mutter	biologische Mutter,genetische Mutter
Der lebenslänglichen Strafe unterliegt, wer eine Tat begeht, die darauf abzielt, die Einheit des Staates aufzulösen .	Einheit des Staates		staatliche Einheit	
Die oberste Staatsgewalt gehört dem Volke, das sie in den Formen und innerhalb der Grenzen der Verfassung ausübt.	Staatshoheit,oberste Staatsgewalt		Souveränität	Souveränität
Wer in Kriegszeiten mit einem Ausländer Verbindungen unterhält, um die militärischen Operationen des Feindes zum Nachteil des italienischen Staates zu begünstigen  wird  bestraft.	militärische Operation		Militärischer Vorgang	
Wer sich zum Zweck der politischen oder militärischen Spionage Nachrichten verschafft, die im Interesse der Staatssicherheit  geheim bleiben müssen, wird  bestraft.	militärische Spionage		sicherheitsgefährdender Nachrichtendienst	militärischer Nachrichtendienst
Die Maßnahme gemäß Absatz 1 oder bei Rekurs die endgültige Entscheidung im Rechtsprechungswege bilden den Titel zur grundbücherlichen Eintragung.	endgültige Entscheidung,endgültiges Urteil	Endurteil	Endurteil	Endentscheid,Endurteil
Die Amtsperson oder die mit einem öffentlichen Dienst beauftragte Person, die Erfindungen, wissenschaftliche Entdeckungen oder neue gewerbliche Verfahren  kennt und die  geheim bleiben müssen, zum eigenen oder fremden Vorteil verwendet, wird  bestraft.	gewerbliches Verfahren	gewerblich anwendbare Erfindung	gewerblich anwendbare Erfindung	
Wer von der italienischen Regierung beauftragt ist, im Ausland Staatsgeschäfte zu führen und sich diesem Auftrag untreu erweist, wird  bestraft.	Staatsgeschäft	Amtsgeschäft	Dienstgeschäft	
Das Verschlechterungsverbot gilt für das Rechtsmittelgericht und für das Gericht, an das die Sache zur Wiederholung der Hauptverhandlung zurückgewiesen wird.	Verschlechterungsverbot	Verbot der reformatio in pejus,Verschlimmerungsverbot	Verbot der Schlechterstellung,Verbot der reformatio in pejus	Verbot der Schlechterstellung,Verbot der reformatio in pejus,Verschlimmerungsverbot
Wer zu terroristischen Zwecken oder zur Beseitigung der demokratischen Ordnung einen Anschlag auf das Leben oder die körperliche Unversehrtheit eines anderen verübt, wird  besraft.	Anschlag	Attentat		
Wer Militärpersonen  zur Verletzung  der Pflichten der militärischen Disziplin  auffordert,  wird  mit Gefängnisstrafe von einem Jahr bis zu drei Jahren bestraft.	militärische Disziplin	Wehrrecht	Wehrrecht	
Im Sinne des Strafgesetzes gilt die strafbare Handlung als öffentlich geschehen, wenn die Tat begangen wird:durch Druckwerke oder durch andere Mittel der Propaganda .	Druckwerk		Presse	
Das Gericht darf sich seiner Begründungspflicht auch nicht dadurch entledigen, daß anstelle einer eigenständig formulierten Begründung bloß Schriftstücke aus dem Akt fotokopiert und dem Urteil als Begründung einverleibt werden .	Begründungspflicht		Begründungszwang	
Ist eine rechtswidrige Tat begangen worden und hat der Täter oder Teilnehmer für die Tat oder aus ihr etwas erlangt, so ordnet das Gericht dessen Verfall an.	Teilnehmer	bloßer Teilnehmer		
Wird das Protokoll in zusammenfassender Form aufgenommen, so ist auch eine Tonaufnahme vorzunehmen.	Tonaufnahme	Tonaufzeichnung,Tonbandaufnahme,Tonbandaufzeichnung	Tonaufzeichnung,Tonbandaufnahme	Tonaufzeichnung
Wird die in  angegebene Art und Weise der Beurkundung als unzureichend angesehen, so kann, wenn dies völlig unerläßlich erscheint, auch eine Tonbildaufnahme hinzugefügt werden.	Tonbildaufnahme	Ton- und Bildaufzeichnung		
Die Öffentlichkeit der Hauptverhandlung ist von Amts wegen oder auf Antrag auch auszuschließen, wenn das im Interesse des Jugendlichen geboten ist.	Öffentlichkeit der Hauptverhandlung,Öffentlichkeit der Verhandlung		Gerichtsöffentlichkeit	Gerichtsöffentlichkeit
Die Einmalprämie kann auf Wunsch um 1.000,00 Euro oder um ein Vielfaches davon aufgestockt werden. Die Möglichkeit der Leistung von Zuzahlungen ist für diese Polizze nicht gegeben.	Einmalprämie	Erstprämie,einmalige Prämie,erste Prämie	Erstprämie,einmalige Prämie	
Die Angehörigen der Minderheit genießen wie alle Staatsbürger die im Grundgesetz der Bundesrepublik Deutschland vom 23. Mai 1949 garantierten Rechte. Insbesondere haben sie im Rahmen des Grundgesetzes folgende Rechte: 1. Das Recht auf die Unverletzlichkeit der persönlichen Freiheit .	Unverletzlichkeit der persönlichen Freiheit	Schutz der persönlichen Freiheit		
Der Wehrdienst ist in den durch das Gesetz bestimmten Grenzen und Formen obligatorisch. Die Leistung dieses Dienstes beeinträchtigt weder die Arbeitsstellung des Staatsbürgers noch die Ausübung der politischen Rechte.	Ausübung der politischen Rechte	Ausübung politischer Rechte	Ausübung politischer Rechte	
Der Führerschein wird von den zuständigen Ämtern des Departements für Landverkehr entzogen,  c) wenn der Inhaber seinen Führerschein gegen einen anderen, von einem ausländischen Staat ausgestellten Führerschein umgetauscht hat.	ausländischer Staat			fremder Staat
Die Anführer oder die Hintermänner des bewaffneten Haufens unterliegen derselben Strafe wie die Urheber.	Anführer	Rädelsführer	Rädelsführer	Rädelsführer
Die Rechtsschutzversicherung dient der Durchsetzung von Schadenersatzansprüchen und der Verteidigung im Strafverfahren. Sie bietet Kostenersatz bei der Wahrnehmung der rechtlichen Interessen vor Gericht und Behörden.	Verteidigung im Strafverfahren		Strafverteidigung	
Der Antragsteller stellt den Schriftsatz den anderen Parteien zusammen mit dem Dekret zur Festsetzung der Verhandlung zu.	Antragsteller,antragstellende Partei			gesuchstellende Partei
Für die Zulassung zu den öffentlichen Ämtern und zu den durch Wahl zu besetzenden Stellen kann das Gesetz die Italiener, die nicht Staatsangehörige der Republik sind, den Staatsbürgern gleichstellen.	Zulassung zu den öffentlichen Ämtern	Amtsfähigkeit	Amtsfähigkeit	
Der Staatsrat und die anderen Organe der Verwaltungsgerichtsbarkeit haben Rechtsprechungsgewalt zum Schutz der rechtmäßigen Interessen und, in besonderen durch Gesetz bezeichneten Fällen, auch der subjektiven Rechte gegenüber der öffentlichen Verwaltung.	Organ der Verwaltungsgerichtsbarkeit		Gericht der Verwaltungsgerichtsbarkeit	Organ der Verwaltungsrechtspflege
Ist der Angeklagte der italienischen Sprache nicht mächtig, so hat er das Recht auf den unentgeltlichen Beistand eines Dolmetschers, damit er die gegen ihn erhobene Anklage verstehen und die Amtshandlungen, an denen er teilnimmt, verfolgen kann.	Beistand eines Dolmetschers	Beigabe eines Dolmetschers,Beistellung eines Dolmetschers,Beiziehung eines Dolmetschers,Zuziehung eines Dolmetschers	Beiziehung eines Dolmetschers,Hinzuziehung eines Dolmetschers,Zuziehung eines Dolmetschers	Beizug eines Dolmetschers
Bei der Prüfung des Vorliegens der Voraussetzungen eines Anordnungsgrundes hebt der Gerichtshof unter Berücksichtigung des verfassungsrechtlichen Gebots der Gewährung effektiven Rechtsschutzes zutreffend darauf ab, ob den Beschwerdeführern bei Nichterlaß einer einstweiligen Anordnung ein unzumutbarer und irreparabler Nachteil entstünde.	irreparabler Nachteil,nicht wiedergutzumachende Beeinträchtigung,nicht wiedergutzumachender Nachteil	unwiederbringlicher Schaden		nichtwiedergutzumachender Nachteil
Der Jahresbetrag der zu erwerbenden oder zu überweisenden Obligationen entspricht der Differenz zwischen der periodischen Belastung für ein zehnjähriges Obligationsdarlehen und jener für ein Darlehen mit einer Laufzeit von 20 Jahren.	Obligationsdarlehen	Schuldverschreibung	Schuldverschreibung	Schuldverschreibung
Wird nämlich ein Zustellungsbevollmächtigter oder Prozeßbevollmächtigter nahmhaft gemacht, kann rechtswirksam nur an den Bevollmächtigten, nicht mehr an die Partei selbst zugestellt werden.	Zustellungsbevollmächtigter	Ersatzempfänger	Ersatzempfänger	
Nach verschiedenen Gemeindeordnungen bestehen  Einrichtungen der direkten Demokratie (Volksbefragung, Volksbegehren, Volksabstimmungen ua.).	Einrichtung der direkten Demokratie	Instrument der direkten Demokratie	Instrument der direkten Demokratie	Instrument der direkten Demokratie
"Ebenso wie auf gesamtstaatlicher Ebene ist auch das ""Regierungssystem"" Südtirols nach den Grundsätzen der mittelbaren oder repräsentativen Demokratie ausgerichtet."	mittelbare Demokratie,repräsentative Demokratie	indirekte Demokratie,parlamentarische Demokratie	indirekte Demokratie,parlamentarische Demokratie	indirekte Demokratie,parlamentarische Demokratie
Der Generaldirektor übt die Funktion des Generalsekretärs der Landesregierung aus und nimmt die Beurkundung der Verträge  im Interesse der Landesverwaltung vor.	Beurkundung	notarielle Beurkundung	notarielle Beurkundung	
Lebenslange Gefängnisstrafe wird verhängt, wenn  Gift oder ein anderes heimtückisches Mittel angewendet wird.	heimtückisches Mittel	heimtückische Vorgangsweise		
Lebenslange Gefängnisstrafe  wird verhängt, wenn  die Tat unter Anwendung von Gift oder eines anderen heimtückisches Mittel begangen wird.	Gift	giftiger Stoff		
Wenn es im Einzelfalle die Schwierigkeit der Vollstreckungshandlung erheischt, kann der Gerichtsvorsteher ihre Vornahme auch einem Beamten des gehobenen Fachdienstes oder des Fachdienstes  auftragen.	Vollstreckungshandlung		Vollzugshandlung	Vollzugshandlung
Zeitweilige Enthebung vom Dienst:  wegen Verletzung des Amtsgeheimnisses, falls dadurch großer Schaden verursacht wurde .	Offenbarung von Amtsgeheimnissen,Verletzung des Amtsgeheimnisses		Verletzung des Dienstgeheimnisses	
Das Bezirksgericht ist weiters zuständig für folgende strafbare Handlungen:  Widerstand gegen eine Amtsperson, wie in Art. 337 des Strafgesetzbuches vorgesehen.	Widerstand gegen eine Amtsperson	Widerstand gegen die Staatsgewalt	Widerstand gegen Vollstreckungsbeamte,Widerstand gegen die Staatsgewalt	
In das Register der ansässigen Bevölkerung werden alle Personen eingetragen, die ihren gewöhnlichen Aufenthalt in der Gemeinde haben sowie alle Personen ohne festen Wohnsitz, die ihr Domizil in der Gemeinde haben.	Einwohnerregister,Melderegister,Register der ansässigen Bevölkerung		Einwohnermelderegister	
Nach Eintragung eines Neugeborenen oder eines adoptierten Kindes in das Melderegister prüft die Wohnsitzgemeinde der Mutter beziehungsweise der Adoptivmutter, ob diese die gesetzlichen Voraussetzungen zum Zeitpunkt der Geburt des Kindes beziehungsweise zum Zeitpunkt der Adoption besitzt.	Einwohnerregister,Melderegister,Register der ansässigen Bevölkerung		Einwohnermelderegister	
Zeitweilige Enthebung vom Dienst:  wegen Verletzung des Amtsgeheimnisses, falls dadurch großer Schaden verursacht wurde .	Nutzung von Amtsgeheimnissen,Verletzung des Amtsgeheimnisses,Verwertung von Amtsgeheimnissen	Verwertung eines Amtsgeheimnisses		
Das Standesamt stellt folgende Bescheinigungen aus: Geburtsscheine und Auszüge aus dem Geburtenregister; Trauscheine und Auszüge aus dem Heiratsregister; Totenscheine und Auszüge aus dem Sterberegister.	Standesamt	Personenstandsbehörde		Zivilstandsamt
Die Strafe wird erhöht, wenn die Lieferung betrifft:  Sachen oder Werkleistungen, die zur Verhütung einer Gemeingefahr oder einer allgemeinen Katastrophe bestimmt sind.	Katastrophe,allgemeine Katastrophe,öffentliches Unglück	besonders schwerer Unglücksfall	besonders schwerer Unglücksfall	
Wer einen Beamten während einer Amtshandlung  tätlich angreift, ist mit Freiheitsstrafe bis zu sechs Monaten oder mit Geldstrafe bis zu 360 Tagessätzen zu bestrafen.	Amtshandlung	Amtsgeschäft	Diensthandlung	
Ein Milderungsgrund ist es insbesondere, wenn der Täter  die Tat unter der Einwirkung eines Dritten oder aus Furcht oder Gehorsam verübt hat.	Gehorsam		Gehorsamspflicht	
Die Strafe ist Gefängnisstrafe von vier Jahren und sechs Monaten bis zu zwanzig Jahren und Geldstrafe von zwei bis zu sechs Millionen Lire:  wenn die Gewalt oder die Drohung  von mehreren Personen gemeinschaftlich begangen wird.	mehrere Personen gemeinschaftlich	gemeinschaftliche Tatbegehung	gemeinschaftliche Begehung,gemeinschaftliche Tatbegehung	gemeinschaftliche Tatbegehung
Das Volksbegehren zu den Landesgesetzen wird von mindestens 8.000 Wählern, die in die Wählerlisten einer Gemeinde des Landes eingetragen und für die Wahl des Südtiroler Landtages wahlberechtigt sind, ausgeübt.	Volksbegehren		Volksinitiative	Volksinitiative
Zu den von § 83 StGB erfaßten leichten Körperverletzungen gehören zum Beispiel Verlust eines Zahnes, Platzwunden, Naseneinbruch ohne Verschiebung, Platzwunden in Naseninneren, starkes Nasenbluten .	leichte Körperverletzung		einfache Körperverletzung	einfache Körperverletzung
Wer einem anderen eine Körperverletzung zufügt, die eine körperliche oder geistige Erkrankung zur Folge hat, wird mit Gefängnisstrafe von drei Monaten bis zu drei Jahren bestraft.	Erkrankung,Krankheit	Gesundheitsschädigung	Gesundheitsbeschädigung	Gesundheitsschädigung
Bei einem gleichartigen wiederholten Rückfall innerhalb von fünf Jahren ab der rechtskräftigen Verurteilung für den ersten Verstoß kann das Gericht, als zusätzliche Verwaltungsstrafe, den Führerscheinentzug verhängen.	Führerscheinentzug	Entziehung der Lenkberechtigung	Entziehung der Fahrerlaubnis	Führerausweisentzug
Hat die Tat für immer oder für lange zeit den Verlust oder eine schwere Schädigung der Sprache  zur Folge, so ist der Täter mit Freiheitstrafe von sechs monaten bis zu fünf Jahren zu bestrafen	Behinderung der Sprache,Schädigung der Sprache		Schädigung des Sprechvermögens	
Sehr schwere Körperverletzung liegt vor , wenn die Tat eine dauernde und schwere Behinderung der Sprache zur Folge hat.	Behinderung der Sprache,Schädigung der Sprache		Schädigung des Sprechvermögens	
Unterlassung der Anzeige einer strafbaren Handlung durch eine Amtsperson.	Unterlassung der Anzeige,Unterlassung der Berichterstattung,Unterlassung einer Anzeige		Nichtanzeige geplanter Straftaten,Unterlassen der Anzeige	
Der Justizminister ordnet an, daß dem Rechtshilfeersuchen einer ausländischen Behörde um Vornahme von Mitteilungen, Zustellungen und Tätigkeiten im Rahmen der Beweisaufnahme Folge gegeben wird .	Beweisaufnahme	Beweiserhebung	Beweiserhebung	Beweiserhebung
Sehr schwere Körperverletzung liegt vor , wenn die Tat eine sicher oder wahrscheinlich unheilbare Krankheit zur Folge hat.	unheilbare Krankheit	Siechtum	Siechtum	
Gewalt gegen Sachen liegt auch vor, wenn ein Datenverarbeitungsprogramm ganz oder teilweise verfälscht, verändert, oder gelöscht wird .	Gewalt gegen Sachen		Sachgewalt	
Wer die Eigentumsübertragung oder die Verlegung des Sitzes oder des Wohnsitzes nicht fristgerecht mitteilt, muss eine verwaltungsrechtliche Geldbuße  zahlen. Dieser Verstoß hat  als zusätzliche Verwaltungsstrafe die Abnahme des Fahrzeugscheins oder der Verkehrstauglichkeitsbescheinigung zur Folge.	Abnahme des Fahrzeugscheins			Entzug des Fahrzeugausweises
Sofern keine schwerere Straftat vorliegt, wird Trunkenheit am Steuer folgendermaßen geahndet: a) mit einer verwaltungsrechtlichen Geldbuße zwischen 531 und 2.125 Euro, wenn ein Wert ermittelt wird, der einem Alkoholgehalt über 0,5 und höchstens 0,8 Gramm pro Liter (g/l) entspricht.	Alkohol am Steuer,Trunkenheit am Steuer		Trunkenheit im Verkehr,Trunkenheitsfahrt	Fahren in angetrunkenem Zustand
Kraftfahrzeuge und Anhänger dürfen die im Fahrzeugschein angegebene Gesamtmasse nicht überschreiten.	Fahrzeugschein	Zulassungsbescheinigung,Zulassungsbescheinigung Teil I	Zulassungsbescheinigung,Zulassungsbescheinigung Teil I	Fahrzeugausweis
Die bloße Besorgnis, die Zeugnisentschlagung als solche könnte (zusätzlichen) Verdacht auf den Zeugen lenken, vermag eine falsche Zeugenaussage nicht zu entschuldigen.	falsche Zeugenaussage	falsche Beweisaussage	Falschaussage	
Die Aufnahme in die stationäre Behandlung findet statt, wenn der Alkomat (Messgerät für den Alkoholgehalt ) 0,0 Promille anzeigt. Andernfalls wird Ihre Aufnahme verschoben.	Alkomat	Atemalkoholmessgerät	Atemalkoholmessgerät	Atemalkoholmessgerät,Atemprüfgerät
Auf der Fläche vor der Kirche „Maria in der Au“ wird eine öffentliche Dienstbarkeit eingerichtet. Auf diese Weise wird die Zufahrt zur Tiefgarage der WoBi-Gebäude regularisiert.	öffentliche Dienstbarkeit	öffentlich-rechtliche Dienstbarkeit	öffentlich-rechtliche Dienstbarkeit	Gemeindeservitut
Die  vorgesehene Liste der Amtssachverständigen wird auf Veranlassung des Präsidenten des Landesgerichts geführt .	Liste der Amtssachverständigen	Sachverständigenliste	Sachverständigenliste	Sachverständigenliste
"Das Antiblockiersystem A.B.S. gehört zur ""aktiven Sicherheit"" am Fahrzeug, da es vor allem auf Straßen mit schlechter Bodenhaftung (rutschige Straße, Regen, Eis, Schnee) ein Blockieren der Räder beim Bremsen verhindert und somit dazu beiträgt, Unfälle zu vermeiden."	ABS,Antiblockiersystem	Anti-Blockier-System	Anti-Blockier-System	Anti-Blockier-System
Zahlt ein Fahrzeugeigentümer für mindestens drei aufeinanderfolgende Jahre die Kraftfahrzeugsteuer nicht, so stellt der Italienische Automobilclub ihm eine Aufforderung zu, die Gründe für das Versäumnis zu nennen.	Kraftfahrzeugsteuer			Motorfahrzeugsteuer
Während des Übens muss der Fahrer von einer Person begleitet sein, die nicht älter als 65 Jahre ist  und einen gültigen Führerschein hat, der mindestens 10 Jahre alt ( oder einer höheren Führerscheinkategorie) ist.	Führerscheinkategorie	Lenkberechtigungsklasse	Fahrerlaubnisklasse	Führerausweis-Kategorie
Der Übergang von Sachen aus dem öffentlichen Gut in das Vermögen des Staates muss von der Verwaltungsbehörde erklärt werden.	Vermögen des Staates	Staatsvermögen		
Beim Führen eines Kraftfahrzeuges muss der Fahrer folgende Papiere bei sich haben: a) je nach Art des Fahrzeuges den Fahrzeugschein, die Bescheinigung über die Verkehrstauglichkeit oder die Fahrzeugbescheinigung,  d) den Pflichtversicherungsschein.	Pflichtversicherungsschein	Versicherungsbestätigung	Versicherungsnachweis	Versicherungsnachweis
Der Autohaftpflichtversicherungsvertrag umfasst 1.560 Kraftfahrzeuge Es wurden 206 Angelegenheiten betreffend Autounfälle (RCA) und 50 für die Rückvergütung von Schäden am Landesvermögen behandelt. Die Gesamteinnahmen für die Schadensrückvergütung an das Land betrugen rund 85.000 Euro.	Autohaftpflichtversicherung,Autohaftpflichtversicherungsvertrag	Kraftfahrzeug-Haftpflichtversicherung	Kraftfahrzeug-Haftpflichtversicherung	Motorfahrzeughaftpflichtversicherung
Jeder Schaden, der an anderen Fahrzeugen, deren Insassen oder den Insassen des eigenen Fahrzeugs entsteht, wird durch die Autohaftpflichtversicherung abgedeckt.	Autohaftpflichtversicherung,Autohaftpflichtversicherungsvertrag	Kraftfahrzeug-Haftpflichtversicherung	Kraftfahrzeug-Haftpflichtversicherung	Motorfahrzeughaftpflichtversicherung
Für jedes Kleinkraftrad wird beim zentralen Fahrzeugarchiv  eine elektronische Datei angelegt.	zentrales Fahrzeugarchiv	zentrale Zulassungsevidenz	ZFZR,Zentrales Fahrzeugregister	Fahrzeug- und Fahrzeughalterregister
Bei Ausstellung des Führerscheins werden dem Führerscheininhaber 20 Punkte gutgeschrieben. Dieser Punktestand wird im zentralen Register der Führerscheininhaber  eingetragen; .	zentrales Register der Führerscheininhaber	FSR,Führerscheinregister	VZR,Verkehrszentralregister	
Die Fahrer und allfälligen Beifahrer von Kleinkrafträdern und Kradfahrzeugen sind verpflichtet, während der Fahrt einen ordnungsgemäß zugeschnallten Schutzhelm zu tragen .	Schutzhelm	Sturzhelm		
Fußgänger müssen auf Gehsteigen, Banketten, Gehwegen und anderen für Fußgänger bestimmten Flächen verkehren.	Fußgänger			Fussgänger
Das Amt für zivile motorisierung stellt dem Führerscheinanwärter eine Erlaubnis aus (Fahrübungsschein), mit welcher er mit den Fahrzeugen derselben Kategorie, für welche er den Führerschein erwerben möchte, das Fahren üben darf.	Fahrübungsschein,provisorische Fahrerlaubnis			Lernfahrausweis
Wer beantragt, die Prüfung zur Erlangung des Führerscheins oder zur Ausdehnung der Gültigkeit des Führerscheins auf andere Fahrzeugklassen ablegen zu dürfen, und die vorgeschriebene körperliche und geistige Tauglichkeit nachweist, erhält eine provisorische Fahrerlaubnis; .	Fahrübungsschein,provisorische Fahrerlaubnis			Lernfahrausweis
Sklaverei  umfaßt  jede Handlung des Handelns mit Sklaven oder der Beförderung von Sklaven.	Sklave			Leibeigener
Die Geldbuße wird verdoppelt, wenn der Verstoß darin besteht, dass der Geschwindigkeitsbegrenzer manipuliert wurde.	Verstoß	Verkehrsdelikt,Verkehrsverstoß,Verkehrsübertretung	Verkehrsverstoß	Verkehrsregelverstoss
Die Fahrzeuglenker müssen stehenbleiben, die eigenen sowie die Daten von Führerschein, Fahrzeug und Versicherung zur Verfügung stellen sowie alle nötigen Einzelheiten bekanntgeben, um den Unfallhergang und die Unfallfolgen rekonstruieren zu können.	Fahrer,Fahrzeuglenker	Lenker	Fahrzeugführer	Fahrzeugführer,Führer
Den Invaliden und diesen gleichgestellten Personen, welche Anrecht auf die Pflichteinstellung haben, werden in der Regel anfänglich Teilzeitstellen (z.Z. Ersatzstellen) oder kurzfristige Vollzeitaufträge angeboten.	Pflichteinstellung,Pflichtvermittlung,obligatorische Arbeitsvermittlung	Beschäftigungspflicht	Beschäftigungspflicht	
Die Pflichtvermittlung wird auch auf Menschen mit geistiger Behinderung angewendet, immer vorausgesetzt, dass sie eine Erwerbsfähigkeit besitzen und zu geeigneten Arbeiten herangezogen werden können.	Pflichteinstellung,Pflichtvermittlung,obligatorische Arbeitsvermittlung	Beschäftigungspflicht	Beschäftigungspflicht	
Das Personal ist im Außendienst, wenn es im Auftrag des Vorgesetzten oder mit dessen Genehmigung seinen Dienst an einem Ort versieht, der außerhalb seines ordentlichen Dienstsitzes liegt.	Dienstsitz,ordentlicher Dienstsitz			Dienstort
Das Personal, das seinen Dienst in einem abgelegenen Dienstsitz verrichtet und den Mensadienst nicht in Anspruch nehmen kann, hat Anrecht auf einen Essensgutschein .	Dienstsitz,ordentlicher Dienstsitz			Dienstort
Die Nutzung der Dienstwohnung ist für die Unternehmensinhaber/Unternehmensinhaberinnen, die Mitarbeiter/Mitarbeiterinnen und die jeweiligen Familienangehörigen vorgesehen.	Dienstwohnung	Dienstunterkunft	Dienstunterkunft	Dienstunterkunft
Die Pflicht gilt nicht für Zonen, die nach Artikel 3 als Fußgängerzonen oder verkehrsberuhigte Zonen definiert werden .	Fußgängerzone			Fussgängerzone
Der Datenschutzbehörde wird über die Gerichtskanzlei eine Kopie der von der Gerichtsbehörde erlassenen Verfügungen in Zusammenhang mit den Bestimmungen dieses Kodex oder den Bestimmungen über Computerkriminalität übermittelt.	Computerkriminalität,Cybercrime	Cyberkriminalität	Cyberkriminalität	Cyberkriminalität,digitale Kriminalität
Von verbaler Aggression über physische Gewalt bis zum immer verbreiteteren Cybercrime: Die Palette der Bedrohungen, der Frauen ausgesetzt sind, ist breit und die Übergänge zwischen den verschiedenen Formen sind nicht selten fließend.	Computerkriminalität,Cybercrime	Cyberkriminalität	Cyberkriminalität	Cyberkriminalität,digitale Kriminalität
Wer unbefugt in ein durch Sicherungsmaßnahmen geschütztes Datenverarbeituns- oder Telekommunikationssystem eindringt oder darin gegen den ausdrücklichen oder stillschweigenden Willen dessen, der das Recht hat, ihn auszuschließen, verbleibt, wird mit Gefängnisstrafe bis zu drei Jahren bestraft.	Telekommunikationsanlage,Telekommunikationssystem	Fernmeldeanlage		
Bei Rot dürfen die Fahrzeuge nicht über die Haltelinie hinausfahren; ist eine solche Linie nicht vorhanden, dürfen die Fahrzeuge weder den Kreuzungsbereich noch den Fußgängerüberweg besetzen noch über das Signal hinausfahren, damit sie den Anweisungen der Lichtzeichen folgen können.	Fußgängerübergang,Fußgängerüberweg	Schutzweg		Fussgängerstreifen
Der Fußgängerübergang ist ein Fahrbahnteil, auf welchem die Fahrzeuge den Fußgängern, die auf den eigens vorgesehenen Streifen überqueren, den Vortritt gewähren müssen.	Fußgängerübergang,Fußgängerüberweg	Schutzweg		Fussgängerstreifen
Ampelgeregelte Fußgängerüberwege können mit akustischen Signalen für Blinde ausgestattet sein. Die Lichter der Fußgängerampeln haben die Form eines farbigen Fußgängers auf schwarzem Hintergrund.	ampelgeregelter Fußgängerüberweg	ampelgesicherter Schutzweg	ampelgesicherter Fußgängerüberweg	
Vorbehaltlich der Verwendung der Daten für die Ermittlung der Verantwortlichkeit im Fall von hypothetischen Computerdelikten zum Schaden der Website werden die Daten über die Webkontakte derzeit nicht länger als sieben Tage aufbewahrt.	Computerdelikt	Cybercrime-Delikt	Cybercrimedelikt	
Der internationale Führerschein bzw. die internationale Fahrerlaubnis ist eine Übersetzung des italienischen Führerscheines in mehrere Sprachen. Er/sie ist ein Zusatzdokument zum italienischen Führerschein.	internationale Fahrerlaubnis,internationaler Führerschein			internationaler Führerausweis
Die Fahrtauglichkeit wird von der örtlichen Ärztekommission  überprüft, die dazu den Spezialisten der Rehabilitationseinheit anhört, der die Krankengeschichte des Patienten verfolgt hat.	Fahrtauglichkeit	Fahreignung	Fahreignung	Fahreignung
Die Abwesenheit wegen Krankheit wird bei der Berechnung des Dienstalters, des Aufstieges in der Besoldung, des Ruhegehaltes und der Abfertigung zur Gänze berücksichtigt.	Abwesenheit wegen Krankheit	durch Krankheit verursachte Abwesenheit vom Dienst		Dienstaussetzung wegen Krankheit
Die Regierung teilt dem Parlament jährlich die Ergebnisse der periodischen Untersuchungen über die Auswirkungen des Straßenverkehrs auf die Gesellschaft, die Umwelt und die Wirtschaft mit.	Straßenverkehr,Verkehr			Strassenverkehr
Wenn der Verkehr durch Armzeichen oder Lichtzeichen geregelt wird, so gehen diese sowohl den Straßenverkehrszeichen als auch den Bodenmarkierungen vor.	Straßenverkehr,Verkehr			Strassenverkehr
Absatz 2 gilt für alle Fahrzeuge beim Kreuzen und beim Befahren von Kurven und Kuppen, sofern sie nicht auf Straßen mit zwei getrennten Fahrbahnen, einer Fahrbahn mit mindestens zwei Fahrstreifen pro Fahrtrichtung oder einer Einbahn verkehren.	Einbahn,Fahrbahn mit Einbahnverkehr		Fahrbahn für eine Richtung	
Die Brennerautobahn verfügt  über zwei Fahrspuren pro Richtung sowie jeweils eine Notspur.	Notspur,Pannenstreifen		Standspur,Standstreifen	
Die Pannenstreifen dürfen von Fußgängern nur betreten werden, um die Notrufeinrichtungen zu erreichen.	Notspur,Pannenstreifen		Standspur,Standstreifen	
Der Fahrer ist verpflichtet,  a) den Beschleunigungsstreifen zu verwenden, um auf den Fahrstreifen für den durchgehenden Verkehr einzufahren, und den auf diesem Fahrstreifen verkehrenden Fahrzeugen Vorfahrt zu geben .	Fahrstreifen für den durchgehenden Verkehr	Normalspur	Normalspur	Normalspur
Auf den Fahrbahnen, den Rampen und den Einmündungen von Straßen  ist es verboten, a) zu wenden, den Fahrbahnteiler - auch nicht an Unterbrechungen - zu überqueren sowie die Fahrbahn oder einen Teil davon in Gegenrichtung zu befahren, .	Fahrbahnteiler,Verkehrstrennungsinsel	Mittelstreifen	Mittelstreifen	Mittelstreifen
Die Verkehrsteilnehmer dürfen den Bahnübergang nicht überqueren, wenn a) die Schranken oder Halbschranken geschlossen sind oder sich senken .	Bahnübergang	Eisenbahnkreuzung		
An halbbeschrankten Bahnübergängen muss auf Veranlassung und auf Kosten des Eisenbahnbetreibers rechts von der Straße eine Lichtsignalvorrichtung mit zwei roten Wechsellichtzeichen zusammen mit einer akustischen Signalvorrichtung angebracht werden, mit denen rechtzeitig auf das Schließen der Halbschranken hingewiesen wird.	halbbeschrankter Bahnübergang		Bahnübergang mit Halbschranken	Bahnübergang mit Halbschranken
An beschrankten Bahnübergängen kann auf Veranlassung und auf Kosten des Eisenbahnbetreibers rechts von der Straße eine Signalvorrichtung mit rotem Dauerlichtzeichen zusammen mit einer akustischen Signalvorrichtung angebracht werden, mit denen rechtzeitig auf das Schließen der Schranken hingewiesen wird.	beschrankter Bahnübergang	Bahnübergang mit Schranken	Bahnübergang mit Schranken	Bahnübergang mit Schranken
Fußgänger müssen auf den Gehsteigen, den Banketten, den Gehwegen und den anderen für sie eingerichteten Flächen gehen .	Gehsteig		Bürgersteig,Gehweg	Trottoir
Bestandteile einer Straße sind: a) die unmittelbar dem Verkehr dienenden Flächen, wie Fahrbahnen, Radwege, Reitwege, Gehsteige, Gehwege, Geh- und Radwege, Schutzinseln, Haltebuchten, Bushaltestellen, Parkflächen sowie der Grenzabfertigung und der Einhebung von Benutzungsgebühren dienenden Flächen und dergleichen, .	Gehweg		Fußweg	Fussweg
Werden mehrere Straßen gleichzeitig neu angelegt oder an bestehenden höhenfreien Kreuzungen Anschlussstellen neu geschaffen, so haben die Träger der Straßenbaulast die Kosten der Kreuzungsanlage im Verhältnis der Fahrbahnbreiten der an der Kreuzung beteiligten Straßenäste zu tragen.	höhenfreie Kreuzung		höhenungleiche Kreuzung	
Hält eine Straßenbahn oder ein Oberleitungsbus mitten auf der Fahrbahn an, um die Fahrgäste ein und aussteigen zu lassen, und ist keine Schutzinsel vorhanden, so darf rechts nicht überholt werden.	Mittelinsel,Schutzinsel		Verkehrsinsel	Verkehrsinsel
Auf Einbahnstraßen im Ortsgebiet darf auch entlang des linken Fahrbahnrandes geparkt werden, sofern genügend Platz für die Durchfahrt wenigstens einer Fahrzeugreihe frei bleibt, mindestens aber ein drei Meter breiter Streifen.	Einbahnstraße			Einbahnstrasse
Ausgabe von Falschgeld und Einfuhr in das Land ohne Verabredung	Ausgabe von Falschgeld,Ausgeben von Falschgeld	Ausgabe des falschen Geldes		
Es ist verboten, an unbeschrankten Bahnübergängen oder in deren Nähe zu überholen, es sei denn, der Verkehr wird durch eine Ampel geregelt; .	unbeschrankter Bahnübergang	Bahnübergang ohne Schranken		Bahnübergang ohne Schranken
Bei Neubau, Wiederaufbau und Erweiterung von Straßen in geschlossenen Ortschaften müssen die Bannstreifen ab der Straßengrenze mindestens die in der Verordnung für die jeweilige Straßenkategorie angegeben Ausmaße haben.	Straßengrenze			Strassengrenze
Verkauf oder Erwerb von Sachen mit dem nachgemachten Stempelabdruck einer öffentlichen Beglaubigung oder Bescheinigung.	Stempelabdruck einer öffentlichen Beglaubigung	Beglaubigungsstempel	Beglaubigungsstempel	
Die Straßen werden angesichts ihrer baulichen, technischen und funktionellen Merkmale folgendermaßen klassifiziert: A – Autobahnen, B – erstrangige Freilandstraßen, C – zweitrangige Freilandstraßen, D – innerstädtische Durchgangsstraßen, E – Ortsviertelstraßen, F – Lokalstraßen, F-bis. – Geh- und Radwege.	Straße			Strasse
Es ist verboten, ohne vorherige Genehmigung des Straßeneigentümers neue Zufahrten und neue Abzweigungen zwischen der Straße und den anliegenden Grundstücken oder Gebäuden und neue Straßenanschlüsse für den öffentlichen oder privaten Gebrauch festzulegen.	Straßeneigentümer		Eigentümer der Straße	Strasseneigentümer
Wer sich nach dem Konsum alkoholischer Getränke in angetrunkenem Zustand befindet, darf kein Fahrzeug führen.	angetrunkener Zustand	Rauschzustand	Rausch	Angetrunkenheit
An Straßeneinmündungen von einem Pfad, einem Hirtenpfad, einem Saumpfad oder einem Radweg muss der Fahrer anhalten und den auf der Straße verkehrenden Verkehrsteilnehmern Vorrang geben.	Saumpfad			Saumweg
Als Bahnübergänge gelten auch höhengleiche Kreuzungen von Straßenbahnen auf besonderem Bahnkörper mit Straßen, Wegen oder Plätzen, wenn die Vorschriften  eingehalten sind.	Bahnkörper	Gleiskörper	Gleisanlage	
Außerhalb geschlossener Ortschaften müssen Fußgänger auf Gegenverkehrsfahrbahnen gegen die Fahrtrichtung der Fahrzeuge verkehren, auf Fahrbahnen mit Einbahnverkehr an dem Fahrbahnrand, der in der Fahrtrichtung der Fahrzeuge rechts liegt.	Gegenverkehrsfahrbahn	Fahrbahn mit Gegenverkehr	Fahrbahn für beide Richtungen	
In der Straßenverkehrsordnung werden die „Güterwege“ den Gemeindestraßen gleichgestellt.	Gemeindestraße			Gemeindestrasse
Wer öffentlich zum Ungehorsam gegen die Gesetze der öffentlichen Ordnung oder zum Haß zwischen den sozialen Klassen auffordert, wird mit Gefängnisstrafe von sechs Monaten bis zu fünf Jahren bestraft.	öffentliche Ordnung	öffentliche Sicherheit	öffentliche Sicherheit,öffentlicher Frieden	öffentliche Sicherheit
Der Bereitschaftsdienst wird von einer einzigen Person pro Schicht durchgeführt; bei außergewöhnlichen Bedürfnissen, die auf Landesebene als solche deklariert werden, kann der Dienst bis zum Abschluss der Notfallmeldung von zwei Mitarbeitern gleichzeitig ausgeführt werden.	Bereitschaftsdienst	Bereitschaft,Journaldienst		Pikettdienst
Die Landesverwaltung muß das Verkehrsverbot durch Anbringung einer entsprechenden Tafel bekanntgeben; es müssen darauf das Fahrverbotszeichen und der Hinweis auf dieses Gesetz angebracht sein. Die vor Inkrafttreten dieses Gesetzes angebrachte Beschilderung bleibt unverändert.	Beschilderung,Straßenbeschilderung,Verkehrszeichen und -einrichtungen			Signalisation,Strassensignalisation
Die Verkehrszeichen und -einrichtungen werden eingeteilt in a) Verkehrsschilder, b) Bodenmarkierungen, c) Lichtzeichen, d) Zusatzzeichen und -einrichtungen.	Beschilderung,Straßenbeschilderung,Verkehrszeichen und -einrichtungen			Signalisation,Strassensignalisation
Eine willentlich falsche Angabe ist  das schwerste Verbrechen, das ein Wissenschaftler begehen kann.	falsche Angabe,unrichtige Angabe,unwahre Angabe,unwahre Erklärung		Falschangabe	
In folgenden Fällen haben die Bediensteten Anspruch auf bezahlten Sonderurlaub, : bei Heirat ; bei Prüfungen .	bezahlter Sonderurlaub			bezahlter Urlaub
Sofern nichts anderes angezeigt wird , muss das Fahrzeug beim Halten und Parken so nah wie möglich am rechten Fahrbahnrand abgestellt werden, und zwar parallel zu diesem und in Fahrtrichtung.	Parken			Parkieren
Die Lichter der Ampeln für öffentliche Verkehrsmittel haben die Form eines weißen Balkens oder eines gelben Dreieckes auf schwarzem Hintergrund: Ein waagrechter weißer Balken bedeutet „Anhalten“, ein senkrechter gerader Balken bedeutet „Freie Fahrt geradeaus“ .	Anhalten		Warten	
Die Straßeneigentümer müssen die Klassifizierung der Straßen für ihr gesamtes Straßennetz innerhalb eines Jahres ab Erlass der Normen  vornehmen.	Klassifizierung der Straßen	Einteilung der Straßen	Einteilung der Straßen	Einteilung der Strassen
Der Beschuldigte, auf den sich diese ausgedehnte Wirkung bezieht, muß geladen werden und kann am Verfahren, das auf die Zurückverweisung folgt, teilnehmen.	Angeklagter,Beschuldigter		Angeschuldigter	beschuldigte Person
Zustellungen an einen inhaftierten Angeklagten sind am Ort der Inhaftierung durch Aushändigung einer Abschrift an ihn persönlich durchzuführen.	Angeklagter,Beschuldigter		Angeschuldigter	beschuldigte Person
Anwärter/Anwärterinnen auf den Dienstrang eines Seilbahnwartes/einer Seilbahnwartin müssen für jede Anlagenkategorie die für den Führerschein der Klasse B notwendigen Anforderungen an die körperliche und geistige Tauglichkeit erfüllen .	Eignung,Tauglichkeit		Geeignetheit	
In der Verfügung, mit der das Gericht eine Kaution auferlegt, sind ihr Gegenstand, die Art ihrer Erbringung und die Frist, innerhalb der die Leistung erfolgen muß, anzugeben.	Kaution	Sicherheitsleistung	Sicherheitsleistung	Sicherheitsleistung
Niemand kann vorbeugenden Maßnahmen unterworfen werden, wenn gegen ihn nicht schwerwiegende Schuldindizien vorliegen.	schwerwiegende Schuldindizien	dringender Tatverdacht	dringender Tatverdacht	dringender Tatverdacht
Mit der Verfügung, die einen Zwangsaufenthalt anordnet, schreibt das Gericht dem Angeklagten vor, sich ohne Ermächtigung des mit dem Verfahren befaßten Gerichts nicht aus dem Gebiet der Gemeinde, in der er seinen gewöhnlichen Aufenthalt hat, zu entfernen .	Zuweisung eines Zwangsaufenthalts,Zwangsaufenthalt		Aufenthaltsbeschränkung	Verpflichtung zum Nichtverlassen eines Ortes
Mit der Verfügung, welche die Pflicht zur Meldung bei der Gerichtspolizei auferlegt, schreibt das Gericht dem Angeklagten vor, sich bei einer bestimmten Diensstelle der Gerichtspolizei zu melden.	Pflicht zur Meldung bei der Gerichtspolizei,Verpflichtung, sich bei der Gerichtspolizei zu melden		Meldepflicht	
Ein Amtsgutachten ist zuzulassen, wenn Erhebungen angestellt oder Daten oder Bewertungen eingeholt werden müssen, die eine besondere technische, wissenschaftliche oder künstlerische Fachkenntnis erfordern.	Amtsgutachten	Gutachten,Sachverständigengutachten	Gutachten,Sachverständigengutachten	Gutachten
Der Urkundenbeweis erfolgt idR dadurch, dass der Beweisführer eine in seinen Händen befindliche Urkunde vorlegt.	Urkundenbeweis		Urkundsbeweis	
Eigentümer von Kraftwagen, Kradfahrzeugen oder Anhängern oder entsprechend Berechtigte müssen, innerhalb von 60 Tagen, dem zuständigen Amt des öffentlichen Kraftfahrzeugregisters die endgültige Ausfuhr des Fahrzeugs ins Ausland mitteilen. Die Eigentumsbescheinigung und der Fahrzeugschein müssen zurückgegeben werden.	Eigentumsbescheinigung		Fahrzeugbrief	
Zweck der Trinkwasserverordnung (TrinkwV) ist es, die menschliche Gesundheit vor nachteiligen Einflüssen, die sich aus einer Verunreinigung von Trinkwasser ergeben, zu schützen.	Verunreinigung		Verseuchung	Verseuchung
Im Ausland zugelassene Kraftwagen, Kradfahrzeuge und Anhänger, für die, falls vorgeschrieben, die Zollformalitäten oder die Formalitäten  erledigt wurden, dürfen in Italien mit der Zulassungsbescheinigung des Herkunftsstaates höchstens ein Jahr lang verkehren.	Zulassungsbescheinigung des Herkunftsstaates		ausländischer Zulassungsschein	Fahrzeugausweis,befristeter Fahrzeugausweis
Kraftwagen, Kradfahrzeuge und Anhänger, die im Ausland zugelassen wurden, müssen hinten mit dem Unterscheidungszeichen des Herkunftsstaates versehen sein, wenn sie in Italien verkehren.	Unterscheidungszeichen des Herkunftsstaates,Unterscheidungszeichen des Zulassungsstaates	Unterscheidungszeichen des Heimatstaates	Nationalitätszeichen,Unterscheidungszeichen für den Zulassungsstaat	Landeszeichen
Das letzte Fahrzeug des Verbands landwirtschaftlicher Maschinen muss ein Wiederholungskennzeichen der landwirtschaftlichen Zugmaschine führen, wenn bei dieser das Kennzeichen verdeckt ist.	Wiederholungskennzeichen		grünes Kennzeichen	
Ist eine Kollokation durch betrügerische Angaben erschlichen worden, so ist sie  nichtig und der Rechtskraft nicht fähig.	Rechtskraft,rechtskräftige Entscheidung			rechtskräftiger Entscheid
Voraussetzung für eine Kostenbestimmung  ist das Vorliegen einer rechtskräftigen Entscheidung über die grundsätzliche Kostenersatzpflicht .	Rechtskraft,rechtskräftige Entscheidung			rechtskräftiger Entscheid
Die Staatsanwaltschaft kann aus Gründen der Strafrechtspflege den vorgenannten Auszug hinsichtlich einer den Vorerhebungen unterworfenen Person, eines Angeklagten oder eines Verurteilten beantragen.	Strafrechtspflege	Strafjustiz	Strafjustiz	Strafjustiz
Ist ein Urteil, das auf Verurteilung zu einer Freiheitsstrafe lautet, zu vollziehen, so erläßt die Staatsanwaltschaft einen Vollstreckungsbefehl, mit dem sie, wenn der Verurteilte nicht bereits inhaftiert ist, dessen Verhaftung anordnet. Eine Abschrift des Befehls ist dem Betroffenen auszuhändigen.	Vollstreckungsbefehl	Anordnung des Vollzugs,Vollzugsanordnung	Anordnung zur Vollstreckung	Anordnung des Strafvollzugs
Zugunsten der Verurteilten ist jederzeit in den vom Gesetz bestimmten Fällen eine Wiederaufnahme gegen unwiderruflich gewordene, auf Verurteilung lautende Urteile und Strafbefehle zulässig .	Wiederaufnahme			Revision
Der Berufungskläger muß eine Abschrift des angefochtenen Urteils in seine Akte einfügen.	Berufungskläger	Berufungswerber	Berufungsführer	
Die Beschwerde gegen den Widerruf hat aufschiebende Wirkung und gilt als angenommen, wenn eine Entscheidung darüber nicht innerhalb von sechzig Tagen mitgeteilt wird.	aufschiebende Wirkung		Suspensiveffekt	
Sind die neuen Beweise erst nach dem Verfahren erster Instanz entstanden oder aufgefunden worden, so ordnet das Gericht in den , vorgesehenen Grenzen die Erneuerung des Beweisverfahrens in der Hauptverhandlung an.	Erneuerung des Beweisverfahrens in der Hauptverhandlung,Neudurchführung der Hauptverhandlung zur Aufnahme der für die Entscheidung erheblichen Beweise	Beweiswiederholung		
Wenn ein Berufungsurteil für nichtig erklärt worden ist und die Parteien es beantragen, ordnet das Gericht die Neudurchführung der Hauptverhandlung zur Aufnahme der für die Entscheidung erheblichen Beweise an.	Erneuerung des Beweisverfahrens in der Hauptverhandlung,Neudurchführung der Hauptverhandlung zur Aufnahme der für die Entscheidung erheblichen Beweise	Beweiswiederholung		
Die Verhandlung wird vertagt, wenn eine berechtigte Verhinderung des Angeklagten, der den Willen zu erscheinen bekundet hat, vorliegt.	berechtigte Verhinderung	unabwendbare Verhinderung	Verhinderung ohne Verschulden	unabwendbares Hindernis
Die Beschwerde muß bei sonstiger Unzulässigkeit enthalten:  die Angabe der Prozeßvollmacht, wenn sie mit einem eigenen Schriftstück erteilt worden ist, sowie bei Gewährung der Verfahrenshilfe die Angabe des entsprechenden Dekrets.	Gewährung der Verfahrenshilfe,Zulassung zum kostenlosen Rechtsbeistand	Bewilligung der Verfahrenshilfe	Bewilligung der Prozesskostenhilfe	Bewilligung der unentgeltlichen Rechtspflege
Die Parteien können den in Artikel 444, Absatz 1, vorgesehenen Antrag bis zur Erklärung der Eröffnung der Hauptverhandlung erster Instanz stellen.	Eröffnung der Hauptverhandlung,Eröffnung der Verhandlung	Beginn der Hauptverhandlung		Beginn der Hauptverhandlung
Die Beweisaufnahme muß in derselben Verhandlung oder, falls nötig, in einer Verhandlung abgeschlossen werden, die an den unmittelbar darauffolgenden Werktagen stattfinden muß.	Beweisaufnahme			Beweisabnahme
Erklärungen, die ein Mitangeklagter, dem dieselbe strafbare Handlung zur Last gelegt wird, oder eine Person abgibt, die in einem gemäß Artikel 12 zusammenhängenden Verfahren angeklagt ist, sind zusammen mit allen sonstigen Beweisumständen, die ihre Glaubwürdigkeit untermauern, zu würdigen.	Mitangeklagter	Mitbeschuldigter		
Mit dem Strafbefehl oder dem Urteil beauftragt das Gericht das örtliche Amt für Strafvollstreckung  , zu überprüfen, ob die gemeinnützige Arbeit effektiv geleistet wird.	Strafbefehl	Strafbescheid,Strafverfügung		Strafbescheid,Strafverfügung
Die Urteilsfällung ist beim Einzelrichter ein rein innerer Vorgang; beim Senat wird das Urteil durch Abstimung gefällt.	Urteilsfällung		Fällung des Urteils,Urteilsfindung	
Nach erfolgter Überprüfung der Einlassung der Parteien erklärt das Gericht die Erörterung für eröffnet.	Erörterung	Vorträge der Parteien		
Nach Abschluß der Beratung faßt der Vorsitzende den Urteilsspruch ab und unterzeichnet ihn.	Urteilsspruch	Urteilstenor	Tenor,Urteilsformel	Dispositiv,Urteilsformel
Der Präsident des Landesgerichts oder des Schwurgerichts kann, nachdem das Dekret, auf Einleitung des Hauptverfahrens bei ihm eingegangen ist, bei Vorliegen rechtfertigender Gründe mit Dekret die Verhandlung nicht mehr als einmal vorverlegen oder auf später verschieben.	Hauptverfahren	Hauptverhandlung		Hauptverhandlung
Der Angeklagte nimmt an der Verhandlung als freie Person teil , selbst wenn er inhaftiert ist , sofern in einem solchen Fall nicht Vorkehrungen nötig sind , mit welchen der Gefahr einer Flucht oder Gewaltanwendung vorgebeugt werden soll .	als freie Person	ungefesselt	ungefesselt	
Die Eltern und, wenn diese fehlen, die übrigen Vorfahren sowie die Verwandten bis zum dritten Grad der Seitenlinie können gegen die Eheschließung ihrer Verwandten aus jedem Grund, der der Eheschließung entgegensteht, Widerspruch erheben.	Widerspruch	Einspruch	Einspruch	Einrede,Einspruch
Über die von den Parteien im Lauf der Hauptverhandlung aufgeworfenen Zwischenstreitfragen entscheidet das Gericht sofort und nach deren Erörterung, die auf in Artikel 491 vorgesehene Art und Weise zu erfolgen hat, mit Beschluß.	Zwischenstreitfrage			Zwischenfrage
Die Staatsanwaltschaft erhebt, wenn sie nicht die Archivierung beantragen muß, Anklage, indem sie in den im 2., 3., 4. und 5. Titel des 4. Buche (444 ff.) vorgesehenen Fällen den Anklagesatz abfaßt oder die Einleitung des Hauptverfahrens (417) beantragt.	Einleitung des Hauptverfahrens	Anordnung der Hauptverhandlung	Eröffnung des Hauptverfahrens	
Die Hauptstrafen werden vom Richter durch das auf Verurteilung lautende Urteil verhängt; die Nebenstrafen treten kraft Gesetzes als strafrechtliche Wirkung der Verurteilung ein.	auf Verurteilung lautendes Urteil	schuldig sprechendes Urteil	verurteilendes Urteil	
Wenn die Anklage nicht erhoben werden hätte dürfen oder nicht weiter verfolgt werden darf, fällt das Gericht ein Urteil auf Unzulässigkeit des Verfahrens, wobei der Grund hierfür im Urteilsspruch anzuführen ist.	Urteil auf Unzulässigkeit des Verfahrens		Einstellungsurteil	
Über den Antrag auf Aussetzung des Verfahrens gemäß dem vorhergehenden Artikel entscheidet der Vollstreckungsrichter nach Anhörung der Parteien mit Beschluß.	Aussetzung des Verfahrens	Unterbrechung des Verfahrens	Verfahrensaussetzung	Sistierung des Verfahrens
Anwärter auf den Führerschein der Klasse B müssen an einer Fahrschule mit einem ausgebildeten und dazu berechtigten Praxisfahrlehrer Fahrübungen auf der Autobahn oder auf Freilandstraßen sowie bei Dunkelheit machen.	Freilandstraße		Außerortsstraße	
Als Berechnungsbasis des Betrags, der jährlich dem Land zu überweisen ist wird die Menge der Bioabfälle  berücksichtigt, die einer Verwertungsanlage zugeführt wird (davon ausgenommen sind die Grünabfälle).	Bioabfall			biogener Abfall
Wenn sich auch aus der Festsetzung des Aufgabenbereiches Schlussfolgerungen für die konkreten Dienstpflichten des ao Universitätsprofessors ergeben, so ist dies als Organisationsakt von dem dienstrechtlichen Ernennungsakt zu unterscheiden.	Organisationsakt	organisationsrechtlicher Akt		
Kleinkrafträder müssen für den Straßenverkehr mit Folgendem ausgerüstet sein: mit einer Fahrzeugbescheinigung, welche die baulichen Daten und die Identifizierungsdaten des Fahrzeugs enthält sowie die Daten des Kennzeichens und des Inhabers.	Fahrzeugbescheinigung	Zulassungsschein		Fahrzeugausweis
Änderung der baulichen Merkmale bereits verkehrender Fahrzeuge und Nachtrag im Fahrzeugschein	Nachtrag im Fahrzeugschein		Berichtigung der Zulassungsbescheinigung Teil I	
Die Person, welche die Anhaltung vorgenommen hat, hat den Angehaltenen und die Sachen, die Überführungsstücke darstellen, an die Gerichtspolizei zu übergeben .	Angehaltener,Verhafteter	Festgenommener	Festgenommener	Festgenommener,angehaltene Person
Die Anklage ist von Amts wegen zu erheben, wenn nicht ein Strafantrag, ein Ersuchen, ein Ansuchen oder eine Ermächtigung zur Strafverfolgung notwendig ist.	Anklage,Strafverfolgung	Strafklage	Strafklage	
In Interessensabwägung zwischen Opferschutz, effektiver Opferhilfe und legitimer Strafverfolgung hat sich der Gesetzgeber  dazu entschlossen, Behörden oder öffentliche Dienststellen dann von der Anzeigepflicht auszunehmen, wenn die Anzeige eine amtliche Tätigkeit beeinträchtigen würde, deren Wirksamkeit eines persönlichen Vertrauensverhältnisses bedarf.	Anklage,Strafverfolgung	Strafklage	Strafklage	
Erläßt der Richter für die Vorerhebungen das Dekret auf Archivierung, verständigt er, wenn er weitere Erhebungen für erforderlich hält, die Generalstaatsanwaltschaft beim Oberlandesgericht.	Archivierungsdekret,Dekret auf Archivierung		Verfügung der Einstellung	
Die Verhandlung findet in nichtöffentlicher Sitzung unter notwendiger Teilnahme der Staatsanwaltschaft und des Verteidigers der den Vorerhebungen unterworfenen Person statt. Ebenso hat der Verteidiger der verletzten Person ein Recht, an ihr teilzunehmen.	Verteidiger der verletzten Person		Vertreter des Verletzten	Vertreter des Verletzten
Der Präsident des Oberlandesgerichts nimmt so bald als möglich und jedenfalls innerhalb von fünf Tagen ab der Vollstreckung der Zwangsmaßnahme die Identifizierung der Person vor.	Feststellung der Identität der Person,Identifizierung der Person		Identitätsfeststellung	
Die Feststellung der Identität der Person, gegen welche die Erhebungen geführt werden, kann erforderlichenfalls auch durch die Abnahme von Fingerabdrücken, durch fotografische Aufnahmen und durch die Abnahme der Körpermaße sowie durch sonstige Ermittlungen vorgenommen werden.	Feststellung der Identität der Person,Identifizierung der Person		Identitätsfeststellung	
Gegenstand der Beweisführung sind Tatsachen, die sich auf die Anklage, auf die Strafbarkeit und auf die Bestimmung der Strafe oder der Sicherungsmaßnahme beziehen (348, 421 Abs. 2).	Anklage,Anklagesatz	Anklageschrift,Anklagetenor	Anklageschrift	
Die Gerichtspolizei nimmt jede Erhebung und Tätigkeit vor, die ihr von der Gerichtsbehörde angeordnet oder übertragen worden ist.	Erhebung	Ermittlung	Ermittlung	Ermittlung
Die von der Staatsanwaltschaft und von der Gerichtspolizei vorgenommenen Erhebungshandlungen, unterliegen so lange der Geheimhaltung bis der Angeklagte von ihnen Kenntnis erlangen darf und jedenfalls nicht über den Abschluß der Vorerhebungen hinaus.	Vorerhebungen	Ermittlungen	Ermittlungen	Ermittlungen
Die Gerichtspolizei nimmt weiters die Festnahme aus eigenem Betrieb vor, wenn in der Folge der Verdächtige individualisiert wird oder wenn besondere Umstände hinzukommen, welche die Gefahr, daß der Verdächtige zu fliehen im Begriff ist .	Verdächtiger,eines Verbrechens verdächtigte Person	Tatverdächtiger		Tatverdächtiger
Das Ansuchen um Strafverfolgung wird durch die verletzte Person in den für den Strafantrag vorgesehenen Formen gestellt.	Ansuchen um Strafverfolgung,Strafantrag	Verfolgungsantrag		
Der Strafantrag wird mittels einer Erklärung gestellt, in welcher persönlich oder durch einen besonders Bevollmächtigten der Wille geäußert wird, daß eine vom Gesetz als strafbare Handlung vorgesehene Tat verfolgt werden soll.	Ansuchen um Strafverfolgung,Strafantrag	Verfolgungsantrag		
Ladungen von Personen, die über den Sachverhalt Bescheid wissen	Person, die über den Sachverhalt Bescheid weiß	Auskunftsperson		Auskunftsperson
Beim Überqueren von Eisenbahn- oder Straßenbahnlinien muss der Fahrer den Schienenfahrzeugen Vorfahrt geben, sofern nichts anderes angezeigt ist.	Vorfahrt	Vorrang		Vortritt
Bei Erreichen des Rentenalters und der übrigen Voraussetzungen wird das ordentliche Invalidengeld von Amts wegen in eine Altersrente umgewandelt.	Invalidengeld,ordentliches Invalidengeld		Rente wegen teilweiser Erwerbsminderung,teilweise Erwerbsminderungsrente	Teilinvalidenrente
Die Versicherungskassen zahlen folgende Renten aus:  Bei Eintritt von Invalidität, durch welche die Arbeits- und Verdienstfähigkeit eingeschränkt wird, das Invalidengeld bzw. die Arbeitsunfähigkeitsrente.	Invalidengeld,ordentliches Invalidengeld		Rente wegen teilweiser Erwerbsminderung,teilweise Erwerbsminderungsrente	Teilinvalidenrente
Ein Fahrzeug dient der Vermietung ohne Fahrer, wenn sich der Vermieter gegen Entgelt verpflichtet, es dem Mieter für seine Bedürfnisse zur Verfügung zu stellen.	Vermietung ohne Fahrer	Vermietung des Fahrzeuges ohne Beistellung eines Lenkers	Mietwagen für Selbstfahrer	
Die Wahlwerberlisten jedes Wahlkreises sind mit einer Erklärung vorzulegen, die von nicht weniger als 400 und nicht mehr als 600 Wählern unterzeichnet sein muß, die im jeweiligen Wahlkreis für die Wahl des Regionalrates das Recht zur Stimmabgabe besitzen.	Kandidatenliste,Wahlwerberliste		Wahlvorschlagliste,Wahlvorschlagsliste	
Wer bei Fahrübungen als Fahrlehrer unterweist, muss den vorgeschriebenen Führerschein und, wenn es sich um den Fahrlehrer einer Fahrschule handelt, auch den Fahrlehrerschein  mitführen.	Fahrlehrer,Praxis-Fahrschullehrer,Praxisfahrlehrer	Fahrschullehrer		
Das Amt für zivile motorisierung stellt dem Führerscheinanwärter eine erlaubnis aus (Fahrübungsschein), mit welcher er mit den Fahrzeugen derselben Kategorie, für welche er den Führerschein erwerben möchte, das Fahren üben darf.	Führerscheinanwärter,Führerscheinbewerber	Bewerber um eine Lenkberechtigung	Berwerber um eine Fahrerlaubnis,Fahrerlaubnisbewerber	Bewerber um den Führerausweis
Der Unternehmer und der Arbeitnehmer sind gegenseitig verpflichtet, den Arbeitsversuch, der Gegenstand der Probeabmachung bildet, vornehmen zu lassen und vorzunehmen.	Probeabmachung		Probezeitklausel	Probezeitklausel
Inhaber einer provisorischen Fahrerlaubnis dürfen Fahrübungen auf Fahrzeugen jener Klassen machen, für die sie den Führerschein oder die Ausdehnung der Führerscheingültigkeit beantragt haben; .	Ausdehnung der Führerscheingültigkeit	Ausdehnung der Lenkberechtigung	Erweiterung der Fahrerlaubnis	
Verkehrsschilder werden in folgende Kategorien eingeteilt: A) Gefahrenzeichen , B) Vorschriftszeichen , C) Hinweiszeichen .	Verkehrsschild	vertikales Verkehrszeichen	vertikales Verkehrszeichen	
Gefahrenzeichen  kündigen Gefahren an, geben deren Art an und mahnen den Fahrer, sich vorsichtig zu verhalten.	Gefahrenzeichen			Gefahrensignal
Vorschriftszeichen  zeigen Gebote, Verbote und Einschränkungen an, an die sich die Verkehrsteilnehmer halten müssen, und werden eingeteilt in a) Vorfahrtszeichen, b) Verbotszeichen, c) Gebotszeichen .	Vorschriftszeichen			Vorschriftssignal
Hinweiszeichen  werden eingeteilt in: a) Vorankündigungszeichen, b) Richtungszeichen, c) Bestätigungszeichen, .	Hinweiszeichen		Richtzeichen	Hinweissignal
Die Bodenmarkierungen werden eingeteilt in: a) Längslinien, b) Querlinien, c) Fußgänger- oder Radfahrerüberwege, d) Richtungspfeile, .	Bodenmarkierung		Fahrbahnmarkierung	Markierung
Als Handwerksunternehmen gilt  ein Unternehmen, das  in Form einer Gesellschaft  gegründet und geführt wird, vorausgesetzt, daß die Mehrheit der Gesellschafter vorwiegend die eigene, auch manuelle Tätigkeit in den Produktionsprozeß einbringt.	manuelle Arbeit,manuelle Arbeitsleistung,manuelle Tätigkeit	körperliche Arbeit	körperliche Arbeit	
Arbeitnehmer ist, wer sich verpflichtet, gegen Entlohnung im Unternehmen durch eigene geistige oder manuelle Arbeitsleistung in Abhängigkeit vom Unternehmer und unter dessen Leitung mitzuarbeiten.	manuelle Arbeit,manuelle Arbeitsleistung,manuelle Tätigkeit	körperliche Arbeit	körperliche Arbeit	
Es ist grundlegend, dass der Speiseeishersteller oder die Speiseeisherstellerin den gesamten Verarbeitungsprozess von der Zubereitung der Grundmischung bis zur Anrührung ausführt und seine bzw. ihre manuelle Arbeit gegenüber dem technischen Prozess überwiegt.	manuelle Arbeit,manuelle Arbeitsleistung,manuelle Tätigkeit	körperliche Arbeit	körperliche Arbeit	
In der Regionalkommission für die Landarbeiter  werden der Vertreter des Ministeriums für Land- und Forstwirtschaft und der Vertreter der Entwicklungskörperschaften und -anstalten durch einen Vertreter der Provinz Trient und einen Vertreter der Provinz Bozen ersetzt.	Landarbeiter	Land- und Forstarbeiter	landwirtschaftlicher Arbeitnehmer	landwirtschaftlicher Arbeitnehmer
Die zeitweilige Dienstenthebung besteht in der Entfernung vom Dienst und im Entzug des Gehalts für nicht mehr als ein und nicht mehr als sechs Monate.	zeitweilige Dienstenthebung,zeitweilige Enthebung vom Dienst	vorläufige Dienstenthebung,vorläufige Suspendierung	vorläufige Dienstenthebung	vorläufige Dienstenthebung
Die zeitweilige Enthebung vom Dienst hat die Entfernung vom Dienst und die Streichung des Gehaltes für nicht weniger als einen Monat und nicht mehr als sechs Monate zur Folge.	zeitweilige Dienstenthebung,zeitweilige Enthebung vom Dienst	vorläufige Dienstenthebung,vorläufige Suspendierung	vorläufige Dienstenthebung	vorläufige Dienstenthebung
Einer der Stimmzähler übernimmt die Aufgaben des Schriftführers des Sonderwahlamtes.	Stimmenzähler,Stimmzähler		Beisitzer	
In jedem Sprengel wird eine Wahlbehörde gebildet, die aus einem Vorsitzenden, vier Stimmenzählern und einem Schriftführer zusammengesetzt ist.	Stimmenzähler,Stimmzähler		Beisitzer	
Der Dienst für Basismedizin erbringt durch die Sprengel folgende Leistungen: k) stationäre Betreuung von älteren Menschen und Behinderten l) Gesundheitsförderung und Gesundheitserziehung.	stationäre Betreuung	stationäre Pflege	stationäre Pflege	
Für Angehörige der evangelischen Kirchen AB und HB, der Altkatholischen Kirche und der Evangelisch-methodistischen Kirche ist auch der Karfreitag ein Feiertag.	Feiertag,Feiertag, der auf einen Werktag fällt	gesetzlicher Feiertag		gesetzlicher Feiertag
Wenn der Bereitschaftsdienst auf einen Feiertag fällt, so hat der Bedienstete das Recht auf einen Ausgleichsruhetag, ohne dass dadurch die Wochenpflichtstunden reduziert werden.	Ausgleichsruhetag	Ersatzruhe,Ersatzruhetag	Ersatzruhetag	Ersatzruhe,Ersatzruhetag
Bei Stimmengleichheit gewinnt die Wahl, wer mit der meistgewählten Liste oder Listengruppierung verbunden ist (höchste Wahlziffer).	Listengruppierung		Listenverbindung	Listenverbindung
Alle Privatrechtssubjekte, die mit Verwaltungstätigkeiten betraut sind, gewährleisten die Beachtung der Kriterien und Grundsätze  auf einem Niveau, das nicht niedriger ist als jenes, zu dem die öffentlichen Verwaltungen auf Grund dieses Gesetzes Nr. 241/1990 verpflichtet sind.	Privatrechtssubjekt,privater Rechtsträger,privates Rechtssubjekt,privatrechtliches Rechtssubjekt			Rechtsträger des Privatrechts
Bei Ablauf des Vertrages wird dem Arbeitnehmer eine Prämie aus Anlaß der Beendigung der Arbeit bezahlt, die im Verhältnis zur Dauer des Vertrages bestimmt wird und der in den Kollektivverträgen vorgesehenen Abfertigung entspricht.	Abfertigung		Abfindung	
Die vom Wahlwerber bei Erklärung der Annahme der Kandidatur angegebene Sprachgruppenzugehörigkeit muß der Erklärung entsprechen, die er im Sinne des Artikels 18 des Dekrets des Präsidenten der Republik vom 26. Juli 1976, Nr. 752  abgegeben hat.	Kandidat,Wahlwerber		Wahlbewerber	
Ein gerichtlicher Vergleich kann auch dadurch geschlossen werden, dass die Parteien dem Gericht einen schriftlichen Vergleichsvorschlag unterbreiten oder einen schriftlichen Vergleichsvorschlag des Gerichts durch Schriftsatz gegenüber dem Gericht annehmen.	gerichtliche Schlichtung,gerichtlicher Vergleich	Prozessvergleich	Prozessvergleich	
Arbeitgeber können bisher illegal beschäftigte Arbeitnehmer aus Nicht-EU-Ländern legalisieren lassen.	Arbeitnehmer aus Nicht-EU-Ländern	Arbeitnehmer aus einem Nicht-EU-Staat	ausländischer Arbeitnehmer	
Der Erstattungsbetrag darf die Kosten des abgestellten Arbeitnehmers nicht überschreiten; dem abstellenden Arbeitgeber darf aus der Abtretung kein Gewinn erwachsen, da dies eine unrechtmäßige und unzulässige Form von Leiharbeit darstellen würde.	abgestellter Arbeitnehmer	entsandter Arbeitnehmer	entsandter Arbeitnehmer	entsandter Arbeitnehmer
Die Ärzte für Allgemeinmedizin sind verpflichtet ihre Tätigkeit in direkter Betreuungsform nur gegenüber den Betreuten auszuüben, die sie vorher gewählt haben.	Allgemeinmediziner,Arzt für Allgemeinmedizin,Hausarzt,Vertrauensarzt		Allgemeinarzt	
Im Jahr 2018 hatten 508.127 Betreuungsberechtigte ihren Allgemeinmediziner und Kinderarzt freier Wahl gewählt; davon wurden 441.198 von den Allgemeinmedizinern betreut, 66.929 von den Kinderärzten freier Wahl.	Allgemeinmediziner,Arzt für Allgemeinmedizin,Hausarzt,Vertrauensarzt		Allgemeinarzt	
Wo kein Dienst für Betreuungskontinuität, der von den vertragsgebunden Ärztinnen und Ärzten  angeboten wird, eingerichtet ist, sichert der SB Sanitätsbetrieb der Autonomen Provinz Bozen die BK  Betreuungskontinuität mittels der VGM vernetzte Gruppenmedizin.	Dienst für Betreuungskontinuität,ärztlicher Bereitschaftsdienst	ärztlicher Notdienst	ärztlicher Notdienst	
Durch die Eintragung eines privaten Gewässers in das Verzeichnis der öffentlichen Gewässer erwerben die ehemaligen Eigentümer des Gewässers darin das Eigenfischereirecht.	privates Gewässer	Privatgewässer	Privatgewässer	
Nicht protokollierungspflichtig sind Gesetzesanzeiger, Amtsblätter, Nachrichtenblätter der öffentlichen Verwaltung, Zeitungen, Zeitschriften, Bücher, Broschüren, Informations- und Werbematerial, Einladungen zu Veranstaltungen, Entwürfe von Dokumenten, statistisches Material, vertrauliche Korrespondenz sowie getrennt registrierte Dokumente (wie beispielsweise Beschlüsse und Dekrete).	Amtsblatt			Amtliches Bulletin
Die Person arbeitet an festen Produktionsanlagen, an Maschinen, am Fließband oder fährt Kraftfahrzeuge.	Fließband			Fliessband
Die Treuepflicht  bürdet dem Beschäftigten zwei Verbote auf; es sind dies ein Wettbewerbsverbot und die Wahrung des Betriebsgeheimnisses .	Wahrung des Betriebsgeheimnisses	Geheimhaltungspflicht,Verschwiegenheitspflicht	Geheimhaltungspflicht,Verschwiegenheitspflicht	Geheimhaltungspflicht,Verschwiegenheitspflicht
Hier tritt der Art. 36 der ital.Verfassung in Kraft, der besagt, dass der Arbeitnehmer jedenfalls Anspruch auf eine angemessene Entlohnung hat um sich und seiner Familie eine freie und würdige Existenz zu gewährleisten.	angemessene Entlohnung	Angemessenheit der Vergütung,angemessene Vergütung	Angemessenheit der Vergütung,angemessene Vergütung	
Man unterscheidet zwischen Zeit- und Stückakkord, gemischten oder vollen.	Stückakkord	Geldakkord	Geldakkord	
Nichtig sind die Stimmen der Wahlzettel,  die derartige Eintragungen oder Zeichen enthalten, daß man in unanfechtbarer Weise annehmen muß, der Wähler habe seine Stimmabgabe erkennen lassen wollen .	Stimmzettel,Wahlzettel	amtlicher Stimmzettel	amtlicher Stimmzettel	
Es werden folgende Zweckbestimmung für Bauwerke oder Teile davon unterschieden: Wohnen, Dienstleistung, Einzelhandel, gastgewerbliche Tätigkeit, öffentliche Dienste und Einrichtungen von öffentlichem Interesse, Handwerkstätigkeit, Industrie, Großhandel und Einzelhandel , landwirtschaftliche Tätigkeit.	Zweckbestimmung	Zweckwidmung		
Dies schließt Informationen aus, die als Teil eines Rundfunkdienstes über ein elektronisches Kommunikationsnetz an die Öffentlichkeit weitergeleitet werden, soweit die Informationen nicht mit einem bestimmten oder bestimmbaren Teilnehmer oder Nutzer, der sie erhält, in Verbindung gebracht werden können, .	Teilnehmer,Vertragnehmer			Kunde
Zur Personenbeförderung im Mietfahrzeug mit Fahrer dürfen folgende Fahrzeuge bestimmt werden: a) Krafträder mit oder ohne Beiwagen, b) dreirädrige Kraftfahrzeuge, d) Personenkraftwagen, e) Kraftomnibusse, f) Kombinationskraftwagen oder Kraftwagen zur spezifischen Personenbeförderung, g) Gespannfuhrwerke.	Mietfahrzeug mit Fahrer		Mietwagen mit Fahrer,Mietwagenverkehr,Verkehr mit Mietwagen	
Sofern keine schwerere Straftat vorliegt, wird Trunkenheit am Steuer folgendermaßen geahndet: a) mit einer verwaltungsrechtlichen Geldbuße zwischen 531 und 2.125 Euro, wenn ein Wert ermittelt wird, der einem Alkoholgehalt über 0,5 und höchstens 0,8 Gramm pro Liter (g/l) entspricht.	Alkoholgehalt	BAK,Blutalkoholgehalt,Blutalkoholkonzentration	BAK,Blutalkoholgehalt,Blutalkoholkonzentration	BAK,Blutalkoholgehalt,Blutalkoholkonzentration
Trunkenheit am Steuer bei Fahrern unter 21 Jahren, bei Führerscheinneulingen und bei Berufskraftfahrern im Personen- oder Güterkraftverkehr	Führerscheinneuling	Fahranfänger	Fahranfänger	Neulenker
Bei der Bewertung des Kreditrisikos greifen die Banken auf exerne Rating-Agenturen zurück .	Kreditrisiko		Bonitätsrisiko	
Es dürfen nur Anteile einer Investmentgesellschaft oder Anteile eines anderen Kapitalanlagefonds erworben werden, sofern die Anteile öffentlich, ohne eine Begrenzung der Zahl der Anteile angeboten werden und die Anteilinhaber das Recht zur Rückgabe der Anteile haben.	Investmentgesellschaft	Wertpapierfirma		
Wer eine kontrollierende Beteiligung erlangt, ohne dies durch zeitnahe Handlungen, wie insbesondere durch Anteilserwerb bewirkt zu haben, muss kein Angebot legen, wenn er beim Erwerb der Anteile nicht mit der Kontrollerlangung rechnen musste.	Anteilserwerb		Wertpapiererwerb	Kauf der Anteile
Ein unabhängiger Verwalter darf  keine geschäftsführenden Tätigkeiten wahrnehmen, d.h. beispielsweise nicht in einem gegebenenfalls vorhandenen Vollzugsausschuss vertreten sein bzw. Befugnisse oder Beauftragungen wahrnehmen, welche – auch nur am Rande – mit der Geschäftsführung der Bank im Zusammenhang stehen.	unabhängiger Verwalter		unabhängiges Vorstandsmitglied	
Für die erste Zusammensetzung des Senates der Republik werden mit Dekret des Präsidenten der Republik die Abgeordneten der Verfassunggebenden Versammlung zu Senatoren ernannt, welche die gesetzlichen Voraussetzungen, um Senatoren sein zu können, besitzen .	verfassunggebende Versammlung	Konstituierende Nationalversammlung	Verfassungskonvent	Verfassungskommission
Die Partei, welche im Laufe des Verfahrens keinen Einwand erhebt, dass die Schlussanträge der anderen Parteien den Rahmen der Schiedsvereinbarung überschreiten, darf aus diesem Grund den Schiedsspruch nicht anfechten.	Schiedsvereinbarung			Schiedsabrede
Die Gesetze der Verfassungsrevision und die anderen Verfassungsgesetze werden von jeder Kammer durch zwei mit einer Zwischenzeit von mindestens drei Monaten gefaßten Entschließungen angenommen und mit absoluter Mehrheit der Mietglieder beider Kammern bei der zweiten Abstimmung genehmigt.	Gesetz der Verfassungsrevision	Verfassungsgesetznovelle	Gesetz zur Änderung der Verfassung	
Die örtliche Unzuständigkeit kann, außer in den Fällen des Artikels 28, nur in der Klagebeantwortung oder allgemein in der ersten Verteidigungshandlung im Verfahren erster Instanz eingewendet werden.	Verteidigungshandlung,Verteidigungsschrift,Verteidigungsvorbringen	Gegenvorbringen	Gegenvorbringen,Verteidigungsmittel	
Wenn die Gerichtsbarkeit aufgrund des Artikels 3 nicht vorliegt, so ist sie trotzdem gegeben,  wenn der Beklagte sich in das Verfahren einläßt, ohne im ersten Verteidigungsvorbringen das Fehlen der Gerichtsbarkeit einzuwenden.	Verteidigungshandlung,Verteidigungsschrift,Verteidigungsvorbringen	Gegenvorbringen	Gegenvorbringen,Verteidigungsmittel	
Im Fall unbedingter Dringlichkeit kann die Zivilklage im Interesse des Geschädigten, der wegen Geisteskrankheit unfähig oder minderjährig ist, von der Staatsanwaltschaft erhoben werden .	Geisteskrankheit		Bewusstseinstörung,krankhaft seelische Störung	
Der Vorsitzende kann kraft der ihm durch § 254 eingeräumten diskretionären Gewalt die Ladung und Vernehmung von Personen verfügen, deren Ladung nicht oder nicht rechtzeitig von den Parteien beantragt wurde.	Ladung	Vorladung		Vorladung,Zitation
Die Mitglieder des Vorstands können nicht zu Mitgliedern des Aufsichtsrat bestellt werden .	Mitglied des Aufsichtsrats	Aufsichtsratsmitglied	Aufsichtsratsmitglied	Aufsichtsratsmitglied
Der Schutz der Wohnung umfasst die räumliche Ausprägung des Privatlebens. Er setzt Hausdurchsuchungen, Überwachungsmassnahmen oder anderen behördlichen Kontrollen Schranken.	Schutz der Wohnung	Schutz des Hausrechts		
Die Verurteilung zur Tragung der Kosten ist sofort vollstreckbar.	Auferlegung der Kosten,Verurteilung zur Tragung der Kosten	Kostenauferlegung		Kostenauferlegung
Jedes Unternehmen  meldet der zuständigen Präfektur jede Änderung in den Eigentumsverhältnissen und bei den Gesellschaftsorganen innerhalb von 30 Tagen ab Eintreten dieser Änderung. An geregelten Märkten notierte Kapitalgesellschaften melden die relevanten Änderungen, .	geregelter Markt		regulierter Markt	
Bei der Einbürgerung erwirbt man die Staatsbürgerschaft durch eine Verwaltungsmaßnahme.	Einbürgerung		Naturalisation	
Bezeichnung 1) Banca Popolare dell’Alto Adige Società cooperativa per azioni (in deutscher Sprache: Südtiroler Volksbank Genossenschaft auf Aktien) ist gegründet. 2) Die Gesellschaft ist durch diese Satzung und durch die gesetzlichen Bestimmungen geregelt.	Volksbank		Genossenschaftsbank	
Stellt der Gegner des Säumigen keinen Antrag auf Erlassung eines Versäumungsurteils, weil trotz Säumnis einer Partei auf neues tatsächliches Vorbringen Bedacht genommen werden soll, so ist dieses der säumigen Partei zur Kenntnis zu bringen.	Säumnis	Versäumnis,Versäumung	Versäumnis	
Die Stiftung fördert die Forschung und Innovation aus den Nettoerträgen des Stiftungskapitals und durch direkte Beteiligung am Risikokapital einer von mehreren Unternehmen und/oder einem lokalen Beteiligungsfonds zum Zweck der Entwicklung und Vermarktung innovativer Produkte oder Dienstleistungen gegründeten Gesellschaft.	Risikokapital,Wagniskapital	VC,Venture-Capital	VC,Venture-Capital	Venture-Capital
Die Übertragung von Beteiligungen wird der Gesellschaft gegenüber zu jenem Zeitpunkt wirksam, an dem sie  in das Gesellschafterbuch eingetragen wird.	Übertragung von Beteiligungen	Veräußerung von Beteiligungen	Veräußerung von Anteilen	
Kann das Gericht auch nicht mit Hilfe der Parteien das bezeichnete ausländische Recht feststellen, so wendet es jenes Recht an, auf das über andere Anknüpfungskriterien verwiesen wird, wenn solche für denselben Tatbestand vorgesehen sind.	Anknüpfungskriterium	Anknüpfungsmerkmal,Anknüpfungsmoment,Anknüpfungspunkt	Anknüpfungsmerkmal,Anknüpfungsmoment,Anknüpfungspunkt	Anknüpfungspunkt
Bestimmt der Gründungsvertrag nichts anderes, sind für die Bestellung der Geschäftsführer und für ihre Abberufung  die Einwilligung der Komplementäre und die Genehmigung durch soviele Kommanditisten, daß sie die Mehrheit des von den Kommanditisten gezeichneten Kapitals vertreten, erforderlich.	Bestellung des Geschäftsführers		Berufung des Geschäftsführers	
Die vorzugsweise Befriedigung gilt auch zugunsten der Zinsen für das im Zeitpunkt der Pfändung oder, wenn eine solche nicht erfolgt, im Zeitpunkt der Zustellung der Leistungsaufforderung laufende Jahr.	Leistungsaufforderung	Zahlungsbefehl		Zahlungsbefehl
Der Rekurs auf Einrichtung der Sachwalterschaft kann von der begünstigten Person selbst, auch wenn sie minderjährig, voll oder beschränkt entmündigt ist,  erhoben werden.	Sachwalterschaft	gerichtliche Erwachsenenvertretung	rechtliche Betreuung	Beistandschaft
Die Vergütung für den Verwahrer wird mit Dekret des Bezirksgerichts, wenn die Bestellung durch den Gerichtsvollzieher erfolgt ist, und in jedem anderen Fall durch das Gericht, das ihn bestellt hat, festgesetzt.	Verwahrer	gerichtlicher Verwahrer		
Jeder Elternteil kann jederzeit die Betrauung mit der alleinigen Obsorge beantragen, wenn die im ersten Absatz ZGB Art. 337 quater genannten Voraussetzungen vorliegen.	alleinige Obsorge		Alleinsorge,alleiniges Sorgerecht	alleinige elterliche Sorge,alleiniges Sorgerecht
In Südtirol leben über 50.000 Kinder und Eltern in einer Einelternfamilie.	Einelternfamilie	Ein-Eltern-Familie,Einzelelternfamilie	Ein-Eltern-Familie	
Auch das Privatrecht beschäftigt sich mit dem Schutz der Persönlichkeitsrechte, und zwar, abgesehen von einigen besonderen Bundesgesetzen, vor allem das ZGB mit Einschluss des OR.	Persönlichkeitsrecht			Individualrecht
Vorfahren, Nachkommen und der Ehegatte, die in den einstweiligen Besitz des Vermögens eingewiesen worden sind, können die gesamten Erträgnisse zu ihrem Nutzen einbehalten.	Ehegatte,Ehegattin	Gatte,Gattin		
Gegen die Entscheidungen des Staatsrates und des Obersten Rechnungshofes ist die Berufung an den Kassationsgerichtshof nur aus Gründen, welche die Rechtsprechungsgewalt betreffen, zulässig.	Berufung an den Kassationsgerichtshof,Kassationsbeschwerde	Revision	Revision	Beschwerde in Zivilsachen
Rechtsmittel zur Anfechtung von Urteilen sind die Berufung, die Drittwiderspruchsklage, die Wiederaufnahmeklage und die Kassationsbeschwerde ausschließlich aus Gründen in Zusammenhang mit der Gerichtsbarkeit.	Berufung an den Kassationsgerichtshof,Kassationsbeschwerde	Revision	Revision	Beschwerde in Zivilsachen
Der Steuerzahler kann die Rückerstattung der irrtümlich bezahlten Abgaben innerhalb der Verfallsfrist von drei Jahren mit Ablauf vom Tag der Zahlung oder, im Falle der Verweigerung des abgabenpflichtigen Aktes, vom Datum der Mitteilung der genannten Verweigerung beantragen.	Ausschlussfrist,Fallfrist,Verfallsfrist	Präklusivfrist		Präklusionsfrist
Die Erklärung bewirkt weder eine Unterbrechung der Verfahrensfristen, noch darf sie den Verfahrensablauf verzögern..	Verfahrensfrist	prozessuale Frist	prozessuale Frist	prozessuale Frist
Der Rekus  wird innerhalb der gesetzlichen Frist zusammen mit der Maßnahme beim Sekretariat der örtlich zuständigen Rechtsprechungssektion hinterlegt.	gesetzliche Frist	gesetzlich bestimmte Frist	gesetzlich bestimmte Frist	gesetzlich bestimmte Frist
Damit ein Eid zugeschoben oder zurückgeschoben werden kann, müssen die in Artikel 2731 angegebenen Bedingungen vorliegen.	Eid,Eidesleistung	Beeidigung	Beeidigung,Vereidigung	
Urteile und Verfügungen ausländischer Gerichte, welche Zeugenvernehmungen, fachkundliche Ermittlungen, Eidesleistungen, Parteienvernehmungen oder sonstige im Inland aufzunehmende Beweismittel betreffen, werden durch ein Dekret des Oberlandesgerichts  für durchführbar erklärt.	Eid,Eidesleistung	Beeidigung	Beeidigung,Vereidigung	
Derjenige, dem der Besitz gewaltsam oder heimlich entzogen worden ist, kann innerhalb eines Jahres von der erlittenen Entziehung an von deren Urheber die Wiederherstellung des Besitzes verlangen .	Entziehung	Besitzentziehung,Entziehung des Besitzes	Besitzentziehung	Besitzesentziehung
Jeder den Besitz betreffende Anspruch (1140 ff. ZGB.) infolge von Ereignissen, die im Lauf eines petitorischen Verfahrens eintreten, ist bei dem mit diesem befaßten Gericht einzubringen.	petitorisches Verfahren	Eigentumsprozess		petitorischer Prozess
Die gemeinschaftlichen Teile des Gebäudes sind nicht teilbar, es sei denn, eine Teilung lässt sich vornehmen, ohne dass sich der Gebrauch der Sache für die einzelnen Miteigentümer erschwert, und alle Teilhaber an der Miteigentümergemeinschaft sind mit der Teilung einverstanden.	Miteigentumsgemeinschaft,Miteigentümergemeinschaft	Eigentümergemeinschaft,Wohnungseigentümergemeinschaft	Gemeinschaft der Wohnungseigentümer	Gemeinschaft der Stockwerkeigentümer,Stockwerkeigentümergemeinschaft
Wer vor Einleitung eines Verfahrens dringend den Zustand von Örtlichkeiten oder die Eigenschaften oder Beschaffenheit von Gegenständen feststellen lassen will, kann  beantragen, daß eine fachkundliche Ermittlung  oder ein gerichtlicher Augenschein  angeordnet wird.	gerichtlicher Augenschein		richterlicher Augenschein	
Der Kollektivvertrag hat diejenigen Bestimmungen zu enthalten, die je nach der Art des Arbeitsverhältnisses notwendig sind, um den Vorschriften dieses Gesetzbuchs über die Regelung der Arbeit, die Rechte und Pflichten der Unternehmer und Arbeitnehmer zur Durchsetzung zu verhelfen.	KV,Kollektivarbeitsvertrag,Kollektivvertrag		TV,Tarifvertrag	GAV,Gesamtarbeitsvertrag
Die Regelung des Kollektivarbeitsvertrages ist auch auf die  landwirtschaftlichen Gemeinschaftsverhältnisse und auf Pachtverhältnisse mit dem Selbstbebauer eines Grundstücks anzuwenden.	KV,Kollektivarbeitsvertrag,Kollektivvertrag		TV,Tarifvertrag	GAV,Gesamtarbeitsvertrag
Für Zeiten, während deren der Angestellte die Dienstleistung unterläßt, ohne daß ein Grund vorliegt, der nach dem Gesetz oder KV einen Anspruch auf Weiterleistung der Bezüge begründet, besteht kein Entgeltanspruch.	KV,Kollektivarbeitsvertrag,Kollektivvertrag		TV,Tarifvertrag	GAV,Gesamtarbeitsvertrag
Die Hypothek muss auf bestimmt bezeichnete Sachen und für einen in Geld bestimmten Betrag eingeschrieben werden.	Hypothek			Grundpfandverschreibung
Bei Verpfändung von Wertpapieren erstreckt sich die Sicherheit nicht auf die Prämien und sonstigen zufallsbedingten Ausschüttungen, die das Papier abwirft.	Verpfändung von Wertpapieren		Pfandrecht an einem Wertpapier	
Bei Verdacht auf häusliche Gewalt werden die Frauen unverzüglich für eine professionelle Beratung an die spezifischen Fachdienste verwiesen, welche die Anforderungen für die Akkreditierung erfüllen.	häusliche Gewalt	Gewalt in der Familie		
Ist der Bewerber Eigentümer einer nicht angemessenen Wohnung in einer Gemeinde des Landes oder hat er an einer solchen Wohnung das Fruchtgenussrecht, kann er eine Mietwohnung nur zugewiesen erhalten, wenn er seine Wohnung dem Wohnbauinstitut zur Miete anbietet.	Fruchtgenuss,Fruchtgenussrecht	Fruchtnießung,Nießbrauch,usus fructus	Nießbrauch	Niessbrauch,Nutzniessung
Wer den Fruchtgenuss an einer in einem Namenspapier verbrieften Forderung hat, hat das Recht, ein von dem des Eigentümers gesondertes Papier zu erhalten.	Fruchtgenuss,Fruchtgenussrecht	Fruchtnießung,Nießbrauch,usus fructus	Nießbrauch	Niessbrauch,Nutzniessung
"Der Koordinator, der den Rang eines Dirigenten (""dirigente"") bekleidet, erstellt Ausgabenvorschläge für die Verwirklichung der Programme nach dem vorstehenden Absatz, koordiniert die Erstellung der Programmschemas und überwacht die Ausführung der genehmigten Programme ."	Dienstrang,Rang,beruflicher Rang	Qualifikation	Berufsqualifikation,Qualifikation	
Jene Ärzte mit italienischer Staatsbürgerschaft, die im Ausland im entsprechenden Dienstrang und Fach mindestens fünf Jahre Dienst geleistet haben  können ungeachtet der Erfordernisse der Eignung an den Stellenwettbewerben für denselben Rang und dasselbe Fach unmittelbar teilnehmen.	Dienstrang,Rang,beruflicher Rang	Qualifikation	Berufsqualifikation,Qualifikation	
Veräußerungsverbote schließen in der Regel ein Belastungsverbot in sich.	Veräußerungsverbot			Veräusserungsverbot
In Ermangelung anderer Anhaltspunkte hat sich das Gericht an die in den Katastermappen eingezeichneten Grenze zu halten.	Katastermappe,Katasterplan	Katastralmappe		
Die wichtigsten Datenquellen, die zur Vervollständigung des Landesverzeichnisses beitragen, sind  d) das Grundbuch und der Grundkataster der Autonomen Provinz Bozen und der Autonomen Provinz Trient, .	Grundkataster,Grundstückkataster		Liegenschaftskataster	
Einkünfte aus Grund und Boden sind mit den im Staatsgebiet gelegenen Grundstücken und Gebäuden, welche im Grundstückkataster oder in urbanen Baukataster unter Zuweisung eines Ertrages eingetragen oder einzutragen sind, zusammenhängende Einkünfte.	Grundkataster,Grundstückkataster		Liegenschaftskataster	
Mit dem Gesellschaftsvertrag bringen zwei oder mehrere Personen Sachen oder Dienstleistungen zur gemeinsamen Ausübung einer wirtschaftlichen Tätigkeit mit dem Zweck ein, den daraus erzielten Gewinn zu teilen.	wirtschaftliche Tätigkeit	Gewerbe,gewerbliche Tätigkeit	Gewerbe,gewerbliche Tätigkeit	Gewerbe
Über die Bestimmung des Artikels 979 hinaus erlischt der Fruchtgenuß:  durch die Vereinigung des Fruchtgenusses und des Eigentums in der gleichen Person.	Vereinigung		Konsolidation	Konsolidation
Umfasst sie die Schenkung künftige Güter, ist sie bezüglich derselben nichtig, außer es handelt sich im noch nicht abgseonderte Früchte.	künftiges Gut	künftige Sache	künftige Sache	
Die gerichtlichen Verfügungen werden in beiden Sprachen verkündet und abgefasst, sofern die daran interessierte Partei bis zur Verhandlung, in welcher der Erlass der Verfügung beantragt wird, nicht darauf verzichtet.	gerichtliche Verfügung	Entscheidung des Gerichtes,gerichtliche Entscheidung		
Die Abfassung des Protokolls und der Vermerke erfolgt durch einen höheren Amtsträger der Gerichtspolizei oder durch den Gehilfen, der der Staatsanwaltschaft Beistand leistet.	Abfassung des Protokolls	Aufnahme eines Protokolls		
Die Urteilsberatung erfolgt unmittelbar nach dem Schluß der Hauptverhandlung.	Beschlussfassung über das Urteil,Urteilsberatung		Beratung	
"Das kontinental-europäische Strafverfahren ist sohin kein ""reines"" Anklageverfahren, sondern ein vom Grundsatz ""Wo kein Kläger, da kein Richter"" beherrschtes Verfahren mit Anklagegrundsatz."	Anklagegrundsatz,auf dem Anklagegrundsatz fußendes Prozessmodell		Akkusationsprinzip,Anklageprinzip	Akkusationsprinzip,Anklageprinzip
Die Zustellungen an einen flüchtigen oder entwichenen Angeklagten werden durch Aushändigung einer Abschrift an den Verteidiger durchgeführt.	Flüchtiger,flüchtiger Angeklagter	flüchtiger Beschuldigter,flüchtiger Täter	flüchtiger Beschuldigter	
Niemand kann vorbeugenden Maßnahmen unterworfen werden, wenn gegen ihn nicht schwerwiegende Schuldindizien vorliegen	vorbeugende Maßnahme	Sicherungsmittel,prozessuales Zwangsmittel	prozessuales Zwangsmittel,strafprozessuale Zwangsmaßnahme,verfahrenssichernde Maßnahme	Zwangsmaßnahme
Der Untersuchungsgrundsatz bringt die Gefahr mit sich, daß der Richter durch seine Initiative bei der Wahrheitsfindung die volle Unbefangenheit verliert.	Untersuchungsgrundsatz	Ermittlungsgrundsatz,Inquisitionsprinzip,Instruktionsgrundsatz	Ermittlungsgrundsatz,Inquisitionsmaxime,Inquisitionsprinzip	Ermittlungsgrundsatz,Ermittlungsmaxime,Inquisitionsmaxime,Instruktionsmaxime,Untersuchungsmaxime
Die Hemmung oder die Unterbrechung der Verjährung zugunsten eines der Miteigentümer nützt auch den anderen.	Hemmung,Hemmung der Verjährung			Stillstand,Stillstand der Verjährung
Der Jahresabschluß ist klar aufzustellen und muß die Vermögens- und Finanzlage der Gesellschaft sowie das wirtschaftliche Ergebnis des Geschäftsjahres warheitsgetreu und richtig wiedergeben.	Ergebnis des Geschäftsjahres,wirtschaftliches Ergebnis			Geschäftsergebnis
In den von Gesetzen und Verordnungen geregelten Sachbereichen haben Gebräuche nur Wirsamkeit, soweit in jenen auf sie verwiesen wird.	Gebrauch	Brauch	Brauch	
Die Nichtigerklärung des Vertrages kann nur von der Partei, in deren Interesse sie vom Gesetz festgesetzt ist, beantragt werden.	Nichtigerklärung	Anfechtung	Anfechtung	
Mit der Volljährigkeit wird die Fähigkeit erworben, alle Rechtshandlungen vorzunehmen, für die nicht ein anderes Alter vorgeschrieben ist .	Rechtshandlung	menschliche Handlung	juristische Handlung	
Die Verbindlichkeit erlischt, wenn die Parteien die ursprüngliche Verbindlichkeit durch eine neue Verbindlichkeit ersetzen, die einen anderen Gegenstand oder Rechtstitel hat.	Rechtstitel,Titel		Rechtsgrund	
Nicht Gegenstand der Gütergemeinschaft bilden und persönliche Sachen des Ehegatten sind  e) Sachen, die aus dem Titel des Schadensersatzes erhalten wurden .	Rechtstitel,Titel		Rechtsgrund	
Unbeschadet der Verantwortlichkeit des Direktors der Anstalt können die Vermögensgüter auch Treuhändern anvertraut werden, die nicht Bedienstete der Anstalt sind.	Treuhänder	Treunehmer		
Die durch einen der Vertragsteile im voraus aufgestellten allgemeinen Vertragsbedingungen sind gegenüber dem anderen wirksam, wenn dieser sie im Zeitpunkt des Vertragsabschlusses kannte oder bei Anwendung der gewöhnlichen Sorgfalt  hätte kennen müssen.	Abschluss eines Vertrages,Vertragsabschluss	Abschluss des Vertrags,Vertragsschluss	Abschluss des Vertrags,Vertragsschluss	Vertragsschluss
Zur Leistung des eingeschränkten Unterhalts sind der Reihe nach verpflichtet: voll- und halbbürtige Geschwister unter Vorrang der vollbürtigen vor den halbbürtigen.	halbbürtige Geschwister		Halbgeschwister	Halbgeschwister
Veräußert jemand eine Sache, ohne ihr Eigentümer zu sein, so bewirkt sein späterer Eigentumserwerb die Heilung des Verfügungsgeschäfts.	Heilung		Bestätigung	
Gegen den Beschluß, mit dem der Antrag auf Wiedereinsetzung in den vorigen Stand abgewiesen wird, kann Kassationsbeschwerde eingelegt werden.	Berufung an den Kassationsgerichtshof,Kassationsbeschwerde	Nichtigkeitsbeschwerde	Revision	Beschwerde in Strafsachen
Gegen die Urteile und Maßnahmen, die die Freiheit der Personen betreffen, seien sie von ordentlichen Gerichten oder Sonderorganen der Rechtsprechung erlassen worden, ist Berufung an den Kassationsgerichtshof wegen Gesetzesverletzungen immer zulässig.	Berufung an den Kassationsgerichtshof,Kassationsbeschwerde	Nichtigkeitsbeschwerde	Revision	Beschwerde in Strafsachen
Die Androhung der Geltendmachung eines Rechts kann nur dann Grund für die Nichtigerklärung des Vertrages sein, wenn sie auf die Erreichung rechtswidriger Vorteile gerichtet ist.	Androhung,Bedrohung	gefährliche Drohung		
Wegen Hausfriedensbruchs, Beleidigung, Verletzung des Briefgeheimnisses, Körperverletzung, Bedrohung und Sachbeschädigung ist die Erhebung der Klage erst zulässig, nachdem von einer durch die Landesjustizverwaltung zu bezeichnenden Vergleichsbehörde die Sühne erfolglos versucht worden ist.	Androhung,Bedrohung	gefährliche Drohung		
Handelt es sich um Gesellschaften, so hat der Bericht die festgestellten Tatsachen und eingezogenen Auskünfte über die Verantwortlichkeit der Verwalter, Aufsichtsräte, Gesellschafter und gegebenenfalls von Personen, die nicht zur Gesellschaft gehören, darzulegen.	Haftung,Verantwortlichkeit,Verantwortung,zivilrechtliche Haftung		Eintretenmüssen,Vertretenmüssen	
Der Verkäufer, der das Wiederkaufsrecht ausübt, ist verpflichtet, dem Käufer den Preis, die Kosten und jede andere rechtmäßig für den Kauf geleistete Zahlung  zu ersetzen, die den Wert der Sache erhöht hat.	Wiederkauf,Wiederkaufsrecht			Rückkaufsrecht
Die Höhe des Zinssatzes kann sich aus der Vereinbarung ergeben, wobei auch eine konkludente Vereinbarung, etwa des kundenüblichen Zinssatzes ausreichend ist.	Zinssatz	Zinsfuß,Zinstaxe		Zinsfuss
Bei dauernden Bezügen wird der Preis zu den gebräuchlichen Fälligkeitsterminen bezahlt.	Fälligkeitstermin,Zeitpunkt der Fälligkeit	Fälligkeitszeitpunkt,Leistungszeitpunkt	Fälligkeitszeitpunkt,Zeitpunkt der Erfüllbarkeit	
Die Aktien können nicht zu einem geringeren als ihrem Nennwert ausgegeben werden.	Nennwert	Nominale	Nominalwert	Nominalwert
Der an den Versicherer gerichtete schriftliche Antrag bleibt für eine Frist von fünfzehn Tagen oder, wenn eine ärztliche Untersuchung nötig ist, für eine Frist von dreißig Tagen aufrecht.	Versicherer,Versicherungsgesellschaft	Versicherungsunternehmen	Versicherungsunternehmen	
Die vom Spediteur erlangten Prämien, Nachlässe und Tarifvergüstigungen sind vorbehaltlich einer gegenteiligen Abmachung dem Auftraggeber gutzuschreiben.	Auftraggeber	Versender	Versender	Versender
Die Inanspruchnahme von künstlichen Fortpflanzungstechniken ist nur jenen Paaren gestattet, bei denen fetsgestellt wird, dass der Grund ihrer Kinderlosigkeit unheilbar ist und Sterilität bzw. Unfruchtbarkeit medizinisch feststeht.	Unfruchtbarkeit	Infertilität	Infertilität	Infertilität
An Straßeneinmündungen von einem Pfad, einem Hirtenpfad, einem Saumpfad oder einem Radweg muss der Fahrer anhalten und den auf der Straße verkehrenden Verkehrsteilnehmern Vorrang geben.	Pfad	Steig		Wanderweg
Selbstfahrende Arbeitsmaschinen müssen im Straßenverkehr ein Kennzeichen mit den Zulassungsdaten führen. Gezogene Arbeitsmaschinen müssen ein besonderes Kennzeichen führen.	Kennzeichen,Kennzeichenschild	Kennzeichentafel	Nummernschild,amtliches Kennzeichen	Kontrollschild
Wer ohne die Genehmigung  zur Beförderung von Personen ein Fahrzeug zur Güterbeförderung verwendet, muss eine verwaltungsrechtliche Geldbuße zwischen 422 und 1.695 Euro zahlen.	Beförderung von Sachen,Güterbeförderung			Gütertransport
Der Vermieter hat nützliche Verbesserungen des Hauses oder einzelner Mietgegenstände nach Maßgabe der rechtlichen, wirtschaftlichen und technischen Gegebenheiten und Möglichkeiten durchzuführen, soweit dies im Hinblick auf den allgemeinen Erhaltungszustand des Hauses zweckmäßig ist .	Verbesserung		Modernisierung	Erneuerung
Im Darlehensvertrag muß ausdrücklich vereinbart werden, daß das Darlehen für den Bau, den Kauf oder die Wiedergewinnung der geförderten Wohnung bestimmt ist.	Darlehen,Darlehensvertrag	Darleihensvertrag	Sachdarlehensvertrag,Verbraucherdarlehensvertrag	
Wer versprochen hat, ein Darlehen zu gewähren, kann die Erfüllung seiner Verpflichtung verweigern, wenn sich die Vermögensverhältnisse der anderen Vertragspartei derart verändert haben, dass sie die Rückgabe erheblich erschweren, und ihr nicht geeignete Sicherheiten geboten werden.	Darlehen,Darlehensvertrag	Darleihensvertrag	Sachdarlehensvertrag,Verbraucherdarlehensvertrag	
Die  Arbeiten auf dem Gebiet des Wasserbaus und des Forstwesens, die normalerweise vom Landesforstinspektorat in Regie durchgeführt werden, umfassen auch Forststraßen und Erschließungsstraßen zu Almen.	Forststraße,Forstweg			Waldstrasse,Waldweg
Die Geldbuße darf  nicht höher sein als vier Stunden des Grundlohnes und die Suspendierung von Dienst und Entlohnung 10 Tage nicht überschreiten.	Geldbuße,Geldstrafe			Busse
Die Geldstrafe darf nicht auf einen höheren Betrag als den Grundlohn von vier Stunden lauten und die Suspendierung von Dienst und Entgelt nicht für mehr als zehn Tage ausgesprochen werden.	Geldbuße,Geldstrafe			Busse
Die Absonderung der Güter des Verstorbenen von jenen des Erben sichert den Gläubigern des Verstorbenen und den Vermächtnisnehmern, die die Absonderung vorgenommen haben, die Befriedigung aus den Gütern des Verstorbenen mit Vorrang vor den Gläubigern des Erben.	Absonderung der Güter des Verstorbenen	Absonderung der Verlassenschaft,Absonderung des Nachlassvermögens,Separation des Nachlasses	Absonderung des Nachlasses	
Das Gesetz bestimmt die geistigen Berufe, zu deren Ausübung die Eintragung in eigene Listen oder Verzeichnisse erfordelich ist.	geistiger Beruf	geistige Tätigkeit	geistige Tätigkeit	
Während der Testamentsvollstreckung ist der Ewrbe nicht befugt, über die verwalteten Nachlassgegenstände zu verfügen.	Testamentsvollstreckung			Willensvollstreckung
Die Miterben targen  untereinander im Verhältnis ihrer Erbanteile zur Zahlung der Schulden und Lasten der Erbschaft bei.	Last der Erbschaft	Erbfallschuld	Erbfallschuld	Erbgangsschuld
Jedem Miterben steht grundsätzlich das Recht auf gerichtliche Teilung gem der allgemeinen Vorschrift des § 830 ABGB zu (Teilungsklage).	gerichtliche Teilung		gerichtliche Auseinandersetzung	
Nicht genehmigte Anwerbung oder Ausrüstung zum Dienst für einen ausländischen Staat.	Ausrüstung	Bewaffnung	Bewaffnung	
Für die bloße Beteiligung an dem bewaffneten Haufen ist die Strafe Gefängnisstrafe von drei bis zu neun Jahren.	Haufen,bewaffnete Bande,bewaffneter Haufen	bewaffnete Verbindung	Bande	
Die gemischte Schenkung setzt sich aus einem entgeltlichen und einem unentgeltlichen Teil zusammen, während bei der Schenkung unter Auflage der ganze Gegenstand geschenkt ist.	Schenkung unter Auflage		Auflagenschenkung,Schenkung mit Auflage	Schenkung mit Auflage
Das Testament hat den Ort, das Datum der Aufnahme und die Uhrzeit der Unterzeichnung anzugeben und ist vom Erblasser, von den Zeugen und vom Notar zu unterschreiben.	Unterschrift,Unterzeichnung		Zeichnung	
Die Unterschrift muss am Ende der Verfügungen angebracht werden. Auch dann, wenn sie ohne Angabe des Vor- und Zunamens erfolgt ist, ist sie dennoch gültig, wenn sie mit Sicherheit die Person des Erblassers bezeichnet.	Unterschrift,Unterzeichnung		Zeichnung	
Wer zum Zweck eines Anschlags auf die Staatssicherheit eine Tat begeht, die darauf abzielt, im Staasgebiet oder in einem Teil desselben eine Verwüstung, eine Plünderung oder ein Blutbad anzurichten, wird mit lebenslanger Gefängnisstrafe bestraft.	Plünderung	Bedrängnisdiebstahl	Schmarotzerdiebstahl	
Die rechtswidrige Aneignung von Bodenerzeugnissen oder Bodenbestandteilen (wie Baumfrüchte, Waldprodukte, Klaubholz) geringen Wertes ist gerichtlich nicht strafbar.	Aneignung	Zueignung	Zueignung	
Verdächtigen ist das Hervorrufen, Verstärken oder Umlenken eines Verdachts durch das Behaupten (oder Sprechen lassen) von Tatsachen , die im konkreten Fall geeignet sind , einen in Wahrheit Unschuldigen der Gefahr behördlichen Einschreibens auszusetzen.	Unschuldiger			Nichtschuldiger
Leichen, die nicht zur Bestattung bestimmt sind, besitzen eigentumsfähige Sachqualität. Ansonsten liegt aber bei der Wegnahme einer Leiche kein Diebstahl vor, da diese keinen anderen Person zugeordnet wird. Es bleibt nur Raum für §168 StGB, Störung der Totenruhe.	Wegnahme einer Leiche		unbefugte Wegnahme einer Leiche	Leichenraub,unbefugte Wegnahme einer Leiche
Der Fahrer muss, falls vorgeschrieben, den Befähigungsnachweis, den Berufsausbildungsnachweis, den Fahrerqualifizierungsnachweis und die Eignungsbescheinigung mitführen.	FQN,Fahrerqualifizierungsnachweis			Ausweis 95,Fähigkeitsausweis
eit 10. September 2008 müssen die Berufkraftfahrenden im Linienverkehr und in Mietbussen und seit 10. September 2009 die Berufskraftfahrenden im Gütertransport den Fahrerqualifizierungsnachweis besitzen (FQN- CQC).	FQN,Fahrerqualifizierungsnachweis			Ausweis 95,Fähigkeitsausweis
Mit dem Widerspruch gegen den Antrag auf Archivierung beantragt die durch die strafbare Handlung verletzte Person die Fortführung der Vorerhebungen, wobei sie gleichzeitig bei sonstiger Unzulässigkeit den Gegenstand der ergänzenden Nachforschung und die diesbezüglichen Beweisumstände anzugeben hat.	Widerspruch gegen den Antrag auf Archivierung	Beschwerde gegen die Einstellung der Voruntersuchung	Einstellungsbeschwerde	
Zur Anbringung des Gesuches um Löschung des älteren Pfandrechtes ist außer dem Hypothekarschuldner auch der Gläubiger berechtigt, zu dessen Gunsten das Pfandrecht für die neue Forderung eingetragen ist.	Hypothekarschuldner		Hypothekenschuldner	
Der Optionsvertrag bedarf grundsätzlich derselben Form wie der Hauptvertrag, auf den der Berechtigte eine Option hat.	Option,Optionsvertrag		Optionsvereinbarung	
Die Feststellung des  Verstoßes hat gemäß VI. Titel I. Abschnitt II. Teil als zusätzliche Verwaltungsstrafe die verwaltungsbehördliche Stilllegung des Fahrzeugs für 90 Tage zur Folge.	Titel	Überschrift	Überschrift	
Auf Erfüllung der Auflage kann jeder, der ein Interesse daran hat, klagen.	Erfüllung der Auflage		Vollziehung der Auflage	Vollziehung der Auflage
Verkehrszeichen dürfen nur von Unternehmen hergestellt werden, die vom Generalinspektorat für Verkehr und Verkehrssicherheit  dazu ermächtigt werden; .	Verkehrszeichen	Straßenverkehrszeichen		Signal
Mit den Zusatzzeichen und -einrichtungen soll erreicht werden, dass Folgendes ersichtlich gemacht oder angezeigt wird: a) der Straßenverlauf, b) bestimmte gefährliche Kurven oder Stellen, c) Hindernisse auf oder neben der Fahrbahn.	Zusatzzeichen und -einrichtung		Verkehrseinrichtung	
Lichtzeichen werden eingeteilt in: a) Gefahren- und Vorschriftslichtzeichen, b) Hinweislichtzeichen, b-bis) Leuchttafeln zur Anzeige der Geschwindigkeit vorbeifahrender Fahrzeuge in Echtzeit, c) normale Verkehrsampeln, d) Fahrstreifenampeln, .	Lichtzeichen			Lichtsignal
Vorschriftszeichen  zeigen Gebote, Verbote und Einschränkungen an, an die sich die Verkehrsteilnehmer halten müssen, und werden eingeteilt in a) Vorfahrtszeichen, b) Verbotszeichen, c) Gebotszeichen .	Vorfahrtszeichen	Vorrangzeichen		Vortrittssignal
Vorschriftszeichen  zeigen Gebote, Verbote und Einschränkungen an, an die sich die Verkehrsteilnehmer halten müssen, und werden eingeteilt in a) Vorfahrtszeichen, b) Verbotszeichen, c) Gebotszeichen .	Verbotszeichen	Verbots- oder Beschränkungszeichen		Verbotssignal
Vorschriftszeichen  zeigen Gebote, Verbote und Einschränkungen an, an die sich die Verkehrsteilnehmer halten müssen, und werden eingeteilt in a) Vorfahrtszeichen, b) Verbotszeichen, c) Gebotszeichen .	Gebotszeichen			Gebotssignal
Einerseits ist der Einsturz eines Gebäudes oder eines anderen Werkes etwas anderes als das Entstehen von Rissen, wie sie im vorliegenden Falle am Hause der Klägerin aufgetreten sind .	Einsturz eines Gebäudes		Gebäudeeinsturz	
Die Theorieprüfung findet in der Fahrschule auf dem PC in der gewohnten Umgebung statt.	Theorieprüfung,theoretische Prüfung	theoretische Fahrprüfung		theoretische Führerprüfung
Der Führerscheinprüfer/die Führerscheinprüferin, hat die Aufgabe Führerscheinprüfungen abzunehmen .	Führerscheinprüfer,Prüfer	Fahrprüfer	aaSoP,amtlich anerkannter Sachverständiger oder Prüfer für den Kraftfahrzeugverkehr	Sachverständiger,Verkehrsexpert
Die Echtheit von Lebensmitteln ist das Hauptinteresse von jedem, der im Lebensmittelhandel zu tun hat.	Echtheit		Authentizität	
Nebenfahrbahnen sind zum Ziehen oder Schieben von Handwagen, Handkarren oder Handschlitten sowie zum Schieben von einspurigen Fahrzeugen zu benützen. Radfahrer dürfen in Nebenfahrbahnen auch fahren, wenn kein Radfahrstreifen, Radweg oder Geh- und Radweg vorhanden ist.	Geh- und Radweg		gemeinsamer Fuß- und Radweg	gemeinsamer Rad- und Fussweg
Die Befreiung von der geschlossenen, aber nicht vollzogenen Ehe bewirkt auf Antrag beider Parteien bei Einhaltung der in Artikel 17 vorgesehenen Förmlichkeiten die Auflösung der Zivilehe , die zwischen denselben Personen vor dem Inkrafttreten dieses Gesetzes geschlossen worden ist.	Eheschließung vor dem Standesbeamten,Zivilehe	standesamtliche Eheschließung,standesamtliche Trauung	bürgerliche Ehe,staatliche Eheschließung,standesamtliche Eheschließung,zivilrechltiche Eheschließung	Ziviltrauung
In Italien ist nach dem Gesetz ein Schwangerschaftsabbruch unter bestimmten Voraussetzungen zulässig. Der Schwangerschaftsabbruch ist mit Gesetz vom 22. Mai 1978, Nr. 194 „Bestimmungen über den Schutz der Mutterschaft und über den freiwilligen Abbruch der Schwangerschaft“ geregelt.	Schwangerschaftsabbruch	Abtreibung	Abtreibung	Abtreibung
Was die spezifische Technik der künstlichen Befruchtung betrifft, ist jene mit der geringsten Invasivität zu wählen.	künstliche Befruchtung		künstliche Fortpflanzung	
Die Beschlagnahme eines Grundstückes oder eines Rechtes, das den Vorschriften über die Zwangsvollstreckung in das unbewegliche Vermögen unterliegt, wird dadurch bewirkt, daß ein Vermerk über die Beschlagnahme in das Grundbuch eingetragen wird.	Vermerk	Aktenvermerk,Amtsvermerk	Aktenvermerk	Aktenvermerk
"Die klagende Partei beantragte, die vorgelegten Beweismittel „im Verfahren nicht zu verwenden"", weil der Zeuge Peter A***** der Aufzeichnung der Gespräche nie zugestimmt habe."	Gespräch		gesprochenes Wort	
Hersteller von Kraftfahrzeugen und Anhängern dürfen mit Neufahrzeugen der Klassen N oder O samt Fahrgenehmigung und provisorischem Kennzeichen andere, für denselben Zweck bestimmte fabrikneue Fahrzeuge transportieren, im Rahmen des Exports die Grenzübergänge zu erreichen.	provisorisches Kennzeichen	Überstellungskennzeichen	5-Tages-Kennzeichen,Ausfuhrkennzeichen,Kurzzeitkennzeichen,internationales Kurzzeitkennzeichen,Überführungskennzeichen	
Für Kraftfahrzeuge (KFZ) gibt es in den verschiedenen Steuergesetzen (Einkommensteuergesetz, Umsatzsteuergesetz, etc.) zahlreiche Sonderbestimmungen.	Kfz,Kraftfahrzeug			Motorfahrzeug
Verlust, Diebstahl oder Beschädigung des Fahrzeugscheins des Kraftfahrzeuges oder Kraftrades (Motorrades)	Beschädigung des Fahrzeugscheins		Beschädigung der Zulassungsbescheinigung Teil I	
Die betroffene Person kann über das Fahrzeug und die dazugehörigen Papiere ausschließlich zum Zwecke der Verschrottung und Löschung des Fahrzeuges verfügen, sofern sie beim Feststellungsorgan eine Kaution hinterlegt .	Abmeldung,Löschung		Außerbetriebssetzung	Annulierung
Unzulässig ist  die Verwendung dieser Techniken der künstlichen Fortpflanzung zur Vermeidung der Übertragung von Erbkrankheiten (Eugenik).	Eugenik			Eugenetik
Wer die Nationalflagge  beschimpft, wird mit Gefängnisstrafe von einem bis zu drei Jahren bestraft.	Nationalflagge	Fahne der Republik Österreich	Bundesflagge	Schweizer Flagge
Vorbereitung von Aussprachen und Treffen mit Mitgliedern der Legislative und Exekutive	Legislative		gesetzgebende Gewalt	gesetzgebende Gewalt
Die Urteile, sowohl endgültige als auch nicht endgültige, müssen Folgendes enthalten:  d) eine knappe Darlegung der den Sachverhalt betreffenden und rechtlichen Gründe für die Entscheidung, auch mit Verweis auf vorausgegangene Entscheidungen, denen gefolgt werden soll .	vorausgegangene Entscheidung		Präjudiz,Präzendenzfall	
Die Teilentmündigung  kann  auch für Personen ausgesprochen werden, die zwar nicht an einer Geistesschwäche leiden, sich oder ihre Familie aber durch Verschwendungssucht  der Gefahr schwerer wirtschaftlicher Nachteile aussetzen.	Verschwendungssucht	Verschwendung	Verschwendung	Verschwendung
Da die Entschädigung der gewählten Volksvertreterinnen und Volksvertreter mittlerweile aber nicht mehr auf Tages-, sondern Monatsbasis erfolgt, ist es korrekter, einfach von den Bezügen der Abgeordneten zu sprechen.	Bezüge der Abgeordneten		Abgeordnetenentschädigung	Bezüge der Parlamentarier
Gesetzgebende, ausführende und rechtsprechende Gewalt - Säulen der Demokratie	rechtsprechende Gewalt	Gerichtsbarkeit,Judikative,Rechtsprechung	Judikative	Judikative
Die Parlamentsunterlagen, Regierungs- und Gesetzesvorlagen sowie die Protokolle der Sitzungen der Konferenz Staat-Regionen wurden den zuständigen Landesabteilungen, den Ämtern und sonstigen Interessenten übermittelt.	Parlamentsunterlagen	parlamentarische Materialien	Parlamentsmaterialien	
Die Konferenz der Fraktionsvorsitzenden bereitet das Programm und den Terminkalender der Plenararbeiten vor.	Konferenz der Fraktionsvorsitzenden	Präsidialkonferenz		
Der Präsident der Republik wird vom Parlament in gemeinsamer Sitzung seiner Mitglieder gewählt.	Parlament in gemeinsamer Sitzung	Bundesversammlung		Vereinigte Bundesversammlung
Die Zuständigkeit der Regierungsbehörde bei der Ausübung der ihr  zuerkannten Befugnisse wird durch Sondergesetze bestimmt.	Zuständigkeit	Behördenzuständigkeit,Organkompetenz	Organkompetenz	
Die Ernennung ist die bescheidmäßige Verleihung einer Planstelle . Auf diese Weise wir ein öffentlich-rechtliches Dienstverhältnis begründet, das durch öffentlich-rechtliche Akte (insb. der zuständigen „Dienstbehörde“) gestaltet wird.	öffentlich-rechtlicher Akt		öffentlich-rechtlicher Rechtsakt	
In den Sitzungen der Kollegialorgane der Region, der Provinz Bozen und der örtlichen Körperschaften dieser Provinz kann die italienische oder die deutsche Sprache gebraucht werden.	Kollegialorgan	Kollegialbehörde	Kollegialbehörde	Kollegialbehörde
Das hierarchisch höchste Gerichtsorgan in Südtirol ist das Oberlandesgericht, an welches vorwiegend Urteile in zweiter Instanz mit anfechtbaren Entscheiden der Landesgerichte herangetragen werden.	Gerichtsorgan	Organ der Gerichtsbarkeit,Organ der Judikative,Rechtsprechungsorgan	Rechtsprechungsorgan	
Die Ehefreiheit ist ein unverfügbares Recht , auf das auch durch Rechtsgeschäft nicht verzichtet werden kann .	Ehefreiheit		Eheschließungsfreiheit	
Zum Beweis der Geburt wird die Geburtsurkunde durch einen von den Geburtshelfern bzw Ärzten ausgestellten Geburtsnachweis  ergänzt.	Geburtsnachweis		Bescheinigung über die Geburt,Geburtsbescheinigung	
Die Anmeldung einer Geburt muss durch den Vater des Kindes, wenn er Mitinhaber der elterliche Sorge ist, die Hebbame, die bei der Geburt zugegen war, den Artzt der dabei zugegen war, jede andere Person die dabei zueggen war .	Anmeldung einer Geburt,Geburtsanmeldung	Anzeige der Geburt	Anzeige der Geburt,Geburtsanzeige	Meldung der Geburt
Die Geburtsanmeldung muss innerhalb von 10 Tagen ab der Geburt erfolgen. Es ist möglich die Erklärung in Verspätung, d.h. nach dem vom Gesetz festgesetzten Termin, vorzulegen: im Standesamt der Geburtsgemeinde ;im Standesamt der Wohnsitzgemeinde der Eltern.	Anmeldung einer Geburt,Geburtsanmeldung	Anzeige der Geburt	Anzeige der Geburt,Geburtsanzeige	Meldung der Geburt
Der Regionalrat übt die der Region aufgetragene Gesetzgebungsgewalt und die anderen ihm durch die Verfassung und durch die Gesetze zugewiesenen Befugnisse aus.	Gesetzgebungsgewalt,gesetzgebende Gewalt		Legislative	
Die Straßeneigentümer müssen die Klassifizierung der Straßen für ihr gesamtes Straßennetz innerhalb eines Jahres ab Erlass der Normen  vornehmen.	Erlass	Erlassung		
Die Klagebefugnis ist eine zwingende Prozessvoraussetzung, die nicht nur vom Verwaltungsgericht; sondern auch vom Berufungsgericht von Amts wegen zu prüfen ist	Klagebefugnis	Beschwerdelegitimation		Beschwerdelegitimation
Die Klagebefugnis ist eine zwingende Prozessvoraussetzung, die nicht nur vom Verwaltungsgericht; sondern auch vom Berufungsgericht von Amts wegen zu prüfen ist.	Ermächtigung zur Führung eines Prozesses,Klagebefugnis	Prozessführungsbefugnis,Prozesslegitimation	Prozessführungsbefugnis	Befugnis zur Prozessführung,Beschwerdelegitimation
eGovernment heißt Information, Kommunikation und Transaktion zwischen den Behörden, vor allem aber zwischen diesen und dem Bürger, durch den Einsatz von Informations- und Kommunikationstechnologie.	E-Government,digitale Verwaltung,eGov,eGovernment		Electronic Government,elektronische Verwaltung	
Soweit technisch möglich werden die Internetaktivitäten der Benutzer automatisch in einer Protokolldatei („log-Datei“) mitgeschrieben, wobei mindestens Datum/ Uhrzeit/Benutzername und aufgerufene Zieladresse (Webseite) festgehalten werden.	Protokolldatei		Logdatei	Logdatei
Der Dienstgeber darf private E-Mails in einem für die Abwehr von Schäden an der IKT-Infrastruktur oder zur Gewährleistung ihrer korrekten Funktionsfähigkeit notwendigen Ausmaß auf Schadsoftware und Spam scannen.	Spam	unerbetene Nachricht	unerwünschte Nachricht	
Durch die Formulierung der Feststellungen zur subjektiven Tatseite wird sehr wohl eine Verknüpfung zwischen der Wissens- und der Willenskomponente der subjektiven Tatseite hergestellt. Hinzu kommt, dass das festgestellte Wissen des Beschwerdeführers die willentliche Komponente seines Vorsatzes ohnedies inkludiert .	willentlich		willensgetragen	
Der Vorsitzende nimmt die Stimmen entgegen. Die Entscheidung wird mit Stimmenmehrheit gefasst. Zunächst stimmt der Berichterstatter ab, dann das zweite Mitglied des Senats und schließlich der Vorsitzende.	Berichterstatter			Referent
Das Verfahren erlischt durch Verzicht auf die Verfahrenshandlungen, wenn die eingelassenen, die ein Interesse an der Weiterführung haben könnten, den Verzicht annehmen. Die Annahme ist wirkungslos, wenn sie Vorbehalte oder Bedingungen enthält.	Verzicht auf die Verfahrenshandlungen	Klagszurücknahme ohne Anspruchsverzicht	Klagerücknahme	Rückzug der Klage unter Vorbehalt der Wiedereinbringung,nicht vorbehaltloser Klagerückzug
Auch über die Biomüllvergärungsanlage, welche südlich von Salurn im Trentino entstehen soll und den gesamten Biomüll des Trentino verarbeiten soll, wurde berichtet und besprochen.	Biogasanlage,Biomüllvergärungsanlage,Faulturm,Fermenter	Faulbehälter	Faulbehälter	
Der Rest des Wärmebedarfs wird über das Klärgas aus dem Faulturm und dessen energetischer Nutzung gedeckt.	Biogasanlage,Biomüllvergärungsanlage,Faulturm,Fermenter	Faulbehälter	Faulbehälter	
Südtirolweit gib es 31 Biogasanlagen, die jährlich etwa 130.000 Tonnen Gülle und Mist und 10.000 Tonnen organische Haushaltsabfälle, also den so genannten Biomüll, in Strom und Wärme umwandeln.	Biogasanlage,Biomüllvergärungsanlage,Faulturm,Fermenter	Faulbehälter	Faulbehälter	
Nicht zu den Friedhöfen zählen: Gebäude, die in einem funktionalen Zusammenhang mit der Anlage stehen oder zu deren Ausstattung gehören (z.B. Kirchen, Kapellen, Aufbahrungshallen, Krematorium).	Krematorium	Feuerbestattungsanlage	Anlage zur Feuerbestattung,Feuerbestattungsanlage	
Der Abfallbeauftragte hat  im Zuge der Erstellung oder Fortschreibung des Abfallwirtschaftskonzeptes die Kosten der Abfallbehandlung und die Erlöse der Altstoffe dem Betriebsinhaber darzustellen.	Abfallbehandlung		Abfallentsorgung,Entsorgung	Abfallentsorgung,Entsorgung
Obwohl medizinische Abfälle nur einen geringen Anteil an der Gesamtmasse der gefährlichen und nicht gefährlichen Abfälle darstellen, bilden sie trotzdem einen mitunter sensiblen Bereich innerhalb der Abfallwirtschaft.	medizinischer Abfall	klinischer Abfall		
Der Senat ernennt mit dem Beschluss, mit dem er ein amtliches Sachverständigengutachten anordnet,  einen Gutachter, oder bedient sich fachspezifischer Einrichtungen und Organismen öffentlicher Verwaltungen.	amtliches Sachverständigengutachten	Gerichtsgutachten	Gerichtsgutachten	Gerichtsgutachten
Die Entscheidungen des Rechnungshofs in der Berufungsinstanz oder in einer einzigen Instanz  können  vor dem Kassationsgerichtshof angefochten werden, ausschließlich aus Gründen in Zusammenhang mit der Gerichtsbarkeit.	Kassationsgerichtshof	OGH,Oberster Gerichtshof	BGH,Bundesgerichtshof	BGer,Bundesgericht
Das Eheversprechen verpflichtet nicht zur Eheschließung, aber auch nicht zur Leistung dessen, was für den Fall seiner Nichterfüllung vereinbart wurde.	Eheversprechen	Eheverlöbnis,Verlöbnis	Verlöbnis	Verlobung,Verlöbnis
Die Gesellschaft ist verpflichtet, die Gründer von den eingegangenen Verbindlichkeiten zu befreien und ihnen die gemachten Aufwendungen zu ersetzen, wenn sie zur Gründung der Gesellschaft notwendig waren oder von der Versammlung genehmigt worden sind.	Gesellschafterversammlung,Versammlung	Hauptversammlung	HV,Hauptversammlung,oberste Vertretung	
Die Gesellschafterversammlung wird von den Verwaltern am Sitz der Gesellschaft einberufen, wenn der Gründungsvertrag nichts anderes bestimmt.	Gesellschafterversammlung,Versammlung	Hauptversammlung	HV,Hauptversammlung,oberste Vertretung	
Der Gesellschaftsvertrag kann, wenn nichts anderes vereinbart wurde, nur mit Einwilligung aller Gesellschafter geändert werden.	Gesellschaftsvertrag	gesellschaftlicher Vertrag	Gründungsvertrag	
Hat bezüglich der Anerkennung der Vaterschaft zu einem unehelichen Kinde das Gericht mitzuwirken, so ist das Bezirksgericht zuständig, das zur Führung der Vormundschaft über das uneheliche Kindberufen oder vor Erreichung seiner Volljährigkeit berufen gewesen ist.	Bezirksgericht		Amtsgericht	
Der Auftraggeber kann zur Eignungsfeststellung ein Qualifizierungssystem für Unternehmen einrichten und betreiben. Unternehmen müssen jederzeit die Zulassung zum Qualifizierungssystem beantragen können. Das Qualifizierungssystem kann verschiedene Qualifizierungsstufen umfassen.	Qualifizierungssystem	Prüfsystem		
Jedenfalls muß das Ersuchen innerhalb von dreißig Tagen ab dem Zeitpunkt eingebracht werden, an dem der Name der Person, für welche die Ermächtigung erforderlich ist, in das Register für die Nachrichten über strafbare Handlungen (335) eingetragen worden ist.	Register für die Nachrichten über strafbare Handlungen	Hauptregister der Staatsanwaltschaft		
Außer in den  vorgesehenen Fällen  wird die Rechtssache, wenn das Urteil eines Berufungsschwurgerichts oder eines Oberlandesgerichts  für nichtig erklärt wird, entsprechend an einen anderen Senat des gleichen Oberlandesgerichts oder des gleichen Landesgerichts  verwiesen.	Berufungsschwurgericht,Schwurgericht zweiter Instanz			Bundesassisen,Geschworenengericht
Das Landesgericht ist für strafbare Handlungen zuständig, die nicht in die Zuständigkeit des Schwurgerichts oder des Bezirksgerichts fallen.	Bezirksgericht,Bezirksrichter		Amtsgericht,Amtsrichter,Richter am Amtsgericht	
Die BG werden durch einen Einzelrichter, den Bezirksrichter, tätig.	Bezirksgericht,Bezirksrichter		Amtsgericht,Amtsrichter,Richter am Amtsgericht	
Als gesetzlicher Ehegüterstand gilt bei Fehlen eines gemäss Artikel 162 abgeschlossenen anderslautendenVertrags die vom dritten Teil dieses Abschnitts geregelte Gütergemeinschaft.	gesetzlicher Ehegüterstand	gesetzlicher Güterstand	gesetzlicher Güterstand	gesetzlicher Güterstand,ordentlicher Güterstand
Das Nutzungspfand dauert, auch wenn die Forderung oder die als Nutzungspfand gegebene Liegenschaft geteilt werden kann, so lange, bis die Forderung des Gläubigers zur Gänze befriedigt ist, es sei denn, daß eine Dauer festgesetzt worden ist.	Nutzungspfand		Nutzungspfandrecht	Antichrese,Nutzungspfandrecht
Der Präsident des Oberlandesgerichtes oder Generalstaatsanwalt beim zuständigen Oberlandesgericht kann die wegen Fehlens oder ungenügender Anzahl von Anwärtern freien Stellen durch die nötigen Zuteilungen von Richtern, die möglichst die deutsche Sprache beherrschen, zeitweilig besetzn.	Oberlandesgericht	OLG	OLG	
Das Schwurgericht ist zuständig  für Verbrechen, für die das Gesetz eine lebenslange Gefängnisstrafe oder eine Gefängnisstrafe vorsieht, deren Höchstmaß nicht unter vierundzwanzig Jahren liegt .	Schwurgericht	Geschworenengericht,Schöffengericht		
Die vermachte Sache ist dem Vermächtnisnehmer mit all ihrem Zubehör in dem Zustand zu leisten, in dem sie sich zur Zeit des Todes des Erblassers befindet.	Zubehör	Pertinenz,Zugehör		Pertinenz,Zugehör
Fund und Schatzfund wurden durch die SPG-Novelle 2002  neu geregelt.	Schatzfund			Schatzerwerb
Die vom Schuldner nicht angenommene, ihm aber durch Zustellung zur Kenntnis gebrachte Abtretung verhindert die Aufrechnung der nach der Zustellung entstandenen Forderungen.	Abtretung	Zession,Übertragung	Zession,Übertragung	Zession,Übertragung
Nicht zurechnungsfähig ist, wer im Zeitpunkt der Begehung der Tat infolge Volltrunkenheit, die durch Zufall oder höhere Gewalt hervorgerufen wurde, nicht einsichts- oder willensfähig war.	höhere Gewalt			vis maior
Der Zeugenbeweis ist mit der genauen Bezeichnung der zu vernehmenden Personen und der in getrennten Frageartikeln anzuführenden Tatsachen, über die jede dieser Personen vernommen werden soll, zu beantragen.	Zeugenaussage,Zeugenbeweis	Zeugnis	Zeugnis	Zeugnis
Die Gründungsurkunde und die Satzung haben die Bezeichnung der Körperschaft, Angaben über den Zweck, das Vermögen und den Sitz sowie Bestimmungen über die Verfassung und Verwaltung zu enthalten.	Gründungsakt,Gründungsurkunde,Gründungsvertrag	Gesellschaftsvertrag	Gesellschaftsvertrag,Gründungsprotokoll	Errichtungsakt,Gesellschaftsvertrag,Gründungsstatut
Der Gesellschafter ist verpflichtet, die im Gesellschaftsvertrag bestimmten Einlagen vorzunehmen.	Einlage	Beitrag,Stammeinlage	Beitrag,Gesellschaftsbeitrag,Stammeinlage	Beitrag,Stammeinlage,Vermögensbeitrag
Der Gastwirt haftet nicht, wenn die Beschädigung, Zerstörung oder Entwendung verursacht wird:  durch höhere Gewalt .	höhere Gewalt			vis maior
Wer wegen eines nicht fahrlässigen Verbrechens aufgrund von Geisteskrankheit, chronischer Vergiftung durch Alkohol oder Rauschgift oder wegen Taubstummheit zu einer herabgesetzten Strafe Verurteilte wird in einer Heil- und Bewahrungsanstalt  untergebracht .	Geisteskrankheit	seelische Erkrankung	krankhafte seelische Störung	
Bei einem Kompetenzkonflikt unter den  Gremien entscheidet der Hauptschulamtsleiter bzw. der zuständige Schulamtsleiter.	Kompetenzkonflikt,Zuständigkeitskonflikt	Zuständigkeitsstreit	Streit über die Zuständigkeit,Zuständigkeitsstreit	
Niemand kann wegen einer Handlung oder Unterlassung bestraft werden, die vom Gesetz mit Strafe bedroht ist, wenn er sie nicht mit Wissen und Wollen begangen hat.	Wille,Wollen			Willen
Die Bestimmung der Verfahrenskosten umfaßt: a) die Honorare und die Aufwendungen des Schiedsrichters .	Bestimmung der Verfahrenskosten	Kostenfestzsetzung	Kostenfestzsetzung	Liquidation der Prozesskosten
Der Speditionsvertrag ist ein Auftrag , mit dem der Spediteur die Verpflichtung übernimmt, im eigenen Namen und auf Rechnung des Auftraggebers einen Beförderungsvertrag  abzuschließen und die Nebengeschäfte abzuwickeln.	Speditionsvertrag	Spedition,Speditionsgeschäft	Spedition,Speditionsgeschäft	
Die Schadensanzeige enthält eine präzise, dokumentierte Darlegung der Tatsachen und der erfolgten Gesetzesverletzungen .	Darlegung der Tatsachen	Sachverhaltsdarstellung	Sachverhaltsdarstellung	Sachverhaltsdarstellung
Das  Gutachten  wurde dem Rechnungshof für die Durchführung der gerichtlichen Billigung im Sinne des  Artikels 14, Absatz 1, Buchstabe e), GD Nr. 138/2011, umgewandelt in das G Nr. 148/2011, am 18. Mai 2020 übermittelt.	G,Gesetz	formelles Gesetz	formelles Gesetz	formelles Gesetz
Der Touristiksachbearbeiter/die Touristiksachbearbeiterin ist in der Südtiroler Touristikwerbung tätig und organisiert nach allgemeinen Zielvorgaben des/der Vorgesetzten eigenständig Werbemaßnahmen und wirbt für das Südtiroler Tourismusangebot in Wort und Schrift.	Touristiksachbearbeiter	Touristikkaufmann	Touristikassistent	Tourismusassistent
Die Republik anerkennt und gewährleistet die unverletzlichen Rechte des Menschen, sei es als Einzelperson, sei es innerhalb der gesellschaftlichen Gebilde, in denen sich seine Persönlichkeit entfaltet, und sie fordert die Erfüllung der unabdingbaren Pflichten politischer, wirtschaftlicher und sozialer Solidarität.	unverletzliche Rechte des Menschen		unverletzliche Menschenrechte	
Der Nutzen für das herrschende Grundstück kann auch in einer größeren Bequemlichkeit oder Schönheit bestehen. Er kann ebenso die industrielle Widmung des Grundstücks betreffen.	Nutzen	Vorteil	Vorteil	
Die Bedeutung der Tätigkeit  wird in Übereinstimmung mit den gemeinschaftlichen Bestimmungen und Grundsätzen sowie der einschlägigen Auslegung durch die Rechtsprechung des Gerichtshofs der Europäischen Union geprüft.	Auslegung durch die Rechtsprechung		richterliche Auslegung	richterliche Auslegung
Erfolgen die steuerbaren Leistungen auf Grundlage eines privatrechtlichen Rechtsverhältnisses, richtet sich die Überwälzung der Steuer nach den privatautonomen Vereinbarungen. Bei Streitigkeiten ist Zivilklage vor der Ziviljustiz zu erheben.	Ziviljustiz	Zivilrechtspflege	Zivilrechtspflege	Zivilrechtspflege
Die Dekrete  regeln im Einzelnen, wie die Register im Rahmen der elektronischen Datenverarbeitung zu führen sind, wie Mitteilungen und Zustellungen durch zertifizierte E-Mail , wie die Authentifizierung der Nutzer und der Zugang zur elektronischen Verfahrensakte erfolgt, .	elektronische Akte,elektronische Verfahrensakte		eAkte	eDossier,elektronisches Dossier,elektronisches Gerichtsdossier
Außer dem Ehegatten, den Vorfahren oder den Nachkommen ist niemand verpflichtet, die Vormundschaft über einen voll Entmündigten oder die Pflegschaft für einen beschränkt Entmündigten mehr als zehn Jahre lang auszuüben.	Pflegschaft		Gebrechlichkeitspflegschaft	
Sofern die Satzung nicht eine größere Anzahl vorsieht, setzt sich der Aufsichtsrat aus zumindest drei Mitgliedern zusammen, die nicht Gesellschafter sein müssen.	Aufsichtsrat		AR	
Das Bundesamt für Sicherheit im Gesundheitswesen hat ein Pharmakovigilanz-System zu führen, das der Sammlung von für die Arzneimittelüberwachung wichtigen Informationen und deren wissenschaftlicher Auswertung und der Teilnahme an Pharmakovigilanz-Aktivitäten der Europäischen Union dient.	Arzneimittelkontrolle,Arzneimittelüberwachung,Pharmakovigilanz		Arzneimittelsicherheit	
Die spontanen Meldungen von Nebenwirkungen sind eine wichtige Informationsquelle für die Pharmakovigilanz, denn mit ihrer Hilfe können mögliche Alarmsignale in Zusammenhang mit der Verwendung der im Staatsgebiet verfügbaren Arzneimittel erkannt werden.	Arzneimittelkontrolle,Arzneimittelüberwachung,Pharmakovigilanz		Arzneimittelsicherheit	
Das gebietsmäßig zuständige Ethikkomitee hat eine begründete positive Stellungnahme zum Forschungsprogramm abgegeben .	Ethikkomitee	Ethikkommission	Ethik-Kommission,Ethikkommission	Ethikkommission
Es ist Pflicht, an den Kraftwagen und Kradfahrzeugen, ausgenommen Krafträder, im vorderen Teil oder auf der Windschutzscheibe die Abschnitte auszuhängen, mit denen die Zahlung der Kraftfahrzeugsteuer und der Pflichtversicherung bestätigt wird.	Kraftfahrzeughaftpflichtversicherung,Pflichtversicherung	Kraftfahrzeug-Haftpflichtversicherung	Kraftfahrzeug-Haftpflichtversicherung	Motorfahrzeughaftpflichtversicherung
Die Daten sind in verständlicher Form zu übermitteln, auch durch eine verständliche Schreibweise. Werden bei den übermittelten Daten Kodes oder Kürzel verwendet, so sind, auch über die Beauftragten, die Entschlüsselungsparameter anzugeben.	Kode		Code	
Die unbezahlte Arbeit ist nur dann zu berücksichtigen, wenn sie ständig im Familienbetrieb geleistet wird.	unbezahlte Arbeit	unentgeltliche Arbeit	unentgeltliche Arbeit	unentgeltliche Arbeit
Das Komitee Landeskomitee für Ethik nimmt weiters folgende Aufgaben wahr: a) eserteilt allgemeine Richtlinien im Bereich der klinischen Versuche, die in den Gesundheitseinrichtungen des Landes durchgeführt werden.	klinischer Versuch	klinische Prüfung	klinische Prüfung	
Der Vertragnehmer hat das Recht  eine detaillierte Aufstellung der einzelnen Rechnungselemente zu erhalten, im Besonderen in Zusammenhang mit dem Datum und der Uhrzeit des Anrufbeginns  der Dauer und der Anzahl der für jedes Gespräch angelasteten Gebühreneinheiten.	Gebühreneinheit		Zeittakt	
Zur Bestätigung der Geburt wird die Geburtshilfebescheinigung immer durch eine einfache Bescheinigung ersetzt, in der nur die Daten aufscheinen, die im Geburtenregister eingetragen werden müssen.	Geburtenregister	Geburtenbuch		Geburtsregister
Primäre Aufgabe der österreichischen Außenpolitik ist es, die Beziehungen Österreichs zu allen Ländern der Welt zu pflegen und die Interessen Österreichs in den internationalen und regionalen Organisationen, denen Österreich angehört, zu vertreten.	Außenpolitik			Aussenpolitik
Die Zusammenlebenden können jederzeit einen Lebensgemeinschaftsvertrag abschließen, mit dem sie die vermögensrechtlichen Regelungen treffen: so z.B. können sie den Güterstand der Gütergemeinschaft wählen, ihren Unterhalt und den jeweiligen Beitrag für das Zusammenleben festsetzen.	Lebensgemeinschaftsvertrag	Partnerschaftsvertrag	Partnerschaftsvertrag	Konkubinatsvertrag,Partnerschaftsvertrag
Die Angaben betreffend den Familiennamen, den Vornamen, den Geburtsort und das Geburtsdatum, die Staatsbürgerschaft, den Personenstand und den Wohnsitz, die in gültigen Lichtbildausweisen enthalten sind, haben dieselbe Beweiskraft wie die entsprechenden Bescheinigungen.	Personenstand			Zivilstand
Bei der Nutzung durch Dritte wird ein Fahrzeug gegen Entgelt im Interesse von anderen Personen als dem Fahrzeugscheininhaber genützt. Anderenfalls handelt es sich um Eigennutzung.	Fahrzeugscheininhaber	Zulassungsbesitzer	Fahrzeughalter,Halter	Halter
Für die Verhandlung vor dem Kantonsgericht sei ein verfassungsmässiges Gericht einzusetzen mit einem Präsidenten der Strafabteilung als vorsitzendem Richter und zwei ordentlichen Richtern der Strafabteilung.	ordentlicher Richter		Richter der ordentlichen Gerichtsbarkeit	
Ein Kraftwagen darf ein Fahrzeug, das nicht als Anhänger gilt, ziehen, wenn dieses wegen Havarie oder Fehlen wesentlicher Teile nicht mehr fahrtüchtig ist .	Kraftwagen			Motorwagen
Auf gebührenpflichtigen Parklätzen werden für Wohnmobile Tarife angewandt, die um 50 % höher sind als die Tarife, die auf gleichen Parkplätzen in der Gegend für Personenkraftwagen erhoben werden.	Personenkraftwagen			Personenwagen
Bei zweiachsigen Kraftomnibussen oder Oberleitungsbussen, die für den öffentlichen Linienverkehr im innerstädtischen und im Vorstadtbereich bestimmt sind, beträgt die höchstzulässige Gesamtmasse 19 t.	Kraftomnibus	Omnibus		Kleinbus
Der Verbraucher kann von einem Fernabsatzvertrag oder einem außerhalb von Geschäftsräumen geschlossenen Vertrag binnen 14 Tagen ohne Angabe von Gründen zurücktreten.	außerhalb von Geschäftsräumen geschlossener Vertrag		außerhalb der Geschäftsräume geschlossener Vertrag	
Die Verwendung von automatischen Anruf- und Kommunikationssystemen ohne menschlichen Eingriff (automatische Anrufmaschinen) zum Versand von Werbematerial, zum Direktverkauf, zur Marktforschung oder zur Handelsinformation ist nur erlaubt, wenn der Vertragnehmer oder Nutzer vorher seine Einwilligung gegeben hat.	Direktverkauf	Direktvertrieb	Direktvertrieb	
Zum Personenlinienverkehr dürfen folgende Fahrzeuge bestimmt werden: Kraftomnibusse, Gelenkbusse, Sattelkraftfahrzeuge, Lastzüge, Oberleitungsbusse, Gelenk-Oberleitungsbusse, Oberleitungssattelzüge und Oberleitungslastzüge, die dem Personenverkehr dienen.	Gelenkbus		Gelenk-Kraftomnibus	
Bei Wohnmobilen mit einer zulässigen Gesamtmasse von mehr als 2,5 t genügt für die hinteren Sitze die Ausrüstung mit Verankerungen zur Anbringung von Beckengurten und mit Beckengurten.	Wohnmobil			Wohnmotorwagen
Zum Personenlinienverkehr dürfen folgende Fahrzeuge bestimmt werden: Kraftomnibusse, Gelenkbusse, Sattelkraftfahrzeuge, Lastzüge, Oberleitungsbusse, Gelenk-Oberleitungsbusse, Oberleitungssattelzüge und Oberleitungslastzüge, die dem Personenverkehr dienen.	Lastzug	Kraftwagenzug		Anhängerzug
Beim Bedienen des Flurförderzeuges in den Schmalgängen muss sich der Fahrer auf den Ein- bzw Auslagerungsvorgang konzentrieren und hat zudem einen sehr eingeschränkten Sichtbereich.	Flurförderzeug		Flurfördermittel	
Landwirtschaftliche Zugmaschinen mit vorne getragenen Geräten dürfen keine angehängten landwirtschaftlichen Maschinen ohne Bremsanlage ziehen. Dies gilt auch dann, wenn die landwirtschaftlichen Maschinen Bestandteil der Zugmaschine sind.	landwirtschaftliche Maschine	landwirtschaftliches Fahrzeug	land- oder forstwirtschaftliches Fahrzeug,land- und forstwirtschaftliches Fahrzeug	landwirtschaftliches Motorfahrzeug
Rückfahrscheinwerfer sind für Anhänger, die dazu bestimmt sind, mit landwirtschaftlichen Zugmaschinen gezogen zu werden, jedoch nicht erforderlich.	landwirtschaftliche Zugmaschine	land- oder forstwirtschaftliche Zugmaschine,land- und forstwirtschaftliche Zugmaschine	land- oder forstwirtschaftliche Zugmaschine	landwirtschaftlicher Traktor
Der Minister für Infrastruktur und Verkehr ist befugt, im Einvernehmen mit dem Innenminister durch Dekret allfällige einschränkende Kriterien und die Modalitäten für die Ausstellung des Fahrzeugscheins festzulegen.	im Einvernehmen		einvernehmlich	
Beweggrund für die Schaffung des NWG Notwegegesetz war in erster Linie das Privatinteresse des Eigentümers der notleidenden Liegenschaft. Ein solches Interesse kommt aber demjenigen, dessen Eigentum bloß vorgemerkt wurde, jedenfalls dann nicht mehr zu, wenn die Rechtfertigung unterbleibt.	Privatinteresse	Individualinteresse	Individualinteresse	Individualinteresse
Landwirtschaftliche Zugmaschinen dürfen  einen einzigen landwirtschaftlichen Anhänger oder nicht mehr als zwei landwirtschaftliche Arbeitsmaschinen ziehen, sofern diese mit einer Bremsanlage ausgerüstet sind, die von der Zugmaschine aus betätigt wird.	landwirtschaftliche Arbeitsmaschine	gezogene auswechselbare Maschine,gezogenes auswechselbares Gerät	gezogene auswechselbare Maschine,land- oder forstwirtschaftliches Arbeitsgerät	landwirtschaftlicher Arbeitsanhänger
Schulen im Sinne dieser Bestimmungen des Suchmittelgesetzes sind die öffentlichen und privaten Schulen gemäß Schulorganisationsgesetz, BGBl. Nr. 242/1962, die öffentlichen land- und forstwirtschaftlichen Schulen sowie alle anderen Privatschulen.	Privatschule,private Schule		Schule in freier Trägerschaft,freie Schule	
Zu den Tätigkeiten  gehören auch Lehrgänge, didaktische und schulische Tätigkeiten, einschließlich der Finanzierung von Privatschulen, die gesetzlich anerkannte Studientitel verleihen, private Hochschulen, Tagungen und Lehrfahrten für Lehrpersonen sowie der Ankauf von didaktischem und wissenschaftlichem Material.	Privatschule,private Schule		Schule in freier Trägerschaft,freie Schule	
Das Gericht verhängt die  vorgesehenen Sanktionen auch dann, wenn der Vertrag  abgeschlossen worden ist, ohne die Aussetzung des Abschlusses zu beachten, die sich aufgrund der Einreichung des verwaltungsgerichtlichen Rekurses gegen den endgültigen Zuschlag ergeben hat, .	verwaltungsgerichtlicher Rekurs	Beschwerde an ein Verwaltungsgericht	Klage	Verwaltungsgerichtsbeschwerde
Wer zu Fuß geht und einachsige Zug- oder Arbeitsmaschinen an Holmen oder Handfahrzeuge mitführt, hat mindestens eine nach vorn und hinten gut sichtbare, nicht blendende Leuchte mit weißem Licht auf der linken Seite anzubringen oder zu tragen.	Handfahrzeug	Handwagen		Handwagen
Zur Klasse der atypischen Fahrzeuge gehören Kradfahrzeuge und Kraftwagen, die als Oldtimer gelten oder die von historischem Interesse sind und Sammlerwert besitzen.	Kradfahrzeug			Motorrad
Oszillationen der Fortbewegungsrichtung mit dazwischen liegenden Stillstandsphasen treten  in Situationen auf, wenn sich verschiedene Fußgängerströme durchdriungen, etwa an Kreuzuungen .	Fußgängerstrom			Fussgängerstrom
Folgende Fahrzeuge dürfen nicht auf den Autobahnen  verkehren: a) Fahrräder, Kleinkrafträder, mit Verbrennungsmotor betriebene Krafträder mit einem Hubraum von weniger als 150 cm³, mit Verbrennungsmotor betriebene Krafträder mit Beiwagen mit einem Hubraum von weniger als 250 cm³ .	Kraftrad mit Beiwagen	Motorrad mit Beiwagen		Motorrad mit Seitenwagen
Für die Zulassung zu den verschiedenen Gattungen und Stufen der Schulen, für den Abschluß derselben und für die Befähigung zur Berufsausübung ist eine Staatsprüfung vorgeschrieben.	Staatsprüfung,Staatsprüfung zur Erlangung der Berufsbefähigung		Staatsexamen	
Zur Berufsausübung ist die Eintragung in die Berufskammer erforderlich. Voraussetzungen dafür sind:  Staatsprüfung zur Erlangung der Berufsbefähigung.	Staatsprüfung,Staatsprüfung zur Erlangung der Berufsbefähigung		Staatsexamen	
Der Grundsatz der Würde der Person und der Aufklärung bzw. der freien Einwilligung bei der Wahl der medizinischen Behandlung findet sich auch in der italienischen Verfassung wieder.	freie Einwilligung	freie Zustimmung	freie Zustimmung	
Das Gesetz sieht vor, dass mittels Verfügung eine Person ernannt werden kann, die den Patienten oder die Patientin in den Beziehungen zu Ärzten, Ärztinnen und Personal des Gesundheitsbetriebs vertritt: die Vertrauensperson.	Vertrauensperson		Betreuer	
Während eines stationären Aufenthaltes (ordentlicher Aufenthalt, Day Hospital oder Day Surgery) werden die klinischen Daten und Befunde gesammelt und als Krankengeschichte angelegt und schließlich im Sanitätsarchiv in Papierform hinterlegt und zum Teil in digitaler Form abgespeichert.	Krankenakte,Krankengeschichte,Patientenakte		Krankenblatt	
Der Inhalt der Sprengstoffkisten wurde in Kunststofffässer gefüllt und die geleerten Kisten mit einem Hochdruckreiniger gereinigt, wobei das anfallende Abwasser der Wasserreinigungsanlage zugeführt wurde.	Kläranlage,Klärwerk,Wasserreinigungsanlage	Abwasserkläranlage,Abwasserreinigungsanlage	Abwasserkläranlage	Abwasserkläranlage,Abwasserreinigungsanlage
Die Abwässer von Reschen, Graun und St. Valentin an der Haide werden künftig im Klärwerk in Glurns gereinigt, dessen Wirkungsgrad zu diesem Zweck auf 30.000 Einwohnergleichwerte erhöht worden ist.	Kläranlage,Klärwerk,Wasserreinigungsanlage	Abwasserkläranlage,Abwasserreinigungsanlage	Abwasserkläranlage	Abwasserkläranlage,Abwasserreinigungsanlage
Für die Errichtung und die Führung der Kanalisationen und der Kläranlagen von übergemeindlichem Interesse bedienen sich die Gemeinden des einheitlichen Dienstes .	Kläranlage,Klärwerk,Wasserreinigungsanlage	Abwasserkläranlage,Abwasserreinigungsanlage	Abwasserkläranlage	Abwasserkläranlage,Abwasserreinigungsanlage
In fließenden Gewässern ist der Gebrauch einer einzigen Rute mit höchstens drei Angelhaken oder drei Drillingen erlaubt.	fließendes Gewässer			fliessendes Gewässer
Die Einleitung von Klärschlamm in Oberflächengewässer, insbesondere von Schiffen oder durch Leitungssysteme, ist verboten.	Oberflächengewässer		oberirdisches Gewässer	oberirdisches Gewässer
Die Nutzungen von Grundwasser, auch zur Wärmegewinnung ohne Wasserentnahme, werden von dem für Gewässernutzung zuständigen Landesrat in Konzession vergeben.	Grundwasser			unterirdisches Gewässer
Im Landschaftsplan können auch die vorrangigen Leitlinien für Projekte zur Erhaltung, Wiedergewinnung, Wiederaufwertung, Aufwertung und Pflege der regionalen Landschaft mit Angabe der Mittel zu deren Durchführung, einschließlich der Fördermaßnahmen, festgelegt werden.	Landschaftsplan,Landschaftsschutzplan		Landschaftsprogramm	
Die Landesregierung bestimmt die Kriterien, gemäß welchen Erde und Steine aus Aushub als Nebenerzeugnisse angesehen werden können.	Nebenerzeugnis	Nebenprodukt	Nebenprodukt	
Die Pflicht,  ein Abfallregister zu führen, haben  Händler und Vermittler von Abfällen, mit oder ohne Besitz der Abfälle.	Vermittler von Abfällen		Makler von Abfällen	
Sowohl die Umweltverschmutzung (Art. 452-bis) als auch die Umweltkatastrophe (Art. 452-ter) werden gemäß Art. 452-quinquies auch im Falle der Fahrlässigkeit bestraft.	Umweltverschmutzung	Beeinträchtigung der Umwelt		
§ 98 öStGB droht für den Fall eines Schwangerschaftsabbruches ohne Einwilligung der Schwangeren Freiheitsstrafen an, die verschieden hoch sind, je nachdem, ob durch die Tat der Tod der Schwangeren eingetreten ist, oder ob dies nicht der Fall war.	Schwangerschaftsabbruch ohne Einwilligung der Schwangeren		Schwangerschaftsabbruch gegen den Willen der Schwangeren	
Der Denkmalschutz umfasst auch Maßnahmen zur Vereinheitlichung und Regelung von Rechten und Verhaltensweisen, die das kulturelle Erbe betreffen.	Denkmalschutz		Kulturgutschutz	
Das Ministerium legt, auch mit Hilfe der Regionen und in Zusammenarbeit mit den zuständigen Universitäten und Forschungsanstalten, Richtlinien, technische Vorschriften, Kriterien und Modelle für Eingriffe zur Erhaltung von Kulturgütern fest.	Erhaltung von Kulturgütern	Konservierung	Konservierung	Konservierung
Bei der Erteilung der Ermächtigung für Ausstellungen sind der Bedarf an Maßnahmen zur Erhaltung der Güter und bei staatseigenen Gütern auch das Erfordernis der öffentlichen Nutzung zu berücksichtigen .	Nutzung,öffentliche Nutzung		Zugang der Öffentlichkeit	
Die regionale Gesetzgebung regelt die Nutzung der Güter, die sich in den Kultureinrichtungen und an Kulturorten befinden, die nicht dem Staat gehören .	Nutzung,öffentliche Nutzung		Zugang der Öffentlichkeit	
Die Erhaltung des kulturellen Erbes wird durch kohärente, koordinierte und programmierte Studien-, Vorbeugungs-, Instandhaltungs- und Restaurierungstätigkeit gewährleistet.	Vorbeugung	Prävention,passive Konservierung,präventive Konservierung,vorbeugende Konservierung	Prävention,passive Konservierung,präventive Konservierung,vorbeugende Konservierung	Prävention,Schadensprävention,präventive Konservierung,vorbeugende Konservierung
Der Zugang zu öffentlichen Bibliotheken und Archiven zu Lese-, Studien- und Forschungszwecken ist unentgeltlich.	öffentliche Bibliothek			allgemeine öffentliche Bibliothek
Im Sinne  des Kodex der Kultur- und Landschaftsgüter versteht man unter Kultureinrichtungen und -orte die Museen, die Bibliotheken und die Archive, die archäologischen Fundstätten und Parks und die Baudenkmalkomplexe.	archäologische Fundstätte			archäologische Stätte
Öffentliche Archive und Privatarchive, die Gegenstand einer Erklärung über das Vorliegen eines kulturellen Interesses  sind, dürfen nicht aufgeteilt werden.	Privatarchiv	privates Archiv	privates Archiv	privates Archiv
Eine geschlossene und informell skartierte Akte wird im Zwischenarchiv abgelegt.	Zwischenarchiv		Altablage,Altregistratur,Verwaltungsarchiv	Altablage,Altregistratur,Vorarchiv,ruhende Ablage
Das Tragen von Atemschutz darf keine ständige Maßnahme sein.	Atemschutz,Atemschutzgerät,Schutzausrüstung der Atemwege		Atemschutzmittel	Atemschutzmittel
Kapselgehörschützer können in einer warmen Umgebung unangenehm sein. Die Verwendung von schweißabsorbierenden Zwischenlagen oder der Einsatz von Gehörschutzstöpseln kann Abhilfe schaffen.	Gehörschutzpfropfen,Gehörschutzstöpsel,Ohrenstöpsel,Stöpsel für das Gehör	Ohrstöpsel	Ohrstöpsel	Ohrstöpsel
Nach den Vorschriften haben Heeresangehörige „bei Lärmexposition im Dienst einen geeigneten Gehörschutz zu tragen“. Dafür sind Gehörschutzpfropfen, Gehörschutzbügel, Funkkopfhörer für Panzerbesatzungen und Funkkopfhörer für Stahlhelme in Verwendung.	Gehörschutzpfropfen,Gehörschutzstöpsel,Ohrenstöpsel,Stöpsel für das Gehör	Ohrstöpsel	Ohrstöpsel	Ohrstöpsel
Der Arbeitgeber berücksichtigt die Lärmexposition der Arbeitnehmer während der Arbeit, wobei er insbesondere  l) die Verfügbarkeit von Schutzausrüstung für das Gehör mit einer angemessenen dämmenden Wirkung berücksichtigt.	dämmende Wirkung		Schalldämmung	
Gehörschutzbügel lassen sich rasch aufsetzen und können bei Nichtgebrauch um den Hals getragen werden.	Gehörschutzbügel	Bügelstöpsel	Bügelstöpsel	
Gehörschutzkapseln können unter Umständen an Industrieschutzhelmen befestigt werden. In diesen Fällen ist ausschließlich jene Kombination zu verwenden für die Schalldämmwerte einer akkreditierten Prüfstelle vorliegen.	Gehörschutzkapsel	Kapselgehörschützer	Kapselgehörschützer	Kapselgehörschützer
Die auf dem Autokorb tätigen Arbeiter müssen mit einem geeigneten Sicherheitsgeschirr ausgestattet sein, das fest an einem Halteseil verankert sein muss .	Halteseil	Positionierungsseil	Positionierungsseil	
Schutzhelme müssen so angepasst oder eingestellt werden, dass ein Herabfallen des Helmes vom Kopf bei Bewegungen des Trägers/der Trägerin verhindert wird. Erforderlichenfalls sind Schutzhelme mit Kinnriemen zu verwenden. Das gilt auch für Anstoßkappen.	Anstoßkappe	Industrie-Anstoßkappe	Industrie-Anstoßkappe	Anstosskappe
Das Spektrum der optischen Strahlung wird unterteilt in ultraviolette Strahlung, sichtbare Strahlung und Infrarotstrahlung .	IR,Infrarotstrahlung	IR-Strahlung,Infrarot-Strahlung	IR-Strahlung,Infrarot-Strahlung	IR-Strahlung,Infrarot-Strahlung
Die optische Strahlung umfasst die Infrarotstrahlung (IR), das für den Menschen sichtbare Licht (VIS) und die ultraviolette Strahlung (UV).	IR,Infrarotstrahlung	IR-Strahlung,Infrarot-Strahlung	IR-Strahlung,Infrarot-Strahlung	IR-Strahlung,Infrarot-Strahlung
Für Arbeiten, die  am Boden liegend, sitzend oder knieend durchgeführt werden müssen, sind gegebenenfalls Unterlagen mit ausreichend hoher Wärmedämmung und geringer Wärmeableitung bzw. gepolsterte Unterlagen oder Knieschützer und erforderlichenfalls auch ein Schutz gegen Feuchtigkeit zur Verfügung zu stellen.	Knieschützer	Knieschutz	Knieschutz	Knieschutz
Augen- und Gesichtsschutz wird als Gestellbrille, Korbbrille, Schutzschild oder Schutzschirm angeboten.	Korbbrille		Vollsichtbrille	Vollsichtbrille
Wenn die Lärmexposition die oberen Auslösewerte erreicht oder überschreitet, fordert der Arbeitgeber, dass die Arbeitnehmer die persönliche Schutzausrüstungen für das Gehör verwenden.	oberer Auslösewert		obere Auslöseschwelle	
Die Phase der Behandlung des Risikos betrifft die Ermittlung der Maßnahmen, die anzuwenden sind, um das bestehende Risiko zu verringern, indem dieses auf ein akzeptables Restrisiko herabgesetzt wird.	Restrisiko	Restgefährdung,verbleibendes Risiko	Restgefährdung,verbleibende Gefährdung	verbleibende Gefährdung,verbleibendes Risiko
Durch die Verwendung der PSAgA als Rückhaltesystem zum Arbeiten in der Nähe der Absturzkante sollte eine Rettung nicht erforderlich sein .	Rückhaltesystem	Haltesystem		Haltesystem
Die Aufsichtsbehörde kann die Verwendung geschlossener unterirdischer oder halbunterirdischer Räume auch für Tätigkeiten erlauben, für die keine technischen Anforderungen bestehen, wenn bei diesen Tätigkeiten keine Schadstoffe ausgesetzt  werden.	Schadstoff,gesundheitsschädlicher Stoff,schädlicher Arbeitsstoff,schädlicher Stoff	gesundheitsschädlicher Arbeitsstoff	gesundheitsschädlicher Arbeitsstoff	
Ist bei einer schwangeren Dienstnehmerin eine Änderung der Beschäftigung im Betrieb erforderlich (z.B. wegen schwerer körperlicher Arbeiten, Arbeiten mit schädlichen Arbeitsstoffen, etc), darf in den in § 14 MSchG aufgezählten Anwendungsfällen das Entgelt nicht geschmälert werden.	Schadstoff,gesundheitsschädlicher Stoff,schädlicher Arbeitsstoff,schädlicher Stoff	gesundheitsschädlicher Arbeitsstoff	gesundheitsschädlicher Arbeitsstoff	
Die Arbeitnehmer, die der Absturzgefahr ins Freie oder in Hohlräume ausgesetzt sind bzw. ihre Leistungen in Schächten, Tanks o. ä. unter gefährlichen Bedingungen erbringen, müssen mit einem geeigneten Sicherheitsgurt ausgestattet sein.	Sicherheitsgurt		Sicherungsgurt	
Durch Zwangshaltung beim Schweißen können im Schutzanzug Falten entstehen, in denen sich herabfallende Schweißperlen festsetzen. Um dies zu verhindern, haben sich in der Praxis Faltenabdeckung, Schutzärmel, Gamaschen, Schutzschürzen aus Leder oder anderem schwer entflammbaren Material bewährt.	Schutzärmel,Unterarmstulpe	Armstulpe,Stulpe	Armstulpe,Stulpe	Stulpe
Werden Messer in Richtung Körper geführt, sind Stechschutzhandschuhe evtl. mit Unterarmstulpe sowie Stechschutzschürze, -poncho oder -bolero zu tragen.	Schutzärmel,Unterarmstulpe	Armstulpe,Stulpe	Armstulpe,Stulpe	Stulpe
Bei Halte- und Auffangsystemen prüfen, ob ausschließlich die laut den ÖNORMEN und den Herstelleranweisungen geeigneten Teile in Verwendung sind (z.B. geeignete Type des Fangseiles, des Falldämpfers, passende Schultergurte oder Beinschlingen).	Auffangsystem,Schutzsystem gegen Absturz			Sturzauffangsystem
Ortsveränderliche Krane sind z. B. Turmdrehkrane, Auto- und Mobilkrane.	Turmdrehkran,Turmkran		TDK	TDK
Die Lufttemperatur muss in geeigneter Weise registriert werden und darf 25 Grad Celsius nicht überschreiten, eventuell auch mit Hilfe von Geräten für die Regulierung der Umgebungstemperatur.	Umgebungstemperatur		Raumtemperatur	
Wenn die Lärmexposition die unteren Auslösewerte überschreitet, stellt der Arbeitgeber den Arbeitnehmern persönliche Schutzausrüstungen für das Gehör zur Verfügung.	unterer Auslösewert		untere Auslöseschwelle	
Der Bereich der ultravioletten Strahlung wird unterteilt in UV-A-Strahlung (315-400 nm), UV-B-Strahlung (280-315 nm) und UV-C-Strahlung (100-280 nm).	UV-B-Strahlung,UVB-Strahlung	UV-B	UV-B,UVB	
Der Bereich der ultravioletten Strahlung wird unterteilt in UV-A-Strahlung (315-400 nm), UV-B-Strahlung (280-315 nm) und UV-C-Strahlung (100-280 nm).	UV-C-Strahlung	UV-C,UVC-Strahlung	UV-C,UVC,UVC-Strahlung	UVC-Strahlung
Das Spektrum der optischen Strahlung wird unterteilt in ultraviolette Strahlung, sichtbare Strahlung und Infrarotstrahlung .	UV,UV-Strahlung,ultraviolette Strahlung	Ultraviolett-Strahlung,Ultraviolettstrahlung	Ultraviolett-Strahlung,Ultraviolettstrahlung	Ultraviolett-Strahlung,Ultraviolettstrahlung
Optische Strahlung ist elektromagnetische Strahlung im Wellenlängenbereich von 100 nm bis 1 mm und umfasst Ultraviolette Strahlung (UV), den sichtbaren Bereich (VIS) und Infrarotstrahlung (IR).	UV,UV-Strahlung,ultraviolette Strahlung	Ultraviolett-Strahlung,Ultraviolettstrahlung	Ultraviolett-Strahlung,Ultraviolettstrahlung	Ultraviolett-Strahlung,Ultraviolettstrahlung
UV-Strahlung ist jene Strahlung im elektromagnetischen Spektrum, die frequenzmäßig an das blau/violette Licht angrenzt, und für unser Auge nicht mehr sichtbar ist.	UV,UV-Strahlung,ultraviolette Strahlung	Ultraviolett-Strahlung,Ultraviolettstrahlung	Ultraviolett-Strahlung,Ultraviolettstrahlung	Ultraviolett-Strahlung,Ultraviolettstrahlung
Falls sich aus den ärztlichen Untersuchungen an Arbeitnehmern, die in vergleichbarem Maß einen gleichen Arbeitsstoff ausgesetzt sind, eine Anomalie gibt, welche auf diese Exposition zurückgeführt werden kann, so verständigt der Betriebsarzt den Arbeitgeber.	Arbeitsstoff	Einwirkung	Einwirkung	Einwirkung
Der Arbeitgeber gewährleistet, dass jeder Arbeitnehmer eine ausreichende und angemessene Ausbildung im Bereich der Gesundheit und Sicherheit erhält, auch unter Berücksichtigung der sprachlichen Kenntnisse .	Ausbildung	Unterweisung	Unterweisung	Aus- und Weiterbildung
Innerhalb des ersten Trimesters des Jahres nach dem Bezugsjahr übermittelt der Betriebsarzt den gebietszuständigen Diensten, ausschließlich auf telematischem Wege, die Informationen  betreffend die sanitären und risikenbezogenen Daten der Arbeitnehmer .	Betriebsarzt	AM,Arbeitsmediziner		
Eine Bifokalbrille hat keine Schutzfunktion gegenüber speziellen Gefahren einer bestimmten beruflichen Tätigkeit, weil sie nicht für jene Personen vorgesehen ist, die die betreffende Berufstätigkeit ausüben. Sie ist also keine Schutzbrille für Bildschirmarbeiter.	Bildschirmarbeiter,Bildschirmverwender		Bildschirmarbeitnehmer	
Theoretisch müssten alle Mitarbeiter der Landesabteilungen im VDT-Programm aufscheinen, sei es Bildschirmverwender wie auch andere Mitarbeiter (z.B. Amtswarte, Ausgeher, Arbeiter usw.).	Bildschirmarbeiter,Bildschirmverwender		Bildschirmarbeitnehmer	
Alle Arbeitsmittel müssen so gebaut sein, dass die Arbeitnehmer keinem Brandrisiko oder dem Risiko einer Überhitzung der Arbeitsmittel ausgesetzt sind.	Brandrisiko		Brandgefährdung	Brandgefährdung
Ab 1.1.2008 setzen sich die Notfalleinsatzgruppen in der Landesverwaltung und in den Kindergärten und Schulen jeglicher Art aus den Brandschutzbeauftragten und den Erste-Hilfe-Beauftragten zusammen.	Brandschutzbeauftragter		Brandschutzhelfer	
Die Erste-Hilfe-Beauftragten absolvieren eine theoretische und praktische Ausbildung für die Durchführung der internen Erste-Hilfe-Maßnahmen und die Aktivierung der Notfalleinsätze.	Erste-Hilfe-Beauftragter	Erst-Helfer,Ersthelfer	Ersthelfer	Ersthelfer
Bei der Projektierung von unterirdischen Räumen müssen gute Lebensqualität und ein angenehmes Raumklima gewährleistet werden.	Mikroklima,Raumklima		Innenraumklima	Innenraumklima
Als physikalische Einwirkungen gelten Lärm, Ultraschall, Infraschall, mechanische Vibrationen, elektromagnetische Felder, optische Strahlungen auch künstlicher Art, Mikroklima und Überdruck .	Mikroklima,Raumklima		Innenraumklima	Innenraumklima
Der Arbeitgeber  hält die PSA einsatzbereit und gewährleistet einwandfreie hygienische Bedingungen mittels der erforderlichen Wartung, Reparatur und Ersatz und laut den Anweisungen des Herstellers.	PSA,persönliche Schutzausrüstung	Schutzausrüstung	Schutzausrüstung	Schutzausrüstung
Die allgemeinen Maßnahmen für den Schutz der Gesundheit und Sicherheit der Arbeitnehmer am Arbeitsplatz sind:  Risikobeseitigung und, wo dies nicht möglich ist, Risikoreduzierung auf ein Minimum laut den neuen Kenntnissen des technischen Fortschritts.	Risikobeseitigung	Gefährdungsbeseitigung,Gefährdungsvermeidung,Risikovermeidung	Gefährdungsbeseitigung,Gefährdungsvermeidung,Risikovermeidung	Risikovermeidung
Die Risikowahrnehmung und die Risikoakzeptanz sind im alltäglichen Leben subjektiv.	Risikowahrnehmung		Gefährdungswahrnehmung	
Das Schadensausmaß ist abhängig von dem Gefährdungspotenzial. Je größer das Gefährdungspotenzial, desto größer das mögliche Schadensausmaß.	Schadensausmaß	Schadensschwere	Schadensschwere	Schadensausmass
Im Rahmen der Risikobewertung  bewertet der Arbeitgeber alle Risiken in Folge von physikalischen Einwirkungen, um so die angemessenen Arbeitsschutzmaßnahmen ausarbeiten und anwenden zu können, mit besonderem Bezug auf die Regeln der Technik und auf gute praktische Lösungen.	Arbeitsschutzmaßnahmen,Präventions- und Schutzmaßnahmen,Vorbeuge- und Schutzmaßnahmen,Vorsorge- und Schutzmaßnahmen		Maßnahmen des Arbeitsschutzes	Arbeitsschutzmassnahmen
Nach entsprechender Stellungnahme des Betriebsarztes ergreift der Arbeitgeber je nach den Ergebnissen der klinischen und biologischen Untersuchungen besondere Vorbeuge- und Schutzmaßnahmen für einzelne Arbeitnehmer.	Arbeitsschutzmaßnahmen,Präventions- und Schutzmaßnahmen,Vorbeuge- und Schutzmaßnahmen,Vorsorge- und Schutzmaßnahmen		Maßnahmen des Arbeitsschutzes	Arbeitsschutzmassnahmen
Die Aus- und Fortbildung im Bereich Arbeitsschutz ist eine wesentliche Vorbeugemaßnahme zum Schutz der Arbeitnehmerinnen und Arbeitnehmer.	Präventionsmaßnahme,Vorbeugemaßnahme,Vorsorgemaßnahme			Präventionsmassnahme,Vorsorgemassnahme
Vorsorgemaßnahmen werden getroffen, um Gefährdungen aller Art zu vermeiden oder fernzuhalten.	Präventionsmaßnahme,Vorbeugemaßnahme,Vorsorgemaßnahme			Präventionsmassnahme,Vorsorgemassnahme
Die Gesundheitsüberwachung beinhaltet Vorsorgeuntersuchungen, mit denen das Vorhandensein eventueller Kontraindikationen für die den Arbeitnehmern zugewiesene Arbeit überprüft wird, sowie ihre Eignung für die spezifische Aufgabe.	Vorsorgeuntersuchung	Eignungsuntersuchung		arbeitsmedizinische Vorsorgeuntersuchung
Beschaffungsstellen, die staatliche Behörden oder öffentliche Unternehmen sind und die mindestens eine der folgenden Tätigkeiten ausüben:  die Nutzung eines geografisch abgegrenzten Gebietes zum Zwecke der Versorgung von Beförderungsunternehmen im Flussverkehr mit Binnenhäfen oder anderen Verkehrsendeinrichtungen .	Flussverkehr	Binnenschifffahrtsverkehr	Binnenschifffahrtsverkehr	
Die verbalen Mitteilungen sind so kurz, einfach und klar wie möglich; die verbalen Fähigkeiten des Sprechers sowie die auditiven Fähigkeiten des Hörers oder der Hörer müssen eine einwandfreie verbale Kommunikation gewährleisten.	verbale Kommunikation	Sprechzeichen	Sprechzeichen	
Piktogramme müssen möglichst leicht verständlich sein; für das Verständnis nicht erforderliche Details sind wegzulassen.	Bildzeichen,Piktogramm		graphisches Symbol	Symbol
Ein Schild ist ein ein Zeichen, das durch Kombination von geometrischer Form, Farbe und Bildzeichen oder Piktogramm eine bestimmte Aussage beinhaltet.	Bildzeichen,Piktogramm		graphisches Symbol	Symbol
Bevor Arbeiten auf Dachfenstern, Oberlichten, Dächern, Abdeckungen und Ähnlichem durchgeführt werden, muss, unbeschadet der Pflicht, kollektive Schutzmaßnahmen zu ergreifen, sichergestellt werden, dass diese eine ausreichende Tragfähigkeit haben, um der Belastung durch die Arbeitnehmer und die verwendeten Materialien standzuhalten.	Dachfenster,Oberlicht		Lichtkuppel	
Die kollektiven Schutzmittel und -dienste umschließen: Sicherheitskennzeichen; akustische Signalgeber; Ausrüstungen für Ersthilfe; Notbeleuchtung; Löschmittel; Notfallmanagementdienste.	Löschmittel	Feuerlöschmittel	Feuerlöschmittel	
Stoffe, die Elektronen gut leiten, nennt man elektrische Leiter: dazu gehören alle Metalle, Säuren und auch Wasser .	elektrischer Leiter	Stromleiter	Stromleiter	
Der Arbeitgeber sorgt  dafür, dass jeder Arbeitnehmer eine angemessene Information erhält über  spezifische Risiken, denen er mit Bezug auf die durchgeführte Tätigkeit ausgesetzt ist, sowie über die Sicherheitsvorschriften und die Betriebsanweisungen in diesem Bereich.	Betriebsanweisung		betriebliche Sicherheitsbestimmungen	
Bei Filtergeräten mit Gebläse und Atemschutzanzug wird ein Überdruck im Innern des Anzuges erzeugt. Dieser Atemschutzanzug bietet Schutz der Atemwege und des gesamten Körpers vor Kontamination.	Schutz der Atemwege		Atemschutz	
Es müssen auf jeden Fall Fluchtwege und Zugänge zum Sammelplatz freigehalten werden.	Sammelplatz		Sammelstelle	
Die Sicherheitskennzeichnungen, die eine Energiequelle benötigen, müssen für den Fall, dass diese ausfällt, über eine Notversorgung verfügen, es sei denn, dass bei Unterbrechung der Energiezufuhr kein Risiko mehr besteht.	Notversorgung		Notstromversorgung	
Der Einweiser signalisiert die Hebe- und Transportmanöver klar und unmissverständlich damit der Kranführer die vorzunehmenden Manöver gut versteht.	Einweiser,Signalgeber		Einweisender	
Der Signalgeber muss die eigene Aufmerksamkeit ausschließlich der Steuerung der Arbeitsvorgänge und der Sicherheit der in der Nähe befindlichen Arbeitnehmer widmen.	Einweiser,Signalgeber		Einweisender	
Gesundheit, Wohlbefinden und Leistungsfähigkeit der Arbeitnehmer hängen in hohem Maße vom Raumklima und von der Luftqualität am Arbeitsplatz ab. Lüftung und Schadstoffabsaugung in Arbeitsräumen und an Arbeitsplätzen sind damit wesentliche Elemente menschengerechter Gestaltung der Arbeit.	Lüftung	Belüftung,Raumlüftung	Belüftung,Raumlüftung	Belüftung,Raumlüftung
Die rasche Beseitigung der von den Sprengstoffen verursachten Gasen, des Qualms und des Staubs ist durch künstliche Belüftung zu bewirken .	künstliche Belüftung	maschinelle Lüftung,mechanische Be- und Entlüftung,mechanische Belüftung,mechanische Lüftung	maschinelle Lüftung,mechanische Lüftung,technische Lüftung	künstliche Lüftung,mechanische Belüftung,mechanische Lüftung
Ablagerungen und Verunreinigungen, die zu einer unmittelbaren Gesundheitsgefahr der Arbeitnehmer durch Verschmutzung der Raumluft führen können, müssen rasch beseitigt werden.	Raumluft		Innenraumluft	Innenraumluft
Brennbare Baustoffe haben die Eigenschaft, sich bei Erwärmung auf ihre Zündtemperatur unter Glut- und Flammenbildung mit dem Sauerstoff der Luft zu verbinden, d. h. zu verbrennen.	Selbstentzündungstemperatur,Zündpunkt,Zündtemperatur		Entzündungspunkt,Entzündungstemperatur	
Nachdem  der gesamte Raum vom Brand erfasst ist und die Sauerstoffzufuhr sichergestellt ist, entwickelt sich in der dritten Phase ein Vollbrand.	Vollbrand,voll entwickelter Brand	Vollbrandphase	Vollbrandphase	Vollbrandphase
Ein Feuer kann gelöscht werden, indem eine Voraussetzung der Verbrennung beseitigt wird, also durch Wärmeentzug (Abkühlen), Unterbinden der Sauerstoffzufuhr (Ersticken) oder Beseitigung des Brennstoffes.	Abkühlen		Abkühlung	
Löschdecken aus schwerentflammbarem Material werden zum Ersticken von Flammen, insbesondere zum Einhüllen brennender Personen verwendet.	Löschdecke		Brandschutzdecke,Feuerlöschdecke	
Löschdecken aus schwerentflammbarem Material werden zum Ersticken von Flammen, insbesondere zum Einhüllen brennender Personen verwendet.	Ersticken		Erstickung	
Ein Feuer wird im Allgemeinen durch vier Brandphasen charakterisiert, der Zündphase, und dem Schwelbrand, d. h. der Brandentstehung sowie dem „flash over“ und der Erwärmungsphase, d. h. dem Vollbrand.	Zündphase	Anfangsphase des Brandes	Anfangsphase des Brandes	Initiierungsphase
In der Entstehungsphase ist es verhältnismäßig leicht, einen Brand zu bekämpfen und zu löschen .	Entstehungsphase	Entstehungsbrandphase	Entstehungsbrandphase	Wachstumsphase
Zusätzlich zur Wasserlöschanlage müssen tragbare Feuerlöscher, deren Typ und Anzahl vom Techniker bestimmt wird, auf die verschiedenen Räumlichkeiten verteilt werden.	tragbarer Feuerlöscher	tragbarer Löscher	tragbarer Löscher	
Brandmeldeanlagen bestehen aus mindestens Brandmeldern (z. B. Rauchmelder, Wärmemelder, Flammenmelder, Handmelder), Übertragungseinrichtungen der Brandmeldung innerhalb der baulichen Anlage, der Brandmeldezentrale und der Übertragungseinrichtung zur Alarmierung von Löschkräften.	Brandmelder		automatischer Brandmelder	
Im Dokument zur Bewertung des Brandrisikos bewertet der Arbeitgeber die Brandrisiko-Stufe des Arbeitsplatzes und, wo notwendig, einzelner Bereiche desselben Ortes, indem die Brandrisiko-Stufe  einer der nachstehenden Kategorien zugewiesen wird: a) Erhöhtes Brandrisiko, b) Mittleres Brandrisiko, c) Niedriges Brandrisiko.	erhöhtes Brandrisiko,hohes Brandrisiko		erhöhte Brandgefährdung	grosses Brandrisiko
Im Dokument zur Bewertung des Brandrisikos bewertet der Arbeitgeber die Brandrisiko-Stufe des Arbeitsplatzes und, wo notwendig, einzelner Bereiche desselben Ortes, indem die Brandrisiko-Stufe  einer der nachstehenden Kategorien zugewiesen wird: a) Erhöhtes Brandrisiko, b) Mittleres Brandrisiko, c) Niedriges Brandrisiko.	geringes Brandrisiko,niedriges Brandrisiko		normale Brandgefährdung	kleines Brandrisiko
Der Überflurhydrant im Wasserrohrnetz ist für Feuerlöschzwecke, Betriebsmaßnahmen der Wasserversorgungsunternehmen und für sonstige Benutzungszwecke wie Bauwasserversorgung oder Straßenreinigung bestimmt.	Überflurhydrant	Oberflurhydrant		
Das Vorhandensein automatischer Löschanlagen reduziert die Wahrscheinlichkeit der raschen Ausbreitung eines Brandes und ist deshalb in der Bewertung des allgemeinen Risikos von Bedeutung.	automatische Löschanlage		automatische Feuerlöschanlage,selbsttätige Feuerlöschanlage	
Wasserlöscher (Brandklasse A)  sind geeignet zum Löschen von festen brennbaren Stoffen (Holz, Papier, usw.). Als Löschmittel kommt dabei Wasser in Verbindung mit einem Netzmittel zum Einsatz.	Wasserlöscher	Wasserfeuerlöscher	Wasserfeuerlöscher	
Ab 85 dB(A) bzw. einem Spitzenschalldruckpegel von 137 dB(C) ist der bereitgestellte Gehörschutz vom Mitarbeiter zu benutzen. Minderjährige müssen Gehörschutzmittel bereits ab 80 dB(A) benutzen.	Lpeak,Spitzenschalldruckpegel	LC,peak,Schalldruckspitzenpegel,Spitzenpegel,Spitzenwert	LC,peak,LpC,peak,Schalldruckspitzenwert,Spitzenpegel,Spitzenwert	Schalldruckspitzenpegel,Schalldruckspitzenwert,Spitzenpegel,Spitzenwert
Wegeunfälle sind  vom Versicherungsschutz umfasst. Dabei ist nicht nur der direkte Weg zum oder vom Ort der versicherten Tätigkeit (Arbeitsplatz, Schule, Kita etc.) versichert, auch bestimmte Umwege können unter Unfallversicherungsschutz stehen ..	Wegeunfall	Wegunfall		
Berufsgenossenschaften und Arbeitgeber klären über Lärm am Arbeitsplatz auf und sensibilisieren für die Bedeutung von Gehörschutz. Über Lärmrisiken in der Freizeit scheinen sich viele Beschäftigte allerdings kaum Gedanken zu machen.	Lärmrisiko	Lärmgefährdung	Lärmgefährdung	Lärmgefährdung
Der Arbeitgeber schließt die Risiken am Entstehungsort aus oder verringert sie so weit wie möglich, indem er folgende Maßnahmen anwendet:  technische Lärmminderung:  Luftschallminderung, z. B. durch Abschirmungen, Kapselungen oder Abdeckungen mit schallabsorbierendem Material .	Kapselung	Kapsel,Schallschutzkapsel	Kapsel,Lärmschutzkapsel,Schallschutzkapsel	Kapsel,Schallschutzkapsel
Schalldämmung (-isolierung) ist die Minderung des Schalldurchtrittes durch eine Trennfläche (Raumbegrenzung, Abschirmung). Der Schall wird an der Trennfläche vorwiegend reflektiert, d.h. zum Ausgangsort zurückgeworfen, falls dort keine dämpfenden Elemente angebracht sind.	Schalldämmung	Schallisolierung	Schallisolierung	
Das bisherige Bewertungsverfahren für Arbeitsplatzlärm im industriellen Umfeld mit Hilfe von A-bewerteten Schalldruckpegeln beschreibt die eigentliche Lärmempfindung nur unzureichend. Infolgedessen soll ein alternativer Ansatz zu Lärmbewertung im industriellen Umfeld unter Berücksichtigung des subjektiven Lärmempfindens ermittelt werden.	Lärmbewertung		Bewertung der Lärmwirkung	
Bei sehr hohen Konzentrationen von Kohlenmonoxid in der Luft kann es zu tödlicher Unterversorgung mit Sauerstoff kommen. Kohlenmonoxid ist hochentzündlich.	hochentzündlich	extrem entzündbar	extrem entzündbar,hoch entzündich	
Der Arbeitgeber trifft die erforderlichen organisatorischen Maßnahmen und setzt geeignete Mittel, insbesondere mechanische Ausrüstungen ein, um die Notwendigkeit einer manuellen Handhabung von Lasten durch Arbeitnehmer zu vermeiden.	organisatorische Maßnahme			organisatorische Massnahme
Wird eine von den einschlägigen Rechtsvorschriften festgesetzte maximale Arbeitsplatzkonzentration überschritten, hat der Arbeitgeber die Ursachen dafür festzustellen und zu beseitigen, indem er unverzüglich die erforderlichen Arbeitsschutzmaßnahmen ergreift.	MAK,maximale Arbeitsplatzkonzentration		Arbeitsplatzgrenzwert	
Der PNEC wird in der Regel mit Hilfe von Daten aus Tests mit Organismen (meist Wasserorganismen wie Wasserflöhe, Fische oder Algen) ermittelt.	PNEC		Predicted No Effect Concentration,abgeschätzte Nicht-Effekt-Konzentration	
Ist der Ersatz eines karzinogenen Arbeitsstoffes oder Mutagens technisch nicht möglich, so sorgt der Arbeitgeber dafür, dass die Herstellung oder die Verwendung des karzinogenen Arbeitsstoffes oder Mutagens, sofern technisch möglich, in einem geschlossenen System erfolgt.	Karzinogen,karzinogener Arbeitsstoff	krebserzeugender Arbeitsstoff	krebserzeugender Arbeitsstoff	karzinogener Stoff,krebserzeugender Stoff
Die verantwortliche Person muss ein ständig aktualisiertes Register führen, in dem die periodischen Kontrollen zum Sicherheitsmanagement der Schulgebäude sowie das Datum der Räumungsübung notiert werden müssen.	Räumungsübung			Evakuierungsübung
Unter den geplanten Maßnahmen im Bereich Arbeitsschutz fallen in erster Linie die Aktualisierung der Risikoanalyse einschließlich der verschiedenen fachspezifischen Risikoanalysen, wie Lärmbewertung, elektrisches Risiko, Grünzonenpflege, Mutterschutz usw.	elektrisches Risiko	elektrische Gefährdung	elektrische Gefährdung	elektrische Gefährdung
Werden Anlagen teilweise erneuert, beziehen sich das Projekt, die Konformitätserklärung und die eventuell vorgesehene Abnahmebescheinigung ausschließlich auf den erneuerten Teil, berücksichtigen aber Sicherheitsaspekte und Funktionstüchtigkeit der gesamten Anlage.	Konformitätserklärung	Prüfbefund	Prüfbericht	
Die Missachtung mehrerer Gebote, die auf die einheitliche Kategorie der Sicherheitsanforderungen an die Arbeitsstätten  zurückzuführen sind, wird als eine einzige Missachtung betrachtet und mit der  vorgesehenen Strafe geahndet.	Anforderung an Sicherheit und Gesundheit,Sicherheitsanforderung	Sicherheits- und Gesundheitsanforderung	Sicherheits- und Gesundheitsanforderung	Sicherheits- und Gesundheitsanforderung
Arbeitgeber/innen haben dafür zu sorgen, dass Arbeiten unter Spannung nach den anerkannten Regeln der Technik durchgeführt werden.	Arbeit an unter Spannung stehenden Teilen,Arbeit unter Spannung,Arbeiten unter Spannung	AuS	AuS	AuS
Arbeitgeber/innen haben dafür zu sorgen, dass Arbeitsmittel und persönliche Schutzausrüstung für das Arbeiten unter Spannung in ordnungsgemäßem Zustand erhalten werden.	Arbeit an unter Spannung stehenden Teilen,Arbeit unter Spannung,Arbeiten unter Spannung	AuS	AuS	AuS
Ein Lichtbogen kann je nach elektrischer Netz- und Anlagenkonfiguration extreme Gefährdungen mit sich bringen. Dies sind zum Beispiel hohe thermische Energie oder eine Druckwelle und mitgeführte Fragmente, die durch die explosionsartige Ausbreitung des Störlichtbogens freigesetzt werden.	thermische Energie		Wärmeenergie	
Bei nichtstationären Anlagen (z. B. auf Baustellen) ist der FI-Schutzschalter arbeitstäglich und bei stationären Anlagen alle 6 Monate auf Funktion zu prüfen (Prüftaste drücken – der Schalter muss dann auslösen).	FI-Schutzschalter,Fehlerstromschutzschalter		FI-Schalter,RCD	
Elektroanlagen in Wohneinheiten  gelten als angemessen, wenn sie über Trenn- und Schutzvorrichtungen gegen Überspannung am Ausgangspunkt der Anlage, über Schutzvorrichtungen gegen direkte und indirekte Berührung oder über Fehlerstromschutzschalter mit Nenndifferenzstrom von maximal 30 mA verfügen.	FI-Schutzschalter,Fehlerstromschutzschalter		FI-Schalter,RCD	
Eine Elektrofachkraft ist auf Grundlage ihrer Kenntnisse und Erfahrungen in der Lage, insbesondere Einzelaspekte elektrischer Gefahren zu erkennen sowie die Arbeiten sach- und sicherheitsgerecht ausführen zu können.	EP,Elektrofachkraft,PES,erfahrene Person		EFK	
Die vorgewarnte Person besitzt nur einige der Eigenschaften der erfahrenen Person, oder sie besitzt sie alle, aber in geringerem Maß.	PAV,elektrotechnisch unterwiesene Person,unterrichtete Person,vorgewarnte Person		EuP	
Sicherheits-, Steuer- und Meldestromkreise außerhalb der Antriebsstation von elektrotechnischen Einrichtungen sind mit Kleinspannung zu betreiben.	Kleinspannung		ELV	
In Bezug auf Elektroarbeiten kann eine Person sein: geeignet, erfahren oder vorgewarnt; wenn sie keine dieser Qualifikationen aufweist, handelt es sich unter diesem Gesichtspunkt um eine gewöhnliche Person.	gewöhnliche Person		EL,elektrotechnischer Laie	
Die Bewertung des Expositionswertes für Hand-Arm-Vibrationen erfolgt anhand der Berechnung des auf einen Bezugszeitraum von 8 Stunden normierten Tagesexpositionswertes .	HAV,Hand-Arm-Vibrationen		Hand-Arm-Schwingungen	
Hand-Arm-Vibrationen (HAV) werden über Hände und Arme auf den menschlichen Körper übertragen.	HAV,Hand-Arm-Vibrationen		Hand-Arm-Schwingungen	
Die Bewertung des Ausmaßes der Exposition gegenüber Ganzkörper-Vibrationen erfolgt anhand der Berechnung des auf den Bezugszeitraum von 8 Stunden normierten Tagesexpositionswertes aw,8h; .	GKV,Ganzkörper-Vibrationen,WBV		Ganzkörper-Schwingungen	
Die Ganzkörpervibrationen (GKV oder WBV) wirken auf den gesamten Körper. Am meisten wird aber die Wirbelsäule, besonders im Bereich der Lendenwirbel, in Mitleidenschaft gezogen.	GKV,Ganzkörper-Vibrationen,WBV		Ganzkörper-Schwingungen	
Bei der Risikobewertung  berücksichtigt der Arbeitgeber insbesondere Folgendes:  alle indirekten Auswirkungen auf die Sicherheit und Gesundheit der Arbeitnehmer durch Wechselwirkungen zwischen mechanischen Vibrationen, dem Lärm und dem Arbeitsumfeld oder anderen Arbeitsmitteln .	indirekte Auswirkungen		mittelbare Auswirkungen,mittelbare Wirkungen	
Wer ständig mit einem Stemmhammer arbeitet, für den sollten Antivibrationshandschuhe zur Grundausstattung gehören.	Antivibrationshandschuh		Antivibrations-Schutzhandschuh,Vibrations-Schutzhandschuh	
Die Bewertung des Expositionswertes für Hand-Arm-Vibrationen erfolgt anhand der Berechnung des auf einen Bezugszeitraum von 8 Stunden normierten Tagesexpositionswertes A(8) .	A(8),Tagesexpositionswert,täglicher Expositionspegel		Tages-Vibrationsexpositionswert	
Bei PSA, die gegen tödliche Gefahren oder bleibende Gesundheitsschäden schützen soll (z. B. Atemschutzgeräte, PSA gegen Absturz) müssen die Beschäftigten im Rahmen von Unterweisungen und Übungen mit der Anwendung und den Benutzungsinformationen des Herstellers vertraut gemacht werden.	PSA gegen Absturz,Schutzausrüstung gegen Absturz,persönliche Schutzausrüstung gegen Absturz	PSAgA	PSAgA	PSAgA
Der Bereich zwischen Abgrenzung und Absturzkante darf nur betreten werden, wenn dies aus arbeitstechnischen Gründen erforderlich ist. In diesem Fall müssen die Arbeitnehmer durch geeignete persönliche Schutzausrüstung gegen Absturz gesichert sein.	PSA gegen Absturz,Schutzausrüstung gegen Absturz,persönliche Schutzausrüstung gegen Absturz	PSAgA	PSAgA	PSAgA
Das Sicherheitsseil ist mit einer beweglichen Absturzsicherung zu versehen, welche mit den Bewegungen des Arbeitnehmers mitläuft.	Sicherheitsseil	Sicherungsseil	Sicherungsseil	Sicherungsseil
Folgende Tatbestände stellen einen Grund für den Widerruf der Zuweisung der Kleinwohnung dar:  der Drogenmissbrauch oder der Missbrauch von alkoholischen Substanzen, der sich als belästigend für andere Mieter auswirkt .	Drogenmissbrauch,Missbrauch von Betäubungsmitteln	Suchtmittelmissbrauch	Betäubungsmittelmissbrauch	Betäubungsmittelmissbrauch
Für den Transport von Waffen, schwerem Gerät oder Gefahrengut werden Transportwege und Transportmittel festgelegt; der Kontrolle der Einhaltung verkehrs- und kraftfahrrechtlicher Vorschriften durch die zuständigen Organe kann Personal der Truppe beiwohnen.	Gefahrengut,Gefahrgut	gefährliches Gut	gefährliches Gut	gefährliches Gut
Luftfahrtunternehmen, die Gefahrgut nicht als Fracht befördern, haben die in Betracht kommenden Schulungs-, Informations- und Verfahrensvorschriften einzuhalten, die darauf abzielen, diesen Umstand abzusichern.	Gefahrengut,Gefahrgut	gefährliches Gut	gefährliches Gut	gefährliches Gut
Für den anforderungsgerechten Störlichtbogenschutz ist es erforderlich, sich die durch den Störlichtbogen generierten thermischen Risiken stets in ihrer möglichen Gesamtwirkung auf Kopf- und Gesicht, Rumpf und Extremitäten bis zu den Händen zu vergegenwärtigen.	thermisches Risiko	thermische Gefährdung	thermische Gefährdung	thermische Gefährdung
Die Untersuchung sieht die ärztliche Visite und einen Screeningtest des biologischen Probenmaterials Harn vor.	Screeningtest,toxikologische Screening-Untersuchung		Drogenscreening	Drogenscreening
Im Tunnel ist die Luft durch Belüftungssysteme, welche schädliche bzw. gefährliche Dämpfe, Gase und Staub beseitigen, atembar und rein zu erhalten.	Belüftungssystem		Be- und Entlüftungssystem,Lüftungssystem	
Bei der ersten periodischen Überprüfung verfasst der  beauftragte Rechtsträger  den technischen Identifizierungsschein, sofern vorgesehen, welcher Bestandteil der Unterlagen des Arbeitsmittels oder der Anlage ist.	periodische Überprüfung	wiederkehrende Prüfung	wiederkehrende Prüfung	regelmässige Überprüfung
Anlagen, Geräte, Schutzsysteme und die dazugehörigen Verbindungsvorrichtungen dürfen nur in Betrieb genommen werden, wenn aus dem Explosionsschutzdokument hervorgeht, dass sie in explosionsfähiger Atmosphäre sicher verwendet werden können.	Schutzsystem	Explosionsschutzsystem	Explosionsschutzsystem	
Für die Zündbarkeit des explosiblen Gas-, Dampf- oder Staub/Luftgemisches sind vor allem die Mindestzündenergie des betreffenden brennbaren Stoffes und die mengenmäßige Zusammensetzung des Gemisches maßgebend.	Mindestzündenergie		MZE	
Der primäre Explosionsschutz dient der Verhinderung der Bildung gefährlicher explosionsfähiger Gemische.	primärer Explosionsschutz		primäre Explosionsschutzmaßnahme	
Dem sekundären Explosionsschutz sind alle Maßnahmen zuzurechnen, die zur Verringerung der Beanspruchung des Explosivstoffs führen: Derartige Maßnahmen sind bei allen Arten des Umgangs zu treffen, insbesondere aber bei der Herstellung, Be- und Verarbeitung der Explosivstoffe.	sekundärer Explosionsschutz		sekundäre Explosionsschutzmaßnahme	
Der Arbeitgeber muss für alle Arbeitsplätze, an denen vibrierende Arbeitsmittel zur Anwendung kommen, eine Gefährdungsbeurteilung veranlassen.	Gefährdungsbeurteilung,Risikobewertung	Arbeitsplatzevaluierung,Evaluierung		Risikobeurteilung
Die Risikobewertung kann eine Begründung einschließen, dass eine genauere Risikobewertung auf Grund der Art und des Umfangs der Risiken in Zusammenhang mit chemischen Arbeitsstoffen nicht erforderlich ist.	Gefährdungsbeurteilung,Risikobewertung	Arbeitsplatzevaluierung,Evaluierung		Risikobeurteilung
Der Arbeitgeber besorgt:  b) die Gewährleistung einer angemessenen Ausbildung der Arbeitnehmer mit Bezug auf die Arbeitsrisiken und die korrekte Durchführung der Tätigkeiten.	Arbeitsrisiko		arbeitsbezogene Gefährdung	
Anlegeleitern muss man gegen Ausgleiten, Umfallen, Umkanten, Abrutschen und Einsinken sichern, z.B. durch Fußverbreiterungen, dem Untergrund angepasste Leiterfüße, Anti-Rutschvorrichtung, Einhängevorrichtungen, Anbinden des Leiterkopfes.	Anlegeleiter			Anstellleiter
Die Arbeit der Personen ist so anzupassen, vor allem bei der Verteilung der Arbeitsplätze, der Arbeitsausrüstung und der Produktionsmethoden, so dass monotone und sich ständig wiederholende Arbeiten vermieden und die eventuell darausfolgenden Schäden verhindert werden.	sich ständig wiederholende Arbeit		immer wiederkehrende Bewegung,stets wiederkehrende Bewegung	
Das Schutzgitter darf nicht mehr als 60 cm von der Sprossenleiter abstehen.	Schutzgitter		Rückenschutz	Rückenschutz
Der Bereich der ultravioletten Strahlung wird unterteilt in UV-A-Strahlung (315-400 nm), UV-B-Strahlung (280-315 nm) und UV-C-Strahlung (100-280 nm).	UV-A-Strahlung,UVA-Strahlung	UV-A	UV-A,UVA	
"Die UVA-Strahlung dringt  tiefer in das Hautgewebe ein als UVB- oder UVC-Strahlung und kann daher die Hautzellen besonders massiv schädigen. Beschleunigte Hautalterung (""Photoaging"") ist eine der möglichen Folgen, übermäßige und ungleichmäßige Pigmentierung eine weitere."	UV-A-Strahlung,UVA-Strahlung	UV-A	UV-A,UVA	
Unternehmen, die mehr als 1000 Liter in einem Fahrzeug befördern, müssen auf jeden Fall einen Gefahrgutbeauftragten ernennen, das Fahrzeug muss nach ADR gekennzeichnet und ausgerüstet sein, die Fahrer müssen den ADR-Fahrernachweis besitzen und die schriftlichen Weisungen müssen mitgeführt werden.	ADR-Fahrerbescheinigung,ADR-Fahrernachweis	ADR-Bescheinigung,ADR-Schein,ADR-Schulungsbescheinigung,Gefahrgutführerschein	ADR-Bescheinigung,ADR-Card,ADR-Karte,ADR-Schein,ADR-Schulungsbescheinigung,Gefahrgutführerschein	ADR-Schulungsbescheinigung
Wer Gefahrgut befördert, muss das ADR-Abkommen einhalten. Dieses sieht die Möglichkeit vor, dass für diese Transporte gewisse Freigrenzen und Befreiungen gelten. Wer die Befreiungen nicht geltend machen kann, muss einen Gefahrgutbeauftragten ernennen und der Fahrer muss die ADR-Fahrerbescheinigung besitzen.	ADR-Fahrerbescheinigung,ADR-Fahrernachweis	ADR-Bescheinigung,ADR-Schein,ADR-Schulungsbescheinigung,Gefahrgutführerschein	ADR-Bescheinigung,ADR-Card,ADR-Karte,ADR-Schein,ADR-Schulungsbescheinigung,Gefahrgutführerschein	ADR-Schulungsbescheinigung
Der Bereich der Infrarotstrahlung wird unterteilt in IR-A-Strahlung (780 nm bis 1400 nm), IR-B-Strahlung (1400 nm bis 3000 nm) und IR-C-Strahlung (3000 nm bis 1 mm).	IR-A-Strahlung	IR-A,IRA,Infrarot-A	IR-A,IRA,Infrarot-A	IR-A
Der Bereich der Infrarotstrahlung wird unterteilt in IR-A-Strahlung (780 nm bis 1400 nm), IR-B-Strahlung (1400 nm bis 3000 nm) und IR-C-Strahlung (3000 nm bis 1 mm).	IR-B-Strahlung	IR-B,IRB,Infrarot-B	IR-B,IRB	IR-B
Der Bereich der Infrarotstrahlung wird unterteilt in IR-A-Strahlung (780-1400 nm), IR-B-Strahlung (1400-3000 nm) und IR-C-Strahlung (3000 nm-1 mm).	IR-C-Strahlung	IR-C,IRC,Infrarot-C	IR-C,IRC	IR-C
Erst wenn die Anforderungen zu groß werden kann negativer Stress entstehen. In dieser Situation fühlt sich die Person überfordert.	negativer Stress		Distress	
Bei der Einteilung der Arbeitsplätze müssen, wenn erforderlich, auch die behinderten Arbeitnehmer berücksichtigt werden.	Arbeitnehmer mit Behinderungen,behinderter Arbeitnehmer	Arbeitnehmer mit Behinderung	Arbeitnehmer mit Behinderung	
Die Stufen der Treppen die gemeinschaftlich oder öffentlich genutzt werden müssen einen rutschfesten Auftritt von mindestens 30 cm, eine Höhe von maximal 17 cm und vorzugsweise einen rechteckigen Grundriss haben.	Auftritt,Auftrittsfläche,Trittfläche	Auftrittfläche,Stufenauftritt,Treppenauftritt	Treppenauftritt	Aufrittstiefe,Treppenauftritt
Die Trittfläche und Tritthöhe der Stufen müssen fachgerecht dimensioniert, die Breite den Bedürfnissen des Durchganges angepasst werden.	Auftritt,Auftrittsfläche,Trittfläche	Auftrittfläche,Stufenauftritt,Treppenauftritt	Treppenauftritt	Aufrittstiefe,Treppenauftritt
Die Stufen müssen rechteckige Form und ein konstantes Steigungsverhältnis aufweisen, und zwar nicht über 17 cm Stufenhöhe beziehungsweise unter 30 cm Stufenbreite.	Stufenhöhe,Tritthöhe	Steigung,Treppensteigung	Steigung,Treppensteigung	Steigung,Treppensteigung
Die Trittfläche und Tritthöhe der Stufen müssen fachgerecht dimensioniert, die Breite den Bedürfnissen des Durchganges angepasst werden.	Stufenhöhe,Tritthöhe	Steigung,Treppensteigung	Steigung,Treppensteigung	Steigung,Treppensteigung
Das ISPESL sichert die technisch-wissenschaftliche Normung der Methoden und Verfahren für die Risikobewertung und das Risikomanagement und für die Feststellung des gesundheitlichen Zustandes der Arbeitnehmer mit Bezug auf spezifische Risiken und trägt zur Definition der Grenzwerte bei; .	Risikomanagement		Gefährdungsmanagement	
Durch die Atemwege können Asbestfasern tief in die Lungen eindringen und schwere Lungenerkrankungen wie Asbestose, Lungenkrebs und Mesotheliom hervorrufen.	Asbestose	Asbeststaublungenerkrankung	Asbeststaublungenerkrankung	
Die Leiter muss mit einer Spreizsicherung versehen sein, die ein zufälliges Öffnen der Streben verhindert.	Spreizsicherung		Drucksicherung	
Der Beschwerdeführer legte zahlreiche Urkunden vor, aus welchen hervorgeht, dass durch Elektrosmog die Krebshäufigkeit gestiegen sei und die Burnout-Rate beeinflusst werde.	Elektrosmog,elektromagnetische Strahlenbelastung	E-Smog	E-Smog	
Gruppenantennen sorgen  nicht nur für eine bessere Frequenzökonomie sondern verhindern auch Verschwendung von Energie und vermeiden unnötige elektromagnetische Strahlenbelastung.	Elektrosmog,elektromagnetische Strahlenbelastung	E-Smog	E-Smog	
Der Arbeitgeber  ergreift Hygienemaßnahmen, um die unbeabsichtigte Verbreitung eines biologischen Arbeitsstoffes außerhalb des Arbeitsplatzes zu verhindern oder auf das niedrigstmögliche Niveau zu senken und verwendet das  Symbol für biologische Risiken sowie sonstige geeignete Warnzeichen .	biologisches Risiko	biologische Gefährdung	biologische Gefährdung	biologische Gefährdung
Die Verwendung von Impfkulturen, die aus genetisch veränderten Mikroorganismen (MGM) bestehen, ist bei biologischen Sanierungseingriffen des Bodens, des Untergrundes, der unterirdischen und oberflächlichen Gewässer nur bei vollkommen geschlossenen Behandlungssystemen erlaubt, die  als Bioreaktoren bezeichnet werden.	genetisch veränderter Mikroorganismus	GVM	gentechnisch veränderter Mikroorganismus	
Hängende Einfachleitern müssen sicher und – mit Ausnahme von Strickleitern – so angebracht werden, dass sie nicht verrutschen oder schwingen können .	Strickleiter	Seilleiter	Seilleiter	
Bei allen Tätigkeiten, bei denen sich aus der Risikobewertung  Gesundheitsrisiken für die Arbeitnehmer ergeben, ergreift der Arbeitgeber technische, organisatorische und verfahrensbezogene Maßnahmen, um zu vermeiden, dass die Arbeitnehmer biologischen Arbeitsstoffen ausgesetzt werden.	biologischer Arbeitsstoff,biologischer Wirkstoff		Biostoff	
Das Ministerium für Arbeit, Gesundheitswesen und Sozialpolitik erstellt und aktualisiert ein Verzeichnis aller biologischen Arbeitsstoffe der Gruppe 4, deren Verwendung  angemeldet wurde.	biologischer Arbeitsstoff der Gruppe 4		Biostoff der Risikogruppe 4	
Als Persönliche Schutz-Ausrüstung (PSA) im Rahmen einer Reanimation wird empfohlen: Mundschutz der Klasse FFP2 oder FFP3, Einmalhandschuhe, Schutzbrillen (Schutzvisier als Zusatzoption) und langärmeliger Schutzkittel (als Option Infektionsschutzanzug).	Einmalhandschuh,Einweghandschuh,Wegwerfhandschuh	Einmalschutzhandschuh,Einwegschutzhandschuh	Einmalschutzhandschuh,Einwegschutzhandschuh	Einmalschutzhandschuh
Begrenzten Schutz bieten  Einweghandschuhe im Hygienebereich aus Kunststoff-Vlies (Olefin- oder Polypropylen-Spinn-Vlies).	Einmalhandschuh,Einweghandschuh,Wegwerfhandschuh	Einmalschutzhandschuh,Einwegschutzhandschuh	Einmalschutzhandschuh,Einwegschutzhandschuh	Einmalschutzhandschuh
Die Abfallsäcke sind mit Bändern oder Klebestreifen fest zu verschließen, ohne die Säcke zusammenzudrücken oder zu beschädigen. Es sind dabei Wegwerfhandschuhe zu verwenden.	Einmalhandschuh,Einweghandschuh,Wegwerfhandschuh	Einmalschutzhandschuh,Einwegschutzhandschuh	Einmalschutzhandschuh,Einwegschutzhandschuh	Einmalschutzhandschuh
Vor Beginn der jeweiligen Arbeiten leitet jedes einzelne ausführende Unternehmen seinen Einsatzsicherheitsplan an das beauftragte Unternehmen, welches ihn nach Überprüfung der Übereinstimmung mit dem eigenen Plan dem Sicherheitskoordinator in der Ausführungsphase weiterleitet.	Sicherheits- und Gesundheitsschutzkoordinator in der Ausführungsphase des Bauvorhabens,Sicherheitskoordinator in der Ausführungsphase	Baustellenkoordinator,Koordinator für Sicherheit und Gesundheitsschutz für die Ausführungsphase		
Sollten die Arbeitsstätten auf Grund der Arbeit Gefahrenzonen darstellen und Absturzrisiko für Arbeiter und Gegenstände bestehen, müssen besagte Stätten mit Ausrüstungen versehen werden, die unbefugte Arbeitnehmer am Zugang hindern.	Absturzrisiko,Absturzrisiko aus der Höhe	Absturzgefährdung	Absturzgefährdung	Absturzgefährdung
Je mehr Radon sich in der Raumluft befindet, desto größer ist die Zahl der entstehenden Radonfolgeprodukte, die sich am Lungengewebe anlagern.	Radonfolgeprodukt		Radonzerfallsprodukt	
Es wird die Landeskommission für den Gesundheitsschutz der Bevölkerung vor den Risiken ionisierender Strahlungen eingesetzt, bestehend u. a. aus  dem Verantwortlichen des überbetrieblichen Dienstes für Strahlenphysik, der im Besitz eines Laureatsdiplomes in Physik und Strahlenschutzsachverständiger  ist.	Strahlenschutzsachverständiger	SSB,Strahlenschutzbeauftragter	SSB,Strahlenschutzbeauftragter	Strahlenschutz-Sachverständiger
Es ist  vor allem in Radongebieten unbedingt notwendig, dass noch in der Planungsphase eines Neubaus Radongegenmaßnahmen berücksichtigt werden.	Radongebiet	Radonrisikogebiet		
Der Bauleiter zahlt den Betrag der vorgesehen Sicherheitskosten je nach Baufortschritt aus, nach Genehmigung seitens des Sicherheitskoordinators in der Ausführungsphase, sofern vorgesehen.	Bauleiter	Projektleiter		
Das Schutzsystem gegen Absturz muss direkt oder über einen Verbinder längs einer Führung oder Lebenslinie, an stabilen Punkten der fixen oder zeitweiligen Bauten, befestigt werden.	Verbinder	Verbindungselement	Verbindungselement	Verbindungselement
Den Arbeitnehmern ist ein leicht erreichbarer Erholungsraum zur Verfügung zu stellen, wenn Sicherheits- oder Gesundheitsgründe, insbesondere wegen der Art der ausgeführten Tätigkeit, dies erfordern.	Erholungsraum,Pausenraum	Aufenthaltsraum		
Das Gehaltsamt übermittelt die Unfallmeldung innerhalb 48 Stunden ab Erhalt des ärztlichen Zeugnisses an die INAIL.	Unfallmeldung		Unfallanzeige	
Bei dieselbetriebenen fahrbaren Hubarbeitsbühnen der Gruppe „B“ wird durch das Abstellen des Motors die Korbüberlastsicherung deaktiviert. Werden in diesem Zustand Lasten in die Arbeitsbühne (Korb) übernommen, die die zulässige Nutzlast überschreiten, so kann die FHAB ohne Vorwarnung umstürzen.	FHAB,Hubarbeitsbühne,fahrbare Hubarbeitsbühne	mobile Hubarbeitsbühne	Hebebühne	
Beim Verfahren der Hubarbeitsbühne dürfen sich Beschäftigte nur auf der Arbeitsbühne aufhalten, wenn dies im Prüfbuch bescheinigt ist.	FHAB,Hubarbeitsbühne,fahrbare Hubarbeitsbühne	mobile Hubarbeitsbühne	Hebebühne	
Fahrbare Hubarbeitsbühnen (FHAB) sind ein sehr effizientes Arbeitsmittel zur Durchführung von Arbeiten in der Höhe.	FHAB,Hubarbeitsbühne,fahrbare Hubarbeitsbühne	mobile Hubarbeitsbühne	Hebebühne	
Brandschutzzeichen müssen sowohl zur Kennzeichnung von Material und Ausrüstung zur Brandbekämpfung als auch vor deren Standorten verwendet werden.	Brandschutzzeichen	Zeichen der Brandbekämpfung		Zeichen für die Brandbekämpfung
Wenn  gegen ein  Urteil sofort Berufung erhoben worden ist, dann kann der Instruktionsrichter  mit unanfechtbarem Beschluß die Vollstreckung oder die Fortsetzung der weiteren Entscheidungsvorbereitung bis zum Abschluß des Berufungsverfahrens aussetzen.	Entscheidungsvorbereitung		Vorbereitung der Entscheidung	
Der Betreiber hat bei Einsatz flüssiger Brennstoffe in Gasturbinenanlagen mit einer Feuerungswärmeleistung von 20 Megawatt oder mehr die Rußzahl jährlich zu ermitteln.	flüssiger Brennstoff		Flüssigbrennstoff	
Um das Überfahren oder den Sturz von Personen während der Beförderung mit Transportmitteln vorzubeugen, sind besondere Vorsichtsmaßnahmen zu beachten.	Sturz	Sturz auf der Ebene	Sturz auf der Ebene	Sturz auf der Ebene
Bei Arbeiten mit biologischen Arbeitsstoffen der Gruppe 1 einschließlich abgeschwächter Lebendimpfstoffe sollten die Grundsätze der Sicherheit und Hygiene zum Arbeitsplatz eingehalten werden.	biologischer Arbeitsstoff der Gruppe 1		Biostoff der Risikogruppe 1	
Bei Unfällen, welche die Dispersion eines biologischen Arbeitsstoffes der Gruppe 2, 3 oder 4 in der Umwelt verursachen können, müssen die Arbeitnehmer den betroffenen Bereich unverzüglich verlassen.	biologischer Arbeitsstoff der Gruppe 2		Biostoff der Risikogruppe 2	
Das Dokument der Risikobewertung wird durch  den Notfallplan zum Schutz der Arbeitnehmer vor Risiken einer Exposition gegenüber einem biologischen Arbeitsstoff der Gruppe 3 oder 4, ergänzt.	biologischer Arbeitsstoff der Gruppe 3		Biostoff der Risikogruppe 3	
Das Treppenhaus muss auf der Höhe des Fußbodens des ersten Stockes mit einem robusten Gerüst abgedeckt werden, um vorbeigehende Personen im Erdgeschoss vor dem Herabfallen von Gegenständen zu schützen.	Stiege,Stiegenhaus,Treppenhaus		Treppenraum	
Bei der Hand- und Armschutzausrüstung wird  das übermäßige Schwitzen (40,3 %), das Entstehen von Allergien und Ekzemen (29,4 %), Händejucken (31,9 %), sowie drückende Nähte (27,7 %) als Problembereich identifiziert .	Armschutz,Armschutzausrüstung			Armschutzmittel
Für jede/n gefährdete/n Arbeitnehmer/in muss Hand- oder Armschutz zur alleinigen Benutzung zur Verfügung stehen, ausgenommen Hand- oder Armschutz gegen Röntgenstrahlung bei der Röntgendiagnostik.	Armschutz,Armschutzausrüstung			Armschutzmittel
Der Kopfschutz soll Kopfverletzungen durch Anstoßen, durch pendelnde, herabfallende, umfallende oder wegfliegende Gegenstände oder durch lose Haare verhindern.	Kopfschutz,Kopfschutzausrüstung		Kopfschutzmittel	Kopfschutzmittel
Es dürfen keine nicht elektrischen Arbeiten in der Nähe von Elektroleitungen oder elektrischen Anlagen mit nicht geschützten stromführenden Teilen, bzw. mit Teilen, die wegen besonderer Umstände als nicht genügend geschützt betrachtet werden, durchgeführt werden .	nicht elektrische Arbeit	nichtelektrotechnische Arbeit	nicht elektrotechnische Arbeit,nichtelektrotechnische Arbeit	nicht elektrotechnische Arbeit
Man unterscheidet bei der Toxizität (Giftigkeit eines Stoffes) zwischen akuter Toxizität (Giftwirkung nach einmaliger oder kurzzeitiger Aufnahme) und chronischer Toxizität (Giftwirkung nach wiederholter Aufnahme während längerer Zeit).	akute Toxizität		akute Giftigkeit	
Gefahrstoffe können auf den menschlichen Organismus auf Grund ihrer akuten und chronischen Toxizität sowie ihrer ätzenden, reizenden, sensibilisierenden, krebserzeugenden, erbgutverändernden und fortpflanzungsgefährdenden Eigenschaften gesundheitsschädigend wirken.	chronische Toxizität		chronische Giftigkeit	
Bei äußeren Sicherheitsstromkreisen, die sich gänzlich oder teilweise im Freien befinden, darf bei Wechselstrom die Spannung von 25 Volt und bei Gleichstrom die Spannung von 50 Volt gegen Erde nicht überschritten werden.	Gleichstrom		DC	
Bei äußeren Sicherheitsstromkreisen, die sich gänzlich oder teilweise im Freien befinden, darf bei Wechselstrom die Spannung von 25 Volt und bei Gleichstrom die Spannung von 50 Volt gegen Erde nicht überschritten werden.	Wechselstrom	AC	AC	AC
Arbeitsschutzmanagement umfasst  das Managen der innerbetrieblichen Maßnahmen zum Schutz der Beschäftigten vor Arbeitsunfällen, Berufskrankheiten und arbeitsbedingten Gesundheitsgefahren sowie zur Gesundheitsförderung.	Arbeitsschutzmanagement	ASM,Arbeitssicherheitsmanagement,SGM,Sicherheits- und Gesundheitsmanagement	ASM,Arbeitssicherheitsmanagement	Arbeitssicherheitsmanagement
Zur Beurteilung der Ganzkörper-Vibrationen dient der größte Effektivwert der frequenzbewerteten Beschleunigung in den drei Messrichtungen.	frequenzbewertete Beschleunigung	bewertete Schwingungsbeschleunigung,frequenzbewertete Schwingbeschleunigung	bewertete Schwingungsbeschleunigung,frequenzbewertete Schwingbeschleunigung,frequenzbewertete Schwingungsbeschleunigung	bewertete Vibrationsbeschleunigung
Mögliche Auswirkungen von Hand-Arm-Vibrationen können Schäden an Gelenken und periphere Durchblutungsstörungen sein.	Auswirkungen von Hand-Arm-Vibrationen	Wirkungen von Hand-Arm-Vibrationen	Wirkungen von Hand-Arm-Vibrationen	
Der Betriebsarzt verfasst auf Grund der Ergebnisse der ärztlichen Untersuchungen  eines der folgenden Urteile für die spezifische Aufgabe: a) tauglich; b) teilweise, zeitweilige oder bleibende Tauglichkeit, mit Verordnung oder Einschränkungen; c) zeitweilige Untauglichkeit; d) bleibende Untauglichkeit.	ärztliche Untersuchung	arbeitsmedizinische Untersuchung		
Die Vorsorgeuntersuchungen vor der Einstellung können vom Arbeitgeber, vom Betriebsarzt oder von den Präventionsabteilungen der lokalen Sanitätsbetriebe beschlossen werden.	Vorsorgeuntersuchung vor der Einstellung			Eintrittsuntersuchung
Wer, abgesehen von den Fällen des Artikels 405, ein Begräbnis oder eine Bestattungsfeier hindert oder stört, wird mit Gefängnisstrafe bis zu einem Jahr bestraft.	Begräbnis		Bestattung	
Hat derjenige, der die Verfertigung einer Sache übernommen hat, den Stoff dazu zu liefern, so ist der Vertrag im Zweifel als Kaufvertrag; liefert aber der Besteller den Stoff, im Zweifel als Werkvertrag zu betrachten.	Auftraggeber,Bauherr,Besteller	Werkbesteller	Dienstberechtigter	
Im Falle einer öffentlichen Ausschreibung ist der Bauherr jene Person, die die Entscheidungs- und Ausgabenbefugnis im Rahmen der Arbeitsvergabe inne hat.	Auftraggeber,Bauherr,Besteller	Werkbesteller	Dienstberechtigter	
Starkgebundener Asbest am Arbeitsplatz, wie ausgebaute Asbestzementprodukte, sind in staubdichten Behältern oder Big Bags zu verpacken oder in abgedeckten Mulden/Containern zu sammeln.	starkgebundener Asbest	festgebundener Asbest	festgebundener Asbest,stark gebundener Asbest	festgebundener Asbest
Gefahren im Umgang mit elektrischen Handwerkzeugen erstehen durch elektrischen Strom (z.B. Bohrer, usw.), wegfliegende Werkstücke, außer Kontrolle geratenes Werkzeug, Schneiden, Quetschen, herabfallende Werkstücke, Lärm und Staub.	elektrisches Handwerkzeug,tragbares Elektrowerkzeug	Elektrohandwerkzeug		Elektrohandwerkzeug
Bestimmte Tätigkeiten, z.B. Arbeiten in beengten Bereichen und Arbeiten an unter Spannung stehenden Elektroanlagen, dürfen nicht allein durchgeführt werden.	Arbeit in beengten Bereichen	Befahren von Behältern	Arbeit in Behältern,Arbeit in Behältern und engen Räumen,Arbeit in beengten Räumen,Arbeit in engen Räumen	Arbeit in Behältern,Arbeit in Behältern und engen Räumen,Arbeit in engen Räumen
Die Arbeitsplätze im Freien müssen mit künstlichem Licht beleuchtet werden, sollte das natürliche Licht nicht ausreichen.	künstliches Licht	Kunstlicht	Kunstlicht	Kunstlicht
Der Zugang und die Arbeiten am Seil sind bewährte Methoden um Arbeiten an schwerzugänglichen Orten, in der Höhe oder der Tiefe, schnell, und effektiv durchzuführen.	Arbeiten am Seil	Höhenarbeiten am Seil		
Es wird bestätigt, dass diese analoge Ausfertigung, bestehend  aus 2 Seiten, mit dem digitalen Original identisch ist, .	analoge Abschrift,analoge Ausfertigung	analoge Kopie	analoge Kopie	analoge Kopie
Die digitale Unterlage ist mit einer sog. Konformitätserklärung zu versehen, in der bestätigt wird, dass die digitale Kopie dem originalen Papierdokument entspricht.	digitale Kopie,informatische Abschrift	elektronische Kopie		elektronische Kopie
Von den  Planskizzen von Gebäuden die in materielle Anteile unterteilt sind, und die in Papierform Grundbuchsgesuchen beigefügt sind,  wird eine informatische Abschrift durch Scannen der Planskizze erstellt.	digitale Kopie,informatische Abschrift	elektronische Kopie		elektronische Kopie
Antispam-Software kann die Zahl unerwünschter E-Mails senken, besonders, wenn sie über Dein „Feedback“ lernt, was Spam sind.	Antispam-Software	Anti-Spam-Software		
Bei Arbeitsverhältnissen, die Hausarbeit, Telearbeit oder Smart Working vorsehen, muss der Arbeitgeber dem Arbeitnehmer die Achtung seiner Persönlichkeit und seiner moralischen Freiheit gewährleisten.	Smart Working			smartes Arbeiten
Die Verwaltungsrichter, die Sekretariatsbediensteten und die Hilfskräfte tragen bei öffentlichen Verhandlungen die vom Präs-dialrat für die Verwaltungsgerichtsbarkeit vorgeschriebene Robe oder Amtstracht.	Robe	Talar		
Das Unternehmen führt die Hygienisierung, Sanitisierung und Desinfektion von Zügen und öffentlichen Verkehrsmitteln durch, wobei die Hygienisierung und Desinfektion mindestens einmal täglich erfolgt und auf die spezifischen Gegebenheiten des Unternehmens abgestimmt ist.	Desinfektion	Entseuchung	Entseuchung	
Im Falle des Auftretens von COVID-19-Symptomen diesen Umstand unverzüglich der Abteilung für Prävention des örtlichen Sanitätsbetriebes über die eigens vorgesehenen Telefonnummern zu melden und sich, in Erwartung der entsprechenden Entscheidungen der Gesundheitsbehörde, der Isolation zu unterziehen.	Isolation,Isolierung			Absonderung
Die Metadaten umfassen auch Angaben betreffend Beschränkungen des Zugangs der Öffentlichkeit  sowie die Gründe für solche Beschränkungen.	Metadaten			Geometadaten
Die Mitteilung über die häusliche Isolierung ermöglicht es dem Elternteil, eine entsprechende Freistellung zur Betreuung des Minderjährigen auf der Grundlage der Bescheinigung des behandelnden Arztes zu beantragen.	häusliche Isolation,häusliche Isolierung	Absonderung zu Hause,häusliche Absonderung	Absonderung zu Hause,häusliche Absonderung	
Das Gesetzesdekret vom 23. Februar 2020, Nr. 6, “Dringende Maßnahmen zur Eindämmung und Bewältigung des epidemiologischen Notstandes aufgrund des COVID-2019“ sieht  vor, dass die zuständigen Behörden weitere Eindämmungsmaßnahmen ergreifen können, um die Ausbreitung der Epidemie zu verhindern .	Eindämmungsmaßnahme			Eindämmungsmassnahme
Am 11. März 2020 hat die Weltgesundheitsorganisation (WHO) mit Bezug auf die Verbreitung des Virus COVID-19, die Pandemie ausgerufen .	COVID-19	Coronavirus-Krankheit-2019	Coronavirus-Krankheit-2019	Coronavirus-Krankheit-2019
Bei einem Covid-19-Verdachtsfall im Krankenhaus und starken Symptomen wird der Patient einer ärztlichen Visite unterzogen mit Blut- und Urintest, Thorax-Röntgen und Nasen-Rachen-Abstrich.	Nasen-Rachen-Abstrich	Nasopharyngealabstrich,nasopharyngealer Abstrich	Nasopharyngealabstrich,Nasopharynx-Abstrich,nasopharyngealer Abstrich	Nasopharyngealabstrich,nasopharyngealer Abstrich
Ab sofort müssen alle Mitarbeiter des Weißen Kreuzes sowohl im Sektionssitz als auch in der Landesleitung bis auf Widerruf eine chirurgische Schutzmaske (OP-Maske) tragen.	OP-Maske,chirurgische Maske		MNS,Mund-Nasen-Schutz	
Auf vielen digitalen Lernplattformen bzw. -portalen ist es  möglich, sogenannte „digitale Klassenzimmer“ einzurichten. Gedacht sind sie vor allem für den Distanzunterricht, können aber auch unabhängig davon eingesetzt werden.	Distanzunterricht,Fernunterricht,digitaler Unterricht	Distance Learning	Homeschooling	Distance Learning
Eine Schulschließung nach dem Epidemiegesetz ist eine gesundheitsbehördliche Maßnahme, welche von den Schulbehörden und den Schulen lediglich umzusetzen ist.	Schulschließung			Schulschliessung
Auf vielen digitalen Lernplattformen bzw. -portalen ist es  möglich, sogenannte „digitale Klassenzimmer“ einzurichten. Gedacht sind sie vor allem für den Distanzunterricht, können aber auch unabhängig davon eingesetzt werden.	digitale Lernplattform		Plattform für digitales Lernen	
In Italien stellt die Grippe die dritthäufigste Todesursache aufgrund von Infektionskrankheiten dar. Außerdem sind bei der hohen Kontagiosität der Krankheit immer sozio-ökonomische Folgen mit der Krankheit verbunden.	Kontagiosität	Ansteckbarkeit		Ansteckbarkeit
Der E-Geld-Emittent hat E-Geld stets in der Höhe des Nennwertes des entgegengenommenen Geldbetrages auszugeben.	E-Geld	elektronisches Geld	elektronisches Geld	elektronisches Geld
Bei der Risikobewertung  prüft der Arbeitgeber die Arbeitsplätze insbesondere auf  die Risiken für Sehvermögen und Augen;  Probleme mit der Körperhaltung und körperliche oder psychische Belastungen.	psychische Belastung	mentale Belastung	mentale Belastung	mentale Belastung
Bei einer Veröffentlichung der Umfrageergebnisse durch Agenturaussendungen müssen anstelle der Eckdaten der Umfrage im Wortlaut der Aussendung nur das die Umfrage durchführende Subjekt und der Gegenstand der Umfrage angegeben werden.	Umfrage	Befragung	Befragung	Befragung
Die Ärztin bzw. der Arzt erstellt das e-Rezept im e-card System mithilfe ihrer bzw. seiner Software. Das elektronische Rezept ist damit im e-card System gespeichert.	E-Rezept,digitalisiertes Rezept,elektronisches Rezept			eRezept
Der Präsident kann die Zustellung des Rekurses oder der Verfügungen auch durch den Verteidiger selbst und mit jedem geeigneten Mittel, einschließlich jener auf telematischem Wege oder mittels Fax, gemäß Artikel 151 der Zivilprozessordnung genehmigen.	Fax,Telefax		Fernkopie	
Die Arbeitsunfähigkeitsrente erhält, wer auf Grund von körperlicher oder psychischer Krankheit nicht arbeitsfähig ist und mindestens 5 Versicherungsjahre nachweisen kann . Da die Rente nur bei totaler Arbeitsunfähigkeit zusteht, kann keine lohnabhängige oder selbständige Arbeit ausgeführt werden.	Arbeitsunfähigkeitsrente,Erwerbsunfähigkeitsrente	Berufsunfähigkeitspension,Erwerbsunfähigkeitspension,Invaliditätspension	Rente wegen voller Erwerbsminderung,volle Erwerbsminderungsrente	Vollinvalidenrente,volle Invalidenrente
Sowohl das Invalidengeld als auch die Erwerbsunfähigkeitsrente werden aufgrund der einbezahlten Beiträge errechnet. Unter Umständen kommt eine Aufstockung auf die so genannte „Mindestrente“ zur Anwendung.	Arbeitsunfähigkeitsrente,Erwerbsunfähigkeitsrente	Berufsunfähigkeitspension,Erwerbsunfähigkeitspension,Invaliditätspension	Rente wegen voller Erwerbsminderung,volle Erwerbsminderungsrente	Vollinvalidenrente,volle Invalidenrente
Unter E-Health fasst man Anwendungen zusammen, die für die Behandlung und Betreuung von Patientinnen und Patienten die Möglichkeiten nutzen, die moderne Informations- und Kommunikationstechnologien (IKT) bieten.	E-Health			eHealth
Zur Kontrolle der Virus-Ausbreitung erfolgen parallel zu den Öffnungen Analysen der Reproduktionszahl  Analysen von Infektionsclustern, Evaluierungen der Kapazitätszahlen in den Spitälern, Erkrankungszahlen, Zielgruppentestungen und Screenings.	Reproduktionszahl		Ansteckungszahl	
Bei der Berechnung der effektiven Reproduktionszahl Rt wird, im Gegensatz zur Berechnung der Basisreproduktionszahl R0, eine eventuelle Immunität der Bevölkerung und der Effekt von Gegenmaßnahmen miteinbezogen.	Rt,effektive Reproduktionszahl	Nettoreproduktionszahl,Reff	Nettoreproduktionszahl,Reff,zeitabhängige Reproduktionszahl	Re
Die effektive Reproduktionszahl für SARS-CoV-2 ist in Italien im Vergleich zur Vorwoche von 1,16 auf 1,08 gesunken.	Rt,effektive Reproduktionszahl	Nettoreproduktionszahl,Reff	Nettoreproduktionszahl,Reff,zeitabhängige Reproduktionszahl	Re
Die Treppenstufen brauchen einen rutschfesten Belag und sind nur dann sicher, wenn sie nicht ausgetreten sind.	Stufe,Treppenstufe	Stiegenstufe		
Die Testkapazitäten im Betrieb werden stark erhöht, um bei Verdachtsfällen das Virus möglichst zeitnahe nachzuweisen, die Behandlung zu starten und die Quarantäne und Kontaktnachverfolgung zu verfügen.	Kontaktnachverfolgung	Contact Tracing,Kontaktpersonennachverfolgung	Contact Tracing,Kontaktpersonennachverfolgung	CT,Contact Tracing
Die Prüfungskommission besteht aus mindestens drei Personen, davon eine Ausbildnerin oder ein Ausbildner der Organisation, eine Ärztin oder Arzt oder eine Krankenpflegerin oder ein Krankenpfleger des Landesnotfalldienstes und eine Expertin oder ein Experte aus dem notfallmedizinischen Bereich.	Krankenpfleger	Diplomierter Gesundheits- und Krankenpfleger,Gesundheits- und Krankenpfleger	Gesundheits- und Krankenpfleger,Pflegefachmann	Pflegefachmann
Der Dekan/die Dekanin vertritt die Fakultät, beruft den Fakultätsrat ein und führt dessen Vorsitz. Er/sie sorgt für die Ausführung seiner Beschlüsse, wacht über die Tätigkeiten in Lehre und Forschung, ernennt die Prüfungskommissionen und unterzeichnet die Verträge der Lehrbeauftragten.	Prüfungskommission	Prüfungssenat		
Kassationsbeschwerde gegen Urteile des Staatsrates ist ausschließlich aus Gründen zulässig, welche die Gerichtsbarkeit betreffen.	Kassationsbeschwerde	Revision	Revision	Beschwerde in Verwaltungssachen
Die Ausbildungskurse der Freiwilligen Feuerwehren, der Berufsfeuerwehr  können stufenweise, unter Beachtung der Sicherheitsbestimmungen zur Bekämpfung und Eindämmung der Verbreitung des Virus SARS-COV-2, wieder aufgenommen werden .	SARS-Cov-2	2019-nCoV	2019-nCoV	2019-nCoV
Aus zwingenden Gründen der öffentlichen Sicherheit müssen auf die Diagnose einer SARS-CoV-2-Infektion, selbst wenn sie durch einen Antigen-Schnelltest erfolgt ist, unverzüglich Maßnahmen zur häuslichen Isolierung folgen, .	Antigen-Schnelltest	Antigen-Test	Antigen-Test	Ag-Schnelltest,SARS-CoV-2 Antigen-Schnelltest
Die Erreichung einer Durchimpfungsrate von 75 % gegen die Influenza in der Bevölkerung mit über 64 Jahren würde einen individuellen Schutz für jene Personen bedeuten, die wegen des fortgeschrittenen Alters oder einer bestehenden Erkrankung bzw. Prädisposition besonders gefährdet sind.	Durchimpfungsrate		Deckungsgrad einer Impfung,Durchimpfung,Durchimpfungsgrad,Impfquote	Durchimpfung
Das Haltesystem (sistema di posizionamento) dient als Arbeitsplatzpositionierungssystem, damit Arbeiten so ausgeführt werden, dass ein Absturz verhindert wird.	Arbeitsplatzpositionierungssystem	Positionierungssystem		Positionierungssystem
Der Nasenflügeltest gibt  innerhalb von 15 Minuten Aufschluss darüber, ob die Testperson zum Zeitpunkt der Testung mit dem Coronavirus infiziert ist oder nicht, ob sie ansteckend oder nicht ansteckend ist.	Antigen-Nasenflügel-Schnelltest,Nasenflügeltest	Nasenbohrertest,Schultest,anterio-nasaler Selbsttest	Nasenvorhof-Test	
Die spontanen Meldungen von Nebenwirkungen sind eine wichtige Informationsquelle für die Pharmakovigilanz, denn mit ihrer Hilfe können mögliche Alarmsignale in Zusammenhang mit der Verwendung der im Staatsgebiet verfügbaren Arzneimittel erkannt werden.	Nebenwirkung	UAW,unerwünschte Arzneimittelwirkung	UAW,unerwünschte Arzneimittelwirkung	UAW,unerwünschte Arzneimittelwirkung,unerwünschte Wirkung
Die spontanen Meldungen von Nebenwirkungen sind eine wichtige Informationsquelle für die Pharmakovigilanz, denn mit ihrer Hilfe können mögliche Alarmsignale in Zusammenhang mit der Verwendung der im Staatsgebiet verfügbaren Arzneimittel erkannt werden.	spontane Meldung	Spontanmeldung	Spontanmeldung	Spontanmeldung
Der Indikator „gesunde Lebenserwartung“ bietet die Möglichkeit, gleichzeitig die Entwicklung von Mortalität, Morbidität und Beeinträchtigung zu beurteilen und somit die Wahrscheinlichkeit abzuschätzen, ob mit dem Gewinn an gewonnen Lebensjahren ein längeres Leben in guter bzw. schlechter Gesundheit einhergeht.	Morbidität		Morbilität	
Ärzte sind verpflichtet, alle unvorhergesehenen Nebenwirkungen eines Medikaments zu melden.	unvorhergesehene Nebenwirkung	unerwartete Nebenwirkung	unerwartete Nebenwirkung	bisher nicht bekannte unerwünschte Nebenwirkung
Verglichen mit der Boosterdosis des heterologen Impfschemas wurden schwere systemische Impfreaktionen ebenfalls häufiger nach der 1. Vaxzevria-Impfung und der 2. Comirnaty-Impfung des homologen Impfschemas beobachtet.	Auffrischungsdosis,Boosterdosis	Auffrischdosis	Auffrischdosis	Auffrischdosis
Die Impfprogramme müssen für eine Impfung gegen Röteln der Frauen im gebärfähigen Alter weitergeführt werden, indem diese Impfung mit der Verabreichung der Auffrischungsdosis gegen dT gekoppelt wird.	Auffrischungsdosis,Boosterdosis	Auffrischdosis	Auffrischdosis	Auffrischdosis
Die Eintragung in das nationale Impfregister kann von mobilen Impfteams  mittels mobiler Lösung (Tablets mit App „e-Impfdoc“) erfolgen.	nationales Impfregister	zentrales Impfregister		
Die Impftermine werden soweit als möglich zusammengelegt, indem die zur Verfügung stehenden Kombinationsimpfstoffe verwendet oder die gleichzeitige Verabreichung einzelner Impfstoffen vorgesehen werden.	Kombinationsimpfstoff	Mehrfachimpfstoff	Mehrfachimpfstoff	
Soziale Netzwerke wie Facebook bergen Risiken, da diese Plattformen unter anderem von Onlinekriminellen ausgenützt werden, um Viren, Würmer und sonstige Malware zu verbreiten.	Malware,Schadprogramm	Schadsoftware	Schadsoftware	Schadsoftware
Zum Schutz vor Viren und anderen Schadprogrammen und um die Integrität des Landesnetzes aufrechtzuerhalten, wird die gesamte bereitgestellte Hard- und Software von der Abteilung Informationstechnik und der SIAG Südtiroler Informatik AG genehmigt und verwaltet, falls nicht anders vereinbart.	Malware,Schadprogramm	Schadsoftware	Schadsoftware	Schadsoftware
Erpressungstrojaner sperren den PC oder das Smartphone für den Nutzer, der darauf ein Lösegeld zum Entsperren der Daten bezahlen muss.	Erpressungstrojaner,Ransomware	Erpressungssoftware	Erpressungssoftware	
In die Kritik kommen Bitcoin immer wieder, weil sie – aufgrund ihrer Anonymität – für kriminelle Zwecke, z.B. für die Bezahlung von Lösegeld (sei es nun bei Entführungen oder bei der Sperre von Daten durch Ransomware), verwendet werden.	Erpressungstrojaner,Ransomware	Erpressungssoftware	Erpressungssoftware	
Der Pulverlöscher ist ein tragbares Löschgerät, das heißt er kann von einer Person alleine getragen werden. Er besteht aus einem Behälter aus Metall, welcher mit Pulver befüllt ist.	Pulverlöscher	Pulverfeuerlöscher	Pulverfeuerlöscher	
Der nationale Wiederaufbau- und Resilienzplan (PNRR) wurde durch den Beschluss des ECOFIN-Rates vom 13. Juli 2021 genehmigt und Italien vom Generalsekretariat des Rates in der Note LT161 /21 vom 14. Juli 2021 mitgeteilt.	PNRR,nationaler Aufbau- und Resilienzplan,nationaler Wiederaufbau- und Resilienzplan	österreichischer Aufbau- und Resilienzplan	DARP,Deutscher Aufbau- und Resilienzplan	
Ab März 2022 wird das neue, einheitliche Familiengeld in Italien eingeführt. Seit 1.1.2022 können die Gesuche für das neue gesamtstaatliche Familiengeld (assegno unico e universale per i figli a carico) vorgelegt werden.	einheitliches Familiengeld,einheitliches Kindergeld,einheitliches und universelles Kindergeld,gesamtstaatliches Kindergeld	Familienbeihilhe	Kindergeld	
Um möglichst genaue und aktuelle Informationen zu Cybersicherheitsvorfällen und aktuellen Erkenntnissen zu erhalten, steht das milCERT Military Computer Emergency Readiness Team in ständigem Austausch mit nationalen und internationalen Partnerorganisationen.	Cybersicherheitsvorfall	Cybervorfall	Cybervorfall	Cybervorfall
Insgesamt haben 34,1% der Südtiroler Unternehmen mit mehr als 10 Beschäftigten im Jahr 2013 mindestens einen Cloud-Dienst erworben.	Cloud-Dienst	Cloud-Computing-Dienst,Cloud-Service	Cloud-Computing-Dienst,Cloud-Service	
Immer mehr Webseiten des Landes erscheinen in einem neuen, kundenfreundlichen Layout und mit einer starken Suchmaschine im Hintergrund - nun auch das neue Internetportal der Landwirtschaft.	Suchmaschine	Internet-Suchmaschine,Online-Suchmaschine	Internet-Suchmaschine,Online-Suchmaschine	Internet-Suchmaschine
"Die Arbeitszeiten sollten so gestaltet sein, dass einerseits die Erreichbarkeit gewährleistet ist, andererseits aber auch das ""Recht auf Abschalten"" gewahrt wird."	Recht auf Abschalten		Recht auf Nichterreichbarkeit	
Der Instruktionsrichter prüft von Amts wegen die Ordnungsmäßigkeit der Einlassung der Parteien und fordert diese, wenn nötig, auf, die Prozeßhandlungen und die Urkunden, die er als mangelhaft erkennt, zu ergänzen oder den Vorschriften anzupassen.	Einlassung der Partei,Einlassung der Parteien	Streiteinlassung der Parteien		
Für Besitzschutzklagen  und für die Lage auf Unterlassung einer Bauführung und wegen eines drohenden Schadens  ist das Gericht des Ortes zuständig, an dem sich der angezeigte Sachverhalt ereignet hat.	Besitzschutzklage	possessorische Klage	possessorische Klage	Besitzesschutzklage
Im Fall der notwendigen Streitgenossenschaft wird ein nur von einigen der Streitgenossen abgegebenes Geständnis vom Gericht frei gewürdigt.	Streitgenossenschaft	subjektive Klagenhäufung	subjektive Klagehäufung	subjektive Klagehäufung
Die Außerkraftsetzung eines Gesetzes oder einer gesetzesvertretenden Maßnahme mit Gesetzeskraft oder eines Teiles derselben ist zum Volksentscheid zu bringen, wenn dies von fünfhunderttausend Wählern oder von fünf Volksvertretungen der Regionen verlangt wird.	Aufhebung,Außerkraftsetzung			Ausserkraftsetzung
Eine Volksbefragung zwecks Abstimmung über die gänzliche oder teilweise Aufhebung eines Gesetzes oder eines Aktes mit Gesetzeskraft wird ausgeschrieben, wenn es fünfhunderttausend Wähler oder fünf Regionalräte verlangen.	Aufhebung,Außerkraftsetzung			Ausserkraftsetzung
In Hinblick auf die in Artikel 526 CPC vorgesehenen Wirkungen darf der Beitritt nicht nach der ersten Verhandlung für das Erscheinen der Parteien erfolgen.	Beitritt	Parteibeitritt	Parteibeitritt	Parteibeitritt
Nach der Einlassung in das Verfahren sind alle Zustellungen und Mitteilungen an den Prozessbevollmächtigten, der sich eingelassen hat, vorzunehmen, sofern das Gesetz nicht etwas anderes bestimmt.	Einlassung in das Verfahren,Streiteinlassung		Einlassung auf das Verfahren	
Die Widmung kann vom Eigentümer der Hauptsache oder von demjenigen, der ein dingliches Recht an derselben hat, vorgenommen werden.	dingliches Recht	Realrecht,Sachenrecht,dingliches Sachenrecht	Realrecht,Sachenrecht	Realrecht,Sachenrecht
Alle Durchführungsverordnungen zu diesem Gesetz sind innerhalb von 3 Monaten nach seinem In-Kraft-Treten zu erlassen.	Durchführungsverordnung			Vollziehungsverordnung
Die Nichtbeachtung der Sorgfalts- und Treuepflicht kann je nach der Schwere der Verfehlung und im Einklang mit den Ständischen Vorschriften zur Anwendung von Disziplinarmaßnahmen führen.	Disziplinarmaßnahme,Disziplinarstrafe			Disziplinarmassnahme
Die Regierung der Republik besteht aus dem Präsidenten des Ministerrates und den Ministern, die zusammen den Ministerrat bilden.	Ministerrat		Bundesregierung	Bundesrat
Der Wille, Bürgschaft zu leisten, muß ausdrücklich erklärt werden.	Bürgschaft	Bürgschaftsvertrag	Bürgschaftsvertrag	Bürgschaftsvertrag
Die Bestimmungen der Artikel 2206 und 2207 sind auch auf Bevollmächtigte anzuwenden, die aufgrund einer ständigen Rechtsbeziehung die Befugnis haben, für den Unternehmer die mit dem Betrieb des Unternehmens zusammenhängenden Rechtshandlungen vorzunehmen, auch wenn sie dieses nicht leiten.	Bevollmächtigter,Vertreter		Handlungsbevollmächtigter,Prokurist	Prokurist
Bei der Gesellschaft mit beschränkter Haftung haftet für die Verbindlichkeiten der Gesellschaft nur die Gesellschaft mit ihrem Vermögen.	Gesellschaft mit beschränkter Haftung,GmbH	GesmbH		
Das Vormundschaftsgericht nimmt die Bestellung des Vormundes und des Vormundstellvertreters vor, sobald es von der Tatsache, die die Eröffnung der Vormundschaft nach sich zieht, Kenntnis erlangt hat.	Vormund	mit der Obsorge betraute Person		
Ein Gläubiger kann auch ohne Einwilligung des Schuldners seine Forderung entgeltlich oder unentgeltlich übertragen, sofern die Forderung nicht höchstpersönlicher Natur oder die Übertragung nicht gesetzlich verboten ist.	Forderung	Schuldverhältnis im engeren Sinn	Recht auf eine Leistung,Schuldverhältnis im engeren Sinn	
Zur Bestimmung der Zuständigkeit gilt bei Gesellschaften ohne Rechtspersönlichkeit, nicht anerkannten Vereinen oder Komitees, wie sie in den Artikeln 36 und folgenden des Zivilgesetzbuches vorgesehen sind, als Sitz der Ort, an dem sie Tätigkeiten ständig ausüben.	ZGB,Zivilgesetzbuch	ABGB,Allgemeines bürgerliches Gesetzbuch	BGB,Bürgerliches Gesetzbuch	
Der Schiedsvertrag ist bei sonstiger Nichtigkeit schriftlich zu errichten und hat den Gegenstand des Rechtsstreits zu bestimmen.	Schiedsvertrag		Schiedsabrede	
Das Kind untersteht der elterlichen Gewalt bis zu seiner Volljährigkeit oder Entlassung aus der elterlichen Gewalt.	elterliche Gewalt	Obsorge	elterliche Sorge	elterliche Sorge
Die Bestimmungen hinsichtlich der Erbfolge der unehelichen Kinder sind anzuwenden, wenn die Abstammung anerkannt oder gerichtlich festgestellt worden ist.	Abstammung			Kindesverhältnis
Schuldverhältnisse entstehen aus Vertrag, aus unerlaubter Handlung oder aus jeder sonstigen Handlung oder Tatsache, die nach der Rechtsordnung solche zu begründen geeignet ist.	unerlaubte Handlung	Delikt	Delikt	
Die Legitimation durch gerichtliche Verfügung erzeugt dieselben Wirkungen wie die Legitimation durch nachfolgende Eheschließung .	Legitimation durch nachfolgende Eheschließung	Legitimation durch nachfolgende Ehe	Legitimation durch nachfolgende Ehe	
Dem Verteidiger stehen jene Befugnisse und Rechte zu, die das Gesetz dem Angeklagten zuerkennt, sofern sie nicht diesem persönlich vorbehalten sind.	Verteidiger	Strafverteidiger		
Die Forderungen bezüglich der Abfertigung sowie der Entschädigung gemäß Artikel 2118 werden im Falle der fruchtlosen Vollstreckung auf die beweglichen Sachen hilfsweise mit Vorrang gegenüber den nicht bevorrechtigten Forderungen im Erlös aus den Liegenschaften untergebracht.	Vollstreckung	Exekution		
Bei Fehlen von ehelichen oder unehelichen Kindern, von Vorfahren, von Brüdern oder Schwestern fällt dem Ehegatten die gesamte Erbschaft an .	Erbschaft,Verlassenschaft	Nachlass	Nachlass	Nachlass
Der Pflichtteilsberechtigte, der kraft Eintritts zum Zug kommt, hat auch die ohne ausdrücklichen Erlaß zugunsten seines Vorfahren gemachten Schenkungen und Vermächtnisse anzurechnen .	Pflichtteilsberechtigter	Noterbe		Noterbe,pflichtteilsberechtigter Erbe
Im Fall der Erbteilung oder der Übertragung des Betriebs haben die  Teilhaber ein Vorrecht auf den Betrieb.	Erbteilung,Teilung der Erbschaft		Auseinandersetzung,Teilung des Nachlasses	
Berichtigung inhaltlicher Fehler und Wiederaufnahme des Verfahrens bei Urteilen des Kassationsgerichtshofs.	Berichtigung inhaltlicher Fehler	Berichtigung von Schreib- und Rechenfehlern,Berichtigung von Schreib- und Rechnungsfehlern		Berichtigung von Schreib - oder Rechnungsfehlern
Besteht berechtigter Grund zur Annahme, daß jemand ein Überführungsstück oder zur strafbaren Handlung gehörige Sachen an seinem Körper verbirgt, so wird eine Durchsuchung der Person angeordnet.	Durchsuchung der Person,Leibesvisitation	Personsdurchsuchung	Durchsuchung von Personen,körperliche Durchsuchung	Personsdurchsuchung
Unmittelbar nachdem die Erörterung für geschlossen erklärt worden ist, entscheidet das Gericht, indem es ein Urteil auf Einstellung des Verfahrens oder ein Dekret auf Einleitung des Hauptverfahrens erläßt.	Dekret auf Einleitung des Hauptverfahrens		Eröffnungsbeschluss	
Gläubiger des Verstorbenen können die Absonderung auch hinsichtlich solcher Sachen vornehmen, die Gegenstand des Vermächtnisses einer bestimmten Sache sind.	Vermächtnis	Legat		Legat
Die Satzung, welche die Vorschriften über die Arbeitsweise der Gesellschaft enthält, wird, auch wenn sie Gegenstand einer eigenen Urkunde bildet, als integrierter Bestandteil des Gründungsvertrags betrachtet und muß diesem angeschlossen sein.	Satzung,Statut		Gesellschaftsvertrag	
Natürliche Energien, die wirtschaftlichen Wert haben, gelten als bewegliche Sachen.	bewegliche Sache	Fahrnis,bewegliches Gut	Fahrnis	Fahrnis
Die natürlichen Früchte gehören dem Eigentümer der Sache, die sie hervorbringt, außer ihr Eigentum steht anderen zu.	natürliche Früchte	Naturalfrüchte	unmittelbare Sachfrüchte	
Die Zivilfrüchte werden Tag für Tag anch Maßgabe der Dauer des Rechts erworben.	Zivilfrüchte		mittelbare Früchte	zivile Früchte
Der Erwerb vollzieht sich kraft Gesetzes ohne Erfordernis der Annahme  und ohne daß eine Ausschlagung vorgenommen werden kann .	Erwerb	Erwerbung		
Das Grundeigentum unterliegt in den von Sondergesetzen  vorgesehenen Fällen besonderen Vorschriften zur Erreichung von Zwecken von öffentlichem Interesse .	Eigentum an Grund und Boden,Grundeigentum		Eigentum an Grundstücken	
Das Eigentum an Grund und Boden erstreckt sich auf den Bereich unter der Erdoberfläche.	Bereich unter der Erdoberfläche,Untergrund		Erdkörper unter der Oberfläche	
Bei Zwangsübertragungen  werden Grunddienstbarkeiten je nach den Erfordernissen der neuen Anordnung aufgehoben, erhalten oder begründet.	Dienstbarkeit,Grunddienstbarkeit	Prädialservitut,Realservitut		Prädialservitut
Ist die vermachte Sache mit einer Dienstbarkeit , mit einem Grundzins oder mit einer anderen auf dem Grundstück haftenden Last oder mit einer Grundrente  beschwert, so ist die Belastung vom Vermächtnisnehmer zu tragen.	Dienstbarkeit,Grunddienstbarkeit	Prädialservitut,Realservitut		Prädialservitut
Erlangt der Eigentümer direkt vom neuen Besitzer oder Inhaber die Rückgabe der Sache, so ist er verpflichtet, dem vorhergebenden Besitzer oder Inhaber den an Stelle der Sache erhaltenen Betrag zurückzugeben.	Inhaber			Innehabender
In jedem Fall ist das Verlangen auf Herausgabe der Materialien  nach Ablauf von sechs Monaten ab dem Tag, an dem der Eigentümer von der Verbindung Kenntnis erhalten hat, nciht mehr zulässig .	Verbindung,Zuwachs			Akzession
Der Eigentümer des herrschenden Grundstücks darf keine Neuerungen vornehmen, die die Lage des dienenden Grunstücks zusätzlich erschweren.	herrschendes Grundstück	herrschende Liegenschaft,herrschender Grund		berechtigtes Grundstück
Der Eigentümer des dienenden Grundstücks ist nicht verpflichtet, irgendeine Handlung vorzunehmen, um die Ausübung der Dienstbarkeit durch den Berechtigten zu ermöglichen, es sei denn, daß das Gesetz oder der Rechtstitel etwas anderes bestimmt .	dienendes Grundstück	belastetes Grundstück,dienende Liegenschaft,dienstbarer Grund	belastetes Grundstück	belastetes Grundstück,beschwertes Grundstück
Die unteilbaren Verbindlichkeiten sind, vorbehaltlich der Vorschriften der folgenden Artikel, durch die Vorschriften über die Gesamtschuldverhältnisse geregelt, soweit diese anwendbar sind.	Gesamtschuld,Gesamtschuldverhältnis,Gesamtverbindlichkeit	Gesamtobligation		
Im Innenverhältnis teilt sich die Gesamtverbindlichkeit unter den verschiedenen Schuldnern oder unter den verschiedenen Gläubigern auf .	Gesamtschuld,Gesamtschuldverhältnis,Gesamtverbindlichkeit	Gesamtobligation		
Wenn eine gesonderte Verwendung nicht möglich ist, ist die Neuerung unstatthaft, außer die Mehrheit der Miteigentümer, die sie beschlossen oder gutgeheißen hat, ist bereit, den gesamten Aufwand für sie zu tragen.	Neuerung		Erneuerung	
Wenn die Klage oder die Verfügung einen Inhalt aufweist, der über die Aufgaben des Verwalters hinausreicht, ist dieser verpflichtet, davon unverzüglich die Versammlung der Miteigentümer zu verständigen.	Versammlung der Hausmiteigentümer,Versammlung der Miteigentümer		Versammlung der Wohnungseigentümer,Wohnungseigentümerversammlung	
Der Eheschließung hat das vom Standesbeamten durchzuführende Aufgebot voranzugehen.	Standesbeamter			Zivilstandsbeamter
Die Versöhnung der Ehegatten bewirkt die Aufgabe der bereits eingereichten Klage auf Ehetrennung.	Versöhnung			Aussöhnung
Die einverständliche Ehetrennung wird mit der Bestätigung durch das Landesgericht wirksam, das in nichtöffentlicher Sitzung aufgrund eines Berichts des Präsidenten verfügt.	einverständliche Ehetrennung			Trennung im gegenseitigen Einvernehmen
Unbeschadet der Rechte, die Dritte kraft Besitzes in gutem Glauben  erworben haben, kann der Auftraggeber die Herausgabe der beweglichen Sachen verlangen , die auf seine Rechnung von dem in eigenem Namen handelnden Beauftragten  erworben wurden.	Besitz in gutem Glauben	gutgläubiger Besitz,redlicher Besitz	redlicher Besitz	gutgläubiger Besitz
Wenn es sich um die Ausübung von Befugnissen handelt, die Gegenstand einer durch die öffentliche Verwaltung erteilten Konzession sein können, ist auch Klage auf Erhaltung des Besitzes zulässig.	Klage auf Erhaltung des Besitzes	Besitzklage,Besitzstörungsklage		Klage aus Besitzesstörung
Sachen, hinsichtlich derer keiner der Ehegatten das Alleineigentum nachweisen kann, stehen zu gleichen Teilen im ungeteilten Eigentum beider Ehegatten.	ungeteiltes Eigentum	Gesamthandeigentum	Eigentum zur gesamten Hand,Gesamthandseigentum	Gesamteigentum
Den unehelichen Kindern, die ein Recht auf Unterhalt, Ausbildung und Erziehung haben, gebührt eine lebenslange Rente in Höhe des Ertrages des Erbteils, auf den sie Anspruch hätten, wäre die Abstammung festgestellt oder anerkannt worden.	Anspruch auf Unterhalt,Anspruch auf vollen Unterhalt,Recht auf Unterhalt	Unterhaltsanspruch	Unterhaltsanspruch	Unterhaltsanspruch
Zur Feststellung des Datums von Quittungen kann das Gericht unter Berücksichtigung der Umstände jedes beliebige Beweismittel zulassen.	Quittung		Empfangsbestätigung,schriftliches Empfangsbekenntnis	
Liegt eine Kindesunterschiebung oder eine Kindesvertauschung vor, so kann das Kind, obwohl die Geburtskunde mit dem tatsächlichen Personenstand übereinstimmt, einen anderen Personenstand beanspruchen .	Kindesunterschiebung	Unterschiebung eines Kindes		
Die Vaterschaftsbestreitungsklage seitens der Mutter muss innerhalb einer Frist von sechs Monaten ab der Geburt des Kindes eingebracht werden oder ab dem Tag, an dem sie Kenntnis von der Zeugungsunfähigkeit des Ehemanns zum Zeitpunkt der Empfängnis erhalten hat.	Klage auf Bestreitung der Vaterschaft,Vaterschaftsbestreitungsklage	Ehelichkeitsbestreitungsklage	Klage auf Anfechtung der Vaterschaft,Vaterschaftsanfechtungsklage	Klage auf Anfechtung der Vaterschaft
Ein durch Eintritt zur Erbfolge berufener Nachkomme hat das auszugleichen, was dem Vorfahren geschenkt worden ist, auch wenn er dessen Erbschaft ausgeschlagen hat.	Vorfahre		Verwandter der aufsteigenden Linie	
Ein durch Eintritt zur Erbfolge berufener Nachkomme hat das auszugleichen, was dem Vorfahren geschenkt worden ist, auch wenn er dessen Erbschaft ausgeschlagen hat.	Nachkomme	Abkömmling	Abkömmling	
Die Zustimmung der in den Artikeln 296 und 297 CCangeführten Personen kann durch eine Person abgegeben werden, die mit einer durch öffentliche Urkunde oder durch beglaubigte Privaturkunde erteilten Spezialvollmacht versehen ist.	Spezialvollmacht	Einzelvollmacht	Sondervollmacht	Spezialhandlungsvollmacht
Die Entlassung aus der elterlichen Verantwortung verleiht dem Minderjährigen die Fähigkeit, jene Rechtshandlungen vorzunehmen, die nicht über die ordentliche Verwaltung hinausgehen.	Entlassung aus der elterlichen Verantwortung		Befreiung vom Alterserfordernis,Befreiung vom Erfordernis des Volljährigkeitsalters	
Das Vormundschaftgericht nimmt die Bestellung des Vormundes und des Vormundstellvertreters vor, sobald es von der Tatsache, die die Eröffnung der Vormundschaft nach sich zieht, Kenntnis erlangt hat.	Vormundstellvertreter	Kollisionskurator,besonderer Kurator		
Unbeschadet eines anderslautenden Willens der Parteien hat der Darlehensnehmer dem Darlehensgeber Zinsen zu zahlen .	Darlehensgeber	Darleiher		Darleiher
Erfüllt der Darlehensnehmer nicht die Verpflichtung zur Zahlung der Zinsen, so kann der Darlehensgeber die Aufhebung des Vertrags verlangen.	Darlehensnehmer			Borger
Sind das Realangebot und die Hinterlegung gültig, gehen die dafür erforderlich gewordenen Kosten zu Lasten des Gläubigers.	Realangebot	reales Anbot		Realoblation
Verweigert der Gläubiger die Annahme des Realangebots oder erscheint er nicht zur Empfangnahme der ihm mittels Aufforderung angebotenen Sachen, so kann der Schuldner die Hinterlegung vornehmen.	Aufforderung	Einmahnung,Mahnung	Mahnung	Mahnung
Die Neuerung ist unwirksam, wenn die ursprüngliche Verbindlichkeit nicht bestand.	Neuerung	Novation	Novation,Schuldersetzung,Schuldumschaffung,Schuldumwandlung	Novation
Die Aufrechnung findet nur zwischen zwei Schulden statt, die einen Geldbetrag oder eine Menge vertretbarer Sachen der gleichen Gattung zum Gegenstand haben und die gleichermaßen feststehen und fällig sind.	Aufrechnung,Verrechnung	Kompensation		Kompensation
Der Miterbe, der seinen Anteil oder einen Teil desselben einem Außenstehenden veräußern will , hat das Veräußerungsangebot unter Angabe des Preises den übrigen Miterben zuzustellen, die ein Vorkaufsrecht haben.	Miterbe	gemeinschaftlicher Erbe		
Die Adoption begründet keine zivilrechtlichen Beziehungen zwischen dem Adoptierenden und der Familie des Adoptierten .	Adoptierender	Annehmender	Annehmender	Annehmender,adoptierende Person
Der Angewiesene kann gegen den Anweisungsempfänger die sich aus seinen Rechtsbeziehungen zu diesem ergebenden Einwendungen erheben.	Einwendung	Einrede	Einrede	Einrede
Gewähren die Aktien ein Bezugsrecht, steht dieses dem Gesellschafter zu.	Bezugsrecht,Optionsrecht		Aktienbezugsrecht	
Eine Verfügung zur Gesamtrechtsnachfolge  ist nichtig, wenn sie vom Erblasser unter der Bedingung gemacht wurde, daß er seinerseits im Testament des Erben oder des Vermächtnisnehmers begünstigt wird.	Vermächtnisnehmer	Bedachter,Legatar	Bedachter	Bedachter,Legatar
Bei gesetzlicher Erbfolge wächst der Teil desjenigen, der ausschlägt, denen an, die mit dem Ausschlagenden zusammengetroffen wären .	gesetzliche Erbfolge	Intestaterbfolge		Intestaterbfolge
Während des Schwebens der aufschiebenden Bedingung kann der Erwerber eines Rechts Rechtshandlungen zur Sicherung vornehmen.	aufschiebende Bedingung	Suspensivbedingung	suspensive Bedingung	Suspensivbedingung
Das notarielle Testament kann ein öffentliches  oder ein geheimes  sein.	notarielles Testament		Testament zur Niederschrift eines Notars	
Wenn der Beschwerte oder der Dritte die Wahl nicht vornehmen kann oder will, wird diese vom Präsidenten des Landesgerichts, in dessen Sprengel die Erbfolge eröffnet wurde, nach Aufnahme zweckdienlicher Informationen durch Dekret getroffen.	Beschwerter	Belasteter		
Der Eingesetzte hat den Genuß und die freie Verwaltung der Güter, die Gegenstand der Nacherbfolge sind .	Nacherbfolge	Nacherbfall,Nacherbschaft,fideikommissarische Substitution	Nacherbeneinsetzung,Nacherbfall,Nacherbschaft	Nacherbeneinsetzung,Nacherbschaft
Vor der Vornahme der Teilung hat der Testamentsvollstrecker die Erben zu hören.	Testamentsvollstrecker,Testamentvollstrecker	Testaments-Exekutor,Vollzieher des letzten Willens,Willensvollstrecker		Willensvollstrecker,Willensvollzieher
Die Veräußerung eines Rechts oder die Übernahme einer Verpflichtung ist nichtig, wenn sie an eine aufschiebende Bedingung geknüpft wird, die sie vom bloßen Willen des Veräußerers beziehungsweise von jenem des Schuldners abhängig macht.	Veräußerung			Veräusserung
Ist die Erbmasse erschöpft, so haben die nicht befriedigten Gläubiger nur ein Rückgriffsrecht gegen die Vermächtnisnehmer in Höhe des Wertes des Vermächtnisses .	Erbmasse	Erbschaftsmasse,Verlassenschaftsmasse	Nachlassmasse	
Die Abmachung des Heimfalls bewirkt, daß jede Veräußerung der geschenkten Güter aufgelöst ist und diese an den Schenker frei von jeder Last oder Hypothek zurückfallen .	Abmachung des Heimfalls			Verabredung des Rückfalls
Ein Arbeitsvertrag, der unter Nichtbeachtung der Bestimmungen über die Regelung der Nachfrage nach Arbeit und des Angebots von Arbeit abgeschlossen wird, kann unbeschadet der Anwendung strafrechtlicher Maßnahmen für nichtig erklärt werden.	Arbeitsvertrag,Einzelvertrag,Individualarbeitsvertrag,Individualvertrag	Einzelarbeitsvertrag	Einzelarbeitsvertrag	Einzelarbeitsvertrag
Der Versprechende kann dem Dritten gegenüber die Einwendungen erheben, die auf dem Vertrag beruhen, aus dem der Dritte sein Recht herleitet .	Versprechender			Promittent
Die Bestimmungen über die Wirkungen der nachträglich eingetretenen übermäßigen Belastung finden auch auf die vor dem Inkrafttreten des Gesetzbuches abgeschlossenen Verträge Anwendung, wenn die Umstände und Ereignisse, aus denen sich die übermäßige Belastung ergibt, nachher eingetreten sind.	übermäßige Belastung	unzumutbare Härte	unzumutbare Härte	unzumutbare Härte
Unberührt bleiben jene Gebräuche, die vorsehen, daß auch ohne ausdrückliche Abmachung Gewähr für die gute Gebrauchsfähigkeit zu leisten ist.	Gewähr für die gute Gebrauchsfähigkeit,Gewährleistung für die gute Gebrauchsfähigkeit		Haftung für die Gebrauchsfähigkeit der verkauften Sache	Gewährleistung der Gebrauchsfähigkeit
Die Entlohnung des Lehrlings darf nicht in der Form des Akkordlohns erfolgen.	Lehrling		Auszubildender,Azubi	
Der mit der beglaubigten Unterschrift der Vertragsteile versehene Gründungsvertrag  ist von den Geschäftsführern innerhalb von dreißig Tagen zur Eintragung bei jenem Handelsregisteramt zu hinterlegen, in dessen Sprengel der Sitz der Gesellschaft festgelegt wird.	Handelsregisteramt	Geschäftsstelle des Handelsregisters	Geschäftsstelle des Handelsregisters	
Wenn der Werkhersteller das Werk nicht gemäß den vom Vertrag festgesetzten Bedingungen und nicht fachgemäß ausführt, kann der Besteller eine angemessene Frist festsetzen, innerhalb welcher der Werkhersteller diesen Bedingungen nachzukommen hat.	Werkhersteller	Unternehmer,Werkunternehmer	Unternehmer	Unternehmer
Wenn es sich um ein Werk handelt, das in einzelnen Teilleistungen auszuführen ist, kann jeder der Vertragsteile verlangen, daß die Prüfung hinsichtlich der einzelnen Teilleistungen vorgenommen wird.	Teilleistung	Teilwerk		Teillieferung
Ein Agenturvertrag auf bestimmte Zeit, der nach Vertragsende von den Parteien weiter ausgeführt wird, wandelt sich in einen Vertrag auf unbestimmte Zeit um.	Agenturvertrag	Handelsvertretervertrag	Handelsvertretervertrag	
Der Makler hat Anspruch auf die Provision von jeder der Parteien, wenn das Geschäft durch sein Zutun zustandegekommen ist.	Makler		Mäkler	Mäkler
Ohne Einwilligung des Hinterlegers darf der Verwahrer die hinterlegte Sache weder gebrauchen noch anderen in Verwahrung geben.	Verwahrer			Aufbewahrer
Die öffentlichen Lagerhäuser haben auf Verlangen des Einlagerers einen Lagerschein über die eingelagerten Waren auszustellen.	Lagerschein			Lagerempfanggschein
Das Indossament überträgt sämtliche sich aus dem Papier ergebenden Rechte.	Indossament,Indossierung	Giro		
Der Besitzer des bloßen Lagerscheins kann die eingelagerten Sachen auch vor der Fälligkeit der Forderung, für die sie in Pfand gegeben wurden, zurücknehmen, indem er beim öffentlichen Lagerhaus den dem Pfandgläubiger bei Fälligkeit geschuldeten Betrag hinterlegt.	Pfandgläubiger		Pfändungsgläubiger	
Das Indossament ist auf das Papier zu schreiben und durch den Indossanten zu unterfertigen.	Indossant		Girant	
Der Entlehner hat die Sache mit der Sorgfalt eines guten Familienvaters  aufzubewahren  und zu erhalten.	Entlehner		Entleiher	
Für die Verbindlichkeiten der Gesellschaft haften überdies persönlich (2740) und als Gesamtschuldner (1292 ff.) die Gesellschafter, die im Namen und für Rechnung der Gesellschaft gehandelt haben (2266) und, vorbehaltlich einer gegenteiligen Abmachung, die übrigen Gesellschafter (204 ÜbgB.).	Gesellschaftsverbindlichkeiten,Verbindlichkeiten der Gesellschaft	Gesellschaftsschulden	Gesellschaftsschulden	Gesellschaftsschulden,gemeinschaftliche Schulden
Die Liquidatoren können die zur Liquidation erforderlichen Rechtshandlungen vornehmen und können, wenn die Gesellschafter nichts anderes vorgesehen haben, die Güter der Gesellschaft in Bausch und Bogen verkaufen und Vergleiche und Schiedsverträge abschließen.	Liquidator	Abwickler	Abwickler	
Stellt die Bank ein Sparbuch aus, so sind die Einzahlungen und Behebungen in das Buch einzutragen.	Sparbuch			Sparheft
Bei Fehlen einer Aufforderung durch den Käufer muß der Verkäufer den Verkauf der Optionsrechte für Rechnung des Käufers durch einen Börsenmakler oder ein Kreditinstitut besorgen.	Börsenmakler			Börsenhändler
Beim Bankvorschuss gegen Verpfändung von Wertpapieren oder Waren kann die Bank nicht über die als Pfand erhaltenen Sachen verfügen, wenn sie eine Urkunde ausgestellt hat, in der diese Sachen einzeln angeführt sind.	Bankvorschuss	Zwischenkredit	Zwischenkredit	
Der mit der beglaubigten Unterschrift der Vertragsteile versehene Gründungsvertrag  ist von den Geschäftsführern innerhalb von dreißig Tagen zur Eintragung bei jenem Handelsregisteramt zu hinterlegen, in dessen Sprengel der Sitz der Gesellschaft festgelegt wird.	beglaubigte Unterschrift		beglaubigte Unterzeichnung	
Wenn in der Abmachung eine längere Dauer angegeben oder die Dauer nicht festgesetzt worden ist, gilt das Wettbewerbsverbot für einen Zeitraum von fünf Jahren ab der Übertragung.	Wettbewerbsverbot			Konkurrenzverbot
Die nicht verkauften Aktien müssen  unter entsprechender Herabsetzung des Kapitals vernichtet werden.	Herabsetzung des Kapitals	Herabsetzung des Grundkapitals,Herabsetzung des Stammkapitals,Kapitalherabsetzung	Herabsetzung des Grundkapitals,Herabsetzung des Stammkapitals,Kapitalherabsetzung	Herabsetzung des Grundkapitals,Herabsetzung des Stammkapitals,Kapitalherabsetzung
Liegt grobe Fahrlässigkeit vor, kann das Gericht den Strafangestellter verurteilen, dem Angeklagten und dem zivilrechtlich Haftenden, die dies beantragt haben, den Schaden zu ersetzen.	grobe Fahrlässigkeit		Leichtfertigkeit	
Der Vertrag wird aufgelöst, wenn nach dem Vertragsabschluß das Risiko wegfällt, doch hat der Versicherer so lange Anrecht auf Zahlung der Prämien, bis ihm der Wegfall des Risikos mitgeteilt worden oder sonstwie bekanntgeworden ist.	Wegfall des Risikos	Risikowegfall	Risikowegfall	
Die Verschmelzung und die Zusammenlegung von Betrieben mehrerer Versicherungsunternehmen sind kein Grund für eine Auflösung des Versicherungsvertrages.	Zusammenlegung	Unternehmenskonzentration	Unternehmenskonzentration	
Auf die Einlagen der Gesellschafter und auf die Geschäfte, durch die die Gesellschaft Güter und Forderungen von Gründungsgesellschaftern, Gesellschaftern und Verwaltern erwirbt, finden die Artikel 2342, 2343 und 2343-bis Anwendung.	Gründungsgesellschafter	Gründer	Gründer,Gründeraktionär,Gründungsaktionär	Gründer
Die Gesellschaft kann eigene Aktien nur in den Grenzen der in der letzten ordnungsgemäß genehmigten Bilanz ausgewiesenen verteilbaren Gewinne und verfügbaren Rücklagen erwerben.	Rücklagen	Reserve	Reserve	Reserve
Die im vorhergehenden Artikel enthaltenen Beschränkungen sind nicht anzuwenden, wenn der Erwerb eigener Aktien auf Grund einer Gesamtrechtsnachfolge oder einer Verschmelzung erfolgt.	Gesamtrechtsnachfolge	Universalsukzession	Universalsukzession	Universalsukzession
Solange sich die Aktien im Eigentum der Gesellschaft befinden, steht das Recht auf den Gewinn und das Bezugsrecht den anderen Aktien anteilig zu.	Recht auf Gewinnbeteiligung,Recht auf den Gewinn	Dividendenrecht,Gewinnanteilsrecht	Dividendenrecht,Recht auf Dividende,Recht auf Gewinnanteil	Anspruch auf Gewinn,Recht auf Dividende,Recht auf Gewinnanteil
Zur Anwendung der Ziffern 1) e 2) des ersten Absatzes werden auch die Stimmrechte gezählt, die abhängigen Gesellschaften, Treuhandgesellschaften oder einer vorgeschobenen Person zustehen; Stimmrechte, die für Dritte zustehen, werden nicht gezählt.	abhängige Gesellschaft	Tochtergesellschaft,abhängiges Unternehmen	Konzern-Tochter,Konzerntochter,Tochtergesellschaft,Tochterunternehmen,abhängiges Unternehmen	Tochtergesellschaft,Untergesellschaft
Die außerordentliche Gesellschafterversammlung der Gesellschafter, deren Aktien an der Börse notiert sind, kann, wenn die nach der zweiten Einberufung anwesenden Gesellschafter nicht den für die Beschlußfassung erforderlichen Teil des Kapitals vertreten, neuerlich binnen dreißig Tagen einberufen werden.	außerordentliche Gesellschafterversammlung	außerordentliche Hauptversammlung	außerordentliche Hauptversammlung	außerordentliche Versammlung
Der Masseverwalter verwaltet das Konkursvermögen und nimmt im Rahmen der ihm übertragenen Aufgaben alle Verfahrenshandlungen unter der Aufsicht des beauftragten Richters und des Gläubigerausschusses vor.	Masseverwalter		Insolvenzverwalter,Konkursverwalter	
Das Gesetz bestimmt die Fälle der Nichtwählbarkeit und der Unvereinbarkeit mit der Stellung eines Abgeordneten oder Senators.	Nichtwählbarkeit,Unwählbarkeit	Ausschluss von der Wählbarkeit	Ausschluss von der Wählbarkeit,Ineligibilität	
Unabhängig von der Höhe des Fonds für die gesetzliche Rücklage muß diesem mindenstens ein Fünftel des jährlichen Reingewinns zugeführt werden.	gesetzliche Rücklage			gesetzliche Reserve
Bei Gesellschaften ohne Aufsichtsrat ist jeder Gesellschafter berechtigt, von den Verwaltern über den Geschäftsgang der Gesellschaft Auskunft zu erhalten und die Gesellschaftsbücher einzusehen.	Bücher der Gesellschaft,Gesellschaftsbücher			Geschäftsbücher,Papiere der Gesellschaft
Die Übertragung der Anteile wird der Gesellschaft gegenüber im Zeitpunkt der Eintragung in das Gesellschafterbuch wirksam.	Gesellschafterbuch,Mitgliederverzeichnis,Mitgliedsbuch	Gesellschafterliste	Aktienbuch,Gesellschafterliste	Aktienbuch,Anteilsbuch
Außer den Büchern und anderen Rechnungsunterlagen, die gemäß Artikel 2214 vorgeschrieben sind, hat die Gesellschaft zu führen:  ein Buch über die Schuldverschreibungen, in dem der Betrag der ausgegebenen und der eingelösten Schuldverschreibung  anzugeben ist .	Buch für die Schuldverschreibungen,Buch über die Schuldverschreibungen		Verzeichnis der Schuldverschreibungen	
Die Verwalter haben den Jahresabschluß, der aus der Bilanz, der Gewinn- und Verlustrechnung und dem Anhang besteht, aufzustellen.	Bilanz		Jahresbilanz	
Bei den Bewertungen sind folgende Richtlinien zu beachten: die Kosten des Sachanlagevermögens und des immateriellen Anlagevermögens, deren Nutzung zeitlich begrenzt ist, müssen in jedem Geschäftsjahr planmäßig im Verhältnis zu ihrer restlichen Nutzungsmöglichkeit abgeschrieben werden.	immaterielles Anlagevermögen	immaterielle Vermögensgegenstände	immaterielle Vermögensgegenstände	immaterielle Anlagen
Die Herstellungskosten enthalten alle unmitelbar dem Erzeugnis zurechenbaren Kosten.	Aufwendungen,Ausgaben,Auslagen,Kosten			Aufwände
Die vom Testamentvollstrecker zur Ausübung seines Amtes gemachten Auslagen gehen zu Lasten der Erbschaft.	Aufwendungen,Ausgaben,Auslagen,Kosten			Aufwände
Der Wiederverkäufer kann an den Erzeugnissen, die er vertreibt, eine eigene Marke anbringen, darf jedoch nicht die vom Hersteller stammende Marke entfernen.	Marke	Warenzeichen	Warenzeichen	Warenzeichen
Bei den Bewertungen sind folgende Richtlinien zu beachten: die Kosten des Sachanlagevermögens und des immateriellen Anlagevermögens, deren Nutzung zeitlich begrenzt ist, müssen in jedem Geschäftsjahr planmäßig im Verhältnis zu ihrer restlichen Nutzungsmöglichkeit abgeschrieben werden.	Sachanlagevermögen	Sachanlagen	Sachanlagen	Sachanlagen
Die Bilanz ist gemäß der folgenden Gliederung aufzustellen: AKTIVA:  Finanzanlagevermögen, unter gesonderter Angabe der für jeden Forderungsposten im folgenden Geschäftsjahr fällig werdenden Beträge .	Finanzanlagevermögen	Finanzanlagen	Finanzanlagen	Finanzanlagen
Die Forderungen des Staates aus der Anwendung der Mehrwertsteuer haben im Falle der gesamt-schuldnerischen Haftung des Übernehmers an den Liegenschaften, die Gegenstand der Übertragung gebildet haben oder auf die sich die Dienstleistung bezieht, ein Vorzugsrecht.	Mehrwertsteuer,MwSt.	USt,Umsatzsteuer	USt,Umsatzsteuer	MWST
Jede Aktie gewährt das Recht auf einen verhältnismäßigen Teil des Reingewinns und des Reinvermögens, das sich aus der Liquidation ergibt, unbeschadet der Rechte, die zu Gunsten der besonderen Arten der Aktien festgesetzt sind.	Eigenkapital,Reinvermögen	Nettovermögen	Nettovermögen	Nettovermögen
Wird die Beteiligung erstmals aufgrund des Eigenkapital-Verfahrens angesetzt, können die Anschaffungskosten  bei den Aktiva ausgewiesen werden .	Aktiva,Aktivseite,Aktivstand,Aktivvermögen	Vermögen		Aktiven
Am Ende der Bilanz sind sämtliche unmittelbar oder mittelbar geleisteten Sicherheiten anzugeben, wobei zwischen Bürgschaften, Wechsel- und Scheckbürgschaften, anderen persönlichen Sicherheiten und dinglichen Sicherheiten zu unterscheiden ist .	Scheckbürgschaft,Wechselbürgschaft		Aval	
Die Erträge und Einnahmen, Aufwendungen und Lasten müssen unter Abzug der Rücklieferungen, Nachlässe, Gutschriften und Prämien sowie der unmittelbar mit dem Verkauf der Erzeugnisse und mit den Dienstleistungen zusammenhängenden Steuern angegeben werden.	Gutschrift	Preisnachlass	Preisnachlass	Preisnachlass
Das Vorzugsrecht wirkt, soweit es die Erbschaftssteuer betrifft, nicht zum Nachteil der Gläubiger, die das Recht auf Absonderung der Güter des Verstorbenen von jenen des Erben ausgeübt haben.	Erbschaftssteuer			Erbanfallsteuer,Nachlasssteuer
In den folgenden Geschäftsjahren muß der Mehrwert, der sich aus der Anwendung des Eigenkapital-Verfahrens im Vergleich zu dem im Jahresabschluß des vorhergehenden Geschäftsjahrs angegebenen Wert ergibt, in einer Rücklage, die nicht verteilt werden darf, ausgewiesen werden.	Mehrwert	Veräußerungsgewinn	Veräußerungsgewinn	Veräußerungsgewinn
Ist das nackte Eigentum mit einer Hypothek belastet, so erstreckt sich diese bei Erlöschen des Fruchtgenusses auf das volle Eigentum.	nacktes Eigentum	nuda proprietas		Nackteigentum,nuda proprietas,nutzungsentkleidetes Eigentum
Erfolgt die Kapitalerhöhung durch eine Einlage in Natur oder in Form von Forderungen, so finden die Bestimmungen der Artikel 2342, zweiter und dritter Absatz, und 2343 Anwendung.	Erhöhung des Kapitals,Kapitalerhöhung	Erhöhung des Grundkapitals,Erhöhung des Stammkapitals	Erhöhung des Grundkapitals,Erhöhung des Stammkapitals	
Solange die für die Umwandlung festgesetzten Fristen nicht abgelaufen sind, kann die Gesellschaft weder die Herabsetzung des überflüssigen Kapitals noch eine Abänderung der Bestimmungen des Gründungsvertrags über die Gewinnverteilung beschließen .	überflüssiges Kapital		überschüssiges Kapital	
Die übernehmende Gesellschaft darf keine Aktien oder Anteile im Austausch für Aktien oder Anteile der übertragenden Gesellschaften zuteilen, die den übertragenden Gesellschaften oder der übernehmenden Gesellschaft unmittelbar oder über Treuhandgesellschaften oder über eine vorgeschobene Person gehören.	übernehmende Gesellschaft		Übernehmerin,übernehmender Rechtsträger	
Die Gerichtsbehörde besorgt den gerichtlichen Schutz der Rechte auf Antrag einer Partei und, sofern das Gesetz es bestimmt, auch auf Antrag der Staatsanwaltschaft oder von Amts wegen.	gerichtlicher Schutz	gerichtlicher Rechtsschutz	gerichtlicher Rechtsschutz	gerichtlicher Rechtsschutz
Bei der Anordnung einer Sicherungsbeschlagnahme bestellt das Gericht einen Verwahrer und setzt die Richtlinien und Grenzen für die Verwaltung der beschlagnahmten Sachen sowie besondere Vorkehrungen fest, die für eine möglichst sichere Verwahrung und zur Vereitelung von Geheimnisverrat geeignet sind.	Sicherungsbeschlagnahme		Sequestration	
Wenn der Alleinverwalter oder alle Verwalter ausscheiden, muß die Gesellschafterversammlung zur Ersetzung der ausgeschiedenen unverzüglich vom Aufsichtsrat, der zwischenzeitlich die Handlungen der ordentlichen Verwaltung vornehmen kann, einberufen werden.	Alleinverwalter,alleiniger Verwalter	alleiniger Geschäftsführer	Einmannvorstand,Einzelvorstand,alleiniger Geschäftsführer	alleiniger Geschäftsführer
Die Mitgliederversammlung von Vereinen ist von den Verwaltern einmal im Jahr zur Genehmigung des Jahresabschlusses einzuberufen.	Mitgliederversammlung	Vereinsversammlung	Versammlumg der Mitglieder	Vereinsversammlung,Versammlumg der Mitglieder
Der Sachverständige nimmt an jenen Verhandlungen teil, zu denen ihn der Instruktionsrichter geladen hat; er führt die Untersuchungen  auch außerhalb des Gerichtssprengels und, je nach Anordnung des Richters, allein oder in dessen Beisein durch.	Gerichtssprengel	Gerichtsbezirk,Sprengel	Gerichtsbezirk	Gerichtskreis
Steht die Geschäftsführung mehreren Gesellschaftern gemeinsam zu, ist zur Vornahme von Handlungen für die Gesellschaft die Einwilligung aller geschäftsführenden Gesellschafter erforderlich.	Geschäfte für die Gesellschaft,Handlungen für die Gesellschaft		Handlungen der Geschäftsführung,Handlungen der Gesellschaft	Geschäftsbetrieb der Gesellschaft
Der Anteil, der dem Gesellschafter zusteht, der seine Arbeit eingebracht hat, wird, wenn er im Vertrag nicht bestimmt ist, vom Gericht nach Billigkeit festgesetzt.	Arbeit	Arbeitsleistung	Dienstleistung	
Tritt ein Verlust am Gesellschaftskapital ein, können Gewinne solange nicht verteilt werden, bis das Kapital wieder ergänzt oder im entsprechenden Ausmaß herabgesetzt wird.	Verlust am Gesellschaftskapital	Kapitalverlust	Kapitalverlust	Kapitalverlust
Die Ausgabe und der Verkauf der Aktien vor der Eintragung der Gesellschaft ist nichtig.	Ausgabe	Emission	Auflegung,Begebung,Emission,Erstplazierung	Emission
Die Aufnahme der Beweismittel im Beweissicherungsverfahren läßt die Fragen nach ihrer Zulässigkeit oder Erheblichkeit unberührt und ist auch kein Hindernis für ihre neuerliche Aufnahme im Verfahren in der Sache selbst.	Aufnahme der Beweismittel im Beweissicherungsverfahren	vorsorgliche Beweisaufnahme	vorsorgliche Beweisaufnahme	vorsorgliche Beweisführung
Die verfahrensrechtlichen Wirkungen, welche die Flucht nach sich zieht, treten nur in dem Strafverfahren ein, in dem die entsprechende Erklärung erfolgt ist.	Flucht,fluchtbedingte Unauffindbarkeit	Verbergen seines Aufenthaltes	Sichverborgenhalten	
Im stattgebenden Urteil, das gemäß Artikel 384 des Gesetzbuches erlassen wird, legt der Gerichtshof im einzelnen die Rechtsansicht dar, an die sich das Verweisungsgericht zu halten hat.	stattgebendes Urteil			zusprechendes Urteil
Zurechnungsfähig ist, wer im Zeitpunkt der Begehung der Tat das vierzehnte, aber noch nicht das achtzehnte Lebensjahr vollendet hatte und einsichts- und willensfähig war .	zurechnungsfähig		schuldfähig	schuldfähig
Wer sich im Zeitpunkt der Begehung der Tat infolge einer Krankheit in einem Geisteszustand befand, der die Einsichts- oder Willensfähigkeit erheblich vermindert, aber nicht ausschließt, ist für die begangene strafbare Handlung verantwortlich .	Willensfähigkeit	Dispositionsfähigkeit	Steuerungsfähigkeit	
Steht einer der Ehegatten unter Vormundschaft oder Pflegschaft, ist auch der Vormund oder der Beistand widerspruchsberechtigt.	Vormundschaft	Obsorge einer anderen Person		umfassende Beistandschaft
Die Einlassung des Beklagten erfolgt dadurch, daß in der Kanzlei eine Verteidigungseingabe hinterlegt wird .	Verteidigungseingabe,Verteidigungsschrift	Klagebeantwortung	Klageerwiderung	Klageantwort
Die Unterbringung in einer gerichtlichen Erziehungsanstalt wird bei einem Minderjährigen unter achtzehn Jahren, der Gewohnheitsverbrecher, gewerbsmäßiger Verbrecher oder Hangverbrecher ist, stets angeordnet.	gewerbsmäßiger Verbrecher	Berufstäter,Berufsverbrecher		Berufsverbrecher
Das der anderen Partei oder ihrem Vertreter gegenüber abgegebene außergerichtliche Geständnis hat dieselbe Beweiskraft wie das gerichtliche.	außergerichtliches Geständnis			aussergerichtliches Geständnis
Das Verbot der Bekleidung öffentlicher Ämter ist unbefristet oder befristet.	Ausschluss von öffentlichen Ämtern,Verbot der Ausübung öffentlicher Ämter,Verbot der Bekleidung öffentlicher Ämter		Verlust der Amtsfähigkeit, der Wählbarkeit und des Stimmrechts	
Niemand kann vorbeugenden Maßnahmen unterworfen werden, wenn gegen ihn nicht schwerwiegende Schuldindizien vorliegen.	Schuldindiz	Tatverdacht	Tatverdacht	Tatverdacht
Wenn zwischen den Parteien eine Schlichtung zustande kommt, wird hierüber ein Protokoll aufgenommen, das von den Parteien und vom Sachverständigen unterschrieben und in die Amtsakte aufgenommen wird.	Amtsakte,Gerichtsakte	Gerichtsakt		
Die Versammlung in erster Einberufung ist beschlussfähig, wenn daran so viele Miteigentümer teilnehmen, dass sie zwei Drittel des Wertes des gesamten Gebäudes und die Mehrheit der Teilhaber an der Miteigentümergemeinschaft vertreten.	Miteigentümer	Wohnungseigentümer	Wohnungseigentümer	Stockwerkeigentümer
Bei Unterlassung der Zustellung haben die Miterben, solange die Erbgemeinschaft besteht , das Recht, den Anteil vom Erwerber und jedem späteren Rechtsnachfolger einzulösen.	Erbgemeinschaft	Erbengemeinschaft	Erbengemeinschaft	Erbengemeinschaft
Das Erlöschen des Überbaurechts wegen Zeitablaufs führt zum Erlöschen der vom Überbauberechtigten begründeten dinglichen Rechte.	Inhaber des Überbaurechts,Überbauberechtigter	Bauberechtigter	Erbbauberechtigter	Bauberechtigter
Der beurkundete Notar hat innerhalb von dreißig Tagen ab dem Tag der Eheschließung  die Anmerkung des Ehegütervertrags oder des Vertrages zur Abänderung eines solchen am Rand der Heiratsurkunde zu beantragen.	Ehegütervertrag	Ehepakt	Ehevertrag	Ehevertrag
Jedoch kann der Vermächtnisnehmer eines Fruchtgenusses oder eines Gebrauchs  diese nur während der Ehelosigkeit oder des Witwenstands nutzen.	Witwenschaft,Witwenstand,Witwerstand	Witwerschaft	Witwerschaft	Witwerschaft
Die Differenz muß, soweit sie auf abschreibungsfähige Güter oder auf den Geschäftswert entfällt, abgeschrieben werden.	abschreibungsfähiges Gut		abschreibbares Wirtschaftsgut,abschreibungsfähiges Wirtschaftsgut	
Das Gericht kann sowohl im Lauf des entscheidungsvorbereitenden Verfahrens als auch in der Entscheidung die Trennung der Rechtsstreitigkeiten verfügen, wenn dies von allen Parteien beantragt wird oder wenn die Fortdauer ihrer Verbindung das Verfahren verzögern oder erschweren würde .	Trennung der Rechtsstreitigkeiten	Trennnung der Verfahren	Prozesstrennung	Trennung der Verfahren
Die Verschmelzung mehrerer Gesellschaften kann durch Gründung einer neuen Gesellschaft oder durch Aufnahme einer oder mehrerer Gesellschaften in eine andere erfolgen.	Aufnahme,Übernahme			Absorption,Annexion
Aus dem Spaltungsplan müssen die Richtlinien für die Übertragung der Aktien oder Anteile der begünstigten Gesellschaften hervorgehen.	Spaltungsplan	Entwurf des Spaltungs- und Übernahmevertrages	Entwurf des Spaltungs- und Übernahmevertrages	
Im Protokoll sind die vom Gericht gestellten Fragen, die von den einander gegenübergestellten Personen abgegebenen Erklärungen und sonstige im Verlauf der Gegenüberstellung eingetretene Geschehnisse zu vermerken.	Gegenüberstellung		Identifizierungsgegenüberstellung,Vernehmungsgegenüberstellung	
Die Erklärung des Verpächters, von der ausdrücklich vereinbarten Auflösungsklausel Gebrauch zu machen, verhindert nicht die Ausübung des Rechts auf Ablösung.	Erklärung	Erklärungsakt		
Ist der Vorsitzende nach Anhörung der Parteien der Ansicht, daß die direkte Vernehmung den Minderjährigen nicht an einer unbefangenen Zeugenaussage hindert, so ordnet er mit Beschluß die Fortsetzung der Aussage nach den in den vorhergehenden Absätzen vorgesehenen Formen an.	direkte Vernehmung		Hauptverhör,direktes Verhör	
Wenn ein Rechtsmittel oder Widerspruch erhoben wird, übermittelt das Vollstreckungsgericht, nachdem es über den Antrag des Betroffenen verfügt hat, die Akten an das zuständige erkennende Gericht.	erkennendes Gericht	Erkenntnisgericht	Erkenntnisgericht	
Erkennnt das Berufungsgericht, daß das Gericht erster Instanz  sachlich unzuständig oder örtlich oder wegen Zusammenhanges unzuständig war, so erläßt es  ein Urteil, durch das die Nichtigkeit ausgesprochen wird .	Gericht erster Instanz	Erstgericht,Gericht I. Instanz,Richter erster Instanz,erstinstanzliche Gericht	Gericht I. Instanz,Richter erster Instanz,erstinstanzliche Gericht	Richter erster Instanz,erstinstanzliche Gericht
Wenn der Beitritt vor der Anklageerhebung stattgefunden hat, entscheidet über den Widerspruch der Richter für die Vorerhebungen.	Richter für die Vorerhebungen	Untersuchungsrichter	Ermittlungsrichter	
Durch den Straferlaß oder die Begnadigung wird die verhängte Strafe ganz oder teilweise erlassen oder in eine andere gesetzlich bestimmte Strafe umgewandelt.	Begnadigung	Gnadeakt,Gnadenerweis	Gnade	Gnade
Wer zum Nachteil eines anderen Maße oder Gewichte mit nachgemachtem oder verfälschtem gesetzlichen Ausdruck oder sonst verfälschte Maße oder Gewichte verwendet, wird mit Gefängnisstrafe bis zu sechs Monaten und mit Geldstrafe bis zu einer Million Lire bestraft.	gesetzesmäßig,gesetzlich,gesetzmäßig			gesetzesmässig,gesetzmässig
Die bedingte Strafaussetzung ist nur zulässig, wenn unter Berücksichtigung der in Artikel 133 bezeichneten Umstände der Richter annimmt, daß der Täter keine weiteren strafbaren Handlungen begehen wird.	bedingte Aussetzung der Strafe,bedingte Strafaussetzung	bedingte Strafnachsicht	Strafaussetzung zur Bewährung	bedingter Strafvollzug
Dieselben Bestimmungen finden Anwendung, wenn es sich um mehrere Strafbefehle oder um Urteile und Strafbefehle handelt oder wenn die Tat bei Vorliegen einer Idealkonkurrenz zusammen mit anderen Taten oder als Bestandteil einer fortgesetzten strafbaren Handlung beurteilt worden ist .	fortgesetzte strafbare Handlung	fortgesetztes Delikt	fortgesetzte Handlung	fortgesetztes Delikt
Im Strafregister werden  auszugsweise eingetragen:  die endgültigen Verfügungen, welche die Anwendung der vorbeugenden Maßnahmen der einfachen Sonderüberwachung oder der Sonderüberwachung mit Aufenthaltsverbot oder Aufenthaltsgebot betreffen.	Aufenthaltsgebot		Zwangsaufenthalt	
Ein solcher Einfluß wird vermutet, wenn in der ordentlichen Gesellschaftsversammlung mindestens ein Fünftel oder, wenn die Gesellschaft an der Börse notierte Aktien hat, ein Zehntel der Stimmrechte ausgeübt werden kann.	an der Börse notierte Aktie	börsennotierte Aktie	börsennotierte Aktie	
Das Eigentum wird durch Aneignung, durch Fund, durch Zuwachs, durch Verarbeitung, durch Vereinigung oder Vermischung, durch Ersitzung, auf Grund von Verträgen, durch Nachfolge von Todes wegen und durch die anderen vom Gesetz festgesetzten Arten erworben.	Fund		Eigentumserwerb des Finders	
Der gutgläubige Besitzer, der auch in gutem Glauben eine Erbschaftssache veräußert hat, ist nur zur Herausgabe des erhaltenen Preises oder der erhaltenen Gegenleistung an den Erben verpflichtet.	gutgläubiger Besitzer	redlicher Besitzer	redlicher Besitzer	
Hinsichtlich der Rechtsmittel wird die in Artikel 312 vorgesehene Maßnahme der vorbeugenden Verwahrungshaft gleichgesetzt. Die Vorschriften über die Wiedergutmachung wegen ungerechtfertigter Haft finden Anwendung .	Wiedergutmachung wegen ungerechtfertigter Haft	Entschädigung einer zu Unrecht erlittenen Haft,Haftentschädigung	Schadenersatz wegen rechtswidriger Haft	Haftentschädigung
Die Geschäftsführer haben die von Artikel 2214 vorgeschriebenen Bücher und sonstigen Rechnungsunterlagen zu führen.	Bücher,Rechnungsunterlagen	Geschäftsbücher,Handelsbücher	Geschäftsbücher,Handelsbücher	Geschäftsbücher
Die Zivilklage wird im Strafverfahren durch die Einlassung der Zivilpartei auch mittels eines besonders Bevollmächtigten erhoben.	Einlassung der Zivilpartei	Anschluss als Privatbeteiligter	Adhäsionesverfahren	
Vorzugsrechte, Pfand und Hypotheken der ursprünglichen Forderung erlöschen, wenn die Parteien nicht ausdrücklich vereinbaren, sie für die neue Forderung aufrechtzuerhalten.	Vorzugsrecht		Absonderung	
Die sich auf das Schiff, auf das Frachtgeld und auf die geladenen Sachen erstreckenden Vorzugsrechte und die sich auf das Luftfahrzeug, auf das Frachtgeld und auf die geladenen Sachen erstreckenden Vorzugsrechte werden vom Seegesetzbuch geregelt.	Frachtgeld	Fracht	Fracht	Frachtlohn
Der Grund für das Erlöschen einer strafbaren Handlung, die Tatbestandsmerkmal oder erschwerender Umstand einer zusammengesetzten strafbaren Handlung ist, erstreckt sich nicht auf die zusammengesetzte strafbare Handlung.	zusammengesetzte strafbare Handlung	zusammengesetztes Delikt	mehraktiges Delikt,zusammengesetztes Delikt	
Steht die Wahlbefugnis dem Gläubiger zu und übt sie dieser nicht innerhalb der festgesetzten Frist oder der ihm vom Schuldner gesetzten Frist aus, so geht die Wahl auf den letzteren über.	Wahlbefugnis	Wahlrecht	Wahlrecht	Wahlrecht
Wenn eine Partei durch Tod oder aus einem anderen Grund ausfällt, wird das Verfahren vom Gesamtrechtsnachfolger oder gegen diesen fortgesetzt .	Gesamtrechtsnachfolger	Alleinerbe,Universalerbe,Universalsukzessor	Alleinerbe	Alleinerbe,Universalerbe
Folglich werden die Erbschaftsgläubiger und die Vermächtnisnehmer hinsichtlich des Erbschaftsvermögens den Gläubigern des Erben gegenüber bevorzugt.	Erbschaftsvermögen	Verlassenschaftsvermögen		
Gläubiger des Verstorbenen können die Absonderung auch hinsichtlich solcher Sachen vornehmen, die Gegenstand des Vermächtnisses einer bestimmten Sache sind.	Vermächtnis einer bestimmten Sache	Speziesvermächtnis,Stückvermächtnis	Stückvermächtnis,Vermächtnis eines bestimmten Gegenstandes	
Die Gläubiger der Gesellschaft, die bei der Liquidation der Gesellschaft nicht befriedigt worden sind, können ihre Forderungen auch gegenüber den Kommanditisten begrenzt auf den Liquidationsanteil geltend machen.	Liquidation der Gesellschaft	Abwicklung	Abwicklung	
Schuldner und Gläubiger haben sich nach den Grundsätzen der Redlichkeit zu verhalten.	Redlichkeit			Fairness
Die den Fruchtgenuss betreffenden Bestimmungen finden, soweit sie vereinbar sind, auf den Gebrauch und auf das Wohnungsrecht Anwendung.	Wohnrecht,Wohnungsrecht	Dienstbarkeit der Wohnung,Recht der Wohnung,Servitut der Wohnung,habitatio		
Die Nichtigkeit oder die Nichtigerklärung des Arbeitsvertrages hat keine Wirkung für die Zeit, während der das Arbeitsverhältnis zur Ausführung gelangt ist, es sei denn, daß die Nichtigkeit auf der Unerlaubtheit des Gegenstandes oder des Rechtsgrundes beruht.	Unerlaubtheit	Rechtswidrigkeit	Rechtswidrigkeit,Widerrechtlichkeit	Widerrechtlichkeit
Die übernehmende Gesellschaft darf keine Aktien oder Anteile im Austausch für Aktien oder Anteile der übertragenden Gesellschaften zuteilen, die den übertragenden Gesellschaften oder der übernehmenden Gesellschaft unmittelbar oder über Treuhandgesellschaften oder über eine vorgeschobene Person gehören.	übernehmende Gesellschaft		Übernehmerin,übernehmender Rechtsträger	
Die Erfordernisse eines Vertrages sind: 1) die Einigung der Parteien ; 2) der Rechtsgrund ; 3) der Gegenstand ; 4) die Form .	Einigung der Parteien	Einigkeit der Parteien	Konsens,Willenseinigung	Konsens,Willenseinigung
Die Arglist ist Grund für die Nichtigerklärung des Vertrages , wenn die von einem der Vertragsteile vorgenommenen Täuschungshandlungen derart sind, daß die andere Partei ohne diese den Vertrag nicht abgeschlossen hätte .	Arglist	List	arglistige Täuschung	
Die Landesregierung entscheidet darüber innerhalb von 30 Tagen, nötigenfalls mit der Annullierung der Konzession und mit dem unmittelbaren Erlaß der in Artikel 89 erwähnten Verfügungen.	Annullierung,Aufhebung		Rücknahme mit Rückwirkung,ex-tunc-Rücknahme	
Das Privateigentum wird durch Gesetz anerkannt und gewährleistet, welches die Arten seines Erwerbs, seines Genusses und die Grenzen zu dem Zwecke regelt, seine sozialen Aufgaben sicherzustellen und es allen zugänglich zu machen.	Grenzen	Beschränkungen,Eigentumsbeschränkungen	Beschränkungen,Eigentumsbeschränkungen,Schranken	Beschränkungen
Mit der Volljährigkeit wird die Fähigkeit erworben, alle Rechtshandlungen vorzunehmen, für die nicht ein anderes Alter vorgeschrieben ist.	Volljährigkeit			Mündigkeit
Der vom Vertreter im Namen und im Interesse des Vertretenen abgeschlossene Vertrag wirkt innerhalb der Grenzen der ihm erteilten Befugnisse unmittelbar gegenüber dem Vertretenen.	Vertretener	Gewaltgeber,Machtgeber	Vollmachtgeber	
Der mit den Einzahlungen säumige Gesellschafter kann das Stimmrecht nicht ausüben.	Stimmrecht		Aktienstimmrecht	
Zur Bestimmung der gemeinsamen Absicht der Parteien ist ihr gesamtes Verhalten auch nach Vertragsabschluß zu bewerten.	gemeinsame Absicht der Parteien	Parteienwille,Parteiwille,übereinstimmender wahrer Wille	gemeinsamer Parteiwille,übereinstimmender Wille der Parteien	Wille des Erklärenden
Sehr schwere Körperverletzung liegt vor und Gefängnisstrafe von sechs bis zu zwölf Jahren wird verhängt, wenn die Tat zur Folge hat:  den Verlust des Gebrauchs eines Organs oder der Fortpflanzungsfähigkeit .	Fortpflanzungsfähigkeit		Zeugungsfähigkeit	
Aus der Ehe entspringt die gegenseitige Pflicht zur Treue, zum geistigen und materiellen Beistand, zur Mitarbeit im Interesse der Familie und zum Zusammenleben.	Pflicht zur Treue	Treuepflicht	Pflicht zur ehelichen Treue	Treuepflicht
Ein Vertrag kann nicht für nichtig erklärt werden, wenn ein Minderjähriger mit Täuschungshandlungen seine Minderjährigkeit verheimlicht hat .	Minderjähriger,minderjährige Person			Unmündiger
Der Schenker kann den Heimfall der geschenkten Sachen sowohl für den Fall des früheren Versterbens des Beschenkten allein wie auch für den Fall des früheren Versterbens des Beschenkten und seiner Nachkommen vereinbaren.	Heimfall		Rückfall	Rückfall
Dem Staat gehören und Bestandteil des öffentlichen Gutes bilden: die Meeresküste, der Strand, die Reeden und Häfen; die Flüsse, Bäche, Seen und die anderen von den einschlägigen Gesetzen als öffentlich bezeichneten Gewässer; die zur Landesverteidigung bestimmten Anlagen.	Strand		Meeresstrand	
An dem von den Parteien bezeichneten Tag liest der Standesbeamte in Gegenwart von zwei Zeugen, die auch Verwandte sein können, den Brautleuten die Artikel 143, 144 und 147 vor .	Zeuge			Trauzeuge
Das Pseudonym, das von einer Person derart gebraucht worden ist, daß es die Bedeutung eines Namens erlangt hat, kann gemäß Artikel 7 geschützt werden.	Pseudonym	Deckname	Deckname	
Der Erblasser erklärt in Gegenwart der Zeugen dem Notar seinen Willen, der durch den Notar selbst schriftlich festgehalten wird .	Erblasser	Testator	Testator	
Erfolgt das Einlagengeschäft, die Krediteröffnung oder andere Bankgeschäfte in Form des Kontokorrents, so kann der Kontokorrentinhaber vorbehaltlich der Einhaltung der allenfalls vereinbarten Vorankündigungsfrist jederzeit über die zu seinen Gunsten sich ergebenden Beträge verfügen.	Bankgeschäft in Form des Kontokorrents	Kontokorrentverkehr	Kontokorrentverkehr	Kontokorrentverkehr
Wenn sich eine der Parteien der Mutwilligkeit des eigenen Anspruchs bewußt war, kann die andere die Nichtigerklärung des Vergleichs beantragen.	Mutwilligkeit	Mutwille	Mutwille	
Der Versicherer haftet für einen erhofften Gewinn nur, wenn er sich dazu ausdrücklich verpflichtet hat.	erhoffter Gewinn	entgangener Gewinn	entgangener Gewinn,entgehender Gewinn,erwarteter Gewinn,imaginärer Gewinn	
Das gerichtliche Geständnis kann spontan erfolgen oder durch die förmliche Vernehmung hervorgerufen werden.	Parteienvernehmung,förmliche Vernehmung		Parteivernehmung	Parteiverhör
Der Bestandgeber hat während des Bestandverhältnisses alle notwendigen Ausbesserungen mit Ausnahme der kleinen Instandhaltungsarbeiten, die vom Bestandnehmer zu tragen sind, vorzunehmen.	notwendige Ausbesserungen	nützliche Verbesserungen	Instandhaltungsreparaturen	notwendige Hauptreparaturen
Die Gesellschaft kann Schuldverschreibungen auf den Inhaber oder auf den Namen über einen Betrag ausgeben, der das nach der letzten genehmigten Bilanz eingezahlte und vorhandene Kapital nicht übersteigen darf.	Schuldverschreibung	Anleihe,Bond,Obligation	Anleihe,Bond,Obligation	
Der lebenslänglichen Strafe unterliegt, wer eine Tat begeht, die darauf abzielt, die Einheit des Staates aufzulösen .	Einheit des Staates		staatliche Einheit	
Wer in Kriegszeiten mit einem Ausländer Verbindungen unterhält, um die militärischen Operationen des Feindes zum Nachteil des italienischen Staates zu begünstigen  wird  bestraft.	militärische Operation		Militärischer Vorgang	
Wer sich zum Zweck der politischen oder militärischen Spionage Nachrichten verschafft, die im Interesse der Staatssicherheit  geheim bleiben müssen, wird  bestraft.	militärische Spionage		sicherheitsgefährdender Nachrichtendienst	militärischer Nachrichtendienst
Wird das Protokoll in zusammenfassender Form aufgenommen, so ist auch eine Tonaufnahme vorzunehmen.	Tonaufnahme	Tonaufzeichnung,Tonbandaufnahme,Tonbandaufzeichnung	Tonaufzeichnung,Tonbandaufnahme	Tonaufzeichnung
Wird die in  angegebene Art und Weise der Beurkundung als unzureichend angesehen, so kann, wenn dies völlig unerläßlich erscheint, auch eine Tonbildaufnahme hinzugefügt werden.	Tonbildaufnahme	Ton- und Bildaufzeichnung		
Die Anführer oder die Hintermänner des bewaffneten Haufens unterliegen derselben Strafe wie die Urheber.	Anführer	Rädelsführer	Rädelsführer	Rädelsführer
Der Übergang von Sachen aus dem öffentlichen Gut in das Vermögen des Staates muss von der Verwaltungsbehörde erklärt werden.	Vermögen des Staates	Staatsvermögen		
Beim Führen eines Kraftfahrzeuges muss der Fahrer folgende Papiere bei sich haben: a) je nach Art des Fahrzeuges den Fahrzeugschein, die Bescheinigung über die Verkehrstauglichkeit oder die Fahrzeugbescheinigung,  d) den Pflichtversicherungsschein.	Pflichtversicherungsschein	Versicherungsbestätigung	Versicherungsnachweis	Versicherungsnachweis
Fußgänger müssen auf Gehsteigen, Banketten, Gehwegen und anderen für Fußgänger bestimmten Flächen verkehren.	Fußgänger			Fussgänger
Ampelgeregelte Fußgängerüberwege können mit akustischen Signalen für Blinde ausgestattet sein. Die Lichter der Fußgängerampeln haben die Form eines farbigen Fußgängers auf schwarzem Hintergrund.	ampelgeregelter Fußgängerüberweg	ampelgesicherter Schutzweg	ampelgesicherter Fußgängerüberweg	
Auf den Fahrbahnen, den Rampen und den Einmündungen von Straßen  ist es verboten, a) zu wenden, den Fahrbahnteiler - auch nicht an Unterbrechungen - zu überqueren sowie die Fahrbahn oder einen Teil davon in Gegenrichtung zu befahren, .	Fahrbahnteiler,Verkehrstrennungsinsel	Mittelstreifen	Mittelstreifen	Mittelstreifen
An Straßeneinmündungen von einem Pfad, einem Hirtenpfad, einem Saumpfad oder einem Radweg muss der Fahrer anhalten und den auf der Straße verkehrenden Verkehrsteilnehmern Vorrang geben.	Saumpfad			Saumweg
Sofern nichts anderes angezeigt wird , muss das Fahrzeug beim Halten und Parken so nah wie möglich am rechten Fahrbahnrand abgestellt werden, und zwar parallel zu diesem und in Fahrtrichtung.	Parken			Parkieren
In der Verfügung, mit der das Gericht eine Kaution auferlegt, sind ihr Gegenstand, die Art ihrer Erbringung und die Frist, innerhalb der die Leistung erfolgen muß, anzugeben.	Kaution	Sicherheitsleistung	Sicherheitsleistung	Sicherheitsleistung
Niemand kann vorbeugenden Maßnahmen unterworfen werden, wenn gegen ihn nicht schwerwiegende Schuldindizien vorliegen.	schwerwiegende Schuldindizien	dringender Tatverdacht	dringender Tatverdacht	dringender Tatverdacht
Mit der Verfügung, die einen Zwangsaufenthalt anordnet, schreibt das Gericht dem Angeklagten vor, sich ohne Ermächtigung des mit dem Verfahren befaßten Gerichts nicht aus dem Gebiet der Gemeinde, in der er seinen gewöhnlichen Aufenthalt hat, zu entfernen .	Zuweisung eines Zwangsaufenthalts,Zwangsaufenthalt		Aufenthaltsbeschränkung	Verpflichtung zum Nichtverlassen eines Ortes
Ein Amtsgutachten ist zuzulassen, wenn Erhebungen angestellt oder Daten oder Bewertungen eingeholt werden müssen, die eine besondere technische, wissenschaftliche oder künstlerische Fachkenntnis erfordern.	Amtsgutachten	Gutachten,Sachverständigengutachten	Gutachten,Sachverständigengutachten	Gutachten
Im Ausland zugelassene Kraftwagen, Kradfahrzeuge und Anhänger, für die, falls vorgeschrieben, die Zollformalitäten oder die Formalitäten  erledigt wurden, dürfen in Italien mit der Zulassungsbescheinigung des Herkunftsstaates höchstens ein Jahr lang verkehren.	Zulassungsbescheinigung des Herkunftsstaates		ausländischer Zulassungsschein	Fahrzeugausweis,befristeter Fahrzeugausweis
Kraftwagen, Kradfahrzeuge und Anhänger, die im Ausland zugelassen wurden, müssen hinten mit dem Unterscheidungszeichen des Herkunftsstaates versehen sein, wenn sie in Italien verkehren.	Unterscheidungszeichen des Herkunftsstaates,Unterscheidungszeichen des Zulassungsstaates	Unterscheidungszeichen des Heimatstaates	Nationalitätszeichen,Unterscheidungszeichen für den Zulassungsstaat	Landeszeichen
Die Staatsanwaltschaft kann aus Gründen der Strafrechtspflege den vorgenannten Auszug hinsichtlich einer den Vorerhebungen unterworfenen Person, eines Angeklagten oder eines Verurteilten beantragen.	Strafrechtspflege	Strafjustiz	Strafjustiz	Strafjustiz
Zugunsten der Verurteilten ist jederzeit in den vom Gesetz bestimmten Fällen eine Wiederaufnahme gegen unwiderruflich gewordene, auf Verurteilung lautende Urteile und Strafbefehle zulässig .	Wiederaufnahme			Revision
Der Berufungskläger muß eine Abschrift des angefochtenen Urteils in seine Akte einfügen.	Berufungskläger	Berufungswerber	Berufungsführer	
Die Verhandlung wird vertagt, wenn eine berechtigte Verhinderung des Angeklagten, der den Willen zu erscheinen bekundet hat, vorliegt.	berechtigte Verhinderung	unabwendbare Verhinderung	Verhinderung ohne Verschulden	unabwendbares Hindernis
Die Beschwerde muß bei sonstiger Unzulässigkeit enthalten:  die Angabe der Prozeßvollmacht, wenn sie mit einem eigenen Schriftstück erteilt worden ist, sowie bei Gewährung der Verfahrenshilfe die Angabe des entsprechenden Dekrets.	Gewährung der Verfahrenshilfe,Zulassung zum kostenlosen Rechtsbeistand	Bewilligung der Verfahrenshilfe	Bewilligung der Prozesskostenhilfe	Bewilligung der unentgeltlichen Rechtspflege
Erklärungen, die ein Mitangeklagter, dem dieselbe strafbare Handlung zur Last gelegt wird, oder eine Person abgibt, die in einem gemäß Artikel 12 zusammenhängenden Verfahren angeklagt ist, sind zusammen mit allen sonstigen Beweisumständen, die ihre Glaubwürdigkeit untermauern, zu würdigen.	Mitangeklagter	Mitbeschuldigter		
Nach erfolgter Überprüfung der Einlassung der Parteien erklärt das Gericht die Erörterung für eröffnet.	Erörterung	Vorträge der Parteien		
Der Präsident des Landesgerichts oder des Schwurgerichts kann, nachdem das Dekret, auf Einleitung des Hauptverfahrens bei ihm eingegangen ist, bei Vorliegen rechtfertigender Gründe mit Dekret die Verhandlung nicht mehr als einmal vorverlegen oder auf später verschieben.	Hauptverfahren	Hauptverhandlung		Hauptverhandlung
Der Angeklagte nimmt an der Verhandlung als freie Person teil , selbst wenn er inhaftiert ist , sofern in einem solchen Fall nicht Vorkehrungen nötig sind , mit welchen der Gefahr einer Flucht oder Gewaltanwendung vorgebeugt werden soll .	als freie Person	ungefesselt	ungefesselt	
Über die von den Parteien im Lauf der Hauptverhandlung aufgeworfenen Zwischenstreitfragen entscheidet das Gericht sofort und nach deren Erörterung, die auf in Artikel 491 vorgesehene Art und Weise zu erfolgen hat, mit Beschluß.	Zwischenstreitfrage			Zwischenfrage
Die Staatsanwaltschaft erhebt, wenn sie nicht die Archivierung beantragen muß, Anklage, indem sie in den im 2., 3., 4. und 5. Titel des 4. Buche (444 ff.) vorgesehenen Fällen den Anklagesatz abfaßt oder die Einleitung des Hauptverfahrens (417) beantragt.	Einleitung des Hauptverfahrens	Anordnung der Hauptverhandlung	Eröffnung des Hauptverfahrens	
Die Hauptstrafen werden vom Richter durch das auf Verurteilung lautende Urteil verhängt; die Nebenstrafen treten kraft Gesetzes als strafrechtliche Wirkung der Verurteilung ein.	auf Verurteilung lautendes Urteil	schuldig sprechendes Urteil	verurteilendes Urteil	
Anwärter auf den Führerschein der Klasse B müssen an einer Fahrschule mit einem ausgebildeten und dazu berechtigten Praxisfahrlehrer Fahrübungen auf der Autobahn oder auf Freilandstraßen sowie bei Dunkelheit machen.	Freilandstraße		Außerortsstraße	
Die Verhandlung findet in nichtöffentlicher Sitzung unter notwendiger Teilnahme der Staatsanwaltschaft und des Verteidigers der den Vorerhebungen unterworfenen Person statt. Ebenso hat der Verteidiger der verletzten Person ein Recht, an ihr teilzunehmen.	Verteidiger der verletzten Person		Vertreter des Verletzten	Vertreter des Verletzten
Die Feststellung der Identität der Person, gegen welche die Erhebungen geführt werden, kann erforderlichenfalls auch durch die Abnahme von Fingerabdrücken, durch fotografische Aufnahmen und durch die Abnahme der Körpermaße sowie durch sonstige Ermittlungen vorgenommen werden.	Feststellung der Identität der Person,Identifizierung der Person		Identitätsfeststellung	
Die Gerichtspolizei nimmt jede Erhebung und Tätigkeit vor, die ihr von der Gerichtsbehörde angeordnet oder übertragen worden ist.	Erhebung	Ermittlung	Ermittlung	Ermittlung
Die von der Staatsanwaltschaft und von der Gerichtspolizei vorgenommenen Erhebungshandlungen, unterliegen so lange der Geheimhaltung bis der Angeklagte von ihnen Kenntnis erlangen darf und jedenfalls nicht über den Abschluß der Vorerhebungen hinaus.	Vorerhebungen	Ermittlungen	Ermittlungen	Ermittlungen
Die Gerichtspolizei nimmt weiters die Festnahme aus eigenem Betrieb vor, wenn in der Folge der Verdächtige individualisiert wird oder wenn besondere Umstände hinzukommen, welche die Gefahr, daß der Verdächtige zu fliehen im Begriff ist .	Verdächtiger,eines Verbrechens verdächtigte Person	Tatverdächtiger		Tatverdächtiger
Das Ansuchen um Strafverfolgung wird durch die verletzte Person in den für den Strafantrag vorgesehenen Formen gestellt.	Ansuchen um Strafverfolgung,Strafantrag	Verfolgungsantrag		
Ladungen von Personen, die über den Sachverhalt Bescheid wissen	Person, die über den Sachverhalt Bescheid weiß	Auskunftsperson		Auskunftsperson
Beim Überqueren von Eisenbahn- oder Straßenbahnlinien muss der Fahrer den Schienenfahrzeugen Vorfahrt geben, sofern nichts anderes angezeigt ist.	Vorfahrt	Vorrang		Vortritt
Der Unternehmer und der Arbeitnehmer sind gegenseitig verpflichtet, den Arbeitsversuch, der Gegenstand der Probeabmachung bildet, vornehmen zu lassen und vorzunehmen.	Probeabmachung		Probezeitklausel	Probezeitklausel
Zur Personenbeförderung im Mietfahrzeug mit Fahrer dürfen folgende Fahrzeuge bestimmt werden: a) Krafträder mit oder ohne Beiwagen, b) dreirädrige Kraftfahrzeuge, d) Personenkraftwagen, e) Kraftomnibusse, f) Kombinationskraftwagen oder Kraftwagen zur spezifischen Personenbeförderung, g) Gespannfuhrwerke.	Mietfahrzeug mit Fahrer		Mietwagen mit Fahrer,Mietwagenverkehr,Verkehr mit Mietwagen	
Die örtliche Unzuständigkeit kann, außer in den Fällen des Artikels 28, nur in der Klagebeantwortung oder allgemein in der ersten Verteidigungshandlung im Verfahren erster Instanz eingewendet werden.	Verteidigungshandlung,Verteidigungsschrift,Verteidigungsvorbringen	Gegenvorbringen	Gegenvorbringen,Verteidigungsmittel	
Die Mitglieder des Vorstands können nicht zu Mitgliedern des Aufsichtsrat bestellt werden .	Mitglied des Aufsichtsrats	Aufsichtsratsmitglied	Aufsichtsratsmitglied	Aufsichtsratsmitglied
Die Verurteilung zur Tragung der Kosten ist sofort vollstreckbar.	Auferlegung der Kosten,Verurteilung zur Tragung der Kosten	Kostenauferlegung		Kostenauferlegung
Die vorzugsweise Befriedigung gilt auch zugunsten der Zinsen für das im Zeitpunkt der Pfändung oder, wenn eine solche nicht erfolgt, im Zeitpunkt der Zustellung der Leistungsaufforderung laufende Jahr.	Leistungsaufforderung	Zahlungsbefehl		Zahlungsbefehl
Die Vergütung für den Verwahrer wird mit Dekret des Bezirksgerichts, wenn die Bestellung durch den Gerichtsvollzieher erfolgt ist, und in jedem anderen Fall durch das Gericht, das ihn bestellt hat, festgesetzt.	Verwahrer	gerichtlicher Verwahrer		
Vorfahren, Nachkommen und der Ehegatte, die in den einstweiligen Besitz des Vermögens eingewiesen worden sind, können die gesamten Erträgnisse zu ihrem Nutzen einbehalten.	Ehegatte,Ehegattin	Gatte,Gattin		
Gegen die Entscheidungen des Staatsrates und des Obersten Rechnungshofes ist die Berufung an den Kassationsgerichtshof nur aus Gründen, welche die Rechtsprechungsgewalt betreffen, zulässig.	Berufung an den Kassationsgerichtshof,Kassationsbeschwerde	Revision	Revision	Beschwerde in Zivilsachen
Urteile und Verfügungen ausländischer Gerichte, welche Zeugenvernehmungen, fachkundliche Ermittlungen, Eidesleistungen, Parteienvernehmungen oder sonstige im Inland aufzunehmende Beweismittel betreffen, werden durch ein Dekret des Oberlandesgerichts  für durchführbar erklärt.	Eid,Eidesleistung	Beeidigung	Beeidigung,Vereidigung	
Derjenige, dem der Besitz gewaltsam oder heimlich entzogen worden ist, kann innerhalb eines Jahres von der erlittenen Entziehung an von deren Urheber die Wiederherstellung des Besitzes verlangen .	Entziehung	Besitzentziehung,Entziehung des Besitzes	Besitzentziehung	Besitzesentziehung
Wer vor Einleitung eines Verfahrens dringend den Zustand von Örtlichkeiten oder die Eigenschaften oder Beschaffenheit von Gegenständen feststellen lassen will, kann  beantragen, daß eine fachkundliche Ermittlung  oder ein gerichtlicher Augenschein  angeordnet wird.	gerichtlicher Augenschein		richterlicher Augenschein	
Die Hypothek muss auf bestimmt bezeichnete Sachen und für einen in Geld bestimmten Betrag eingeschrieben werden.	Hypothek			Grundpfandverschreibung
Bei Verpfändung von Wertpapieren erstreckt sich die Sicherheit nicht auf die Prämien und sonstigen zufallsbedingten Ausschüttungen, die das Papier abwirft.	Verpfändung von Wertpapieren		Pfandrecht an einem Wertpapier	
Wer den Fruchtgenuss an einer in einem Namenspapier verbrieften Forderung hat, hat das Recht, ein von dem des Eigentümers gesondertes Papier zu erhalten.	Fruchtgenuss,Fruchtgenussrecht	Fruchtnießung,Nießbrauch,usus fructus	Nießbrauch	Niessbrauch,Nutzniessung
In Ermangelung anderer Anhaltspunkte hat sich das Gericht an die in den Katastermappen eingezeichneten Grenze zu halten.	Katastermappe,Katasterplan	Katastralmappe		
Die Abfassung des Protokolls und der Vermerke erfolgt durch einen höheren Amtsträger der Gerichtspolizei oder durch den Gehilfen, der der Staatsanwaltschaft Beistand leistet.	Abfassung des Protokolls	Aufnahme eines Protokolls		
Die Zustellungen an einen flüchtigen oder entwichenen Angeklagten werden durch Aushändigung einer Abschrift an den Verteidiger durchgeführt.	Flüchtiger,flüchtiger Angeklagter	flüchtiger Beschuldigter,flüchtiger Täter	flüchtiger Beschuldigter	
Niemand kann vorbeugenden Maßnahmen unterworfen werden, wenn gegen ihn nicht schwerwiegende Schuldindizien vorliegen	vorbeugende Maßnahme	Sicherungsmittel,prozessuales Zwangsmittel	prozessuales Zwangsmittel,strafprozessuale Zwangsmaßnahme,verfahrenssichernde Maßnahme	Zwangsmaßnahme
Gegen die Urteile und Maßnahmen, die die Freiheit der Personen betreffen, seien sie von ordentlichen Gerichten oder Sonderorganen der Rechtsprechung erlassen worden, ist Berufung an den Kassationsgerichtshof wegen Gesetzesverletzungen immer zulässig.	Berufung an den Kassationsgerichtshof,Kassationsbeschwerde	Nichtigkeitsbeschwerde	Revision	Beschwerde in Strafsachen
Die Aktien können nicht zu einem geringeren als ihrem Nennwert ausgegeben werden.	Nennwert	Nominale	Nominalwert	Nominalwert
An Straßeneinmündungen von einem Pfad, einem Hirtenpfad, einem Saumpfad oder einem Radweg muss der Fahrer anhalten und den auf der Straße verkehrenden Verkehrsteilnehmern Vorrang geben.	Pfad	Steig		Wanderweg
Die Geldstrafe darf nicht auf einen höheren Betrag als den Grundlohn von vier Stunden lauten und die Suspendierung von Dienst und Entgelt nicht für mehr als zehn Tage ausgesprochen werden.	Geldbuße,Geldstrafe			Busse
Die Absonderung der Güter des Verstorbenen von jenen des Erben sichert den Gläubigern des Verstorbenen und den Vermächtnisnehmern, die die Absonderung vorgenommen haben, die Befriedigung aus den Gütern des Verstorbenen mit Vorrang vor den Gläubigern des Erben.	Absonderung der Güter des Verstorbenen	Absonderung der Verlassenschaft,Absonderung des Nachlassvermögens,Separation des Nachlasses	Absonderung des Nachlasses	
Das Gesetz bestimmt die geistigen Berufe, zu deren Ausübung die Eintragung in eigene Listen oder Verzeichnisse erfordelich ist.	geistiger Beruf	geistige Tätigkeit	geistige Tätigkeit	
Wer zum Zweck eines Anschlags auf die Staatssicherheit eine Tat begeht, die darauf abzielt, im Staasgebiet oder in einem Teil desselben eine Verwüstung, eine Plünderung oder ein Blutbad anzurichten, wird mit lebenslanger Gefängnisstrafe bestraft.	Plünderung	Bedrängnisdiebstahl	Schmarotzerdiebstahl	
Mit dem Widerspruch gegen den Antrag auf Archivierung beantragt die durch die strafbare Handlung verletzte Person die Fortführung der Vorerhebungen, wobei sie gleichzeitig bei sonstiger Unzulässigkeit den Gegenstand der ergänzenden Nachforschung und die diesbezüglichen Beweisumstände anzugeben hat.	Widerspruch gegen den Antrag auf Archivierung	Beschwerde gegen die Einstellung der Voruntersuchung	Einstellungsbeschwerde	
Auf Erfüllung der Auflage kann jeder, der ein Interesse daran hat, klagen.	Erfüllung der Auflage		Vollziehung der Auflage	Vollziehung der Auflage
Mit den Zusatzzeichen und -einrichtungen soll erreicht werden, dass Folgendes ersichtlich gemacht oder angezeigt wird: a) der Straßenverlauf, b) bestimmte gefährliche Kurven oder Stellen, c) Hindernisse auf oder neben der Fahrbahn.	Zusatzzeichen und -einrichtung		Verkehrseinrichtung	
Die Zuständigkeit der Regierungsbehörde bei der Ausübung der ihr  zuerkannten Befugnisse wird durch Sondergesetze bestimmt.	Zuständigkeit	Behördenzuständigkeit,Organkompetenz	Organkompetenz	
Die Gesellschafterversammlung wird von den Verwaltern am Sitz der Gesellschaft einberufen, wenn der Gründungsvertrag nichts anderes bestimmt.	Gesellschafterversammlung,Versammlung	Hauptversammlung	HV,Hauptversammlung,oberste Vertretung	
Der Gesellschaftsvertrag kann, wenn nichts anderes vereinbart wurde, nur mit Einwilligung aller Gesellschafter geändert werden.	Gesellschaftsvertrag	gesellschaftlicher Vertrag	Gründungsvertrag	
Jedenfalls muß das Ersuchen innerhalb von dreißig Tagen ab dem Zeitpunkt eingebracht werden, an dem der Name der Person, für welche die Ermächtigung erforderlich ist, in das Register für die Nachrichten über strafbare Handlungen (335) eingetragen worden ist.	Register für die Nachrichten über strafbare Handlungen	Hauptregister der Staatsanwaltschaft		
Als gesetzlicher Ehegüterstand gilt bei Fehlen eines gemäss Artikel 162 abgeschlossenen anderslautendenVertrags die vom dritten Teil dieses Abschnitts geregelte Gütergemeinschaft.	gesetzlicher Ehegüterstand	gesetzlicher Güterstand	gesetzlicher Güterstand	gesetzlicher Güterstand,ordentlicher Güterstand
Das Nutzungspfand dauert, auch wenn die Forderung oder die als Nutzungspfand gegebene Liegenschaft geteilt werden kann, so lange, bis die Forderung des Gläubigers zur Gänze befriedigt ist, es sei denn, daß eine Dauer festgesetzt worden ist.	Nutzungspfand		Nutzungspfandrecht	Antichrese,Nutzungspfandrecht
Das Schwurgericht ist zuständig  für Verbrechen, für die das Gesetz eine lebenslange Gefängnisstrafe oder eine Gefängnisstrafe vorsieht, deren Höchstmaß nicht unter vierundzwanzig Jahren liegt .	Schwurgericht	Geschworenengericht,Schöffengericht		
Die vermachte Sache ist dem Vermächtnisnehmer mit all ihrem Zubehör in dem Zustand zu leisten, in dem sie sich zur Zeit des Todes des Erblassers befindet.	Zubehör	Pertinenz,Zugehör		Pertinenz,Zugehör
Der Gesellschafter ist verpflichtet, die im Gesellschaftsvertrag bestimmten Einlagen vorzunehmen.	Einlage	Beitrag,Stammeinlage	Beitrag,Gesellschaftsbeitrag,Stammeinlage	Beitrag,Stammeinlage,Vermögensbeitrag
Die Bestimmung der Verfahrenskosten umfaßt: a) die Honorare und die Aufwendungen des Schiedsrichters .	Bestimmung der Verfahrenskosten	Kostenfestzsetzung	Kostenfestzsetzung	Liquidation der Prozesskosten
Die Schadensanzeige enthält eine präzise, dokumentierte Darlegung der Tatsachen und der erfolgten Gesetzesverletzungen .	Darlegung der Tatsachen	Sachverhaltsdarstellung	Sachverhaltsdarstellung	Sachverhaltsdarstellung
Die Bedeutung der Tätigkeit  wird in Übereinstimmung mit den gemeinschaftlichen Bestimmungen und Grundsätzen sowie der einschlägigen Auslegung durch die Rechtsprechung des Gerichtshofs der Europäischen Union geprüft.	Auslegung durch die Rechtsprechung		richterliche Auslegung	richterliche Auslegung
Das gebietsmäßig zuständige Ethikkomitee hat eine begründete positive Stellungnahme zum Forschungsprogramm abgegeben .	Ethikkomitee	Ethikkommission	Ethik-Kommission,Ethikkommission	Ethikkommission
Landwirtschaftliche Zugmaschinen dürfen  einen einzigen landwirtschaftlichen Anhänger oder nicht mehr als zwei landwirtschaftliche Arbeitsmaschinen ziehen, sofern diese mit einer Bremsanlage ausgerüstet sind, die von der Zugmaschine aus betätigt wird.	landwirtschaftliche Arbeitsmaschine	gezogene auswechselbare Maschine,gezogenes auswechselbares Gerät	gezogene auswechselbare Maschine,land- oder forstwirtschaftliches Arbeitsgerät	landwirtschaftlicher Arbeitsanhänger
Im Sinne  des Kodex der Kultur- und Landschaftsgüter versteht man unter Kultureinrichtungen und -orte die Museen, die Bibliotheken und die Archive, die archäologischen Fundstätten und Parks und die Baudenkmalkomplexe.	archäologische Fundstätte			archäologische Stätte
Öffentliche Archive und Privatarchive, die Gegenstand einer Erklärung über das Vorliegen eines kulturellen Interesses  sind, dürfen nicht aufgeteilt werden.	Privatarchiv	privates Archiv	privates Archiv	privates Archiv
Im Rahmen der Risikobewertung  bewertet der Arbeitgeber alle Risiken in Folge von physikalischen Einwirkungen, um so die angemessenen Arbeitsschutzmaßnahmen ausarbeiten und anwenden zu können, mit besonderem Bezug auf die Regeln der Technik und auf gute praktische Lösungen.	Arbeitsschutzmaßnahmen,Präventions- und Schutzmaßnahmen,Vorbeuge- und Schutzmaßnahmen,Vorsorge- und Schutzmaßnahmen		Maßnahmen des Arbeitsschutzes	Arbeitsschutzmassnahmen
Bevor Arbeiten auf Dachfenstern, Oberlichten, Dächern, Abdeckungen und Ähnlichem durchgeführt werden, muss, unbeschadet der Pflicht, kollektive Schutzmaßnahmen zu ergreifen, sichergestellt werden, dass diese eine ausreichende Tragfähigkeit haben, um der Belastung durch die Arbeitnehmer und die verwendeten Materialien standzuhalten.	Dachfenster,Oberlicht		Lichtkuppel	
Wird eine von den einschlägigen Rechtsvorschriften festgesetzte maximale Arbeitsplatzkonzentration überschritten, hat der Arbeitgeber die Ursachen dafür festzustellen und zu beseitigen, indem er unverzüglich die erforderlichen Arbeitsschutzmaßnahmen ergreift.	MAK,maximale Arbeitsplatzkonzentration		Arbeitsplatzgrenzwert	
Anlagen, Geräte, Schutzsysteme und die dazugehörigen Verbindungsvorrichtungen dürfen nur in Betrieb genommen werden, wenn aus dem Explosionsschutzdokument hervorgeht, dass sie in explosionsfähiger Atmosphäre sicher verwendet werden können.	Schutzsystem	Explosionsschutzsystem	Explosionsschutzsystem	
Es dürfen keine nicht elektrischen Arbeiten in der Nähe von Elektroleitungen oder elektrischen Anlagen mit nicht geschützten stromführenden Teilen, bzw. mit Teilen, die wegen besonderer Umstände als nicht genügend geschützt betrachtet werden, durchgeführt werden .	nicht elektrische Arbeit	nichtelektrotechnische Arbeit	nicht elektrotechnische Arbeit,nichtelektrotechnische Arbeit	nicht elektrotechnische Arbeit
Der Betriebsarzt verfasst auf Grund der Ergebnisse der ärztlichen Untersuchungen  eines der folgenden Urteile für die spezifische Aufgabe: a) tauglich; b) teilweise, zeitweilige oder bleibende Tauglichkeit, mit Verordnung oder Einschränkungen; c) zeitweilige Untauglichkeit; d) bleibende Untauglichkeit.	ärztliche Untersuchung	arbeitsmedizinische Untersuchung		
Wer, abgesehen von den Fällen des Artikels 405, ein Begräbnis oder eine Bestattungsfeier hindert oder stört, wird mit Gefängnisstrafe bis zu einem Jahr bestraft.	Begräbnis		Bestattung	
Die Arbeitsplätze im Freien müssen mit künstlichem Licht beleuchtet werden, sollte das natürliche Licht nicht ausreichen.	künstliches Licht	Kunstlicht	Kunstlicht	Kunstlicht
