CUNI-EdUKate	CUNI-MH-v3	Cohere CAT+	Command A+	DeepSeek V4 Pro	Dubformer	GLM 4 - 9B	GPT 5.5	GPT OSS 120B	GPT OSS 20B	Gemini 3.1 Pro	Gemma 4 - 31B	Gemma 4 - 4B	GoogleTranslate	Ministral 3 - 14B	Mistral Medium 3.5	Qingqiu-MT-9B	Qwen 3.5 - 9b	Qwen 3.6 - 27b	SalamandraTA	TRIVE	Tiny Aya Global	Tower 9B	UvA-MT
46.21	11.84	29.51	64.14	74.32	48.99	10.93	78.48	31.81	13.97	89.42	30.62	58.9	16.81	49.78	70.29	29.51	58.51	61.21	33.94	48.99	33.25	29.4	89.42
9.35	10.06	13.99	10.45	29.9	15.9	9.81	15.25	11.04	10.1	27.64	14.96	12.16	13.52	13.38	13.77	14.19	20.32	16.14	14.98	36.75	8.32	12.22	17.83
7.47	26.83	31.16	24.68	31.89	24.48	28.43	35.54	27.2	28.5	36.22	34.4	20.8	22.9	23.5	30.96	22.67	6.78	35.79	7.73	24.12	13.22	19.83	27.38
21.0	16.43	38.55	47.05	64.04	46.88	1.78	70.0	29.34	22.74	66.66	57.44	40.13	33.92	37.32	30.19	36.94	24.32	44.26	40.13	80.49	21.9	52.29	38.66
14.2	17.82	33.46	42.17	47.87	56.34	3.25	61.21	21.18	8.05	46.07	18.22	12.3	35.39	49.63	33.3	52.16	49.14	31.14	22.31	39.76	5.85	11.01	46.67
34.59	37.02	50.31	32.87	66.09	62.33	50.84	62.33	37.34	53.25	48.11	20.7	26.59	19.92	36.93	62.33	39.79	36.48	40.28	46.43	23.38	31.53	29.95	35.44
16.07	41.84	60.92	45.84	43.3	51.42	27.97	47.17	21.93	7.66	47.17	47.76	26.12	31.96	18.08	33.67	53.9	38.62	47.17	44.53	47.17	24.25	33.62	42.23
14.76	27.02	42.87	31.71	43.68	44.08	12.84	35.7	21.95	21.25	37.93	19.66	31.32	28.22	18.41	32.67	19.13	11.96	19.49	36.73	38.84	37.86	20.92	35.44
24.59	9.14	29.35	39.69	41.04	31.38	16.12	25.41	21.83	4.43	36.33	27.03	32.74	27.62	22.4	18.46	29.76	15.82	30.59	31.73	28.26	14.31	30.16	31.34
8.49	7.47	26.52	23.29	56.22	44.29	16.47	64.5	36.41	5.11	57.58	42.52	6.15	6.69	11.65	64.5	28.3	2.83	34.9	19.35	64.5	5.75	7.77	64.5
38.88	52.76	68.22	68.9	73.76	81.8	10.58	70.33	48.9	29.19	70.33	68.51	38.69	54.34	35.26	84.67	69.88	45.06	62.2	60.92	70.33	40.94	60.05	66.47
20.59	16.59	10.24	21.74	62.99	40.93	17.54	68.59	52.75	18.61	74.44	42.66	7.37	12.14	25.96	40.64	18.97	14.38	56.84	32.52	58.02	15.95	17.86	42.66
4.18	30.32	16.86	13.28	8.98	11.61	7.54	10.29	16.53	11.12	20.93	30.02	23.84	23.84	10.17	23.55	28.16	9.0	19.56	13.09	35.3	13.3	36.07	30.92
10.67	8.89	18.49	26.12	75.99	39.17	24.75	54.14	30.32	12.67	58.76	16.85	26.12	26.66	7.98	21.63	21.07	14.29	15.09	10.06	38.38	18.64	8.94	29.78
34.93	24.66	16.17	25.88	28.29	17.96	8.08	43.25	36.32	4.86	42.14	27.33	16.92	7.78	7.83	16.01	30.9	8.14	12.58	4.22	40.58	5.43	20.35	40.58
29.12	22.05	47.92	27.45	27.45	27.45	47.92	47.92	27.45	27.45	47.92	47.92	47.92	28.43	22.33	47.92	47.92	47.92	27.45	47.92	27.45	27.45	27.45	27.45
11.83	12.88	31.79	35.97	42.18	29.67	4.95	35.48	42.56	25.23	55.97	24.48	13.35	16.83	20.35	27.04	8.16	10.16	39.65	25.55	42.73	21.03	15.9	36.88
5.29	5.6	55.48	16.77	55.48	32.45	7.29	49.39	10.58	5.86	31.64	12.51	8.04	25.31	14.39	42.73	31.14	11.66	23.25	26.15	55.48	3.15	6.48	6.92
9.17	18.11	11.36	9.73	17.78	35.64	19.61	18.82	22.24	11.59	35.64	34.12	23.43	6.46	29.15	37.04	25.17	4.68	18.26	18.89	23.43	22.54	7.97	11.65
8.15	6.55	8.26	8.29	8.15	8.15	7.79	8.15	6.4	8.15	8.15	8.15	8.15	9.5	6.61	8.15	8.15	6.55	8.15	3.6	8.15	7.79	8.15	6.4
29.61	26.49	41.79	67.46	67.46	54.7	8.24	54.7	51.03	26.45	76.65	39.91	29.32	31.37	19.94	52.92	16.54	30.18	67.46	57.92	35.79	2.59	41.71	33.8
27.1	33.33	35.22	13.91	35.22	28.04	19.25	41.21	56.81	39.58	55.33	81.54	42.84	42.61	7.96	30.86	23.83	52.71	55.33	40.46	28.19	9.1	61.28	41.21
26.3	44.87	29.9	33.43	28.35	35.61	9.94	29.08	30.64	26.34	36.92	33.61	9.6	22.24	32.48	49.23	25.32	25.68	28.83	13.15	30.3	26.59	41.26	34.03
20.33	6.08	7.26	8.53	35.56	6.66	9.01	38.18	4.97	6.02	54.86	38.14	6.99	5.23	33.65	8.35	44.98	9.87	21.99	6.29	52.48	11.8	24.91	18.93
39.95	28.12	55.24	49.63	67.58	62.67	12.41	45.85	46.51	11.84	65.13	56.98	24.27	45.99	22.01	45.77	45.37	33.41	53.43	7.38	59.19	32.69	54.76	67.52
31.42	16.42	43.15	30.9	46.51	50.81	17.14	85.43	36.12	13.2	75.57	12.31	15.0	32.02	11.43	44.71	20.98	12.44	16.99	23.14	70.74	23.82	24.81	31.8
21.89	21.89	23.75	21.89	23.75	16.79	7.26	16.79	23.75	22.1	23.75	16.79	21.89	23.75	21.89	18.95	23.75	18.17	17.06	25.27	23.75	18.88	21.89	23.75
51.19	36.78	51.61	34.06	43.64	53.51	38.64	53.51	51.08	56.48	51.08	56.02	50.62	37.94	38.66	56.48	53.57	35.08	45.35	39.88	42.76	36.16	36.19	53.58
8.52	8.6	4.46	12.09	19.73	8.08	25.22	34.5	24.48	7.78	25.73	45.01	4.55	26.57	9.01	13.1	54.93	7.17	22.76	39.79	27.24	26.16	30.47	8.25
75.12	70.77	70.77	40.09	100.0	100.0	85.79	100.0	100.0	70.77	85.79	40.09	22.42	85.79	70.77	59.71	40.09	40.09	85.79	39.22	85.79	20.31	40.09	85.79
28.73	32.92	31.87	26.04	34.77	31.57	16.2	31.87	30.09	25.42	44.13	27.25	39.68	25.31	12.1	28.41	25.42	26.8	31.64	34.03	44.13	22.54	32.92	36.99
26.93	47.98	67.58	59.45	69.18	59.1	33.16	63.62	38.57	39.98	45.85	59.1	52.21	47.92	50.73	49.72	30.63	48.35	52.21	50.23	44.35	55.32	52.21	44.35
57.01	54.48	49.04	54.48	70.62	70.62	28.47	74.32	63.87	43.22	70.62	64.16	45.67	60.28	41.6	58.16	45.67	47.03	54.48	58.16	70.62	48.83	68.77	70.62
43.03	11.49	52.18	45.92	41.28	46.1	14.67	56.26	43.61	35.98	54.5	43.03	15.82	11.79	32.01	52.18	33.88	20.29	43.03	24.92	64.11	29.04	36.76	54.85
13.9	23.81	26.37	23.62	23.81	9.43	14.13	5.91	9.37	3.51	23.13	23.78	21.71	8.65	15.46	31.82	18.2	20.33	6.36	17.46	6.36	8.75	9.83	21.52
18.22	34.54	35.14	19.11	42.66	26.77	16.69	51.31	19.11	15.82	37.28	27.27	27.27	33.57	15.98	27.27	12.12	14.61	9.62	29.27	51.31	17.86	35.14	51.31
41.31	38.57	51.18	40.35	62.99	54.98	29.44	76.68	58.16	28.62	51.86	41.23	48.76	49.99	50.71	55.13	53.35	55.0	40.91	49.48	51.86	23.77	40.85	70.05
44.82	17.4	41.41	24.41	60.6	41.41	18.54	41.41	57.31	37.71	51.74	24.41	34.11	31.18	45.93	67.39	10.66	23.58	33.49	18.84	41.41	12.11	34.11	41.41
16.23	37.86	31.34	33.09	50.07	34.35	15.54	68.84	15.79	15.45	45.13	32.36	18.69	11.66	19.86	51.89	17.46	23.58	26.17	26.36	52.94	20.31	25.6	49.2
14.73	30.71	15.42	55.0	42.46	42.46	25.54	16.17	16.64	26.73	7.86	28.1	29.53	30.26	18.63	29.53	30.99	29.58	29.53	25.48	20.88	24.83	40.28	16.17
25.01	12.72	34.78	44.81	22.49	12.72	27.61	35.84	31.45	18.34	13.84	35.84	44.81	44.79	16.8	22.1	7.55	12.72	22.1	39.82	35.84	32.39	22.49	16.79
11.52	29.32	26.5	24.41	58.51	41.05	34.46	35.48	29.88	23.48	30.14	27.98	29.55	19.42	21.43	47.3	27.98	22.99	23.42	17.79	17.84	8.28	47.24	41.83
19.67	22.61	23.46	23.46	31.7	31.7	8.52	73.49	21.42	23.46	31.7	24.38	25.48	23.46	20.33	8.14	31.7	31.7	32.0	24.38	31.7	22.65	26.48	31.7
6.5	5.61	47.3	30.93	21.48	60.25	31.47	27.1	30.42	13.0	43.15	57.75	23.8	8.22	27.57	23.8	30.28	23.69	30.26	37.71	22.25	8.55	44.02	33.08
22.67	34.87	33.59	20.63	38.82	30.35	11.93	53.14	28.43	15.6	42.62	54.02	43.25	15.41	12.1	26.96	27.67	18.8	29.13	40.48	50.22	10.65	12.98	33.1
25.76	30.08	29.34	26.38	30.83	30.83	33.66	42.26	42.91	38.4	41.63	35.14	35.32	27.27	31.33	33.07	12.26	34.75	28.2	36.96	43.94	9.17	42.91	38.03
32.3	27.29	45.28	53.09	49.49	54.76	25.32	60.65	52.05	20.9	65.68	60.24	30.59	48.84	22.84	52.69	44.2	32.13	40.93	12.12	54.76	39.09	29.85	55.96
10.09	6.31	65.98	64.01	66.14	65.98	29.19	52.76	50.26	10.61	52.15	52.62	23.44	20.63	23.11	64.01	30.7	39.24	54.56	15.87	52.15	47.48	19.88	62.58
28.65	22.87	54.6	48.73	65.58	65.58	20.04	65.58	65.58	31.63	54.6	42.18	41.23	39.11	42.67	53.64	37.22	29.04	50.65	53.64	54.6	23.22	42.64	65.58
31.96	32.45	49.76	31.96	88.95	88.95	34.11	85.31	51.85	41.74	54.09	41.74	44.61	36.88	50.82	36.88	29.34	54.3	53.61	48.34	73.15	30.65	41.39	58.09
18.81	37.14	53.17	41.41	66.86	53.17	46.73	100.0	50.97	31.04	66.86	46.73	80.32	20.4	44.64	44.64	69.88	57.06	50.96	66.86	66.86	41.86	17.21	94.26
75.22	37.47	87.87	48.74	87.87	42.06	36.47	87.87	77.23	42.06	87.87	87.87	87.87	35.7	80.83	80.83	42.06	36.61	42.06	80.83	74.03	69.34	36.61	37.11
59.77	64.15	52.73	47.16	61.95	65.75	36.79	57.61	47.71	52.59	71.31	47.63	39.34	48.59	45.42	67.09	49.59	31.21	59.06	41.89	74.07	51.3	65.55	50.56
19.49	24.8	32.92	26.6	34.79	36.63	34.18	57.84	18.95	17.96	53.12	17.42	9.19	14.44	26.82	44.72	24.8	22.23	34.59	23.98	27.35	17.44	21.26	29.62
10.67	8.89	27.83	39.68	28.55	32.47	13.97	59.1	22.78	21.98	53.9	30.63	27.5	26.66	31.67	21.63	13.99	12.82	22.04	28.33	38.38	19.63	21.63	34.7
17.92	26.46	17.92	16.5	35.72	25.89	37.4	25.89	25.89	33.53	30.75	33.73	31.64	29.74	36.66	49.38	22.37	5.88	6.61	40.75	30.75	12.4	17.92	25.89
10.33	26.68	34.78	5.43	48.96	14.75	10.9	45.31	48.81	9.78	64.56	29.47	13.67	10.06	14.0	19.94	32.92	11.45	10.9	26.06	48.96	5.21	11.49	30.6
39.55	33.49	39.55	27.66	33.85	32.26	48.13	14.04	14.79	39.55	17.21	39.55	31.87	31.16	11.08	39.55	35.59	33.85	38.66	21.58	17.21	31.16	21.64	14.35
6.21	6.21	32.38	47.86	42.63	53.85	10.71	53.85	10.46	30.01	46.65	32.38	36.38	31.27	29.36	18.26	30.01	23.76	76.94	26.59	30.81	4.89	24.11	42.63
27.67	12.52	22.04	22.04	72.21	80.39	9.35	51.93	42.47	59.42	50.19	62.65	71.7	23.69	48.06	45.11	32.27	20.72	78.44	32.18	80.39	25.53	16.49	58.28
24.05	13.89	11.97	18.96	37.06	28.24	2.09	21.52	10.21	3.19	47.26	14.65	10.25	9.78	19.57	10.56	31.46	7.89	21.73	7.61	38.94	3.56	10.63	21.08
49.26	52.76	71.27	56.88	65.66	100.0	36.29	91.28	66.56	32.54	91.28	83.9	45.26	45.26	44.81	57.49	82.93	62.67	54.27	42.01	100.0	53.92	49.04	87.87
11.7	12.31	14.19	19.14	31.05	30.8	4.3	30.27	19.42	9.61	25.56	33.05	16.24	15.86	14.46	29.79	11.79	21.71	18.46	19.6	33.83	7.45	9.82	13.89
12.04	15.34	10.37	17.71	34.46	28.76	37.28	41.01	11.32	15.03	51.19	18.93	12.73	13.83	12.25	16.84	29.7	25.67	13.45	29.18	43.09	30.19	14.44	43.47
20.9	38.58	34.36	49.61	47.37	40.63	19.57	58.02	33.17	36.54	67.71	43.88	50.83	40.29	34.75	36.57	49.61	24.01	58.02	49.06	56.05	34.69	46.07	67.71
29.52	21.48	46.74	56.25	56.25	65.12	9.44	59.07	45.25	47.78	56.25	54.4	38.06	31.37	10.47	65.12	37.13	17.51	36.08	40.67	65.15	40.14	22.76	55.57
41.41	31.55	30.04	57.51	72.73	51.72	19.52	51.31	43.18	42.03	49.3	31.48	47.13	26.5	51.97	52.26	53.38	34.57	42.0	31.64	76.42	37.32	22.94	53.03
23.27	24.46	8.81	5.0	3.46	36.17	8.04	38.04	14.97	11.21	60.23	13.19	9.23	9.49	4.54	3.91	3.51	10.6	9.82	14.56	42.61	23.2	10.17	42.61
27.44	15.91	8.89	31.54	20.2	8.89	25.75	15.54	31.54	15.54	36.16	31.61	7.35	15.13	9.67	10.51	5.75	6.75	8.49	7.35	15.13	25.46	9.24	15.13
6.0	20.15	15.36	24.72	13.04	26.35	21.24	21.34	15.51	15.82	43.02	30.76	30.76	21.9	12.96	17.57	16.45	20.45	26.35	18.93	27.41	15.56	24.29	14.25
17.55	18.62	27.96	19.13	30.33	25.28	14.22	24.12	19.95	15.78	24.7	21.48	20.04	11.91	14.02	26.14	21.16	19.23	14.51	30.05	27.13	19.21	26.02	36.41
7.24	7.66	5.94	9.11	11.61	14.45	2.2	14.45	7.66	7.26	36.53	9.11	4.41	4.42	9.13	5.81	3.83	3.67	5.5	8.54	19.22	3.63	9.11	20.17
30.96	45.57	51.72	47.76	19.46	49.11	27.19	64.25	39.64	15.43	27.5	48.21	45.88	3.05	43.04	51.68	46.84	13.48	18.42	10.87	36.37	13.83	29.69	40.05
22.42	22.76	54.16	40.9	50.75	60.22	10.56	38.36	52.75	45.08	37.91	54.07	44.44	20.92	29.59	58.22	60.2	19.99	10.74	54.16	69.44	18.7	45.08	60.22
9.56	3.17	5.54	6.81	19.09	24.3	10.98	20.69	6.44	14.83	19.09	13.64	5.33	4.97	4.45	7.0	14.23	14.53	20.67	6.11	19.09	4.97	15.36	19.09
39.0	1.58	4.58	21.96	39.01	52.44	3.84	47.92	41.73	35.94	45.67	49.77	25.95	29.86	10.84	35.75	10.81	33.88	27.18	18.96	42.48	6.77	20.07	36.49
53.71	21.86	55.16	60.68	77.39	77.39	24.9	78.84	40.91	51.28	90.21	90.21	52.28	39.45	22.88	77.39	58.02	52.28	60.68	32.2	100.0	23.22	15.75	78.84
20.86	16.0	15.5	24.83	10.1	15.21	6.76	23.95	11.7	12.69	29.54	15.43	15.94	12.4	9.48	8.14	10.15	5.55	18.8	12.4	22.41	2.14	14.42	15.75
17.09	28.02	18.4	26.21	39.21	16.34	24.11	31.36	14.31	7.39	32.43	16.45	13.82	16.89	17.66	21.86	4.66	16.37	13.99	8.83	25.67	15.8	10.62	16.77
32.54	15.18	29.01	22.47	45.11	40.91	4.79	60.24	44.85	6.79	38.12	45.01	45.11	22.74	45.38	44.72	31.98	35.86	42.46	37.42	50.33	17.13	42.74	54.24
14.73	12.51	28.86	29.15	48.68	21.99	14.61	58.36	12.58	5.91	58.36	21.99	30.75	40.47	36.66	41.28	14.4	20.52	41.28	31.64	37.03	7.13	21.95	18.76
17.67	38.5	21.71	29.89	18.2	33.98	38.09	41.89	15.41	11.55	50.7	25.25	36.66	14.73	5.38	35.5	24.71	36.39	26.76	17.0	40.29	8.86	17.05	32.6
29.26	24.71	24.71	22.72	22.72	24.11	24.71	22.72	24.11	24.71	22.72	40.53	44.08	34.69	16.94	24.71	22.72	13.07	24.71	2.91	22.72	29.26	24.71	22.72
25.74	36.08	31.3	28.98	30.1	40.34	24.73	43.57	31.13	25.13	29.58	34.12	12.54	28.2	35.81	36.97	42.06	34.12	11.44	38.87	32.0	32.2	28.2	20.32
9.8	6.98	11.2	21.21	45.63	37.35	33.9	39.71	29.4	13.67	47.78	24.55	22.54	11.6	17.74	50.54	39.75	37.2	21.98	9.97	42.4	18.67	9.09	36.82
50.46	30.92	37.54	50.26	62.74	42.44	46.36	39.03	54.35	32.14	74.73	43.67	62.09	38.87	32.24	62.74	42.44	34.89	47.72	33.28	46.65	44.15	28.91	40.67
11.12	9.24	29.98	9.43	15.13	42.8	23.9	11.88	42.8	23.9	24.02	24.02	46.92	8.05	42.8	8.89	24.02	42.8	37.7	11.73	26.13	7.14	15.13	53.11
53.13	44.56	59.69	50.39	54.24	80.03	33.34	80.03	50.39	33.27	58.28	72.42	73.11	29.49	23.51	64.75	58.28	64.75	38.5	46.89	72.42	31.54	39.38	53.07
44.78	31.69	55.71	84.85	73.45	82.85	27.69	84.85	44.52	43.07	84.85	47.29	35.53	49.2	53.08	84.85	56.73	38.55	78.51	56.73	84.85	49.18	53.4	56.25
35.32	23.95	31.81	14.31	47.63	31.3	30.55	56.24	35.88	31.84	49.58	22.04	19.9	24.3	21.16	48.83	22.13	33.21	24.74	33.95	49.58	33.73	30.49	42.05
32.45	41.17	33.41	53.88	65.45	45.81	27.11	50.58	30.59	18.21	65.82	37.62	21.18	32.08	26.93	31.59	38.08	20.52	32.08	26.57	52.63	41.17	42.98	68.42
60.33	36.31	58.8	46.64	44.48	60.9	39.73	73.52	42.05	59.64	63.62	47.15	63.62	37.85	60.67	53.3	51.98	42.5	65.31	51.54	78.84	37.85	42.59	76.41
51.52	21.26	27.45	33.81	29.12	32.26	17.12	31.87	34.11	17.12	29.15	25.96	33.95	44.22	14.75	29.24	16.2	48.72	27.45	47.27	29.12	26.14	48.72	38.33
7.78	15.58	11.15	5.27	24.03	23.27	3.73	16.17	15.19	34.62	13.33	19.77	12.81	15.34	4.09	13.48	11.08	7.44	12.24	14.75	11.39	4.99	5.14	13.55
14.77	14.23	15.31	8.69	11.42	13.82	6.31	9.8	15.33	6.6	12.29	8.69	13.33	25.42	5.78	8.53	9.35	7.02	7.41	9.61	8.54	9.49	16.17	8.38
38.67	39.83	43.24	48.73	63.88	71.88	46.14	71.88	47.29	33.66	80.65	53.78	51.28	43.87	42.98	66.74	65.09	50.5	58.63	55.68	65.09	27.82	67.08	71.88
27.19	9.56	17.89	12.58	37.03	10.58	9.09	13.7	18.87	7.71	11.37	17.89	9.85	8.9	10.28	26.68	12.86	16.56	15.6	28.41	28.26	8.46	9.85	16.08
6.79	13.46	27.38	28.02	31.18	37.91	16.36	12.07	19.97	21.78	20.92	20.3	20.55	16.39	11.84	33.98	23.53	8.92	12.76	17.96	30.39	12.08	18.57	21.92
33.2	25.08	32.41	25.19	65.78	73.05	19.19	59.8	31.13	18.5	69.58	48.97	27.02	29.9	18.22	39.98	15.8	29.37	33.84	49.45	69.58	5.3	27.88	78.9
31.33	21.95	14.64	16.7	16.7	33.87	34.26	45.81	33.87	46.0	68.16	44.78	22.47	35.99	36.99	33.87	68.16	54.07	68.16	10.7	68.16	16.24	14.45	44.23
29.79	42.33	48.8	13.57	36.47	56.78	12.8	40.19	31.78	12.98	41.24	42.14	27.55	22.52	11.39	42.06	12.8	43.4	42.75	39.94	44.31	13.25	20.08	68.82
6.01	13.22	5.79	5.82	43.93	42.28	9.23	24.49	9.85	18.23	54.12	21.71	9.39	5.86	12.71	6.01	6.0	5.36	9.79	2.07	46.46	10.34	40.38	2.85
9.89	4.39	28.02	21.88	38.76	41.3	10.13	36.27	11.96	3.39	21.53	14.8	16.92	9.59	8.25	12.32	6.88	4.45	9.39	7.32	21.53	9.35	7.48	14.09
5.5	8.06	8.53	11.88	16.44	10.63	9.23	14.23	16.7	14.23	13.15	35.4	12.12	9.04	14.11	16.25	9.26	10.97	16.61	13.69	15.36	5.38	9.04	13.73
7.26	8.03	7.01	5.68	32.23	25.89	6.43	51.06	8.27	7.44	32.93	8.27	8.27	8.27	4.66	32.93	7.44	7.44	5.68	7.77	40.47	7.26	19.3	25.89
25.89	12.89	19.95	27.91	10.49	35.73	9.74	41.79	10.34	17.59	42.46	25.22	43.52	23.23	24.51	17.59	44.43	18.72	20.33	14.38	19.13	33.93	13.77	28.22
20.33	18.92	46.05	46.17	19.56	61.15	27.67	46.05	19.56	3.66	29.9	17.61	46.05	36.62	7.96	19.56	19.56	29.9	18.21	13.38	29.9	26.76	46.05	31.54
19.0	14.38	14.65	28.2	12.79	19.05	5.86	54.27	9.4	9.62	29.46	18.24	31.65	29.74	19.51	17.27	9.4	12.9	11.6	35.39	29.49	5.74	15.31	19.05
13.55	12.75	5.11	6.55	19.91	8.83	5.41	9.52	7.77	5.3	9.15	24.67	5.61	8.16	6.61	4.79	16.69	4.58	10.49	2.21	26.1	5.31	7.89	20.11
17.14	28.26	87.25	52.66	64.87	67.31	33.72	87.25	30.73	28.14	75.22	44.73	17.82	64.71	57.13	19.54	44.88	9.49	61.48	41.04	79.48	44.75	22.49	45.14
6.86	13.48	36.22	12.49	26.42	27.29	14.2	48.82	20.35	19.97	12.4	13.92	20.35	6.86	27.71	35.93	30.47	37.36	13.38	50.5	23.55	7.18	24.7	36.66
4.25	9.29	14.82	19.39	34.0	38.42	22.0	47.22	11.63	20.6	34.0	13.04	23.91	17.57	6.22	4.62	45.47	6.27	2.83	3.88	76.16	7.24	20.48	47.11
11.73	5.24	26.45	16.81	67.87	34.48	9.55	53.11	38.88	11.88	100.0	26.45	9.6	29.0	7.14	16.06	26.45	26.31	14.99	5.37	100.0	34.48	26.3	63.16
8.65	21.08	51.06	41.35	66.0	50.54	12.88	66.0	44.9	44.9	66.0	44.9	38.66	65.54	24.84	44.9	48.88	31.28	35.21	40.11	55.13	44.38	24.87	52.6
11.75	10.81	42.79	18.19	11.99	34.3	14.78	34.3	23.18	11.91	46.66	15.61	21.93	9.26	10.49	34.76	21.93	10.12	33.62	26.91	34.3	10.1	12.7	34.3
19.54	15.21	28.35	9.62	20.79	29.86	16.66	36.48	11.95	9.09	25.34	12.64	22.49	9.69	14.28	11.42	11.27	12.11	19.58	12.8	29.86	12.61	13.75	25.84
29.42	78.25	59.23	59.23	78.25	78.25	31.82	44.08	32.0	70.16	78.25	37.5	7.86	62.98	31.82	9.57	78.25	34.61	45.72	21.36	64.5	59.69	64.75	34.61
6.96	5.17	14.54	18.0	41.47	10.36	6.31	19.76	12.06	5.15	26.76	45.92	9.36	2.8	18.73	19.76	32.04	15.75	14.34	10.09	29.8	10.62	29.56	38.22
29.18	53.63	38.29	44.77	58.16	40.78	27.75	61.92	54.26	50.02	61.92	67.62	73.78	41.98	55.56	60.93	46.77	48.15	73.78	22.55	53.64	57.95	59.64	67.62
39.72	69.98	38.97	27.64	61.63	70.48	40.91	78.25	21.76	20.95	34.79	38.97	61.63	42.31	23.29	61.63	42.31	19.86	42.31	34.79	43.24	13.16	54.45	61.63
11.01	4.9	7.54	5.23	27.25	10.32	9.35	27.25	5.24	6.33	38.95	14.88	19.6	13.37	25.16	34.38	39.67	44.96	34.67	20.85	27.25	6.11	7.01	7.34
18.98	18.93	21.29	27.88	26.01	21.84	26.01	38.61	27.05	8.33	27.05	21.29	12.01	20.6	18.89	21.29	21.84	4.48	18.84	18.89	27.05	11.41	8.09	19.82
23.29	26.34	7.44	16.27	38.54	43.04	18.52	66.75	9.42	12.8	43.04	46.63	26.29	12.04	11.45	30.14	34.74	34.74	28.04	38.54	46.63	15.94	17.62	53.58
5.47	21.15	19.77	30.34	30.9	29.46	8.59	30.9	23.3	8.93	28.98	24.55	8.07	18.23	21.66	19.87	27.55	10.24	25.13	19.37	30.9	8.04	24.66	30.9
50.63	29.98	82.07	82.07	100.0	76.22	33.58	100.0	47.59	50.4	82.07	58.32	46.85	64.86	43.94	68.62	58.32	58.32	58.32	82.07	100.0	58.32	57.65	45.01
20.34	39.11	20.09	39.11	21.43	62.68	49.39	49.31	48.82	37.95	17.86	37.95	17.86	12.0	51.29	44.65	33.96	19.85	14.61	34.81	63.84	20.34	18.06	10.35
36.1	55.8	41.23	22.4	44.84	48.01	18.96	84.0	57.97	35.99	61.68	40.26	40.24	37.07	61.76	80.49	45.31	54.06	49.06	42.93	61.68	26.34	62.52	16.72
19.94	6.76	39.52	11.15	21.89	31.87	4.7	62.95	9.09	33.12	42.17	31.87	9.41	6.87	8.28	19.94	11.97	15.28	14.52	47.0	62.73	4.71	62.73	33.52
9.74	9.74	28.33	28.33	28.33	28.33	25.92	28.33	28.33	19.69	28.33	28.33	28.33	13.26	29.44	28.33	28.33	14.74	28.33	53.7	49.2	5.82	28.33	19.69
36.97	33.25	9.19	40.03	57.68	15.78	17.4	51.02	15.79	14.68	63.64	27.99	30.6	32.92	11.64	11.61	16.45	9.5	7.97	1.48	57.17	16.25	11.57	27.03
5.14	7.22	47.63	16.68	43.04	66.75	5.24	43.04	22.44	18.33	44.35	66.75	9.14	12.85	25.58	38.18	45.05	6.07	12.67	12.43	45.83	10.58	39.39	44.35
25.17	19.36	28.81	7.7	29.56	21.06	4.92	32.16	3.27	2.0	50.63	20.01	4.98	12.28	12.0	8.45	16.33	7.49	16.34	17.19	46.24	3.64	6.68	9.03
21.86	20.84	36.42	35.19	43.85	34.67	13.17	31.05	25.85	17.57	30.84	19.81	41.23	18.43	20.97	23.31	21.69	31.08	11.24	9.07	28.2	17.55	30.33	25.36
30.71	31.21	47.91	36.48	27.52	39.8	16.08	58.93	11.9	9.72	37.27	38.64	30.9	8.07	40.61	34.37	19.99	20.22	13.75	37.82	40.36	4.54	44.82	16.15
9.98	25.95	54.79	50.8	64.97	53.88	11.9	72.31	9.63	20.33	72.58	56.85	47.25	37.63	31.84	48.8	30.92	41.85	43.31	22.09	57.38	9.6	38.99	47.33
45.24	45.8	26.88	39.39	38.52	58.23	35.22	53.38	35.2	36.91	59.76	42.09	27.76	30.09	23.94	31.77	28.85	20.9	44.78	40.81	56.84	37.9	35.73	48.65
38.85	55.01	41.71	35.64	35.09	35.64	29.83	67.9	55.29	39.21	55.98	40.24	53.22	35.64	44.21	48.36	60.64	41.74	38.39	17.94	76.69	54.27	50.34	67.9
3.03	5.75	17.18	18.71	20.75	28.3	4.72	12.65	17.18	6.96	29.49	35.96	4.5	7.99	37.42	20.75	12.06	10.06	15.05	12.94	12.65	4.57	29.55	19.56
28.01	42.46	12.9	40.34	24.1	42.99	26.24	54.3	50.54	18.06	50.54	27.48	42.99	23.71	22.3	44.27	36.51	18.37	26.76	46.22	41.47	24.47	45.78	42.99
43.33	43.33	43.33	45.79	45.79	45.79	19.56	45.79	45.79	43.33	45.79	45.79	43.33	29.26	23.21	27.88	33.16	12.3	45.79	43.33	45.79	24.6	13.38	26.01
31.59	17.57	82.53	53.23	73.9	69.06	9.32	54.48	54.65	29.27	63.84	64.71	39.72	29.82	7.97	25.8	54.65	28.98	73.9	45.12	54.48	32.16	36.32	68.69
26.07	10.41	13.96	6.49	40.19	29.96	27.98	10.3	18.62	30.84	33.13	25.79	30.27	8.05	20.92	29.65	28.03	24.1	37.14	31.88	32.2	14.53	30.89	14.53
20.59	35.42	47.91	47.91	58.76	62.73	34.11	76.48	47.91	41.95	61.09	62.73	39.42	58.76	13.84	31.33	35.99	59.32	78.29	62.73	80.87	41.68	56.32	17.02
32.27	55.37	53.9	38.06	74.98	67.36	69.41	46.48	74.38	35.95	81.78	59.05	74.38	51.72	50.78	53.57	53.57	71.6	61.99	35.0	62.11	62.37	67.14	51.76
21.18	7.52	38.57	38.58	52.29	39.37	29.83	36.04	45.98	14.11	51.05	16.07	5.51	25.11	5.97	40.54	12.44	13.02	17.14	12.84	51.04	8.14	24.82	49.92
34.87	25.57	34.31	49.1	47.58	47.15	31.72	62.53	26.24	30.27	65.37	19.74	62.53	8.92	33.85	37.74	25.95	12.12	30.4	33.1	32.98	25.4	46.74	26.3
62.36	79.17	92.54	73.68	92.54	100.0	83.86	92.54	92.54	79.17	79.17	54.24	72.42	38.14	62.13	92.54	79.17	79.17	92.54	66.69	92.54	43.33	79.17	100.0
3.58	3.36	6.5	22.64	7.96	54.41	7.44	54.41	18.34	6.28	33.12	23.8	41.15	10.17	28.86	24.85	22.25	22.05	7.64	6.26	29.49	18.3	41.15	7.97
10.66	9.62	48.15	16.8	29.8	45.58	26.72	30.35	24.86	18.16	38.74	12.86	24.54	25.38	6.25	12.87	12.47	10.59	16.7	27.08	49.0	20.04	38.43	58.57
36.18	26.18	34.42	29.79	48.92	45.02	38.13	40.41	40.1	34.54	36.93	38.46	32.5	25.42	26.21	41.52	31.37	39.36	37.46	31.2	36.93	35.36	48.46	37.92
34.39	24.46	19.94	34.69	26.95	34.39	16.08	23.27	17.5	8.77	26.32	23.08	17.06	5.3	5.26	24.79	24.79	9.05	29.71	16.77	36.38	32.71	26.85	16.2
3.22	2.72	12.55	9.24	26.58	8.49	7.5	12.55	9.98	4.55	9.24	4.93	3.22	4.46	1.98	3.46	7.14	4.93	4.46	6.75	15.73	3.09	4.46	15.73
19.77	18.75	16.68	13.83	17.69	17.69	30.18	17.69	18.92	21.14	17.69	20.15	18.75	21.29	6.63	23.83	8.23	20.15	35.75	8.84	28.79	22.18	21.29	28.79
5.06	10.69	30.83	7.93	13.22	13.6	19.85	71.6	11.41	11.74	48.96	9.76	15.73	22.17	14.23	13.87	10.17	10.41	10.11	42.66	33.65	8.3	23.43	47.0
13.62	24.96	14.66	16.34	14.84	19.47	8.93	63.14	7.41	6.95	48.5	28.89	7.94	7.8	7.23	11.52	18.84	16.21	17.45	22.88	39.57	6.63	8.69	7.83
8.26	13.41	34.11	11.85	54.76	31.94	8.26	23.39	21.07	11.74	34.51	27.31	20.0	21.44	30.56	29.87	29.47	11.08	24.39	16.1	34.83	1.37	28.7	34.83
23.94	9.56	30.71	8.65	19.99	29.45	26.33	29.54	31.79	12.74	54.63	32.59	10.36	25.79	25.13	25.98	37.74	24.81	20.21	36.32	30.71	14.22	16.97	28.31
46.62	36.38	70.33	76.98	45.02	60.02	79.62	59.6	56.56	66.47	50.87	46.72	49.8	52.97	55.83	50.26	59.78	50.44	63.37	66.84	59.6	35.72	76.16	60.02
26.22	39.85	39.85	39.85	38.99	38.99	39.66	33.09	39.57	7.22	42.95	69.65	30.93	53.13	22.66	39.57	31.47	29.49	50.95	17.69	42.95	11.67	30.26	22.81
12.18	20.14	56.64	12.96	62.23	62.49	16.33	41.86	16.02	39.62	39.02	44.38	71.32	24.13	15.36	47.55	35.14	21.08	54.12	38.97	71.32	9.85	25.48	71.32
24.76	23.02	23.52	38.33	31.62	29.9	21.89	57.45	14.97	42.08	21.27	21.54	25.75	19.11	38.2	57.45	36.87	15.55	41.7	36.38	30.71	19.47	28.93	26.96
16.98	42.7	38.09	44.35	38.41	48.62	13.1	56.91	16.87	12.86	57.89	51.13	25.1	50.44	32.34	35.25	17.89	36.05	28.21	29.19	35.49	6.68	42.48	32.0
45.07	45.23	55.88	40.86	17.89	56.96	30.42	79.13	30.51	24.76	40.71	15.59	22.01	37.95	9.04	20.97	30.75	47.91	32.21	45.07	59.32	19.73	9.56	64.87
9.1	9.1	10.83	14.87	14.25	16.62	28.98	16.62	9.08	9.78	10.83	16.62	6.26	9.38	25.34	29.62	25.19	15.47	16.62	10.57	16.62	9.1	8.23	10.83
14.39	17.32	58.15	44.29	50.23	62.96	30.71	61.35	55.68	27.41	95.54	45.02	31.59	14.38	74.39	51.39	80.38	39.24	80.38	32.1	62.99	26.77	68.36	41.83
100.0	82.82	82.82	100.0	100.0	76.6	56.61	100.0	76.6	56.61	100.0	100.0	100.0	64.2	61.79	100.0	100.0	100.0	100.0	57.75	100.0	33.12	100.0	76.6
42.25	50.14	60.56	43.34	56.33	67.0	15.36	60.32	28.66	9.85	67.0	57.54	25.25	43.56	18.09	44.5	60.56	49.89	60.32	56.33	71.6	7.22	56.33	23.71
7.77	8.89	10.13	9.24	10.13	16.59	5.82	15.13	10.13	7.86	6.75	15.13	10.13	9.24	10.13	16.59	15.73	26.2	17.24	9.24	15.13	7.14	15.73	10.13
9.81	6.5	5.64	5.91	12.97	12.99	4.74	15.99	13.47	12.71	9.41	14.38	5.3	15.57	8.69	17.32	6.27	8.29	13.34	4.82	9.02	9.99	8.8	14.65
28.58	6.5	35.32	7.29	40.71	37.52	23.73	41.26	10.93	5.07	67.41	22.51	6.67	5.72	5.54	11.42	15.42	13.57	12.37	17.15	20.33	10.41	22.12	56.97
47.61	34.56	42.64	43.2	68.39	64.67	36.52	61.02	56.24	29.06	64.67	29.14	38.49	37.71	30.58	65.51	43.77	22.43	48.18	27.01	62.57	56.07	30.7	41.78
45.48	22.69	42.24	22.69	30.18	36.11	37.56	50.86	26.73	21.63	54.08	26.73	42.12	28.34	23.29	36.71	22.71	12.4	41.76	39.9	50.86	28.34	36.11	22.57
9.26	27.67	15.54	10.63	34.91	39.7	11.82	14.75	11.22	6.26	36.91	23.62	12.11	8.18	6.92	35.79	9.09	15.8	12.15	8.52	43.75	18.56	21.89	41.43
23.53	24.39	40.62	37.13	48.51	56.27	30.16	47.63	29.91	30.12	48.09	53.54	43.65	36.82	51.97	60.47	26.82	24.0	39.36	32.39	51.83	23.16	35.09	34.58
11.07	7.93	23.27	21.55	31.24	41.1	15.02	25.83	32.83	10.63	41.1	22.41	18.61	17.12	24.34	38.13	12.33	18.18	14.23	9.59	55.7	11.76	26.93	32.0
3.85	14.4	24.99	26.57	17.83	26.57	5.71	49.58	15.42	23.85	26.28	24.18	5.17	16.32	14.65	14.46	17.27	5.41	12.08	14.01	11.67	11.04	27.85	3.99
4.94	7.04	13.82	13.87	31.57	34.14	10.75	43.96	5.41	13.83	14.7	20.05	5.7	16.32	12.09	13.4	6.05	8.37	15.83	9.58	18.26	30.1	14.02	8.09
26.98	26.66	32.7	31.82	39.19	31.69	15.69	47.69	29.56	35.84	66.82	48.53	30.49	34.15	50.44	42.87	40.11	37.42	32.24	32.51	54.37	43.65	30.89	43.07
37.97	43.95	45.0	45.0	84.14	36.49	38.81	88.62	26.75	37.32	84.14	27.55	46.7	44.41	25.3	45.0	22.71	10.75	27.55	42.75	62.53	26.11	18.53	45.0
15.37	11.55	16.16	10.94	47.09	44.25	29.41	20.43	7.62	11.13	34.24	15.98	11.38	10.66	18.28	16.35	12.86	13.62	20.03	4.49	37.39	11.12	15.16	36.33
9.88	29.55	12.68	47.82	47.82	16.32	25.31	23.59	16.22	37.42	23.59	23.99	33.49	16.68	24.76	60.53	29.55	30.26	33.63	12.85	23.59	41.32	47.63	47.82
17.95	15.89	39.88	29.11	77.49	48.15	62.31	57.2	59.72	29.1	61.59	61.45	23.15	66.95	62.08	60.53	41.63	49.22	62.53	40.58	48.15	38.92	88.95	30.77
30.34	30.38	51.84	42.79	42.79	42.79	30.38	25.89	44.5	30.75	54.02	12.04	42.11	38.25	22.55	42.79	20.76	12.51	31.47	54.02	7.92	7.47	40.57	42.79
34.12	50.44	46.44	41.49	64.73	40.91	32.14	64.73	50.99	21.45	68.28	37.68	29.91	58.69	69.14	64.73	37.68	18.61	68.12	36.07	68.28	33.57	41.59	12.06
5.91	13.98	11.43	20.85	38.79	16.81	13.08	28.79	13.15	3.24	29.56	13.59	6.6	9.62	20.21	9.94	19.99	9.54	13.94	12.19	52.28	3.56	7.81	38.57
30.83	15.32	35.66	32.64	20.59	19.92	9.31	8.85	34.82	32.64	7.99	28.89	18.71	8.96	5.75	20.11	6.23	18.71	8.85	28.89	8.85	13.12	19.21	20.59
35.02	11.64	43.69	43.69	35.02	18.56	35.02	37.63	12.49	29.39	35.02	35.02	29.06	15.29	24.46	26.56	12.26	35.02	35.02	26.56	43.94	6.75	35.02	51.8
12.4	23.01	26.91	35.46	57.93	18.81	17.83	30.3	31.63	9.24	29.75	22.49	27.98	42.73	14.49	61.62	17.48	29.08	35.58	16.39	45.06	10.49	32.09	33.96
10.38	12.11	15.14	7.04	15.07	56.85	3.3	56.85	45.31	17.2	42.85	42.85	34.03	5.75	15.73	2.16	4.71	5.03	11.27	49.92	41.23	6.81	56.85	21.95
26.59	19.51	42.79	38.69	51.45	52.14	21.73	49.29	36.89	19.79	25.91	23.4	19.79	8.09	20.64	26.96	41.62	21.01	28.01	34.24	44.48	20.98	22.21	32.77
26.01	22.87	9.78	22.51	41.11	9.79	46.31	37.02	6.89	22.08	37.02	36.57	12.36	21.64	30.77	9.77	23.19	12.36	33.62	32.67	44.39	18.91	26.06	49.03
6.52	7.21	10.88	9.35	32.8	25.31	5.5	35.6	27.9	7.23	42.08	47.23	22.36	9.56	10.24	18.13	10.58	9.07	29.14	8.87	44.81	17.14	10.94	31.88
18.84	47.6	51.98	51.98	59.98	59.98	11.71	63.31	59.98	26.34	76.6	59.98	37.88	26.22	59.98	32.37	37.52	18.95	47.09	47.09	76.6	8.36	19.43	49.89
7.65	17.46	22.21	16.01	43.99	50.9	41.07	40.32	41.58	5.79	48.21	56.94	25.66	29.93	4.97	37.04	26.49	25.69	28.82	30.75	49.4	7.1	22.98	31.01
65.54	39.3	63.86	85.91	67.08	79.67	34.14	46.0	4.14	25.35	79.67	39.3	38.53	66.96	39.3	67.08	33.41	16.67	38.53	67.08	79.67	22.33	38.53	38.53
24.58	24.58	28.52	30.97	51.5	51.5	12.46	38.04	32.93	16.29	30.97	26.87	17.94	38.04	31.67	39.09	44.12	37.57	26.44	13.37	30.97	10.77	25.34	31.39
44.83	54.52	53.11	54.52	59.15	59.15	46.17	59.15	42.12	54.52	100.0	73.49	64.84	53.11	54.52	54.52	64.84	82.65	54.52	42.12	100.0	45.26	54.52	82.65
20.9	16.9	33.6	50.88	62.68	62.68	21.24	56.26	40.63	46.76	62.68	53.12	46.05	27.88	31.83	39.34	18.61	17.58	20.47	22.58	52.58	14.49	21.95	51.55
46.0	46.0	46.0	46.0	54.25	52.07	45.09	54.25	30.88	20.92	54.25	46.0	41.86	46.0	35.59	46.0	54.25	54.25	46.0	48.11	86.64	29.28	46.0	54.25
9.64	25.79	26.1	39.33	44.48	38.02	7.9	48.47	13.81	14.94	28.14	13.33	22.09	14.75	9.93	16.08	30.41	24.44	47.57	18.33	18.85	15.22	7.77	42.73
14.41	8.65	14.82	23.71	27.87	20.62	6.41	17.3	18.92	8.27	14.82	13.32	36.35	10.14	10.07	35.12	14.23	5.11	10.79	27.1	32.71	15.83	9.24	22.15
19.74	24.34	27.93	25.7	18.36	37.04	7.98	14.22	30.42	18.73	32.02	21.63	39.36	3.78	22.64	31.68	23.81	29.69	28.71	31.19	22.69	8.94	36.97	23.65
14.09	22.33	40.29	16.71	33.78	43.77	9.07	40.38	14.79	14.69	45.27	18.93	12.17	19.96	18.04	29.27	33.02	13.43	31.84	37.25	38.74	13.7	11.47	35.94
8.28	8.38	35.96	7.73	40.29	34.3	7.27	38.4	12.64	12.02	18.63	8.76	11.46	3.75	4.92	20.19	17.06	7.27	31.24	9.17	21.94	1.43	12.22	23.55
47.97	23.69	49.74	49.97	47.47	53.84	6.52	51.15	28.56	25.05	60.21	37.15	33.08	11.47	56.55	43.25	40.59	27.61	24.64	34.13	58.45	22.5	38.14	50.84
14.36	34.34	41.47	27.4	56.47	43.47	8.13	33.04	39.66	15.08	58.75	47.32	48.5	40.95	24.07	56.47	37.94	12.72	50.95	31.07	49.69	27.78	53.09	33.3
46.63	22.13	30.94	20.22	49.0	41.22	15.56	41.22	35.83	16.03	41.86	44.54	34.39	35.01	31.83	29.31	26.71	51.98	43.02	28.88	45.81	17.88	20.31	54.56
9.19	32.79	13.29	40.52	35.14	44.77	25.32	61.66	42.9	47.18	25.75	54.36	24.71	10.05	35.22	44.65	15.6	13.88	42.9	19.77	45.51	23.77	13.64	24.26
27.88	66.06	66.06	80.03	80.03	80.03	80.03	66.06	100.0	80.03	66.06	100.0	61.05	43.04	33.85	66.06	80.03	45.79	100.0	66.06	57.74	42.61	80.03	80.03
31.43	36.28	29.75	43.75	47.74	40.83	35.98	40.83	35.73	22.58	45.95	41.59	31.17	30.53	43.39	42.66	31.17	35.73	23.38	24.52	46.19	41.81	35.97	38.01
21.48	25.58	23.91	23.91	16.47	29.55	6.5	24.2	6.29	7.71	17.69	10.94	6.27	14.75	5.54	24.94	6.29	3.6	6.69	6.26	43.34	7.46	6.29	43.34
34.97	41.16	44.92	30.07	79.77	66.89	32.64	76.84	37.52	45.39	85.16	62.48	58.26	40.9	52.08	46.42	53.36	38.24	44.3	50.6	80.11	53.52	45.28	68.62
26.34	7.53	30.87	12.41	55.97	65.84	12.82	49.74	14.19	5.56	33.64	48.0	12.22	30.1	26.26	34.98	31.34	7.29	12.23	41.03	65.35	15.9	22.93	9.21
18.26	10.08	8.23	7.79	28.02	27.1	12.65	28.02	35.4	10.71	56.21	26.63	6.68	16.28	17.74	4.71	33.09	3.98	6.26	42.41	48.47	3.47	19.78	27.01
43.72	29.04	52.35	68.88	50.02	59.2	6.13	18.55	42.59	30.9	38.2	10.89	30.53	30.53	24.74	42.07	72.42	16.13	72.42	25.92	86.56	11.97	40.87	51.23
34.46	53.42	31.91	60.26	78.25	47.63	30.04	78.25	27.67	8.35	60.6	44.74	9.28	33.43	40.98	54.84	40.02	32.79	16.7	70.63	60.6	9.91	33.67	46.83
57.84	57.84	42.5	42.5	42.5	67.03	38.72	54.45	17.47	29.78	57.84	67.03	53.44	20.8	57.84	67.03	29.78	67.03	50.09	50.09	67.03	13.67	67.03	67.03
2.85	7.21	13.26	6.47	7.55	8.47	8.03	44.6	3.76	3.04	7.84	7.51	7.82	7.19	3.83	7.55	13.38	7.55	31.02	2.87	7.84	7.47	3.43	7.82
4.82	4.86	8.42	8.42	27.95	19.12	1.03	31.5	10.5	5.32	43.94	25.03	5.13	4.67	4.94	20.71	5.23	9.09	8.83	13.94	41.39	5.56	7.64	7.66
26.41	15.25	15.58	26.12	45.93	41.94	15.9	48.37	12.31	46.16	37.47	33.21	17.58	23.41	11.56	14.47	29.38	10.83	15.84	20.29	47.99	33.24	14.78	47.75
46.4	20.7	53.14	45.39	47.85	60.18	21.66	59.85	45.31	13.17	43.85	60.35	31.25	34.73	30.37	40.34	45.45	18.73	51.63	27.59	57.31	25.32	40.63	54.61
45.31	45.11	41.65	45.62	43.29	59.94	17.74	54.58	48.63	45.12	59.44	66.89	45.88	24.26	47.99	55.09	39.78	20.21	56.04	55.67	60.64	31.32	57.03	59.28
3.75	14.53	10.01	8.28	22.17	28.3	13.56	36.65	8.67	13.3	17.89	30.83	15.95	9.87	13.74	14.41	18.9	13.56	12.51	14.96	59.62	7.31	14.3	39.88
8.03	6.98	14.25	26.58	11.0	44.1	9.66	14.28	10.66	9.73	33.98	14.04	24.41	10.42	10.81	23.96	13.22	10.66	22.22	10.88	23.6	10.66	25.92	23.13
10.12	28.79	28.98	49.72	56.77	59.46	38.76	56.77	28.19	25.03	56.77	49.84	49.58	47.07	25.54	53.52	49.84	44.52	49.84	50.94	76.7	25.75	38.14	70.14
26.96	20.55	31.85	25.3	69.81	34.49	17.33	58.21	18.25	13.19	76.25	20.55	20.47	11.83	20.02	34.49	27.42	5.97	42.47	33.02	70.35	26.96	20.55	28.9
11.82	28.12	60.49	63.34	64.51	70.51	5.95	60.33	64.51	31.83	41.11	64.51	12.58	14.13	46.01	53.15	19.52	35.42	59.17	62.6	51.29	25.55	63.41	54.93
9.55	11.42	29.54	11.42	29.54	8.91	9.43	8.91	8.91	29.54	29.54	29.54	29.54	11.36	6.44	29.54	29.54	29.54	29.54	29.54	8.91	11.88	11.95	8.91
28.16	14.34	25.23	12.42	61.47	56.8	20.81	47.79	30.12	11.39	61.7	28.18	19.8	9.84	34.4	30.07	5.96	9.9	29.32	7.63	53.41	20.87	16.23	60.05
18.89	18.19	54.63	39.94	39.94	39.94	5.93	39.94	39.94	10.82	39.94	39.94	18.89	25.97	13.67	39.94	18.89	18.19	29.8	20.9	21.72	18.89	18.19	29.8
6.64	6.91	10.13	9.77	13.3	13.3	7.16	13.3	6.67	6.91	13.3	14.26	12.63	10.14	10.49	10.88	12.89	13.87	11.97	12.76	13.3	9.38	9.77	9.96
11.79	10.79	39.46	17.43	48.75	30.47	7.47	34.02	52.62	11.24	24.88	36.14	12.98	13.08	27.35	35.98	27.13	26.38	20.34	22.27	22.18	21.38	33.74	24.67
2.77	51.84	29.08	53.09	68.99	65.03	3.51	40.86	18.54	28.53	68.99	40.05	25.33	37.42	45.97	56.14	43.04	24.47	24.41	37.75	65.03	3.19	46.77	38.18
7.84	24.05	21.4	10.11	52.38	11.6	19.67	50.17	21.4	21.59	10.05	53.91	26.3	8.23	9.24	78.3	79.11	21.97	78.3	7.77	53.12	9.73	21.59	27.14
15.63	17.85	34.23	16.33	46.39	46.97	6.09	59.29	22.4	11.62	57.7	26.81	18.08	8.6	11.66	35.53	11.43	6.62	19.81	15.89	52.61	10.21	13.3	45.18
21.43	49.69	35.48	34.87	73.46	53.75	37.28	76.74	21.23	6.07	65.31	46.9	49.03	6.03	40.64	60.36	15.73	16.65	35.03	11.98	60.36	32.16	26.7	17.1
40.29	44.65	46.84	43.69	64.64	56.23	25.98	56.23	32.7	38.1	56.23	54.46	27.97	33.54	29.91	59.5	46.84	48.4	54.46	42.59	50.52	46.43	31.24	52.03
10.95	23.51	23.61	17.12	31.6	28.66	19.47	36.98	22.67	27.81	25.73	24.61	26.67	18.93	23.51	29.2	28.95	19.79	20.65	13.59	33.19	23.73	19.24	28.33
37.45	52.51	68.68	79.23	71.89	53.09	24.98	63.06	45.23	31.26	71.04	52.56	24.73	59.79	49.77	58.12	64.56	48.61	53.16	58.18	65.12	43.97	50.04	61.6
13.18	36.85	28.29	18.38	23.6	45.01	8.73	40.99	30.63	31.31	37.95	57.81	32.67	56.83	42.29	49.47	38.78	32.68	63.77	58.56	15.12	19.82	33.17	28.29
8.52	8.52	32.47	32.47	32.47	32.47	9.86	32.47	13.49	11.73	66.06	32.47	13.13	13.13	22.72	13.49	13.13	8.52	32.47	11.73	32.47	8.52	32.47	13.13
22.72	23.05	22.92	40.74	52.12	73.48	26.97	14.97	36.52	42.9	57.1	53.75	49.76	55.93	9.34	35.21	38.53	14.33	20.01	16.09	52.09	25.58	22.77	23.61
8.95	14.6	43.75	14.95	41.61	9.33	9.24	37.95	14.6	9.55	40.91	9.55	8.97	4.05	21.67	25.4	21.87	14.46	25.95	46.83	16.54	15.02	9.55	43.75
23.15	22.29	26.4	25.95	45.55	42.76	22.04	57.04	32.25	9.13	64.91	41.37	27.76	32.31	22.28	13.19	43.85	24.48	8.76	46.74	58.24	25.07	31.82	62.89
4.94	25.25	19.27	23.58	34.33	43.37	12.29	40.88	5.72	9.35	39.15	43.55	28.68	9.39	23.15	42.34	25.08	9.43	37.34	12.29	45.86	12.74	19.67	43.61
16.32	10.33	13.72	6.96	8.56	8.56	9.56	11.15	39.05	2.07	31.57	12.98	6.44	6.11	5.93	4.72	12.11	12.11	6.62	10.08	31.57	5.12	11.73	39.32
20.07	16.81	30.48	16.54	38.85	31.5	18.51	51.44	37.13	25.38	28.42	31.5	23.31	20.33	32.29	31.78	21.57	23.55	18.95	29.28	51.44	18.18	35.32	60.02
19.72	19.72	44.82	46.85	33.16	53.5	10.41	72.86	36.7	21.87	46.85	34.82	34.82	21.82	25.96	37.03	46.85	38.74	24.26	34.23	65.91	50.78	24.26	53.5
37.86	40.11	26.89	27.68	43.38	25.38	26.34	20.53	30.64	26.69	33.21	33.21	21.16	25.55	15.94	45.52	27.98	38.46	12.83	37.72	15.05	27.53	16.43	40.55
59.48	23.56	67.06	71.58	78.01	59.61	52.09	42.69	41.24	27.43	67.9	35.56	41.41	38.92	17.44	59.48	30.67	36.43	61.42	67.45	67.9	16.33	67.92	67.9
46.39	38.38	73.85	61.68	80.44	72.15	22.32	70.62	47.21	32.95	72.15	70.62	40.47	68.77	18.34	64.84	58.16	70.62	61.6	71.71	80.44	47.54	61.6	82.07
37.22	37.22	34.66	38.18	70.94	35.42	35.4	41.45	17.66	37.89	70.94	34.66	37.22	66.98	34.66	34.66	63.49	34.66	35.42	39.61	41.45	37.22	34.66	37.92
16.82	11.04	31.75	28.98	33.57	31.15	15.8	51.98	31.75	18.24	42.9	33.1	46.36	49.03	9.15	25.92	11.65	27.11	21.21	26.57	56.69	18.75	29.05	24.72
28.01	30.88	9.43	10.44	28.0	40.26	17.38	30.89	10.82	7.8	40.99	15.88	25.77	21.88	26.18	16.96	21.41	25.84	22.19	29.93	34.3	20.07	29.63	8.79
11.17	17.84	15.98	13.75	17.83	18.06	10.33	19.3	19.8	3.24	18.39	19.32	26.5	32.37	9.84	10.1	15.79	4.37	14.22	19.48	32.74	9.82	15.36	16.36
46.06	42.46	41.46	40.03	37.46	58.42	35.28	86.96	32.6	24.54	65.0	40.46	49.1	34.73	33.62	57.45	41.79	31.42	39.81	27.59	65.0	26.77	39.47	30.39
7.67	6.98	20.29	27.75	43.33	37.68	5.51	48.72	35.88	14.61	33.57	30.99	17.43	8.93	19.16	20.25	8.46	29.69	21.33	37.85	44.04	8.92	10.53	49.64
6.25	6.25	7.35	7.35	8.49	5.82	10.15	36.09	4.46	3.22	12.55	7.86	7.86	7.5	8.3	8.91	11.21	8.91	8.89	11.21	36.09	3.39	9.24	33.01
23.0	31.33	34.21	21.72	25.55	71.62	16.5	71.62	25.55	17.47	25.55	39.13	25.55	40.07	23.0	71.62	23.0	58.69	25.55	58.61	71.62	11.15	63.5	71.62
10.14	16.4	35.72	35.72	35.72	35.72	35.72	53.91	35.72	16.4	53.91	35.72	35.72	16.4	9.24	34.61	35.72	24.11	32.52	47.04	53.91	35.72	24.05	53.91
23.87	31.66	37.66	40.46	36.36	41.72	12.9	46.93	39.35	22.1	53.39	38.76	29.3	31.91	14.66	39.35	27.65	22.17	41.33	40.14	50.7	42.05	41.7	38.94
24.54	20.87	35.12	20.66	19.21	35.53	19.46	35.96	14.17	21.94	31.6	28.3	26.34	19.84	19.09	19.42	26.31	25.09	12.5	25.8	20.64	7.52	20.36	31.5
29.24	42.82	67.63	71.89	59.75	59.75	25.49	83.94	71.89	7.54	83.94	42.06	32.23	15.54	46.25	43.56	67.63	47.27	71.89	67.63	83.94	24.72	50.14	34.11
20.61	27.7	32.77	32.88	19.01	36.25	32.76	51.95	26.67	24.42	50.68	56.42	28.85	23.56	28.65	36.65	38.36	33.61	52.05	16.88	30.28	7.26	32.29	24.77
4.35	5.17	5.47	23.46	23.26	31.48	5.94	27.81	5.47	5.37	31.43	5.37	5.37	7.15	5.06	17.34	5.28	5.95	14.2	5.94	32.84	5.27	5.37	27.86
10.8	29.27	27.88	13.61	28.35	29.25	28.35	48.74	27.13	13.62	47.93	37.63	24.91	9.39	13.71	16.37	37.72	18.56	26.57	15.74	36.45	14.99	15.75	36.45
24.4	24.32	22.53	26.69	28.26	31.38	19.09	38.09	27.15	9.6	42.14	25.19	22.99	21.8	38.91	29.99	22.67	22.57	24.39	42.28	42.05	21.82	23.07	35.27
35.99	35.99	26.98	30.28	31.87	25.59	56.83	53.08	38.79	24.62	57.49	28.53	35.99	7.44	22.13	29.15	17.47	14.88	38.79	28.53	28.53	39.85	38.79	28.53
11.95	43.35	23.27	38.91	63.67	30.63	16.4	37.4	13.19	19.09	52.2	58.98	31.27	24.61	18.56	47.15	35.19	23.8	15.21	39.9	64.06	18.77	24.61	38.59
37.39	56.27	28.36	38.2	39.9	39.9	37.52	38.2	36.23	37.5	43.85	36.23	38.2	9.85	38.09	39.9	38.2	35.69	38.2	14.98	27.26	35.69	38.2	17.02
5.44	11.4	13.0	29.27	23.87	23.0	7.93	29.8	10.89	12.59	26.34	7.78	13.83	12.36	11.39	13.88	21.89	12.31	8.1	5.27	50.13	12.09	29.25	6.15
32.79	21.87	25.58	26.46	49.85	32.82	26.8	75.63	33.49	45.1	80.53	25.58	30.34	28.43	26.98	58.83	50.67	18.84	58.83	20.04	46.15	32.79	25.58	32.82
22.56	26.33	35.78	50.62	49.59	48.84	10.92	48.52	44.48	19.42	56.72	45.01	26.97	28.49	39.36	37.31	29.74	26.16	44.29	57.15	59.99	17.9	44.29	49.59
30.6	7.9	68.92	63.64	72.88	87.39	16.16	87.39	7.73	11.15	50.69	36.83	9.14	7.87	19.14	55.5	34.82	34.82	44.65	24.34	87.39	6.66	36.71	68.92
35.48	8.79	42.01	36.64	28.62	31.76	7.2	32.4	41.55	37.18	14.76	29.67	34.32	5.73	24.15	29.28	30.71	34.85	29.27	43.83	37.57	12.9	13.12	27.64
26.7	39.39	47.73	38.1	40.79	32.11	25.74	59.07	37.43	36.51	34.05	47.73	24.73	26.51	38.46	35.39	39.62	9.23	26.24	44.41	26.76	25.3	59.77	21.85
38.27	11.27	29.99	30.45	34.65	53.94	34.29	29.84	28.21	32.22	48.54	14.23	35.32	9.94	46.46	37.49	33.99	34.29	30.45	11.02	35.33	12.33	29.99	29.99
4.76	42.19	31.14	57.29	67.31	57.29	47.32	59.4	57.29	40.98	67.31	49.25	46.84	45.64	54.48	67.31	21.27	49.25	37.63	49.25	49.25	39.11	49.25	21.27
12.63	46.34	48.09	52.01	46.64	73.92	14.04	21.64	63.64	25.16	75.39	22.87	25.19	34.91	73.92	63.64	29.17	45.51	47.78	60.08	65.04	30.03	48.95	45.73
6.63	6.1	44.02	26.53	51.61	54.68	14.96	70.4	34.03	9.38	66.78	51.47	28.13	9.38	16.97	64.87	16.59	17.54	32.23	10.98	75.91	7.44	21.95	72.0
7.44	7.2	35.99	26.15	30.34	53.27	10.66	74.44	9.63	5.58	70.4	70.4	19.84	8.9	12.1	53.27	33.36	34.92	52.36	10.18	75.91	5.54	16.95	72.0
12.16	6.94	16.28	30.91	18.7	36.16	4.94	42.26	12.99	3.82	35.83	11.43	12.31	13.62	14.58	9.39	23.77	7.7	23.36	27.9	27.18	8.93	15.06	43.15
13.86	22.37	28.1	23.42	27.25	13.22	26.2	34.67	28.1	8.69	54.64	19.26	60.05	21.32	50.13	19.26	15.27	44.35	26.68	57.06	32.92	10.39	54.07	23.63
3.85	3.66	44.77	13.61	13.26	18.84	25.28	60.3	13.26	11.63	13.61	40.54	13.26	23.7	26.8	17.03	37.15	11.95	16.94	47.11	13.61	3.85	13.61	41.21
13.67	11.36	11.36	20.78	20.78	31.8	24.38	20.77	29.78	15.73	31.8	11.36	11.36	8.91	8.91	11.36	20.77	11.36	9.03	6.75	19.44	13.67	9.6	13.15
5.35	14.2	11.91	3.75	28.5	6.9	5.74	11.37	9.37	6.14	11.68	10.79	6.89	3.07	6.42	7.31	8.07	9.08	14.02	26.46	15.66	4.64	8.19	15.66
6.64	11.57	29.35	39.77	47.4	54.0	8.26	69.61	13.77	16.58	60.71	31.26	9.75	10.82	35.89	29.37	26.6	7.39	11.5	10.33	67.11	7.74	22.6	58.37
3.49	3.49	3.75	3.49	6.97	6.97	3.49	6.97	13.46	3.47	3.96	3.96	3.49	3.49	3.23	3.49	3.74	3.49	8.6	3.49	8.62	3.49	3.75	3.75
40.52	40.93	50.72	53.52	53.52	41.41	12.88	53.52	50.94	50.0	46.03	50.72	53.08	28.19	27.6	36.02	53.08	16.47	63.4	74.48	46.03	30.67	48.21	36.02
42.78	38.56	41.82	35.09	57.33	52.95	10.38	51.16	52.58	27.64	60.32	52.18	40.72	46.1	37.78	37.29	50.13	38.8	52.95	59.42	57.95	28.73	47.1	58.64
19.08	7.46	25.97	44.68	63.47	60.9	5.61	43.76	10.74	6.69	49.54	11.55	31.7	11.96	14.57	16.16	22.09	24.2	20.51	33.1	55.89	13.28	41.44	51.93
13.07	16.96	16.69	18.24	7.13	16.42	8.54	16.69	19.89	4.18	4.66	17.54	19.21	6.76	19.86	18.13	17.22	18.26	15.91	16.7	19.48	10.8	20.35	16.69
42.63	21.88	24.33	18.18	41.58	23.39	36.24	35.76	16.69	18.17	31.65	30.02	25.99	20.48	22.01	23.35	18.91	7.99	25.28	38.01	39.25	22.09	36.33	8.82
21.34	17.27	15.49	20.79	20.79	20.79	6.45	70.83	17.78	17.78	62.73	20.79	22.83	18.24	17.78	14.45	11.36	6.59	28.55	10.98	36.71	15.54	17.78	35.75
6.94	5.8	30.54	43.0	56.06	42.4	20.19	40.06	34.25	12.86	62.78	33.41	9.25	30.3	10.6	30.59	33.41	34.19	42.01	34.27	50.28	19.55	23.02	60.08
13.62	19.99	55.63	42.62	43.78	37.72	30.31	75.76	37.91	17.86	71.24	43.78	24.08	24.08	34.06	67.67	34.59	35.68	47.46	29.51	29.5	19.99	25.08	26.34
30.77	36.3	45.81	36.29	58.47	64.95	21.62	76.19	67.66	11.78	58.65	42.22	30.64	17.83	38.36	18.17	41.82	50.99	47.79	36.15	61.71	35.72	47.24	51.19
30.54	20.32	36.74	22.28	48.01	36.31	28.28	43.76	35.86	37.03	47.64	37.29	19.17	20.39	22.63	32.67	29.11	7.51	25.8	28.33	32.97	15.03	30.28	32.34
5.61	5.52	17.07	9.98	27.3	18.58	30.21	5.6	5.3	15.85	35.08	9.86	4.79	15.11	6.61	100.0	5.6	5.6	5.6	10.55	5.6	8.91	5.3	69.89
40.85	37.38	45.6	47.69	74.82	60.76	33.7	61.6	39.75	36.38	50.11	33.18	43.49	31.88	48.65	58.34	34.56	26.28	52.63	49.52	50.82	39.83	53.3	53.84
26.76	14.63	20.45	33.55	33.55	20.68	34.08	47.04	33.55	7.43	20.62	20.62	20.68	23.14	16.19	14.63	7.41	33.55	20.62	21.65	70.16	15.26	20.62	34.08
9.39	17.38	46.77	22.52	47.74	33.52	28.47	26.58	30.58	39.32	40.83	19.16	15.29	3.94	16.07	40.09	22.56	33.34	18.46	44.67	27.7	36.01	27.37	40.31
18.47	13.1	29.99	15.02	30.18	41.89	20.31	46.82	29.39	6.52	37.82	27.55	8.01	25.99	32.83	28.18	13.81	7.05	4.76	22.36	35.39	5.3	23.51	46.03
41.29	16.9	64.69	45.02	43.23	72.03	26.34	18.19	20.06	23.74	77.28	40.22	35.62	11.59	53.55	33.51	52.15	20.77	26.7	8.7	77.28	20.59	50.82	36.61
12.45	10.86	11.58	45.45	36.84	7.76	11.6	54.96	21.46	26.61	51.29	31.72	31.08	13.89	10.9	30.99	28.46	30.43	23.78	32.79	51.75	7.0	23.86	38.77
49.68	69.01	45.79	82.82	81.97	45.79	32.95	61.48	64.48	33.33	67.84	67.84	13.91	22.96	39.82	48.36	81.97	81.97	67.84	40.44	81.97	24.3	50.69	81.97
6.28	6.29	9.12	7.26	9.12	13.97	11.33	20.67	8.45	17.69	17.21	9.12	8.27	5.41	17.12	8.45	12.53	2.8	6.07	5.89	8.27	19.01	19.77	19.67
60.67	72.12	37.29	43.59	68.07	74.72	30.76	68.42	41.17	16.17	68.42	32.43	33.66	37.64	29.23	44.76	40.65	25.19	44.52	31.19	56.4	30.82	42.06	63.06
20.24	14.15	14.83	25.84	25.84	14.48	19.12	23.89	12.1	18.96	38.01	38.01	26.87	13.64	30.05	26.87	19.42	28.77	20.01	26.0	38.01	25.17	25.84	25.75
44.12	35.69	68.69	54.18	62.06	77.89	48.16	78.76	42.3	33.52	74.46	86.24	45.46	30.45	59.9	0.0	65.5	47.9	64.02	6.9	77.52	28.59	42.29	92.79
16.32	54.21	56.83	88.52	89.8	88.52	11.5	88.52	89.8	89.8	89.8	88.52	33.5	54.21	56.84	73.71	9.22	34.93	53.88	10.24	57.82	62.95	69.34	56.83
5.74	15.23	24.18	41.58	30.33	13.5	29.52	35.09	27.0	6.36	41.88	30.39	30.4	23.2	12.7	12.58	46.77	33.17	24.34	18.43	14.61	25.19	27.48	31.36
10.58	37.89	35.56	25.6	45.69	30.65	26.11	46.54	31.7	28.63	58.27	38.77	29.4	42.99	27.89	42.29	30.68	26.08	44.36	35.67	62.87	28.58	25.6	54.3
32.34	12.62	38.93	43.84	74.52	38.93	40.74	27.37	24.86	14.92	64.04	41.16	32.99	25.87	28.6	41.15	30.41	6.08	32.99	24.96	41.16	12.7	16.62	34.61
29.76	34.32	44.6	47.9	42.66	57.51	17.13	47.9	57.01	24.99	40.13	51.93	31.82	25.98	19.78	59.04	32.71	26.14	42.66	26.75	46.77	14.23	47.65	40.04
33.25	17.28	42.36	35.95	36.17	36.17	35.32	46.26	24.47	13.15	29.58	25.09	32.22	27.15	26.5	20.54	27.27	21.25	19.4	35.16	29.24	26.89	27.25	42.38
51.97	31.85	31.85	38.32	53.09	46.44	33.27	76.38	35.19	46.44	68.28	31.85	10.6	17.65	35.56	50.13	47.48	53.14	69.51	51.46	68.28	17.42	41.26	53.14
41.95	17.53	33.47	40.23	48.09	53.51	7.32	35.61	34.42	24.45	45.03	25.76	49.61	21.16	21.63	36.05	26.34	24.7	19.71	29.61	60.5	33.37	31.4	21.36
54.27	28.62	39.3	28.18	66.96	85.91	6.98	96.07	33.2	11.64	85.91	39.3	27.87	66.96	29.44	39.3	54.27	38.53	67.08	52.64	66.96	28.62	38.53	67.08
9.62	13.61	21.55	21.55	19.74	30.59	16.32	35.68	6.83	17.83	12.51	6.2	22.47	4.68	11.48	26.1	12.3	11.92	9.87	6.34	11.66	16.96	8.07	13.39
35.0	42.33	45.31	60.13	41.73	48.63	43.99	79.79	45.14	19.54	65.28	59.47	52.92	26.86	31.09	37.45	27.64	31.33	21.09	50.96	70.18	49.34	64.72	79.79
24.36	25.77	44.92	45.1	70.4	61.5	23.23	53.09	38.61	37.42	79.39	66.44	35.29	20.33	37.86	65.87	46.59	37.54	59.48	32.81	70.4	43.48	36.01	53.39
46.06	34.77	15.19	17.24	5.44	32.69	40.32	45.79	36.5	6.59	20.32	20.32	19.5	23.5	11.44	30.11	29.6	22.25	46.87	20.79	13.28	19.9	21.35	11.18
9.2	9.52	45.01	6.33	26.16	14.26	34.67	18.76	5.06	8.66	51.37	6.33	38.83	5.06	8.37	18.44	5.01	5.3	5.84	5.17	54.03	5.44	27.93	5.84
16.31	28.74	55.32	72.27	74.32	70.29	12.82	100.0	5.94	25.97	92.76	43.12	14.97	30.83	17.25	70.51	33.99	32.0	37.63	68.23	70.51	18.12	49.99	70.51
11.64	42.46	54.02	60.32	77.78	61.09	22.25	77.78	37.57	42.09	77.78	53.82	53.82	32.76	29.11	60.32	71.6	50.82	60.32	53.09	53.82	38.76	42.25	43.59
2.77	4.09	19.92	29.89	25.24	40.66	14.65	34.6	11.05	6.24	34.6	39.73	18.47	25.52	20.6	32.66	28.06	23.58	16.72	9.03	36.17	3.62	16.07	28.13
53.87	9.11	29.8	25.62	36.43	59.23	29.53	62.65	54.02	53.16	59.23	23.93	51.12	15.75	22.13	21.42	58.34	8.23	13.32	1.82	62.65	31.75	53.87	31.68
25.19	26.73	36.52	12.98	34.44	14.75	26.18	18.24	11.58	11.45	19.57	11.58	13.07	15.3	7.02	25.54	16.36	20.58	23.22	23.71	18.85	19.98	18.68	13.86
8.51	43.88	14.88	13.76	14.88	14.88	10.88	48.19	12.11	18.09	47.97	18.93	33.08	29.02	14.3	13.76	34.32	7.71	12.79	43.88	82.82	11.95	13.11	18.93
7.44	20.46	24.26	9.24	24.26	17.69	8.1	24.26	3.0	6.23	20.04	20.46	7.22	7.22	10.58	20.46	11.95	8.23	6.81	6.47	20.04	6.81	10.98	57.31
22.35	24.06	38.41	34.38	38.66	41.57	19.73	47.43	20.72	38.47	43.86	35.26	36.12	24.38	26.69	58.82	33.26	26.14	53.08	14.99	43.37	23.74	37.47	23.66
14.08	12.66	18.81	13.28	27.33	19.86	12.46	21.13	19.86	9.26	21.13	15.8	14.92	18.74	18.19	13.95	27.72	12.9	19.86	16.05	21.13	20.72	14.73	16.09
18.75	10.61	52.02	9.39	66.14	58.89	36.87	64.87	23.83	36.95	52.02	43.02	49.08	15.09	50.26	64.01	22.48	31.75	52.9	35.46	66.14	35.27	52.15	49.22
46.86	46.86	55.33	55.33	81.54	68.65	46.86	68.65	68.65	68.65	68.65	81.54	68.65	46.86	18.51	61.28	29.62	50.78	55.33	55.33	68.65	42.57	29.62	55.33
9.62	18.6	26.38	28.28	57.27	60.68	11.42	61.37	24.47	17.92	73.23	44.06	8.71	14.2	33.26	44.97	30.25	7.83	34.81	11.45	69.1	30.82	22.59	15.55
35.28	32.69	36.19	57.57	46.79	43.33	50.04	57.03	54.23	21.25	76.07	75.39	43.4	46.17	38.83	73.24	57.86	25.04	60.59	23.22	68.18	38.46	44.41	52.54
25.3	16.07	24.95	27.36	30.11	29.82	8.87	64.16	47.68	21.61	61.07	42.73	37.34	32.68	32.16	40.8	45.53	14.6	34.9	21.28	33.74	11.39	32.46	18.14
4.25	4.62	7.47	18.58	21.36	4.62	8.91	21.36	18.58	4.62	21.36	18.58	4.37	4.62	10.55	18.58	18.58	21.36	21.36	4.25	21.36	4.62	18.58	21.36
10.12	5.75	6.02	6.25	39.38	12.45	5.68	34.9	6.92	9.31	7.96	12.45	12.45	3.21	27.32	27.23	6.44	5.44	12.45	26.8	34.9	2.86	34.9	12.45
11.24	8.69	8.69	16.44	60.81	14.79	5.07	34.18	13.55	29.79	13.58	8.69	7.91	15.33	4.13	5.24	8.06	17.49	9.97	8.54	27.2	7.51	4.63	19.89
9.23	9.23	7.61	25.22	14.92	57.65	4.13	41.31	34.06	5.22	44.0	12.8	16.01	9.23	7.94	41.74	16.01	8.87	19.61	25.57	31.34	3.94	9.57	14.48
35.28	32.69	34.77	27.14	46.31	35.02	23.48	68.18	38.4	29.58	55.24	70.74	43.4	46.17	29.48	0.0	76.98	20.92	53.42	49.8	68.18	39.55	47.37	39.24
4.05	12.29	14.67	26.81	27.17	24.59	13.6	21.42	8.86	24.35	29.94	13.83	32.53	15.05	12.07	11.88	9.55	7.73	18.5	10.35	27.17	8.09	7.91	14.4
12.15	17.24	15.33	35.81	12.09	8.87	13.08	12.37	15.27	17.55	17.21	11.39	10.72	6.66	11.45	8.77	15.29	12.02	18.23	4.19	12.37	8.69	7.77	14.71
35.49	25.3	30.67	25.9	32.2	34.22	21.53	35.06	30.48	16.27	37.83	23.36	32.89	21.96	22.75	22.38	30.28	27.69	47.47	21.7	34.78	25.35	30.74	36.73
22.78	29.79	45.56	29.95	43.78	57.08	38.38	41.94	19.54	23.28	41.76	36.46	35.81	20.53	16.3	45.3	43.36	15.38	33.09	29.59	41.94	25.85	37.29	40.55
15.95	1.14	23.39	9.86	25.21	40.02	11.21	16.7	21.9	41.79	36.66	22.17	14.4	8.05	18.1	52.62	22.54	2.76	20.56	13.75	30.27	22.37	20.45	24.65
39.03	36.82	39.47	26.31	41.03	34.33	37.34	42.49	35.86	35.95	43.11	28.97	23.72	28.35	26.77	42.86	39.03	40.95	40.45	33.53	44.11	23.93	35.77	43.11
22.79	6.29	15.77	8.45	13.97	15.59	24.3	13.97	13.91	13.11	59.56	16.68	13.91	12.9	5.93	16.68	27.43	53.87	12.9	13.91	56.14	5.68	13.91	14.23
7.11	4.04	7.15	4.86	25.56	25.91	5.26	54.21	5.37	9.8	47.82	5.26	7.43	5.71	5.24	15.33	6.67	9.23	9.97	8.17	37.74	5.36	6.27	33.13
13.62	24.85	24.85	15.82	38.02	44.22	10.48	23.99	38.02	24.85	22.69	38.02	19.27	22.34	17.85	23.99	22.69	22.69	23.42	14.04	27.19	15.28	23.42	23.99
21.56	6.29	45.47	13.17	13.17	13.16	30.7	13.17	22.91	13.16	13.17	35.99	8.0	12.16	9.23	22.91	35.99	14.96	51.83	29.28	37.89	5.35	13.16	13.11
6.4	4.27	15.82	10.6	22.75	12.4	4.15	41.56	7.95	7.51	12.07	12.43	10.55	1.96	17.95	0.74	7.52	10.62	12.08	10.84	19.51	6.99	7.67	24.48
12.02	27.14	38.95	1.11	35.3	42.99	21.52	69.27	27.53	12.98	65.82	36.5	21.4	28.7	40.19	24.24	45.19	32.49	66.89	43.02	46.13	6.84	15.49	40.19
15.73	13.19	7.41	6.08	13.58	15.29	17.64	24.88	28.46	17.08	13.14	17.9	22.41	15.39	15.88	27.61	16.14	17.11	21.49	31.23	15.13	22.66	19.12	24.85
43.86	16.37	34.22	27.22	40.85	44.26	18.63	30.96	30.3	23.48	49.47	19.24	21.11	33.14	17.14	37.65	22.26	10.06	23.48	23.26	51.77	18.49	30.12	46.74
44.69	37.32	39.63	21.18	83.43	41.35	30.45	67.37	21.25	21.74	65.42	20.24	37.63	18.08	47.48	49.82	29.74	37.58	43.36	28.73	39.22	33.9	32.48	35.76
9.93	5.04	22.62	10.28	9.45	28.36	8.31	32.09	6.6	21.11	27.12	10.98	6.54	28.05	25.93	6.99	16.04	10.58	11.35	9.47	39.06	22.87	8.31	24.28
7.06	10.65	10.41	18.13	14.16	19.97	8.03	18.09	16.41	5.65	25.26	11.46	6.79	10.06	10.07	20.8	10.41	7.17	29.79	13.33	16.87	6.44	14.71	13.32
7.14	7.14	10.6	8.52	9.67	7.14	38.07	7.77	7.77	6.25	7.77	6.25	3.46	7.77	79.64	39.83	6.75	6.61	17.1	67.04	7.77	14.46	12.87	57.61
18.37	45.04	41.71	19.52	75.12	26.8	34.12	63.04	28.55	12.87	83.97	70.72	38.19	45.02	15.73	29.7	57.61	44.75	74.81	24.13	70.2	9.64	16.63	58.19
43.03	51.55	53.2	44.3	27.84	45.67	32.0	19.36	35.06	20.04	52.22	41.82	56.2	35.33	16.92	35.06	62.61	47.26	39.15	34.55	71.88	17.58	24.15	32.01
45.38	47.82	17.61	9.78	70.42	70.42	17.68	62.45	51.52	40.9	62.45	40.95	15.29	6.35	28.81	42.08	55.03	30.71	44.02	21.33	79.21	42.38	53.27	19.37
51.99	35.23	63.59	52.63	81.6	71.36	60.98	70.97	46.98	47.58	81.6	71.36	55.32	42.29	64.16	62.83	52.8	23.65	60.87	80.56	90.06	54.66	63.03	57.64
21.49	19.99	47.69	61.22	48.88	47.46	12.5	75.75	24.97	18.94	58.45	39.21	42.36	20.79	38.99	47.24	22.08	17.35	38.06	20.79	46.87	28.75	40.08	31.97
43.43	52.48	54.0	66.89	55.8	69.24	48.35	71.79	69.24	55.8	62.27	61.26	46.58	66.47	52.1	53.53	62.67	59.44	60.64	12.29	68.34	7.83	37.87	62.2
24.62	22.7	47.36	41.12	36.34	32.23	23.4	56.11	42.94	8.23	57.16	43.04	25.28	39.68	20.82	43.21	25.28	25.28	30.26	30.91	66.54	24.72	29.12	66.54
14.53	24.07	16.2	13.79	27.55	17.12	10.7	20.52	22.87	14.96	16.68	26.9	24.04	14.23	5.41	28.15	15.52	25.96	6.61	20.04	25.96	4.72	27.55	27.55
18.77	23.69	30.94	30.26	49.36	67.84	23.69	74.48	34.46	24.62	67.84	67.84	28.19	21.42	23.59	26.46	46.99	28.19	49.85	28.94	67.84	28.98	34.46	24.94
11.67	26.11	57.78	54.97	45.81	57.78	27.85	23.4	36.19	26.11	11.88	12.01	25.99	10.86	40.99	49.88	29.66	45.81	51.09	33.81	11.98	39.08	51.92	16.61
9.19	13.66	56.69	6.91	39.39	43.91	17.44	35.26	31.21	3.71	34.05	25.07	18.96	18.08	6.34	33.43	24.0	6.61	20.67	16.02	10.85	13.34	16.66	28.28
27.08	25.87	7.61	25.62	44.66	27.92	23.1	77.64	29.49	9.45	66.14	39.43	34.67	24.83	22.1	16.02	39.43	20.87	42.69	64.17	67.0	25.31	17.86	68.62
20.76	15.96	10.12	21.51	55.88	72.84	38.84	75.39	32.92	17.1	100.0	29.2	10.98	16.58	11.27	59.34	43.78	37.12	38.79	9.14	75.39	3.27	48.08	42.59
16.52	16.1	40.54	51.83	11.15	56.31	11.71	67.38	17.05	15.73	55.59	42.22	40.54	7.37	23.97	40.31	24.17	35.0	32.55	25.11	62.94	30.18	16.87	28.25
24.26	12.09	32.23	16.75	43.19	53.08	22.25	28.63	17.2	27.04	21.21	23.69	10.57	11.67	30.04	26.34	37.83	10.31	25.22	32.23	28.63	21.95	24.19	37.83
44.18	48.81	32.28	22.27	23.89	43.72	39.33	43.72	15.05	43.72	41.58	10.86	22.72	26.15	25.68	19.27	32.19	43.72	43.72	34.78	43.72	35.22	47.63	33.61
16.89	48.04	39.93	38.1	41.25	43.94	35.15	55.75	32.6	32.82	46.73	37.18	34.43	26.85	44.87	43.97	23.09	21.94	32.01	29.69	37.91	8.02	20.61	46.73
25.09	19.44	47.02	53.03	63.75	52.83	9.9	78.77	13.75	33.29	61.01	46.36	41.62	38.98	30.9	48.47	56.3	44.64	41.79	20.58	45.33	25.72	55.94	32.67
7.49	31.08	56.3	33.61	48.05	50.57	6.76	54.66	23.63	8.94	62.89	53.55	18.11	32.39	29.91	34.89	23.36	12.18	30.23	48.07	61.75	16.31	44.23	38.72
46.33	38.36	41.21	44.12	60.44	51.71	45.81	56.1	39.15	38.63	56.1	32.42	44.43	38.11	39.32	45.26	45.29	32.37	49.35	47.24	46.8	45.55	51.3	39.47
33.74	24.38	48.09	32.25	33.62	47.28	12.64	36.95	25.11	30.68	33.32	44.64	35.93	35.22	19.27	41.13	42.27	28.79	47.23	22.75	39.74	30.01	28.02	51.34
14.06	13.72	40.0	25.75	22.04	30.88	15.3	44.0	16.29	17.86	48.44	41.31	16.49	30.45	14.94	16.6	23.16	22.75	18.53	39.46	35.33	18.53	17.22	35.32
12.68	11.83	19.86	19.86	22.48	22.48	12.88	19.86	19.69	8.07	19.86	19.46	19.69	21.58	16.66	12.38	11.83	9.36	19.46	13.66	22.48	10.11	12.68	19.27
47.23	62.89	63.74	77.67	51.64	71.62	25.78	68.98	46.39	16.74	57.91	26.21	45.96	49.83	42.55	34.41	58.62	57.46	64.71	60.16	65.12	35.41	47.63	79.95
9.07	6.53	3.37	18.88	27.74	16.86	8.64	30.96	23.14	7.17	45.39	11.5	3.24	1.91	10.51	9.65	7.1	7.1	3.12	9.69	36.24	6.48	10.88	10.62
26.16	11.37	54.61	7.09	37.84	48.83	10.69	37.74	43.31	28.09	48.55	44.13	14.06	25.13	38.0	54.61	13.38	15.35	21.37	29.21	50.67	22.1	26.16	16.08
47.36	20.46	20.57	24.26	32.23	20.46	43.01	32.23	56.11	23.69	53.37	32.23	18.38	6.59	16.68	18.95	46.37	18.11	40.03	12.09	56.11	12.15	53.57	40.03
10.59	5.65	8.97	51.39	29.48	41.71	11.7	65.74	5.82	6.78	91.55	67.49	18.38	13.54	42.05	53.78	44.36	31.55	36.83	19.61	56.38	15.46	31.3	17.55
40.53	54.99	48.3	44.91	41.98	55.74	35.32	39.11	42.3	29.17	40.64	40.15	33.52	25.79	36.69	53.36	43.24	22.73	42.63	45.02	32.46	33.98	39.58	34.46
16.81	7.89	13.22	22.6	13.26	22.92	2.45	21.65	24.11	24.11	17.38	28.29	34.67	12.78	11.62	9.29	12.95	6.27	24.11	12.25	41.69	30.11	13.22	24.23
44.94	35.03	33.67	20.96	48.07	37.93	20.08	42.9	31.01	22.08	46.44	36.52	18.23	42.88	23.74	31.59	31.59	16.89	14.98	26.19	46.44	43.67	31.79	48.07
17.89	23.69	33.65	43.68	27.1	18.61	19.27	22.79	26.1	19.92	54.02	25.34	39.85	11.69	10.33	64.14	30.09	39.85	20.76	16.75	26.18	27.57	32.23	12.73
24.3	43.32	43.99	48.83	49.61	76.96	27.9	56.38	28.5	30.96	76.96	76.96	45.02	43.99	50.57	51.71	28.3	45.02	56.38	35.13	62.81	28.63	62.81	33.85
17.21	37.42	24.2	17.78	61.3	48.9	48.9	17.4	12.43	24.11	61.3	57.54	57.54	48.79	12.21	57.54	10.95	23.29	19.24	57.54	61.3	22.34	40.21	46.1
45.82	35.21	35.2	35.86	32.93	57.58	35.54	57.7	20.34	32.12	72.03	50.6	33.34	54.02	30.68	37.92	62.07	17.14	35.86	20.68	73.21	20.66	40.4	50.75
11.89	11.35	56.0	28.28	36.78	43.77	16.54	42.47	24.13	17.4	45.31	31.62	9.17	7.36	24.55	47.18	42.29	22.82	27.13	39.33	54.3	28.98	32.6	38.12
29.59	16.46	24.34	32.61	67.45	33.96	38.94	81.67	32.57	27.58	53.27	42.8	14.15	43.3	54.9	38.02	36.45	12.28	34.37	6.8	67.45	14.41	14.04	43.54
34.45	52.29	25.57	38.22	50.35	21.4	40.82	41.44	15.42	24.6	37.0	33.58	24.72	27.7	30.1	48.24	28.0	31.01	21.82	25.56	54.11	41.12	35.38	26.92
40.51	69.44	54.5	69.71	50.3	82.07	29.62	34.81	67.16	41.13	90.25	43.58	80.2	25.4	58.01	26.89	18.74	9.03	90.25	71.12	90.25	56.03	47.92	72.15
42.12	38.21	16.46	17.35	42.76	40.24	23.68	64.95	20.32	18.04	42.0	33.97	46.53	8.81	16.52	41.58	34.87	39.93	39.67	10.1	46.32	5.98	32.46	49.09
41.48	46.96	23.35	23.49	23.93	24.49	48.94	23.93	19.64	22.1	31.65	33.96	19.76	37.84	12.29	23.93	13.33	20.13	16.25	36.85	24.49	26.38	28.28	35.36
17.8	5.96	20.97	29.43	20.33	24.36	28.96	4.98	25.3	25.35	28.88	20.33	25.66	20.16	21.2	21.53	30.44	33.89	5.27	20.97	28.65	20.33	12.75	28.61
22.94	15.3	15.66	36.76	44.41	32.14	3.55	15.08	21.73	16.02	17.99	16.01	14.64	21.7	12.23	10.38	17.36	9.03	14.71	31.75	17.98	4.96	15.3	17.65
42.31	58.28	68.66	45.79	68.66	61.05	58.28	82.42	59.75	29.26	82.42	61.05	53.28	33.89	35.99	82.42	45.79	67.3	82.42	45.79	82.42	43.6	27.23	68.66
6.48	5.91	29.91	17.47	20.47	20.29	21.69	44.98	19.46	13.05	36.57	18.56	19.69	8.81	24.34	30.71	21.43	17.31	35.69	12.74	37.6	5.88	19.27	15.66
7.73	10.9	11.6	13.12	32.6	12.02	12.35	39.64	12.32	13.12	44.06	10.97	20.61	12.9	11.76	23.47	26.38	28.44	23.47	40.64	40.79	10.17	12.56	40.79
23.67	23.67	23.67	23.67	23.67	28.95	24.74	24.74	23.67	23.8	57.89	57.89	57.89	23.67	23.67	23.67	67.75	9.04	23.67	23.67	57.89	23.67	24.74	57.89
20.36	12.01	19.0	16.72	22.69	24.04	6.77	23.13	5.42	5.46	23.47	21.91	9.12	8.26	17.51	12.92	14.96	18.55	18.81	6.41	27.18	7.3	12.34	21.77
22.35	13.94	13.04	18.65	53.59	27.53	12.83	8.75	33.16	7.12	30.14	26.17	13.76	25.08	11.6	13.48	19.52	6.12	30.14	12.27	26.38	10.97	19.52	19.47
21.01	27.09	36.47	34.49	58.8	58.8	21.01	62.14	37.35	21.28	51.09	37.29	34.43	40.69	31.47	49.79	21.13	20.33	48.53	29.15	70.51	35.95	21.01	70.51
25.95	17.42	41.21	39.93	41.11	36.07	9.25	49.79	13.12	15.9	63.01	42.55	15.29	14.29	44.34	56.22	34.96	25.14	39.55	12.91	38.38	32.4	35.9	52.67
9.35	12.96	19.01	14.45	19.43	26.28	5.69	43.64	28.49	15.6	36.99	29.14	16.17	7.41	19.26	37.96	34.89	21.97	31.75	28.39	31.69	11.62	24.67	28.3
11.35	36.98	17.13	28.04	30.03	31.36	10.0	43.0	9.56	6.88	17.01	33.16	11.79	14.22	11.26	17.83	31.24	6.61	24.97	21.83	45.73	5.1	27.95	42.91
37.7	34.85	21.48	36.1	59.19	53.06	4.86	22.53	30.14	17.81	51.45	22.95	24.68	22.19	56.35	23.03	36.1	39.77	4.71	29.45	53.73	38.69	62.33	22.16
47.61	59.2	50.73	58.22	52.04	76.62	19.31	89.85	36.38	2.68	79.38	65.18	57.06	19.57	52.04	46.58	61.28	12.57	64.16	47.6	96.07	51.61	43.41	96.07
18.98	33.28	25.82	29.66	27.33	39.76	19.82	66.92	24.37	21.46	47.36	39.18	22.86	46.38	25.05	55.63	24.7	14.6	39.58	59.36	57.57	23.34	41.43	42.26
34.08	42.17	26.34	33.12	53.52	45.65	30.23	55.79	35.6	23.71	51.02	46.22	45.65	43.42	18.13	21.38	48.49	21.8	22.87	24.62	55.79	39.67	34.82	33.85
6.99	10.83	10.86	6.44	27.3	24.97	12.53	12.49	7.7	12.49	23.58	7.96	6.44	3.48	22.41	6.44	8.0	6.46	10.37	3.43	17.61	3.43	12.53	19.56
7.59	15.06	23.95	19.53	33.54	16.01	24.59	27.86	8.16	8.22	26.93	23.97	15.79	16.2	7.35	11.2	11.44	13.14	16.98	6.84	11.17	19.55	9.25	12.66
8.55	5.38	22.39	23.94	36.96	30.48	12.3	25.97	27.9	27.46	24.86	14.66	29.51	7.94	31.11	30.84	24.89	14.47	12.22	10.13	46.61	2.21	32.42	56.24
5.06	23.01	32.44	25.15	59.65	55.92	27.56	52.94	16.63	6.76	82.99	29.77	7.66	31.96	19.89	26.27	17.93	24.63	24.63	24.71	68.17	33.5	26.24	29.32
24.51	72.72	35.23	72.72	21.1	28.53	15.27	72.72	37.66	38.1	65.66	25.21	72.72	44.05	64.53	65.66	72.72	59.53	32.16	29.1	62.24	7.86	47.67	37.26
63.16	7.64	50.47	37.79	59.09	40.87	22.79	66.75	55.94	40.52	71.6	63.16	40.78	12.15	31.45	50.83	22.51	43.04	36.19	18.34	59.09	6.99	10.9	53.88
7.01	11.91	10.66	12.0	12.72	11.74	18.76	29.7	10.09	10.09	13.28	14.45	10.09	5.05	21.27	11.47	35.66	26.1	16.92	7.01	13.0	6.86	12.05	15.79
3.63	7.47	17.89	10.81	57.31	44.22	24.2	27.53	7.12	30.48	35.56	19.09	5.17	6.26	40.62	15.6	5.04	10.35	43.21	41.86	62.94	6.61	6.42	24.65
4.93	14.99	100.0	100.0	69.89	54.91	14.99	50.09	43.67	14.99	4.93	72.93	22.78	9.46	54.91	54.91	72.93	37.5	73.49	28.43	54.91	15.73	43.67	58.59
29.25	25.0	41.37	24.18	100.0	100.0	25.0	100.0	30.53	41.37	100.0	41.37	23.9	24.18	21.02	24.18	42.5	38.5	41.37	41.37	100.0	21.54	6.9	41.37
20.47	45.29	49.89	39.79	60.88	64.44	43.02	81.92	61.77	38.14	59.48	54.32	53.92	43.5	71.33	71.2	65.33	58.32	52.11	49.89	73.94	9.03	54.92	74.15
43.12	61.75	32.46	39.49	66.99	66.74	3.35	58.9	43.86	37.54	66.74	50.57	25.12	31.28	38.02	33.08	58.68	11.84	47.06	25.15	43.09	33.27	55.62	48.67
45.94	41.86	36.3	39.95	40.0	39.95	35.8	39.95	37.3	22.4	45.94	34.55	22.37	10.58	35.81	37.3	39.95	13.5	23.48	30.84	37.3	52.81	37.16	37.3
34.1	32.2	33.52	28.11	26.04	27.13	17.31	26.05	8.71	23.02	36.86	23.46	31.06	22.69	21.85	33.64	13.75	6.52	19.89	16.84	39.56	6.18	20.37	21.73
8.04	19.35	30.13	50.39	53.28	67.3	22.23	58.28	8.84	20.33	18.92	29.26	25.46	8.56	32.83	42.61	9.78	28.04	25.34	27.88	29.44	22.23	45.47	35.0
18.52	27.45	16.36	16.03	45.57	32.25	18.13	47.04	20.17	18.22	44.18	26.06	29.71	16.08	17.36	42.15	23.52	26.63	28.92	9.29	46.68	17.3	29.6	56.75
33.86	30.2	41.88	28.48	45.06	49.03	31.83	30.95	53.56	35.95	51.61	34.63	39.42	13.27	38.43	46.65	16.95	27.14	49.85	35.94	40.52	30.68	46.65	40.97
13.55	15.9	13.99	21.41	22.15	18.3	12.12	21.51	12.98	8.28	20.71	22.43	10.8	19.15	24.01	17.43	24.95	12.3	14.18	23.24	28.0	14.59	12.43	25.97
23.68	26.0	23.97	34.85	27.32	25.17	26.79	15.59	8.87	6.91	24.85	25.62	12.1	28.65	7.93	25.97	5.95	9.53	9.94	27.16	24.39	27.91	25.98	36.05
40.65	41.4	39.43	33.92	67.04	67.9	56.21	67.67	18.34	8.05	58.25	57.21	23.3	9.63	25.2	54.35	48.59	14.97	34.39	39.67	57.63	20.29	39.61	46.07
21.28	34.92	50.48	25.68	54.76	44.69	33.87	66.76	47.46	23.47	70.95	43.3	34.46	42.05	48.2	55.32	37.29	54.03	56.06	5.5	59.07	21.02	27.05	39.25
26.7	39.39	39.77	50.41	47.73	47.73	11.21	44.13	44.27	25.48	41.07	59.7	31.6	26.51	37.35	17.17	43.72	28.03	51.81	48.15	46.22	25.3	61.66	26.76
27.73	14.61	28.23	23.99	43.27	52.3	16.88	42.9	20.66	7.34	34.44	43.27	29.47	18.76	30.92	35.75	24.29	31.44	20.0	20.69	28.23	31.07	26.19	29.35
46.85	37.88	40.83	46.71	65.41	61.74	16.73	63.59	61.74	46.48	59.31	42.68	39.23	50.35	45.73	51.84	57.37	35.29	46.69	40.99	65.13	25.31	54.54	46.37
35.52	62.93	63.63	61.27	72.99	72.99	53.14	39.88	61.52	39.6	52.26	58.11	63.78	62.26	34.22	75.47	67.25	54.59	59.02	57.46	37.57	38.53	67.25	50.71
59.0	9.98	6.03	54.11	25.97	25.97	17.07	25.97	4.28	5.93	100.0	16.59	5.07	25.97	4.11	16.59	5.07	4.3	33.57	39.28	100.0	29.56	39.28	56.38
24.13	41.13	43.82	26.77	63.54	36.51	8.36	32.29	17.56	13.57	53.19	32.29	11.8	6.48	17.68	54.05	19.62	27.26	54.05	33.9	33.87	15.57	34.77	28.33
11.4	5.6	30.84	7.74	37.65	15.38	8.1	35.32	12.03	5.6	49.18	17.47	16.56	5.56	15.88	18.27	15.94	9.57	16.74	25.51	42.41	12.03	13.6	17.38
28.8	28.63	57.42	39.78	41.61	69.64	28.98	44.46	27.85	24.4	44.46	36.15	38.82	25.99	24.17	21.85	39.91	10.44	48.54	37.02	59.64	23.43	12.81	52.18
5.11	18.84	10.13	7.04	20.82	5.35	6.63	22.73	13.99	10.5	25.14	21.3	17.43	19.44	22.93	10.23	6.99	12.93	4.76	3.06	24.44	6.74	20.87	4.82
32.25	30.05	47.14	47.14	70.3	65.82	29.2	68.56	50.82	32.7	74.16	51.32	46.85	43.28	32.82	64.86	36.74	20.1	50.82	19.56	70.87	44.77	55.7	35.63
33.97	23.82	24.99	20.6	43.91	28.73	26.14	39.64	32.04	15.31	39.64	29.8	12.77	20.19	10.17	27.89	18.79	32.31	42.18	35.81	38.78	13.2	36.52	48.1
4.1	3.67	31.46	15.13	31.46	31.46	19.67	15.73	24.71	9.67	45.26	31.46	24.18	9.75	9.67	40.9	22.24	21.65	21.4	39.55	38.06	31.46	13.67	15.13
37.32	44.03	39.11	51.15	50.75	49.17	28.97	69.66	42.93	39.3	57.38	32.43	41.64	38.41	34.6	37.29	36.86	33.78	35.59	38.49	42.35	34.47	54.53	53.06
2.86	16.47	19.56	61.65	15.73	60.26	5.33	26.98	18.17	30.28	15.73	40.34	20.31	5.11	33.09	20.75	22.69	27.32	46.61	18.98	15.73	2.84	35.23	15.73
40.5	41.35	44.22	60.55	56.83	42.34	34.6	79.11	44.3	50.8	79.11	58.72	53.65	49.19	44.22	56.83	50.91	33.18	47.35	31.7	67.07	24.54	23.83	57.82
31.05	31.93	43.24	32.01	69.21	80.43	11.06	81.06	10.46	10.28	65.82	62.44	48.09	36.43	45.14	48.13	42.49	46.88	42.21	12.69	66.47	23.37	57.5	52.55
57.0	43.6	39.62	57.61	31.3	75.22	26.51	66.52	52.69	61.66	61.66	57.61	70.45	47.18	38.36	46.07	57.61	63.34	61.66	43.33	61.66	27.41	75.22	61.66
16.64	24.15	47.95	25.14	30.72	38.13	24.15	42.02	42.56	17.96	56.83	33.95	29.85	17.66	25.84	46.06	33.2	36.47	16.64	28.4	44.37	10.78	14.49	26.31
22.98	22.38	54.24	39.67	39.77	39.77	44.09	42.87	74.48	45.15	42.87	60.26	45.15	3.72	37.52	39.67	39.67	39.67	45.08	21.04	42.87	34.09	46.89	39.67
14.25	46.05	26.8	26.8	37.95	26.8	19.56	15.72	37.95	8.23	37.95	37.95	37.95	19.28	13.19	46.15	29.19	29.19	36.96	27.86	27.86	12.66	46.83	16.22
15.57	8.25	6.11	11.68	27.88	21.94	4.92	48.04	13.81	7.32	31.82	32.6	11.29	18.95	5.83	16.05	35.16	22.67	16.05	12.43	61.9	2.0	5.14	27.64
11.37	17.85	11.6	12.58	27.97	22.33	6.46	45.81	15.95	11.97	67.12	10.28	14.04	11.17	10.42	33.49	25.38	12.68	31.67	25.44	32.21	13.6	58.06	24.95
5.62	31.75	44.29	6.34	15.84	15.77	19.92	46.15	14.46	13.46	50.24	42.82	12.95	18.27	6.78	34.9	9.27	20.41	34.9	14.45	50.24	6.61	12.51	34.46
46.35	46.73	69.2	58.8	61.07	82.52	42.16	66.95	52.56	61.31	79.14	73.15	38.32	58.05	34.93	56.61	55.08	42.4	40.26	49.34	77.49	52.66	42.16	66.37
70.17	29.38	70.17	100.0	70.17	70.17	24.84	70.17	70.17	13.67	70.17	70.17	74.19	70.17	49.2	70.17	100.0	29.5	70.17	24.38	70.17	70.17	100.0	27.09
10.92	25.08	12.63	27.49	43.4	23.29	23.85	56.71	12.65	10.95	45.3	47.18	25.88	10.92	28.79	40.85	41.03	35.84	48.29	10.44	41.75	20.46	33.32	70.03
42.35	39.42	47.71	48.13	55.92	53.15	36.16	60.35	40.22	37.89	60.35	48.17	30.15	35.59	42.22	39.77	30.48	24.24	49.55	39.76	54.8	35.67	30.0	61.99
6.94	24.1	37.58	33.38	44.82	43.84	45.28	41.34	19.95	37.58	26.89	42.09	17.3	16.33	27.27	26.89	27.98	15.86	16.89	28.3	38.37	30.43	29.01	32.48
15.0	13.68	34.95	35.24	35.15	32.32	15.22	69.78	33.45	22.54	57.61	26.37	24.46	19.77	16.68	51.99	27.47	28.51	6.04	3.34	46.18	12.88	37.84	46.18
29.73	15.96	41.35	32.48	26.43	28.69	8.4	50.37	17.64	31.91	25.91	43.29	49.83	13.29	18.26	20.91	41.17	28.19	39.47	17.68	27.8	51.85	44.37	26.39
41.13	41.13	45.7	52.01	47.21	28.69	40.9	54.48	52.01	20.95	54.48	18.75	45.64	40.32	30.6	51.98	42.31	43.85	48.96	7.35	52.62	43.02	43.87	28.23
11.21	11.21	12.98	8.91	11.36	21.2	11.21	20.77	8.91	11.73	19.08	21.2	19.08	11.21	8.8	19.08	8.52	11.21	21.2	28.65	19.08	9.03	19.08	28.65
26.91	32.0	32.0	32.0	32.0	32.0	32.0	24.09	24.81	32.0	24.81	24.81	22.63	18.72	20.46	24.81	32.0	32.0	24.81	24.81	19.16	22.63	32.0	11.02
13.43	58.64	19.96	22.25	65.85	47.35	18.19	65.85	57.39	22.99	75.07	34.95	37.62	16.8	52.49	26.58	58.64	42.01	48.42	48.47	65.85	53.85	57.39	53.3
25.28	38.74	47.11	39.52	43.86	39.05	19.66	51.7	37.88	28.85	38.84	28.22	43.33	35.13	37.46	42.25	37.69	23.67	24.84	41.29	51.7	43.82	46.59	44.64
16.74	14.08	17.63	12.67	12.25	17.63	17.83	17.63	17.83	63.83	16.27	17.83	18.85	22.77	8.5	12.93	17.63	17.63	17.83	12.39	8.84	30.88	12.04	8.84
21.02	14.95	12.44	8.43	12.44	14.54	14.54	17.32	3.98	10.45	16.86	16.86	8.79	11.56	16.2	7.09	15.06	14.26	9.94	13.11	17.32	11.34	16.03	10.45
5.61	4.98	12.36	7.35	9.52	12.32	2.99	12.48	11.03	10.53	12.48	12.16	17.89	4.37	6.99	25.17	15.54	14.6	12.6	25.19	20.38	4.84	12.6	12.48
9.05	22.36	63.99	14.85	64.91	55.63	7.29	54.57	27.2	32.14	54.57	27.18	16.82	14.39	31.89	52.03	31.79	11.51	28.85	29.21	46.27	8.21	29.27	24.49
20.3	20.3	62.21	33.09	100.0	33.17	20.3	78.25	62.21	62.21	78.25	33.17	53.34	70.63	26.46	33.17	20.3	20.95	33.17	33.17	78.25	15.61	20.3	78.25
25.35	27.59	37.33	52.41	37.56	53.41	15.09	52.14	26.37	17.47	50.29	42.43	43.42	39.97	29.54	37.0	38.13	29.16	47.79	10.33	42.27	10.12	25.44	44.79
28.5	34.48	6.61	6.25	73.49	73.49	48.44	12.45	12.45	8.49	73.49	6.92	14.46	21.77	13.91	15.31	38.68	6.02	13.91	38.68	22.36	6.61	38.68	16.54
26.16	28.58	29.59	49.54	41.44	49.26	26.26	41.44	47.72	26.93	48.09	35.27	52.65	33.66	28.07	32.47	24.46	21.0	32.0	53.15	48.09	23.33	35.38	45.42
5.58	7.32	7.2	20.88	25.19	8.19	7.79	7.97	11.12	5.29	46.83	23.89	11.32	11.01	6.81	8.0	7.04	5.75	8.16	5.92	51.83	6.97	12.67	7.87
8.92	27.19	29.69	9.85	30.33	34.28	33.07	18.64	29.69	17.55	28.69	10.29	28.03	18.78	6.19	23.21	25.85	4.82	10.09	22.17	13.84	14.17	18.31	17.35
30.63	25.94	31.06	36.93	42.17	35.74	27.24	38.72	19.0	20.54	33.92	38.57	35.71	13.29	16.5	37.68	34.4	33.09	9.18	42.77	36.7	23.23	33.16	32.51
5.9	6.13	5.68	12.11	13.21	12.2	5.24	15.24	12.91	16.68	16.22	6.63	11.7	23.29	3.8	5.08	8.69	6.99	6.99	5.42	12.91	14.23	12.91	11.45
34.37	8.71	35.9	35.07	57.97	56.96	25.81	53.36	8.75	27.05	40.58	49.22	27.47	22.37	48.63	24.0	22.87	37.36	35.34	4.58	45.19	22.32	22.64	42.4
35.63	38.41	47.64	39.23	39.04	52.19	16.69	51.26	30.59	13.85	62.44	39.93	34.74	26.13	13.25	34.98	29.48	27.79	36.07	27.6	46.17	11.0	33.87	45.98
8.69	9.57	16.97	6.14	13.83	34.68	11.82	24.25	20.9	9.56	21.86	17.41	9.62	8.48	15.08	17.41	14.14	9.55	10.0	16.95	17.11	12.04	13.75	10.59
14.59	11.12	10.81	10.38	11.12	16.09	10.35	11.38	11.12	10.35	29.63	15.27	15.27	12.4	9.23	15.27	16.16	9.66	15.27	15.27	29.63	10.11	16.16	16.09
21.52	11.64	14.83	12.71	21.49	21.69	31.88	28.19	21.85	13.55	21.49	17.13	19.79	11.82	10.96	17.95	21.48	5.04	20.46	20.66	22.0	17.65	20.66	6.21
18.06	29.98	23.06	37.84	43.43	21.62	4.71	27.46	23.42	28.15	47.2	45.98	11.45	9.57	26.99	19.37	28.19	20.39	26.94	33.18	48.55	19.0	26.2	43.43
47.76	53.43	39.04	45.93	52.17	57.05	28.75	59.31	46.17	32.76	60.78	60.21	48.13	53.9	42.77	57.41	45.0	55.06	57.44	40.43	57.91	41.33	33.14	62.32
11.82	13.47	12.68	20.77	28.63	32.06	10.72	35.85	18.24	10.11	40.41	21.19	31.33	27.05	22.37	37.77	39.61	47.03	25.74	36.26	19.62	14.23	17.86	30.83
27.27	42.74	52.72	39.2	68.42	78.51	12.17	63.63	25.73	25.0	68.58	63.5	34.95	28.1	46.11	54.68	44.05	36.36	43.03	51.93	87.43	29.99	57.83	72.9
19.75	20.2	58.44	22.31	66.87	66.87	7.39	57.44	19.77	7.07	57.44	41.22	7.39	5.53	24.05	45.27	20.2	20.2	20.2	34.4	57.44	35.09	21.57	41.22
31.36	39.14	47.28	40.29	43.78	52.62	25.85	40.29	43.12	32.93	38.57	47.28	30.26	32.5	38.47	39.79	38.09	20.02	27.44	47.26	39.35	32.33	41.73	29.21
24.72	18.07	39.54	22.36	46.07	59.62	26.85	72.5	30.56	18.36	40.34	25.38	28.87	37.46	21.63	45.1	29.26	24.31	16.51	39.32	58.29	38.72	26.31	31.96
38.55	35.63	35.63	32.6	34.41	35.63	19.23	37.01	35.85	23.42	34.41	37.03	34.12	38.55	31.21	34.12	34.25	37.6	14.05	19.99	37.01	33.46	34.12	37.03
7.43	8.64	31.11	26.43	56.59	30.33	7.19	30.33	12.74	8.61	30.33	30.33	8.17	8.91	7.14	30.33	10.69	9.24	8.59	34.67	73.49	11.39	5.12	30.33
15.56	19.16	13.07	12.63	25.21	35.51	5.41	40.41	24.44	14.26	48.68	20.06	23.33	6.62	30.06	34.92	25.8	23.2	22.55	7.94	45.48	4.53	15.01	42.59
63.03	39.59	73.98	82.93	83.03	79.2	31.04	91.57	82.93	40.17	63.81	53.5	51.85	32.1	52.24	51.83	58.6	17.87	70.65	49.56	82.93	15.65	59.29	82.93
63.55	47.73	87.25	63.55	100.0	100.0	79.45	100.0	91.32	57.16	100.0	58.91	74.74	6.96	60.11	66.52	63.55	67.31	63.55	89.22	100.0	70.02	78.39	58.61
18.88	18.95	39.17	26.28	26.28	18.88	14.3	51.78	36.9	7.71	26.28	28.24	18.34	8.79	24.41	18.88	9.47	7.97	40.07	19.43	7.74	17.63	12.79	36.9
25.39	32.7	44.45	46.45	43.48	32.88	25.67	46.58	32.41	19.14	56.9	32.62	29.19	34.36	38.84	36.4	17.92	42.69	35.81	32.62	40.95	26.98	35.35	40.0
6.25	6.46	5.42	53.43	21.34	10.7	2.82	40.16	35.59	40.05	10.42	11.39	21.84	25.16	2.71	6.63	25.42	38.76	5.58	3.0	14.8	28.14	51.47	3.12
40.21	52.43	9.61	33.81	65.67	43.11	21.38	65.67	42.09	42.25	68.99	27.45	11.54	3.05	48.07	29.88	12.58	32.76	47.37	68.99	47.37	10.58	44.4	47.21
8.94	8.67	32.69	24.08	33.38	35.14	16.38	35.46	17.22	12.26	50.57	31.04	26.93	29.31	18.69	0.0	32.83	12.71	11.86	1.38	39.95	13.05	12.02	24.59
20.46	20.49	14.98	58.64	38.54	49.59	42.94	54.24	65.15	42.94	49.2	57.48	57.48	21.02	21.48	57.48	49.2	38.54	49.5	65.15	57.03	42.61	42.76	49.38
8.04	22.6	38.91	40.94	57.24	45.16	29.35	57.24	46.63	25.84	40.94	43.18	14.49	31.25	13.07	32.85	42.13	38.08	45.57	45.33	39.8	10.15	44.63	42.99
6.24	20.22	29.04	17.59	34.76	37.17	10.23	27.13	17.71	17.66	27.13	36.23	28.97	8.88	11.74	32.89	12.82	7.35	27.27	27.13	29.02	5.12	18.85	37.17
24.13	40.87	52.52	25.22	44.02	52.47	36.31	66.58	43.91	9.56	75.4	43.91	41.98	75.22	52.35	21.43	52.47	28.69	66.67	66.67	75.4	19.21	38.31	44.02
28.2	31.3	32.81	32.81	61.8	38.08	29.46	39.78	31.3	31.66	39.78	32.81	36.97	35.67	39.63	38.33	30.9	34.21	59.7	34.21	39.78	29.45	38.33	38.08
12.38	42.66	13.93	35.23	32.89	40.29	39.97	40.29	40.29	29.11	56.84	40.29	38.09	18.22	8.85	50.05	18.56	13.93	41.38	49.59	43.91	13.87	37.88	30.34
12.68	28.14	31.14	33.09	38.01	46.63	14.85	44.85	40.6	12.27	39.3	37.31	6.59	8.39	25.27	36.19	32.2	23.21	35.13	30.34	46.32	36.15	31.32	45.24
20.55	49.65	53.78	32.47	39.77	44.56	10.99	80.96	17.62	21.76	68.25	41.24	21.1	13.33	28.42	52.52	35.59	21.91	33.15	46.46	57.71	14.06	20.09	70.83
6.92	7.76	7.67	25.94	25.66	14.69	42.28	44.55	7.83	7.83	45.11	7.83	7.67	7.76	7.94	10.67	10.49	17.09	30.89	13.74	42.85	17.47	13.96	41.23
47.32	36.28	39.79	47.32	70.51	40.36	62.68	70.51	50.54	62.69	60.81	60.81	63.41	30.37	47.69	73.96	42.27	34.8	54.82	69.82	70.51	46.22	59.17	39.79
42.31	36.62	68.3	39.07	66.69	31.54	29.49	42.41	31.47	43.85	42.41	66.69	57.03	34.39	46.89	70.12	29.49	42.82	45.16	36.62	42.41	35.85	43.85	41.18
9.78	23.51	21.65	21.65	20.46	26.01	9.46	21.36	8.23	7.96	23.51	23.51	22.72	23.4	16.68	23.51	21.65	8.55	21.65	9.24	27.88	9.24	21.65	23.51
27.88	39.16	52.14	38.56	19.47	38.99	7.43	29.96	27.67	19.99	23.6	40.99	20.33	27.29	18.68	14.39	46.05	16.15	35.09	1.26	24.62	31.4	24.29	19.45
20.98	24.1	16.33	15.92	35.9	41.07	17.4	32.92	15.58	12.99	16.54	9.37	22.71	8.08	26.54	7.93	9.23	4.26	16.92	6.98	54.3	20.19	24.82	25.74
26.77	22.88	32.89	11.74	23.9	30.71	15.06	22.35	25.38	22.88	32.89	25.68	26.77	19.75	16.4	35.69	29.45	14.27	23.31	16.61	32.89	22.88	27.97	25.38
26.76	27.85	27.85	51.99	50.28	42.31	37.2	50.28	12.86	47.73	52.26	51.99	30.19	18.4	26.66	60.23	29.15	23.71	50.99	1.58	56.54	47.91	25.69	43.97
7.93	20.87	37.28	38.4	41.38	49.03	9.19	51.98	51.28	10.44	53.57	50.34	17.8	19.94	25.17	39.24	52.65	31.75	35.82	48.06	51.98	19.1	52.65	63.62
13.54	28.75	13.07	29.07	54.17	42.87	17.59	59.77	32.61	9.14	37.02	33.02	11.34	44.11	20.11	14.21	25.73	10.3	23.44	28.25	35.1	24.43	29.07	35.1
27.67	31.61	40.9	42.12	19.56	38.72	38.72	31.61	7.82	31.46	28.5	28.5	38.72	11.63	15.99	38.72	43.24	27.67	24.08	7.86	21.77	29.9	38.72	21.14
49.42	29.6	58.89	0.23	62.51	55.26	25.09	41.02	44.06	27.8	62.51	51.59	55.08	50.22	46.61	52.06	42.74	51.59	51.36	29.81	58.89	49.69	55.08	51.59
37.9	12.46	23.18	23.18	43.85	13.4	15.47	25.36	23.8	22.15	13.0	40.21	28.7	12.51	9.56	17.3	40.21	14.95	23.18	11.26	20.11	13.97	23.8	12.11
5.98	6.14	12.23	12.93	12.93	10.91	14.32	25.92	6.97	5.98	29.9	10.06	11.73	6.14	4.58	12.23	6.61	4.66	11.27	12.46	28.25	5.98	5.03	15.65
3.56	5.41	5.32	7.93	19.37	23.0	5.52	20.06	5.93	10.15	16.68	17.69	7.42	10.8	9.01	36.54	7.92	3.26	2.82	3.99	23.12	14.49	3.65	24.51
17.43	28.32	26.37	31.44	46.08	42.06	27.38	42.3	8.58	18.45	33.96	33.64	30.81	24.11	32.92	37.97	29.17	28.89	32.14	2.76	35.82	26.15	45.08	64.73
18.05	24.92	33.59	27.38	53.2	52.1	26.38	43.16	16.4	27.84	50.92	33.64	27.61	35.28	29.63	29.03	28.3	39.41	34.51	37.94	42.68	20.07	26.94	33.07
15.85	19.51	21.07	14.44	19.28	23.65	15.24	22.02	11.1	15.97	25.48	19.71	18.46	7.4	17.98	37.44	19.79	15.51	17.17	21.56	21.39	17.26	14.73	18.88
12.52	51.5	52.1	46.21	38.22	40.58	41.35	41.96	52.13	52.11	50.48	40.21	45.5	23.3	8.88	41.68	36.56	44.48	42.85	30.41	60.11	4.22	31.96	47.54
15.82	17.6	26.06	27.68	16.25	17.6	10.12	28.24	16.22	27.68	28.24	27.68	17.6	27.08	15.82	27.68	17.19	15.82	28.24	10.41	16.64	11.2	27.68	16.64
21.33	10.81	17.24	11.61	40.93	21.05	3.36	37.17	28.24	7.47	39.74	8.37	7.7	7.74	19.8	24.97	29.99	17.63	9.69	19.88	39.43	10.59	31.63	44.08
11.73	48.13	17.19	17.56	17.19	59.51	61.53	30.61	59.51	24.72	61.53	53.75	64.87	11.2	44.68	24.19	59.51	60.48	17.56	40.09	61.53	31.17	60.51	17.19
40.46	39.44	40.5	47.39	64.67	45.27	42.98	44.77	36.02	45.27	52.95	37.39	48.89	51.86	41.71	45.82	38.98	46.51	37.2	45.92	57.9	36.38	49.71	45.85
34.67	10.96	33.76	13.69	31.77	30.53	24.97	30.45	20.81	16.26	18.14	28.83	16.16	9.13	7.42	27.9	17.85	19.51	16.1	20.53	48.74	24.76	15.21	18.53
39.42	37.48	30.85	44.79	43.59	30.85	25.19	53.77	42.35	38.02	30.85	48.13	53.77	27.66	46.43	38.37	69.34	80.57	19.47	21.64	30.85	38.37	24.91	36.8
17.23	28.92	34.2	12.77	56.99	9.99	42.47	10.17	29.34	8.5	13.74	12.78	17.45	36.97	25.13	17.44	52.35	13.47	23.71	49.7	10.17	42.78	52.35	10.17
14.71	26.13	29.88	25.41	44.15	41.0	12.47	52.19	26.38	16.67	53.41	35.32	14.83	19.65	25.16	36.19	31.13	13.34	18.86	30.6	40.92	12.52	21.98	51.8
57.49	53.99	55.33	68.65	64.2	64.2	24.8	64.2	64.2	26.66	55.33	55.33	14.63	46.89	26.04	47.92	39.67	35.66	57.49	32.79	64.2	48.59	43.74	38.98
33.18	31.46	40.02	25.75	44.71	30.27	2.91	63.16	52.06	15.14	19.08	57.07	47.04	37.6	0.0	51.93	53.32	22.12	53.32	19.56	20.1	23.96	15.13	29.38
3.74	9.98	25.21	22.42	36.72	40.35	8.91	89.48	11.73	8.52	25.21	28.24	38.16	29.07	0.0	78.25	8.52	11.73	59.0	26.92	36.72	4.83	5.93	11.73
24.02	28.41	24.55	29.13	21.61	24.61	20.42	23.27	18.21	17.36	34.61	19.49	28.8	8.1	14.34	18.81	16.3	35.95	16.28	21.33	24.66	10.9	29.97	21.4
5.83	10.67	7.99	8.84	11.17	28.28	8.09	31.15	11.17	11.78	27.9	11.37	8.84	7.66	10.43	11.78	7.94	9.24	21.1	14.91	31.15	5.34	24.69	8.7
4.94	16.31	11.38	26.73	22.19	22.74	22.34	19.6	20.81	16.47	30.19	15.24	8.85	13.71	12.29	24.36	4.87	7.24	17.01	13.44	19.6	14.65	23.65	8.06
9.65	12.88	32.9	29.1	61.7	31.94	8.41	24.69	29.22	9.57	36.43	19.41	16.05	26.15	21.31	37.79	24.11	9.88	36.9	45.9	23.97	11.42	24.26	58.09
35.36	16.08	27.19	31.18	37.25	36.57	17.1	23.42	37.25	15.91	28.37	40.38	27.58	33.11	29.34	28.24	19.26	11.88	16.48	19.12	19.0	14.53	36.33	19.87
4.35	15.61	18.62	16.55	22.48	24.06	7.73	25.2	16.34	7.84	19.53	27.47	29.74	8.58	21.69	19.69	21.95	8.2	14.86	38.21	21.69	11.87	11.96	18.62
11.31	15.96	12.04	13.16	17.19	31.15	52.71	35.71	11.2	11.58	25.29	11.88	17.2	8.0	8.64	33.19	42.86	19.92	19.55	10.99	27.68	7.49	17.19	21.83
32.45	56.98	70.73	67.72	89.22	89.22	54.9	78.93	67.03	45.08	78.18	87.06	58.38	66.35	87.06	89.22	69.11	55.93	43.63	78.93	89.22	53.54	28.69	89.22
10.75	8.64	43.67	17.42	25.07	17.42	1.83	76.12	53.57	36.17	76.12	25.07	17.49	8.59	13.38	22.35	25.07	17.42	17.42	17.49	24.81	53.57	17.49	24.81
31.83	30.59	27.78	24.53	53.14	49.79	23.34	49.37	26.45	16.29	46.18	33.57	15.14	21.5	20.99	41.96	36.31	35.3	40.7	22.46	50.67	27.53	30.03	46.82
53.9	32.49	53.98	49.04	57.49	46.88	35.85	50.37	57.42	44.62	50.37	53.98	52.24	37.63	41.22	53.98	52.24	31.37	45.54	50.43	52.22	31.93	46.82	57.42
6.65	30.1	13.6	17.11	11.57	8.92	5.58	9.98	6.71	7.74	8.25	9.83	10.5	6.8	15.7	22.91	8.39	12.89	8.39	10.43	9.4	11.71	9.34	10.1
32.15	14.89	38.27	41.1	36.33	47.2	20.47	54.63	26.16	30.95	53.08	40.56	29.51	16.81	23.8	35.43	15.34	25.36	21.73	21.82	52.96	33.83	24.47	48.12
12.87	19.56	9.38	6.59	21.02	13.83	6.61	72.42	18.21	5.44	72.42	7.96	9.24	6.02	15.07	30.13	5.65	6.26	38.5	22.72	72.42	6.15	9.24	14.46
6.25	7.91	11.35	10.33	11.55	9.61	5.38	11.63	7.03	6.54	11.67	13.38	10.13	8.18	9.63	10.94	9.73	4.27	10.35	8.32	11.55	3.39	10.92	9.28
15.35	38.85	10.88	20.68	24.94	37.03	17.84	59.88	18.09	15.91	20.64	17.58	14.5	7.74	10.5	10.71	9.49	17.18	18.24	20.26	20.64	16.09	19.42	15.31
43.55	15.68	21.0	46.15	100.0	100.0	53.34	100.0	46.15	78.25	69.96	46.15	78.25	46.15	59.18	46.15	78.25	46.15	36.96	46.15	78.25	26.33	46.15	46.15
17.18	25.45	33.51	17.47	32.64	45.26	37.5	49.74	39.83	29.26	49.74	37.5	21.65	9.73	49.74	32.64	37.5	49.74	45.26	44.08	49.74	32.64	39.83	49.74
18.79	30.42	60.15	19.29	52.69	39.21	19.75	69.44	15.83	18.66	66.73	36.8	16.93	20.43	42.3	49.76	25.38	57.57	33.63	7.91	74.42	20.46	26.77	66.42
30.13	37.11	39.68	40.3	53.76	40.42	29.13	48.18	33.74	14.88	49.53	40.27	29.61	32.11	37.89	46.68	17.54	26.69	31.79	40.54	45.81	26.87	32.35	42.91
27.67	32.07	8.73	33.35	50.97	38.46	28.97	51.3	10.75	7.19	78.22	31.76	36.43	33.35	23.73	35.26	27.68	31.77	19.47	19.27	58.41	23.93	20.38	60.1
8.82	19.69	10.56	15.21	20.37	23.8	9.43	21.17	23.36	10.98	40.65	32.96	17.59	11.51	13.01	11.06	15.76	19.95	43.04	23.79	29.52	9.06	9.43	17.76
7.75	5.39	26.1	16.42	20.17	17.8	3.41	15.21	22.52	24.51	31.59	17.36	18.94	4.85	5.74	12.51	12.96	16.59	7.29	3.99	20.13	23.4	12.63	19.99
26.87	24.02	5.33	5.86	28.28	20.55	19.29	37.0	13.55	17.46	21.19	22.27	5.99	3.64	41.39	30.82	36.9	13.94	20.2	12.89	37.0	12.39	20.86	46.79
35.41	39.65	72.22	37.71	41.18	53.57	41.18	63.62	14.4	14.75	62.36	58.57	37.71	14.03	27.7	74.03	58.57	41.12	47.91	53.07	53.57	38.54	55.21	35.41
18.34	40.0	19.81	23.54	19.35	26.37	11.94	55.41	15.34	9.49	58.58	25.54	21.4	18.69	21.67	29.0	19.92	24.45	21.89	15.04	34.96	15.71	26.04	22.12
44.84	91.93	14.25	9.33	64.25	100.0	49.58	100.0	9.33	78.25	100.0	100.0	9.33	91.93	52.03	65.92	31.54	31.61	16.54	78.25	100.0	49.58	30.86	100.0
18.74	25.12	41.55	46.07	49.75	46.87	21.2	48.4	33.97	36.66	42.63	48.12	40.09	28.85	38.53	45.3	27.84	39.39	39.77	6.3	47.33	39.52	42.19	50.18
3.27	4.76	6.87	9.04	10.13	21.22	3.08	9.34	14.97	9.44	8.04	15.85	5.71	6.98	3.76	13.3	6.46	7.08	12.5	2.33	16.45	3.78	16.34	6.87
14.06	12.97	12.49	34.14	11.82	19.57	13.85	36.46	26.12	17.12	32.44	20.21	21.77	13.63	14.26	20.69	12.58	16.81	22.21	23.04	14.91	13.59	24.85	20.4
15.83	9.75	9.96	20.69	9.78	10.59	7.79	9.29	6.42	7.42	31.09	9.65	8.07	17.68	9.83	11.7	6.76	4.97	26.29	10.42	11.29	16.34	4.49	8.46
27.76	27.3	27.3	65.8	27.76	64.96	42.14	27.76	5.11	27.3	27.76	36.72	17.75	6.03	17.2	65.8	66.06	5.61	66.06	5.61	10.55	53.73	29.56	18.19
58.11	58.11	48.95	45.11	77.98	63.35	19.86	77.98	58.11	44.98	63.35	58.54	40.28	53.52	49.12	58.11	46.51	42.6	36.51	56.43	58.11	66.72	59.23	63.85
21.36	40.42	43.9	32.74	44.43	52.08	32.69	44.43	42.83	37.38	39.73	40.42	34.68	31.02	19.97	32.18	22.07	19.22	38.72	34.95	42.87	22.07	54.52	53.19
9.58	9.26	10.14	9.88	11.64	14.26	3.23	13.86	10.9	11.16	11.31	13.82	11.12	3.55	8.1	10.3	11.59	9.88	11.63	2.15	13.34	5.93	3.64	11.46
31.84	28.14	29.33	24.3	60.72	58.58	17.72	52.49	23.66	39.78	49.26	49.1	24.69	21.98	22.35	25.31	29.7	39.78	53.4	44.82	62.45	27.51	43.54	45.61
37.52	36.86	43.81	41.31	25.93	63.92	30.29	40.86	40.16	23.94	54.78	43.81	39.05	31.32	19.38	32.82	49.49	21.98	34.44	39.36	42.61	17.25	37.27	20.21
10.22	17.12	19.35	6.29	13.32	42.09	3.44	7.51	11.31	3.6	22.54	10.57	26.92	18.84	8.9	7.47	20.46	13.74	12.07	12.46	3.44	12.46	6.05	3.44
16.91	29.22	20.9	39.8	39.8	39.37	11.82	51.59	19.56	22.57	56.44	38.79	29.18	19.5	21.62	32.75	26.91	26.48	31.22	15.93	51.59	26.31	29.18	55.09
5.39	4.19	15.34	10.64	11.9	23.52	3.07	12.93	9.64	6.14	13.84	36.88	12.13	6.6	18.33	26.46	10.92	10.3	15.74	30.64	20.33	6.28	12.68	13.84
25.46	25.29	31.45	27.84	30.3	29.17	6.34	28.31	34.56	6.73	27.2	41.39	24.2	32.47	13.38	13.87	32.2	28.19	23.35	15.84	33.74	22.82	11.81	30.3
9.39	6.06	17.07	12.55	26.95	44.54	9.05	12.92	33.05	14.83	11.61	32.2	20.47	28.24	30.71	18.46	22.97	10.0	11.5	9.17	12.32	10.41	14.69	21.26
25.97	29.69	33.68	33.25	45.07	25.84	34.71	53.84	32.73	15.14	58.74	26.4	34.9	39.92	20.92	36.33	26.1	27.06	25.11	13.61	28.4	18.94	36.79	25.78
19.24	20.1	46.51	32.08	49.34	48.72	13.8	51.54	26.97	2.16	42.54	37.28	18.24	7.16	11.6	33.38	14.15	5.93	27.69	29.93	71.87	17.38	36.69	35.6
18.94	19.31	33.73	52.2	43.14	47.3	18.93	39.8	40.18	7.13	53.13	44.02	9.12	6.01	41.62	44.07	41.81	11.29	21.12	20.62	56.62	10.35	34.86	47.3
18.53	14.57	24.86	24.86	34.83	39.47	17.18	39.47	24.81	10.89	34.83	39.15	39.47	23.2	17.2	39.15	18.53	17.97	34.76	24.81	34.83	11.22	32.23	34.5
3.66	7.83	17.88	4.37	9.55	5.38	7.03	9.71	11.43	2.11	9.55	8.85	22.54	3.76	7.58	8.69	7.41	2.11	11.05	1.34	9.56	10.27	6.61	22.0
23.27	36.43	36.39	25.68	35.07	41.83	21.67	45.04	36.43	49.26	70.55	36.39	26.07	29.31	13.53	40.5	27.68	13.49	37.63	23.36	41.03	24.36	22.08	34.22
28.99	28.44	34.11	22.68	54.06	16.15	17.69	65.16	30.26	14.59	56.97	57.1	33.84	18.37	24.69	62.8	19.04	39.8	21.04	4.16	66.14	19.23	31.49	51.58
31.57	48.55	89.42	54.76	68.39	70.95	16.83	46.61	37.26	15.52	38.59	52.08	34.0	44.69	39.51	32.66	26.28	29.98	60.08	22.1	66.95	28.69	28.17	78.48
2.66	6.73	34.8	27.81	33.76	32.87	16.01	55.82	16.17	4.05	30.9	8.89	9.35	20.13	34.2	22.48	8.84	3.49	23.3	22.87	22.87	5.65	24.67	31.59
40.37	34.11	37.6	36.66	31.55	33.37	28.43	31.68	29.74	35.41	37.6	23.29	36.66	38.18	31.64	36.62	41.92	41.68	33.82	47.37	37.57	43.52	35.99	20.04
17.35	19.21	28.64	35.67	30.62	26.55	24.8	36.92	10.63	11.42	28.52	27.13	22.1	42.68	18.57	32.81	27.46	23.35	27.8	3.18	30.25	14.82	31.55	15.18
36.62	42.38	40.68	43.02	40.19	31.37	30.96	49.25	35.96	27.04	46.5	40.03	25.42	46.17	46.31	41.73	38.86	24.78	37.16	47.35	43.58	7.81	39.88	37.57
9.49	4.29	28.84	40.64	26.85	11.09	13.53	23.0	3.94	11.64	36.99	15.84	14.48	26.34	11.54	34.03	12.6	10.17	32.17	10.28	47.2	6.61	35.05	50.81
27.49	19.33	24.65	16.71	9.59	51.85	14.3	21.43	32.79	13.94	30.5	16.5	13.94	6.01	13.05	28.77	20.57	15.12	25.54	13.51	53.71	14.3	16.81	53.71
13.07	33.85	15.31	21.93	77.54	48.82	11.84	50.11	54.6	12.5	54.03	19.06	31.42	11.79	22.49	33.13	14.17	12.95	13.6	19.6	44.19	13.07	9.09	57.19
25.21	32.05	82.8	82.07	58.46	70.95	23.39	70.95	42.03	27.07	70.95	44.83	55.81	43.5	38.44	50.63	47.73	58.46	59.1	59.19	82.07	17.8	39.82	54.82
10.35	20.27	15.59	22.68	24.83	34.35	6.88	46.57	26.55	38.17	12.63	26.21	29.74	12.94	14.73	24.0	30.01	12.14	35.55	20.19	32.16	10.37	31.87	14.07
27.7	32.33	33.06	29.42	68.72	42.62	10.04	40.6	29.64	21.43	37.42	29.75	27.62	37.42	13.2	62.61	29.53	11.9	34.2	34.53	42.62	3.29	33.31	36.74
3.46	6.61	8.23	7.66	8.23	8.23	6.15	8.23	7.66	7.69	8.23	7.66	9.67	3.46	6.96	8.23	9.63	8.23	7.66	6.61	8.23	6.61	8.23	8.23
34.23	44.31	11.41	26.93	27.14	42.85	16.64	26.15	28.4	7.6	26.12	26.15	41.6	5.01	24.3	26.06	8.55	25.31	13.08	64.56	27.14	23.31	10.31	20.69
30.27	18.7	35.74	38.88	80.71	80.71	59.87	35.74	48.33	69.89	80.71	80.71	29.54	9.08	57.96	35.74	80.71	26.45	69.89	18.6	80.71	37.2	29.54	80.71
7.7	11.76	16.06	14.93	16.48	24.87	4.35	36.8	18.57	14.28	28.82	29.76	5.4	29.91	18.89	24.22	28.92	30.41	16.43	21.94	22.34	16.64	19.45	28.16
24.79	21.28	30.74	15.26	18.21	20.31	5.25	18.88	14.83	4.18	30.62	20.31	20.59	21.07	5.56	32.87	15.52	17.42	15.82	17.73	43.53	6.72	19.45	20.31
14.26	18.56	24.04	22.81	16.94	31.21	14.23	24.04	22.08	31.15	39.02	22.07	41.41	10.42	14.94	20.88	12.02	21.31	20.88	10.39	28.69	7.26	44.04	51.92
9.85	36.11	28.16	29.99	27.1	27.1	29.99	25.54	41.87	13.16	36.11	34.23	21.41	53.08	33.25	41.87	28.16	7.64	35.39	27.1	25.54	29.99	34.05	22.79
16.38	21.65	5.52	41.73	45.31	41.11	25.0	36.91	27.46	13.1	38.36	36.75	21.96	14.67	45.01	41.43	34.32	12.35	35.63	23.39	38.36	6.87	26.66	39.31
47.39	48.75	44.76	56.63	44.8	67.83	45.36	51.47	35.41	46.84	67.14	43.49	27.68	36.6	27.9	33.05	48.46	48.47	43.94	15.92	49.0	45.36	41.13	39.61
29.09	6.46	22.07	47.79	38.13	48.39	13.33	67.4	45.08	17.8	76.41	27.8	11.21	19.52	15.56	44.12	16.07	17.36	24.3	24.55	48.39	22.76	31.12	36.76
7.07	11.15	7.33	6.48	18.43	23.1	10.83	17.45	15.73	19.99	18.91	14.42	5.46	6.98	6.14	21.93	12.42	9.85	20.21	6.03	25.23	14.41	6.96	19.38
47.87	43.35	46.21	60.3	58.52	58.52	48.67	58.52	34.36	33.36	66.07	60.3	38.62	32.97	47.97	47.97	53.85	32.97	38.61	78.03	67.97	60.39	37.58	60.3
19.24	8.86	20.95	40.65	52.98	43.94	28.2	63.47	43.31	6.06	65.97	29.31	13.95	15.52	8.07	33.08	22.27	29.05	47.99	25.06	65.01	10.6	18.81	43.0
7.03	6.6	18.21	9.76	25.38	32.66	16.35	42.6	35.28	19.23	24.74	9.43	6.3	16.35	17.97	35.03	15.9	8.84	36.03	15.6	49.12	13.07	18.92	47.43
4.01	4.74	43.29	33.15	45.56	42.55	5.31	36.72	9.37	3.9	38.57	32.56	4.66	25.41	27.98	33.67	5.6	9.01	29.28	13.24	38.57	12.04	4.34	42.57
20.9	11.56	16.89	25.84	26.19	26.53	10.17	13.6	25.47	25.8	26.19	26.19	26.16	22.85	10.36	26.92	22.86	27.76	26.19	21.75	27.89	3.8	26.16	37.12
17.97	14.13	30.3	38.54	41.08	47.28	19.91	45.68	17.14	24.28	47.32	25.54	22.26	10.69	18.69	28.12	33.23	20.16	21.63	25.54	39.98	29.9	31.33	34.85
48.82	27.62	37.03	48.82	32.49	32.49	10.26	32.49	38.09	30.7	62.68	37.03	40.64	33.87	14.23	40.69	48.82	31.68	37.03	36.35	62.68	11.71	38.2	15.87
23.62	20.55	38.88	29.02	39.72	31.24	39.85	34.97	34.95	23.85	34.73	20.74	20.55	21.97	17.47	28.29	33.78	21.74	25.88	21.01	49.46	9.16	35.39	24.95
31.7	31.7	32.65	54.52	73.49	32.65	15.58	82.65	39.18	54.52	82.65	54.52	24.38	32.65	39.38	54.52	54.52	54.52	54.52	54.52	82.65	32.65	54.52	82.65
26.67	32.55	24.0	44.52	49.43	59.93	27.72	58.08	14.29	23.64	43.32	52.65	57.25	63.84	37.64	49.57	45.28	10.32	36.82	19.14	56.85	16.09	28.22	36.49
25.51	23.12	45.13	33.0	39.67	23.74	18.13	32.0	38.48	27.11	42.11	36.38	31.88	32.74	34.38	33.21	50.89	21.72	45.13	8.53	29.09	29.87	21.87	12.31
13.83	49.35	59.75	49.35	49.35	59.75	12.29	49.86	34.39	51.55	36.03	49.35	27.17	36.6	40.93	70.33	59.75	38.36	49.35	62.43	70.33	28.64	51.55	58.2
8.5	30.21	13.32	19.79	25.13	21.65	22.2	32.54	15.99	3.85	43.96	11.92	13.8	22.5	4.83	18.67	15.31	10.01	12.99	23.64	32.06	24.3	13.55	39.91
22.98	13.12	40.32	24.42	58.87	53.57	23.75	48.1	45.32	10.63	54.05	40.11	36.42	50.64	33.0	34.92	49.27	32.08	38.5	12.41	54.05	11.83	33.76	54.05
23.24	23.24	29.01	29.8	62.22	57.19	23.39	52.17	33.67	14.82	53.64	30.41	32.34	15.69	23.41	60.81	33.31	42.57	37.82	33.59	53.64	28.2	24.31	55.18
21.26	13.83	28.98	21.26	18.17	7.22	13.92	15.4	7.66	9.31	13.92	7.97	27.23	13.83	11.79	14.25	18.84	16.27	14.88	32.9	14.25	8.55	8.6	14.83
24.22	24.32	21.81	18.06	24.89	24.89	13.06	24.46	29.08	29.08	27.67	19.23	18.41	8.39	15.23	17.99	16.46	21.73	16.42	32.68	24.55	6.55	27.92	18.05
30.42	33.7	18.46	28.43	27.6	20.71	12.51	29.76	50.72	34.8	43.82	48.59	47.3	9.25	22.82	16.56	14.25	27.1	47.94	63.62	62.69	35.03	59.75	16.62
57.21	39.43	57.21	76.27	76.27	76.27	15.72	57.91	57.21	57.21	76.27	57.21	57.21	5.09	32.92	57.21	57.21	40.98	62.23	41.88	76.27	41.88	41.88	76.27
32.68	36.7	66.81	67.83	62.44	51.09	20.84	62.44	51.92	28.13	52.08	67.83	52.08	64.14	17.32	52.08	20.79	19.48	52.08	26.04	52.08	70.4	28.1	67.83
9.99	33.99	27.47	6.38	76.03	74.52	43.35	78.23	46.9	25.92	68.92	62.53	24.95	9.55	37.57	83.91	31.31	39.75	63.76	38.19	76.03	48.54	46.9	35.46
29.4	33.17	14.99	31.71	53.23	53.23	36.91	62.4	31.87	27.71	62.4	55.02	35.69	15.36	43.87	38.83	27.46	34.8	43.87	24.22	62.4	29.4	33.23	34.8
33.87	39.14	16.46	17.67	33.61	33.61	12.86	28.08	10.62	14.96	9.85	19.2	28.82	17.92	17.32	21.66	16.17	26.49	17.0	24.77	29.53	29.45	17.27	8.04
15.76	18.73	28.73	25.99	39.91	25.33	25.69	29.43	8.22	10.23	28.87	28.27	20.34	24.03	10.68	28.27	25.62	22.79	25.33	24.99	28.57	19.43	24.93	25.3
19.57	20.57	42.61	20.09	72.3	43.78	63.88	18.2	15.17	14.17	30.66	26.84	16.32	15.42	14.34	20.38	23.17	30.04	14.17	65.36	30.66	16.06	14.87	26.8
17.97	23.21	63.26	16.48	34.59	45.76	18.4	82.65	51.56	25.13	24.11	44.48	20.54	24.09	19.24	34.1	36.47	41.15	19.6	26.41	82.65	2.93	20.87	16.18
35.31	28.98	15.98	21.09	42.34	22.07	5.3	35.3	5.99	21.33	47.05	18.86	19.14	13.11	22.66	19.48	33.44	2.97	9.36	28.65	40.15	25.93	18.17	21.11
33.26	51.57	39.78	29.12	41.04	53.74	5.23	64.15	32.89	24.63	46.06	29.76	23.79	43.45	22.89	32.77	19.46	14.49	46.06	10.94	69.78	9.14	25.2	60.95
30.13	62.31	55.42	68.14	100.0	100.0	23.42	100.0	69.64	72.28	80.41	80.41	42.38	20.75	65.45	56.84	72.28	50.45	88.62	26.96	88.44	41.49	56.84	88.44
15.21	22.81	17.84	35.55	33.83	45.99	9.04	40.37	12.94	24.67	31.29	34.62	28.76	14.86	5.64	5.08	41.47	25.11	15.43	19.93	34.27	19.47	11.78	24.45
39.13	38.82	39.72	46.94	40.42	39.71	27.48	53.66	30.1	34.05	59.77	39.71	37.41	33.3	18.07	35.76	30.9	28.73	37.23	38.57	41.71	36.25	33.17	43.23
49.42	43.31	57.61	27.83	58.61	54.48	52.05	82.32	21.28	18.8	75.52	41.98	47.55	39.62	48.55	34.64	44.75	41.23	65.67	51.32	68.88	46.22	59.33	14.0
6.62	18.54	16.47	24.8	20.04	47.91	18.95	47.91	22.64	16.34	74.59	16.91	23.29	17.18	13.17	20.34	18.17	20.04	21.48	47.3	54.2	5.78	24.26	40.65
31.73	18.87	42.33	17.41	47.79	20.03	26.24	36.65	11.49	20.28	27.04	11.49	19.33	24.87	21.22	31.64	34.0	20.47	42.19	10.86	42.19	12.68	6.77	25.07
36.73	60.11	47.88	11.22	72.64	81.96	10.97	69.44	85.91	39.22	81.96	81.96	78.86	26.18	37.34	52.03	34.07	8.84	52.13	24.25	67.4	30.4	24.86	65.58
3.36	28.57	16.59	17.69	68.99	50.08	23.28	46.66	50.08	30.93	66.73	29.74	19.75	7.47	35.71	50.08	56.1	17.34	50.08	43.21	66.73	12.85	37.75	50.08
21.91	5.77	30.73	16.88	40.77	42.98	5.26	36.26	7.05	20.04	34.54	16.07	19.54	15.66	27.19	26.94	20.68	10.01	12.8	24.58	39.31	6.58	12.24	33.36
4.27	41.18	52.05	45.16	76.31	45.29	43.49	65.77	32.87	59.28	64.64	62.61	38.95	11.7	26.4	45.24	40.03	43.44	57.05	16.59	75.47	46.95	48.92	41.07
34.99	30.13	74.87	25.4	44.29	44.29	74.87	44.29	44.29	32.23	44.29	74.87	44.29	42.87	12.51	74.87	74.87	25.4	44.29	74.87	53.12	34.99	44.29	53.04
23.25	44.39	19.12	6.35	32.71	20.56	32.64	49.14	9.85	4.19	8.21	24.35	23.19	23.98	6.47	14.79	21.11	23.23	35.53	48.44	45.7	20.67	34.24	49.14
20.87	13.75	24.07	18.36	32.5	13.0	14.58	37.05	34.37	9.49	24.36	40.6	23.5	28.28	24.75	27.1	36.51	24.77	26.24	18.01	32.73	15.79	33.61	28.04
4.19	5.41	2.39	21.26	7.79	7.05	4.18	7.77	24.85	4.69	33.67	7.66	8.22	34.9	18.56	4.85	4.89	7.93	4.09	21.63	12.26	4.69	3.85	7.65
16.13	9.88	10.14	10.14	42.88	12.28	11.38	29.09	14.31	5.3	65.62	45.11	33.0	13.52	3.16	27.21	22.44	4.71	32.39	24.65	51.24	5.11	3.15	42.35
15.87	17.12	25.04	20.13	25.42	27.23	26.16	34.0	38.56	41.17	48.73	29.51	7.5	22.96	34.32	33.65	26.61	27.0	59.1	40.28	38.75	23.94	51.19	26.66
7.15	7.5	17.57	38.1	13.07	32.39	15.03	13.99	20.33	14.23	36.81	24.85	25.48	10.99	28.04	36.02	18.13	17.2	25.44	11.39	22.28	16.87	17.6	14.11
20.6	49.86	40.28	68.94	40.19	44.53	11.67	49.19	49.19	40.28	60.9	52.9	42.46	42.4	50.22	49.19	57.41	53.61	39.17	45.39	59.97	45.48	47.6	59.97
15.08	31.83	30.68	25.37	40.64	26.34	12.66	43.65	30.6	20.16	48.05	30.59	28.58	18.48	31.09	28.51	15.16	10.01	13.84	23.23	43.66	18.12	30.64	40.75
9.34	12.16	40.17	47.16	47.16	37.17	11.39	42.53	40.94	7.13	45.32	41.13	29.55	34.44	24.61	39.8	30.12	7.13	14.21	29.27	41.58	15.96	29.98	42.53
11.22	21.38	21.35	49.12	63.55	40.13	8.5	73.15	15.98	16.06	71.56	15.99	41.95	5.3	9.87	26.57	12.34	12.02	71.56	26.22	15.99	16.66	11.93	26.57
33.76	48.11	27.13	30.27	41.11	49.58	13.09	39.22	30.34	10.4	50.75	48.83	12.43	34.46	12.79	26.44	15.07	6.95	17.22	41.55	56.06	41.73	22.02	37.1
16.17	28.44	29.62	27.46	34.07	32.95	13.11	34.07	27.46	13.27	45.84	12.4	10.62	15.94	22.3	31.95	7.26	17.83	17.83	22.76	43.59	12.63	34.33	27.46
33.37	34.78	22.74	21.08	27.73	36.48	33.0	34.58	18.5	7.21	29.87	24.06	33.43	24.95	26.56	25.12	19.42	17.37	21.8	26.87	36.17	32.93	22.92	18.6
24.71	17.1	44.08	34.39	70.16	61.15	44.08	70.16	34.39	31.54	67.03	53.44	15.31	21.97	23.08	70.16	59.23	53.44	26.52	70.16	70.16	26.13	37.07	76.12
13.05	32.38	42.94	51.71	35.72	36.63	14.94	48.17	25.69	19.22	46.68	55.74	12.94	26.0	20.35	41.01	21.55	21.29	38.86	16.85	46.68	21.42	34.88	46.65
12.24	39.35	61.22	41.83	61.31	37.69	22.02	56.03	20.98	22.18	56.03	46.85	33.6	16.15	53.52	35.85	15.27	9.17	9.66	27.29	40.2	18.55	27.68	44.07
17.54	34.22	12.92	25.54	23.94	31.76	21.99	32.16	10.85	18.31	39.96	22.98	14.61	14.79	16.92	27.53	22.0	12.35	17.83	14.13	21.62	14.38	10.85	27.8
18.24	34.07	60.37	73.52	60.37	50.15	47.54	88.95	71.02	23.42	81.28	81.28	49.1	9.97	82.52	50.15	24.83	41.16	45.78	60.98	68.42	92.45	81.28	71.02
3.77	3.91	29.0	4.04	21.09	20.48	4.04	21.09	2.9	3.77	25.2	14.68	4.44	7.0	8.1	22.0	7.94	7.33	7.0	19.47	25.2	3.29	7.0	31.25
23.94	26.91	47.9	57.01	89.42	57.01	43.12	100.0	33.13	32.67	76.77	89.42	40.3	68.5	31.37	81.35	40.3	26.1	40.3	72.83	100.0	59.19	40.79	100.0
50.96	49.19	54.85	54.85	54.85	36.73	40.28	54.85	36.73	27.61	54.85	40.28	40.28	40.31	54.85	54.85	51.25	36.73	65.08	2.29	54.85	64.87	54.85	85.79
39.09	22.46	35.37	28.97	49.0	28.95	39.0	19.97	29.06	16.19	52.65	45.52	44.04	14.58	25.11	49.02	7.63	10.02	10.49	21.33	35.37	39.09	38.07	35.52
31.82	8.99	23.06	22.91	58.72	48.92	12.25	57.56	28.19	8.65	42.32	32.97	25.61	14.7	44.79	52.04	18.71	25.96	19.7	35.16	60.56	11.32	51.54	23.16
3.46	6.3	82.42	66.06	57.74	100.0	10.15	80.03	8.28	8.23	80.03	21.65	9.84	8.51	20.52	57.74	16.62	3.11	40.98	37.03	80.03	3.66	80.03	86.66
15.06	16.54	39.07	45.72	21.97	45.72	20.24	15.31	45.72	62.98	8.55	13.83	45.72	23.4	22.64	45.72	77.44	20.8	80.91	39.0	22.72	62.98	62.98	30.18
23.01	24.44	22.71	37.59	33.43	19.45	13.52	55.29	20.68	22.46	35.56	37.86	28.31	14.23	30.82	53.29	16.66	19.2	22.18	26.6	34.79	46.46	36.73	51.01
28.21	27.84	39.87	31.03	39.87	42.4	19.48	39.82	31.85	33.62	39.82	35.94	22.52	18.23	8.39	34.49	23.48	29.27	34.92	34.07	39.46	30.76	23.88	30.35
4.8	9.76	21.24	8.75	70.42	32.04	25.63	37.72	10.38	28.52	54.4	33.61	14.57	21.42	19.15	20.77	11.22	5.99	20.77	44.73	24.7	9.81	13.35	45.48
30.73	51.32	54.04	46.94	71.02	52.69	37.89	85.24	36.18	23.64	89.71	35.89	51.32	36.89	0.0	56.39	40.85	51.02	31.21	42.47	49.76	22.67	54.42	85.24
41.57	5.26	53.77	35.61	55.0	29.51	16.05	57.12	24.13	12.7	57.12	57.12	31.7	31.1	22.95	39.68	55.0	38.42	55.89	22.13	39.17	58.18	53.72	29.78
12.29	13.33	30.61	15.73	13.33	28.6	26.8	11.82	13.8	14.1	13.25	15.34	15.82	11.67	34.21	32.04	14.1	16.59	16.02	14.73	12.29	11.9	5.24	11.82
33.82	50.7	58.6	51.23	76.37	42.66	52.15	58.5	51.23	76.64	69.73	56.11	56.11	34.32	47.06	50.22	56.11	52.13	44.82	48.48	69.73	31.36	40.08	50.7
25.87	38.77	41.06	34.18	44.84	57.07	12.82	45.43	33.13	24.34	55.13	48.45	32.04	12.58	20.36	41.06	20.45	13.88	38.34	22.76	41.06	35.74	23.23	18.13
4.26	12.31	14.23	4.78	13.82	12.05	11.62	10.4	4.78	2.97	11.08	10.86	11.62	2.9	17.86	22.79	11.08	22.42	13.29	2.97	10.86	4.63	5.24	11.29
10.95	15.88	26.38	25.59	30.52	26.68	20.2	21.09	25.3	24.85	22.55	22.32	14.67	10.96	17.9	8.88	22.09	20.79	23.32	10.9	33.49	18.4	24.35	33.49
24.09	24.09	26.66	16.9	58.14	58.14	16.59	65.8	20.5	8.3	26.66	26.66	18.53	3.38	13.62	58.77	16.9	16.9	18.53	18.36	65.8	11.08	20.5	24.09
17.75	41.26	43.24	29.29	42.29	47.85	30.74	44.47	20.55	22.28	50.82	38.81	39.84	36.21	41.8	37.15	14.32	23.21	25.08	18.98	38.73	18.69	41.21	33.51
23.29	30.45	50.67	26.01	27.22	36.17	15.65	27.22	27.69	36.17	44.02	36.17	35.43	37.83	19.27	36.17	37.71	43.82	32.37	16.15	36.17	9.19	50.67	42.06
20.11	26.58	46.83	62.98	53.17	46.15	17.1	100.0	54.45	44.53	55.43	85.55	62.98	26.58	21.26	78.25	27.38	38.35	23.58	36.62	50.48	14.01	36.62	78.25
39.33	51.6	49.46	31.71	61.01	49.46	29.91	47.59	49.46	49.35	62.37	32.71	28.94	51.48	33.62	51.6	36.47	20.8	36.89	45.24	58.29	39.39	47.59	54.6
64.08	34.62	29.35	53.27	65.86	65.86	29.69	65.86	34.19	11.12	65.86	51.02	17.86	15.92	33.96	53.61	37.23	19.86	54.65	59.42	75.52	25.98	50.13	65.86
31.52	18.69	23.63	22.7	51.54	51.19	13.82	51.09	45.36	42.41	56.11	40.8	24.46	32.41	35.99	19.14	28.81	40.05	30.65	23.38	76.84	26.31	40.47	57.14
20.88	10.41	38.4	32.77	32.89	42.47	5.42	47.63	36.33	17.04	61.33	20.39	17.59	12.02	29.85	66.81	12.26	6.61	46.1	17.92	61.29	6.44	8.67	18.6
41.69	36.5	25.38	40.62	40.59	47.96	26.36	46.08	25.82	20.39	46.08	32.45	22.23	6.66	44.65	46.43	47.72	40.7	45.95	6.83	47.72	40.62	32.74	36.12
18.36	18.36	36.56	18.36	23.74	36.56	11.32	36.56	31.7	18.36	23.74	20.5	18.36	12.76	9.46	23.74	15.11	21.9	23.74	20.9	36.56	20.9	20.5	21.9
12.18	15.59	18.24	25.59	43.94	25.8	19.26	40.82	36.81	35.81	40.42	31.99	14.87	24.45	14.63	39.49	29.76	16.59	38.1	30.71	53.92	29.3	39.49	43.94
32.45	18.56	65.86	53.64	84.67	76.09	24.87	76.09	54.27	22.5	77.64	80.38	39.72	25.84	29.51	77.49	53.61	27.0	32.53	68.94	77.64	29.37	29.88	80.38
5.34	5.84	7.32	8.43	17.34	13.98	2.88	33.0	15.81	4.29	24.99	17.06	8.44	5.84	5.25	10.91	9.77	9.72	6.7	14.23	14.96	3.77	16.06	25.09
31.45	42.98	65.08	64.87	56.97	48.13	54.85	51.23	31.04	56.79	56.79	53.87	49.25	56.79	39.65	56.97	42.08	43.32	48.13	33.0	51.23	51.25	46.24	51.23
13.53	19.24	35.3	31.43	18.4	25.25	16.2	40.22	17.4	7.52	54.16	32.27	25.58	14.75	15.08	40.21	21.51	13.03	30.66	20.7	30.39	21.85	20.11	43.8
20.87	28.09	31.32	14.37	42.09	20.04	23.53	35.57	31.9	11.43	35.91	37.63	28.71	32.53	21.33	29.99	24.81	22.1	25.97	29.06	37.84	7.89	19.21	22.1
5.61	16.61	13.33	33.47	35.14	17.57	15.98	35.14	28.76	16.77	8.98	35.14	31.15	14.05	27.48	32.53	13.58	13.62	34.4	34.72	17.19	11.62	32.53	35.14
27.59	49.41	38.65	38.65	38.65	53.84	31.97	74.17	17.94	19.32	53.84	32.06	32.06	51.1	27.85	61.21	28.94	51.94	38.54	42.47	53.84	13.74	34.82	22.05
55.24	18.5	56.08	39.62	75.12	65.58	26.15	61.69	41.17	20.19	70.95	55.24	47.58	43.97	44.41	58.51	62.42	68.96	46.22	54.82	69.44	51.93	48.79	62.07
17.27	12.51	45.33	31.81	46.25	37.42	22.74	62.4	52.64	20.66	53.4	37.42	7.71	36.41	29.11	10.33	35.14	18.98	33.43	52.69	46.25	19.44	10.54	40.19
12.06	38.08	26.63	37.17	38.32	45.68	9.98	91.28	10.28	48.96	70.81	50.27	22.75	58.83	27.41	16.64	38.92	31.13	33.59	48.27	66.81	34.31	35.85	82.42
10.6	31.31	16.47	18.21	61.63	63.71	10.75	100.0	63.71	22.23	100.0	53.88	13.12	10.12	15.84	63.71	20.2	41.21	52.81	32.01	61.63	5.35	52.06	31.98
21.36	10.26	60.4	22.88	44.44	49.5	42.29	44.44	48.26	36.19	42.29	22.79	22.9	8.06	43.32	42.16	18.11	12.9	48.83	19.21	45.31	12.41	24.3	27.43
5.29	5.9	9.23	9.76	25.85	23.55	13.16	9.13	14.79	9.64	12.93	12.26	11.73	13.92	8.04	8.97	38.09	10.33	8.76	9.64	28.59	6.96	18.16	28.59
22.18	25.05	32.5	30.19	30.56	32.88	35.16	36.03	19.88	30.53	30.58	22.73	25.05	26.28	25.38	31.5	23.51	29.52	6.66	10.97	33.54	21.83	18.59	21.23
59.56	100.0	34.69	34.69	68.99	28.12	14.29	68.99	16.52	67.84	28.12	100.0	49.68	68.65	22.79	16.52	21.41	36.73	25.5	100.0	68.99	9.92	100.0	68.99
44.9	22.46	46.4	38.7	59.33	53.01	37.09	59.01	38.83	30.22	59.33	36.1	25.36	10.92	23.17	62.23	63.19	40.52	41.33	36.4	59.33	17.78	13.95	63.53
7.72	46.39	38.96	34.17	41.8	32.99	23.64	42.09	18.69	22.05	32.01	40.48	17.59	11.84	23.24	45.94	21.64	7.09	22.14	39.02	41.8	9.37	30.1	40.46
28.51	37.89	41.56	57.54	43.83	45.99	15.84	47.36	48.47	25.17	48.8	57.54	22.18	25.94	33.99	43.25	26.15	27.76	43.78	57.89	75.49	23.77	37.61	50.93
36.96	37.87	31.02	16.72	49.73	36.15	23.82	50.62	29.24	35.16	39.6	29.69	29.69	36.15	12.85	46.02	36.97	20.8	37.87	16.21	36.15	36.96	36.97	36.15
15.86	31.07	31.06	15.25	60.87	59.77	28.56	29.37	30.92	23.64	44.53	42.28	29.69	17.26	18.78	24.13	44.16	28.97	32.34	34.47	52.08	2.13	44.19	55.84
35.94	20.52	25.37	40.04	38.62	38.57	23.59	45.28	8.25	13.82	65.77	31.01	26.12	39.34	14.9	40.14	28.63	17.38	34.32	45.31	48.63	9.32	27.69	42.29
13.75	18.11	25.75	26.13	25.71	36.17	49.02	32.5	50.63	36.93	47.82	29.4	42.8	23.72	29.01	30.59	33.72	33.84	31.46	38.32	36.24	15.97	29.17	21.23
48.23	63.6	56.05	58.55	50.9	56.05	26.33	70.02	30.3	28.18	57.01	42.78	34.68	37.91	34.41	50.15	20.22	28.59	31.79	44.16	61.09	39.03	41.84	61.09
41.67	17.73	13.74	13.22	14.3	20.66	24.35	20.02	16.28	11.55	32.13	17.21	12.29	16.28	12.49	22.35	17.21	15.06	13.74	18.43	32.13	16.17	12.77	18.31
13.97	8.27	44.07	48.74	14.22	13.4	14.22	41.68	32.26	13.91	41.68	35.14	14.31	13.91	19.29	18.46	12.4	13.91	27.13	41.68	41.68	13.91	13.11	17.64
10.24	9.92	34.32	7.43	56.88	50.22	14.78	59.84	27.61	27.62	59.84	36.57	25.75	24.85	15.07	33.05	18.83	10.24	35.66	31.71	41.93	8.38	20.99	49.88
27.96	44.41	19.87	40.74	50.87	35.58	31.96	41.58	44.15	21.5	31.19	24.19	28.19	27.67	5.34	48.34	32.28	18.43	27.35	40.06	46.27	20.7	44.15	22.52
24.06	17.08	6.57	26.44	40.02	25.93	13.79	21.22	23.99	30.75	28.97	29.24	15.64	19.32	32.43	31.27	24.35	24.41	22.45	15.37	43.73	18.85	19.64	22.32
6.9	9.03	22.06	18.59	16.25	15.37	29.62	25.17	15.6	7.21	15.06	18.6	18.6	6.53	20.58	14.13	20.91	15.63	15.06	40.18	20.86	18.59	16.25	15.37
8.53	16.54	9.58	18.96	34.76	35.57	11.12	32.53	13.64	11.13	24.18	15.85	18.75	23.79	17.2	26.76	6.8	19.38	9.62	12.14	35.57	8.25	24.77	30.96
17.83	6.75	2.48	2.28	10.88	9.94	4.12	12.24	9.58	4.43	10.51	2.36	5.17	12.93	13.07	2.36	12.99	9.71	8.59	16.95	12.24	7.13	10.11	7.31
19.14	26.15	20.38	35.05	45.37	27.01	2.46	47.94	5.42	12.44	41.55	29.72	11.49	37.37	5.6	41.55	38.37	38.37	39.41	6.48	44.65	17.1	28.59	65.15
37.04	27.02	8.22	11.15	49.59	41.89	4.67	26.94	24.05	18.5	34.47	17.21	15.76	9.64	4.27	20.26	28.2	16.61	24.6	14.73	23.89	21.23	30.83	15.3
14.59	19.0	12.28	22.98	41.55	35.96	12.9	13.93	23.77	23.77	47.9	9.63	15.63	12.12	14.44	41.49	9.59	16.17	12.12	9.82	30.78	32.45	17.98	41.79
23.83	19.41	5.29	24.26	16.62	6.05	20.47	27.25	15.14	6.63	24.26	32.16	8.13	9.64	23.05	29.95	15.07	7.44	37.54	8.16	39.85	14.61	45.83	10.58
27.73	28.83	21.55	10.8	39.86	54.48	39.54	37.76	48.24	20.29	47.14	41.78	41.47	31.83	36.6	47.92	36.01	15.47	29.82	24.49	39.43	29.45	29.15	42.7
31.97	26.47	44.46	41.85	35.17	47.2	18.98	47.24	15.9	27.82	27.24	27.81	40.65	35.85	36.42	30.02	29.29	7.96	17.73	10.11	52.67	36.71	41.61	49.97
14.31	21.74	25.09	23.12	42.6	33.43	12.58	41.41	17.44	15.15	41.41	36.29	28.02	38.21	33.49	33.43	63.94	27.61	28.03	16.56	41.26	30.31	15.69	54.15
22.42	19.17	42.76	31.31	39.41	42.76	24.16	42.12	35.42	17.59	38.82	42.12	42.76	42.06	24.58	26.48	38.82	26.03	39.41	42.76	42.75	26.48	27.12	26.71
55.87	41.41	65.17	51.44	76.69	62.87	36.54	76.69	55.87	35.68	55.97	59.14	46.23	50.79	53.6	52.29	45.45	48.33	54.87	50.72	52.63	35.68	47.39	54.14
13.13	46.71	100.0	67.04	100.0	66.06	38.83	100.0	33.57	26.2	100.0	42.73	46.71	70.71	46.05	100.0	42.73	10.55	67.04	67.04	66.06	57.07	53.32	11.02
22.48	33.13	32.09	37.26	32.51	26.03	22.08	33.58	5.93	29.01	54.32	38.01	26.74	17.23	19.52	38.01	29.99	38.62	29.36	35.76	34.64	37.86	27.98	31.72
7.75	27.5	13.72	13.17	33.12	22.68	21.49	46.66	18.91	30.02	24.79	26.26	20.87	25.24	16.37	28.32	29.19	24.86	29.28	15.39	14.46	22.8	31.94	20.92
57.16	83.91	72.67	47.34	78.84	78.84	78.84	76.29	90.16	68.36	90.16	62.31	43.24	72.67	37.66	78.84	33.72	37.57	90.16	44.39	83.91	23.77	87.2	88.18
20.97	21.94	15.66	28.79	23.96	30.33	13.6	33.58	22.51	17.87	38.6	29.76	20.58	17.85	23.8	32.85	33.04	24.66	10.44	15.75	44.46	9.92	42.45	20.3
20.04	37.66	26.32	39.33	54.21	16.85	5.69	78.48	9.24	34.78	75.39	19.56	30.74	42.03	24.75	46.77	30.25	20.04	24.6	29.13	43.17	39.14	41.88	68.39
24.65	33.54	22.54	23.42	46.22	31.55	33.46	35.82	28.31	22.24	36.41	35.21	34.64	31.28	23.71	27.75	22.24	35.34	13.57	22.24	46.22	30.34	31.28	23.27
37.22	37.22	34.64	47.03	71.96	34.64	28.65	40.71	60.05	37.22	53.6	34.66	43.59	66.98	46.46	34.66	63.49	31.87	34.66	37.22	40.71	28.65	34.64	37.19
20.14	24.43	10.33	10.97	14.3	22.92	14.89	20.72	18.22	6.34	20.34	18.22	21.89	12.58	19.75	41.39	15.64	13.24	40.69	31.07	22.44	15.32	14.3	19.62
22.7	41.66	51.18	43.24	47.79	64.19	19.15	55.26	43.28	12.83	58.26	50.02	37.16	20.59	55.02	55.71	42.83	32.19	35.7	25.58	58.26	36.34	34.79	58.26
4.27	6.93	14.63	47.36	48.83	41.75	15.53	48.83	44.74	10.35	45.85	33.04	26.05	32.64	3.59	49.31	43.77	15.48	40.14	12.1	39.78	35.04	42.66	36.07
12.45	4.22	58.0	6.59	20.14	38.57	32.24	36.97	29.61	29.72	66.61	31.3	11.14	5.65	20.0	28.66	35.25	36.85	41.66	58.27	38.57	15.24	32.85	29.78
41.8	40.6	58.3	50.23	51.73	58.3	26.3	49.99	36.31	48.98	53.79	41.23	47.27	47.17	38.0	30.7	36.03	42.87	29.37	52.38	53.35	39.97	47.99	58.3
17.73	36.09	26.28	26.37	26.37	37.25	17.18	36.82	7.19	6.99	36.82	37.08	37.08	26.22	37.25	29.28	10.31	7.16	14.81	36.09	36.82	7.44	37.08	36.82
8.89	27.09	26.13	16.94	26.91	23.9	9.04	46.6	27.09	22.23	58.59	23.9	32.16	8.91	6.92	27.09	9.24	9.24	34.39	26.13	24.71	16.59	23.9	46.6
27.42	8.49	73.1	64.29	64.29	67.45	41.71	58.48	46.6	36.84	91.85	53.67	43.66	28.77	29.06	41.98	32.5	45.92	52.02	54.91	67.45	38.57	57.68	43.23
62.21	56.97	47.64	54.29	39.2	55.05	38.6	62.36	30.9	9.84	54.16	44.69	18.02	54.14	29.29	46.63	37.25	25.28	29.2	47.78	55.05	22.06	55.86	42.04
4.47	19.72	15.11	21.39	18.14	15.11	11.6	7.46	13.74	13.97	28.79	7.02	7.02	19.55	13.03	13.21	22.6	10.48	17.31	15.7	16.29	16.2	19.16	12.17
9.56	12.72	8.82	6.21	51.99	11.37	12.21	55.43	19.57	14.21	32.91	16.07	29.15	17.47	8.05	6.35	17.08	16.45	37.66	15.78	52.03	4.81	21.25	44.42
27.6	32.65	48.23	48.23	44.2	48.16	27.67	46.16	42.8	28.13	58.04	29.74	38.76	26.53	35.18	33.98	36.48	54.63	28.51	40.03	46.16	35.18	44.2	51.52
22.53	21.99	23.01	18.97	32.85	26.12	19.55	32.47	18.66	9.32	33.84	22.53	21.82	8.29	12.64	27.88	10.51	22.94	11.32	14.48	29.11	15.79	14.65	39.39
34.62	27.85	41.34	46.88	40.02	48.69	44.54	63.86	50.92	47.27	55.29	51.45	32.17	48.69	44.36	57.49	63.87	7.39	57.49	16.9	34.71	48.16	32.52	31.19
37.52	31.83	41.21	40.69	40.33	44.84	12.82	47.04	26.13	33.52	52.19	36.29	39.05	48.02	19.09	28.57	40.31	23.63	33.39	34.55	45.51	27.38	25.99	31.77
16.87	47.69	62.07	46.4	48.96	66.49	6.11	58.46	54.07	22.53	73.59	62.81	12.51	37.1	29.79	56.28	49.42	37.8	18.21	56.1	62.18	13.97	38.21	78.86
25.55	39.42	60.56	56.85	51.09	53.06	41.15	51.09	45.81	84.92	51.09	62.9	68.39	53.82	43.6	62.9	62.9	62.9	47.91	40.87	51.09	48.26	56.85	62.9
23.13	25.4	34.28	35.18	42.9	38.74	33.06	35.27	19.59	23.85	33.04	36.7	35.41	41.26	22.34	28.65	36.64	23.42	36.33	37.58	42.9	30.43	24.87	43.02
8.45	8.45	29.38	9.03	29.54	29.54	5.02	8.82	29.54	38.31	29.54	26.3	8.39	8.3	8.91	29.54	59.54	27.34	29.54	8.82	38.31	4.19	29.54	29.54
10.74	12.56	6.82	16.89	21.99	21.49	16.81	23.44	24.31	19.51	29.22	21.49	10.37	9.94	11.06	28.53	29.22	29.22	20.62	18.78	37.67	10.11	20.53	19.53
17.64	13.62	19.94	33.34	51.29	38.83	15.25	64.49	38.91	19.41	60.39	22.01	33.78	19.31	19.16	31.34	23.66	29.56	35.48	16.12	50.91	24.23	37.18	31.8
6.21	17.1	34.72	41.03	61.2	38.38	40.29	36.54	41.3	41.22	44.97	33.77	35.46	52.18	27.78	45.26	42.83	21.6	30.2	31.68	60.03	27.04	47.63	38.79
24.86	6.68	36.07	14.06	40.49	42.7	19.87	23.25	14.29	5.25	57.31	17.0	14.52	32.88	13.8	30.71	20.23	34.66	54.02	19.14	40.22	20.3	33.18	38.38
19.48	51.03	19.77	28.02	80.07	53.14	49.7	67.89	32.4	14.21	74.84	30.33	60.3	25.3	46.11	19.68	46.84	57.36	36.1	67.1	52.56	45.59	58.43	46.21
22.73	1.37	39.07	38.72	28.75	30.65	26.09	32.3	31.32	17.36	32.61	28.02	46.54	16.25	38.49	30.13	35.31	45.94	51.42	25.28	37.31	26.21	23.22	35.83
24.62	50.98	39.02	56.6	35.69	40.93	17.6	76.48	65.86	23.2	70.77	47.98	37.49	57.18	85.79	100.0	39.02	56.27	65.86	46.51	38.29	46.25	26.45	39.02
20.86	33.31	17.09	47.32	47.32	54.63	2.09	78.48	38.14	28.39	76.62	26.32	54.03	42.03	17.35	56.24	24.67	16.72	16.11	52.61	52.74	8.77	31.42	62.37
60.53	83.5	56.53	60.53	65.56	68.48	47.39	72.02	61.08	44.85	74.16	65.56	57.67	56.53	47.58	52.2	58.64	36.08	57.77	69.32	56.53	56.21	68.48	63.12
39.75	33.31	40.51	56.24	54.76	68.16	11.62	78.48	54.03	64.32	85.91	43.29	41.88	53.58	41.17	78.48	54.03	29.9	52.08	41.59	78.48	26.24	43.53	78.48
46.6	50.56	65.76	65.76	71.01	71.01	46.67	57.16	67.48	20.09	33.61	61.81	42.51	50.75	54.82	51.71	41.55	49.44	61.18	57.54	74.56	61.44	59.47	72.17
44.66	43.85	22.8	10.53	48.82	41.56	6.3	69.11	28.18	17.23	26.3	18.87	23.71	25.16	47.21	41.9	19.75	31.24	26.77	33.08	36.76	52.77	46.35	34.57
15.77	7.54	19.35	30.38	17.54	27.69	12.11	11.73	35.99	26.8	6.81	23.28	41.12	24.62	13.71	17.92	26.1	10.86	25.28	39.67	17.92	15.36	17.64	17.92
36.62	39.83	61.63	61.63	67.03	69.98	57.03	69.98	21.4	19.67	61.63	61.63	27.97	24.6	26.89	32.86	30.41	39.01	32.86	17.61	69.98	24.11	57.03	39.01
6.01	13.42	25.93	21.73	31.23	24.61	12.61	32.97	23.87	10.32	41.57	23.26	26.91	11.55	9.22	40.81	35.79	24.98	9.75	27.48	51.71	13.75	22.36	27.14
31.41	39.61	35.13	35.48	48.47	48.47	40.79	64.48	49.45	28.91	64.08	34.43	33.85	36.39	26.92	57.46	46.69	21.19	39.89	21.13	57.46	30.85	63.37	59.25
16.66	16.66	16.66	16.66	16.66	24.92	10.65	29.63	11.78	24.92	40.3	10.65	11.78	18.07	13.68	29.63	16.66	29.63	24.92	25.58	46.89	14.25	35.24	16.66
33.26	39.15	70.8	46.59	58.08	100.0	16.9	91.39	34.26	34.73	85.21	55.86	36.94	27.43	52.54	87.87	73.38	67.89	69.66	65.87	85.21	45.68	43.32	41.33
18.04	31.82	21.11	37.64	28.05	46.72	20.18	46.42	21.5	10.2	30.12	17.17	23.46	11.48	23.08	39.66	27.97	12.16	28.3	0.96	31.31	10.97	25.12	26.98
82.42	21.02	82.42	50.17	100.0	100.0	13.79	84.24	100.0	36.62	57.31	40.53	100.0	31.61	39.85	59.15	57.84	57.84	84.24	75.39	57.31	37.6	40.9	100.0
13.91	15.48	28.92	20.45	15.54	18.66	9.42	29.21	10.8	18.7	11.88	11.75	24.4	21.18	23.49	25.05	13.58	19.8	24.79	27.78	29.56	14.6	31.02	13.75
5.39	49.21	30.8	28.88	16.17	42.83	5.83	33.33	8.64	4.86	48.52	44.61	9.43	48.52	30.37	44.61	25.77	16.96	18.72	5.74	16.17	7.8	9.43	16.17
53.14	62.29	71.34	87.21	73.4	80.6	48.4	73.4	66.0	52.28	72.53	76.6	60.32	45.16	60.04	81.9	65.3	52.76	63.01	51.09	75.11	62.87	90.61	81.66
5.38	4.5	7.18	6.33	14.91	14.3	21.98	6.67	4.05	4.69	6.45	13.86	4.94	5.11	19.59	7.05	25.04	25.16	4.42	5.72	6.45	5.13	24.11	13.6
29.77	18.65	27.64	25.85	33.9	44.86	18.37	35.22	6.15	26.3	52.15	28.06	24.44	16.69	20.87	20.28	27.64	18.73	20.58	13.25	36.95	24.48	24.42	26.75
32.02	38.63	38.63	38.94	38.94	38.63	38.63	33.01	38.94	27.76	46.31	38.94	38.94	31.85	22.24	38.63	27.76	38.94	38.63	13.67	46.31	53.85	38.94	38.94
24.79	16.65	13.58	46.25	22.75	14.59	9.37	32.39	23.4	4.8	32.24	14.4	8.72	53.16	17.87	42.97	20.95	31.98	37.85	17.14	36.71	8.2	11.12	22.15
20.87	51.76	36.41	67.74	54.61	58.35	19.77	58.35	19.0	33.53	74.89	43.31	43.99	35.46	50.76	62.57	17.37	19.75	62.07	21.5	52.08	34.97	46.52	50.54
17.97	19.11	38.59	50.46	62.7	38.22	21.8	62.7	36.8	39.11	49.86	35.94	42.72	41.23	17.13	62.57	25.72	33.19	36.99	52.14	62.7	4.94	46.01	62.7
5.85	33.06	41.79	27.76	34.42	40.95	14.65	42.21	32.44	20.92	47.74	50.92	16.13	20.02	19.62	41.79	33.06	20.05	23.75	8.43	46.79	18.68	26.37	46.79
26.81	47.27	47.49	34.67	89.85	100.0	62.15	75.51	89.85	79.38	89.85	75.03	47.92	44.28	57.03	86.05	66.17	47.43	56.08	60.34	89.85	72.17	37.01	68.07
11.98	8.96	70.48	63.44	43.33	43.33	20.11	62.07	54.45	25.34	70.48	22.89	27.88	27.23	14.58	56.05	14.88	37.87	70.48	14.03	70.48	20.64	39.07	20.71
25.73	18.52	26.05	27.87	19.88	25.73	24.35	24.38	5.24	19.37	28.46	28.24	43.47	33.21	25.35	19.98	20.52	17.75	21.96	20.52	21.62	24.76	32.86	28.46
24.34	33.09	13.82	6.43	34.8	23.71	34.8	50.98	27.57	6.43	34.8	25.59	15.82	44.15	16.64	43.32	16.69	33.12	14.53	26.15	17.47	14.73	14.41	26.15
18.43	35.22	45.44	45.44	45.44	59.46	17.63	51.8	36.52	35.22	73.9	39.62	41.39	18.37	13.1	45.44	53.61	34.61	35.22	59.62	49.42	9.17	37.68	69.06
57.42	65.81	68.81	86.96	68.81	66.02	52.99	76.37	41.34	41.88	67.14	55.59	36.07	69.46	56.6	67.14	77.28	69.9	76.37	64.86	75.47	59.47	32.59	62.51
19.69	7.08	20.82	8.07	52.03	17.17	9.87	64.32	31.81	6.96	29.31	13.12	6.48	17.84	13.47	27.93	17.01	6.31	27.93	6.99	56.96	16.08	44.03	31.22
13.58	11.53	41.9	11.97	18.16	16.54	14.41	55.25	26.43	38.06	64.05	23.12	15.23	7.82	14.22	16.29	24.4	7.86	29.52	26.59	64.05	9.64	28.64	49.34
35.42	53.44	48.33	53.44	53.44	53.44	48.33	53.44	53.44	48.33	53.44	53.44	48.33	53.44	35.83	48.33	53.44	48.33	62.63	17.24	37.7	53.44	53.44	82.65
39.62	33.1	24.66	33.0	44.02	39.05	37.04	23.0	28.2	44.02	47.82	39.05	63.62	19.12	47.15	42.9	45.08	34.76	21.8	21.85	39.05	41.96	24.66	23.0
27.12	1.53	32.15	43.53	46.16	43.53	18.89	56.65	25.27	38.1	56.65	33.67	25.7	35.9	37.31	42.83	46.51	30.45	65.45	19.8	56.65	19.49	30.67	29.86
10.39	16.2	38.06	29.43	28.62	37.63	15.35	51.4	20.4	4.28	44.3	28.33	23.98	22.88	7.15	23.67	17.07	28.08	38.82	22.87	41.41	12.43	14.98	41.41
13.65	66.06	22.46	22.46	66.06	67.17	22.09	67.17	66.06	22.46	67.17	22.46	66.06	67.17	22.09	22.09	66.06	33.01	19.73	66.06	67.17	22.09	22.09	67.17
54.25	40.5	34.72	18.79	36.79	34.72	44.72	43.56	71.6	7.47	73.51	62.73	53.18	24.3	37.57	35.56	63.75	38.33	32.59	40.5	20.2	19.29	36.34	20.2
29.15	42.13	33.3	26.46	45.71	55.84	24.61	44.87	35.75	57.52	45.95	36.45	27.13	29.04	22.9	40.63	25.3	36.1	39.57	33.94	45.71	24.86	22.63	43.85
25.54	11.37	11.12	14.4	15.23	13.52	26.53	21.48	26.1	42.46	10.11	38.67	12.72	6.11	34.67	35.87	28.13	10.86	30.23	11.27	45.34	21.28	29.15	18.41
73.9	53.31	19.87	23.22	61.48	73.9	19.99	27.4	40.8	51.94	87.25	73.9	54.48	19.93	27.14	73.9	73.9	69.15	73.9	41.23	56.3	73.9	26.26	68.23
27.56	12.25	44.45	31.91	39.65	40.8	19.77	41.69	41.97	31.77	58.1	39.83	28.78	20.08	32.99	26.07	41.76	24.34	28.04	16.19	53.78	14.03	37.96	30.1
38.07	40.52	16.54	37.25	37.25	18.38	18.93	37.25	32.79	18.3	38.07	18.38	37.25	19.21	12.02	31.32	31.18	31.18	38.25	44.82	31.18	50.72	22.41	18.84
14.14	7.89	16.62	34.81	42.0	33.69	8.22	53.87	14.11	35.14	53.3	24.85	8.49	6.34	22.79	18.19	36.02	25.15	33.23	9.01	54.72	10.44	27.64	46.01
9.62	24.16	19.8	8.36	56.85	31.59	20.34	35.31	41.22	24.31	58.85	34.6	17.35	15.72	21.55	25.04	37.71	9.65	15.47	20.38	56.85	11.73	33.55	26.26
28.87	41.33	24.25	24.23	56.68	44.03	12.06	56.52	12.38	4.58	59.35	27.14	15.05	23.09	19.62	33.7	11.02	10.01	21.08	12.46	55.24	28.43	13.78	50.36
29.62	29.62	10.05	66.66	83.71	66.75	17.2	48.11	83.71	20.69	66.66	83.71	66.75	25.95	40.87	83.71	52.95	50.82	52.95	42.61	83.71	42.61	52.95	83.71
46.99	39.7	38.76	33.38	47.55	41.12	41.12	38.76	35.56	42.94	38.76	42.11	42.25	33.07	28.48	41.12	14.23	31.59	44.65	30.38	34.77	45.63	41.12	41.12
18.79	38.4	22.93	13.66	40.86	40.86	14.57	49.75	39.58	9.53	49.75	33.65	33.65	6.36	22.13	33.65	33.65	33.65	33.65	32.88	49.75	16.97	33.65	33.65
17.03	58.57	22.79	53.99	76.25	64.2	21.77	100.0	18.61	29.76	100.0	64.2	36.68	33.75	14.96	29.76	26.04	24.26	44.13	22.74	100.0	33.38	58.83	36.19
5.14	14.89	8.65	15.41	10.12	7.34	2.7	9.86	8.65	8.32	10.12	8.91	4.97	6.13	8.9	9.8	30.32	15.01	6.13	8.92	15.41	4.79	30.96	8.65
51.42	45.42	82.82	44.5	82.82	83.94	34.23	82.82	64.23	46.79	82.82	71.18	46.04	34.23	54.39	82.82	71.18	50.44	51.42	71.18	57.57	58.83	59.25	82.82
21.51	14.35	27.33	29.16	42.85	38.0	14.32	41.65	25.16	18.43	44.48	40.28	35.53	18.4	20.35	29.56	27.95	27.54	24.54	32.01	51.93	23.8	12.58	36.06
10.27	34.84	35.41	38.19	41.45	38.19	25.58	33.8	24.98	14.48	42.17	38.19	30.77	29.95	39.49	38.19	30.47	35.46	17.66	10.11	42.17	5.32	45.69	45.69
11.22	20.44	21.99	29.12	44.5	37.88	11.07	50.85	20.85	10.63	43.63	33.5	38.39	9.89	19.0	19.86	19.66	28.54	23.51	10.63	45.15	29.01	14.23	34.61
30.87	29.86	36.3	44.78	50.56	44.78	27.31	44.78	44.78	31.68	50.56	43.43	36.3	29.32	40.33	36.3	30.7	50.23	36.3	35.22	30.3	34.72	47.87	38.85
47.5	57.27	38.24	34.95	63.86	53.82	26.89	59.59	35.43	23.15	40.4	46.92	37.04	47.71	43.45	48.3	33.46	41.6	28.4	37.15	54.09	27.36	43.06	54.6
18.53	27.35	11.15	15.25	39.61	32.48	4.76	60.56	27.86	18.14	32.87	13.86	7.13	11.3	17.2	7.44	13.75	12.83	27.82	10.52	40.28	18.36	31.37	11.57
14.66	26.18	31.39	26.46	28.83	40.71	29.3	37.32	17.71	15.3	34.5	16.25	14.15	20.77	16.57	29.96	24.8	18.3	28.07	26.51	41.4	25.0	27.52	35.74
20.18	22.55	32.88	11.22	25.35	44.43	23.43	39.43	13.06	33.21	51.39	26.06	41.08	24.58	34.42	41.23	38.06	25.38	27.03	37.04	36.23	12.33	33.16	37.32
26.45	16.69	43.6	32.22	40.47	34.89	8.69	51.31	55.13	35.5	43.94	54.3	46.67	30.15	38.98	55.93	54.3	23.77	43.94	27.75	55.13	23.62	31.62	68.8
55.18	12.38	43.35	34.85	35.36	38.19	10.63	61.53	40.04	36.76	86.63	59.0	31.12	31.16	30.84	48.49	26.37	12.38	31.71	29.0	64.32	12.71	33.19	56.51
16.45	17.0	21.96	19.55	20.29	22.76	9.61	21.22	8.22	12.41	27.07	19.55	14.99	18.49	9.35	20.52	18.58	5.61	13.99	14.23	21.22	13.75	15.58	21.22
27.57	26.06	25.44	30.18	25.44	15.36	15.42	20.31	19.46	15.42	25.44	25.44	14.41	19.47	10.58	13.8	15.42	25.96	28.22	26.04	39.04	14.61	24.35	32.28
26.23	33.03	40.18	31.4	11.63	44.36	30.1	46.04	34.03	11.21	46.04	15.58	28.09	37.81	18.12	15.33	12.44	7.51	24.22	10.33	36.91	9.13	35.57	34.76
30.95	52.72	70.48	55.89	59.08	69.17	21.28	61.0	30.74	51.52	59.08	87.02	59.01	17.33	40.0	64.36	42.06	64.21	53.23	59.93	78.59	46.79	59.01	48.48
11.21	16.15	11.36	29.38	29.38	29.38	11.88	29.38	29.38	16.9	29.38	29.38	11.36	29.38	8.49	11.36	11.36	5.02	11.88	48.62	29.38	5.02	20.5	29.38
15.05	23.74	6.85	69.14	24.06	35.11	14.2	23.83	19.92	14.3	37.88	25.28	14.86	20.05	10.64	27.2	11.28	7.44	11.17	10.24	37.88	13.57	6.33	42.74
25.84	22.69	29.39	35.13	44.57	30.6	33.1	39.61	33.95	16.93	37.51	34.93	28.06	15.34	29.38	29.32	35.43	23.01	24.9	35.47	37.81	35.23	39.67	49.49
27.54	25.23	22.94	23.75	41.81	51.55	31.49	39.46	28.21	13.96	48.92	44.9	36.94	23.18	35.99	44.21	34.95	9.77	26.01	26.7	54.39	24.55	40.81	42.09
55.55	55.55	30.21	53.73	53.73	55.55	53.73	55.55	53.73	55.55	55.55	55.55	48.55	15.85	38.16	53.73	27.78	5.3	53.73	17.75	55.55	46.71	29.07	27.78
42.57	43.89	45.11	37.25	51.23	51.43	39.88	61.15	28.58	43.41	46.25	34.99	39.42	49.64	40.99	43.53	46.25	38.24	39.47	58.24	39.77	45.0	45.56	54.55
18.72	30.34	7.03	24.77	16.17	29.45	15.13	48.64	26.37	4.74	33.16	18.72	18.21	8.54	19.5	26.5	26.13	10.66	31.57	21.15	40.84	7.39	28.44	37.42
6.93	5.77	4.78	10.5	40.23	28.24	8.91	27.25	5.3	3.61	8.43	23.92	10.23	9.7	3.9	9.61	4.9	3.38	5.35	1.15	14.01	4.81	5.61	27.84
6.9	7.31	13.75	15.29	33.96	45.78	22.76	56.43	30.93	17.71	36.14	27.35	20.92	24.31	21.31	33.21	10.79	18.46	21.38	31.74	33.78	8.96	22.34	37.0
20.03	19.69	19.54	16.23	11.15	19.94	4.3	20.13	24.91	12.64	25.54	20.72	19.64	20.01	22.42	25.13	19.74	16.21	15.63	10.46	18.39	20.96	8.82	23.04
10.57	20.2	24.6	39.36	44.06	31.54	32.79	80.91	54.37	40.3	57.31	39.36	48.42	39.35	19.21	78.25	73.11	72.72	72.72	57.58	57.31	11.44	34.99	48.42
11.55	14.02	23.63	14.22	23.23	19.45	20.36	31.64	12.48	8.94	22.53	10.32	10.73	11.48	9.52	11.81	12.63	13.62	11.37	14.86	28.53	21.66	13.38	15.78
20.88	38.69	38.64	38.64	47.73	39.51	26.94	36.03	54.6	18.8	56.43	20.52	26.51	40.37	27.8	26.51	41.09	40.37	29.34	5.46	46.51	20.29	47.48	15.76
32.05	38.21	37.29	37.29	47.1	36.69	46.66	39.12	46.18	40.9	33.23	28.66	43.29	34.83	18.69	26.25	27.87	35.7	40.9	35.34	47.55	47.76	40.12	47.55
20.04	21.95	35.99	22.4	35.99	44.96	33.43	57.03	51.07	35.99	29.15	26.24	45.87	7.15	32.26	50.95	49.03	10.7	34.26	38.96	42.46	21.95	20.31	35.99
13.62	23.08	33.34	12.45	41.69	52.92	22.96	51.94	57.49	17.69	69.65	49.36	25.34	3.22	12.94	29.35	29.35	26.46	32.64	12.52	57.49	25.46	45.93	36.82
6.66	11.68	42.46	13.43	34.92	42.76	10.76	50.57	13.43	14.74	50.57	13.43	13.26	13.26	14.25	42.46	13.43	19.32	13.43	18.05	50.57	11.15	34.49	50.57
18.49	46.02	25.66	29.92	27.15	61.13	47.5	38.13	37.48	37.21	40.37	23.19	51.37	27.34	44.98	55.02	55.09	37.0	45.01	30.1	45.79	37.21	65.31	37.67
39.63	27.9	30.62	33.24	41.28	26.03	33.43	47.64	9.37	14.41	62.16	51.68	35.16	28.5	15.31	38.65	40.73	29.22	39.22	14.61	56.76	28.25	21.2	27.91
9.76	15.73	16.6	33.57	34.12	36.96	18.47	36.96	9.6	22.38	28.35	21.49	10.63	4.71	18.47	43.49	34.2	4.59	14.47	13.73	34.12	15.06	23.74	36.49
8.66	7.77	9.96	6.88	13.82	20.16	7.94	22.79	8.09	7.97	20.85	9.76	17.53	8.06	9.37	10.42	9.96	9.05	9.96	20.36	19.74	8.64	9.04	21.88
44.22	16.03	43.57	30.17	62.87	65.11	56.98	74.09	49.93	29.76	66.21	65.11	63.68	15.38	48.48	65.06	40.99	43.65	64.87	13.94	65.06	27.13	31.46	60.39
15.34	10.21	16.38	7.13	31.8	37.93	7.94	14.96	10.46	20.59	41.94	27.91	7.57	7.81	18.5	48.94	20.84	11.37	10.8	7.27	54.37	6.89	42.1	33.15
37.04	36.46	68.14	45.11	54.48	58.16	15.65	64.64	52.63	26.49	58.68	41.23	47.11	48.52	41.11	52.63	61.62	58.16	43.88	43.88	54.92	18.97	40.79	54.48
11.38	4.84	21.24	22.05	25.19	45.67	14.57	39.53	22.49	12.11	63.55	33.61	26.15	27.58	21.17	20.77	20.96	20.96	35.72	28.58	24.7	9.81	29.49	28.68
23.77	24.18	19.65	19.62	12.19	10.56	4.48	8.84	3.78	11.3	44.77	13.39	12.34	14.89	10.73	10.52	16.86	5.11	7.87	15.23	19.12	10.05	17.24	10.43
10.21	29.58	11.85	19.28	29.72	23.37	6.81	24.26	18.98	12.35	13.65	25.71	22.99	21.26	4.18	25.05	28.87	9.93	12.28	8.91	25.96	23.3	14.15	8.19
20.77	20.29	36.52	47.32	42.59	63.85	15.41	48.09	46.84	42.59	76.48	36.86	37.09	6.48	35.32	36.06	24.65	30.99	22.72	42.71	40.5	4.71	23.28	47.32
24.46	27.65	44.94	36.66	55.51	54.51	34.83	70.67	40.62	20.27	55.45	26.12	42.01	22.34	38.82	31.55	27.57	13.97	30.9	27.52	53.44	33.41	42.17	18.54
54.48	57.53	61.34	66.35	50.05	64.1	44.89	57.84	56.25	30.07	69.08	53.42	50.75	47.69	39.71	64.1	44.64	48.67	48.14	58.18	48.09	64.1	68.85	50.78
13.13	6.63	6.79	8.94	16.4	16.74	14.85	16.74	18.28	18.44	17.17	17.47	13.45	25.69	15.15	20.4	9.24	3.92	12.05	20.87	25.12	17.58	18.71	25.12
29.11	39.77	47.47	52.04	53.05	42.57	30.06	52.14	32.83	25.43	44.36	46.9	30.95	37.3	35.53	28.07	50.75	31.86	45.45	18.91	46.99	48.28	37.25	48.2
8.02	15.35	18.6	14.85	24.95	19.67	15.64	10.32	18.6	13.73	16.77	15.05	9.19	8.89	8.63	49.49	11.21	10.11	10.54	10.33	13.85	9.35	8.59	10.32
40.57	46.19	35.07	63.41	67.89	54.32	5.64	48.65	66.05	43.21	66.05	49.71	39.77	53.75	47.32	66.05	50.34	34.49	44.18	59.36	63.41	59.36	59.83	51.36
15.73	58.77	53.11	31.7	63.4	58.77	63.4	63.4	53.11	21.4	53.11	53.11	17.24	21.02	38.35	58.77	58.77	53.11	53.11	70.17	53.11	26.2	46.92	58.77
10.97	5.81	20.33	18.97	47.21	29.08	5.56	41.58	5.45	4.86	39.81	20.82	18.26	19.94	7.83	45.37	12.86	6.36	45.0	22.03	46.1	2.33	11.79	20.29
59.56	7.77	78.61	25.97	25.97	25.97	15.85	25.97	5.0	5.37	15.85	25.97	78.61	18.36	3.23	25.97	38.16	5.37	78.61	78.61	15.85	16.15	78.61	25.97
18.6	7.31	22.27	26.6	46.54	39.13	6.32	29.3	15.29	13.91	29.3	16.25	7.57	12.5	15.52	26.12	11.09	5.55	23.68	16.89	40.64	14.19	7.54	32.47
23.46	22.75	28.56	17.34	27.87	29.75	6.0	28.66	25.92	19.69	28.42	29.75	22.77	10.41	11.76	22.03	23.81	25.88	20.27	29.62	27.36	10.82	29.83	21.89
29.09	16.07	32.47	50.29	38.79	43.12	12.7	58.25	33.58	29.13	58.16	62.52	30.85	43.29	31.2	43.65	41.74	37.26	44.6	21.81	68.42	40.55	52.61	43.6
11.42	40.22	29.4	14.96	50.94	55.22	31.78	47.61	45.31	7.51	54.4	45.87	15.33	11.9	30.85	45.87	32.48	34.33	40.22	45.02	54.48	10.11	40.26	58.29
28.48	31.64	33.36	31.57	33.36	33.36	19.27	66.06	6.81	28.73	85.55	42.61	10.27	10.66	10.19	9.85	33.36	19.27	33.36	33.36	26.15	10.27	33.36	62.98
15.59	11.45	10.91	12.11	12.93	12.93	14.03	12.93	7.2	20.24	12.93	12.93	11.79	12.67	13.95	16.26	22.4	12.67	11.54	15.94	12.93	12.67	7.37	7.37
25.92	48.44	31.83	40.34	32.59	31.83	13.52	23.04	63.07	28.73	50.65	24.9	50.3	26.64	19.21	45.49	30.83	43.49	21.48	32.11	35.26	15.22	27.07	32.06
13.25	19.52	63.09	63.11	42.35	52.61	40.34	56.24	34.48	31.12	71.45	56.75	50.03	26.37	56.68	43.22	25.41	36.96	43.35	40.42	71.45	18.4	44.82	56.24
7.32	25.09	16.54	16.31	41.66	42.04	32.25	42.07	24.42	26.46	40.75	31.43	24.19	18.4	20.96	32.29	29.22	20.71	21.25	20.52	54.53	18.3	16.37	51.65
17.31	24.1	25.77	32.13	38.1	46.08	34.59	42.0	39.38	30.06	41.85	55.4	40.91	26.59	37.09	38.1	22.53	17.11	45.5	13.35	30.22	18.72	37.69	55.95
7.48	6.76	7.79	6.84	32.26	12.8	8.0	32.26	28.32	6.62	32.92	32.26	12.11	13.16	7.56	31.57	8.0	7.04	11.84	13.11	32.92	7.97	7.79	31.57
31.33	42.17	70.21	72.29	67.07	83.6	31.77	76.77	49.09	52.99	74.15	76.34	38.92	32.58	39.36	41.05	36.79	36.25	57.41	1.09	62.49	34.29	34.3	39.81
34.56	38.99	24.34	31.28	57.7	47.01	30.77	57.25	42.94	22.06	49.9	53.83	37.91	14.39	32.27	30.3	35.94	20.55	46.26	30.42	48.46	35.97	59.54	48.37
25.72	23.24	12.17	4.46	26.16	26.66	16.28	12.39	21.17	29.8	26.61	26.16	42.01	21.2	20.71	26.16	29.89	15.66	22.19	21.23	12.39	12.33	38.61	12.14
14.8	36.97	52.15	36.58	47.4	20.28	24.23	36.97	40.66	28.54	51.38	20.28	26.45	32.6	14.69	32.65	28.88	19.68	36.97	28.19	51.38	2.16	44.77	32.65
28.66	34.88	28.43	41.54	42.08	30.31	20.38	27.14	17.27	31.3	50.89	48.7	27.41	27.62	41.52	43.69	23.37	27.43	39.54	40.62	52.45	29.48	49.61	57.58
17.45	6.7	19.98	35.35	49.86	15.92	17.11	73.66	14.39	19.43	73.66	30.46	9.37	29.04	7.11	20.92	12.5	18.6	18.55	4.5	60.84	18.9	20.42	34.96
40.06	50.92	67.44	32.19	66.42	74.02	25.59	77.47	44.76	44.73	73.49	56.89	18.15	36.84	35.75	48.13	43.67	22.85	28.53	38.36	62.16	34.88	16.29	57.84
21.63	21.77	18.39	8.23	38.53	26.7	9.96	63.58	24.64	16.12	48.9	29.95	25.23	12.52	8.42	40.92	19.14	9.2	26.7	47.06	23.51	14.97	9.16	39.68
15.73	4.36	48.84	32.12	39.73	16.25	35.0	91.73	32.12	35.23	56.99	32.52	41.15	19.04	9.85	29.61	33.7	37.04	21.15	41.15	75.91	7.86	16.25	12.38
34.46	24.62	19.92	19.21	52.22	49.22	19.56	31.98	52.22	30.28	52.22	19.21	25.34	39.38	14.23	74.48	21.26	22.25	53.99	15.99	52.22	29.49	56.33	52.22
54.56	37.43	52.1	92.72	69.7	56.09	19.99	73.57	60.88	16.81	78.7	70.06	48.44	57.94	43.48	78.7	54.91	25.54	53.84	41.98	80.93	45.02	31.67	48.75
36.06	21.8	20.17	55.64	47.49	48.94	43.64	35.46	38.2	33.64	59.49	46.94	47.06	18.56	30.3	59.1	50.6	51.99	46.64	28.53	45.69	16.9	35.89	18.56
41.74	15.69	37.12	62.02	66.03	54.38	19.81	64.23	46.25	44.95	65.89	56.75	62.68	45.85	39.23	60.33	62.68	17.48	57.24	49.43	84.43	27.82	46.03	64.22
9.85	40.52	18.06	13.26	21.67	43.82	33.38	19.18	17.62	24.04	56.83	50.73	46.86	12.04	11.86	19.18	16.54	6.47	56.83	16.32	56.83	14.63	7.69	56.83
26.16	35.79	46.67	28.14	51.47	60.55	18.73	34.53	22.24	18.16	34.53	33.36	16.2	51.47	26.84	60.55	31.01	14.23	32.89	13.99	43.28	3.51	43.95	57.59
51.25	65.08	69.71	80.55	80.55	68.39	51.28	72.32	51.25	37.64	80.55	56.01	40.28	65.06	56.72	51.25	48.96	65.08	68.39	80.55	80.55	32.89	65.08	22.72
48.18	9.56	67.4	56.77	66.95	58.86	7.52	68.43	44.12	52.61	56.24	54.4	58.35	59.76	56.78	25.38	74.32	56.75	59.97	31.21	58.86	29.89	58.35	66.95
51.41	31.32	59.7	57.83	58.34	82.07	31.59	41.07	26.84	41.38	70.16	88.44	56.5	54.6	13.91	88.44	43.64	56.4	71.56	44.27	56.43	40.57	54.3	70.93
13.25	22.07	8.97	8.25	13.22	26.51	29.17	13.84	11.13	4.5	14.56	8.23	16.63	14.65	19.04	11.71	8.23	9.04	7.61	8.38	29.45	4.09	27.27	27.27
32.03	20.61	18.73	37.53	26.66	53.03	12.08	26.68	16.43	17.08	32.34	42.9	30.71	30.24	20.03	27.49	30.7	15.67	20.61	28.23	51.14	32.99	20.29	30.59
14.91	34.47	14.62	48.72	22.93	35.79	45.17	71.32	36.75	32.77	71.32	25.15	37.58	28.69	16.06	19.99	15.76	16.06	22.29	38.31	57.61	44.75	52.83	28.69
10.6	6.52	40.84	9.19	75.52	88.67	7.44	66.79	23.71	19.91	25.79	24.74	15.29	10.01	33.1	20.59	26.16	25.58	32.34	51.36	22.12	20.8	47.79	66.79
35.01	31.16	72.89	38.9	36.76	58.12	15.9	60.81	22.57	36.75	47.32	33.87	23.46	54.18	20.17	72.89	27.9	25.04	27.85	54.73	42.27	26.74	62.15	24.8
21.48	16.81	37.78	45.01	63.65	51.98	37.77	63.65	23.22	29.35	75.22	39.11	24.84	17.9	47.51	54.53	54.53	24.84	39.11	53.72	63.65	43.53	28.25	19.33
15.94	11.07	12.43	8.61	8.84	16.42	6.09	15.06	6.09	11.26	19.56	8.84	8.5	15.51	6.63	8.84	12.06	6.09	13.14	6.51	22.36	15.87	6.13	15.36
7.55	4.31	5.83	8.1	14.48	33.06	3.66	27.61	12.23	6.79	26.73	8.1	7.41	11.08	15.05	7.98	6.54	12.0	21.48	8.79	27.14	4.93	19.89	27.15
8.22	22.07	16.05	25.85	29.42	48.04	10.71	91.63	24.24	17.83	59.13	24.64	16.07	12.04	16.82	35.67	14.23	29.9	16.29	13.82	55.13	15.02	9.73	10.73
10.22	9.88	12.5	14.25	27.88	80.03	11.63	39.67	12.87	8.28	35.83	28.5	42.57	12.45	10.08	43.33	25.75	8.62	12.5	27.39	39.67	3.95	28.04	39.67
17.0	24.64	9.35	30.54	24.97	18.0	13.6	32.39	5.61	8.51	39.81	32.39	8.15	4.12	9.51	16.18	32.43	16.2	7.65	20.18	17.25	9.96	9.11	13.84
19.29	37.22	41.63	41.63	56.98	46.55	56.98	60.67	37.22	37.22	60.67	41.63	38.4	33.1	31.82	43.43	30.4	17.06	56.98	41.63	60.67	43.33	35.02	46.55
25.07	15.87	13.57	21.9	30.27	21.9	13.11	24.04	15.59	6.03	31.59	32.36	24.07	28.88	16.11	15.03	20.62	12.31	23.1	23.4	31.59	11.44	18.77	49.01
72.52	67.62	64.24	83.27	76.87	62.27	72.47	66.07	69.0	61.59	63.2	64.82	78.95	66.38	57.8	66.89	60.73	83.27	74.22	66.44	54.96	56.58	68.03	52.92
16.64	30.72	26.82	31.12	40.69	25.91	15.02	49.63	24.88	9.63	39.11	24.53	12.23	4.82	23.27	47.43	21.76	37.67	27.78	11.37	24.86	5.79	10.38	27.88
55.75	30.37	36.17	25.48	77.18	71.39	26.39	75.91	34.42	23.97	63.64	39.64	41.03	62.16	37.37	69.53	54.13	23.97	60.53	29.93	75.91	12.27	52.04	100.0
6.44	16.45	35.0	28.67	30.93	28.67	30.93	28.67	35.0	35.0	30.93	43.33	35.0	12.04	27.45	51.5	30.93	6.92	35.0	8.96	43.33	7.16	8.23	29.44
18.7	26.8	17.4	19.06	28.39	45.47	24.87	30.49	41.03	20.08	27.67	26.37	13.02	19.29	16.25	20.08	41.55	32.59	16.97	29.16	30.49	4.97	15.28	32.94
12.46	15.28	15.73	23.78	31.04	73.08	8.93	39.82	7.01	5.68	33.12	15.63	11.81	9.75	15.63	13.88	16.18	13.88	16.15	7.0	58.08	28.89	20.35	31.04
21.05	9.07	58.38	16.23	31.72	45.97	18.35	25.71	55.88	34.1	29.05	6.33	38.89	9.14	15.94	18.8	49.33	18.86	46.22	22.04	34.63	4.05	44.63	47.93
51.08	30.05	34.81	60.56	61.03	56.47	40.54	74.61	39.18	44.35	64.61	43.85	29.15	20.11	40.11	59.95	30.41	37.26	39.64	55.47	52.59	42.63	43.69	47.77
37.83	46.18	45.16	29.14	58.33	59.34	25.05	53.13	42.22	32.47	60.19	44.21	39.92	32.25	35.27	47.81	27.33	42.22	48.4	50.28	81.75	10.41	41.52	66.33
22.35	7.44	17.88	11.43	36.94	33.69	11.75	45.01	26.64	25.67	33.47	30.79	26.46	22.53	17.74	0.0	31.1	28.34	31.06	15.06	35.22	12.74	24.63	16.88
34.22	53.05	36.54	48.77	64.87	64.87	26.99	64.87	12.19	27.94	79.79	61.36	63.66	20.76	30.37	44.16	49.4	28.73	70.87	59.77	79.79	61.57	29.88	46.98
26.76	26.61	35.31	33.39	36.42	43.87	19.7	42.97	33.3	21.22	59.76	19.67	10.38	13.86	14.05	42.18	9.81	22.54	20.98	24.82	47.73	30.83	33.39	41.62
15.77	31.57	32.23	29.66	32.23	37.42	20.61	34.23	18.11	25.66	46.76	34.23	15.77	28.05	18.11	33.36	18.11	44.22	31.57	19.21	50.86	19.67	29.86	30.14
14.98	17.43	19.91	9.71	22.38	28.98	36.32	18.48	27.19	15.38	19.77	20.0	10.53	7.02	12.68	27.08	30.71	10.09	9.36	25.04	22.38	6.54	40.1	39.09
41.89	33.57	70.92	66.18	70.92	87.87	43.28	87.87	54.48	54.48	87.87	70.92	40.29	9.62	56.49	74.39	44.9	25.85	70.92	52.64	74.39	38.49	40.29	70.92
31.9	49.58	48.14	62.63	62.63	55.0	48.14	62.63	62.63	67.3	62.63	59.69	62.63	6.65	25.07	62.63	55.0	34.79	66.69	64.14	79.17	67.3	33.89	79.17
36.2	33.09	39.9	26.61	61.53	39.9	28.48	38.66	34.11	13.66	37.95	46.51	31.57	21.52	19.14	43.28	37.26	28.84	33.85	32.44	45.51	17.98	29.11	37.95
9.63	27.46	18.37	24.18	0.0	25.57	8.22	17.83	23.27	12.68	19.29	24.18	16.25	25.38	8.45	24.18	22.76	8.25	14.52	18.21	30.66	8.22	24.55	33.18
3.17	3.42	20.71	37.25	31.32	20.71	8.96	32.16	22.05	41.12	6.05	30.42	42.11	15.07	31.18	16.54	15.46	7.69	30.42	6.05	31.32	18.73	3.44	30.42
30.69	19.45	23.29	43.49	30.7	28.67	35.1	26.68	68.79	52.16	50.45	26.42	52.09	30.7	49.47	47.29	45.69	26.68	40.6	26.68	52.11	18.96	52.11	40.99
42.85	45.35	69.44	62.26	62.27	62.27	12.8	80.93	47.1	30.43	80.93	47.1	53.47	36.44	36.44	62.27	47.1	19.07	13.46	20.88	80.93	50.21	47.1	45.48
36.33	40.85	55.32	48.14	49.46	56.68	53.18	52.48	36.17	28.54	44.12	52.1	46.47	12.73	41.13	48.06	50.78	40.46	45.76	38.13	46.92	53.98	40.46	46.92
3.21	3.42	9.51	16.47	3.25	15.46	3.24	6.05	20.71	3.44	29.28	5.78	6.26	15.07	8.81	6.05	5.75	3.25	10.93	17.03	6.05	12.86	3.44	6.05
29.23	4.27	41.88	51.99	47.9	51.99	4.63	57.96	42.15	43.0	61.89	10.66	46.02	61.89	47.9	47.9	41.43	30.9	39.11	4.37	57.96	47.9	51.99	41.88
26.6	23.36	51.53	34.59	70.93	68.24	46.87	36.16	36.41	7.88	50.62	34.18	35.24	20.77	33.09	38.36	22.0	6.85	33.13	37.88	70.93	31.01	49.79	48.34
30.19	34.81	54.81	57.9	58.0	68.23	40.0	68.23	28.87	25.31	68.11	46.56	48.34	29.96	32.49	58.0	28.87	49.88	62.14	45.4	68.23	23.23	41.86	68.23
29.34	36.35	49.83	49.83	57.79	40.64	36.75	49.83	39.77	27.59	49.83	47.11	47.38	47.79	37.93	45.91	42.85	49.12	34.78	43.5	49.83	14.97	49.12	49.83
65.86	55.64	68.17	45.22	78.53	75.1	53.53	55.74	70.15	47.25	78.53	70.98	55.44	46.91	43.62	47.31	55.97	42.74	75.1	1.0	85.51	57.46	63.05	57.15
17.58	23.85	22.23	21.39	34.58	30.46	17.64	53.25	11.07	10.48	63.54	28.87	23.25	18.51	12.41	25.73	25.01	20.86	13.79	30.39	53.74	14.04	24.87	45.46
10.7	14.28	26.22	14.5	5.13	13.59	8.07	4.13	4.37	3.65	13.58	4.09	6.99	12.79	11.08	14.78	13.27	12.75	11.45	5.13	11.64	5.42	17.2	11.81
39.94	62.26	56.55	75.68	80.96	56.65	38.94	80.96	51.45	43.65	80.96	87.43	45.66	56.38	29.97	80.96	49.82	33.05	53.64	70.71	70.71	42.79	74.42	63.01
17.06	19.42	16.44	16.74	18.88	17.34	13.52	35.58	15.54	21.0	18.13	18.88	17.06	14.5	11.68	19.96	24.49	14.52	13.99	16.75	36.07	16.77	16.16	17.9
10.43	16.2	25.48	20.55	37.74	24.54	13.96	44.47	13.62	17.4	35.47	28.78	10.81	12.67	26.04	18.45	25.96	24.85	29.76	21.52	31.25	11.69	7.66	31.56
7.15	29.86	30.53	13.59	54.72	46.55	11.2	54.72	22.54	56.06	56.06	46.55	11.77	34.05	46.1	6.25	11.41	29.53	43.01	28.16	71.24	28.16	24.06	40.99
3.39	5.66	5.09	10.23	28.24	29.56	6.4	29.56	29.56	5.11	29.56	29.07	18.04	10.73	30.72	0.0	29.56	17.75	17.07	29.56	28.47	17.75	18.04	28.47
10.08	29.27	16.49	31.07	54.12	61.71	28.77	65.54	40.65	21.63	36.92	14.05	49.62	24.25	34.83	22.28	27.8	41.23	28.87	26.87	65.74	28.82	50.19	39.7
6.11	14.75	31.75	32.92	50.14	44.23	6.08	69.54	18.17	6.84	44.23	38.67	34.67	38.67	12.02	25.63	13.11	44.23	24.16	6.48	32.92	18.54	18.81	35.18
28.1	41.23	50.5	60.78	77.7	64.64	17.81	71.06	58.54	23.28	86.81	50.47	58.4	64.74	63.82	50.5	43.1	57.35	63.82	63.85	64.64	27.68	71.06	58.4
7.98	19.73	25.8	23.65	37.29	34.72	3.86	39.64	7.3	21.23	52.23	36.82	16.06	7.65	8.38	24.25	18.42	7.2	26.49	6.34	48.6	3.86	6.21	55.22
12.95	9.5	46.14	30.8	27.63	38.32	21.32	31.93	7.81	10.1	32.59	33.68	42.48	33.15	22.57	44.1	33.95	6.08	31.89	8.42	36.48	6.97	33.16	32.54
32.77	36.62	24.6	24.6	57.84	57.84	11.11	48.44	61.63	41.21	57.84	73.49	19.25	35.74	37.9	41.21	33.65	100.0	45.79	21.87	48.44	15.52	33.65	57.84
10.58	8.52	6.18	12.09	10.79	17.79	11.16	8.89	2.33	8.69	11.14	12.36	10.33	7.68	8.69	9.29	11.14	5.83	10.1	5.38	11.14	5.21	6.07	11.14
57.68	49.04	36.74	49.38	41.64	55.24	22.19	55.24	51.36	40.11	41.64	46.73	48.11	28.33	29.34	36.74	36.74	40.74	55.92	55.09	50.96	54.68	35.59	35.59
33.21	28.47	41.35	47.3	65.29	51.22	36.93	53.41	45.24	23.85	69.12	51.79	30.53	53.69	43.27	46.47	23.04	23.13	56.0	23.64	65.29	36.81	31.44	65.29
12.15	15.61	31.31	17.66	43.65	17.66	9.31	17.66	22.05	14.95	17.66	48.42	17.66	15.68	15.23	43.65	16.22	32.38	16.54	40.72	43.65	9.33	43.65	43.65
39.98	35.2	42.65	36.34	39.56	40.71	20.19	42.55	30.78	33.41	43.26	38.75	40.73	40.62	24.39	41.26	47.01	30.65	30.74	33.72	38.03	27.63	29.37	40.26
16.44	15.9	36.88	25.02	24.99	18.42	7.53	29.83	16.84	24.03	37.26	28.47	20.34	9.38	24.51	22.28	26.26	12.31	20.48	11.22	44.96	18.41	17.47	38.06
40.19	39.81	55.89	43.89	44.92	55.89	30.34	55.89	40.32	48.13	55.89	47.83	42.6	47.83	36.69	51.12	43.02	30.35	12.79	38.3	48.88	53.58	47.82	19.65
64.07	17.63	11.17	12.25	38.44	21.0	50.37	85.79	36.52	38.42	75.07	9.7	29.65	29.65	17.98	38.44	14.45	12.9	17.63	11.47	67.3	21.14	33.97	41.28
25.36	28.24	28.43	26.09	26.88	37.7	18.02	46.0	35.51	17.8	45.19	24.55	38.66	41.49	39.84	42.51	34.11	34.72	16.89	38.66	37.14	28.47	22.17	31.7
23.3	33.26	10.4	17.99	39.57	16.3	21.62	27.06	21.03	24.66	23.33	12.95	33.98	4.8	15.64	27.88	26.64	21.17	11.06	28.75	26.51	14.85	11.66	27.44
24.11	66.89	77.23	77.23	77.23	65.22	71.56	56.39	77.23	39.33	56.39	72.74	53.86	37.28	57.41	77.23	57.42	62.38	52.09	58.35	77.23	47.24	67.03	53.61
8.52	10.13	12.19	12.19	12.61	20.86	8.52	40.64	10.13	4.37	57.07	12.19	8.52	11.02	29.5	12.19	28.65	12.32	8.05	27.09	33.18	10.6	26.2	12.61
20.02	45.33	55.27	55.27	47.57	87.48	20.98	52.64	31.85	29.96	59.97	55.27	41.4	34.47	30.34	24.77	62.38	39.33	45.59	39.2	34.85	15.46	44.86	36.26
43.39	22.67	48.72	48.74	44.27	45.73	51.8	36.97	43.64	40.76	56.69	46.96	54.17	46.98	29.82	44.75	50.05	45.73	42.66	64.71	51.65	46.51	44.75	51.65
11.64	22.25	42.04	17.92	22.01	68.65	10.06	8.52	16.08	17.62	60.32	62.35	30.21	8.52	56.37	56.37	12.73	17.2	56.37	27.56	28.01	28.25	49.5	46.1
9.4	6.6	20.56	27.83	9.9	29.1	11.36	13.92	13.35	16.09	18.34	15.66	15.05	19.0	12.6	11.61	13.9	15.34	20.45	8.92	12.58	11.09	25.24	8.49
26.22	24.89	25.84	23.72	29.4	48.65	44.48	62.4	12.36	26.22	79.93	35.23	32.47	10.26	46.35	16.69	24.42	12.36	30.77	35.63	62.35	22.24	41.2	13.11
18.65	22.89	12.63	22.89	17.68	12.63	14.56	46.05	22.89	58.28	22.89	17.68	17.68	4.27	19.24	17.68	17.68	17.68	58.28	46.15	19.24	18.61	7.53	12.63
29.35	7.74	15.46	24.13	17.12	31.36	16.56	31.36	36.09	36.09	32.2	24.94	51.78	6.29	21.31	6.29	24.13	76.25	43.82	24.94	32.2	22.74	64.2	38.29
10.65	10.8	15.85	5.68	36.41	15.6	12.3	8.96	7.18	3.85	37.14	15.19	3.37	4.01	18.69	13.99	14.54	3.31	7.22	7.22	39.85	6.52	21.98	8.32
25.69	20.86	33.58	45.87	38.62	38.16	17.27	41.0	24.72	24.96	28.49	39.34	29.7	26.82	17.73	45.82	30.07	13.52	33.93	21.18	28.01	10.44	36.87	26.63
14.69	29.21	10.08	11.17	9.73	8.09	10.89	8.79	8.88	10.95	27.21	12.59	17.72	8.09	10.72	14.54	20.71	10.94	11.17	15.67	11.85	10.93	29.21	25.22
17.72	14.23	46.57	32.18	30.08	34.26	17.23	51.46	54.69	29.61	40.06	44.24	30.91	12.08	8.93	24.76	50.62	38.16	45.03	13.88	32.45	35.79	54.45	40.06
24.76	29.48	4.96	11.34	25.18	31.79	17.25	53.31	37.5	13.53	55.59	31.39	14.47	12.4	13.54	21.66	11.39	17.25	11.67	15.91	55.59	13.82	35.32	62.57
41.58	35.44	33.31	28.2	32.04	36.08	23.96	32.04	34.1	10.31	49.59	34.12	14.66	13.7	12.96	32.34	32.66	30.83	40.29	10.12	49.59	12.06	17.23	62.68
25.38	34.11	13.95	18.86	15.07	13.62	14.89	34.8	7.54	22.44	29.53	15.66	24.41	26.34	25.16	12.04	20.76	32.26	14.4	48.74	14.52	11.79	15.66	15.66
55.24	47.45	23.07	32.4	21.88	45.03	8.36	45.72	29.21	24.81	26.01	47.37	27.0	43.49	11.13	25.35	31.33	4.15	34.76	1.15	34.72	21.28	28.09	41.71
52.43	44.27	44.27	35.29	51.7	51.7	38.46	44.73	30.02	31.28	51.28	49.34	44.32	37.23	36.24	47.47	46.06	19.16	45.13	57.37	64.86	41.89	56.42	35.13
33.58	40.28	34.02	34.52	42.94	66.19	46.55	57.53	24.34	28.86	57.03	38.65	43.66	22.15	40.58	36.83	25.72	27.56	50.36	26.57	58.22	14.18	24.54	58.22
41.15	27.24	28.15	27.6	54.35	56.21	31.4	52.79	35.45	32.16	37.98	47.61	38.25	23.88	33.12	33.37	12.74	26.48	16.71	29.77	47.63	18.19	39.22	32.14
18.12	10.11	24.17	30.39	38.27	32.84	25.21	40.45	14.13	6.75	51.99	43.53	30.39	12.61	29.15	27.32	10.92	15.58	5.8	35.41	37.45	17.21	21.2	44.29
60.07	56.49	57.93	39.11	91.47	65.23	45.63	92.45	58.35	88.95	84.57	91.47	45.78	52.8	65.23	42.99	81.28	48.34	57.09	62.22	91.47	81.2	68.49	60.84
24.47	30.8	52.54	41.04	66.1	40.33	22.56	36.21	39.81	30.13	64.31	32.44	27.19	36.46	38.06	42.62	24.63	22.18	35.04	16.19	52.11	21.94	36.36	37.63
31.16	23.81	13.48	17.11	38.9	38.9	9.99	38.9	25.19	42.44	48.73	8.31	18.26	38.9	23.26	48.73	23.81	22.78	25.09	38.87	48.73	24.95	38.9	9.03
29.55	18.09	24.6	27.32	48.02	44.69	19.64	48.02	30.23	27.89	49.18	25.19	24.25	57.96	14.75	33.76	17.48	8.69	35.22	12.7	56.75	12.12	24.6	48.02
4.05	4.13	16.64	19.3	33.44	30.56	10.12	43.41	22.01	21.18	34.13	19.3	20.41	9.57	8.9	19.7	26.67	21.66	9.42	31.39	31.81	6.54	9.94	11.92
53.46	53.46	64.61	56.27	89.85	89.85	50.06	71.11	59.81	89.85	89.85	63.9	37.6	32.76	30.62	17.67	53.46	59.69	62.25	50.04	84.07	73.42	52.1	62.15
8.48	23.69	9.04	10.9	21.45	6.29	9.17	20.62	6.0	2.91	23.71	15.37	5.15	8.49	13.91	13.84	10.24	25.98	14.56	9.62	50.18	2.91	5.04	55.38
32.61	63.75	62.19	68.62	60.21	66.33	30.47	50.12	43.44	39.58	59.05	80.55	52.14	52.79	41.55	62.19	38.67	49.21	39.35	25.18	50.21	29.21	55.94	57.87
44.8	24.9	46.05	46.05	34.79	37.6	56.77	26.76	41.69	26.22	25.75	26.52	47.59	27.23	19.12	43.75	26.52	38.5	23.29	21.36	29.9	34.23	42.61	29.9
41.37	28.5	18.99	19.72	49.66	57.74	19.07	80.03	6.66	11.72	57.74	31.14	11.72	20.37	44.9	21.19	11.72	11.68	19.07	41.37	80.03	10.52	11.72	36.11
18.53	21.27	40.83	16.42	52.75	38.79	14.12	33.74	12.67	11.84	44.52	22.85	11.7	19.34	27.02	33.88	10.64	4.41	25.94	5.3	23.24	20.69	8.0	29.71
25.14	21.04	21.19	31.61	31.75	26.01	29.78	34.82	29.96	11.13	34.49	23.94	28.99	9.36	23.32	4.66	19.49	13.16	15.61	34.51	46.4	11.56	27.45	19.07
81.37	54.65	71.5	68.39	90.87	90.87	41.38	79.86	75.61	90.87	90.87	89.96	72.0	80.78	89.96	68.39	89.96	76.4	80.55	100.0	76.48	44.56	57.29	86.42
4.13	4.37	6.37	6.82	34.62	29.04	15.88	32.71	24.36	9.47	32.74	10.08	19.2	12.47	6.36	9.23	32.47	4.5	18.2	9.97	28.54	4.98	8.61	18.19
11.26	4.95	22.61	7.24	29.06	29.06	7.42	29.82	35.62	19.91	26.58	24.01	10.64	12.79	23.97	23.06	36.37	7.49	39.57	20.91	38.19	10.78	7.72	30.64
23.26	17.83	17.56	6.77	58.82	56.81	19.46	40.57	5.24	2.31	39.18	26.14	20.47	14.99	16.7	38.21	23.27	23.27	20.65	27.85	67.12	14.82	19.43	6.66
17.67	31.27	60.01	35.21	56.9	52.29	37.47	65.55	36.32	16.27	56.12	45.54	42.57	31.22	28.06	48.6	40.76	25.83	41.57	37.61	48.05	34.57	41.54	53.76
11.15	19.02	33.09	23.65	25.38	47.27	12.2	59.83	18.86	17.26	37.92	23.75	12.83	17.73	13.51	47.83	29.98	10.04	21.92	16.39	42.33	14.39	22.29	56.04
4.82	7.85	14.43	28.43	32.23	27.94	4.13	41.86	32.23	22.88	33.15	15.09	30.59	27.94	19.9	41.31	23.97	15.23	17.08	11.64	33.15	7.4	14.38	57.75
14.26	4.13	5.07	4.66	17.94	15.66	10.45	12.22	5.09	6.44	17.86	4.0	8.18	16.08	11.01	15.44	6.99	14.53	4.07	4.96	17.86	13.43	18.9	28.02
29.0	51.7	45.18	45.94	52.54	29.0	41.92	32.47	88.01	31.24	37.99	18.19	31.76	32.47	31.76	88.01	45.94	41.8	45.94	88.01	53.73	88.01	45.94	47.99
66.17	42.97	64.26	64.35	68.48	68.48	31.92	41.8	48.63	46.43	68.48	44.49	42.75	47.06	48.64	49.55	56.57	48.63	40.89	38.51	60.47	47.16	48.69	47.23
42.79	20.67	62.11	33.15	42.14	47.12	14.93	56.4	37.25	48.53	66.58	15.02	32.16	16.45	10.05	44.82	15.02	37.16	25.51	5.22	64.56	18.93	31.99	34.42
15.31	7.49	11.99	13.92	39.13	27.39	13.43	72.86	66.47	25.49	58.64	27.39	45.08	5.73	12.87	19.69	36.05	22.64	58.64	57.48	66.06	18.76	72.42	79.17
30.6	22.07	28.64	31.27	35.83	41.77	38.34	50.2	33.37	18.97	38.65	35.87	32.56	35.1	29.97	36.14	29.43	26.2	29.97	35.43	42.72	36.16	33.28	43.59
48.68	32.5	56.71	48.33	63.53	63.53	22.36	70.03	54.73	41.34	70.03	55.83	54.78	50.45	33.44	32.88	53.09	49.73	26.91	42.58	78.46	42.66	54.79	36.94
34.11	57.49	57.31	40.65	55.0	39.52	49.86	100.0	69.97	29.86	57.75	76.25	38.99	50.83	45.65	56.61	57.31	25.77	57.31	57.31	100.0	33.68	53.99	32.7
18.04	20.17	19.53	27.24	19.49	12.43	7.61	34.43	31.84	42.95	55.92	43.89	32.8	31.47	9.71	41.39	29.54	34.32	40.45	24.12	37.26	19.24	34.89	40.49
41.07	30.86	45.78	38.32	54.86	48.34	27.97	65.23	43.91	19.99	65.23	52.52	35.39	20.74	30.71	39.11	24.66	29.82	39.39	21.8	65.23	31.54	45.08	80.41
11.75	15.32	22.98	28.52	31.77	32.2	3.61	50.13	9.82	8.71	22.77	35.9	20.21	17.98	23.13	35.61	20.86	3.65	7.13	18.98	46.16	9.9	7.42	20.35
27.9	29.56	28.47	41.8	100.0	27.9	25.21	65.8	64.96	26.71	52.56	42.14	37.99	6.08	15.13	52.56	64.96	17.75	52.56	31.76	52.56	31.24	31.76	52.56
53.33	38.32	35.03	40.24	64.57	47.78	22.21	67.33	50.37	43.05	67.89	59.04	45.33	57.05	39.76	61.04	51.94	51.79	46.16	48.15	51.67	42.85	52.08	44.54
45.46	42.51	30.15	50.75	40.75	48.63	22.05	39.57	24.22	43.18	36.25	35.0	54.05	30.7	28.72	40.26	27.91	29.46	42.57	18.15	41.94	46.93	31.37	29.23
12.25	27.04	25.7	15.85	32.39	24.58	9.0	29.78	15.41	6.72	49.63	16.28	32.33	11.13	21.44	25.01	22.33	11.55	29.51	5.61	21.86	4.63	22.54	24.7
14.47	21.23	48.3	37.49	73.15	41.95	16.77	41.95	32.14	16.77	35.45	16.8	16.77	34.92	13.91	35.45	44.37	14.83	14.83	17.82	54.82	15.12	17.04	15.34
72.1	35.63	45.47	86.66	72.1	50.39	58.64	71.66	72.1	79.65	86.66	79.17	58.28	72.1	56.32	77.6	86.66	79.17	12.5	73.56	71.66	86.66	86.66	53.28
26.8	15.42	43.21	26.68	16.46	38.31	22.42	13.21	36.19	24.52	45.07	25.38	36.82	23.14	27.13	47.55	25.38	27.43	5.62	36.82	53.82	24.69	28.05	36.19
31.38	30.79	32.68	29.93	41.52	45.37	6.34	53.25	10.97	12.92	53.25	41.85	29.45	32.81	31.45	29.85	31.02	22.13	19.98	24.16	34.8	23.95	19.64	42.01
15.05	29.63	49.14	57.6	56.49	55.99	15.05	78.76	56.97	38.67	45.7	52.71	41.26	8.32	42.09	33.08	17.57	8.56	48.92	8.38	63.99	48.73	49.77	59.09
9.89	12.02	56.54	42.26	87.39	85.79	22.01	87.39	58.02	13.93	48.25	49.41	58.02	25.76	10.69	22.44	18.22	50.21	46.19	12.58	47.55	11.39	22.42	72.65
49.64	25.81	28.15	28.77	46.02	31.19	34.84	26.11	27.21	15.21	22.8	33.93	28.58	23.8	32.59	28.58	38.52	17.74	30.11	43.35	30.34	32.79	32.79	45.77
25.68	26.9	16.2	17.2	18.54	48.84	15.36	35.66	5.45	5.86	52.03	29.28	15.29	34.03	16.3	26.2	26.45	10.38	41.68	8.3	41.35	14.6	19.02	29.17
21.59	34.82	20.38	33.09	43.16	29.56	25.86	34.38	30.22	16.89	31.42	34.69	34.83	11.02	21.01	42.08	29.44	16.7	20.29	13.8	32.17	6.47	28.82	33.7
29.69	55.83	33.38	48.46	38.9	37.63	24.45	35.84	11.41	37.39	40.49	28.99	14.84	16.59	10.62	22.9	30.89	13.55	52.69	25.45	46.45	28.55	11.36	32.56
8.04	19.35	42.61	50.39	30.13	64.14	2.32	33.34	65.55	32.38	50.7	27.67	32.38	8.56	31.87	27.67	15.31	10.59	50.39	37.84	26.92	26.61	45.47	30.13
16.98	30.05	30.69	52.17	39.77	33.51	20.96	55.09	25.92	8.89	63.61	64.66	12.52	12.82	20.8	36.68	17.26	34.58	23.86	36.08	53.32	42.21	24.41	62.44
10.55	15.02	45.99	26.63	39.41	52.65	8.51	66.82	18.72	19.91	55.24	33.41	25.78	4.37	33.92	42.75	30.06	43.31	18.85	27.7	45.79	15.05	32.67	45.78
44.52	23.27	32.65	22.34	25.69	32.65	29.8	32.64	31.04	42.03	46.52	32.65	33.36	36.28	36.61	32.64	46.36	47.78	32.64	32.95	43.91	5.6	57.21	43.91
2.35	2.33	2.25	16.69	17.79	17.79	5.4	10.52	5.07	8.04	4.3	7.95	9.17	3.96	2.57	4.78	7.58	8.36	4.32	7.95	7.83	2.71	5.33	5.65
24.27	25.98	27.57	27.05	30.01	32.89	34.18	37.05	26.91	28.79	52.18	34.92	34.5	24.26	33.11	27.06	26.64	24.83	12.06	35.46	43.61	30.2	26.77	29.62
14.66	27.39	50.12	54.24	57.23	61.44	33.03	71.48	45.12	23.7	86.46	54.24	45.58	49.64	45.31	49.42	40.47	32.72	52.53	38.45	65.89	13.62	36.04	78.42
31.93	13.04	42.76	37.77	60.94	34.93	14.76	56.97	26.87	21.69	43.78	52.18	40.54	43.63	9.05	43.44	35.23	51.26	40.64	44.86	57.62	37.86	35.97	37.46
28.09	18.55	44.52	13.49	79.67	43.07	45.99	60.32	15.08	37.35	49.6	19.73	8.05	43.62	36.13	7.72	26.12	8.05	5.07	53.36	49.6	26.14	30.67	51.79
14.07	10.44	17.11	30.91	48.72	32.6	25.07	75.22	49.51	25.08	56.84	22.82	36.95	12.14	13.25	61.81	16.54	8.59	34.73	21.17	65.67	35.02	28.3	62.74
3.18	24.51	20.59	17.12	17.15	34.79	7.04	31.04	5.51	4.26	17.6	15.66	16.59	22.49	20.59	18.41	17.61	15.58	17.6	30.42	17.54	17.12	20.55	19.03
10.52	10.31	50.72	24.94	40.52	66.06	5.62	50.89	22.37	40.28	23.58	50.72	8.23	17.2	16.97	14.44	41.04	35.87	24.94	43.54	42.16	44.9	9.56	57.49
12.91	12.99	36.76	24.41	21.63	25.83	58.94	30.13	25.75	27.67	29.51	27.71	22.56	17.57	20.13	27.71	41.62	25.88	50.84	11.76	36.82	28.01	39.39	29.03
25.89	26.33	14.1	9.21	33.64	7.16	35.65	58.52	31.85	6.58	42.67	34.75	16.98	10.91	28.45	47.92	17.88	33.62	44.79	18.81	40.22	5.86	24.16	10.86
6.94	2.45	4.22	22.87	23.92	18.89	8.86	36.64	12.58	8.18	36.78	6.76	8.3	6.16	9.71	27.99	26.43	24.96	33.16	12.28	34.36	18.39	6.39	19.64
22.24	32.52	42.12	42.12	42.12	14.21	24.71	16.26	31.73	7.84	16.26	13.79	42.12	45.26	45.26	50.09	42.12	45.26	40.9	16.26	24.71	4.62	15.86	22.24
27.75	29.49	41.53	48.29	74.06	60.96	25.31	65.23	65.56	42.06	54.97	58.91	44.88	66.76	49.75	55.34	17.67	53.71	49.07	48.69	61.31	32.16	36.83	73.97
26.47	12.54	15.74	14.4	64.01	39.15	10.17	62.5	30.11	22.24	47.81	24.86	27.82	6.08	26.98	31.59	22.6	28.71	8.7	44.57	56.53	21.43	33.8	7.97
26.6	14.98	61.56	66.23	56.81	52.23	42.8	49.18	36.43	13.0	59.11	61.56	32.5	14.76	24.03	28.92	66.98	10.64	54.95	29.45	63.93	13.58	59.12	64.8
5.26	7.58	31.36	11.88	65.71	54.69	21.33	47.61	37.94	6.0	79.56	34.72	15.33	29.04	33.54	39.14	25.72	10.36	24.87	16.21	68.22	4.53	15.42	58.51
22.48	6.61	3.93	23.72	44.14	35.87	15.59	36.97	13.13	17.85	34.83	4.31	29.66	3.07	14.04	28.23	5.98	23.24	18.99	8.56	18.65	20.53	28.23	11.76
11.0	13.59	42.81	39.27	78.03	78.03	23.81	62.42	35.81	12.99	62.44	78.03	19.63	34.09	20.04	67.05	40.0	13.75	26.73	42.81	78.03	10.9	22.64	72.04
33.46	27.17	32.81	27.63	47.06	47.06	11.02	43.37	37.51	26.51	68.11	60.49	13.31	26.44	14.69	62.14	12.14	8.86	15.66	10.23	47.06	13.95	8.69	34.82
19.46	11.36	43.86	14.86	32.98	39.31	8.43	23.8	11.28	9.43	18.72	29.99	13.82	14.92	11.71	25.71	21.72	11.21	25.49	11.88	19.06	20.11	27.53	18.45
12.39	20.51	52.16	46.54	70.3	58.35	15.35	89.42	41.55	16.64	75.39	49.96	58.92	32.67	23.32	47.75	32.74	31.58	23.31	46.2	58.12	11.62	33.83	61.93
13.93	15.95	21.59	34.03	21.59	21.59	15.36	17.79	13.99	19.27	16.13	21.59	39.11	4.55	13.99	24.34	15.08	42.35	34.8	4.51	49.92	15.08	15.08	18.33
15.82	40.33	65.55	48.42	68.66	80.03	22.4	67.3	65.95	49.5	67.3	68.66	49.5	43.6	21.77	65.55	53.7	53.7	45.79	80.03	39.85	61.0	69.08	38.14
9.24	23.57	16.7	9.24	16.54	16.7	14.95	25.64	16.54	9.33	10.67	20.15	16.54	7.55	14.25	16.7	16.54	25.34	10.99	10.99	9.33	13.83	9.33	9.62
9.66	17.16	11.46	8.67	35.1	8.51	8.71	26.15	8.25	5.88	44.93	22.97	19.97	9.97	9.83	5.06	14.0	16.6	4.38	19.14	48.62	10.98	23.26	35.46
27.53	15.54	10.96	26.98	17.89	17.37	17.08	17.53	38.34	24.41	33.28	30.08	16.65	25.99	25.95	35.36	31.33	18.51	35.36	26.69	17.2	17.49	24.74	15.76
33.43	39.84	55.77	25.71	68.39	67.19	40.52	57.05	30.35	34.16	54.35	48.12	43.43	34.89	34.93	68.47	51.16	32.83	50.18	51.72	45.02	34.85	37.92	54.11
22.97	13.61	28.57	32.88	54.61	51.59	23.23	30.95	31.96	13.43	37.57	35.53	21.88	21.6	29.4	52.36	23.84	11.51	42.26	27.44	54.65	32.78	47.53	30.02
17.34	13.54	25.7	22.76	14.55	17.84	11.42	20.12	12.23	14.53	43.2	26.09	17.93	12.98	16.5	21.49	19.47	16.52	16.91	16.03	28.28	11.78	13.39	19.18
16.67	32.89	47.82	71.02	52.1	63.68	38.1	64.57	42.47	42.24	52.1	40.26	42.4	24.75	49.79	49.79	59.41	58.09	60.98	29.51	81.2	35.9	42.47	63.68
23.97	35.76	31.42	33.34	23.85	30.32	27.56	48.41	24.68	38.5	17.64	30.79	28.4	22.42	22.46	23.85	34.1	9.36	19.7	22.31	17.06	42.09	22.08	17.01
42.39	40.9	72.0	72.0	72.0	59.23	34.12	59.42	57.29	19.69	59.42	57.29	68.48	46.43	57.18	77.22	62.68	42.59	85.71	54.69	59.42	51.98	16.66	57.28
12.29	27.23	30.31	28.51	36.07	43.43	7.93	41.55	25.59	20.69	42.33	21.1	16.73	25.73	24.8	12.78	15.06	12.08	12.0	29.67	29.27	13.74	26.18	40.79
4.12	7.11	23.89	4.74	7.13	24.06	6.74	24.06	10.65	14.66	8.47	4.62	8.36	14.6	8.23	23.68	4.75	14.29	9.86	3.45	7.03	3.47	17.94	7.03
37.31	20.8	20.81	34.0	41.71	37.71	11.01	31.84	26.53	10.82	41.71	38.24	26.91	8.98	20.81	34.32	26.53	33.87	29.63	31.43	37.71	34.68	32.68	30.34
32.35	22.79	38.51	15.05	56.93	25.51	7.99	41.04	38.96	36.81	63.68	41.66	19.34	21.03	23.91	40.07	42.43	4.89	23.85	29.78	47.96	27.41	22.63	16.25
7.47	7.47	8.89	5.44	22.72	17.61	7.66	34.39	6.15	5.44	45.72	36.62	29.26	10.6	5.4	7.14	37.07	44.97	10.7	6.61	34.39	12.98	23.9	6.25
9.96	10.6	19.44	13.74	6.54	10.58	9.99	25.97	13.77	9.96	21.55	12.58	13.95	10.58	8.85	10.42	24.18	9.58	10.39	25.79	10.75	13.2	10.6	10.75
5.61	19.57	35.92	16.42	39.7	34.76	17.24	42.06	10.17	6.99	29.17	37.66	13.83	7.77	13.3	18.36	8.85	15.58	17.78	16.84	26.49	3.59	7.83	26.49
20.22	25.4	27.98	14.12	30.11	33.39	7.44	41.22	23.67	10.62	28.22	27.95	17.48	9.08	10.42	28.22	13.27	16.31	20.93	13.11	35.65	12.97	25.4	19.15
4.13	12.04	7.74	8.84	13.52	7.74	19.23	33.03	4.94	2.19	19.51	4.94	7.84	7.66	4.83	4.04	5.28	12.43	20.66	2.53	25.38	15.67	2.38	26.74
23.37	34.6	29.99	16.52	31.91	38.9	20.54	22.49	14.42	18.4	49.53	22.07	28.64	10.45	29.28	40.53	35.43	6.99	47.25	9.07	33.61	9.33	10.46	19.08
25.55	26.37	30.74	27.41	31.26	41.31	30.73	31.27	18.95	17.24	20.91	34.45	24.17	18.53	29.11	33.94	27.32	17.68	35.66	20.32	47.18	15.91	24.18	36.52
25.25	31.21	37.22	48.94	41.92	50.78	25.33	57.75	14.74	18.36	58.28	25.25	17.61	22.32	34.42	34.16	22.12	33.6	40.61	55.63	58.28	22.55	40.61	40.91
50.23	62.78	57.58	59.72	63.57	74.25	55.81	68.55	59.72	46.81	74.25	57.63	44.9	54.42	50.79	44.3	63.96	11.35	54.26	53.18	59.72	42.22	45.29	57.63
23.59	23.59	22.61	26.04	27.07	29.72	26.68	64.31	28.13	36.39	64.31	28.13	28.13	26.04	16.11	22.61	28.22	43.72	5.06	20.83	64.31	9.14	28.22	22.54
12.66	3.33	10.18	9.64	32.2	15.75	11.92	26.38	15.6	4.66	27.11	17.69	3.33	16.23	12.98	18.07	9.0	11.92	6.95	6.15	35.34	1.94	7.01	17.44
5.33	12.64	12.53	14.37	21.46	17.1	14.48	18.86	10.21	4.2	25.87	18.82	11.65	15.85	6.23	9.99	11.74	4.68	17.31	12.87	18.86	4.34	15.86	18.22
28.57	5.53	18.17	29.26	52.67	41.32	16.22	52.67	17.78	5.9	52.67	7.48	9.31	6.72	15.77	17.78	21.36	31.05	25.35	3.23	52.67	5.17	6.09	41.32
3.94	10.95	28.3	17.16	33.76	30.48	17.61	25.02	47.97	13.82	18.74	27.94	15.07	20.71	28.25	15.66	52.11	25.37	23.83	19.08	37.94	20.33	23.21	42.94
4.24	0.0	0.0	0.0	0.0	0.0	26.71	100.0	0.0	78.61	100.0	0.0	100.0	27.78	88.01	0.0	0.0	4.24	3.56	88.01	100.0	40.26	88.01	0.0
28.69	56.6	28.94	29.08	55.8	42.98	8.91	72.65	18.41	29.27	45.31	39.42	39.57	26.1	22.12	55.57	32.21	26.68	10.69	19.85	40.6	14.3	26.26	18.09
39.57	39.55	68.88	85.79	70.77	94.57	37.37	73.44	70.99	70.77	85.79	85.79	48.99	42.2	37.49	42.35	81.94	28.94	85.79	53.75	70.77	28.62	44.81	70.77
20.9	9.73	7.38	21.52	37.2	14.73	24.22	36.97	29.11	4.79	21.89	15.94	14.47	2.25	1.46	29.23	14.5	10.94	21.42	44.3	14.73	8.7	4.81	17.76
39.2	31.99	48.45	64.69	45.14	50.1	15.91	50.1	38.63	30.8	60.95	39.6	26.37	63.48	28.19	51.99	49.58	32.45	42.4	50.28	67.14	22.18	35.22	56.03
29.66	17.66	22.47	11.39	7.95	44.87	24.51	26.6	15.5	6.99	19.17	40.26	18.18	11.93	15.27	13.99	46.87	13.58	46.51	10.82	49.67	7.3	42.92	32.77
42.57	18.26	33.99	48.43	65.68	58.64	4.66	61.06	22.67	6.81	52.99	49.14	13.26	8.5	23.28	24.72	50.87	8.09	28.51	44.0	50.92	10.17	53.05	64.23
12.36	8.39	11.51	19.99	16.73	20.43	8.69	13.68	11.09	8.96	9.57	5.02	13.96	14.38	9.6	18.6	8.69	8.56	9.52	8.96	10.75	8.18	10.51	11.09
18.96	26.42	16.87	29.82	43.57	39.02	23.09	38.57	24.63	29.91	53.37	32.66	42.66	16.43	32.09	39.16	32.14	21.82	39.16	26.58	53.37	27.55	24.8	28.18
18.4	18.36	16.01	37.28	24.17	23.85	38.18	24.89	18.4	16.72	54.61	14.99	14.99	14.74	21.69	24.21	39.46	13.67	11.84	26.24	32.16	29.04	15.55	30.33
38.09	24.48	25.73	40.64	65.77	70.98	42.17	70.98	30.6	15.08	60.08	44.23	70.4	27.13	15.41	51.0	15.01	40.64	53.77	25.73	65.77	38.4	33.0	66.78
48.72	26.1	28.65	84.92	80.32	46.0	27.72	45.97	11.37	45.48	70.4	41.86	26.2	44.84	16.33	61.08	35.42	26.92	66.76	28.34	62.35	57.05	50.71	29.15
27.85	27.81	57.38	14.03	48.17	59.81	18.79	69.44	29.21	25.3	69.12	22.77	56.71	44.51	16.1	47.7	39.5	17.27	20.04	21.27	49.91	54.37	43.48	63.72
18.46	53.99	34.5	25.45	72.06	72.06	33.81	74.71	57.54	32.52	34.5	55.0	27.43	26.01	55.0	72.06	33.81	15.82	26.01	34.5	55.0	25.45	33.81	26.01
33.26	45.92	60.65	48.29	81.43	60.84	31.52	74.52	44.27	8.31	77.49	76.43	38.84	72.67	53.66	62.31	33.79	48.29	72.14	21.8	85.89	48.2	64.87	75.82
12.21	10.07	59.01	43.22	29.78	53.22	9.09	27.5	37.75	14.98	32.59	12.61	15.5	24.07	20.8	16.68	25.11	9.1	21.81	1.58	32.71	15.66	36.84	32.71
10.84	5.52	43.31	6.53	17.27	29.65	18.84	39.4	29.91	7.86	35.7	31.04	6.03	15.25	21.17	33.15	19.26	24.77	16.34	18.84	28.98	5.34	9.89	35.73
22.52	22.05	24.84	39.2	67.71	69.87	12.9	59.52	31.26	17.18	59.0	42.67	37.67	15.07	25.93	22.55	25.1	35.61	29.64	24.54	14.88	32.16	38.7	40.5
60.08	50.15	54.62	54.51	68.69	56.48	48.47	70.41	56.87	44.32	80.36	54.51	54.61	57.42	51.11	63.22	54.51	54.08	54.15	73.97	82.89	24.45	55.75	70.4
33.85	50.67	30.09	49.89	64.14	64.37	19.59	49.89	56.38	10.52	69.43	32.87	40.44	15.96	18.55	41.94	36.9	36.9	13.97	15.27	49.96	28.94	36.3	14.99
7.39	18.16	10.92	10.99	22.31	17.9	2.15	7.88	4.61	2.15	45.37	25.84	25.43	5.12	3.89	4.51	24.65	21.63	5.22	18.31	5.5	20.87	6.35	10.99
11.73	9.55	19.16	21.2	29.98	53.48	24.38	41.72	21.2	11.73	19.16	19.16	10.6	11.02	8.84	48.33	2.84	54.91	19.16	59.0	41.72	8.91	11.02	69.89
23.48	14.98	28.18	7.89	41.67	43.94	30.81	41.88	22.27	6.29	61.17	28.1	36.52	7.7	20.7	30.81	28.1	24.91	40.19	37.74	26.23	36.43	38.5	12.06
31.37	21.55	39.11	38.9	36.0	40.59	18.5	43.06	23.66	21.87	52.13	44.73	39.77	31.86	24.46	34.49	21.55	35.35	37.29	18.6	44.69	10.79	29.6	52.13
39.25	34.18	42.47	35.26	38.9	29.27	13.5	31.57	18.9	17.95	37.62	12.21	21.68	24.13	12.4	37.07	26.32	13.81	25.54	40.74	29.27	18.5	54.07	29.27
8.5	21.48	11.22	39.61	30.41	23.64	7.47	13.67	23.49	31.65	23.79	22.35	17.54	17.25	23.19	21.48	23.71	8.23	20.02	42.14	31.6	24.6	33.41	21.48
16.17	12.06	9.35	19.73	73.64	50.59	11.43	18.83	12.68	9.76	14.97	23.43	18.24	5.91	20.86	53.07	6.26	10.33	32.6	29.53	20.26	10.92	47.87	32.6
23.84	43.06	51.69	66.33	78.03	50.7	17.41	59.6	34.08	24.88	52.82	60.51	35.4	18.04	32.73	52.09	38.39	16.1	58.63	5.99	56.11	35.13	33.91	64.25
12.0	16.09	28.62	28.77	47.33	55.48	12.0	67.11	15.66	7.74	61.58	49.79	13.31	7.56	7.85	39.4	38.01	5.3	41.11	16.21	75.09	4.24	9.68	58.54
44.11	46.98	44.05	44.05	43.53	36.11	34.21	62.49	41.04	40.35	49.87	33.56	54.82	20.16	29.59	44.05	47.42	34.8	46.08	37.68	60.95	44.3	43.3	55.23
6.37	31.08	77.5	30.34	68.56	51.41	6.79	55.06	30.68	8.78	40.36	12.25	16.9	55.83	19.77	54.98	12.25	4.18	10.47	41.41	14.22	3.78	6.28	60.04
38.66	38.66	16.54	16.54	69.89	17.47	38.88	69.89	29.38	7.77	69.89	16.54	69.89	8.52	9.46	70.81	16.54	6.72	37.7	16.06	70.81	10.6	8.8	27.09
22.84	27.29	18.94	33.38	35.86	34.79	22.2	34.79	43.06	21.14	35.86	26.58	28.22	34.79	21.94	27.87	22.42	23.76	22.53	25.82	30.62	30.73	31.93	29.34
13.26	6.49	19.05	22.12	12.99	22.45	6.94	26.97	19.57	15.42	42.29	21.45	10.33	9.09	33.44	21.45	20.54	17.12	16.34	18.57	39.42	10.11	19.99	19.05
15.08	25.53	28.78	18.39	20.26	30.75	9.88	51.94	11.2	7.93	47.44	30.42	27.84	25.94	7.89	24.37	22.45	13.75	18.7	30.22	39.73	19.37	32.56	22.45
4.81	2.34	4.81	24.58	13.81	7.37	6.64	8.04	6.02	15.02	8.31	5.02	15.66	3.55	8.81	6.56	5.4	5.63	6.72	5.54	6.55	4.62	4.61	10.83
32.77	61.42	41.58	38.31	41.58	56.01	19.71	56.01	58.67	14.01	65.04	56.01	37.84	53.88	17.8	56.01	62.89	39.65	38.1	26.57	53.4	34.63	43.08	56.01
51.77	72.73	80.0	58.77	77.0	74.42	45.41	64.33	32.0	46.78	77.95	65.68	64.42	61.62	37.34	53.01	63.34	45.55	35.82	54.53	79.56	58.16	46.15	71.45
39.85	59.75	56.81	64.14	56.81	83.71	19.58	64.14	64.14	56.81	83.71	83.71	81.54	46.86	26.15	64.14	64.14	42.61	64.14	57.31	64.14	20.66	42.61	64.14
10.97	6.13	10.78	14.42	10.78	14.16	10.65	14.16	6.13	6.13	14.16	14.16	10.78	10.65	2.26	10.78	8.51	8.51	6.13	13.05	14.16	2.87	10.78	14.16
13.95	33.53	37.99	43.06	46.06	41.07	23.33	24.25	19.71	17.59	30.55	30.13	18.92	25.48	34.28	42.14	26.46	20.91	19.18	29.62	22.95	11.68	34.28	29.04
1.92	17.24	5.06	6.75	40.9	17.1	3.21	12.57	13.67	3.72	13.67	8.91	4.62	4.25	2.86	17.24	4.79	32.65	25.21	17.24	31.46	4.25	20.1	9.08
11.24	4.47	4.78	11.87	12.91	11.81	4.54	11.24	11.45	4.26	11.81	12.0	11.08	11.45	6.79	5.36	11.55	4.53	10.15	5.73	17.02	11.43	11.23	5.03
28.2	44.01	29.31	39.21	49.29	56.89	29.89	57.91	46.91	29.99	61.82	48.46	61.41	31.51	57.78	53.49	59.08	38.28	46.81	24.19	54.93	26.32	43.81	37.44
55.95	40.77	47.14	59.75	59.94	51.18	19.27	69.04	31.06	14.75	77.49	47.8	35.81	39.06	28.97	27.79	39.11	33.02	33.79	50.07	50.88	37.97	27.5	43.06
28.35	13.54	50.49	34.1	52.82	51.7	31.18	54.52	41.6	12.58	62.64	49.59	27.65	38.15	37.36	54.84	37.13	38.36	30.36	52.74	60.11	27.21	30.7	64.55
5.09	5.07	28.03	23.57	17.87	22.92	24.25	25.37	24.39	6.85	23.71	19.82	27.83	31.55	8.29	22.95	26.89	20.37	24.36	6.96	24.94	6.17	11.57	22.71
14.05	10.93	18.33	18.95	18.95	18.46	20.19	18.95	13.26	15.46	18.95	60.29	20.11	12.58	15.42	20.11	18.46	17.92	20.11	14.79	17.51	13.26	20.11	18.33
7.69	11.19	34.69	24.93	11.22	34.69	25.0	34.69	31.65	15.31	34.69	34.69	11.22	9.73	18.92	34.69	39.83	31.73	34.69	47.44	34.69	9.35	70.16	34.69
48.78	40.75	21.98	36.11	27.24	45.37	10.79	41.23	35.06	25.24	34.82	42.96	25.76	12.71	29.63	26.21	34.68	25.94	31.87	29.82	31.0	30.58	38.35	31.24
7.69	11.25	9.97	9.88	10.27	11.33	5.85	10.27	11.79	8.42	20.58	6.71	6.52	11.28	5.82	4.13	7.74	4.25	8.07	12.24	13.78	7.77	8.38	14.89
28.73	33.37	30.58	23.01	26.64	38.13	16.04	39.37	16.62	21.29	47.37	23.52	11.62	24.94	8.55	26.61	18.44	10.26	18.09	24.91	36.42	17.55	15.92	11.39
40.86	39.15	22.57	28.01	38.93	43.7	40.46	35.88	32.53	24.32	56.92	65.85	50.59	27.33	44.02	28.04	53.56	43.31	45.75	37.63	50.85	41.66	41.66	54.7
22.93	21.06	59.33	55.87	59.33	47.35	28.95	47.35	33.41	25.74	57.7	37.2	33.41	51.77	35.7	59.33	49.4	23.56	33.53	38.16	47.35	16.96	24.98	47.18
18.57	26.26	21.49	7.67	27.92	26.5	17.86	24.64	26.7	35.94	23.9	32.57	22.15	21.25	38.41	37.23	34.29	15.6	20.33	20.77	30.47	12.09	27.42	31.0
34.58	25.41	41.72	15.68	59.5	43.19	11.81	69.93	9.97	1.98	71.0	37.82	29.71	30.42	3.94	31.21	13.99	8.55	27.36	29.67	52.76	7.97	28.9	69.93
14.2	10.29	5.09	7.61	5.55	21.18	14.86	22.28	13.49	13.89	17.42	29.42	8.42	15.44	7.74	14.57	14.6	6.96	18.68	5.39	33.08	13.69	20.68	17.89
20.33	1.53	17.09	13.95	16.28	16.42	16.56	18.12	11.82	8.37	21.49	19.86	13.82	32.89	14.75	17.52	23.96	39.25	18.06	1.58	21.49	25.55	33.95	11.21
28.09	20.25	17.72	33.7	49.37	30.12	17.36	20.62	24.84	7.17	42.57	18.74	27.61	16.18	40.6	39.35	49.79	32.91	24.64	24.94	25.81	31.69	45.63	25.81
34.79	8.33	22.23	8.36	26.51	22.23	15.31	17.1	31.17	15.31	22.23	15.31	17.1	7.86	17.1	22.23	10.77	17.1	20.33	47.59	22.23	13.15	42.5	22.23
21.62	13.6	23.71	41.47	41.47	41.47	2.56	41.66	39.88	19.29	52.05	41.47	36.75	26.24	24.77	32.66	36.75	36.16	39.77	32.66	52.05	16.66	23.71	23.71
39.28	14.78	100.0	27.59	27.59	100.0	9.91	100.0	27.59	27.59	100.0	27.59	9.91	27.59	27.59	100.0	9.91	9.91	27.59	27.59	70.71	65.8	27.59	27.59
19.47	18.1	27.57	34.16	19.0	25.12	29.58	19.45	34.94	12.3	22.51	38.7	33.0	10.79	32.39	29.67	26.54	4.48	20.77	19.74	37.51	8.92	10.36	11.7
36.72	38.16	4.93	15.85	59.0	8.91	23.46	41.72	47.99	15.85	9.43	8.91	15.85	26.31	11.63	15.85	8.91	4.93	18.36	9.43	41.72	9.43	18.36	18.36
51.36	34.35	60.82	42.14	53.94	39.8	31.13	49.61	18.04	12.75	47.64	25.13	26.46	46.7	39.91	19.41	25.13	13.89	40.5	22.03	43.85	17.32	45.14	49.01
0.16	6.24	8.69	19.73	33.26	24.7	3.78	27.9	10.46	5.76	19.74	12.43	10.3	8.68	14.03	25.47	6.62	5.42	3.24	7.9	21.78	1.78	10.45	28.48
21.79	33.28	30.95	34.6	37.04	33.57	32.8	48.69	61.66	32.14	55.99	47.99	57.8	19.71	31.88	38.21	32.64	24.05	32.57	29.87	62.67	39.75	36.82	59.01
13.54	8.11	24.69	47.67	37.84	27.26	10.77	57.8	11.51	14.42	57.07	53.83	14.42	2.58	5.83	40.09	20.23	6.16	20.26	36.03	22.42	9.57	10.67	31.55
20.14	22.78	34.05	28.75	39.52	47.62	8.56	48.16	35.69	36.54	36.49	30.91	36.81	16.24	24.94	37.69	21.29	26.39	27.93	22.13	38.68	23.5	38.61	35.68
14.67	13.29	25.38	23.3	28.31	33.17	10.44	36.54	26.78	14.33	36.52	15.33	13.12	24.26	17.59	33.66	17.28	2.91	23.11	18.05	40.9	5.17	12.19	41.81
20.09	7.29	24.32	24.35	41.11	24.32	11.2	49.23	23.68	21.52	57.75	25.53	24.04	12.75	18.76	24.04	23.71	8.26	24.04	11.07	57.75	8.39	21.94	40.63
24.55	12.99	12.19	29.96	52.95	31.57	11.74	54.53	26.03	12.48	39.4	26.14	30.02	8.38	25.41	52.77	37.91	34.55	36.41	49.46	62.01	35.7	10.74	54.18
48.88	54.13	31.23	48.61	43.52	45.24	39.32	75.14	33.09	7.23	64.12	40.15	33.61	42.46	12.73	35.19	52.51	20.25	30.8	48.16	88.12	25.3	55.78	27.04
20.16	19.57	20.16	20.47	21.66	22.79	20.16	13.8	19.0	20.39	22.01	22.67	19.04	12.02	17.29	22.67	22.79	19.01	32.22	27.16	22.01	24.39	22.37	22.79
69.31	59.15	82.65	67.03	100.0	73.49	32.65	100.0	67.03	67.03	100.0	100.0	100.0	73.69	59.69	73.49	100.0	100.0	100.0	4.02	100.0	75.39	100.0	100.0
42.33	43.44	42.83	46.73	63.26	44.98	19.29	61.25	39.09	40.79	63.26	54.21	29.16	9.5	27.57	41.93	32.84	20.99	41.61	1.18	52.55	23.97	53.92	49.21
30.62	34.93	18.63	21.28	36.75	37.22	16.72	30.4	38.34	21.89	35.85	14.87	44.48	15.21	6.89	34.97	18.65	28.81	27.67	19.63	42.5	21.29	19.23	31.37
28.08	24.82	22.28	43.77	22.7	34.11	20.65	37.42	28.35	16.13	32.11	16.37	28.35	14.83	20.33	28.88	23.03	9.76	30.11	28.36	28.35	7.63	15.52	32.11
25.54	18.29	30.41	13.53	31.86	30.19	5.15	43.27	16.87	21.23	32.91	35.24	32.22	21.02	34.85	16.87	15.58	20.84	17.83	5.7	34.82	22.87	30.84	21.77
17.13	29.86	24.6	25.61	20.33	16.47	20.66	34.18	10.41	20.84	37.74	26.3	11.34	22.1	21.85	33.64	21.13	17.99	23.44	15.55	20.34	11.64	22.16	29.64
8.23	8.81	8.56	7.76	49.79	39.82	7.76	40.21	58.54	12.85	58.54	58.54	8.56	25.54	15.45	49.79	40.21	40.21	20.59	27.07	39.82	8.56	8.56	58.54
15.73	7.37	10.58	37.52	38.28	51.09	14.96	64.87	38.28	6.46	74.44	19.41	6.61	37.52	9.23	28.73	28.73	8.81	31.87	1.51	72.1	21.18	34.67	10.11
35.56	22.36	44.5	33.37	79.66	50.82	37.57	85.79	32.62	50.82	68.99	44.5	22.54	45.81	25.66	32.76	23.83	28.78	31.05	6.07	79.66	37.26	25.38	23.83
10.01	6.01	12.21	6.24	36.54	15.13	10.1	18.16	15.14	3.38	17.82	7.98	4.56	5.39	18.97	24.22	14.78	18.06	16.9	21.46	13.8	6.46	4.85	17.84
32.71	32.05	16.03	21.08	27.61	55.9	31.31	56.72	19.69	18.97	49.76	30.42	25.32	24.65	34.99	22.58	34.63	2.9	12.1	8.16	20.41	33.15	21.58	37.26
13.6	8.2	25.57	7.09	10.78	24.44	4.72	37.38	9.89	24.54	24.0	11.74	7.98	6.53	12.14	13.38	6.91	3.59	10.95	8.94	24.25	15.22	12.52	14.1
26.27	49.64	46.81	38.89	51.34	56.07	38.0	67.19	51.34	38.51	58.05	51.72	44.05	33.91	37.95	34.37	36.98	44.26	28.37	49.5	37.07	36.26	51.34	51.34
25.48	37.42	28.68	32.8	56.82	57.89	24.01	57.89	32.64	25.56	51.67	40.99	59.42	34.33	18.07	46.4	33.04	31.85	47.1	18.64	26.61	22.32	63.98	46.46
28.34	24.73	19.13	35.1	37.28	30.22	36.67	38.88	21.82	18.61	35.3	29.49	17.62	18.66	39.19	39.31	35.26	17.41	30.68	28.55	30.64	25.24	38.7	31.12
11.77	26.68	17.54	24.69	24.69	21.64	27.66	30.9	6.25	5.44	32.49	40.28	13.64	10.06	28.1	24.76	17.0	13.84	6.29	15.82	32.49	7.56	14.8	6.46
11.0	21.67	14.65	26.22	26.89	26.13	6.73	22.27	13.99	13.7	24.8	15.68	13.9	23.01	9.72	13.99	24.32	3.3	7.21	5.92	33.62	5.91	18.97	23.91
16.79	32.3	19.78	19.78	19.97	23.75	23.75	23.75	18.71	17.1	19.39	19.97	20.5	19.39	7.99	32.3	23.13	32.3	23.75	23.75	19.97	16.5	23.13	11.95
35.21	47.79	51.31	36.08	50.59	48.84	45.0	66.18	48.84	36.08	53.12	49.63	48.84	21.28	12.14	48.84	44.27	41.67	57.85	44.34	54.12	53.31	48.84	62.38
14.44	48.02	26.72	44.43	33.9	44.77	24.77	38.06	34.67	9.57	61.0	37.52	29.91	20.38	38.43	16.53	34.67	6.25	40.21	27.1	44.66	45.24	33.39	25.63
24.54	27.18	37.19	24.3	43.5	31.54	9.9	47.87	21.71	24.82	50.39	36.37	21.6	17.36	25.22	18.62	23.66	9.79	46.83	20.11	36.25	11.59	24.5	33.45
29.15	30.41	41.43	62.22	65.7	45.24	13.67	63.94	15.64	22.78	66.81	30.3	19.99	33.36	9.19	36.1	9.5	4.96	39.09	19.23	76.77	25.75	17.48	66.91
44.73	32.74	22.59	41.42	51.16	30.85	17.18	18.73	19.16	30.79	31.46	21.66	20.83	20.41	22.42	28.62	20.87	22.64	22.39	23.13	24.59	30.64	47.46	20.49
23.37	7.1	13.16	14.35	33.53	30.9	11.09	31.34	25.68	11.72	26.05	11.8	11.79	10.96	9.45	7.0	24.99	12.56	11.94	8.57	28.2	12.42	25.68	29.87
17.4	22.42	13.67	19.67	21.4	36.36	21.4	23.46	21.4	5.3	43.44	39.55	19.67	3.74	15.14	21.36	21.4	23.46	17.4	11.63	23.46	18.8	21.4	18.8
19.3	41.18	47.63	56.33	66.73	71.6	5.68	71.89	5.88	5.08	83.94	32.76	44.4	38.24	7.68	19.75	18.49	14.75	12.57	2.56	44.4	8.49	11.66	43.52
68.9	51.43	54.92	64.64	100.0	84.78	22.53	93.91	51.35	51.97	100.0	81.67	55.08	68.9	51.39	52.02	68.9	50.85	60.3	52.6	100.0	49.64	48.92	61.7
9.35	6.71	5.34	6.71	23.75	15.36	4.39	14.59	5.45	5.16	28.11	21.01	21.73	6.71	18.71	15.53	26.39	7.87	4.9	17.26	6.81	3.41	7.65	26.72
24.1	28.5	25.55	56.03	45.49	33.99	34.83	55.52	31.88	4.56	47.32	21.98	19.11	41.62	31.4	24.35	24.85	17.32	30.28	25.09	41.39	34.83	25.87	32.58
17.44	17.06	9.38	9.42	33.47	21.8	14.76	18.1	18.44	8.17	39.33	17.07	35.12	7.5	7.99	12.13	9.42	5.61	15.24	37.85	33.46	21.85	8.44	33.47
21.85	10.4	16.33	10.99	13.74	12.7	19.7	15.41	11.53	39.02	20.55	10.11	12.77	12.5	13.86	16.79	15.41	17.28	17.06	19.41	19.52	11.0	12.86	17.06
6.71	14.21	45.38	28.69	34.14	18.94	6.71	32.87	40.54	31.49	46.19	50.23	12.36	11.3	33.35	38.62	43.52	16.55	28.01	39.55	32.87	9.43	35.35	18.56
23.8	34.28	37.84	44.66	25.57	23.58	29.96	38.84	27.8	36.83	65.37	34.93	13.33	3.97	43.74	36.83	41.95	33.16	40.21	4.86	45.27	7.39	11.21	65.37
14.99	13.67	53.42	15.11	55.55	19.08	13.67	53.42	43.44	21.4	22.03	53.42	14.99	14.32	12.57	5.06	65.8	35.08	52.54	43.44	65.8	13.13	14.99	65.8
9.54	13.97	18.4	10.48	11.39	35.48	7.51	35.48	7.79	6.53	66.35	8.23	7.08	5.16	13.39	8.66	20.29	21.07	29.13	19.51	42.95	11.23	9.09	39.01
22.34	41.32	22.7	15.65	48.79	22.25	15.3	43.2	30.48	12.29	45.05	26.64	31.55	12.01	18.56	43.92	30.48	30.36	61.58	16.97	45.83	10.45	30.48	43.2
10.7	17.69	15.84	25.92	29.26	43.24	0.0	37.5	7.31	16.94	16.19	21.87	30.28	12.67	30.28	34.79	26.76	31.31	43.54	10.34	34.79	28.89	16.94	37.08
30.6	32.42	38.42	35.22	20.97	48.04	32.93	35.22	33.09	27.05	48.04	48.04	38.42	35.88	36.08	19.29	17.94	24.95	40.66	25.37	38.42	15.35	35.22	42.28
25.34	26.46	34.46	38.71	54.73	34.64	22.79	54.73	8.28	46.96	54.73	35.4	38.71	14.71	38.28	61.48	66.38	48.07	38.71	46.86	70.86	48.89	38.71	54.73
7.91	50.3	6.88	11.39	39.08	30.19	33.16	37.57	18.33	8.25	32.14	18.6	13.32	2.47	14.79	15.06	32.19	45.2	17.64	41.46	47.56	31.81	45.84	18.75
26.06	26.61	25.38	10.81	25.92	23.71	33.61	38.09	24.65	32.89	30.83	25.85	31.15	4.55	39.24	10.31	14.1	8.97	14.1	33.61	36.66	4.13	32.6	25.92
42.39	32.53	41.68	31.92	46.55	45.87	21.78	56.15	21.73	13.81	56.15	52.17	41.7	31.92	30.61	40.09	45.87	21.34	24.95	46.55	31.9	23.62	26.38	31.92
27.67	34.57	53.84	53.84	53.84	51.1	33.71	53.84	38.88	14.3	74.17	48.22	12.58	35.95	64.86	69.57	48.22	32.21	81.61	24.41	74.17	14.39	28.01	26.61
52.08	34.76	56.72	54.76	52.08	82.37	36.43	33.6	52.08	35.64	89.71	36.96	33.92	56.72	36.75	36.96	54.76	35.1	36.96	74.52	82.37	39.02	41.48	27.41
6.63	9.43	21.43	9.19	27.93	16.69	4.45	46.64	4.46	5.93	54.44	27.35	8.21	5.83	25.38	14.67	15.06	4.35	6.82	29.36	32.68	7.12	13.26	27.35
10.19	10.06	10.36	15.42	49.75	88.67	13.93	54.87	15.65	29.82	44.57	40.87	17.94	30.46	12.69	11.12	29.12	10.61	12.69	29.52	53.13	11.99	18.9	48.04
23.57	28.79	27.69	47.77	38.16	46.24	17.59	42.82	25.01	3.05	48.8	36.6	11.41	25.42	6.41	33.92	18.4	32.7	25.04	35.67	66.12	19.28	27.64	24.35
1.89	3.89	4.89	2.68	3.38	42.33	3.55	28.96	1.95	4.09	26.49	9.19	2.09	4.3	2.82	8.85	4.62	2.16	5.86	3.36	34.91	1.95	2.02	46.54
2.5	2.7	41.26	21.03	67.12	56.03	2.95	65.67	22.48	8.93	59.2	33.57	14.03	15.41	10.44	39.33	13.22	24.19	10.14	12.68	72.42	2.85	17.86	46.25
5.12	9.36	51.53	24.77	52.95	47.38	10.85	57.2	5.63	14.23	35.14	17.32	15.86	19.24	13.15	25.17	8.67	10.36	23.71	10.36	57.2	5.17	21.03	23.71
8.13	7.8	7.91	7.68	7.84	18.82	5.08	11.03	7.8	15.09	11.95	7.91	11.19	7.94	5.18	18.64	11.12	6.4	7.68	14.63	19.7	8.17	5.19	7.91
33.97	42.57	35.54	25.28	27.23	22.48	51.39	27.11	22.5	4.81	47.88	60.2	30.46	43.31	49.48	31.65	64.32	48.47	40.86	34.81	39.29	19.93	44.88	58.6
6.08	17.53	34.37	42.88	47.57	47.18	33.98	44.36	31.34	38.47	47.18	37.27	40.41	20.7	25.18	39.6	39.6	29.0	38.61	38.47	42.03	15.79	41.55	56.14
25.1	25.17	42.01	13.8	35.96	24.02	12.1	28.2	28.4	14.37	30.42	38.46	23.71	20.93	9.45	24.01	20.66	11.79	20.08	20.46	39.34	15.16	19.0	23.73
78.22	36.4	50.65	62.86	74.27	62.86	34.33	79.93	53.02	40.58	78.53	66.8	77.7	52.06	36.14	85.85	73.52	48.9	49.53	44.94	65.51	50.01	41.04	63.04
28.3	12.41	29.4	50.28	51.3	40.28	6.24	51.3	49.15	33.13	49.36	27.67	38.76	42.89	32.81	45.24	43.97	38.49	23.93	52.55	51.3	10.29	15.35	39.11
26.76	21.4	4.07	4.37	35.66	44.13	22.78	34.85	22.24	28.92	36.03	8.52	5.82	34.48	25.75	34.85	37.7	34.48	19.67	37.7	23.46	30.58	35.56	36.03
10.57	58.34	40.18	42.5	40.18	15.31	3.7	22.36	40.18	15.47	42.5	42.5	42.5	20.27	14.95	40.18	20.96	20.96	42.5	35.83	15.47	42.5	42.5	42.5
24.04	19.99	6.05	24.04	15.73	13.19	36.85	35.42	24.01	21.52	24.85	24.85	12.64	8.29	21.79	24.04	25.19	24.04	15.17	7.43	35.42	20.92	25.19	64.41
6.62	2.84	13.99	12.12	14.75	14.75	8.38	49.5	10.11	5.77	42.25	20.31	10.33	9.56	4.02	9.17	10.06	2.65	13.62	32.26	25.31	4.33	4.26	25.31
13.17	11.29	21.07	21.37	22.18	31.64	11.6	24.86	11.08	20.97	25.63	25.07	21.66	19.41	14.96	20.05	8.58	12.61	11.82	23.82	24.86	8.02	9.35	21.14
17.82	20.17	20.48	16.9	31.41	24.51	14.0	28.01	8.67	18.24	27.67	58.18	28.16	31.47	9.96	26.24	23.42	11.52	32.47	24.12	40.94	21.66	16.37	50.94
2.35	12.29	6.3	14.48	16.44	13.33	12.59	14.71	8.74	3.89	20.67	6.98	2.26	5.42	5.25	21.85	6.54	3.78	4.15	4.3	15.25	3.05	3.28	21.02
5.11	6.94	22.37	5.64	16.48	7.15	19.75	16.05	4.32	8.37	7.15	14.42	6.07	5.24	5.52	7.59	13.74	11.84	12.43	14.65	15.6	6.8	6.37	15.64
13.1	42.16	18.8	41.37	36.29	54.56	27.52	59.85	17.88	25.48	37.84	39.61	18.91	25.59	43.46	51.11	25.86	15.03	28.57	9.49	36.74	3.88	24.08	47.11
45.17	54.3	51.28	55.86	55.86	60.37	13.36	78.84	55.86	49.44	78.84	55.86	55.86	43.72	58.8	66.95	36.31	25.0	38.87	17.68	78.84	9.45	58.68	44.45
31.38	36.39	40.13	59.17	52.66	70.4	22.23	63.74	60.2	46.52	63.27	43.96	33.79	27.53	47.39	33.96	60.2	17.72	43.93	40.5	59.98	23.93	55.28	62.71
7.41	4.63	43.81	21.53	16.75	38.72	26.84	34.84	11.23	13.08	39.19	24.61	28.09	10.53	16.29	17.09	15.26	17.59	15.36	17.12	34.84	28.13	21.84	16.01
11.36	30.8	22.68	28.25	31.07	30.63	33.65	50.65	27.05	13.4	52.72	25.82	23.33	25.92	12.86	18.23	26.64	9.56	28.14	23.39	52.08	25.57	13.85	25.07
8.54	9.05	35.58	25.41	36.72	38.52	4.79	35.51	24.17	5.03	26.03	25.75	15.18	15.17	5.6	27.44	14.01	15.73	26.28	17.4	37.68	14.54	5.08	30.76
36.05	15.84	46.27	67.61	56.52	38.42	47.46	64.24	53.1	48.01	86.61	43.25	69.95	19.32	45.69	58.32	46.69	59.48	42.67	56.25	86.61	39.39	39.07	31.19
28.59	13.59	29.06	39.04	49.25	49.25	17.6	57.66	39.04	34.8	58.49	28.59	37.4	8.32	32.34	52.71	40.08	40.31	53.06	10.9	58.82	22.38	26.67	40.31
27.56	7.2	68.65	46.86	81.54	46.86	15.44	46.86	25.34	12.88	46.86	46.86	35.4	45.93	17.12	46.86	61.28	61.28	46.86	53.73	68.65	8.01	61.28	68.65
9.36	7.0	26.01	16.09	38.33	24.69	7.76	21.03	20.47	6.96	36.39	33.25	29.15	30.6	11.79	9.08	32.26	19.84	26.01	7.68	36.39	23.38	11.31	32.26
43.52	33.64	37.45	36.65	52.5	49.97	33.96	57.8	45.99	29.66	49.97	42.49	66.44	36.86	15.29	27.55	18.24	41.49	41.49	37.94	55.11	10.19	24.08	47.64
4.62	4.79	23.0	8.91	8.52	8.52	4.79	23.0	5.06	53.88	4.79	4.79	5.06	8.13	3.66	8.91	4.83	5.06	5.06	4.84	8.91	4.41	4.44	5.06
15.65	15.99	19.57	19.57	19.64	22.23	10.67	11.02	19.64	22.23	22.23	15.65	22.23	18.14	18.9	22.23	15.38	17.08	16.26	48.74	22.23	18.9	22.23	34.11
8.43	30.84	68.92	45.4	73.53	71.74	32.66	73.53	32.87	55.77	63.75	73.53	30.45	15.93	36.83	67.75	33.12	49.46	69.06	37.88	45.4	14.44	49.96	73.53
38.16	38.16	28.86	34.0	35.24	38.16	44.06	56.47	43.35	52.79	56.47	66.67	47.27	38.16	41.93	38.16	52.72	34.77	63.14	13.29	56.47	36.36	34.06	52.79
45.85	47.86	40.12	60.65	68.9	61.12	18.85	68.9	39.95	37.93	63.41	35.52	20.79	26.21	42.45	47.84	20.16	35.37	19.91	32.25	59.37	44.68	51.65	51.35
21.32	30.37	27.92	23.49	39.46	43.65	20.35	33.05	38.27	28.38	40.0	29.17	33.53	24.23	25.4	37.73	31.93	21.64	33.13	30.9	44.26	34.39	23.06	48.76
43.31	28.75	18.26	23.52	27.41	24.0	21.8	25.07	8.42	3.8	37.49	17.73	30.09	14.21	19.44	17.4	21.28	5.51	22.93	13.44	37.49	16.02	30.34	39.24
30.99	34.43	23.3	35.19	48.75	44.92	26.87	51.4	30.0	30.21	52.7	22.36	31.5	19.82	25.12	28.02	25.05	42.45	36.45	37.85	56.2	23.48	16.86	31.29
9.17	36.2	35.39	46.94	49.13	53.68	17.17	34.7	40.13	29.55	45.7	49.17	33.7	28.51	27.77	46.07	27.05	15.58	30.83	45.34	56.51	32.03	28.17	49.27
14.96	18.73	26.53	16.92	52.51	33.7	13.63	28.46	11.13	14.52	32.89	33.65	22.35	16.59	8.69	36.26	8.08	10.77	13.8	18.97	18.6	8.22	6.63	21.66
21.38	21.72	23.77	32.28	25.69	26.31	24.05	34.72	32.62	26.21	40.19	26.03	25.24	28.76	23.04	24.75	25.6	24.05	24.86	23.97	28.7	24.57	24.87	32.48
6.24	16.22	35.62	11.75	31.0	15.13	30.65	55.28	15.21	20.18	48.52	3.96	21.84	11.32	6.18	12.54	10.77	3.75	9.74	40.44	74.61	14.64	32.46	19.1
18.22	8.22	50.83	33.32	59.2	58.64	32.87	68.4	44.83	17.65	58.64	68.4	40.81	27.24	39.05	61.37	36.93	11.75	47.13	10.99	56.05	12.31	44.53	56.05
51.84	55.0	52.63	43.2	75.39	57.31	39.67	56.11	42.46	54.02	57.31	62.9	46.76	62.9	26.82	74.71	53.09	48.59	44.13	54.02	83.94	24.71	57.31	68.53
17.57	4.89	25.51	8.42	47.8	35.32	26.22	9.55	24.68	17.32	22.73	28.69	28.69	25.51	6.16	17.32	12.48	38.61	20.51	33.74	17.32	4.03	16.89	17.32
5.88	40.21	17.62	15.72	60.57	68.9	16.94	43.79	19.35	15.72	67.71	22.91	35.22	8.84	18.51	86.12	13.26	42.57	60.57	68.9	66.06	87.62	50.35	44.5
53.91	16.59	60.48	37.11	43.32	50.98	64.24	60.93	65.06	53.43	62.89	50.98	43.46	33.87	66.12	37.49	43.42	26.39	44.13	44.44	42.9	49.03	66.6	39.72
13.46	22.07	27.74	25.76	59.78	43.26	39.69	38.77	20.81	22.89	32.69	42.81	37.15	38.02	28.49	40.56	46.74	48.11	30.68	43.7	38.02	29.8	36.66	48.3
17.49	26.07	24.4	35.96	40.45	33.12	17.29	78.96	23.54	15.41	77.71	50.61	45.56	25.96	23.31	33.63	51.71	12.98	23.9	30.12	49.16	24.23	29.72	21.91
23.73	31.48	59.99	54.73	54.91	40.02	13.76	72.58	30.09	15.56	63.72	35.0	36.24	47.69	22.8	34.51	31.02	10.49	41.41	23.83	49.91	50.48	45.24	47.03
17.65	27.81	55.67	43.93	42.61	57.97	31.48	48.24	50.44	41.98	77.82	31.57	56.19	44.51	16.52	41.26	31.02	12.89	37.11	44.51	37.72	35.66	24.74	52.57
27.85	27.81	55.67	59.99	38.38	41.21	23.07	72.58	32.29	32.03	63.72	26.77	38.07	44.51	22.53	37.25	35.83	22.77	24.79	35.48	58.75	10.01	25.27	53.08
43.99	52.63	36.83	42.52	42.52	59.11	12.88	53.76	36.88	32.0	59.11	38.62	22.94	43.43	31.96	59.11	50.83	54.4	47.43	48.64	49.79	44.53	55.07	47.12
19.89	38.81	34.79	58.28	72.86	37.26	18.53	72.86	24.52	13.46	72.86	72.86	21.78	58.28	21.15	38.81	8.62	15.43	8.6	13.94	72.86	16.72	15.43	72.86
15.74	16.34	15.84	18.09	18.09	18.09	15.58	17.39	18.09	18.09	18.09	12.04	15.81	4.52	14.21	23.8	15.74	15.81	20.01	18.09	18.09	15.21	4.86	18.09
13.76	53.33	32.41	13.74	23.8	7.46	11.95	23.8	27.07	18.84	13.74	13.76	13.74	18.95	12.09	38.63	23.8	8.31	7.73	50.95	23.8	8.31	8.82	8.81
23.48	6.53	26.49	52.59	44.09	8.01	7.57	43.79	27.1	22.79	53.86	21.6	19.49	37.08	23.57	23.82	35.83	10.78	27.13	21.75	37.32	9.07	35.74	35.47
20.99	31.71	48.27	57.05	47.82	11.42	9.98	61.55	31.29	17.48	64.13	43.5	31.07	28.56	20.14	43.24	44.5	16.27	38.09	38.69	56.81	34.16	20.75	39.57
16.87	39.7	47.02	23.32	43.76	49.63	29.42	47.16	54.28	33.0	44.29	33.17	39.97	27.55	41.2	43.45	38.72	33.59	31.96	38.3	54.5	26.92	36.76	49.47
37.42	37.42	59.47	48.59	83.94	100.0	15.37	100.0	28.43	9.88	100.0	47.86	21.3	9.31	26.68	21.3	18.51	61.34	61.34	16.05	59.47	29.17	50.86	74.44
6.35	11.68	10.3	13.5	32.11	8.57	3.31	8.76	9.57	9.26	8.57	8.57	3.7	9.89	37.75	25.86	25.29	7.64	13.71	15.39	8.74	23.36	9.96	25.29
39.73	35.08	47.05	64.05	51.4	51.59	41.5	60.9	39.43	31.32	60.9	60.9	41.3	65.93	37.42	54.73	47.9	59.58	44.39	48.35	49.97	31.59	39.94	68.72
12.58	20.07	23.92	32.04	31.9	31.09	17.14	36.95	23.18	20.33	46.18	34.21	24.3	31.11	37.09	22.68	36.44	16.43	36.15	24.48	37.74	28.15	22.99	33.9
58.9	39.43	39.45	43.98	21.34	54.65	19.62	34.15	37.8	24.54	49.44	60.26	39.48	59.16	36.58	43.19	43.19	19.59	30.86	30.68	38.57	47.1	35.06	38.14
18.11	46.48	25.46	45.13	29.9	38.54	28.03	25.46	26.76	24.9	78.25	26.52	25.46	30.79	30.93	25.46	51.53	47.28	25.46	53.46	51.53	44.92	29.9	25.46
25.94	21.1	49.7	26.29	42.02	51.01	17.23	38.62	32.8	11.8	50.73	55.92	28.1	22.76	21.04	33.41	23.85	21.81	22.77	25.83	61.15	15.08	25.16	42.03
5.56	9.66	15.59	40.47	29.08	46.1	53.88	36.57	10.98	16.75	38.67	13.11	33.85	24.41	14.05	37.75	40.47	9.92	42.46	33.82	47.21	11.02	16.68	13.11
57.31	34.02	57.31	26.89	61.28	57.31	28.98	61.28	34.02	34.02	61.28	76.25	34.2	34.02	40.87	61.28	34.02	19.82	56.81	61.28	61.28	25.47	34.2	34.2
74.19	31.7	35.42	32.56	35.42	35.42	17.24	35.42	31.61	31.61	35.42	35.42	35.42	74.19	28.79	58.59	16.26	16.26	16.26	34.39	35.42	35.42	35.42	35.42
33.65	32.46	35.11	49.31	33.26	52.89	43.67	29.76	39.38	46.24	33.66	31.39	28.87	43.35	42.21	32.11	42.6	40.07	50.3	22.2	38.53	53.78	60.13	37.52
41.39	34.23	40.44	27.66	40.99	34.44	23.26	38.26	36.07	14.19	39.44	54.21	22.0	36.43	31.41	36.87	43.76	57.42	61.52	27.11	42.93	12.84	38.52	34.73
38.52	37.69	28.78	20.25	38.03	21.93	10.08	25.43	29.33	14.75	47.7	38.69	38.13	26.55	36.39	27.06	38.96	14.31	49.21	1.64	40.21	0.0	47.7	38.69
29.56	19.08	29.85	19.3	18.04	27.3	39.28	29.85	18.04	27.3	70.71	18.04	18.58	18.04	13.07	18.04	17.75	18.58	18.04	14.32	29.85	18.04	46.71	29.56
26.14	32.34	63.47	20.33	39.84	16.7	27.5	57.61	29.21	35.09	28.17	35.89	36.52	7.45	49.95	37.28	33.03	28.09	39.75	21.85	25.17	16.5	40.74	33.13
65.92	40.02	57.58	65.92	32.87	37.87	32.87	64.5	65.92	65.92	64.5	34.99	65.92	25.34	28.04	65.92	53.08	37.87	33.43	65.92	64.5	27.44	53.08	43.24
72.42	72.42	6.88	100.0	100.0	100.0	72.42	100.0	44.95	100.0	100.0	100.0	100.0	72.42	73.41	30.58	44.86	35.81	46.86	49.6	100.0	73.41	100.0	100.0
23.99	23.18	61.28	59.98	81.54	81.54	16.75	81.54	64.14	26.66	81.54	81.54	41.43	59.98	38.09	81.54	50.62	16.54	47.09	39.49	81.54	18.0	57.49	81.54
4.04	40.18	44.35	37.21	47.09	41.87	40.45	40.49	21.24	1.58	47.09	44.69	40.26	19.87	41.66	40.49	32.97	29.47	45.81	27.33	47.09	24.78	30.11	38.26
52.13	49.03	69.78	76.62	90.96	80.59	28.01	90.96	65.74	71.2	81.88	58.23	59.89	39.11	44.35	63.9	55.74	76.62	47.33	41.13	61.69	67.14	25.86	69.78
16.69	27.0	17.9	21.69	18.89	42.32	20.66	37.57	34.91	8.4	48.64	13.18	50.62	11.86	16.36	20.52	27.36	18.1	62.43	13.6	36.22	15.34	12.79	32.11
53.82	20.11	72.98	39.57	62.01	54.2	44.64	88.44	46.63	22.51	55.06	30.3	72.98	47.91	35.02	43.39	20.11	18.95	55.96	35.39	70.86	20.03	72.77	54.12
6.26	10.57	26.8	31.59	34.23	26.8	9.88	28.94	26.8	4.72	16.64	31.59	31.59	17.73	3.99	26.8	13.58	9.38	27.32	29.88	12.85	9.63	10.11	32.26
9.56	5.45	18.35	12.24	20.08	16.71	31.22	14.48	12.3	8.75	14.36	17.42	10.54	17.42	16.61	35.02	15.06	10.99	21.32	16.31	18.23	9.98	20.23	18.12
28.41	21.82	26.48	24.28	35.03	28.46	19.3	31.95	22.92	11.32	35.01	18.37	20.84	24.77	11.85	19.49	20.28	6.12	24.32	16.68	35.01	20.35	38.49	27.73
40.36	39.07	40.6	32.08	40.69	14.79	29.91	48.83	8.69	26.95	40.67	51.54	15.76	42.91	14.39	30.65	28.57	25.97	55.5	30.39	45.92	17.26	38.0	48.83
9.89	12.02	53.63	8.84	77.58	76.18	5.44	56.64	29.18	10.33	28.59	62.09	24.53	25.76	13.84	22.08	28.26	18.56	11.49	10.38	57.42	11.39	16.5	56.54
18.39	42.38	63.55	62.38	63.55	75.91	40.84	44.59	43.96	27.75	49.63	75.91	34.7	29.15	42.31	46.44	43.32	35.79	60.84	44.12	63.55	40.69	46.67	63.55
32.16	39.61	54.94	49.15	56.72	69.64	8.73	20.39	36.62	26.62	32.13	80.41	33.72	28.53	34.62	46.12	45.02	19.84	30.83	69.64	57.83	8.65	49.96	20.33
58.14	38.65	15.31	50.11	92.44	92.44	57.92	72.17	68.24	38.82	72.65	72.06	40.08	62.5	17.1	48.16	33.51	78.98	63.36	52.15	92.44	55.53	82.79	19.59
35.08	20.09	20.12	14.19	21.02	41.2	28.8	31.24	21.82	37.63	35.94	22.15	15.8	33.0	23.37	53.17	13.89	27.1	36.16	28.01	37.58	30.9	38.42	23.12
21.72	28.96	15.34	12.19	13.73	22.48	9.44	24.65	11.62	10.54	15.09	31.48	14.52	9.77	3.94	15.62	34.18	6.3	15.33	11.62	13.73	10.35	29.59	8.93
23.72	30.01	25.35	1.28	66.1	45.91	24.57	34.77	29.15	7.42	31.6	38.99	39.52	15.35	4.45	23.24	38.38	13.12	33.84	5.55	45.91	29.84	27.67	30.82
45.33	23.26	61.34	21.82	61.34	61.27	28.58	51.55	34.41	48.47	68.99	49.37	47.9	29.71	40.63	61.27	42.71	29.19	47.9	45.33	51.54	46.87	46.05	49.37
50.85	57.33	46.7	65.86	78.53	57.73	17.27	80.92	73.52	34.34	80.33	31.84	51.12	47.67	28.37	63.33	55.92	32.37	71.03	26.48	78.53	47.83	51.55	85.85
12.29	14.1	14.75	4.92	16.35	16.42	3.47	33.21	16.93	6.39	27.6	14.79	17.48	13.85	23.06	27.26	4.55	7.93	4.69	46.02	27.6	25.62	30.96	37.95
32.37	34.21	13.74	13.74	12.73	12.11	12.51	13.74	12.11	3.25	13.74	12.11	12.47	7.71	26.98	34.74	34.74	13.68	12.46	34.21	12.47	17.2	54.12	7.48
42.88	40.5	56.15	52.95	63.66	24.51	36.97	44.22	33.09	34.86	42.99	44.22	45.42	37.57	16.29	49.26	34.05	26.73	47.13	60.99	44.22	36.08	57.88	54.34
43.31	38.98	57.05	51.11	30.48	62.18	30.64	24.62	25.97	43.29	49.01	50.97	34.49	47.52	35.7	65.12	24.21	38.62	21.61	31.29	68.43	43.41	42.46	54.1
8.59	14.94	13.12	13.52	31.33	25.0	28.12	29.22	31.21	10.33	36.44	16.56	24.73	8.23	15.47	28.12	14.52	11.18	14.75	35.39	35.26	26.38	16.81	17.27
29.95	41.19	24.81	18.51	57.01	39.84	3.85	57.01	18.88	10.83	44.53	45.6	5.41	48.04	3.88	35.93	30.04	35.74	5.41	36.02	53.23	22.46	5.13	57.01
7.83	9.02	7.87	9.27	27.88	38.85	16.11	13.3	39.69	7.25	38.14	16.17	14.23	6.14	26.0	52.03	36.41	16.72	11.65	13.86	30.63	17.57	25.51	31.28
12.08	31.56	38.11	18.22	24.81	39.97	16.2	32.26	22.0	12.31	36.91	15.94	50.28	16.2	24.91	30.57	29.18	5.21	11.42	9.54	36.57	13.39	19.21	39.61
42.09	47.12	12.24	75.22	31.33	27.81	30.71	48.96	17.9	10.34	56.4	29.82	25.55	27.15	14.3	37.58	47.24	32.35	13.59	51.97	35.17	18.03	35.49	28.38
29.27	38.03	54.51	54.51	47.36	53.36	39.16	53.36	38.28	45.76	61.16	50.46	48.01	25.8	45.34	53.36	37.34	44.69	42.09	38.91	54.51	32.05	45.08	62.39
32.26	11.84	45.31	56.85	84.92	35.42	26.8	57.78	47.91	56.85	50.95	35.42	16.7	35.99	45.31	35.99	45.31	16.74	38.79	27.57	38.07	12.45	62.73	48.81
41.32	41.32	66.73	41.32	46.61	66.73	19.46	28.78	41.32	18.13	24.3	41.32	41.15	30.43	26.68	62.9	43.93	41.32	46.61	46.61	32.76	26.11	41.32	40.57
5.61	5.93	24.48	18.96	27.49	19.23	13.63	25.07	12.25	9.67	24.74	18.94	15.32	10.36	6.6	20.02	16.68	5.78	9.44	19.62	25.09	5.65	9.32	19.24
34.56	26.24	56.6	53.46	69.12	49.59	18.49	52.59	49.35	42.42	55.58	55.06	55.6	35.83	27.25	51.05	44.78	22.53	38.27	26.12	46.64	44.35	28.64	34.61
30.9	36.01	59.07	59.07	38.19	39.03	51.8	47.13	35.68	34.45	58.19	59.07	47.53	40.67	34.04	31.2	45.46	41.42	40.54	40.69	60.07	32.89	43.0	35.68
15.74	4.37	8.2	16.21	16.42	27.79	2.9	25.58	20.51	23.52	21.89	13.68	16.87	10.36	6.2	11.59	11.15	8.45	8.84	11.11	31.25	4.3	3.14	34.07
44.49	35.82	67.3	58.9	67.3	52.85	34.16	67.09	66.49	44.49	67.09	52.85	38.02	52.85	24.65	58.9	58.72	51.25	58.72	56.97	67.09	44.35	35.82	28.75
10.71	10.05	45.48	4.07	45.48	49.03	19.36	82.65	17.42	8.17	38.25	8.64	16.26	4.25	33.34	49.03	17.24	35.42	12.32	16.26	49.03	10.71	35.42	34.98
10.29	13.31	11.1	4.81	9.94	10.75	8.04	17.06	5.12	1.79	13.71	11.9	10.6	13.57	4.34	11.56	9.24	3.95	11.9	1.48	12.74	3.63	10.68	15.05
7.55	29.46	42.14	26.51	41.62	39.85	19.57	52.66	27.84	25.43	71.31	34.12	23.99	24.45	21.89	38.22	28.73	25.56	31.06	25.34	74.05	17.53	17.78	37.3
9.47	26.31	7.88	23.68	16.64	17.84	13.2	23.38	20.92	8.96	29.94	15.29	22.6	7.23	8.21	22.67	9.18	11.91	16.64	36.16	28.28	25.09	16.72	15.7
24.34	45.86	69.78	63.04	73.42	67.35	8.98	53.9	43.92	31.43	63.93	73.42	23.56	30.81	12.82	22.59	21.45	30.74	53.9	25.06	63.93	17.8	9.03	69.78
31.47	18.79	49.38	34.44	65.81	57.96	10.3	72.65	50.62	21.66	50.28	61.89	15.65	30.95	24.43	72.54	41.27	21.74	52.82	48.77	61.89	14.44	28.14	50.28
10.52	7.47	23.58	11.31	21.65	27.23	18.84	21.65	20.15	7.96	18.21	17.03	12.87	10.52	9.11	18.21	12.87	9.88	18.21	29.9	18.21	11.25	11.25	18.21
10.71	46.36	8.64	37.04	58.29	38.32	4.97	48.2	47.29	12.29	67.06	14.71	51.41	37.88	7.21	15.34	28.2	24.83	24.83	14.51	52.16	5.49	23.71	24.74
7.43	15.8	23.91	15.88	31.96	31.53	5.31	53.05	20.05	6.95	63.06	24.28	11.37	20.06	20.07	25.12	19.83	15.55	33.7	30.14	78.12	10.62	16.85	34.69
19.73	30.71	24.23	9.19	35.03	22.21	26.24	30.47	10.67	11.61	47.27	12.48	24.42	14.8	35.41	32.2	34.77	12.84	57.52	36.39	50.81	8.25	28.31	68.6
12.61	56.8	43.49	55.68	65.02	67.55	56.5	35.78	26.36	11.6	65.14	33.1	22.27	12.59	18.26	36.69	22.0	9.69	31.62	61.27	67.55	21.21	9.82	80.62
57.07	37.6	57.61	59.15	50.09	37.6	48.63	37.6	40.9	36.36	50.09	37.6	57.61	18.8	42.65	57.61	57.61	57.61	37.6	37.6	37.6	42.12	59.15	57.61
28.98	77.39	51.92	35.85	74.44	51.83	31.13	69.64	61.18	11.58	84.92	52.75	58.97	22.81	61.0	51.92	58.97	18.61	55.09	21.58	61.21	22.81	52.93	40.86
4.66	23.51	11.12	5.42	23.97	18.26	8.3	24.35	13.57	4.88	21.74	14.17	4.47	7.68	16.34	35.5	8.58	3.92	23.83	5.09	21.01	4.6	4.94	18.81
7.66	5.33	8.55	9.84	8.23	7.66	8.23	6.96	7.66	9.84	3.72	8.23	7.66	7.66	6.34	8.62	8.23	7.16	7.16	17.18	8.23	8.23	8.23	8.23
19.38	66.02	43.65	38.89	62.55	47.29	2.01	75.17	24.85	36.62	57.63	37.16	68.42	31.28	51.98	62.55	70.62	50.82	50.98	41.49	54.01	60.94	38.67	47.38
40.54	40.54	39.49	47.02	39.49	39.49	23.64	39.49	39.49	33.44	39.49	39.49	39.49	23.64	20.04	23.64	18.03	39.49	39.49	31.29	39.49	24.34	61.6	61.28
27.92	72.26	48.72	38.47	64.87	85.09	20.63	81.14	46.46	45.84	81.14	65.82	54.47	32.09	20.46	73.4	51.35	59.53	39.77	23.74	81.14	41.47	81.14	71.71
12.87	14.25	12.5	13.94	12.5	21.65	6.66	6.97	12.19	27.89	26.01	12.19	12.6	25.34	12.29	26.64	11.72	12.19	12.19	28.5	45.79	11.63	9.1	12.19
37.33	36.18	27.8	41.9	48.39	50.36	36.16	41.77	48.88	36.16	40.51	36.61	39.8	40.3	26.99	49.38	45.01	37.85	37.52	18.37	36.85	24.65	41.09	51.13
2.17	13.13	7.2	7.67	7.43	12.09	1.83	5.9	4.63	3.4	23.16	9.24	3.78	6.68	3.12	9.06	7.4	3.77	5.61	4.35	11.67	6.71	9.94	13.63
31.32	28.27	43.53	32.02	53.35	64.27	41.25	58.34	38.45	41.52	62.02	48.81	36.69	39.17	39.76	45.12	25.92	37.01	38.58	36.27	62.02	12.97	24.69	55.35
51.53	57.44	61.01	30.83	56.49	61.69	25.54	67.97	57.44	36.82	70.51	67.97	15.26	22.87	67.97	61.01	51.53	72.27	67.97	24.6	59.39	52.08	32.59	61.01
51.99	35.09	67.51	59.93	90.25	58.38	11.76	67.14	48.25	38.83	90.25	64.26	90.25	49.88	60.11	40.59	76.62	60.92	62.15	48.1	73.54	20.33	46.1	58.94
22.53	3.48	17.3	14.19	36.07	25.19	12.4	22.77	10.27	6.54	10.1	40.99	5.09	14.2	4.47	26.41	7.86	4.88	6.99	30.77	22.77	6.74	7.13	21.95
5.84	7.88	22.03	17.6	12.95	14.28	13.0	17.08	19.86	7.35	14.31	10.39	5.2	2.97	6.89	18.39	10.68	18.62	13.48	14.36	16.39	3.04	4.5	14.89
31.64	22.58	39.78	38.18	40.29	34.06	27.33	35.43	27.9	36.94	35.66	39.64	34.67	27.93	31.04	36.32	38.62	27.04	31.5	19.92	36.41	17.28	23.48	29.74
10.85	24.87	29.34	39.65	39.65	16.34	14.45	56.51	10.87	12.67	37.06	14.36	26.85	17.58	39.62	25.93	40.57	10.67	49.76	9.43	39.65	29.04	56.51	16.34
9.98	23.42	49.14	29.24	38.69	52.06	30.07	69.14	23.02	20.71	50.47	33.25	33.78	18.73	25.73	0.0	28.01	11.76	24.78	23.31	57.64	22.73	30.23	57.72
25.55	22.58	22.81	23.82	22.63	40.79	27.51	40.6	23.37	30.05	25.77	29.73	20.3	23.65	16.89	25.99	23.64	19.71	34.02	35.26	26.82	24.21	43.68	33.16
31.61	35.72	66.52	21.4	39.83	21.4	44.08	9.67	55.12	59.56	28.92	21.4	66.52	4.11	67.09	67.09	6.15	12.57	66.52	7.41	59.23	6.75	66.52	39.83
4.11	17.16	11.89	13.16	13.59	30.42	8.39	16.66	18.26	13.96	39.4	19.32	12.61	6.64	11.57	6.04	17.4	16.36	18.08	4.87	39.33	22.74	4.54	9.09
37.74	50.2	33.4	23.93	10.02	10.74	22.82	21.74	16.08	13.52	10.45	28.97	10.58	7.83	16.42	19.94	22.32	16.74	32.79	28.55	10.02	25.43	9.82	14.96
70.04	69.97	69.97	57.75	69.97	60.25	70.86	51.42	87.42	51.42	51.42	57.75	71.18	32.41	55.7	69.97	69.02	62.01	61.02	32.23	70.04	53.99	88.44	69.97
37.01	21.73	32.71	22.97	50.39	58.98	31.92	59.61	37.06	34.37	39.79	46.05	35.4	33.2	29.95	35.53	35.94	16.64	23.69	10.73	49.68	26.98	37.01	21.65
11.26	7.44	32.06	9.8	29.47	29.47	30.71	28.66	10.81	18.1	41.24	27.17	19.86	27.92	27.14	19.52	10.04	17.34	38.99	29.28	27.2	10.56	22.08	28.21
32.95	18.5	16.52	38.82	43.21	53.77	17.71	43.14	28.47	30.94	47.11	9.8	46.96	61.98	36.52	57.62	33.13	26.66	47.47	43.29	43.0	28.81	31.96	43.82
75.62	83.54	65.78	69.54	81.59	65.78	86.76	97.1	69.54	83.85	74.96	45.96	46.95	79.15	65.82	75.25	54.4	36.57	100.0	86.84	73.91	37.52	79.86	68.39
23.73	31.37	27.65	55.65	60.37	23.65	37.03	42.48	29.99	6.73	57.53	41.23	32.81	5.88	27.68	35.66	29.64	20.3	51.33	25.99	54.81	16.69	37.21	49.99
24.92	45.75	17.66	66.85	17.95	51.86	20.54	69.87	22.31	21.49	69.87	48.82	27.25	6.42	54.46	18.86	23.1	16.91	32.93	47.92	74.29	26.02	45.31	26.02
24.8	27.64	7.73	7.61	32.66	27.56	41.56	42.47	22.12	14.75	43.32	30.3	31.31	26.17	23.06	13.12	29.87	44.26	41.49	40.96	43.32	28.1	31.04	42.4
34.0	33.94	5.04	32.67	60.49	33.19	6.08	22.76	4.71	14.47	43.91	38.94	26.14	60.11	21.69	48.36	13.87	25.21	24.64	55.59	43.99	38.0	47.88	24.88
34.26	15.02	44.69	51.99	44.35	44.69	38.94	50.1	38.85	55.51	54.04	64.37	49.53	48.73	34.17	49.2	38.04	34.89	44.19	51.59	54.04	40.59	73.72	57.83
7.0	4.55	35.89	4.65	16.6	37.88	6.86	9.83	35.51	37.89	47.91	36.82	36.43	13.45	9.0	39.42	36.95	15.15	7.65	5.46	9.44	4.55	7.16	8.03
46.22	13.49	11.35	39.25	46.31	42.73	8.85	58.16	17.38	14.25	58.05	18.8	41.17	27.09	23.75	11.17	25.17	14.23	42.54	9.64	58.05	16.25	10.97	35.63
30.34	33.3	34.72	54.17	68.36	83.18	71.32	100.0	56.44	54.41	83.18	68.36	68.12	34.86	57.83	58.42	83.18	56.59	33.3	62.14	100.0	48.85	28.53	48.5
26.31	7.49	18.47	7.53	15.22	9.66	12.66	9.36	10.76	22.68	33.29	25.77	12.92	7.28	7.59	24.68	13.6	8.93	21.82	7.8	10.13	12.61	26.15	18.02
6.41	7.2	19.06	16.91	20.35	10.31	8.25	24.2	4.34	7.38	33.09	19.21	9.58	16.67	6.31	20.29	35.28	6.55	6.63	8.77	34.83	4.18	7.66	31.39
16.35	16.41	33.22	35.09	48.07	25.08	43.08	48.47	31.96	17.57	52.14	48.28	5.51	27.24	34.59	38.92	37.81	14.23	36.03	10.94	45.81	12.02	20.9	50.08
16.66	7.63	37.16	10.49	15.91	43.96	7.51	15.61	9.35	4.52	20.81	18.9	9.86	19.45	9.93	22.28	13.92	11.02	15.91	4.89	26.57	4.0	20.29	36.5
45.49	27.66	28.88	29.42	29.42	12.02	16.1	35.32	22.5	11.82	32.54	28.76	24.34	44.27	20.92	14.91	24.84	20.77	32.54	35.89	24.05	9.23	34.78	38.25
37.27	44.13	48.35	36.26	45.0	55.07	30.55	81.08	50.3	34.29	60.31	55.8	47.58	33.1	53.9	48.89	56.56	36.87	61.6	33.25	60.28	52.93	50.35	60.28
21.76	23.28	20.78	19.6	50.05	47.91	19.6	63.54	19.22	18.73	58.28	19.76	19.22	15.5	12.21	18.73	47.77	7.16	40.69	19.76	63.54	29.57	22.33	63.54
50.82	72.15	72.15	60.95	59.71	63.78	33.15	57.85	64.37	53.79	68.42	40.18	35.61	55.42	48.47	72.15	66.02	22.21	51.59	58.81	64.69	38.24	68.42	59.72
18.87	10.52	33.65	23.96	42.65	44.85	12.68	60.52	23.33	19.76	55.95	38.29	19.24	12.27	21.84	22.15	31.81	18.93	41.45	22.6	56.3	17.0	23.08	24.34
32.2	56.15	50.81	34.35	53.73	67.1	51.26	50.81	28.74	40.96	67.1	59.13	25.62	17.75	11.48	67.1	54.6	26.09	50.81	19.71	70.18	35.65	55.8	58.36
37.56	42.14	50.76	52.66	53.51	52.66	43.67	60.97	38.06	25.86	65.83	45.7	49.37	47.33	28.83	50.79	42.26	33.33	48.72	57.82	60.97	34.28	65.78	50.21
9.53	9.37	28.21	21.03	44.95	35.71	2.91	55.25	13.44	25.98	66.1	29.25	15.51	23.35	13.85	17.76	42.27	5.98	30.87	19.38	61.41	24.2	13.44	25.78
29.72	29.52	34.7	44.71	59.6	48.1	40.17	54.26	43.35	35.41	47.83	37.21	30.18	37.33	33.89	43.23	31.53	32.45	35.43	28.33	41.14	29.47	30.5	46.11
18.19	19.11	28.83	22.22	31.4	22.96	11.91	11.91	13.04	12.89	20.48	23.47	21.81	15.93	33.05	23.22	27.57	12.51	19.84	24.68	20.0	10.37	14.15	21.18
31.82	1.88	55.75	40.74	56.14	56.87	15.99	59.83	25.17	45.1	66.17	70.56	17.97	59.64	36.64	59.49	62.31	23.43	24.01	17.27	47.85	22.67	42.99	52.43
24.65	5.98	23.28	19.69	25.07	28.84	9.85	28.84	19.19	19.75	30.25	21.33	18.33	25.82	23.05	34.3	21.29	19.74	21.71	35.28	30.25	22.24	17.17	28.84
17.4	46.1	52.27	25.65	54.79	23.51	47.83	35.41	54.58	23.29	62.93	52.24	24.56	55.55	47.1	59.45	48.81	43.17	53.9	48.71	61.96	53.34	57.99	59.45
11.58	25.31	26.91	21.76	45.93	36.38	12.96	45.93	37.66	32.05	45.93	34.48	25.92	26.76	21.87	43.75	37.15	13.18	37.37	23.8	45.93	23.9	26.37	57.44
18.09	16.92	39.17	41.47	30.9	39.17	19.33	39.17	12.41	5.26	47.38	39.17	45.36	12.41	13.52	42.85	24.85	26.33	30.9	31.01	39.17	14.61	34.01	39.17
52.61	76.88	56.95	46.46	54.06	68.1	55.99	66.93	71.87	19.58	63.21	83.31	62.29	30.97	53.71	84.21	72.43	15.08	60.75	80.96	60.22	54.04	46.17	87.09
59.63	47.76	45.47	62.74	65.26	67.01	56.75	72.88	46.5	45.55	74.37	52.51	64.19	49.34	50.86	58.76	59.64	58.76	48.56	56.1	67.75	53.74	54.5	79.37
37.67	24.64	12.32	13.77	27.22	48.99	21.21	45.94	20.39	22.45	56.24	39.46	15.31	8.2	24.02	24.64	30.4	36.58	28.51	27.78	52.71	29.06	34.07	52.48
14.06	28.5	19.56	49.78	52.13	53.99	32.13	45.02	29.09	18.24	53.52	63.02	46.45	26.38	24.45	52.13	69.9	40.59	29.15	49.4	52.57	25.59	45.62	54.57
15.03	7.27	31.83	16.05	51.55	45.95	16.69	51.55	9.89	9.08	50.33	20.45	16.47	20.7	34.45	50.33	17.94	16.84	17.92	13.09	56.47	6.03	28.33	18.78
14.65	6.14	36.6	41.7	59.62	41.77	16.18	69.06	16.1	6.96	72.92	18.78	14.62	6.82	43.94	82.32	46.96	30.57	56.44	15.38	61.58	8.11	15.45	45.04
18.17	22.37	26.01	11.36	24.2	29.15	32.23	41.15	6.96	44.22	37.37	32.62	6.07	35.99	14.31	38.18	7.97	50.82	22.79	12.9	14.75	13.4	8.45	24.52
50.72	70.86	66.54	76.25	63.02	38.79	35.66	53.99	60.32	10.8	59.98	36.73	53.82	76.25	32.89	69.65	48.07	35.53	68.99	38.18	45.31	19.43	38.18	57.31
17.51	17.51	22.54	23.55	59.62	41.71	13.34	66.9	22.24	21.29	64.71	52.25	23.99	21.29	11.15	25.92	24.42	24.84	24.42	10.09	42.26	20.18	41.79	25.85
32.47	33.58	50.22	39.59	50.38	39.13	24.4	61.74	33.04	45.52	47.75	51.8	30.44	29.21	37.37	56.2	39.34	18.48	40.43	38.72	43.1	20.13	58.02	47.08
14.75	15.77	15.77	22.01	22.01	28.13	11.19	28.13	19.84	12.4	15.27	7.72	45.31	7.97	10.9	20.76	19.69	11.73	23.19	29.45	28.13	14.75	22.01	23.19
4.71	13.97	7.91	7.91	45.24	7.61	21.43	45.24	7.48	70.02	30.09	7.91	35.56	4.89	7.13	50.13	8.38	29.18	45.41	28.75	30.17	15.46	30.17	10.51
69.73	65.24	92.35	64.9	92.35	86.45	35.84	84.26	36.33	28.53	79.13	92.35	86.45	27.65	55.62	86.45	86.45	78.59	75.57	26.97	86.45	75.57	11.01	80.02
3.46	6.18	14.37	6.27	10.05	10.92	6.88	21.78	8.73	9.6	13.62	9.41	4.23	3.25	25.86	11.31	4.26	5.73	9.06	9.55	10.11	3.14	9.41	10.2
53.87	37.64	72.32	90.36	90.36	82.2	32.14	72.32	90.36	37.88	72.32	72.32	56.97	5.12	57.85	72.32	75.91	46.67	75.91	53.43	72.32	36.31	56.97	72.32
65.17	44.32	48.24	76.49	59.85	63.16	44.67	76.49	50.39	58.76	66.16	65.05	55.74	43.28	44.4	51.48	54.72	49.53	33.36	43.07	65.05	57.42	54.21	63.16
13.79	21.28	39.16	29.27	51.45	51.45	23.37	48.28	15.62	10.08	51.56	40.45	18.11	10.82	15.44	29.1	23.27	11.23	40.14	11.74	47.99	13.92	27.13	28.18
18.37	40.84	45.87	65.01	46.64	62.34	60.53	58.71	41.55	52.69	45.86	39.77	29.11	23.92	42.4	57.9	33.8	46.1	40.34	52.72	60.53	36.31	43.74	21.85
11.86	8.97	14.77	25.89	31.31	19.29	10.11	17.64	22.24	9.17	23.71	17.64	19.29	59.23	8.5	13.52	22.54	23.55	32.67	19.29	43.31	38.61	19.29	32.54
55.33	55.33	70.86	43.04	100.0	12.26	23.18	82.82	41.69	36.62	70.86	36.62	87.62	41.69	25.16	87.62	36.62	43.33	38.37	26.61	82.82	38.37	36.62	62.9
7.96	4.65	7.26	9.91	16.72	39.35	7.61	47.59	5.4	4.44	65.42	4.54	4.2	4.32	3.73	4.51	23.66	4.78	13.09	4.66	53.1	4.38	6.81	5.1
18.59	25.74	62.61	62.61	41.69	72.52	40.33	60.68	35.32	32.24	55.49	72.52	25.51	32.31	54.3	60.58	58.82	42.7	45.87	31.72	58.95	44.36	42.59	15.94
8.05	11.21	18.36	26.2	40.35	18.36	11.21	53.48	37.82	10.57	8.05	53.48	9.67	31.7	9.1	36.72	18.36	8.52	11.21	40.35	36.72	8.52	18.36	15.85
12.76	20.56	10.55	8.52	10.15	10.55	8.52	29.07	5.3	10.55	53.73	10.55	10.55	10.15	5.61	10.55	10.55	5.3	10.55	20.56	10.55	20.56	20.56	10.55
36.26	47.79	29.84	66.9	34.63	31.11	5.26	50.54	8.22	47.79	71.41	66.9	53.88	7.48	28.93	64.04	33.43	16.66	36.89	18.35	50.54	25.31	32.14	39.62
11.81	7.52	22.3	41.85	42.41	11.8	22.74	39.73	13.03	3.65	47.82	34.38	24.51	19.94	6.06	27.11	16.19	13.01	25.02	5.97	28.88	12.44	17.66	23.04
37.67	22.06	36.74	36.03	44.01	47.11	5.67	26.57	28.11	14.71	38.24	47.13	16.4	22.1	21.01	30.64	25.27	19.22	48.75	29.9	35.51	11.78	10.73	40.04
12.86	46.83	51.85	14.81	28.43	10.38	26.8	51.93	22.87	8.79	50.71	50.71	46.83	25.07	25.89	10.27	28.43	25.31	43.79	22.12	50.71	43.79	43.79	26.3
28.22	23.82	55.43	33.97	44.52	51.57	29.79	55.92	43.99	15.78	59.44	41.17	17.24	19.26	30.16	27.23	27.23	13.04	15.26	21.87	51.57	20.92	29.15	46.21
11.37	30.78	18.61	11.9	51.76	25.98	11.46	51.76	21.62	9.04	40.21	27.05	26.24	19.6	10.29	19.44	29.46	8.76	19.94	11.15	49.38	13.87	18.6	48.68
17.28	21.82	34.89	53.5	44.67	57.86	27.35	60.09	29.46	16.5	60.09	52.52	41.5	19.87	36.12	43.27	24.25	29.81	33.4	28.77	46.76	52.86	44.77	49.3
37.5	26.52	62.63	55.63	75.77	62.63	40.33	69.85	61.8	75.77	62.63	62.63	40.33	51.29	41.21	3.84	40.54	40.54	41.43	69.85	75.77	74.48	62.63	62.63
52.87	75.39	56.57	43.39	79.52	100.0	75.51	100.0	86.05	86.05	86.05	100.0	100.0	43.98	75.87	100.0	89.85	75.01	86.05	56.57	100.0	100.0	100.0	78.05
28.89	27.68	39.52	39.51	57.62	55.89	13.09	56.39	27.48	14.8	67.58	23.64	24.81	31.7	31.36	39.79	48.84	8.17	37.53	17.03	50.91	10.92	35.43	72.35
5.24	8.84	10.52	3.17	18.84	2.7	3.66	17.03	10.93	4.72	18.84	18.84	12.09	22.72	2.46	3.58	4.97	3.17	4.72	7.44	18.84	4.72	3.83	5.24
24.77	32.16	24.34	14.44	44.38	47.83	9.94	42.24	19.62	4.25	61.55	51.48	33.42	37.83	5.93	14.71	4.39	9.13	17.67	44.14	42.4	15.01	31.27	15.97
30.55	30.55	20.29	8.74	56.85	20.43	18.49	31.46	56.98	30.97	31.79	18.76	8.2	19.83	7.56	48.62	11.84	28.76	27.93	22.0	15.77	20.82	8.86	12.93
16.25	19.32	30.6	36.69	64.26	74.17	23.5	67.25	16.64	17.05	67.25	53.68	19.75	34.82	26.06	59.7	43.04	16.64	53.69	25.48	67.25	30.6	19.29	62.14
53.96	37.25	39.21	37.96	31.29	40.76	32.71	60.23	47.22	32.06	59.04	50.37	48.91	50.63	26.92	45.67	42.03	30.32	50.37	52.69	44.22	23.51	16.38	40.76
27.41	18.18	17.58	15.23	24.31	33.96	24.38	36.83	6.97	3.35	24.13	28.92	11.02	25.35	25.23	34.44	21.15	23.5	23.34	29.26	26.73	26.23	20.09	49.0
35.43	33.12	44.58	34.97	38.22	40.52	37.97	51.13	42.99	35.79	46.24	66.52	41.84	10.05	26.98	38.19	40.26	17.09	21.46	20.88	46.28	29.74	30.95	39.94
27.29	38.13	35.03	49.85	40.32	40.52	25.05	40.52	37.27	3.74	49.86	35.78	33.12	31.39	31.93	29.28	38.16	21.87	19.39	17.08	53.28	28.95	32.09	34.46
2.73	2.9	5.88	6.47	2.15	10.33	1.83	7.91	2.65	3.85	2.31	2.15	2.5	2.23	2.4	2.61	2.02	7.43	2.4	9.85	2.31	7.58	2.5	2.08
13.05	14.0	15.25	13.27	22.48	15.25	12.78	18.96	4.76	11.18	9.4	26.75	12.69	17.45	8.24	16.45	12.46	12.29	12.78	15.79	18.02	19.23	15.54	14.37
4.37	7.84	4.37	7.86	9.78	9.75	6.15	17.01	8.2	7.84	15.23	14.58	4.42	7.84	4.41	7.86	7.35	14.98	7.77	14.46	17.01	7.84	4.42	14.98
34.73	43.32	31.84	33.32	33.32	42.79	11.13	44.77	35.42	46.72	51.37	40.81	43.38	33.22	40.03	43.32	40.85	28.62	39.42	15.64	28.53	11.84	50.69	28.68
45.29	37.52	15.38	43.02	45.55	51.98	19.18	50.76	44.83	45.0	50.76	50.76	60.26	14.57	35.42	40.45	50.74	34.63	60.26	40.69	50.76	37.21	52.76	57.29
52.48	51.96	25.13	17.23	22.96	33.74	48.74	42.09	13.47	13.57	89.72	13.47	67.89	57.82	11.21	17.23	22.96	11.68	13.76	50.29	42.09	53.76	65.85	64.53
51.94	52.01	25.13	25.13	65.85	25.13	54.27	25.13	26.4	9.48	62.29	13.47	55.96	57.82	15.11	9.42	13.47	19.3	14.83	53.05	65.7	9.63	65.85	71.6
29.64	56.67	56.67	56.67	57.11	56.67	26.66	49.15	57.11	27.3	49.15	57.11	29.64	56.67	6.71	26.59	57.11	33.33	54.52	57.11	56.67	56.67	42.84	54.52
40.61	75.5	65.23	75.35	69.3	80.93	50.48	80.93	70.41	69.3	69.3	73.45	69.3	63.13	66.35	73.45	69.3	34.07	61.0	69.3	74.27	56.71	66.21	66.35
23.24	49.33	49.78	60.3	67.85	51.67	46.28	64.69	45.3	19.55	64.69	69.9	40.59	45.91	46.51	46.51	50.22	61.43	38.38	38.11	61.43	34.23	55.92	45.62
15.8	14.83	35.95	16.76	23.56	10.72	23.0	25.6	28.47	7.75	26.81	29.51	8.92	20.88	10.3	24.85	17.87	9.85	6.97	6.64	30.93	11.14	22.22	27.4
61.69	61.43	50.13	54.16	39.73	52.03	47.4	63.86	44.06	60.97	78.99	46.31	61.46	31.31	38.57	44.18	58.31	37.16	50.13	32.86	78.99	57.41	59.79	56.57
32.77	7.33	23.54	21.24	15.68	24.11	15.67	30.23	14.28	26.96	24.11	23.54	35.64	10.72	16.9	12.41	21.12	6.88	11.86	4.42	24.11	12.59	36.87	23.55
23.01	29.12	33.78	41.37	50.55	61.38	27.38	50.38	39.83	42.02	61.38	48.68	41.04	10.42	32.34	37.53	43.48	18.27	22.63	42.67	41.43	23.09	30.76	47.31
41.21	32.91	33.14	32.87	26.44	33.58	27.73	36.94	21.37	21.75	43.58	31.42	22.49	28.09	26.21	32.26	19.79	31.03	12.07	23.93	32.71	28.46	44.98	37.02
15.73	19.86	44.07	46.43	73.9	51.16	49.76	68.48	33.8	38.06	68.88	54.48	44.15	22.48	44.86	68.88	68.88	46.98	63.84	25.38	68.88	44.04	31.82	54.48
8.85	18.57	21.19	6.82	52.81	30.62	16.16	48.14	26.61	17.1	62.4	31.0	8.36	8.4	19.96	31.57	38.14	8.52	24.95	36.32	40.26	5.23	44.29	41.41
9.41	40.28	5.26	5.26	18.52	34.67	3.01	25.43	9.85	2.87	47.42	13.83	5.43	2.98	5.04	20.83	21.89	2.46	4.55	23.15	46.24	5.24	37.64	69.71
38.54	40.65	40.65	45.83	54.12	43.68	31.7	66.75	14.25	15.47	66.75	57.91	27.23	20.15	37.03	57.91	43.68	28.04	39.85	47.09	34.9	34.46	54.12	8.0
45.8	44.41	72.64	54.15	60.02	64.32	49.4	79.38	55.45	50.36	75.62	70.65	55.45	46.09	48.57	63.66	64.86	59.11	54.15	47.83	60.02	35.13	68.39	64.32
14.52	23.11	18.53	32.36	61.92	27.09	20.26	29.45	31.86	20.13	37.36	28.38	33.44	21.31	20.62	24.82	25.21	11.39	33.14	53.5	45.44	16.95	58.51	28.38
46.11	45.22	48.23	45.98	53.19	50.19	47.28	40.93	40.13	10.33	51.64	48.23	49.66	43.84	40.67	41.89	36.02	41.93	49.25	35.14	51.64	53.55	44.02	33.41
32.12	5.68	63.98	100.0	20.77	70.17	28.65	63.98	31.17	25.21	63.98	63.98	63.98	20.77	8.23	20.77	63.98	63.98	28.65	63.98	70.17	32.12	70.17	63.98
18.33	16.64	11.73	6.44	20.04	47.19	11.73	32.26	28.48	10.98	34.11	22.01	15.59	16.17	7.24	10.38	25.85	30.96	15.77	18.54	34.11	29.17	8.76	24.41
28.91	18.63	25.7	15.15	39.78	33.63	17.95	39.78	9.98	7.56	43.4	25.89	16.94	25.42	15.03	30.43	19.9	10.23	30.04	27.45	40.7	24.25	32.84	12.16
27.77	26.01	41.62	29.9	65.44	25.34	26.49	53.64	21.62	29.19	64.17	23.49	25.23	32.89	17.66	53.38	33.78	29.4	35.14	27.07	43.22	23.82	44.6	42.3
30.65	12.91	16.45	28.08	70.4	45.76	7.76	45.76	16.45	8.38	45.76	12.02	8.29	12.17	4.52	18.56	25.85	51.09	29.53	34.61	45.76	50.96	32.92	45.76
21.02	13.83	8.45	22.72	24.71	24.71	34.9	22.72	9.24	9.24	36.62	24.71	10.05	21.02	5.88	24.71	22.72	14.87	7.77	45.72	39.83	16.68	22.72	24.71
5.68	19.13	13.62	21.86	46.09	39.92	18.89	38.11	29.78	24.64	65.99	43.59	31.76	28.16	10.17	39.62	22.05	15.05	22.34	12.52	38.83	15.91	30.82	26.85
39.36	42.94	47.18	43.29	44.06	47.22	31.71	43.29	39.43	32.78	42.85	29.66	45.14	39.75	39.22	45.51	43.16	38.43	39.43	30.82	44.92	45.56	43.36	39.43
39.83	29.06	47.88	59.01	44.15	36.38	20.21	57.05	50.68	16.52	59.2	32.55	44.14	49.93	16.15	50.68	52.28	27.42	51.62	41.45	43.57	31.72	29.16	51.18
5.7	12.74	15.06	12.87	63.02	32.83	25.42	69.65	48.9	34.53	58.76	20.34	16.3	6.62	27.75	51.18	18.93	37.71	87.02	18.92	21.58	7.69	39.58	14.73
42.29	50.02	29.04	29.04	58.91	58.91	52.65	63.62	51.85	49.34	52.65	58.91	52.65	38.4	37.59	58.91	52.65	58.91	58.91	50.02	58.91	58.91	58.91	56.4
27.69	14.49	9.8	17.15	23.64	35.51	27.56	46.16	8.07	10.86	24.72	17.97	18.13	21.62	14.14	20.07	16.66	18.02	18.05	19.31	24.3	25.84	25.61	40.94
2.58	2.9	4.9	5.03	21.86	7.33	2.71	4.5	20.33	5.98	4.39	21.86	2.81	4.74	2.02	6.64	5.03	2.35	3.71	19.29	4.5	4.73	2.46	4.39
63.34	38.08	61.42	62.49	43.6	55.93	20.29	58.53	49.03	24.87	63.67	67.25	58.53	51.32	63.17	60.36	60.51	43.6	67.25	87.25	58.53	68.79	62.31	63.34
42.33	50.16	41.2	53.38	61.55	62.28	50.69	56.17	58.66	58.66	67.37	67.37	69.22	37.02	52.81	58.66	67.37	47.62	58.02	39.15	58.3	49.68	52.5	58.3
29.92	51.38	68.21	61.81	45.77	22.04	19.99	35.39	11.13	54.01	58.56	21.31	55.34	12.5	41.63	52.83	59.17	36.17	55.13	41.33	58.56	61.11	44.76	58.56
7.47	7.84	8.55	7.35	14.95	14.95	13.67	14.95	8.55	14.46	41.61	14.95	14.46	16.26	10.93	14.95	8.55	14.46	17.96	9.78	15.73	8.23	8.23	7.77
35.25	33.02	40.44	34.19	42.8	50.19	34.19	74.81	10.3	13.4	54.92	40.15	33.73	24.32	45.51	44.08	35.16	37.3	62.1	25.55	57.4	35.54	37.3	40.34
32.28	43.72	39.79	25.73	62.44	28.1	28.26	65.15	37.37	44.03	60.39	35.71	65.15	45.51	37.88	39.04	24.34	33.46	23.2	31.14	60.39	36.23	65.15	53.69
47.65	64.59	56.33	45.44	64.59	55.36	33.4	32.14	59.46	56.44	69.06	55.27	15.03	20.29	46.85	52.15	56.33	31.53	34.12	41.56	64.59	41.04	37.46	30.99
31.17	19.39	49.7	50.55	42.89	51.6	11.03	45.24	25.59	21.97	36.99	35.04	29.12	29.4	23.4	39.94	23.73	21.48	30.19	32.6	36.22	28.68	26.88	23.75
6.14	2.89	5.81	4.89	4.86	15.87	5.81	18.78	4.89	2.9	15.87	5.98	16.21	9.64	4.89	2.8	6.98	16.55	6.82	14.27	18.78	9.36	4.89	12.23
25.88	16.28	19.0	19.75	19.75	25.43	5.7	21.94	18.97	21.69	25.43	25.43	17.73	22.71	18.88	23.02	25.43	18.8	17.9	19.85	21.94	14.76	18.26	19.42
43.68	45.46	40.27	70.87	41.04	41.04	27.17	41.04	42.99	29.23	41.04	42.99	54.12	42.69	31.25	49.67	42.17	46.28	54.8	50.61	39.01	49.46	33.25	34.58
55.02	47.43	61.69	47.0	47.72	45.59	40.42	45.59	37.95	34.81	58.68	61.42	51.94	55.79	37.92	58.94	62.38	51.94	47.0	52.69	48.2	43.43	51.94	39.62
48.35	10.44	27.19	10.1	29.24	15.86	12.03	46.21	36.93	8.23	32.07	36.57	32.85	38.1	32.72	41.11	39.35	35.41	46.68	33.41	54.96	10.71	25.1	32.07
6.44	7.01	35.07	6.81	8.45	8.45	5.77	8.45	6.29	23.83	7.54	7.54	5.54	7.44	11.54	7.44	7.54	29.36	18.26	7.13	8.45	6.44	10.91	35.07
11.95	7.01	7.69	15.73	31.04	9.0	5.24	48.8	34.23	12.11	48.8	26.15	11.73	7.44	9.85	27.07	17.92	17.69	10.35	6.63	48.8	9.0	12.4	37.18
3.38	3.67	14.51	6.52	13.64	30.46	2.97	13.58	5.96	20.77	36.31	33.96	30.9	33.55	11.21	6.41	8.31	21.64	29.29	3.01	14.37	3.46	9.08	33.79
59.46	59.46	74.48	38.14	59.46	64.14	38.14	59.46	81.54	30.51	66.66	59.46	38.14	38.14	46.55	59.46	54.24	74.48	74.48	8.83	39.23	54.24	38.14	59.46
15.46	15.83	33.08	20.95	33.97	36.16	22.57	26.76	7.29	16.13	33.97	17.47	24.9	28.2	13.8	39.79	32.12	14.41	23.34	15.29	22.57	17.47	10.33	16.17
14.84	31.26	51.6	31.5	50.7	57.56	29.72	38.62	22.86	26.34	48.22	35.09	37.44	47.65	21.03	56.95	39.21	33.27	38.22	15.42	43.46	34.62	45.51	33.8
17.99	19.13	31.59	38.51	34.43	26.37	33.68	38.13	37.31	18.65	32.86	26.37	32.91	18.08	31.18	19.82	33.6	19.52	18.5	15.89	35.41	22.19	19.13	31.17
17.99	17.54	25.16	33.6	40.61	25.51	31.54	34.43	37.31	16.48	34.72	25.21	32.91	18.08	30.35	19.69	33.6	11.02	22.51	19.13	35.41	22.19	19.13	31.24
13.0	4.25	4.71	4.5	11.12	15.21	4.5	11.03	3.75	13.47	20.87	9.23	13.93	8.59	2.47	9.39	12.1	15.08	10.33	32.11	29.32	5.86	8.59	2.47
6.83	24.35	31.59	39.52	14.57	10.65	23.29	71.87	35.9	19.42	39.34	6.17	25.27	8.97	23.11	32.08	47.82	61.51	42.9	16.82	24.36	18.08	21.51	5.67
33.92	32.19	42.06	7.56	59.34	42.87	41.71	41.98	26.02	30.92	54.31	43.53	25.69	34.89	11.45	27.7	26.54	31.76	17.97	25.56	32.91	31.82	38.07	37.69
50.57	44.69	52.04	53.55	66.99	53.55	41.93	66.99	47.32	31.01	50.24	51.59	42.52	41.28	34.37	56.43	41.33	37.02	50.61	35.6	56.06	33.99	48.51	65.15
16.84	20.3	39.36	29.75	55.13	31.62	19.74	43.95	28.81	8.38	37.56	33.4	53.05	20.22	27.68	39.36	31.87	15.54	35.46	18.93	33.07	20.56	33.42	38.91
24.78	22.05	22.05	7.69	24.44	19.8	15.94	24.78	18.65	16.03	24.78	21.12	10.6	33.26	20.96	21.63	7.63	13.94	9.05	19.71	24.44	13.94	19.53	22.62
29.72	41.87	22.31	19.45	30.08	45.12	5.96	24.49	24.2	6.23	29.3	37.07	24.24	27.27	36.35	41.69	15.15	10.77	18.38	17.92	37.98	38.91	6.99	13.64
24.15	30.87	28.48	10.25	33.59	41.7	15.06	26.94	26.99	35.82	42.61	39.41	37.34	26.24	25.7	25.33	28.48	33.86	38.27	33.37	37.65	32.28	32.6	26.9
3.13	8.96	13.27	14.76	10.16	11.01	2.12	11.1	8.02	14.51	25.18	24.54	7.19	9.56	7.18	10.32	11.01	10.38	8.22	3.01	18.22	9.05	13.71	30.36
63.51	48.63	20.38	48.63	57.64	57.64	28.57	48.63	29.19	57.64	48.63	57.64	48.63	53.43	49.22	48.55	63.51	32.01	48.55	72.64	48.63	48.63	65.54	57.64
59.04	53.98	25.66	70.65	69.01	68.15	37.98	74.0	35.04	40.31	82.93	53.18	64.58	51.32	20.49	65.45	79.62	60.84	79.62	41.11	82.93	59.33	67.55	82.93
20.37	18.46	37.28	11.12	32.66	30.34	7.13	52.13	13.46	14.52	25.32	45.51	20.94	18.26	24.54	22.94	18.7	25.57	34.78	13.29	31.78	9.08	7.38	29.21
18.42	32.02	35.79	33.39	37.26	31.01	35.31	27.13	8.69	6.73	31.52	44.73	30.63	23.64	32.7	35.01	21.96	42.45	37.89	27.67	24.18	38.26	31.4	54.09
32.99	36.31	30.59	56.49	47.67	41.01	32.14	58.3	43.09	43.12	56.99	45.59	42.57	47.79	32.43	31.62	36.28	31.34	32.14	50.3	58.3	34.56	45.29	35.73
38.26	52.55	36.88	14.85	42.67	61.89	54.0	49.03	41.43	47.31	62.08	59.9	38.86	50.76	37.83	46.16	40.67	54.4	39.3	57.83	38.56	50.75	54.63	45.42
18.28	11.22	21.85	27.97	26.46	25.7	8.56	38.03	5.93	9.26	26.46	24.28	9.78	35.34	12.9	11.11	17.5	4.27	8.82	36.58	25.7	22.9	34.04	19.11
43.06	51.73	46.75	55.2	57.37	62.87	35.05	73.57	54.91	49.97	69.87	41.37	49.29	41.84	39.64	58.44	38.07	47.94	50.24	51.51	65.87	44.15	41.81	81.83
27.88	25.91	9.24	11.2	11.2	8.64	23.51	9.33	24.79	8.95	11.37	13.82	27.14	24.3	9.86	17.35	17.9	27.61	9.93	29.27	8.64	37.12	9.94	8.35
14.89	16.56	5.6	7.16	32.32	26.03	9.13	52.77	32.92	13.92	52.77	22.81	11.16	15.01	38.97	21.4	7.35	31.22	6.97	6.48	52.77	7.16	10.86	52.77
17.64	9.97	21.82	24.41	28.14	15.94	10.62	15.76	44.93	16.63	15.73	15.76	6.04	33.64	22.54	26.94	16.3	24.35	19.74	15.34	24.35	9.56	14.76	15.76
29.29	38.3	33.86	38.22	45.07	58.59	24.02	48.31	19.78	21.48	39.82	23.71	34.38	39.27	24.0	32.53	27.58	36.98	19.21	23.5	41.75	13.89	33.8	14.39
53.71	34.42	43.16	44.32	51.6	48.9	30.26	49.33	29.08	25.35	48.9	44.64	50.51	41.5	23.23	39.75	41.73	37.32	47.95	23.48	46.19	31.58	41.79	47.41
15.75	9.43	30.85	45.71	34.41	28.79	34.29	34.29	38.84	12.78	20.35	37.79	25.7	13.53	9.52	22.98	9.99	12.78	23.14	6.48	23.52	7.27	21.51	47.05
19.08	31.11	39.9	30.71	25.75	43.13	22.45	39.17	22.4	14.85	35.93	27.87	21.0	31.53	35.92	27.87	34.35	5.07	23.09	22.58	43.49	26.28	27.87	28.33
38.79	35.74	5.87	42.59	33.98	32.62	51.41	30.42	25.99	9.19	37.32	26.42	40.32	43.02	48.65	37.5	32.62	11.13	12.87	18.48	18.88	11.36	33.32	47.12
6.23	28.43	18.38	23.8	23.69	23.8	19.21	23.69	7.69	8.23	23.69	23.69	7.44	20.04	29.95	18.38	20.59	11.7	37.42	16.2	23.69	6.23	7.22	19.92
15.44	18.94	16.95	15.11	15.68	35.21	30.28	16.14	11.44	9.19	23.04	33.83	31.56	22.69	19.47	21.66	34.99	32.04	36.92	25.51	39.66	29.76	36.54	20.12
12.65	13.69	57.29	18.04	49.3	65.29	13.22	51.23	23.24	12.74	77.39	37.28	39.02	13.69	38.69	48.68	52.5	19.87	18.43	20.34	51.85	26.24	14.38	63.51
35.0	37.26	61.48	19.89	71.92	61.48	15.37	61.48	60.05	56.94	61.37	49.2	58.41	70.37	61.37	61.48	61.48	61.48	60.05	61.37	60.16	35.0	61.37	60.05
12.38	13.32	59.1	38.22	25.17	59.1	12.39	66.88	36.41	31.0	59.1	41.95	25.39	11.62	14.05	54.76	46.52	21.53	50.37	43.59	44.69	18.4	31.83	59.19
18.46	20.72	21.74	20.34	17.81	31.28	10.26	23.05	17.81	17.81	25.39	25.92	20.72	16.71	17.97	27.27	21.99	26.84	26.61	31.65	31.28	19.57	17.03	31.28
63.25	50.18	32.66	54.16	56.78	40.67	42.5	40.67	60.46	56.17	72.23	42.9	57.06	48.84	48.53	48.4	59.98	57.06	58.16	54.94	44.03	51.66	57.06	60.05
23.58	8.47	8.23	17.92	80.03	25.34	21.82	57.74	21.02	19.56	57.74	39.38	11.31	13.83	18.11	32.26	57.74	23.69	17.69	37.67	57.74	5.75	38.5	7.44
22.42	34.44	43.97	23.37	39.29	32.18	22.42	60.61	19.12	26.24	52.61	36.88	26.94	22.21	15.84	34.46	21.07	14.63	33.85	50.34	46.51	30.3	27.07	14.02
43.11	56.59	45.62	45.27	42.03	48.79	43.93	51.89	45.27	62.09	42.03	47.59	31.81	45.62	49.02	43.97	46.0	41.17	41.94	22.97	67.26	37.68	36.64	68.77
42.13	46.94	61.5	54.64	61.67	69.17	48.44	80.62	49.19	48.99	80.62	59.07	56.85	25.69	58.21	58.21	57.04	51.05	70.98	55.94	72.24	51.12	58.75	69.87
16.05	5.68	16.05	17.77	16.05	16.53	9.88	17.77	16.97	18.24	16.05	19.75	11.35	11.35	7.34	21.34	21.34	10.26	11.31	18.24	16.05	15.46	10.26	17.77
13.84	11.29	5.86	9.11	41.61	43.27	19.98	40.27	4.31	7.46	26.8	36.57	26.54	35.21	8.55	13.63	15.27	25.42	35.05	3.24	31.8	5.14	23.36	14.96
22.64	30.28	32.51	26.78	39.39	36.14	39.85	36.33	27.0	33.04	30.19	27.68	34.29	39.16	19.97	20.0	20.45	21.53	20.61	23.56	37.03	43.31	24.87	39.17
17.59	4.58	25.06	12.31	39.4	13.75	11.16	13.33	3.85	4.58	31.78	8.69	4.69	23.13	4.37	11.41	23.24	7.51	19.73	7.5	33.58	5.19	3.75	32.0
18.0	21.71	21.59	28.11	39.76	30.12	15.33	37.9	28.51	16.69	39.98	28.51	26.8	32.57	11.84	34.4	21.99	21.79	30.16	27.87	28.13	28.06	32.51	29.2
6.25	5.82	6.27	28.04	30.26	10.07	9.82	15.4	20.49	21.31	53.04	20.41	15.4	7.96	7.44	16.72	14.87	12.92	7.66	18.99	49.36	9.86	32.58	7.44
24.88	21.62	20.77	33.94	25.55	33.94	13.82	30.83	31.38	25.21	25.61	33.59	22.67	56.38	20.31	23.68	24.77	26.16	28.69	28.69	35.32	7.58	24.39	33.94
18.58	25.72	20.9	20.56	25.72	23.56	15.05	30.05	12.41	20.21	23.56	14.54	12.86	11.57	10.86	19.86	33.85	26.66	29.87	17.48	23.56	10.99	8.69	33.66
47.82	70.65	79.62	64.97	82.93	74.0	40.05	91.57	30.68	32.77	80.24	72.58	43.93	37.3	32.6	76.32	53.08	49.29	34.49	55.4	89.02	60.44	56.93	79.62
28.47	24.61	14.68	26.87	42.01	58.45	14.46	65.36	6.03	11.41	65.36	22.45	26.66	38.34	15.88	30.63	24.31	30.22	46.7	26.23	55.96	14.79	30.95	68.77
16.44	5.43	8.64	30.58	24.6	24.6	5.11	19.67	30.98	3.46	24.6	24.6	9.38	9.31	9.92	23.9	16.59	8.17	6.25	18.8	27.82	8.56	5.09	36.46
18.87	10.9	21.07	10.76	40.07	37.89	19.58	36.3	30.18	13.79	45.98	11.27	26.28	20.31	13.72	15.76	14.37	16.75	24.13	1.08	27.87	13.44	22.67	33.16
32.66	32.01	44.23	25.63	34.86	25.97	28.65	30.86	29.26	7.77	61.31	47.91	23.36	57.03	10.86	34.26	25.95	7.54	13.17	19.21	33.27	19.66	34.26	48.08
40.1	38.83	30.71	31.08	31.21	22.69	23.74	36.03	32.95	28.87	36.03	16.74	33.7	39.09	8.36	25.17	26.74	24.88	9.94	33.18	30.42	43.17	28.92	33.18
30.9	32.02	14.48	15.64	37.11	15.05	15.66	28.77	11.65	14.3	36.03	49.78	34.62	12.68	9.91	33.44	10.82	13.8	14.69	5.94	33.53	9.23	12.92	12.41
2.04	17.83	3.94	3.18	16.78	15.02	1.95	45.33	14.2	5.51	38.79	12.5	3.12	9.08	16.87	9.36	9.07	7.21	4.16	5.87	15.02	1.96	7.1	20.9
22.75	30.82	9.35	8.59	35.7	29.66	8.1	42.05	16.37	5.69	37.45	31.21	11.46	26.06	28.23	33.55	23.88	5.89	33.56	54.35	11.84	13.15	8.71	18.73
50.09	39.55	57.61	57.61	82.42	57.61	53.44	82.42	49.74	79.11	82.42	79.11	66.52	40.9	66.52	84.24	39.55	39.55	33.89	57.61	66.52	34.39	75.39	7.43
55.44	51.96	12.57	16.05	53.16	40.48	45.08	38.48	11.41	11.41	86.42	67.29	51.41	57.82	12.88	26.79	13.57	22.96	36.34	74.0	89.72	12.61	65.85	64.53
54.78	42.86	61.12	67.78	51.81	61.17	14.89	45.24	32.3	37.99	62.49	66.28	50.52	43.23	41.67	72.57	73.86	21.18	51.84	47.17	46.81	30.32	47.82	46.81
22.69	36.64	48.48	36.01	61.52	61.66	37.19	55.06	19.62	28.62	71.22	38.91	44.97	36.42	17.43	67.35	41.86	11.34	28.83	57.04	59.93	40.05	44.43	69.66
13.35	20.48	23.55	33.88	34.66	34.74	26.83	25.22	41.93	16.63	41.31	24.44	22.31	21.12	21.46	31.47	17.78	15.05	19.95	30.21	42.8	18.16	19.88	42.32
59.55	58.36	54.89	50.22	75.71	67.52	52.12	51.92	49.13	55.08	54.89	54.61	51.92	63.79	49.6	57.81	50.22	51.92	55.08	9.21	51.92	48.94	55.08	51.92
81.96	80.61	68.22	62.38	77.89	77.89	42.56	65.3	42.95	47.11	70.09	70.09	62.36	88.5	44.69	62.36	65.27	40.23	52.74	56.84	77.89	48.94	70.09	90.38
69.93	77.85	41.56	33.87	57.41	50.08	41.74	85.42	12.77	17.98	88.96	46.64	22.25	77.72	24.52	33.41	40.58	19.99	46.64	27.69	90.96	23.69	76.31	87.43
31.33	77.22	54.48	41.35	52.01	47.05	37.03	40.93	50.05	58.89	54.48	54.48	69.41	52.01	54.12	47.05	35.79	46.43	29.61	54.9	59.62	31.28	65.54	59.62
8.77	7.44	7.48	8.56	13.68	12.11	8.56	7.46	14.46	13.4	8.56	7.46	7.44	11.75	5.7	7.47	7.73	5.78	13.38	7.46	7.46	5.78	7.16	18.54
19.83	26.25	39.81	40.68	34.6	39.8	15.56	51.05	26.63	21.4	56.66	43.08	28.35	37.61	28.14	35.26	45.38	9.97	38.77	26.23	41.15	20.97	29.74	27.65
12.4	11.21	12.11	11.27	5.73	18.41	13.23	17.51	8.38	12.96	17.51	26.68	19.69	4.42	8.1	18.81	18.81	5.03	14.96	9.31	19.84	9.13	10.98	8.04
12.14	15.64	25.75	32.47	29.93	25.69	11.67	23.31	35.31	21.2	40.1	22.66	22.87	28.09	7.21	24.54	15.56	16.35	8.87	7.03	40.1	17.92	7.46	46.94
12.4	11.21	7.01	10.91	17.51	18.41	13.63	17.51	7.83	9.17	17.51	22.44	32.52	4.42	6.68	29.72	18.81	10.11	8.85	13.79	19.84	4.21	18.41	11.15
35.63	14.98	31.8	26.24	58.34	42.72	30.96	58.34	26.12	26.95	50.25	30.02	24.7	17.9	24.49	54.52	35.21	23.31	34.46	24.07	58.34	19.25	27.47	31.85
61.4	72.0	72.0	62.68	72.0	85.71	77.22	72.0	77.22	86.56	72.0	72.0	72.0	72.0	48.2	72.0	52.69	50.05	85.71	78.39	72.0	57.29	62.68	59.62
11.31	37.06	39.85	49.25	41.87	47.09	18.44	69.02	25.77	33.25	41.87	47.09	28.34	27.1	20.88	49.25	18.44	38.09	35.71	49.25	39.85	6.11	64.23	69.02
10.65	9.87	19.4	15.76	19.42	19.43	9.19	18.43	10.65	6.98	13.26	17.64	9.87	33.02	9.23	10.63	9.87	10.63	18.43	9.87	13.26	9.43	9.87	11.36
12.69	22.01	35.84	34.16	39.18	12.12	18.15	20.88	31.25	23.42	11.77	39.16	18.58	25.01	14.23	15.79	54.46	39.16	26.19	21.66	21.27	12.03	12.72	34.67
19.9	32.65	69.71	43.85	62.86	49.74	51.59	69.54	49.07	36.52	62.69	51.66	43.29	31.5	21.82	64.37	43.46	51.59	44.53	33.05	63.85	44.9	28.73	50.55
5.5	6.72	10.94	21.17	19.95	10.88	4.7	25.23	16.46	14.21	14.13	18.65	5.9	15.28	9.73	3.75	12.61	18.53	16.87	9.27	23.01	3.26	12.1	16.69
5.47	26.76	28.98	30.65	41.17	32.45	16.22	79.45	6.03	21.73	67.41	66.67	49.1	55.5	50.76	35.56	63.34	54.54	53.44	47.43	62.63	25.92	29.93	57.93
41.28	62.84	48.84	35.59	38.52	60.78	44.3	54.58	48.62	52.51	77.87	46.27	50.64	57.7	55.64	58.09	42.51	35.28	85.85	61.17	63.47	30.35	38.99	55.81
51.28	27.36	41.15	41.15	66.95	78.84	30.4	78.84	41.15	52.08	78.84	41.15	41.15	62.53	23.71	31.75	41.15	31.69	31.75	71.02	78.84	36.97	54.3	78.84
29.17	32.97	29.58	44.13	30.39	42.24	19.99	34.18	29.01	9.7	36.48	19.94	40.53	8.93	21.43	28.31	22.73	33.68	36.75	22.15	44.62	12.06	26.84	42.24
7.55	11.95	11.95	10.18	6.42	6.84	3.11	14.98	5.73	2.9	14.63	11.98	8.9	14.98	2.81	12.24	6.66	6.66	6.42	3.61	6.66	2.46	6.26	14.63
25.75	19.44	34.89	31.82	18.37	26.73	16.48	42.18	36.28	20.33	41.79	24.94	26.73	25.22	11.74	28.91	30.33	21.37	10.92	28.01	23.79	29.15	17.38	30.74
14.86	26.41	42.3	19.89	24.95	42.9	9.4	38.47	33.23	24.74	42.14	37.44	20.49	15.26	25.51	37.77	23.9	27.0	34.45	36.79	42.14	10.8	26.96	27.62
12.13	10.77	5.09	14.99	5.34	5.84	10.35	5.84	7.08	5.46	6.2	8.67	7.63	16.19	13.79	0.0	4.74	10.31	6.46	5.24	6.11	5.39	4.28	6.2
5.61	5.87	5.71	5.99	25.17	28.44	5.99	21.13	6.1	30.1	22.59	10.58	4.71	15.31	15.82	18.21	18.9	17.24	11.21	5.84	25.57	6.09	24.55	29.6
24.33	12.21	18.83	12.49	28.0	22.8	9.43	32.38	12.63	18.77	40.92	21.03	7.33	9.12	18.31	28.78	25.67	18.17	15.94	1.12	29.96	15.88	18.48	15.94
19.57	26.24	18.93	18.09	18.93	22.07	11.43	19.94	26.73	11.64	22.02	26.73	19.57	12.84	20.66	26.68	19.57	20.31	18.7	39.79	22.48	18.93	14.39	15.44
5.51	20.33	15.82	15.91	28.44	43.91	4.21	44.41	16.56	8.75	39.93	38.0	6.82	11.9	3.8	5.56	11.95	4.22	27.93	21.29	50.54	8.4	35.42	42.73
15.82	22.24	10.74	12.44	19.57	16.76	7.24	14.57	19.26	16.45	38.32	31.84	16.81	16.76	16.19	29.91	26.88	20.97	16.76	7.37	20.7	20.66	6.44	17.67
21.38	8.95	28.76	29.51	45.53	34.89	18.77	32.83	44.83	24.03	62.11	32.83	36.99	15.3	8.56	43.13	31.8	41.69	36.99	50.88	37.2	10.37	9.56	50.85
34.11	36.82	36.19	18.05	17.25	24.69	21.04	41.41	18.05	13.16	40.05	24.69	13.16	11.64	14.52	23.76	21.58	23.76	16.91	35.53	35.71	27.95	7.82	42.46
18.21	40.36	20.11	32.7	25.19	38.25	6.38	27.66	7.37	16.12	37.97	27.6	11.15	15.19	11.88	43.9	26.9	15.51	21.3	4.58	32.29	21.75	11.88	28.06
17.41	26.68	39.65	56.42	46.09	31.82	18.33	28.23	19.46	11.97	30.34	43.94	18.73	46.09	15.96	18.09	27.75	19.86	18.09	21.66	40.76	20.7	27.75	43.94
39.37	24.65	56.6	54.25	46.69	50.14	48.47	56.6	46.69	27.83	50.14	47.72	39.38	32.21	36.68	29.6	70.38	50.14	46.79	29.6	56.6	69.65	46.83	56.6
18.18	18.17	36.14	22.05	16.32	36.11	32.21	29.74	6.81	7.15	54.64	48.11	20.31	29.26	21.48	34.03	17.54	7.04	17.19	16.2	41.98	29.74	36.11	18.61
30.34	23.23	22.21	42.83	23.27	38.37	29.7	43.07	36.59	17.15	44.02	34.96	20.69	28.55	10.69	41.57	21.69	13.19	24.14	37.23	32.69	23.25	22.61	25.14
21.51	28.49	41.86	27.75	29.89	29.82	33.57	47.15	29.27	21.66	53.8	31.24	20.7	33.0	34.85	31.32	32.6	31.24	32.6	25.82	38.4	18.26	35.23	50.51
12.26	11.37	13.3	27.47	27.53	25.92	10.54	37.57	52.71	10.36	13.86	41.07	18.04	5.98	10.38	44.23	28.2	2.81	18.03	61.53	13.86	11.16	48.2	5.17
32.45	17.77	27.55	39.92	39.92	35.36	23.05	41.48	12.29	9.23	43.31	4.71	15.6	41.47	23.24	1.09	39.84	24.53	42.57	33.94	45.01	33.67	27.55	4.42
37.11	36.83	61.52	24.72	53.14	72.72	34.68	56.05	51.94	31.09	76.16	41.11	55.42	41.93	35.0	59.6	39.16	48.91	49.69	53.77	69.93	44.36	39.3	17.32
48.53	35.08	51.99	41.63	48.75	69.78	45.26	69.78	39.06	55.11	64.46	48.75	62.47	61.45	35.97	23.52	61.48	16.73	48.16	59.45	76.09	43.83	24.0	47.15
21.37	40.54	32.0	44.34	40.63	26.03	49.93	46.06	61.59	17.14	46.06	43.58	23.93	19.59	22.05	43.58	46.35	27.16	24.17	24.48	37.46	35.02	14.41	38.95
41.68	49.45	48.0	48.62	47.18	42.33	46.78	48.94	52.53	45.26	46.28	48.24	44.51	48.02	52.64	53.47	46.16	53.03	48.39	36.8	52.26	31.55	48.56	50.8
9.49	5.17	9.07	19.0	18.44	17.35	11.16	18.42	13.38	1.98	22.51	11.28	10.08	19.51	20.63	11.12	3.75	4.5	9.43	4.54	16.29	3.68	3.59	19.81
10.61	21.33	18.77	33.0	43.94	4.8	13.6	19.91	15.01	2.08	23.99	9.17	18.73	14.96	17.56	35.14	17.9	19.38	3.65	9.64	20.28	7.91	21.33	21.33
15.58	28.38	32.37	23.74	43.68	21.53	27.47	38.3	38.68	24.01	43.71	38.61	18.85	19.31	22.79	21.37	20.15	10.11	34.19	13.54	32.06	33.8	18.98	34.82
3.65	31.65	8.62	18.74	23.71	22.09	19.2	6.06	21.32	5.31	33.52	18.32	18.64	21.74	19.35	13.29	17.5	22.0	30.73	27.34	19.34	22.51	12.0	19.34
8.08	42.17	56.61	44.19	38.89	58.25	16.07	51.93	26.58	10.83	45.49	42.01	33.85	43.66	21.81	38.89	48.96	35.01	57.31	47.11	42.01	14.85	43.77	58.25
24.76	20.54	27.1	49.02	52.98	52.98	25.83	39.42	41.96	18.42	52.98	39.03	27.04	46.13	34.6	49.11	33.55	35.94	19.51	19.21	51.44	14.75	25.59	51.44
47.79	52.98	31.58	44.63	59.42	57.7	19.99	46.85	42.87	48.96	62.61	32.11	42.53	56.66	52.98	51.14	14.32	29.11	42.91	25.33	57.7	24.22	41.54	56.21
29.85	17.36	51.81	43.72	65.29	67.25	33.62	65.29	39.77	24.81	58.53	58.53	39.77	42.66	35.18	49.33	36.75	13.85	65.29	55.68	58.53	15.26	38.21	73.92
18.52	31.64	17.51	17.51	28.69	27.15	14.73	32.29	16.3	24.62	44.5	22.79	14.73	25.28	23.42	20.71	32.29	27.15	29.11	21.26	28.48	17.86	27.88	17.1
8.89	29.26	39.01	27.44	48.86	28.92	53.17	40.29	40.29	9.46	48.86	48.86	62.98	26.1	31.54	48.86	39.01	38.14	40.29	15.26	48.86	26.36	48.86	48.86
23.64	23.45	25.07	25.23	27.3	33.73	19.6	35.09	21.73	13.5	33.94	32.26	20.8	27.87	15.64	31.52	22.38	16.27	24.44	10.18	35.07	16.94	23.14	26.53
25.62	26.23	45.03	16.26	43.86	30.71	11.43	30.71	24.34	15.38	53.07	16.17	17.21	16.0	42.78	41.53	40.39	38.31	27.68	53.87	52.02	23.5	43.81	16.65
27.62	33.97	32.2	35.13	76.37	43.59	39.79	43.59	31.48	9.94	35.73	32.67	32.2	32.67	24.64	32.2	39.3	35.64	35.91	46.58	57.07	36.26	35.03	43.59
11.32	6.63	13.88	13.72	36.47	13.88	27.75	30.78	33.22	25.94	16.12	9.6	21.29	34.74	20.91	29.22	10.65	22.05	23.94	11.62	28.44	16.69	15.75	31.78
29.85	45.77	12.58	45.08	44.34	21.49	11.15	20.47	9.23	10.11	32.6	14.24	14.24	31.53	13.33	15.96	12.58	13.22	12.9	15.6	44.34	24.49	14.24	44.34
22.72	17.13	33.45	29.18	43.53	42.18	18.29	67.14	24.0	25.88	43.53	50.04	29.35	36.41	19.2	23.52	16.5	10.01	26.14	29.19	61.79	18.36	20.79	41.69
24.78	3.61	31.84	20.45	21.32	38.63	27.57	27.54	23.98	22.3	50.55	23.58	25.06	36.72	38.88	26.68	24.78	22.38	25.29	19.35	20.87	21.56	28.8	16.84
13.43	13.89	29.93	42.83	37.04	28.3	16.8	35.76	20.58	20.58	32.89	29.9	35.69	43.24	18.59	40.26	20.58	19.12	18.59	46.52	27.05	30.81	15.34	27.23
23.38	51.03	29.17	21.36	41.32	41.32	57.82	33.98	17.78	22.29	66.81	41.35	41.35	56.39	36.68	41.35	41.35	21.3	6.1	48.41	48.79	59.75	48.26	26.11
18.61	16.75	45.3	54.48	53.2	60.29	30.03	42.08	34.4	32.29	33.8	50.34	52.73	30.67	24.9	49.44	47.7	55.79	37.07	37.47	42.8	23.41	60.67	37.81
40.68	30.85	78.59	78.59	69.41	59.57	20.06	59.57	58.16	35.22	58.85	66.61	78.59	73.63	19.91	48.8	19.88	14.42	46.89	91.55	59.57	46.96	66.61	48.8
17.88	29.41	39.31	45.72	18.09	46.26	45.07	25.21	32.59	46.64	30.33	23.84	32.59	11.09	32.42	20.36	33.44	63.94	19.16	18.12	29.98	33.52	19.16	33.49
17.17	20.95	7.1	7.43	16.03	16.93	6.54	28.74	10.37	23.44	12.1	10.96	26.53	9.22	8.7	15.05	18.25	2.85	16.83	3.82	19.37	9.38	28.34	23.77
25.38	18.22	13.22	20.88	28.1	16.13	26.68	24.83	23.42	32.28	28.1	24.83	24.83	16.92	20.98	17.84	25.38	15.08	24.83	16.13	24.83	20.88	23.62	28.49
36.57	64.14	46.63	54.6	85.91	85.91	7.93	89.85	70.93	59.68	89.85	85.91	44.83	27.12	9.56	60.23	33.04	35.7	51.99	20.69	85.91	35.15	29.93	75.39
20.29	24.77	21.23	31.24	20.62	36.66	16.3	19.38	19.8	29.82	11.33	36.66	41.89	13.79	34.48	31.24	35.14	10.31	28.39	16.3	18.43	18.88	31.32	31.24
47.4	50.07	26.31	64.35	51.71	52.13	39.16	50.43	46.95	39.44	55.91	64.35	63.14	8.12	52.96	43.27	48.98	34.23	53.0	71.56	64.35	33.56	52.93	50.65
35.65	20.55	17.85	38.49	41.28	39.95	7.05	18.15	31.02	4.18	47.17	35.95	26.02	4.08	30.16	33.39	28.1	4.9	24.36	15.5	34.52	14.08	18.49	28.3
23.29	39.42	25.54	8.77	47.05	36.19	43.52	65.03	40.05	10.98	40.05	40.05	36.92	34.37	19.41	40.05	56.55	45.23	27.1	32.76	65.03	60.29	26.51	40.05
28.38	28.78	41.3	22.36	25.06	33.0	39.32	71.71	55.93	43.39	36.05	34.33	25.94	30.66	28.22	36.91	36.91	11.03	54.13	45.67	40.24	23.13	56.55	35.14
68.03	52.48	77.18	50.12	68.03	68.16	45.48	78.16	69.66	54.23	79.46	63.85	67.12	52.35	44.73	65.3	52.07	63.63	60.3	47.6	60.23	66.36	72.67	70.91
32.11	54.25	38.85	34.55	49.81	37.36	53.06	59.07	34.47	35.85	59.07	54.9	34.55	31.92	34.76	61.55	50.57	33.65	47.31	31.34	51.31	46.57	47.31	37.95
15.09	28.13	22.46	17.42	28.85	27.11	9.03	30.08	24.18	14.94	27.46	29.24	28.18	18.9	23.77	28.44	19.92	22.1	28.13	13.22	22.8	20.38	25.59	29.62
20.16	24.22	35.88	15.45	46.09	34.84	14.97	37.2	18.56	17.06	48.28	36.14	13.51	27.53	33.95	41.04	15.21	17.54	5.42	43.13	60.02	25.66	28.58	27.5
31.62	22.01	14.71	28.71	25.78	13.85	19.57	26.32	10.98	21.48	52.3	39.18	30.65	17.47	33.78	31.25	37.15	14.72	14.92	25.75	37.15	28.34	28.71	17.08
26.77	20.09	41.56	41.56	25.58	31.24	5.98	31.24	32.14	7.12	25.58	20.23	33.3	29.82	13.33	31.24	17.27	15.73	35.14	38.61	31.24	24.18	18.49	27.27
21.54	22.01	14.71	20.5	48.96	26.41	23.92	14.67	13.84	16.47	26.32	40.29	28.34	17.04	28.34	26.95	23.3	15.56	10.7	24.38	48.96	27.36	28.34	48.9
37.22	19.68	30.28	9.74	34.85	44.16	31.75	42.52	43.66	21.8	43.66	19.85	16.38	15.63	15.63	36.04	34.9	12.49	24.82	16.07	31.45	18.88	20.01	9.7
2.58	2.86	8.23	6.99	6.99	4.55	2.58	15.4	5.54	2.46	4.97	4.55	2.84	8.84	2.7	6.65	2.7	2.84	2.58	25.95	6.99	6.99	3.21	4.89
28.8	13.9	10.92	27.67	23.87	19.99	17.47	27.13	27.28	9.56	12.65	26.06	22.3	19.7	24.68	21.38	26.06	11.64	35.22	39.59	29.96	20.6	36.32	21.37
5.22	16.87	1.97	12.1	18.81	9.09	2.96	21.07	8.92	1.67	23.33	12.48	3.58	3.26	9.47	3.45	21.85	4.09	3.62	19.97	24.01	1.77	9.71	14.33
7.6	8.04	9.4	9.4	9.61	19.12	13.16	12.16	22.06	15.08	15.94	27.98	22.06	18.81	12.69	12.69	18.4	22.06	22.06	13.16	18.46	22.06	22.06	22.47
19.78	29.0	44.27	54.07	56.96	72.73	34.17	58.63	56.96	33.02	61.22	71.89	36.85	51.11	63.89	69.04	55.04	30.99	42.41	41.46	64.7	33.59	34.62	64.43
23.38	25.59	6.55	7.24	14.89	19.74	22.45	28.43	13.15	10.37	22.29	5.23	17.63	13.82	5.86	6.55	5.92	18.5	14.34	22.58	14.02	6.04	16.43	17.14
8.09	7.45	14.5	16.17	15.58	14.99	4.86	15.82	19.26	18.11	36.42	8.84	8.36	8.55	7.23	8.4	14.99	7.93	8.98	1.38	15.56	8.09	15.91	8.36
10.41	32.04	23.34	36.27	42.5	42.5	29.37	71.0	37.06	16.39	43.25	43.75	30.61	20.81	39.88	42.75	44.01	45.32	41.87	34.26	43.25	32.94	43.75	57.81
13.87	9.33	11.78	21.22	25.2	30.89	3.44	23.46	22.62	25.8	25.17	25.43	18.22	4.46	19.23	24.86	27.28	9.98	14.61	1.21	20.64	10.6	18.36	24.86
17.6	21.56	42.34	48.04	42.86	38.89	19.6	51.39	39.17	31.45	51.39	57.83	24.03	15.82	15.19	50.9	47.03	8.86	17.03	35.48	52.17	41.17	47.03	54.04
21.13	33.51	60.77	83.39	35.53	76.34	77.25	41.22	70.05	33.95	41.22	60.77	53.57	47.86	41.58	35.53	60.77	26.46	40.75	41.22	60.77	35.53	21.57	58.39
30.38	32.11	46.87	52.22	51.03	71.05	36.19	27.57	52.22	33.49	51.03	51.03	30.38	49.85	43.01	68.53	44.98	44.98	46.87	30.41	44.98	49.85	49.85	38.33
12.21	16.74	5.52	11.16	11.52	11.04	10.27	27.13	12.63	19.96	29.91	13.55	27.13	7.39	17.79	23.44	29.51	7.65	18.37	10.45	28.82	11.16	42.34	24.53
29.69	21.54	21.06	27.91	29.73	22.27	21.56	27.31	31.17	26.01	39.21	13.82	25.61	25.72	23.74	34.62	15.8	23.15	22.12	25.11	34.6	25.8	33.25	25.44
40.73	46.19	58.19	66.25	52.75	68.06	44.17	56.69	50.63	39.19	70.69	57.79	32.57	34.38	49.59	62.76	58.53	42.17	49.79	46.24	69.19	17.25	35.69	55.42
6.94	3.58	66.38	53.19	62.69	76.25	33.52	79.66	53.19	7.54	45.42	20.8	20.31	20.95	14.03	32.59	30.51	28.98	53.19	32.93	44.52	15.52	22.52	20.8
20.35	20.35	31.25	30.84	50.73	39.42	36.52	56.56	7.41	28.82	56.47	45.02	37.14	30.17	29.67	30.0	27.5	24.58	32.01	15.84	56.47	19.19	28.5	56.47
31.41	27.59	37.62	51.51	46.86	31.41	19.97	50.8	29.45	21.66	61.01	38.62	25.42	35.44	17.13	32.06	50.58	17.95	48.77	30.04	54.79	32.17	30.73	42.38
37.9	19.53	41.36	35.24	54.25	53.01	34.45	66.49	50.49	51.29	61.47	53.04	50.08	30.55	41.73	51.67	45.84	38.24	39.1	31.86	64.01	23.85	47.54	62.21
33.39	35.54	33.85	40.21	66.33	57.59	27.46	44.27	20.88	31.81	52.69	66.33	39.39	52.69	7.59	41.95	37.84	39.63	43.16	54.6	52.69	8.95	9.35	32.54
23.23	9.4	34.12	57.23	18.08	35.01	17.35	33.2	8.91	14.84	15.53	8.91	8.91	34.08	12.42	34.12	12.4	9.26	15.57	33.85	15.53	9.26	34.12	8.91
28.27	22.58	19.71	30.63	42.13	27.82	30.19	44.13	20.05	22.46	22.1	25.47	24.34	23.67	18.85	23.69	23.65	20.01	23.65	35.77	32.79	15.65	36.94	34.19
25.55	22.92	20.01	24.26	34.21	24.91	19.25	42.08	21.66	16.83	23.14	22.58	24.24	23.65	17.46	23.69	20.3	20.92	32.32	43.52	33.16	19.12	28.82	26.29
11.22	28.08	10.2	26.79	47.46	27.62	11.29	38.91	26.96	26.31	40.7	44.5	29.68	55.14	9.49	33.01	40.7	26.41	22.7	19.41	35.17	9.05	19.81	34.15
67.03	67.03	46.6	67.03	46.6	46.6	42.5	42.5	67.03	42.5	42.5	42.5	42.5	42.85	46.6	42.5	46.6	46.6	33.65	48.44	46.6	67.03	67.03	42.5
24.2	27.98	25.72	5.61	37.23	32.03	4.39	36.52	8.09	7.49	38.92	21.31	8.55	18.88	25.39	29.86	19.72	29.15	21.22	24.12	32.03	14.52	20.19	24.44
23.74	20.6	23.74	12.63	57.28	40.37	35.24	41.96	33.62	24.17	30.26	33.0	50.66	31.71	31.09	36.33	53.42	38.76	34.94	23.76	39.37	29.23	33.9	29.1
28.69	52.05	41.66	47.0	52.05	45.89	19.33	54.48	51.18	20.29	60.1	47.0	39.79	18.56	32.14	73.44	47.72	22.48	26.73	10.41	47.0	24.83	53.87	67.12
23.6	31.83	34.2	24.01	21.54	29.06	16.63	42.07	17.77	27.11	27.48	32.06	32.88	30.63	5.26	35.85	27.27	19.82	17.84	20.06	28.23	30.1	12.39	34.2
75.39	68.7	71.4	60.2	71.4	52.64	56.06	75.39	38.27	60.23	71.4	71.4	49.8	71.4	71.4	71.4	71.4	49.8	49.8	61.69	71.4	57.83	71.4	71.4
29.43	30.09	26.45	25.11	41.62	34.46	8.88	62.5	23.21	27.96	42.52	21.94	27.98	27.5	28.43	34.0	24.67	19.59	17.16	41.22	45.0	5.93	32.45	35.18
31.28	43.83	41.9	46.77	22.33	38.97	21.23	20.82	8.11	9.17	32.04	20.88	9.64	16.56	42.6	46.77	22.33	12.06	31.28	21.51	22.27	29.82	30.61	21.23
24.9	20.09	9.89	9.37	33.01	24.63	8.01	32.46	7.75	7.61	24.78	16.0	8.01	29.21	6.32	9.89	24.02	2.98	7.25	42.46	23.88	9.73	7.19	9.66
27.08	38.33	38.38	34.61	34.99	31.07	25.44	39.27	34.99	27.97	40.47	30.01	40.47	32.62	28.04	40.47	37.04	25.63	31.07	35.14	40.47	40.49	39.35	17.17
50.32	52.56	55.76	56.79	67.04	69.75	45.45	71.92	35.72	33.04	74.62	60.05	47.54	61.39	46.16	60.01	42.08	32.08	48.96	50.78	69.75	40.44	46.87	63.22
10.15	10.28	11.13	11.13	11.13	12.86	7.41	10.48	14.2	11.46	16.58	14.35	12.69	11.93	8.83	10.55	13.04	11.45	11.13	18.69	20.73	12.99	9.47	12.86
78.39	71.79	58.75	70.33	75.81	76.51	32.83	76.51	60.33	65.48	76.51	75.81	48.78	67.63	36.17	67.01	76.51	32.24	38.29	67.63	70.33	31.59	70.03	76.51
60.39	54.48	53.83	72.65	100.0	73.84	53.96	100.0	68.06	50.69	100.0	61.61	63.84	85.79	22.48	59.01	50.05	27.65	53.71	32.98	82.46	51.94	36.5	82.46
27.23	19.57	39.79	46.56	41.21	57.53	12.41	67.14	50.74	26.15	69.71	57.53	33.47	25.91	7.53	37.34	37.34	13.28	39.85	11.73	26.8	15.31	35.37	30.22
59.88	71.05	72.86	61.54	61.2	72.27	72.27	59.88	43.77	56.11	72.27	48.54	61.54	71.05	43.91	72.86	71.05	54.44	61.2	45.33	59.88	58.46	58.46	36.6
6.56	13.98	25.6	38.83	67.27	25.75	1.57	33.95	29.25	15.68	55.29	41.45	17.14	27.28	21.85	24.59	21.6	31.84	28.48	30.82	54.06	3.84	26.95	25.94
14.48	20.22	33.49	21.9	37.67	34.86	11.64	64.57	8.25	12.64	39.47	19.47	5.76	28.52	32.05	35.3	15.1	36.06	27.53	29.71	26.44	13.43	13.94	27.15
5.81	14.45	10.06	4.66	28.66	23.31	16.7	34.11	15.94	6.44	34.11	22.13	5.58	7.08	13.52	26.15	11.99	14.81	63.12	12.13	34.11	3.29	7.4	20.97
8.79	23.23	17.16	26.22	27.52	18.23	19.14	7.58	7.36	4.31	7.74	24.42	21.92	14.26	10.7	21.33	23.51	14.86	13.6	1.26	27.55	27.07	27.46	29.63
28.23	5.39	23.34	35.92	32.73	36.61	20.65	61.35	14.05	7.49	55.68	23.85	11.46	24.26	16.83	8.79	11.73	7.26	15.93	21.68	33.82	7.73	20.21	25.31
6.14	9.2	14.69	33.18	5.58	16.67	12.44	24.48	34.42	5.02	28.94	11.75	20.51	19.74	18.5	26.65	12.08	6.05	2.33	5.48	40.43	22.35	5.75	33.74
12.05	20.82	31.79	35.93	27.08	31.96	4.04	28.04	43.23	13.6	28.12	43.04	33.91	16.64	13.74	20.23	26.31	9.6	26.34	42.68	28.12	14.35	34.19	28.12
30.78	46.55	41.79	47.24	78.39	76.65	8.22	45.3	67.46	41.66	76.65	45.12	29.78	50.18	19.44	42.3	47.55	46.98	17.89	58.07	52.9	2.57	67.46	33.8
27.1	20.76	35.22	13.91	35.22	28.04	13.32	41.21	46.17	22.68	55.33	81.54	57.11	42.61	7.96	30.86	23.83	35.22	55.33	36.41	40.33	9.1	61.28	41.21
12.29	15.69	12.4	20.74	36.91	9.06	8.42	19.26	12.29	22.4	28.75	16.13	5.38	4.61	13.25	18.51	21.18	7.61	30.73	5.67	33.12	5.1	15.49	20.61
65.54	85.79	59.71	70.77	75.12	59.71	54.48	100.0	57.07	65.15	100.0	34.25	75.91	75.12	46.84	59.71	40.09	70.77	40.09	39.22	85.79	20.31	85.79	70.77
16.59	13.4	39.83	47.59	47.59	47.59	3.42	73.49	32.0	4.52	32.65	4.52	10.02	7.14	11.36	10.13	22.27	16.83	26.48	9.67	17.83	7.6	10.13	32.65
25.86	28.89	25.68	31.39	37.74	39.92	19.21	31.82	33.05	14.96	48.3	31.97	16.93	25.86	20.62	29.95	28.69	22.64	20.51	22.04	35.44	27.69	17.74	29.48
45.09	48.11	73.63	10.56	100.0	84.92	30.2	67.78	41.83	12.11	67.78	54.25	68.84	49.38	48.08	73.63	68.84	63.86	68.84	73.63	67.78	31.18	67.78	67.78
1.87	7.81	3.34	10.41	13.75	12.84	3.47	18.26	4.34	7.92	14.98	8.94	3.65	3.42	22.08	22.11	17.27	10.41	8.47	11.6	14.98	3.45	3.5	13.52
27.84	18.97	42.2	46.28	62.76	49.86	5.16	33.84	34.18	21.0	51.72	49.86	26.6	37.7	15.8	53.47	28.32	13.21	27.76	23.21	41.3	17.03	20.6	27.31
26.87	19.31	23.23	28.83	13.24	13.71	12.41	13.62	16.91	4.23	26.47	12.33	14.31	16.96	19.38	16.59	21.77	13.77	16.66	20.4	12.89	10.27	17.78	14.66
11.31	5.66	5.9	3.22	12.91	17.69	5.68	19.09	12.57	6.43	20.69	6.73	10.98	2.97	6.07	7.45	20.69	6.73	13.64	6.81	19.09	5.33	19.3	19.09
6.02	7.95	26.73	8.71	39.66	8.45	8.31	23.75	7.48	7.17	20.04	8.71	7.39	31.18	54.12	26.28	10.17	5.75	13.35	22.53	26.28	7.48	11.37	8.45
38.52	38.43	38.52	40.32	37.03	37.03	37.5	55.7	18.21	14.34	55.7	38.52	18.2	38.52	16.02	40.39	37.76	28.18	26.76	16.69	55.7	22.05	18.2	36.52
9.8	6.98	11.2	14.38	38.21	38.69	9.96	44.13	28.82	27.79	32.84	26.28	34.75	11.6	19.16	50.54	39.19	20.46	43.25	29.51	42.4	22.35	9.09	42.4
29.12	23.51	44.09	50.39	40.33	64.75	27.23	46.89	58.28	50.39	46.89	58.28	28.5	29.49	22.64	64.75	58.28	58.28	50.7	50.39	80.03	31.54	53.07	53.07
42.59	40.17	50.41	41.48	44.48	54.3	21.51	88.44	48.84	31.24	56.06	60.67	44.05	26.61	43.04	57.09	28.23	51.98	76.41	38.53	55.49	57.42	29.04	43.91
15.4	15.92	21.25	11.26	33.04	18.81	6.16	34.64	6.71	9.47	11.86	15.72	10.48	9.25	16.76	17.41	4.68	7.21	7.38	7.2	22.76	3.01	7.72	34.66
4.66	13.22	5.93	13.79	27.96	30.59	2.69	45.57	36.41	17.86	25.82	21.71	9.39	5.86	19.33	10.54	10.53	9.06	9.6	2.17	70.02	8.95	6.07	9.6
11.33	5.08	11.22	9.04	24.7	9.19	8.69	17.01	18.25	11.86	20.39	12.79	12.62	8.52	10.74	8.99	8.18	8.18	12.1	14.27	14.27	8.18	9.19	14.27
17.27	7.02	25.89	7.26	27.21	36.19	6.14	8.86	8.27	7.25	32.23	8.27	7.25	8.27	5.03	32.93	7.44	7.44	7.0	7.26	40.47	7.0	19.3	25.28
10.75	4.79	8.52	4.79	8.14	23.46	4.37	4.79	4.79	4.79	4.79	4.79	4.79	10.71	14.32	8.14	4.79	4.79	4.5	4.06	16.59	4.37	14.32	4.79
4.37	4.09	5.68	5.24	5.82	9.02	4.69	5.52	5.3	5.07	5.42	24.43	5.07	4.05	7.26	4.3	5.15	3.47	8.85	5.26	18.23	3.99	8.06	8.53
5.13	4.04	3.38	8.74	10.25	37.11	19.78	42.33	11.46	6.49	58.9	1.74	13.51	1.68	3.02	1.69	16.07	3.06	3.06	4.41	36.43	7.17	12.83	30.76
23.42	20.95	27.67	19.69	58.77	35.12	14.08	25.68	18.87	13.3	27.13	25.59	4.71	20.47	25.01	25.38	36.76	42.59	31.42	25.59	24.87	12.4	12.35	18.39
14.35	14.59	20.64	19.35	20.12	20.79	23.29	20.21	13.98	29.09	42.9	20.91	36.19	9.05	14.67	20.1	24.35	16.23	12.96	20.21	35.57	21.36	21.78	33.33
18.0	18.0	20.96	20.96	23.23	23.23	25.4	15.86	9.67	16.26	21.36	23.23	19.67	15.83	34.61	8.55	20.78	8.55	21.36	8.23	18.0	14.87	34.61	18.0
34.03	51.0	30.34	51.0	48.62	58.89	24.61	49.63	60.93	44.59	61.0	64.14	58.16	36.23	36.16	58.89	58.16	51.88	55.56	37.86	51.36	55.25	52.79	35.37
22.88	51.5	24.25	21.29	61.63	28.11	11.63	78.25	43.33	24.21	61.63	38.97	42.31	24.21	18.75	70.48	42.31	21.29	24.21	69.98	43.24	12.09	35.63	61.63
3.18	5.75	10.98	15.28	5.24	5.1	5.17	4.78	6.61	5.12	6.29	11.47	6.68	5.44	5.54	5.44	11.5	10.91	7.04	7.57	5.35	7.2	15.25	5.56
18.95	4.45	17.02	28.57	23.28	39.52	9.61	68.59	6.96	15.42	54.86	31.87	11.45	2.49	10.68	17.0	11.76	7.32	15.66	32.69	58.06	18.97	17.86	48.81
13.46	9.74	28.33	15.95	28.33	28.33	16.85	28.33	28.33	12.47	28.33	28.33	28.33	13.26	29.44	28.33	28.33	33.59	28.33	14.92	45.63	5.82	28.33	15.95
9.92	10.11	7.34	34.03	47.05	36.66	25.28	17.62	22.81	17.98	29.21	45.31	20.76	11.45	9.17	66.73	7.54	40.47	10.08	8.13	21.77	19.41	6.63	12.11
7.0	22.05	18.97	5.44	36.92	34.25	13.62	34.94	6.36	1.85	30.85	30.74	1.87	18.23	7.0	24.76	30.92	4.95	22.53	21.79	53.13	3.03	6.13	18.37
48.39	25.51	13.52	43.19	34.71	49.72	24.08	64.22	39.38	16.38	41.7	34.89	25.81	43.74	17.06	31.08	20.34	26.57	39.18	43.47	53.38	8.89	22.92	38.1
28.51	28.11	41.9	34.6	38.99	41.9	31.54	62.68	28.51	10.18	55.71	43.71	51.46	30.09	28.16	40.68	17.9	22.24	48.66	3.93	60.6	31.56	21.24	57.43
19.41	24.52	48.08	18.61	81.15	81.15	34.24	81.15	48.08	48.08	78.29	27.78	45.81	62.95	37.84	48.08	26.2	11.01	62.95	55.01	81.15	48.08	31.15	81.15
40.32	49.63	66.9	60.1	82.36	60.37	68.82	74.7	61.99	74.38	64.52	61.58	77.04	51.32	50.78	71.66	59.15	1.96	42.99	39.85	53.96	62.4	45.32	39.11
16.25	12.86	25.72	5.95	33.66	36.7	19.62	15.8	18.24	9.4	19.31	5.22	23.84	3.95	27.72	28.58	10.86	2.36	13.64	11.37	38.65	6.37	37.06	26.96
3.03	11.31	24.26	37.42	71.18	82.82	24.38	6.5	17.28	23.8	27.7	23.8	27.69	10.57	47.18	36.17	38.02	38.02	82.82	3.74	82.82	18.3	41.15	82.82
19.06	37.57	19.23	40.2	30.64	32.0	33.0	29.67	22.04	32.88	29.51	25.72	27.49	15.85	22.92	32.91	27.49	33.65	32.87	27.76	30.15	35.08	32.88	19.32
33.54	34.74	26.67	27.82	38.57	25.41	15.17	25.47	23.77	14.17	14.52	30.46	20.23	6.17	32.48	32.91	34.04	8.53	38.9	23.45	36.38	19.49	38.57	33.91
4.03	3.38	8.05	8.05	12.55	12.55	4.46	21.36	7.5	6.75	21.36	5.52	4.07	9.98	2.91	4.07	7.14	9.98	4.46	8.91	21.36	3.67	5.52	21.36
8.23	17.61	7.96	6.44	3.42	7.22	7.19	35.83	18.92	6.59	7.22	7.96	6.44	13.83	3.21	5.04	6.26	6.69	15.99	6.02	35.83	26.22	7.96	18.92
12.5	10.69	47.38	47.18	34.62	13.6	12.99	26.94	4.34	12.96	13.31	25.82	17.51	12.96	7.08	12.72	24.95	9.01	11.67	36.07	48.96	4.35	23.78	28.27
3.94	2.98	16.96	6.04	15.38	18.12	7.0	4.54	7.23	7.63	3.96	9.29	6.18	29.16	4.36	14.7	18.39	3.04	7.64	15.84	7.2	22.78	3.74	18.07
38.04	41.83	42.35	59.4	33.37	32.01	36.55	34.6	50.34	37.82	42.74	30.99	29.59	25.28	45.73	39.11	33.08	37.42	34.19	13.0	43.77	22.66	64.41	44.94
11.32	14.01	41.67	23.55	59.0	57.61	12.29	21.43	17.01	13.3	21.43	42.9	18.95	10.67	10.58	29.64	33.23	26.62	28.69	39.18	39.33	10.62	16.5	42.47
16.09	31.38	43.65	31.7	31.96	26.87	12.47	44.81	19.23	8.61	59.56	48.62	20.14	44.95	29.35	37.03	21.35	25.06	27.87	10.92	32.43	2.6	23.74	23.4
40.57	30.75	41.15	43.21	35.53	35.53	21.48	43.04	57.31	24.62	43.04	43.21	43.04	35.53	39.42	43.04	33.81	44.48	62.94	22.25	35.53	20.31	31.87	41.15
4.02	12.19	11.16	8.15	33.61	41.62	7.17	20.65	6.54	2.82	7.77	8.22	7.93	14.48	5.92	10.08	6.54	9.97	8.18	6.61	27.96	4.13	6.39	33.01
33.46	20.53	54.36	53.38	48.51	62.12	33.42	45.13	37.63	44.66	42.61	49.49	49.36	36.82	37.27	51.58	37.31	23.15	37.5	35.57	49.68	22.97	37.3	34.58
5.11	13.24	15.69	24.6	15.55	27.31	5.59	25.83	25.75	4.78	26.7	34.1	5.27	18.26	12.06	12.99	5.96	6.38	15.55	13.88	21.74	5.0	41.93	24.17
12.29	13.24	19.6	26.06	14.71	29.17	12.22	41.88	5.26	3.89	26.7	32.46	8.86	18.26	13.6	9.09	5.27	5.38	16.44	9.62	21.07	3.89	39.43	23.43
32.6	30.51	34.6	41.22	65.82	46.24	42.34	55.62	45.79	26.28	74.97	62.22	31.79	42.62	51.72	44.15	37.54	29.31	36.91	52.23	52.3	39.65	32.36	62.22
37.97	43.95	45.0	27.62	88.62	36.27	61.69	70.86	45.0	40.21	59.85	24.67	57.97	44.41	23.39	45.0	28.55	36.26	32.14	51.35	48.87	26.11	23.66	35.9
1.87	7.81	4.91	25.51	11.6	14.77	6.82	23.23	6.54	4.21	14.49	11.04	3.37	3.42	12.08	15.46	21.45	9.57	33.16	1.81	16.87	3.76	3.5	16.64
32.38	6.02	52.66	32.64	36.82	37.08	4.55	24.62	26.8	17.18	12.58	49.25	19.25	6.92	7.99	36.82	22.61	12.94	14.88	11.64	50.67	6.34	18.3	14.03
41.05	11.64	43.69	43.69	17.4	18.56	31.1	28.59	49.52	41.05	43.74	25.73	49.52	15.29	28.74	52.89	12.26	12.49	21.34	38.31	43.94	49.52	29.06	31.24
17.19	11.31	21.83	28.38	28.46	50.91	9.64	65.26	22.05	15.55	45.31	25.54	5.75	5.75	13.92	21.98	3.42	3.3	9.96	36.11	38.16	5.56	57.06	15.52
14.4	27.24	42.51	28.84	47.54	28.86	16.36	51.9	27.28	20.33	31.04	30.67	31.08	17.1	23.74	33.31	13.57	41.27	41.11	35.48	41.22	16.19	27.32	41.41
44.83	42.12	40.9	32.65	59.15	59.15	46.17	64.84	24.81	24.81	64.84	29.78	42.12	53.11	42.12	54.52	64.84	29.78	54.52	21.14	64.84	45.26	54.52	59.15
15.03	21.81	32.44	49.11	62.68	66.18	21.24	59.79	22.69	17.12	48.47	36.19	35.33	32.03	31.83	28.62	13.02	11.04	39.14	14.13	40.95	8.2	16.16	37.06
8.88	31.09	47.7	32.22	38.49	45.31	9.86	39.94	30.09	14.54	44.13	46.46	46.07	39.85	27.11	56.47	64.76	39.5	42.08	39.22	43.55	5.05	26.57	29.76
16.3	15.6	16.3	20.36	15.6	21.22	36.52	12.96	30.17	44.16	16.3	34.89	22.17	27.66	26.17	17.41	22.17	26.51	44.16	44.16	22.17	25.6	18.64	44.16
11.31	7.97	23.91	6.59	6.28	17.31	12.11	24.2	3.25	6.03	7.71	6.28	6.03	8.53	9.92	6.59	15.99	6.23	6.99	15.59	23.68	7.39	6.03	23.68
24.02	40.53	7.77	67.03	42.5	67.03	22.89	67.03	45.26	53.44	57.84	67.03	57.84	29.42	57.84	53.17	57.84	26.13	67.03	57.84	54.45	13.67	57.84	67.03
23.62	21.63	28.21	37.04	26.61	35.85	23.18	32.24	17.86	20.46	32.2	43.77	24.69	22.59	24.21	33.7	37.14	30.97	26.58	22.74	45.37	18.12	28.69	41.68
10.75	15.27	9.76	8.18	30.69	32.6	11.41	36.76	6.91	13.22	58.52	6.46	15.95	17.51	12.43	17.32	14.38	13.73	17.06	13.12	54.48	9.59	14.97	32.08
32.59	25.92	46.96	49.2	67.13	25.88	31.52	27.41	27.37	16.3	49.91	49.72	49.72	45.85	22.54	47.14	28.12	48.67	21.87	39.34	25.07	20.71	49.72	25.07
8.05	16.05	29.9	16.05	16.05	5.3	16.05	5.3	5.0	16.05	5.3	16.05	16.05	5.37	8.52	16.05	16.05	4.93	16.05	16.05	5.3	5.3	5.3	16.05
22.4	19.23	4.66	40.38	40.01	37.82	9.88	31.23	37.47	13.28	36.03	23.16	31.12	8.16	18.7	21.36	42.49	22.54	11.79	32.87	22.49	11.24	26.96	20.4
46.43	56.11	35.71	53.09	38.18	37.75	18.24	45.31	40.05	35.99	57.16	40.05	35.99	37.42	30.7	59.56	29.36	24.94	59.56	18.17	59.56	16.2	42.79	38.18
7.84	21.97	21.4	8.89	26.3	10.14	19.67	50.17	21.4	7.41	78.3	53.91	52.38	8.23	24.05	78.3	75.39	24.02	100.0	7.77	53.12	9.73	20.62	27.14
32.7	8.94	65.17	48.44	49.0	35.72	18.95	39.26	59.35	33.55	42.93	46.43	30.96	50.09	24.32	39.72	36.85	38.83	25.51	36.49	42.93	35.57	38.7	46.98
7.68	3.63	24.3	16.6	22.35	27.04	5.36	28.6	6.45	7.58	37.59	20.97	7.7	6.98	16.67	25.25	29.01	33.34	30.57	19.12	15.75	4.28	6.49	13.07
9.39	14.4	23.34	29.59	27.82	51.71	9.11	27.6	2.4	4.46	30.07	48.64	20.37	5.85	29.17	49.18	19.16	30.19	12.74	32.9	37.38	4.82	13.08	22.24
19.43	10.29	43.86	12.65	34.37	22.3	16.81	39.89	19.34	9.33	23.09	32.44	14.84	11.85	22.94	14.93	26.5	6.25	26.93	20.19	21.78	12.04	9.54	21.53
59.48	7.42	67.06	47.24	69.78	59.61	41.47	42.69	37.88	33.6	67.9	35.56	44.03	38.92	30.86	30.71	30.67	19.05	59.61	51.13	76.07	49.66	67.92	67.9
38.39	44.77	38.53	24.5	38.14	60.93	24.3	75.69	49.88	27.06	64.56	50.95	30.36	39.74	34.59	44.03	44.06	21.46	49.08	31.32	76.68	31.79	48.67	53.0
5.83	5.82	10.44	13.8	26.73	9.88	13.96	29.61	4.58	9.39	20.29	11.28	8.97	7.84	7.44	10.53	9.87	5.96	5.99	1.73	15.87	18.73	23.44	15.84
11.64	13.26	35.72	10.14	30.04	41.25	7.43	59.74	35.72	8.2	43.07	35.72	22.43	16.4	6.92	35.72	8.2	21.4	13.67	35.72	53.91	35.72	21.65	21.65
26.73	21.55	22.41	26.98	19.99	14.93	9.74	17.25	12.28	12.28	26.84	13.22	28.0	18.95	12.96	26.78	20.3	6.86	35.06	17.08	13.22	15.15	21.28	21.29
8.96	29.08	25.14	10.97	29.33	17.17	29.88	51.8	21.82	12.22	26.19	23.24	30.53	13.05	13.45	10.81	11.28	10.53	11.51	11.74	34.17	14.39	10.05	33.12
20.38	14.26	22.43	42.07	12.47	18.04	23.78	19.25	32.07	41.51	18.04	34.27	20.79	6.96	25.01	25.17	33.16	3.39	17.59	53.55	14.65	21.21	20.09	23.26
48.54	16.23	27.91	13.67	34.3	53.23	25.34	26.99	14.23	28.65	58.45	12.38	37.35	28.29	43.84	50.82	30.74	32.65	25.21	9.57	27.1	14.23	27.91	27.46
12.26	50.52	46.64	34.9	78.84	68.99	50.52	17.05	51.12	61.53	58.34	33.46	14.04	14.03	63.64	34.91	15.36	14.04	70.23	13.11	60.93	14.0	38.2	70.23
13.57	9.31	14.96	5.03	42.46	13.93	8.36	22.83	13.93	2.37	21.89	14.3	18.24	3.36	3.93	29.74	18.17	7.65	5.14	18.46	22.24	3.05	6.42	22.82
3.85	17.7	64.14	17.49	24.79	40.33	23.29	69.01	41.21	7.76	62.23	18.49	14.71	23.7	37.37	24.34	47.92	47.92	25.95	13.33	41.21	6.95	35.06	62.23
5.3	9.03	13.67	11.95	19.44	18.6	9.6	18.6	13.67	16.26	18.6	9.03	11.95	4.93	6.75	18.6	18.7	9.08	13.67	9.03	18.6	4.37	7.77	29.38
7.84	20.95	26.46	26.84	52.78	23.35	8.76	39.28	15.31	10.07	27.06	26.31	28.68	15.12	19.49	30.01	26.38	15.46	7.96	7.0	34.29	6.62	11.92	34.29
3.14	3.49	3.75	3.75	6.97	6.97	3.49	6.97	3.15	3.49	8.62	3.96	3.49	3.49	3.01	3.96	3.49	3.49	3.49	3.49	6.97	3.49	3.75	6.97
33.12	35.87	38.82	53.09	69.65	49.89	9.31	53.09	38.82	37.42	47.03	38.82	35.41	32.59	31.57	38.82	29.66	30.79	30.79	38.82	47.03	54.22	43.91	40.86
21.08	14.84	28.95	28.95	30.87	28.59	1.56	29.32	28.18	26.26	31.59	22.56	21.71	25.16	13.72	25.97	26.64	20.82	28.3	25.62	38.85	14.31	19.16	28.91
31.33	30.11	22.64	8.17	29.39	18.62	17.88	46.89	17.83	5.55	21.37	17.61	17.42	21.43	11.29	20.36	12.77	24.22	22.24	19.42	25.98	10.89	25.98	18.86
21.34	17.27	17.73	11.35	28.43	20.79	10.98	64.7	17.78	17.78	53.99	28.55	11.35	18.24	17.78	22.34	11.36	7.77	28.55	9.88	42.46	15.53	17.27	33.7
7.11	11.9	30.3	43.0	62.79	51.35	29.35	48.63	49.79	14.46	56.9	32.67	5.7	34.78	10.39	45.26	45.01	20.04	29.09	34.78	59.39	21.72	31.65	57.61
18.68	13.44	47.64	54.21	58.3	39.03	19.62	51.08	33.56	19.72	49.98	41.58	27.15	19.74	22.33	68.92	34.9	18.64	35.97	29.05	32.39	13.16	25.88	34.77
27.59	21.55	19.72	13.59	15.29	16.28	11.57	17.13	25.69	16.41	12.77	11.5	9.31	18.95	18.89	27.69	20.24	3.99	23.69	18.14	13.23	15.61	26.08	15.7
56.46	24.06	51.73	55.81	52.71	41.75	41.3	45.37	63.96	45.09	29.55	45.48	54.06	28.69	45.92	48.79	37.42	34.39	43.84	53.3	37.9	56.46	32.79	42.0
1.18	2.09	2.6	1.94	2.47	1.89	3.59	2.41	1.89	2.82	1.94	2.6	1.98	1.09	1.15	2.34	2.21	2.21	2.35	2.82	2.47	2.75	2.3	1.84
8.31	21.98	35.92	41.17	46.16	12.29	10.26	20.54	44.52	6.01	53.9	23.48	20.46	6.47	44.02	31.97	48.14	24.13	27.33	21.68	34.45	38.79	41.17	29.55
13.77	4.55	25.59	28.31	22.97	11.26	18.63	42.81	17.97	16.83	21.82	31.56	10.92	9.32	20.3	30.55	44.31	10.92	21.92	33.93	41.3	15.69	34.51	37.15
3.61	6.26	7.0	27.21	5.68	7.0	17.07	17.21	18.54	8.27	19.29	22.9	7.0	7.13	16.24	27.21	17.77	14.24	6.1	20.04	17.07	6.26	27.21	19.29
27.04	31.71	40.12	44.09	36.66	44.09	26.16	44.09	31.43	22.04	44.09	40.12	30.64	23.55	42.26	47.9	45.33	32.69	44.09	33.02	44.09	20.05	30.57	42.26
10.62	17.49	11.22	25.19	47.82	24.34	13.93	25.21	10.44	12.0	41.88	15.21	7.13	13.67	14.7	20.46	13.73	15.8	25.0	7.91	14.7	4.63	12.99	14.61
9.23	27.41	27.41	44.96	62.87	31.21	6.89	46.54	26.58	34.2	41.68	38.77	28.29	38.49	43.64	42.29	25.64	49.7	51.39	29.05	46.54	25.68	13.64	42.08
13.66	10.55	27.18	36.46	36.84	35.46	16.13	34.29	24.02	13.6	48.94	30.46	32.2	11.4	33.53	31.76	31.37	24.44	29.1	31.31	35.52	14.83	16.13	31.76
24.39	22.69	17.19	22.74	18.04	23.51	17.24	26.79	19.76	12.98	20.97	17.51	17.77	14.39	14.66	7.69	17.49	12.45	12.67	20.28	25.09	21.57	18.77	15.41
7.93	17.07	5.84	17.53	18.13	26.27	5.89	27.7	10.94	10.58	23.92	20.2	7.05	6.06	11.47	9.82	12.75	5.68	17.15	9.12	29.76	12.37	11.72	22.42
1.81	1.5	2.02	2.12	3.94	3.88	1.64	2.25	2.16	1.87	3.94	2.01	2.12	1.77	2.27	2.22	1.98	1.87	2.04	1.87	2.25	2.14	2.16	2.04
16.54	42.46	34.11	77.78	44.4	43.59	41.15	65.03	37.57	25.86	60.32	53.82	53.82	32.76	28.57	60.32	77.78	50.82	50.82	47.18	53.82	52.76	44.22	71.6
22.94	6.26	34.83	16.26	29.8	58.34	5.82	40.28	9.11	24.07	13.09	14.89	31.73	15.75	4.9	31.68	25.62	21.45	13.09	14.54	29.8	6.26	15.29	31.68
0.97	1.05	1.01	0.92	1.08	1.03	1.03	0.76	1.05	1.08	1.12	1.12	1.12	0.99	1.17	1.12	1.08	1.13	1.04	0.95	0.97	0.95	1.22	0.99
13.32	20.57	26.41	30.79	53.37	35.53	6.05	77.78	38.54	17.62	57.31	25.41	32.26	32.93	21.18	14.07	12.09	18.93	14.07	47.49	51.71	12.04	25.41	29.76
19.73	28.09	31.27	15.94	34.03	33.21	25.71	49.37	6.71	7.71	42.31	35.1	19.26	9.96	18.04	42.31	27.55	21.78	33.47	30.52	23.36	9.38	13.17	32.02
10.09	6.16	52.02	66.14	64.01	64.01	10.52	66.14	25.4	34.12	66.14	39.61	49.08	20.63	25.55	66.14	20.72	16.22	67.04	45.31	66.14	18.6	52.15	52.02
19.01	43.67	25.09	42.44	50.64	35.94	28.0	43.86	50.02	11.91	61.14	49.63	48.88	39.75	18.9	49.9	38.46	15.98	45.92	11.42	39.21	23.1	29.76	37.98
4.02	4.62	7.47	18.58	21.36	8.13	6.27	21.36	18.58	8.13	21.36	21.36	17.75	4.62	13.13	18.58	21.36	20.56	18.58	4.02	21.36	4.37	18.58	21.36
24.08	15.38	12.04	7.86	41.69	13.26	6.15	49.36	13.83	3.72	49.36	17.92	12.45	12.09	32.59	41.69	10.93	13.38	16.68	41.18	28.04	8.81	41.69	19.56
8.25	9.23	7.62	11.93	42.93	29.59	8.25	28.68	14.99	14.08	38.85	17.22	11.34	9.24	7.66	4.43	12.23	4.84	22.65	8.59	17.49	4.7	8.85	12.15
19.01	43.67	25.09	12.89	35.68	34.61	20.07	44.27	47.08	23.67	35.56	54.99	43.08	39.75	21.63	48.26	38.84	26.67	37.77	31.96	36.94	25.44	29.76	39.19
1.97	3.59	9.64	9.78	10.72	5.51	3.65	12.79	10.24	12.43	14.16	8.86	5.07	15.7	9.26	8.37	5.94	5.3	10.17	10.95	11.39	3.8	9.44	19.59
32.04	27.45	35.48	34.2	36.96	44.87	34.28	59.82	24.74	31.28	38.11	32.08	33.77	36.24	43.04	45.56	29.36	40.1	13.46	25.93	40.95	33.65	38.96	39.94
13.05	1.3	23.39	43.76	30.16	34.77	7.06	29.88	19.61	24.05	44.89	20.56	5.85	8.14	12.05	43.76	22.7	6.03	20.89	13.62	26.25	13.62	18.03	33.3
1.41	2.58	1.41	1.39	1.59	1.33	1.41	1.59	1.86	2.51	1.45	1.28	1.45	2.14	1.27	1.45	2.44	1.76	1.53	1.53	2.44	3.18	1.53	1.53
8.51	13.85	31.93	42.51	45.4	46.13	27.75	56.83	25.26	18.56	35.86	41.83	31.11	29.31	16.4	34.3	56.12	49.67	57.5	40.27	22.46	17.97	31.29	41.97
15.62	26.61	6.33	16.34	26.61	20.55	24.35	17.06	8.56	16.88	28.89	18.28	16.53	15.22	18.8	23.03	16.34	19.29	23.63	19.21	16.42	17.96	11.94	11.87
34.14	33.11	38.38	27.39	36.39	34.86	33.93	65.66	30.35	27.09	65.36	28.7	17.33	15.08	38.87	55.5	11.38	13.09	41.12	31.75	52.69	19.63	23.63	23.68
14.42	3.02	14.14	15.35	9.78	19.28	19.31	16.54	17.43	18.18	9.12	17.16	4.58	15.09	19.82	14.99	14.39	13.37	13.51	18.07	24.58	13.58	8.57	21.48
22.29	22.12	48.74	64.71	63.2	43.64	33.54	86.64	58.36	13.22	87.25	70.72	55.41	58.21	43.64	56.15	57.61	45.0	49.3	39.43	70.2	5.81	64.71	70.72
33.08	19.37	54.38	46.2	33.88	49.12	36.84	26.04	9.22	8.71	69.36	37.72	25.21	11.8	17.75	29.07	56.85	25.17	23.09	38.12	33.88	18.27	17.46	28.52
32.82	43.08	18.43	34.03	52.49	62.45	13.19	62.45	23.56	43.63	59.04	36.43	33.71	6.35	11.87	43.07	55.03	17.46	40.91	29.33	57.77	14.06	43.07	14.49
6.35	9.79	9.4	10.54	23.11	8.58	8.91	32.67	25.38	7.09	26.98	23.45	9.23	7.0	11.74	27.81	3.6	3.14	11.8	8.84	26.24	6.24	11.79	14.75
13.59	49.26	47.99	61.43	55.79	55.8	28.2	55.79	47.17	31.99	57.02	46.51	33.13	56.76	16.44	47.04	64.89	50.83	37.47	20.47	65.53	16.7	35.19	40.14
7.45	10.52	6.78	5.98	20.18	11.41	4.32	10.1	19.54	12.95	14.77	25.92	4.39	20.82	22.93	21.9	23.9	24.85	14.38	16.18	20.43	8.37	13.29	21.52
5.33	23.42	3.7	13.98	29.07	15.02	7.51	32.35	4.09	5.43	38.32	8.35	3.45	1.98	6.81	7.15	6.31	4.66	3.41	8.23	15.31	4.65	8.91	23.12
53.57	8.51	20.57	18.3	19.92	20.46	3.23	32.23	15.23	20.46	19.92	23.69	18.3	6.59	15.36	13.4	46.37	19.21	59.98	40.07	56.11	6.05	49.85	56.11
19.36	12.36	27.8	18.13	10.25	27.3	11.14	14.15	15.37	12.31	14.15	16.69	10.69	20.13	18.66	22.67	23.04	17.17	23.77	36.2	13.17	13.47	30.1	11.85
7.46	7.45	71.87	23.17	41.1	42.29	6.14	48.72	14.91	9.43	37.45	26.32	8.28	7.44	9.71	35.81	33.72	19.6	39.74	38.77	48.72	5.26	11.15	36.95
27.74	24.69	55.58	25.51	37.71	34.0	43.49	63.77	29.96	11.78	33.32	27.44	12.4	36.29	16.47	55.46	19.02	4.13	13.09	11.61	42.82	9.65	12.14	27.46
3.77	4.05	23.27	26.2	12.99	23.94	7.01	32.33	13.19	19.6	52.05	14.75	12.53	14.93	15.91	23.85	11.54	12.18	33.7	19.34	31.31	18.64	10.43	4.63
30.37	42.64	53.7	67.83	53.7	67.83	42.64	67.83	67.3	42.64	67.83	45.15	45.82	34.15	46.37	67.83	27.44	15.37	67.83	45.82	67.83	42.46	27.44	53.7
4.03	3.91	4.18	3.83	3.83	4.73	3.72	5.31	3.91	3.91	14.17	5.53	3.04	2.95	3.62	3.97	4.69	4.62	3.73	3.02	3.51	3.42	3.73	4.01
20.18	6.23	7.09	6.23	14.69	16.29	15.85	34.22	6.02	7.13	37.2	3.83	6.23	8.6	6.58	31.66	3.58	7.09	6.75	7.5	35.87	6.89	6.41	35.45
11.38	11.3	26.1	34.49	43.53	26.96	16.02	8.1	11.99	22.91	33.67	18.84	14.16	6.63	27.39	50.24	27.15	27.96	11.38	11.05	16.67	33.16	23.72	16.2
11.45	14.38	47.41	9.18	39.45	53.7	21.12	35.75	33.75	9.2	69.9	57.5	13.1	15.68	8.42	18.48	61.98	21.66	32.08	34.53	47.14	14.23	39.64	60.11
11.42	19.47	17.37	17.81	36.1	19.54	13.23	25.84	7.4	13.59	20.61	20.57	14.83	18.06	2.46	12.63	6.41	13.63	7.04	21.82	12.47	12.62	14.6	18.36
12.38	25.92	3.59	23.61	31.28	20.8	17.47	5.91	12.12	26.51	13.23	23.61	5.14	18.33	9.44	9.64	15.36	11.71	23.61	10.98	8.85	32.27	16.68	24.71
16.5	10.88	10.26	24.03	16.5	10.86	12.49	16.5	10.86	12.49	31.62	12.53	10.26	3.67	6.15	12.49	10.26	10.26	10.86	6.47	31.62	3.13	23.78	31.62
6.24	14.64	10.16	8.45	17.94	5.91	9.26	31.63	10.7	6.21	23.14	18.42	12.88	4.84	21.83	6.15	14.7	4.5	10.89	12.98	23.87	1.81	11.28	11.28
16.33	7.82	24.42	21.71	42.26	37.46	23.55	24.42	7.48	17.0	22.15	19.09	7.12	6.28	46.76	31.82	15.29	7.12	7.12	40.5	49.25	16.5	32.7	42.26
4.03	4.52	34.79	4.46	4.46	42.12	4.03	44.83	24.81	17.24	4.46	7.5	4.46	6.75	4.03	4.03	3.67	2.91	17.24	3.13	44.83	10.05	4.46	44.83
10.52	19.35	19.56	42.61	26.76	45.08	12.3	42.31	30.13	12.38	36.05	37.73	11.64	13.26	26.1	42.61	27.67	26.22	41.9	12.87	39.65	6.05	27.32	25.75
24.58	27.2	32.69	27.54	24.93	34.43	24.69	29.27	39.78	24.34	32.04	22.67	39.78	13.27	24.42	37.89	17.12	32.54	27.32	22.21	25.39	25.31	27.17	36.15
17.26	16.29	39.11	35.29	65.17	47.35	25.33	56.02	21.81	9.49	62.52	53.48	15.87	6.54	15.27	37.42	26.96	35.55	14.04	28.54	52.33	21.09	35.73	52.77
15.91	36.6	39.07	26.16	36.75	47.09	40.72	51.09	11.82	9.94	51.09	34.55	25.19	27.17	47.29	40.36	20.17	9.64	45.36	1.53	31.11	7.58	25.38	42.49
3.0	13.08	45.93	61.65	15.73	33.09	5.44	33.09	10.83	3.04	15.73	33.09	16.64	4.32	15.05	37.67	11.1	12.88	16.25	5.99	18.71	2.84	31.19	18.71
2.62	3.3	14.18	8.69	3.48	10.75	2.62	24.07	1.5	5.67	8.7	5.59	9.06	8.47	4.08	8.3	5.59	5.59	9.76	4.27	3.14	1.8	3.71	3.22
8.81	7.54	5.56	5.73	35.27	7.97	6.22	34.8	4.81	8.81	39.67	7.01	14.08	13.95	6.44	5.55	10.66	9.56	2.58	5.1	24.41	6.6	11.02	15.07
3.21	5.36	19.3	26.98	19.71	32.76	19.77	5.68	10.66	11.43	5.43	8.49	18.24	11.64	3.21	7.25	47.24	7.24	12.51	5.62	26.1	13.66	17.12	2.86
13.82	19.74	19.53	19.29	25.8	24.26	20.76	25.8	9.53	9.93	18.74	9.45	41.65	18.27	15.65	15.06	25.54	17.69	37.35	24.78	24.53	28.4	21.29	25.28
38.53	54.3	46.02	31.52	54.03	54.82	37.84	54.03	32.66	39.24	71.87	47.33	41.56	6.39	37.74	41.56	45.14	47.91	43.29	84.53	53.57	41.56	48.01	76.41
25.86	34.23	36.19	26.34	50.08	45.83	25.89	68.99	65.67	27.45	68.99	50.08	47.37	7.47	23.02	32.14	32.76	17.77	50.08	68.99	50.08	32.14	68.99	68.99
1.43	1.52	1.41	1.46	2.82	1.68	1.56	1.68	1.59	1.51	2.82	1.55	1.72	1.58	1.51	1.51	1.63	1.58	1.49	1.58	2.98	1.55	1.48	1.49
17.73	21.71	21.49	23.73	30.42	12.52	16.99	38.64	12.27	8.1	30.85	12.52	19.86	23.76	16.99	23.8	9.56	8.49	36.34	23.76	10.0	15.49	16.49	10.0
14.74	8.85	5.54	5.58	22.46	11.86	2.94	22.95	10.48	9.53	33.56	23.74	8.67	3.67	7.71	3.81	8.75	1.69	6.05	5.46	22.17	4.77	12.26	24.31
7.87	9.75	32.44	27.88	71.71	68.14	24.41	24.69	17.64	17.84	26.53	13.29	26.31	26.15	20.52	37.75	21.97	22.39	32.09	22.33	26.75	19.24	25.48	58.64
2.99	2.6	15.86	2.77	10.68	6.24	8.09	19.47	4.57	9.24	8.0	13.46	11.23	3.1	6.71	13.81	12.46	3.44	5.81	2.74	10.2	2.97	2.99	6.71
7.04	12.67	41.68	31.68	30.51	17.2	10.66	45.31	7.02	5.56	25.19	7.77	29.79	12.16	26.8	28.38	18.17	3.03	39.11	10.22	25.19	16.64	16.7	8.59
14.01	24.84	37.49	35.82	30.83	37.49	11.21	16.3	23.82	14.27	37.49	37.49	16.08	28.03	11.18	38.1	27.41	20.72	33.0	9.35	30.83	12.38	16.77	38.69
14.32	32.52	47.97	38.32	40.38	40.67	18.67	56.82	34.09	12.52	45.3	36.07	26.48	35.8	17.17	36.83	28.55	28.81	26.63	22.35	31.04	21.03	35.56	30.68
17.8	26.78	36.01	20.0	23.05	25.49	12.05	32.44	33.29	15.57	23.4	16.72	26.94	25.78	17.32	23.15	25.21	18.54	15.57	25.49	23.05	30.82	16.92	26.07
33.18	32.28	29.8	35.96	54.4	12.13	20.13	53.01	33.52	7.22	66.04	35.96	25.09	13.17	32.37	52.05	41.76	22.84	33.8	39.39	69.23	17.83	27.7	51.65
7.74	10.4	30.65	16.1	24.96	23.29	12.02	29.84	14.39	8.29	39.35	25.68	23.54	2.82	10.16	17.75	16.66	16.07	29.19	1.12	21.78	7.41	7.83	26.79
22.09	25.31	16.96	17.09	47.74	41.74	34.56	59.72	28.17	20.55	66.95	34.37	29.6	16.13	28.58	29.3	16.54	23.72	29.07	47.22	34.19	33.61	23.71	39.87
19.08	8.86	20.72	33.86	52.98	44.28	31.31	69.1	31.85	8.47	51.71	47.31	30.65	10.13	6.92	42.01	21.29	17.47	26.2	36.26	55.9	10.74	18.47	50.91
23.23	22.51	16.66	34.02	48.44	26.49	27.8	27.33	25.8	37.66	31.53	26.96	41.84	30.93	20.64	19.46	30.01	29.63	46.06	26.15	38.62	1.91	46.46	37.41
16.25	30.78	33.46	18.64	36.48	40.36	12.05	23.07	18.94	4.33	53.38	34.28	31.11	31.17	17.8	7.76	23.11	29.76	6.34	5.83	44.78	5.96	8.53	20.74
31.01	30.32	32.9	25.95	7.76	7.44	30.37	45.75	38.74	6.63	31.12	45.79	32.58	38.74	14.96	7.44	45.79	12.4	30.32	26.97	30.13	9.84	7.22	41.23
14.07	6.63	5.42	8.16	8.66	6.07	6.63	7.92	24.41	17.54	15.14	3.49	11.5	6.44	9.35	5.54	6.07	6.26	5.14	26.28	31.55	6.62	13.04	3.03
33.99	33.99	65.31	9.55	77.79	67.07	12.29	68.92	40.69	24.01	76.03	54.18	45.2	9.55	39.75	76.03	31.2	22.04	63.76	41.33	76.03	44.43	47.18	68.92
3.36	11.74	3.52	4.84	5.1	4.13	9.4	4.94	17.12	3.86	4.66	27.11	27.28	3.52	9.49	9.63	15.98	15.55	20.31	4.22	4.93	3.01	4.07	3.8
23.24	23.81	22.54	20.87	26.71	22.6	2.07	82.65	21.21	18.54	20.37	26.79	18.86	30.66	19.24	26.71	22.07	16.2	15.0	19.18	82.65	19.33	20.14	45.76
19.81	17.07	36.49	8.44	61.36	63.13	4.87	24.4	18.73	19.63	43.56	16.21	24.05	31.44	45.28	0.0	22.63	25.27	60.09	35.67	60.95	22.53	16.65	48.26
4.94	27.41	62.49	41.58	41.26	61.4	35.79	60.53	33.85	6.0	48.6	24.19	36.95	23.42	42.4	53.41	39.33	17.64	55.5	37.95	53.71	18.78	50.3	29.61
18.17	18.38	17.12	22.64	29.66	22.15	12.11	30.45	16.56	12.09	30.45	17.06	17.69	22.25	14.53	20.71	22.17	17.8	9.88	29.66	20.71	11.31	17.8	22.79
23.42	20.95	42.31	14.31	42.33	19.05	33.36	40.39	18.56	9.2	25.68	6.78	10.86	20.47	21.22	20.33	36.77	20.89	36.65	11.16	20.03	13.53	12.35	18.39
12.85	17.97	43.23	63.04	66.12	44.18	41.35	48.5	42.35	52.6	57.77	52.6	47.5	33.78	33.9	52.6	39.88	34.52	56.29	46.5	66.12	33.12	56.63	66.12
16.54	16.54	74.87	10.89	17.96	17.96	74.87	53.04	17.96	17.96	53.04	53.04	44.29	13.79	7.22	17.96	53.04	17.96	53.04	16.54	24.53	16.54	17.96	74.87
9.17	9.88	10.14	26.11	28.59	12.28	9.57	38.24	20.95	8.93	65.62	45.11	33.0	13.52	26.11	27.21	22.44	27.15	26.12	9.26	51.24	5.45	5.56	18.49
17.77	31.19	23.83	29.64	29.64	17.44	31.02	24.31	27.36	16.98	39.94	18.4	13.83	25.76	23.48	22.35	22.07	16.21	19.71	33.12	49.82	18.2	21.74	18.2
2.82	2.53	3.03	3.11	2.74	3.03	2.82	2.67	1.72	1.48	2.37	2.81	1.63	1.59	2.75	2.49	2.37	2.75	3.03	2.61	2.37	2.61	2.55	2.82
52.64	76.0	73.29	76.0	89.53	54.03	54.63	70.02	60.83	54.03	91.31	75.87	72.18	63.19	57.75	85.75	59.45	57.93	54.03	65.58	91.31	46.64	57.68	89.53
25.92	31.64	37.15	19.89	26.77	51.71	15.91	44.9	31.65	23.85	33.78	53.02	35.95	35.83	31.77	19.28	35.14	18.89	22.18	25.45	30.28	8.35	32.09	31.08
4.46	4.14	12.88	6.77	8.88	8.53	4.16	8.88	3.91	10.04	30.61	8.7	11.95	6.98	5.06	9.56	12.29	7.91	11.92	21.29	8.22	8.69	5.73	14.5
20.87	28.09	31.32	25.72	29.35	35.57	15.35	32.36	30.02	16.36	39.42	24.81	30.84	32.53	28.09	29.99	24.81	19.68	34.5	14.84	37.84	13.29	20.06	20.3
12.62	17.85	23.11	19.23	41.53	53.84	16.76	88.07	16.29	13.66	23.11	35.48	23.11	20.22	43.21	47.22	46.87	88.07	38.63	23.11	47.22	11.8	16.71	22.05
45.63	18.24	19.46	34.46	66.1	67.15	34.2	65.5	31.33	32.38	59.07	57.66	33.16	51.45	41.08	37.22	45.79	57.66	38.35	53.61	62.37	46.16	50.37	59.81
8.13	29.28	16.47	16.47	47.86	35.86	44.83	100.0	31.98	27.9	100.0	54.45	11.51	10.12	29.78	63.71	41.61	8.99	17.53	37.71	61.63	4.37	33.51	17.03
3.06	2.09	2.46	3.39	3.39	3.96	7.24	3.8	6.14	6.14	5.71	3.27	6.38	3.44	2.13	4.55	5.71	2.08	1.88	3.51	5.71	5.65	7.24	3.27
17.1	29.91	12.61	23.28	28.49	28.28	23.99	38.55	19.89	15.33	33.7	19.08	18.21	20.18	13.4	16.26	28.14	12.43	10.49	33.51	49.26	7.31	19.87	15.56
20.04	33.31	17.48	23.23	53.58	17.48	5.01	64.32	22.78	16.92	75.39	28.88	16.95	42.03	21.31	20.02	22.81	12.7	23.71	22.34	52.74	39.14	27.85	66.95
6.35	7.55	6.36	6.36	23.25	6.36	6.61	21.98	6.36	14.4	7.55	6.36	7.57	7.55	11.81	6.3	7.55	6.36	6.36	7.55	11.84	7.55	6.61	7.49
3.52	6.93	50.88	6.41	51.57	50.88	7.67	31.45	38.1	16.63	50.88	43.1	18.76	7.79	39.43	45.64	26.69	5.25	31.84	19.83	39.84	6.93	41.22	41.71
23.52	32.06	34.35	29.16	35.0	31.02	23.72	42.21	31.3	29.19	34.09	31.31	35.84	16.56	26.38	18.97	34.31	35.52	32.38	25.71	43.46	25.99	24.8	36.28
51.51	55.48	34.85	41.74	44.39	48.17	28.33	63.05	32.48	27.91	53.11	33.26	56.53	34.5	29.66	52.85	35.04	32.6	60.38	36.8	45.38	32.51	44.9	38.97
50.05	68.35	65.76	56.26	60.13	69.43	35.93	44.87	57.23	48.13	42.33	61.81	39.3	61.44	45.72	51.71	36.46	30.84	63.07	53.96	42.33	72.18	59.47	59.47
46.55	37.07	22.8	36.52	51.8	38.54	31.1	69.11	24.84	36.86	33.08	19.75	19.69	41.35	41.49	35.45	43.59	39.92	46.35	19.62	36.76	72.63	39.24	42.47
5.32	8.78	22.2	9.29	32.96	36.46	7.17	39.3	11.46	9.85	34.34	21.98	27.77	8.93	9.36	20.56	17.29	11.25	10.6	25.05	29.29	14.7	7.2	30.92
31.36	24.2	27.64	26.3	33.9	44.86	22.82	36.95	15.0	16.21	31.37	28.06	27.27	29.11	20.87	20.28	24.87	14.61	36.86	13.61	36.95	17.11	25.85	41.71
17.59	16.7	10.16	13.59	16.29	10.9	14.15	14.55	20.67	2.82	17.51	16.29	9.05	5.07	14.22	17.9	8.96	9.92	15.6	4.74	10.58	4.05	8.39	15.89
7.21	8.95	11.63	19.82	13.19	16.62	8.97	15.54	15.47	16.7	15.06	12.66	10.27	4.28	6.75	10.27	9.31	10.32	10.62	7.82	15.09	8.49	8.97	15.4
26.12	15.03	13.48	17.42	10.36	28.98	5.45	10.54	12.9	5.45	10.82	10.44	10.42	6.2	4.83	39.16	7.12	7.25	10.44	35.03	14.07	13.47	24.4	19.44
4.93	15.09	21.08	23.54	21.96	20.77	6.15	24.35	25.63	5.42	32.01	23.81	19.07	17.73	11.8	20.16	7.61	9.69	10.21	11.68	29.31	8.93	25.85	5.53
35.98	40.09	53.31	48.25	58.68	62.53	4.5	47.0	31.99	7.73	58.68	47.02	25.76	43.43	7.16	38.61	46.22	47.02	33.99	27.75	63.51	14.23	39.04	54.9
25.89	34.5	19.17	38.01	25.13	40.93	24.34	48.93	32.03	13.11	45.19	39.75	25.13	40.35	8.39	32.16	9.13	32.16	53.43	16.8	40.35	31.07	8.0	40.51
25.02	30.97	62.78	39.24	52.78	57.59	28.98	39.63	31.63	16.63	49.92	58.79	39.68	39.2	41.66	58.39	25.01	34.67	44.9	18.51	51.56	16.21	34.79	49.45
12.87	11.25	12.16	17.79	30.13	35.0	13.83	40.98	6.63	28.67	40.98	27.84	28.67	13.46	10.12	40.98	30.32	6.63	26.92	17.82	36.05	12.16	27.84	36.05
5.37	5.26	5.51	4.97	5.61	5.62	12.53	8.77	7.62	10.16	9.02	4.0	15.67	5.61	13.62	5.5	7.24	7.44	8.54	4.68	6.04	5.3	15.65	7.94
18.21	24.21	15.28	28.67	30.93	14.68	30.93	15.28	35.0	16.27	22.4	21.48	28.67	13.83	24.41	35.0	10.98	6.92	20.04	35.0	14.68	30.32	28.67	10.52
65.08	14.27	14.45	9.7	34.89	18.38	5.96	56.09	36.52	36.85	85.79	33.97	29.99	19.02	33.12	34.89	8.49	30.75	9.7	18.58	44.81	21.46	13.28	44.81
9.37	12.06	19.83	13.85	18.02	14.55	7.98	21.08	10.01	19.34	15.02	15.95	11.74	21.07	12.1	19.08	17.83	8.05	9.15	11.01	23.33	19.23	11.96	18.9
4.29	5.86	1.19	4.42	4.31	14.59	4.66	2.2	3.43	1.12	7.59	6.77	1.98	2.22	5.3	6.12	3.4	5.93	4.38	0.97	4.42	5.37	4.29	9.11
15.37	22.02	22.02	21.95	18.59	6.83	3.99	27.97	9.83	21.95	19.57	22.02	16.46	19.57	17.02	19.65	25.01	10.73	21.46	17.65	22.02	21.95	27.97	10.69
29.6	30.45	23.12	9.05	38.27	34.18	24.08	29.82	21.18	20.63	24.58	24.29	31.34	12.84	4.53	13.87	15.83	10.07	30.59	31.87	37.52	18.02	33.27	30.65
7.44	5.79	14.47	15.3	7.65	15.6	14.89	6.47	6.89	6.98	15.6	21.28	7.95	3.57	2.18	6.39	10.23	7.66	7.03	6.88	5.61	8.19	7.04	13.67
0.96	1.02	2.37	1.12	1.46	1.12	1.24	1.2	2.22	2.22	1.12	1.26	1.19	1.48	1.26	2.35	1.14	1.22	1.33	1.24	2.22	1.84	2.28	1.37
22.18	20.04	21.14	26.46	27.87	32.16	8.29	21.34	12.49	22.25	23.36	18.65	26.58	16.21	8.1	27.52	23.8	26.79	34.83	17.02	34.53	3.18	7.98	34.3
10.52	19.35	12.45	42.61	26.76	35.0	2.52	35.0	12.98	11.11	58.31	27.67	14.63	13.26	31.18	27.67	27.67	6.99	15.72	23.51	35.0	14.87	30.28	46.83
4.73	2.78	4.81	27.83	10.83	10.18	1.39	28.27	8.85	12.43	27.89	46.9	6.71	5.82	21.06	12.88	8.1	10.16	7.42	28.68	33.35	5.32	11.19	16.86
34.67	34.67	27.95	25.86	29.79	32.18	5.6	39.2	23.39	32.59	34.68	27.53	22.54	19.76	24.11	27.52	34.67	6.03	20.33	24.01	34.68	16.59	35.54	27.53
6.32	10.58	24.82	14.13	20.42	13.12	13.53	36.66	19.77	11.57	32.53	12.41	9.49	15.72	8.78	17.16	10.9	12.01	12.16	22.87	12.67	11.66	28.39	21.49
13.83	19.19	20.77	21.53	24.45	13.62	29.87	46.77	15.05	4.63	47.9	19.57	29.51	26.03	39.42	15.94	18.24	26.45	25.31	12.5	38.44	12.51	15.91	38.44
12.05	11.72	23.52	29.68	22.35	24.95	17.4	28.6	12.51	17.32	23.93	31.22	14.11	13.8	18.76	13.63	30.13	19.81	24.41	19.43	19.0	13.25	18.13	19.0
1.4	1.92	1.48	2.0	1.79	1.65	2.92	2.0	2.04	1.96	1.7	1.64	2.96	1.88	2.44	2.96	1.7	1.96	1.82	2.25	2.08	2.04	1.7	1.82
8.2	13.79	42.12	59.15	16.26	7.19	24.71	22.72	21.59	15.86	43.53	32.52	15.73	42.12	50.32	7.35	42.12	62.63	7.77	7.77	20.45	4.62	15.73	42.12
8.06	7.44	39.52	39.14	68.22	54.69	6.98	68.22	28.16	6.0	79.56	51.36	16.54	26.7	24.49	30.17	40.56	22.29	41.26	29.85	65.71	5.78	16.21	68.22
11.69	3.85	4.8	13.21	31.52	24.99	12.11	23.39	10.15	3.17	35.34	10.15	10.27	3.03	9.34	17.05	6.39	14.93	18.98	12.18	28.39	6.67	15.68	14.4
14.59	4.92	20.01	20.26	19.02	23.55	3.81	15.54	2.79	9.89	10.33	18.5	9.61	16.23	7.3	12.98	9.17	9.15	7.76	8.2	10.21	3.3	3.11	10.33
4.14	12.58	7.21	11.31	6.61	32.38	27.67	26.8	57.04	4.66	30.28	32.38	8.89	6.44	21.26	14.88	42.65	50.32	33.38	28.5	14.03	32.38	32.38	28.67
6.53	15.98	10.36	8.08	31.29	6.88	12.17	21.39	6.53	5.56	13.08	24.49	11.53	18.26	11.17	5.98	10.42	10.4	11.44	11.33	28.13	10.98	9.48	18.99
27.18	11.08	8.93	10.64	4.45	4.45	6.59	18.16	20.9	18.04	24.49	29.73	8.54	24.21	24.61	35.36	30.97	12.17	32.63	26.18	4.41	17.77	16.64	30.1
17.8	7.41	13.36	14.35	17.57	15.39	6.2	19.08	15.05	15.35	17.19	32.19	5.17	3.68	9.15	27.07	19.65	10.54	32.09	7.34	33.37	12.31	6.23	23.4
2.74	3.04	16.53	21.32	4.1	3.58	2.38	3.82	7.35	4.5	27.74	11.3	2.84	4.98	9.72	8.14	5.05	2.47	12.14	2.88	7.06	2.86	2.68	12.35
32.03	28.11	38.04	39.4	32.21	32.66	8.79	38.32	38.81	9.91	31.27	38.08	33.06	27.33	34.89	34.07	36.32	36.64	26.24	29.57	44.63	28.14	33.06	31.33
7.39	15.68	14.56	7.09	14.54	27.25	6.99	26.12	16.17	15.56	27.25	13.6	2.23	17.58	8.88	25.73	14.52	12.91	8.38	9.79	13.73	9.13	19.31	15.88
13.57	12.85	24.1	12.99	13.16	30.42	18.95	44.48	20.3	19.96	36.45	31.65	27.88	7.07	32.2	17.66	40.03	11.71	31.39	15.89	25.28	9.7	10.52	17.4
11.03	12.8	14.55	12.76	11.46	16.75	9.85	9.88	7.92	8.0	19.02	13.18	3.06	2.3	24.83	20.63	12.55	14.86	11.31	9.22	26.94	10.68	14.56	11.56
7.37	5.42	11.5	8.13	6.6	9.0	2.95	14.5	8.67	18.83	11.26	6.41	2.98	4.96	31.25	4.96	4.87	4.96	5.06	7.37	11.26	2.95	11.5	8.13
6.44	1.87	6.88	18.69	23.58	16.14	11.52	26.38	10.15	6.14	27.11	6.17	1.89	16.85	5.23	23.98	4.34	13.9	13.98	4.09	24.43	1.94	5.61	16.17
4.95	5.99	6.04	7.64	16.1	9.19	4.26	10.66	3.01	4.57	12.03	9.55	6.37	6.47	3.68	3.4	6.51	3.75	8.29	5.07	10.28	4.52	6.47	13.19
5.29	2.9	4.99	6.68	11.23	6.68	3.14	10.87	6.58	3.34	10.87	6.68	5.62	4.78	3.34	5.37	11.23	3.14	6.42	5.08	30.41	2.97	5.29	11.23
5.66	4.67	3.56	3.56	0.0	3.56	78.61	89.32	3.56	35.08	89.32	7.13	89.32	9.44	78.61	7.13	78.61	59.0	78.61	88.01	0.0	39.94	78.61	3.56
2.14	6.99	3.44	1.22	8.71	4.6	2.74	3.96	1.33	1.7	2.48	3.77	2.44	10.6	1.27	2.55	4.03	6.87	1.82	3.44	2.51	1.27	3.07	3.01
13.96	13.16	13.32	26.57	15.6	26.11	14.62	26.06	24.67	24.49	41.98	28.55	21.38	22.8	22.56	14.39	5.74	24.18	12.97	12.25	33.17	5.6	14.74	18.08
6.66	8.04	12.43	3.4	13.47	22.27	7.9	25.24	14.7	8.68	23.36	13.86	17.95	11.99	10.34	19.31	9.73	12.26	12.52	21.9	25.55	9.63	13.36	25.12
6.8	7.65	46.92	14.43	46.4	41.57	19.37	63.63	10.66	4.53	42.12	36.03	18.41	29.23	7.43	17.98	12.84	10.34	32.39	42.94	45.37	6.46	30.73	9.67
4.04	4.18	4.74	2.67	13.77	12.66	4.02	7.11	4.49	2.87	13.53	3.58	3.83	12.53	2.61	6.41	4.18	4.46	4.49	4.6	16.08	4.18	5.27	9.46
39.28	14.78	100.0	100.0	27.59	100.0	27.59	100.0	100.0	27.59	100.0	27.59	27.59	27.59	27.59	100.0	9.91	27.59	100.0	27.59	70.71	45.94	27.59	27.59
14.58	5.52	27.79	8.25	20.32	17.84	9.65	17.91	9.88	17.58	36.56	17.36	11.68	10.86	18.26	10.4	10.62	18.28	16.81	17.16	27.68	5.04	12.43	24.8
16.08	18.25	20.18	4.79	20.81	36.86	24.74	39.13	23.03	12.55	18.31	20.06	4.47	4.95	19.47	24.44	16.42	22.36	13.34	25.7	23.18	11.24	31.72	15.22
17.57	30.62	20.02	14.71	39.92	30.46	16.95	10.48	23.03	9.39	26.57	23.74	21.75	14.03	6.55	30.62	13.22	9.26	29.51	3.43	28.12	29.9	31.31	30.95
29.75	27.09	24.71	34.11	32.11	34.11	8.24	53.92	27.09	5.39	32.11	22.7	12.91	5.14	27.2	29.65	26.63	21.71	26.63	29.65	34.11	8.69	16.56	16.37
0.88	0.89	0.86	0.82	0.88	0.88	0.91	0.91	0.88	0.94	0.84	0.85	0.94	0.86	0.86	0.94	0.82	0.95	0.84	0.82	0.88	1.0	1.0	0.86
32.67	24.6	31.74	24.07	20.8	19.57	19.55	36.62	19.22	7.17	15.32	20.78	20.32	19.57	39.94	28.21	19.5	4.3	14.01	13.75	20.8	14.99	27.58	20.48
3.24	6.36	7.46	5.36	6.06	10.93	11.92	6.6	5.22	11.28	11.37	10.82	6.63	5.28	4.26	11.22	10.3	5.01	7.0	11.21	10.56	4.12	11.74	10.68
23.83	23.83	18.0	37.71	24.4	23.83	23.83	19.45	19.45	23.83	19.45	19.45	13.4	20.04	8.45	23.83	19.45	24.4	23.83	32.41	19.45	18.95	31.65	12.07
21.98	22.13	51.02	40.29	49.59	46.84	22.77	54.9	41.49	16.56	54.12	58.1	24.67	11.86	8.9	25.38	31.55	7.13	43.53	29.88	54.81	43.02	41.49	41.03
29.5	42.03	26.28	23.11	65.78	68.99	17.01	56.24	10.83	20.75	66.95	36.03	21.99	28.17	8.19	26.7	16.95	5.55	9.57	37.77	62.7	21.98	25.44	40.26
19.5	2.71	22.25	11.7	17.73	29.26	2.44	36.37	8.81	16.2	29.26	11.36	21.98	16.02	4.51	5.66	5.88	21.15	21.31	2.56	21.36	5.9	5.54	10.57
10.29	14.61	25.17	23.48	22.08	25.3	3.97	20.87	21.38	23.76	27.29	22.51	14.71	2.35	7.18	16.43	16.17	22.15	27.73	16.28	21.7	25.07	20.67	23.02
12.29	26.53	13.5	11.11	34.63	26.02	5.89	36.06	11.27	5.73	32.62	41.23	12.29	12.01	16.05	29.88	28.06	15.99	18.13	45.83	36.19	10.45	16.05	19.66
10.05	17.69	15.84	22.54	32.38	40.02	19.56	18.92	29.76	22.41	42.61	21.31	15.84	12.67	25.35	34.79	22.61	7.44	49.85	26.52	65.55	6.23	26.8	41.12
5.52	8.21	5.22	5.14	12.5	5.22	4.74	11.43	5.19	5.22	11.55	4.91	5.22	7.15	4.98	4.88	10.5	4.49	11.29	4.4	14.37	16.85	13.67	4.33
15.31	48.86	40.18	40.18	31.13	15.31	34.39	15.47	42.5	34.39	23.4	15.31	23.9	20.27	14.46	40.18	39.01	22.24	40.18	14.25	9.1	16.26	42.5	40.18
7.44	5.79	14.47	2.32	7.13	6.31	6.31	17.8	2.25	6.99	14.15	17.93	7.95	3.57	2.25	6.39	5.98	5.73	15.58	8.54	13.67	6.55	7.61	2.0
15.07	19.16	18.51	9.08	25.14	17.35	11.62	25.75	7.81	15.8	16.82	20.36	26.4	10.53	19.45	26.4	22.25	7.64	11.96	18.05	25.75	21.83	25.05	16.64
12.4	16.34	26.0	23.71	23.04	18.77	7.74	48.09	13.93	16.21	55.1	13.02	46.31	18.55	20.95	22.12	19.25	18.38	15.78	11.01	26.8	10.56	17.03	19.14
28.59	13.53	41.05	8.51	49.25	46.84	19.89	57.66	39.04	39.04	58.82	28.59	33.88	8.32	30.8	52.71	53.06	39.04	45.37	31.64	58.82	23.68	9.14	51.92
16.4	5.61	28.61	13.62	31.48	21.69	5.12	23.03	25.24	17.16	28.22	25.23	32.69	23.98	23.16	28.03	32.14	21.18	23.96	26.73	32.72	20.61	33.26	31.52
14.61	17.94	26.18	32.33	42.85	27.64	32.77	47.61	11.17	20.16	50.13	13.05	33.84	17.94	17.66	17.39	22.79	8.16	11.41	21.63	59.35	11.61	19.25	47.54
7.61	5.82	23.98	16.85	24.94	33.92	24.94	18.94	24.94	25.53	33.92	26.36	24.94	3.47	12.98	24.94	11.46	27.4	23.98	24.94	18.94	11.31	16.85	17.46
11.6	11.77	14.16	13.82	26.96	12.64	5.64	12.49	12.5	11.75	7.19	9.41	11.99	17.59	12.06	14.0	14.13	13.65	14.15	29.18	12.03	11.61	13.83	10.07
20.52	38.99	61.28	35.53	50.86	81.54	12.52	64.23	59.98	38.07	64.23	64.23	41.43	59.98	29.72	64.23	59.98	18.96	49.36	21.45	64.23	18.0	41.41	64.23
19.99	27.68	32.33	25.68	51.03	41.23	35.38	53.12	31.4	32.33	53.12	40.57	32.33	27.79	25.68	25.68	32.33	26.06	34.19	26.59	52.32	14.48	44.76	37.5
23.38	23.4	36.97	21.18	28.06	25.25	20.47	28.06	23.38	23.38	33.37	27.95	23.4	13.21	51.1	26.34	27.95	27.95	23.38	28.06	15.18	13.22	27.95	27.95
9.16	21.8	38.96	22.32	36.57	26.39	22.29	42.61	4.87	13.15	49.66	38.96	26.23	12.93	10.08	15.89	36.57	25.58	29.06	36.57	43.32	9.55	26.23	14.1
1.64	6.8	1.7	3.65	3.06	1.59	2.36	1.79	3.8	1.76	3.36	1.79	1.58	4.34	1.82	2.33	1.59	1.53	1.63	2.04	2.0	2.32	3.96	1.79
5.14	8.13	36.29	26.82	27.29	18.98	21.04	26.69	9.85	16.84	37.6	19.86	15.33	31.35	15.82	17.24	18.04	16.43	11.03	11.11	41.54	5.27	18.58	30.59
11.57	17.9	14.48	18.29	20.14	16.37	14.11	21.98	23.77	8.77	19.86	24.12	15.59	14.14	13.29	13.3	9.99	5.32	16.73	16.83	20.23	6.65	23.35	14.29
21.0	21.66	50.28	27.46	58.16	57.96	22.04	73.29	17.06	7.24	65.81	65.81	15.32	27.4	25.83	37.84	21.28	21.31	27.72	28.5	76.37	13.86	35.57	67.74
13.2	15.57	16.32	15.93	20.8	16.72	17.13	16.72	21.85	18.56	20.8	16.72	13.98	12.41	17.14	21.31	16.7	15.89	21.31	19.84	20.31	10.25	17.59	20.31
50.35	42.84	39.49	39.58	46.89	54.01	26.08	61.28	17.92	33.52	46.89	39.58	39.58	23.7	17.98	23.7	17.92	42.84	39.58	34.63	39.58	26.08	50.62	39.58
21.26	25.34	27.67	28.5	7.25	19.72	26.97	16.47	12.19	26.64	50.39	28.5	28.6	12.16	21.95	26.64	28.72	12.6	27.89	58.28	31.12	26.01	21.02	8.62
49.86	25.14	29.11	29.11	22.21	45.67	30.11	48.73	59.17	14.69	56.85	64.86	38.77	35.2	37.84	36.91	37.91	37.55	37.74	26.68	82.8	11.32	11.69	68.16
2.07	2.44	11.86	2.22	1.82	1.82	2.83	2.57	1.98	2.33	1.69	1.83	2.33	2.57	2.33	2.57	2.27	1.76	2.57	1.79	1.82	2.44	2.52	2.17
51.29	55.19	33.49	20.09	38.48	53.89	18.22	44.89	13.47	28.51	42.58	31.27	52.66	9.65	10.25	22.79	50.39	19.85	41.31	40.68	55.99	10.05	24.29	47.44
8.3	5.84	8.65	8.3	44.63	33.51	5.32	12.46	7.82	5.18	47.62	17.01	4.24	5.61	7.06	16.57	5.75	7.99	15.27	4.55	49.76	5.08	5.38	46.38
30.78	17.02	41.62	12.21	14.56	41.71	11.47	12.21	29.06	10.34	12.21	41.71	9.62	14.23	28.98	24.77	22.79	14.56	14.56	27.09	29.58	24.07	10.9	29.58
4.28	4.0	12.64	5.73	10.1	9.4	3.67	4.76	3.04	3.67	4.56	8.86	2.98	4.37	3.52	10.1	8.68	3.09	5.92	10.95	9.6	3.92	10.83	10.23
13.85	22.12	5.18	19.36	30.02	25.22	7.83	27.89	26.23	25.74	21.43	20.02	7.1	26.17	19.85	21.72	18.21	15.1	11.06	6.06	35.49	7.67	21.5	15.73
8.51	8.89	20.29	11.57	10.59	9.83	9.13	11.46	15.51	8.52	9.89	10.77	10.24	9.17	16.95	13.01	19.6	18.71	10.77	11.86	11.64	8.14	9.77	9.72
38.25	40.08	54.25	60.31	43.52	41.07	37.68	50.19	38.74	21.72	61.61	55.25	37.63	43.46	19.72	42.08	25.02	43.73	40.95	35.86	58.87	39.17	40.79	46.45
23.49	28.23	27.45	21.39	21.89	20.21	15.69	23.77	22.76	20.77	39.05	27.45	16.37	22.75	12.33	15.05	24.64	24.03	21.92	29.75	29.06	22.27	15.48	11.69
28.73	25.71	25.38	23.94	27.8	35.31	23.93	37.87	21.73	13.25	39.61	40.67	17.84	23.85	16.07	28.88	32.84	16.76	27.36	27.71	35.07	33.37	27.29	28.64
33.65	31.28	32.2	38.76	44.12	39.62	28.51	38.76	30.66	31.87	38.76	31.03	31.37	31.82	23.83	32.2	41.29	27.72	31.37	38.28	57.07	32.18	35.14	53.23
10.87	10.15	16.82	24.47	10.71	11.23	14.47	26.46	3.22	15.34	29.88	16.82	16.82	43.11	17.25	16.82	16.99	34.36	7.45	35.41	29.88	49.5	24.47	24.47
