Tiny Aya Global,GPT OSS 20B,UvA-MT,Qingqiu-MT-9B,Dubformer,DeepSeek V4 Pro,CUNI-EdUKate,Qwen 3.6 - 27b,Gemini 3.1 Pro,Ministral 3 - 14B,GoogleTranslate,Tower 9B,Mistral Medium 3.5,Command A+,Cohere CAT+,GPT OSS 120B,Qwen 3.5 - 9b,Gemma 4 - 4B,CUNI-MH-v3,TRIVE,SalamandraTA,GPT 5.5,Gemma 4 - 31B,GLM 4 - 9B
,,,,,,,,,,,,,,,,,,,,,,,
,,,,,,,,,,,,,,,,,,,,,,,
,,,,,,,,,,,,,,,,,,,,,,,
,,,,,,,,,,,,,,,,,,,,,,,
[],[],[],[],[],[],[],[],[],[],[],[],[],[],[],[],[],[],[],[],[],[],[],[]
,,,,,,,,,,,,,,,,,,,,,,,
,,,,,,,,,,,,,,,,,,,,,,,
,,,,,,,,,,,,,,,,,,,,,,,
['Rechtsmittelverzicht'],['Rechtsmittelverzicht'],['Rechtsmittelverzicht'],['Rechtsmittelverzicht'],['Rechtsmittelverzicht'],['Rechtsmittelverzicht'],[],['Rechtsmittelverzicht'],[],['Rechtsmittelverzicht'],[],[],['Rechtsmittelverzicht'],['Rechtsmittelverzicht'],['Rechtsmittelverzicht'],['Rechtsmittelverzicht'],[],[],[],['Rechtsmittelverzicht'],['Rechtsmittelverzicht'],['Rechtsmittelverzicht'],['Rechtsmittelverzicht'],[]
[],[],[],[],[],[],[],[],[],['Fürsprecher'],[],[],[],[],[],[],[],[],[],[],[],[],[],[]
['Anwalt'],[],[],[],[],[],['Anwalt'],[],[],[],['Anwalt'],[],[],[],[],[],[],[],['Anwalt'],[],[],[],[],['Anwalt']
[],['subjektiv Klagehäufung'],[],['subjektiv Klagehäufung'],[],[],[],[],[],[],[],[],[],[],[],[],['subjektiv Klagehäufung'],[],[],[],[],[],[],[]
[],[],[],[],[],[],[],[],[],[],[],[],[],[],[],[],[],['Ausserkraftsetzung'],[],[],['Ausserkraftsetzung'],[],[],[]
[],[],[],[],[],[],[],[],[],[],[],[],[],[],[],[],[],[],[],[],[],[],[],[]
[],[],[],['Parteibeitritt'],['Parteibeitritt'],[],[],['Parteibeitritt'],['Parteibeitritt'],[],[],[],['Parteibeitritt'],['Parteibeitritt'],['Parteibeitritt'],[],['Parteibeitritt'],['Parteibeitritt'],[],[],['Parteibeitritt'],['Parteibeitritt'],['Parteibeitritt'],[]
,,,,,,,,,,,,,,,,,,,,,,,
,,,,,,,,,,,,,,,,,,,,,,,
,,,,,,,,,,,,,,,,,,,,,,,
[],[],[],[],[],[],[],[],[],[],[],[],[],[],[],[],[],[],[],[],[],[],[],[]
[],[],[],[],[],[],[],[],[],[],[],[],[],[],[],[],[],['Rechtsbegehren'],[],[],[],[],['Rechtsbegehren'],[]
['Realrecht'],[],[],['Sachenrecht'],[],[],[],[],[],['Sachenrecht'],[],['Realrecht'],[],[],['Realrecht'],[],[],['Realrecht'],[],[],[],[],[],[]
[],[],[],[],[],[],[],[],[],[],[],[],[],[],[],[],[],[],[],[],[],[],[],[]
,,,,,,,,,,,,,,,,,,,,,,,
,,,,,,,,,,,,,,,,,,,,,,,
[],['Strassenmeister'],[],[],[],[],[],[],[],['Strassenmeister'],[],[],['Strassenmeister'],[],[],[],[],[],[],[],[],[],[],[]
['Sozialarbeiter'],['Sozialarbeiter'],['Sozialarbeiter'],['Sozialarbeiter'],['Sozialarbeiter'],[],['Sozialarbeiter'],['Sozialarbeiter'],[],['Sozialarbeiter'],['Sozialarbeiter'],['Sozialarbeiter'],['Sozialarbeiter'],['Sozialarbeiter'],['Sozialarbeiter'],['Sozialarbeiter'],['Sozialarbeiter'],['Sozialarbeiter'],['Sozialarbeiter'],[],['Sozialarbeiter'],[],['Sozialarbeiter'],[]
[],[],[],['Kommunikationsplaner'],[],[],[],[],[],[],[],[],[],[],[],[],[],[],[],[],[],[],[],[]
,,,,,,,,,,,,,,,,,,,,,,,
[],[],[],[],[],[],[],[],[],[],[],[],[],[],[],[],[],[],[],[],[],[],['Disziplinarmassnahme'],[]
[],[],[],[],[],[],[],[],[],[],[],[],[],[],[],[],[],[],[],[],[],[],[],[]
,,,,,,,,,,,,,,,,,,,,,,,
[],[],[],['Einheitsgemeinde'],[],[],[],[],[],[],[],[],[],[],['Einheitsgemeinde'],[],[],[],[],[],[],[],[],[]
[],[],[],[],[],[],[],[],[],[],[],[],[],[],[],[],[],[],[],[],[],[],[],[]
[],[],[],[],[],[],[],[],[],['Gemeindeammann'],[],[],[],[],[],[],[],[],[],[],[],[],[],[]
['Gemeindeexekutive'],['Gemeindeexekutive'],[],['Gemeinderat'],[],[],['Gemeinderat'],['Gemeindeexekutive'],[],[],['Gemeinderat'],[],[],[],['Gemeindeexekutive'],['Gemeindeexekutive'],['Gemeindeexekutive'],['Gemeinderat'],[],[],['Gemeindeexekutive'],[],['Gemeindeexekutive'],[]
,,,,,,,,,,,,,,,,,,,,,,,
,,,,,,,,,,,,,,,,,,,,,,,
,,,,,,,,,,,,,,,,,,,,,,,
,,,,,,,,,,,,,,,,,,,,,,,
,,,,,,,,,,,,,,,,,,,,,,,
[],['Departement'],['Departement'],['Departement'],[],[],[],[],[],[],[],[],[],[],[],[],[],[],[],[],['Departement'],[],[],[]
[],[],[],[],[],[],[],[],[],[],[],[],[],[],['Kapitalanteil'],[],[],[],[],[],[],[],[],[]
[],['Bürgschaftsvertrag'],['Bürgschaftsvertrag'],['Bürgschaftsvertrag'],['Bürgschaftsvertrag'],['Bürgschaftsvertrag'],[],[],['Bürgschaftsvertrag'],[],['Bürgschaftsvertrag'],[],[],['Bürgschaftsvertrag'],['Bürgschaftsvertrag'],['Bürgschaftsvertrag'],['Bürgschaftsvertrag'],['Bürgschaftsvertrag'],[],['Bürgschaftsvertrag'],['Bürgschaftsvertrag'],[],[],['Bürgschaftsvertrag']
[],[],['Vorstandsmitglied'],['Vorstandsmitglied'],[],[],[],['Mitglied der Vorstand'],[],[],[],[],['Vorstandsmitglied'],[],['Vorstandsmitglied'],[],['Vorstandsmitglied'],['Vorstandsmitglied'],[],[],['Vorstandsmitglied'],[],[],[]
[],[],['Mitglied der Vorstand'],[],[],[],[],[],[],[],[],[],[],['Vorstandsmitglied'],['Vorstandsmitglied'],[],[],[],[],[],[],[],[],[]
['Mitglied der Vorstand'],[],['Vorstandsmitglied'],['Vorstandsmitglied'],[],[],[],['Mitglied der Vorstand'],[],[],[],['Mitglied der Vorstand'],['Mitglied der Vorstand'],[],['Vorstandsmitglied'],['Vorstandsmitglied'],[],['Mitglied der Vorstand'],[],[],['Mitglied der Vorstand'],[],[],[]
['Prokurist'],[],[],['Prokurist'],[],['Prokurist'],[],[],[],['Prokurist'],[],[],['Prokurist'],['Prokurist'],['Prokurist'],[],[],[],[],[],['Prokurist'],[],['Prokurist'],[]
[],[],[],['Erfolgsrechnung'],[],[],[],[],[],[],[],['Erfolgsrechnung'],[],[],[],[],[],['Erfolgsrechnung'],[],[],[],[],[],[]
[],[],[],[],[],[],[],[],[],['Erfolgsrechnung'],[],[],[],[],[],[],['Erfolgsrechnung'],[],[],[],[],[],[],[]
,,,,,,,,,,,,,,,,,,,,,,,
,,,,,,,,,,,,,,,,,,,,,,,
,,,,,,,,,,,,,,,,,,,,,,,
,,,,,,,,,,,,,,,,,,,,,,,
,,,,,,,,,,,,,,,,,,,,,,,
,,,,,,,,,,,,,,,,,,,,,,,
[],[],[],['verwaltungsrechtliche Sanktion'],[],[],[],[],[],[],[],[],[],[],['verwaltungsrechtliche Sanktion'],[],['verwaltungsrechtlich Sanktion'],['verwaltungsrechtliche Sanktion'],[],[],[],[],[],['verwaltungsrechtliche Sanktion']
[],[],['selbst bewirtschaftend Kleinlandwirt'],[],['selbst bewirtschaftend Kleinlandwirt'],[],[],[],[],[],[],['selbst bewirtschaftend Kleinlandwirt'],['selbst bewirtschaftend Kleinlandwirt'],['selbst bewirtschaftend Kleinlandwirt'],[],[],[],[],[],[],[],[],[],[]
,,,,,,,,,,,,,,,,,,,,,,,
,,,,,,,,,,,,,,,,,,,,,,,
,,,,,,,,,,,,,,,,,,,,,,,
,,,,,,,,,,,,,,,,,,,,,,,
,,,,,,,,,,,,,,,,,,,,,,,
[],['Rechtsverordnung'],['Rechtsverordnung'],['Rechtsverordnung'],[],[],[],['Rechtsverordnung'],[],[],[],['Rechtsverordnung'],[],[],['Rechtsverordnung'],[],['Rechtsverordnung'],['Rechtsverordnung'],[],[],[],[],[],[]
,,,,,,,,,,,,,,,,,,,,,,,
[],['Raiffeisenbank'],[],['Raiffeisenbank'],[],[],[],[],[],[],[],['Raiffeisenbank'],['Raiffeisenbank'],['Raiffeisenbank'],['Raiffeisenbank'],['Raiffeisenbank'],['Raiffeisenbank'],[],[],[],['Raiffeisenbank'],[],[],[]
,,,,,,,,,,,,,,,,,,,,,,,
,,,,,,,,,,,,,,,,,,,,,,,
[],[],[],['Arbeitsentgelt'],['Arbeitsentgelt'],['Entgelt'],[],['Arbeitsentgelt'],[],[],[],['Arbeitsentgelt'],[],['Arbeitsentgelt'],['Arbeitsentgelt'],['Entgelt'],[],['Arbeitsentgelt'],[],[],['Arbeitsentgelt'],[],[],['Arbeitsentgelt']
[],[],[],['Arbeitsentgelt'],['Entgelt'],[],[],[],[],[],[],[],['Arbeitsentgelt'],[],['Entgelt'],[],['Entgelt'],['Arbeitsentgelt'],[],[],['Entgelt'],[],[],[]
,,,,,,,,,,,,,,,,,,,,,,,
,,,,,,,,,,,,,,,,,,,,,,,
,,,,,,,,,,,,,,,,,,,,,,,
,,,,,,,,,,,,,,,,,,,,,,,
,,,,,,,,,,,,,,,,,,,,,,,
,,,,,,,,,,,,,,,,,,,,,,,
['Unfallversicherung'],[],[],['Unfallversicherung'],[],['Unfallversicherung'],[],['Unfallversicherung'],[],['Unfallversicherung'],[],['Unfallversicherung'],[],['Unfallversicherung'],['Unfallversicherung'],[],[],['Unfallversicherung'],[],[],['Unfallversicherung'],[],[],['Unfallversicherung']
['Wohnsitz'],[],['Wohnsitz'],['Wohnsitz'],['Wohnsitz'],['Wohnsitz'],['Wohnsitz'],['Wohnsitz'],['Wohnsitz'],['Wohnsitz'],['Wohnsitz'],['Wohnsitz'],['Wohnsitz'],['Wohnsitz'],['Wohnsitz'],['Wohnsitz'],['Wohnsitz'],['Wohnsitz'],['Wohnsitz'],[],['Wohnsitz'],['Wohnsitz'],['Wohnsitz'],['Wohnsitz']
[],['staatenlos Person'],['staatenlos Person'],['staatenlos Person'],[],[],[],['staatenlos Person'],[],['staatenlos Person'],[],['staatenlos Person'],[],['staatenlos Person'],[],[],[],[],[],['staatenlos Person'],[],[],[],['staatenlos Person']
"['Staatsangehörigkeit', 'Staatsangehörigkeit', 'Staatsangehörigkeit']","['Staatsangehörigkeit', 'Staatsangehörigkeit', 'Staatsangehörigkeit']","['Staatsangehörigkeit', 'Staatsangehörigkeit', 'Staatsangehörigkeit']",['Staatsangehörigkeit'],"['Staatsangehörigkeit', 'Staatsangehörigkeit', 'Staatsangehörigkeit']",[],[],"['Staatsangehörigkeit', 'Staatsangehörigkeit', 'Staatsangehörigkeit']",[],"['Staatsangehörigkeit', 'Staatsangehörigkeit', 'Staatsangehörigkeit']",[],"['Staatsangehörigkeit', 'Staatsangehörigkeit', 'Staatsangehörigkeit']","['Staatsangehörigkeit', 'Staatsangehörigkeit']",[],"['Staatsangehörigkeit', 'Staatsangehörigkeit', 'Staatsangehörigkeit']","['Staatsangehörigkeit', 'Staatsangehörigkeit', 'Staatsangehörigkeit']","['Staatsangehörigkeit', 'Staatsangehörigkeit', 'Staatsangehörigkeit']","['Staatsangehörigkeit', 'Staatsangehörigkeit', 'Staatsangehörigkeit']",[],[],"['Staatsangehörigkeit', 'Staatsangehörigkeit']",[],"['Staatsangehörigkeit', 'Staatsangehörigkeit', 'Staatsangehörigkeit']","['Staatsangehörigkeit', 'Staatsangehörigkeit']"
,,,,,,,,,,,,,,,,,,,,,,,
[],"['elterlich Sorge', 'elterlich Sorge']","['elterlich Sorge', 'elterlich Sorge']","['elterlich Sorge', 'elterlich Sorge']","['elterlich Sorge', 'elterlich Sorge']",[],[],"['elterlich Sorge', 'elterlich Sorge']",[],"['elterlich Sorge', 'elterlich Sorge']",[],"['elterlich Sorge', 'elterlich Sorge']","['elterlich Sorge', 'elterlich Sorge']","['elterlich Sorge', 'elterlich Sorge']","['elterlich Sorge', 'elterlich Sorge']","['elterlich Sorge', 'elterlich Sorge']","['elterlich Sorge', 'elterlich Sorge']","['elterlich Sorge', 'elterlich Sorge']",['elterlich Sorge'],"['elterlich Sorge', 'elterlich Sorge']","['elterlich Sorge', 'elterlich Sorge']",[],"['elterlich Sorge', 'elterlich Sorge']","['elterlich Sorge', 'elterlich Sorge']"
[],['Kindesverhältnis'],['Kindesverhältnis'],[],['Kindesverhältnis'],['Kindesverhältnis'],[],['Kindesverhältnis'],[],['Kindesverhältnis'],[],['Kindesverhältnis'],[],[],[],['Kindesverhältnis'],[],[],[],[],[],[],[],[]
[],['Rechtsnorm'],['Rechtsnorm'],['Rechtsnorm'],['Rechtsnorm'],['Rechtsnorm'],[],['Rechtsnorm'],['Rechtsnorm'],['Rechtsnorm'],[],['Rechtsnorm'],['Rechtsnorm'],['Rechtsnorm'],['Rechtsnorm'],['Rechtsnorm'],['Rechtsnorm'],[],['Rechtsnorm'],['Rechtsnorm'],[],['Rechtsnorm'],[],['Rechtsnorm']
['Rechtsnorm'],['Rechtsnorm'],['Rechtsnorm'],['Rechtsnorm'],['Rechtsnorm'],['Rechtsnorm'],[],['Rechtsnorm'],['Rechtsnorm'],[],[],[],['Rechtsnorm'],['Rechtsnorm'],['Rechtsnorm'],['Rechtsnorm'],['Rechtsnorm'],[],[],['Rechtsnorm'],['Rechtsnorm'],[],[],[]
,,,,,,,,,,,,,,,,,,,,,,,
[],"['Getrenntleben', 'Getrenntleben', 'Getrenntleben', 'Getrenntleben']",[],[],[],[],[],[],[],[],[],[],[],[],[],[],[],[],[],[],[],"['Trennung von Tisch und Bett', 'Trennung von Tisch und Bett', 'Trennung von Tisch und Bett', 'Trennung von Tisch und Bett']",[],[]
['personenrechtlich Beziehung'],[],[],[],[],['personenrechtlich Beziehung'],[],['personenrechtlich Beziehung'],[],[],[],['personenrechtlich Beziehung'],['personenrechtlich Beziehung'],['personenrechtlich Beziehung'],[],[],[],[],[],[],[],['personenrechtlich Beziehung'],[],[]
,,,,,,,,,,,,,,,,,,,,,,,
['Kindesschutz'],[],[],[],['Kindesschutz'],[],[],[],[],"['Kindesschutz', 'Kindesschutz']",[],['Kindesschutz'],[],[],[],['Kindesschutz'],[],[],[],[],[],[],['Kindesschutz'],['Kindesschutz']
,,,,,,,,,,,,,,,,,,,,,,,
[],[],[],['Primarschule'],[],[],[],['Primarschule'],[],[],[],['Primarschule'],[],['Primarschule'],[],['Primarschule'],['Primarschule'],['Primarschule'],[],[],[],[],['Primarschule'],['Primarschule']
,,,,,,,,,,,,,,,,,,,,,,,
[],[],[],[],[],[],[],[],[],[],[],[],[],[],[],[],[],[],[],[],[],[],[],['amtlicher Verteidiger']
[],[],[],[],[],[],[],[],[],[],[],['Experte'],[],[],[],[],[],[],[],[],[],[],[],[]
['Experte'],['Experte'],['Experte'],['Experte'],['Experte'],['Experte'],['Experte'],[],['Experte'],['Experte'],['Experte'],[],['Experte'],['Experte'],['Experte'],['Experte'],[],['Experte'],['Experte'],['Experte'],[],[],['Experte'],['Experte']
[],['Zivilkläger'],[],[],[],[],[],[],[],[],[],[],[],[],[],[],[],[],[],[],[],[],[],[]
,,,,,,,,,,,,,,,,,,,,,,,
,,,,,,,,,,,,,,,,,,,,,,,
['Pass'],[],[],[],[],[],[],[],[],[],[],['Pass'],[],['Pass'],[],[],[],[],['Pass'],[],[],[],[],[]
[],[],[],[],[],[],[],[],[],['Angeschuldigter'],[],[],[],[],[],[],[],[],[],[],[],[],[],[]
['Festnahme'],['Festnahme'],['Festnahme'],['Festnahme'],[],['Festnahme'],['Festnahme'],['Festnahme'],['Festnahme'],['Festnahme'],['Festnahme'],['Festnahme'],['Festnahme'],['Festnahme'],['Festnahme'],[],['Festnahme'],['Festnahme'],['Festnahme'],['Festnahme'],['Festnahme'],['Festnahme'],['Festnahme'],['Festnahme']
['Nachlass'],[],['Nachlass'],['Nachlass'],[],[],[],[],[],[],[],[],['Nachlass'],['Nachlass'],['Nachlass'],['Nachlass'],['Nachlass'],['Nachlass'],[],[],[],[],[],[]
[],['Nachlass'],['Nachlass'],['Nachlass'],[],[],[],[],[],['Nachlass'],[],['Nachlass'],[],['Nachlass'],['Nachlass'],[],['Nachlass'],[],[],[],[],[],[],[]
[],[],[],['Noterbe'],['Noterbe'],[],[],['Noterbe'],[],[],[],['Noterbe'],[],['Noterbe'],['pflichtteilsberechtigt Erbe'],[],['Noterbe'],['pflichtteilsberechtigt Erbe'],[],[],[],[],[],[]
,,,,,,,,,,,,,,,,,,,,,,,
,,,,,,,,,,,,,,,,,,,,,,,
[],[],[],[],[],[],[],[],[],[],[],[],[],[],[],[],[],[],[],[],[],[],[],[]
[],['Zentralstrafregister'],[],[],[],[],[],['Zentralstrafregister'],[],[],[],[],[],[],[],[],[],[],[],[],[],[],[],['Zentralstrafregister']
[],['Personsdurchsuchung'],[],['Personsdurchsuchung'],[],[],[],['Personsdurchsuchung'],['Personsdurchsuchung'],[],[],[],[],[],['Personsdurchsuchung'],[],[],[],[],[],[],['Personsdurchsuchung'],[],[]
[],['Personsdurchsuchung'],['Personsdurchsuchung'],[],[],[],[],[],['Personsdurchsuchung'],[],[],[],[],[],[],[],[],[],[],[],[],['Personsdurchsuchung'],[],[]
,,,,,,,,,,,,,,,,,,,,,,,
,,,,,,,,,,,,,,,,,,,,,,,
[],[],[],[],[],[],[],[],[],['letzwillige Verfügung'],[],[],[],[],[],[],[],[],[],[],[],[],[],[]
[],[],[],[],[],[],[],['Legat'],[],[],[],['Legat'],[],['Legat'],[],[],[],[],[],[],['Legat'],[],[],[]
,,,,,,,,,,,,,,,,,,,,,,,
,,,,,,,,,,,,,,,,,,,,,,,
[],[],[],[],[],[],[],['Fahrnis'],[],[],[],[],['Fahrnis'],['Fahrnis'],['Fahrnis'],['Fahrnis'],[],[],[],[],[],['Fahrnis'],[],[]
[],['Sachgesamtheit'],['Sachgesamtheit'],[],['Sachgesamtheit'],['Sachgesamtheit'],[],['Sachgesamtheit'],['Sachgesamtheit'],['Sachgesamtheit'],[],[],['Sachgesamtheit'],['Sachgesamtheit'],['Sachgesamtheit'],[],['Sachgesamtheit'],['Sachgesamtheit'],[],['Sachgesamtheit'],[],['Sachgesamtheit'],[],[]
,,,,,,,,,,,,,,,,,,,,,,,
[],[],[],['zivil Früchte'],[],[],[],[],[],[],[],['zivil Früchte'],[],[],[],[],['zivil Früchte'],[],[],[],['zivil Früchte'],[],[],[]
,,,,,,,,,,,,,,,,,,,,,,,
['Trennung'],[],[],[],[],[],[],[],[],[],['Trennung'],[],[],[],[],[],[],['Trennung'],['Trennung'],[],['Trennung'],[],[],[]
,,,,,,,,,,,,,,,,,,,,,,,
,,,,,,,,,,,,,,,,,,,,,,,
[],[],['unveräusserlich'],[],[],[],[],[],[],[],[],[],[],[],[],[],[],[],[],[],[],[],[],[]
[],['Requisition'],['Requisition'],['Requisition'],['Requisition'],['Requisition'],[],[],['Requisition'],['Requisition'],[],[],[],['Requisition'],['Requisition'],[],['Requisition'],['Requisition'],[],['Requisition'],['Requisition'],['Requisition'],['Requisition'],[]
,,,,,,,,,,,,,,,,,,,,,,,
,,,,,,,,,,,,,,,,,,,,,,,
,,,,,,,,,,,,,,,,,,,,,,,
,,,,,,,,,,,,,,,,,,,,,,,
[],[],[],[],[],[],[],[],[],['Prädialservitut'],[],[],['Prädialservitut'],[],[],[],[],[],[],[],[],[],[],[]
[],['Prädialservitut'],[],[],[],[],[],[],[],['Prädialservitut'],[],[],[],[],['Prädialservitut'],[],[],[],[],[],[],[],[],[]
['Bauzone'],[],[],[],[],[],[],[],[],[],[],[],[],['Bauzone'],[],[],[],['Bauzone'],[],[],[],[],[],[]
[],[],[],[],[],[],[],[],[],[],[],[],[],[],[],[],[],[],[],[],[],[],[],[]
[],[],[],[],[],[],[],[],[],[],[],[],[],['Bauzone'],[],['Bauzone'],[],[],[],[],['Bauzone'],[],['Bauzone'],[]
[],[],[],['Innehabender'],[],[],[],[],[],[],[],[],[],[],"['Innehabender', 'Innehabender']",[],['Innehabender'],['Innehabender'],[],[],[],[],[],[]
[],['Akzession'],[],[],['Akzession'],[],[],[],[],['Akzession'],[],[],['Akzession'],['Akzession'],[],['Akzession'],['Akzession'],[],[],[],['Akzession'],[],[],[]
[],"['Baurecht', 'Baurecht']",[],[],['Baurecht'],['Baurecht'],[],"['Baurecht', 'Baurecht']","['Baurecht', 'Baurecht']",[],[],[],[],[],[],[],[],"['Baurecht', 'Baurecht']",[],"['Baurecht', 'Baurecht']",[],"['Baurecht', 'Baurecht']",[],[]
['Baurecht'],[],['Baurecht'],['Baurecht'],['Baurecht'],['Baurecht'],[],['Baurecht'],['Baurecht'],[],[],[],[],['Baurecht'],[],[],[],[],[],['Baurecht'],[],['Baurecht'],['Baurecht'],[]
,,,,,,,,,,,,,,,,,,,,,,,
,,,,,,,,,,,,,,,,,,,,,,,
[],[],[],['Anmassung'],[],[],[],[],[],[],[],[],[],[],[],[],['Anmassung'],[],[],[],[],[],[],[]
[],[],[],[],[],[],[],[],[],[],[],[],[],[],[],[],[],[],[],[],[],[],[],[]
[],['belastet Grundstück'],[],[],[],[],[],['belastet Grundstück'],[],[],[],[],[],[],[],['belastet Grundstück'],[],[],[],[],[],[],[],[]
['Konfusion'],['Konfusion'],[],['Konfusion'],['Konfusion'],['Konfusion'],[],['Konfusion'],[],['Konfusion'],[],[],['Konfusion'],['Konfusion'],['Konfusion'],['Konfusion'],['Konfusion'],['Konfusion'],[],[],['Konfusion'],['Konfusion'],['Konfusion'],[]
,,,,,,,,,,,,,,,,,,,,,,,
,,,,,,,,,,,,,,,,,,,,,,,
,,,,,,,,,,,,,,,,,,,,,,,
[],[],[],[],[],[],[],[],[],[],[],['Stockwerkeigentum'],[],[],[],[],[],['Stockwerkeigentum'],[],[],['Stockwerkeigentum'],[],['Stockwerkeigentum'],[]
,,,,,,,,,,,,,,,,,,,,,,,
,,,,,,,,,,,,,,,,,,,,,,,
['Zivilstandsbeamter'],[],[],[],[],[],[],['Zivilstandsbeamter'],[],['Zivilstandsbeamter'],[],[],['Zivilstandsbeamter'],[],[],[],[],[],[],[],[],[],[],[]
[],[],[],['Aussöhnung'],[],[],[],[],[],[],[],[],[],[],[],[],[],[],[],[],['Aussöhnung'],[],[],['Aussöhnung']
[],[],[],['Trennung im gegenseitigen Einvernehmen'],[],['Trennung im gegenseitigen Einvernehmen'],[],[],[],[],[],[],[],['Trennung im gegenseitigen Einvernehmen'],['Trennung im gegenseitigen Einvernehmen'],[],['Trennung im gegenseitigen Einvernehmen'],[],[],[],['Trennung im gegenseitigen Einvernehmen'],[],['Trennung im gegenseitigen Einvernehmen'],['trennung im gegenseitigen Einvernehmen']
[],['Gewahrsam'],['Gewahrsam'],['Gewahrsam'],[],['Gewahrsam'],[],['Gewahrsam'],[],['Gewahrsam'],[],['Gewahrsam'],['Gewahrsam'],[],[],['Gewahrsam'],[],['Gewahrsam'],[],[],['Gewahrsam'],[],['Gewahrsam'],[]
[],['gutgläubig Besitz'],['gutgläubig Besitz'],[],['gutgläubig Besitz'],['gutgläubig Besitz'],[],['gutgläubig Besitz'],[],[],['gutgläubig Besitz'],['gutgläubig Besitz'],[],[],['gutgläubig Besitz'],['gutgläubig Besitz'],[],['gutgläubig Besitz'],[],['gutgläubig Besitz'],['gutgläubig Besitz'],['gutgläubig Besitz'],['gutgläubig Besitz'],[]
[],[],[],[],['Klage aus Besitzesentziehung'],[],[],[],[],[],[],[],[],['Klage aus Besitzesentziehung'],[],[],['Klage aus Besitzesentziehung'],['Klage aus Besitzesentziehung'],[],[],['Klage aus Besitzesentziehung'],[],[],[]
[],[],[],[],[],[],[],[],[],[],[],[],[],[],[],[],['Klage aus Besitzesstörung'],[],[],[],[],[],[],[]
['Heiratsgut'],[],['Ausstattung'],['Heiratsgut'],['Heiratsgut'],['Heiratsgut'],[],[],['Heiratsgut'],['Ausstattung'],[],[],[],[],[],[],['Heiratsgut'],[],[],['Heiratsgut'],[],['Heiratsgut'],[],[]
[],[],[],[],[],[],[],[],[],[],[],[],[],[],[],[],[],[],[],[],[],[],[],[]
['Familienbetrieb'],[],['Familienbetrieb'],['Familienbetrieb'],['Familienbetrieb'],['Familienbetrieb'],[],['Familienbetrieb'],['Familienbetrieb'],['Familienbetrieb'],['Familienbetrieb'],['Familienbetrieb'],[],['Familienbetrieb'],['Familienbetrieb'],['Familienbetrieb'],['Familienbetrieb'],['Familienbetrieb'],[],['Familienbetrieb'],['Familienbetrieb'],[],['Familienbetrieb'],['Familienbetrieb']
[],[],[],[],[],['Unterhaltsanspruch'],[],['Unterhaltsanspruch'],[],['Unterhaltsanspruch'],[],['Unterhaltsanspruch'],['Unterhaltsanspruch'],[],[],['Unterhaltsanspruch'],[],['Unterhaltsanspruch'],[],[],[],[],['Unterhaltsanspruch'],['Unterhaltsanspruch']
[],[],[],[],[],[],[],['Unterhaltsanspruch'],[],[],[],['Unterhaltsanspruch'],[],[],[],['Unterhaltsanspruch'],[],['Unterhaltsanspruch'],[],[],[],[],['Unterhaltsanspruch'],[]
,,,,,,,,,,,,,,,,,,,,,,,
[],[],[],[],[],[],[],[],[],['Genusschuld'],[],[],[],[],[],[],[],[],[],[],[],[],[],[]
[],['Erfüllung durch Dritte'],['Erfüllung durch Dritte'],[],['Erfüllung durch Dritte'],[],[],[],[],[],[],[],[],[],[],['Erfüllung durch Dritte'],[],[],[],[],[],[],[],['Erfüllung durch Dritte']
,,,,,,,,,,,,,,,,,,,,,,,
,,,,,,,,,,,,,,,,,,,,,,,
,,,,,,,,,,,,,,,,,,,,,,,
[],[],[],['Verwarnung'],[],[],[],['Verwarnung'],[],[],['Verwarnung'],[],['Verwarnung'],[],[],[],[],[],[],[],[],[],['Verwarnung'],[]
,,,,,,,,,,,,,,,,,,,,,,,
[],['Vaterschaftsanfechtung'],['Vaterschaftsanfechtung'],['Vaterschaftsanfechtung'],['Vaterschaftsanfechtung'],['Vaterschaftsanfechtung'],[],['Vaterschaftsanfechtung'],[],[],[],['Vaterschaftsanfechtung'],[],['Vaterschaftsanfechtung'],['Vaterschaftsanfechtung'],['Vaterschaftsanfechtung'],[],['Vaterschaftsanfechtung'],[],[],['Vaterschaftsanfechtung'],[],['Vaterschaftsanfechtung'],['Vaterschaftsanfechtung']
,,,,,,,,,,,,,,,,,,,,,,,
[],[],[],[],['Klage auf Anfechtung der Vaterschaft'],[],[],['Klage auf Anfechtung der Vaterschaft'],[],['Klage auf Anfechtung der Vaterschaft'],[],['Klage auf Anfechtung der Vaterschaft'],[],[],[],[],['Klage auf Anfechtung der Vaterschaft'],[],[],[],[],[],[],['Klage auf Anfechtung der Vaterschaft']
[],[],[],['Richtplan'],[],[],[],[],[],[],[],['Richtplan'],[],[],[],[],[],['Richtplan'],[],[],[],[],[],[]
,,,,,,,,,,,,,,,,,,,,,,,
,,,,,,,,,,,,,,,,,,,,,,,
[],[],[],[],[],[],[],[],[],[],[],[],[],[],[],[],[],[],[],[],[],[],[],[]
,,,,,,,,,,,,,,,,,,,,,,,
,,,,,,,,,,,,,,,,,,,,,,,
[],[],[],[],[],[],[],[],[],[],[],[],[],[],[],['Fahrnispfandrecht'],[],[],[],[],[],[],[],[]
[],[],[],['Fahrnispfandrecht'],[],[],[],[],['Fahrnispfandrecht'],[],[],[],[],[],[],[],[],[],[],[],[],[],[],[]
,,,,,,,,,,,,,,,,,,,,,,,
,,,,,,,,,,,,,,,,,,,,,,,
,,,,,,,,,,,,,,,,,,,,,,,
['Darleiher'],[],[],[],[],[],[],[],['Darleiher'],['Darleiher'],[],[],[],[],[],[],[],[],[],[],[],[],[],[]
[],[],[],[],[],[],[],[],[],[],[],[],[],[],[],[],[],[],[],[],[],[],[],[]
,,,,,,,,,,,,,,,,,,,,,,,
[],[],[],['Realoblation'],[],[],[],['Realoblation'],[],[],[],[],[],[],['Realoblation'],[],['Realoblation'],[],[],[],[],[],[],[]
[],['Mahnung'],[],[],['Mahnung'],['Mahnung'],[],[],[],['Mahnung'],[],[],['Mahnung'],[],[],[],[],['Mahnung'],[],[],['Mahnung'],[],['Mahnung'],[]
[],[],[],[],['Verbindlichkeit zu einem Tun'],[],[],[],[],[],[],[],['Verbindlichkeit zu einem Tun'],[],[],[],[],[],[],[],[],[],[],[]
,,,,,,,,,,,,,,,,,,,,,,,
['lucrum cessans'],[],[],[],[],[],['lucrum cessans'],[],[],[],['lucrum cessans'],[],[],[],[],[],[],[],[],[],[],[],[],[]
[],[],[],[],['fahrlässiges Handeln'],[],[],['fahrlässiges Handeln'],[],['fahrlässiges Handeln'],['fahrlässig handeln'],[],[],['fahrlässiges Handeln'],[],[],[],[],[],[],[],['fahrlässiges Handeln'],['fahrlässiges Handeln'],[]
[],[],[],['fahrlässig Handeln'],[],[],[],[],[],[],[],[],[],[],[],['fahrlässiges Handeln'],['fahrlässig handeln'],[],[],[],[],['fahrlässiges Handeln'],[],[]
,,,,,,,,,,,,,,,,,,,,,,,
['Novation'],['Novation'],[],['Novation'],['Novation'],['Novation'],['Novation'],['Novation'],[],['Novation'],['Novation'],['Novation'],[],['Novation'],['Novation'],['Novation'],['Novation'],['Novation'],['Novation'],[],[],[],[],['Novation']
['Kompensation'],[],[],[],[],[],[],[],[],[],[],['Kompensation'],[],[],['Kompensation'],[],[],['Kompensation'],[],[],[],[],[],['Kompensation']
,,,,,,,,,,,,,,,,,,,,,,,
,,,,,,,,,,,,,,,,,,,,,,,
[],[],[],[],[],[],[],['Unmöglichwerden'],[],[],[],['Unmöglichwerden'],[],[],[],[],[],[],[],[],[],[],[],[]
[],[],[],[],[],[],[],[],[],[],[],[],[],[],[],[],[],[],[],[],[],[],[],[]
['Handlungsbevollmächtigter'],['Handlungsbevollmächtigter'],['Handlungsbevollmächtigter'],['Handlungsbevollmächtigter'],['Handlungsbevollmächtigter'],['Handlungsbevollmächtigter'],[],['Handlungsbevollmächtigter'],[],['Handlungsbevollmächtigter'],[],['Handlungsbevollmächtigter'],['Handlungsbevollmächtigter'],['Handlungsbevollmächtigter'],['Handlungsbevollmächtigter'],['Handlungsbevollmächtigter'],['Handlungsbevollmächtigter'],[],[],[],"['Handlungsbevollmächtigter', 'Handlungsbevollmächtigter']",['Handlungsbevollmächtigter'],['Handlungsbevollmächtigter'],['Handlungsbevollmächtigter']
,,,,,,,,,,,,,,,,,,,,,,,
['Bösgläubigkeit'],[],['Bösgläubigkeit'],['Bösgläubigkeit'],['Bösgläubigkeit'],['Bösgläubigkeit'],[],['Bösgläubigkeit'],['Bösgläubigkeit'],['Bösgläubigkeit'],[],['Bösgläubigkeit'],['Bösgläubigkeit'],['Bösgläubigkeit'],['Bösgläubigkeit'],['Bösgläubigkeit'],[],['Bösgläubigkeit'],[],['Bösgläubigkeit'],[],['Bösgläubigkeit'],['Bösgläubigkeit'],[]
,,,,,,,,,,,,,,,,,,,,,,,
,,,,,,,,,,,,,,,,,,,,,,,
,,,,,,,,,,,,,,,,,,,,,,,
[],['Annehmender'],['Annehmender'],['Annehmender'],['Annehmender'],['Annehmender'],[],[],['Annehmender'],['Annehmender'],[],['Annehmender'],['Annehmender'],['Annehmender'],['Annehmender'],[],['Annehmender'],['Annehmender'],[],['Annehmender'],['Annehmender'],['Annehmender'],[],[]
[],[],[],[],[],[],[],[],[],[],[],[],[],[],[],[],[],[],[],[],[],[],[],[]
[],['Einrede'],['Einrede'],['Einrede'],['Einrede'],[],[],['Einrede'],['Einrede'],['Einrede'],[],['Einrede'],['Einrede'],['Einrede'],['Einrede'],['Einrede'],['Einrede'],['Einrede'],[],['Einrede'],['Einrede'],[],['Einrede'],[]
,,,,,,,,,,,,,,,,,,,,,,,
[],['Alternativobligation'],['Alternativobligation'],['Alternativobligation'],[],['Alternativobligation'],[],['Alternativobligation'],['Alternativobligation'],[],[],['Alternativobligation'],[],[],['Alternativobligation'],['Wahlobligation'],[],['Alternativobligation'],[],[],['Alternativobligation'],[],[],[]
['Schuldanerkennung'],[],[],[],[],[],[],[],[],['Schuldanerkennung'],['Schuldanerkennung'],['Schuldanerkennung'],[],[],[],[],[],[],[],[],[],[],[],['Schuldanerkennung']
[],[],['causa'],[],[],[],[],[],[],[],[],[],[],[],[],[],['causa'],[],[],[],[],[],['causa'],['causa']
,,,,,,,,,,,,,,,,,,,,,,,
,,,,,,,,,,,,,,,,,,,,,,,
,,,,,,,,,,,,,,,,,,,,,,,
,,,,,,,,,,,,,,,,,,,,,,,
,,,,,,,,,,,,,,,,,,,,,,,
,,,,,,,,,,,,,,,,,,,,,,,
[],[],[],[],[],[],[],[],[],[],[],[],[],[],[],[],[],[],[],[],[],[],[],[]
[],[],[],[],[],[],[],[],[],['Intestaterbfolge'],[],['Intestaterbfolge'],[],['Intestaterbfolge'],['Intestaterbfolge'],[],[],[],[],[],[],[],[],['Intestaterbfolge']
[],['Motiv'],['Motiv'],['Motiv'],['Motiv'],[],[],['Motiv'],[],['Motiv'],[],['Motiv'],[],['Motiv'],['Motiv'],[],['Motiv'],['Motiv'],[],[],[],[],['Motiv'],[]
[],['Suspensivbedingung'],[],[],[],[],[],[],[],[],[],[],[],[],['Suspensivbedingung'],[],[],[],[],[],[],[],[],[]
[],['Erbquote'],[],[],[],[],[],['Erbquote'],['Erbquote'],[],[],[],[],['Erbquote'],['Erbquote'],['Erbquote'],[],[],[],[],[],[],[],['Erbquote']
,,,,,,,,,,,,,,,,,,,,,,,
,,,,,,,,,,,,,,,,,,,,,,,
,,,,,,,,,,,,,,,,,,,,,,,
[],['Resolutivbedingung'],['Resolutivbedingung'],[],[],[],[],['Resolutivbedingung'],[],[],[],['Resolutivbedingung'],[],[],['Resolutivbedingung'],[],['Resolutivbedingung'],[],[],[],[],[],[],[]
['Prälegat'],['Prälegat'],['Prälegat'],['Prälegat'],[],[],[],['Prälegat'],[],['Vorvermächtnis'],['Vorvermächtnis'],['Prälegat'],[],['Prälegat'],['Prälegat'],[],[],['Prälegat'],[],[],[],[],['Prälegat'],['Prälegat']
[],[],"['Ersatzerbeneinsetzung', 'Ersatzerbeneinsetzung']",[],"['Ersatzerbeneinsetzung', 'Ersatzerbeneinsetzung']","['Ersatzerbeneinsetzung', 'Ersatzerbeneinsetzung']",[],"['Ersatzerbeneinsetzung', 'Ersatzerbeneinsetzung']","['Ersatzerbeneinsetzung', 'Ersatzerbeneinsetzung']",[],[],[],[],[],"['Ersatzerbeneinsetzung', 'Ersatzerbeneinsetzung']",[],[],[],[],"['Ersatzerbeneinsetzung', 'Ersatzerbeneinsetzung']",[],"['Ersatzerbeneinsetzung', 'Ersatzerbeneinsetzung']",[],[]
[],[],['Nacherbschaft'],['Nacherbschaft'],[],['Nacherbschaft'],[],[],['Nacherbeneinsetzung'],['Nacherbschaft'],[],[],[],[],[],[],[],[],[],[],[],['Nacherbschaft'],['Nacherbschaft'],[]
[],[],[],[],['Willensvollstrecker'],[],[],[],[],[],[],[],[],[],[],[],[],[],[],[],[],[],[],[]
[],[],[],[],['Willensvollstrecker'],[],[],[],[],[],[],[],[],[],[],[],[],[],[],[],[],[],[],['Willensvollstrecker']
,,,,,,,,,,,,,,,,,,,,,,,
,,,,,,,,,,,,,,,,,,,,,,,
['Regress'],[],['Rückgriffsrecht'],['Regress'],[],['Rückgriffsrecht'],[],['Rückgriffsrecht'],['Rückgriffsrecht'],[],['Regress'],[],['Rückgriffsrecht'],['Rückgriffsrecht'],['Rückgriffsrecht'],[],[],['Rückgriffsrecht'],[],[],['Rückgriffsrecht'],[],['Rückgriffsrecht'],[]
[],[],['Veräusserung'],[],[],[],[],[],[],[],[],[],[],[],[],[],[],[],[],[],['Veräusserung'],[],['Veräusserung'],[]
,,,,,,,,,,,,,,,,,,,,,,,
['Konventionalstrafe'],[],['Konventionalstrafe'],['Konventionalstrafe'],['Konventionalstrafe'],['Konventionalstrafe'],[],['Konventionalstrafe'],['Konventionalstrafe'],[],[],['Konventionalstrafe'],[],['Konventionalstrafe'],['Konventionalstrafe'],[],['Konventionalstrafe'],['Konventionalstrafe'],[],['Konventionalstrafe'],['Konventionalstrafe'],['Konventionalstrafe'],['Konventionalstrafe'],['Konventionalstrafe']
[],['Rückgängigmachen'],[],[],[],[],[],[],[],[],[],[],[],[],[],[],[],[],[],[],[],[],[],[]
,,,,,,,,,,,,,,,,,,,,,,,
,,,,,,,,,,,,,,,,,,,,,,,
[],['Verabredung des Rückfalls'],[],['Verabredung des Rückfalls'],['Verabredung des Rückfalls'],[],[],['Verabredung des Rückfalls'],['Verabredung des Rückfalls'],[],[],[],[],['Verabredung des Rückfalls'],['Verabredung des Rückfalls'],['Verabredung des Rückfalls'],[],['Verabredung des Rückfalls'],[],['Verabredung des Rückfalls'],['Verabredung des Rückfalls'],['Verabredung des Rückfalls'],[],[]
[],[],['Einzelarbeitsvertrag'],[],['Einzelarbeitsvertrag'],['Einzelarbeitsvertrag'],[],[],[],[],[],[],[],['Einzelarbeitsvertrag'],[],['Einzelarbeitsvertrag'],[],[],[],['Einzelarbeitsvertrag'],[],[],['Einzelarbeitsvertrag'],[]
[],[],[],[],[],[],[],[],[],[],[],[],[],['Einzelarbeitsvertrag'],[],[],[],[],[],[],[],[],[],[]
,,,,,,,,,,,,,,,,,,,,,,,
['Vertrag zugunsten eines Dritten'],['Vertrag zugunsten eines Dritten'],[],['Vertrag zugunsten eines Dritten'],[],[],[],[],[],[],['Vertrag zugunsten eines Dritten'],[],[],['Vertrag zugunsten eines Dritten'],['Vertrag zugunsten eines Dritten'],[],['Vertrag zugunsten eines Dritten'],['Vertrag zugunsten eines Dritten'],[],[],[],[],['Vertrag zugunsten eines Dritten'],[]
[],['Promittent'],[],['Promittent'],['Promittent'],[],[],['Promittent'],[],[],[],[],['Promittent'],[],[],['Promittent'],['Promittent'],['Promittent'],[],[],[],[],['Promittent'],[]
,,,,,,,,,,,,,,,,,,,,,,,
['Täuschung'],['Täuschung'],[],['Täuschung'],[],['Täuschung'],['Täuschung'],['Täuschung'],['Täuschung'],['Täuschung'],['Täuschung'],['Täuschung'],['Täuschung'],['Täuschung'],['Täuschung'],['Täuschung'],['Täuschung'],['Täuschung'],['Täuschung'],[],[],[],['Täuschung'],['Täuschung']
[],[],[],[],[],[],[],[],[],[],[],[],['Rechnungsfehler'],[],[],[],[],[],[],[],['Rechnungsfehler'],[],[],[]
[],['Rechnungsfehler'],[],[],[],['Rechnungsfehler'],[],[],[],[],[],[],['Rechnungsfehler'],[],[],[],[],[],[],[],[],['Rechnungsfehler'],[],[]
,,,,,,,,,,,,,,,,,,,,,,,
[],['unzumutbare Härte'],['unzumutbare Härte'],['unzumutbare Härte'],[],['unzumutbare Härte'],[],['unzumutbare Härte'],[],[],[],['unzumutbare Härte'],[],['unzumutbare Härte'],['unzumutbare Härte'],['unzumutbare Härte'],['unzumutbare Härte'],[],[],[],"['unzumutbar Härte', 'unzumutbar Härte']",[],['unzumutbare Härte'],['unzumutbare Härte']
[],[],[],['Gewährleistung der Gebrauchsfähigkeit'],[],[],[],[],[],[],[],['Gewährleistung der Gebrauchsfähigkeit'],['Gewährleistung der Gebrauchsfähigkeit'],[],[],[],[],['Gewährleistung der Gebrauchsfähigkeit'],[],[],[],[],[],[]
,,,,,,,,,,,,,,,,,,,,,,,
['Rechtshängigkeit'],['Rechtshängigkeit'],['Rechtshängigkeit'],['Rechtshängigkeit'],['Rechtshängigkeit'],['Rechtshängigkeit'],[],[],['Rechtshängigkeit'],['Rechtshängigkeit'],[],[],['Rechtshängigkeit'],['Rechtshängigkeit'],['Rechtshängigkeit'],['Rechtshängigkeit'],[],[],[],['Rechtshängigkeit'],[],[],['Rechtshängigkeit'],['Rechtshängigkeit']
,,,,,,,,,,,,,,,,,,,,,,,
[],[],[],['Landwirt'],[],['Landwirt'],[],[],[],['Landwirt'],['Landwirt'],[],[],[],[],[],[],[],['Landwirt'],[],[],[],[],[]
,,,,,,,,,,,,,,,,,,,,,,,
,,,,,,,,,,,,,,,,,,,,,,,
,,,,,,,,,,,,,,,,,,,,,,,
,,,,,,,,,,,,,,,,,,,,,,,
[],[],[],"['Unternehmer', 'Unternehmer']",[],[],[],"['Unternehmer', 'Unternehmer']",[],[],[],"['Unternehmer', 'Unternehmer']",[],[],[],[],"['Unternehmer', 'Unternehmer']","['Unternehmer', 'Unternehmer']",[],[],['Unternehmer'],"['Unternehmer', 'Unternehmer']","['Unternehmer', 'Unternehmer']",[]
[],['Retentionsrecht'],[],[],[],[],[],[],[],[],[],[],[],[],['Retentionsrecht'],[],[],[],[],[],[],[],['Retentionsrecht'],[]
[],['unselbstständige Tätigkeit'],['unselbstständige Erwerbstätigkeit'],['unselbstständige Erwerbstätigkeit'],['unselbstständige Erwerbstätigkeit'],[],[],['unselbstständige Erwerbstätigkeit'],[],[],[],['unselbstständige Erwerbstätigkeit'],['unselbstständige Tätigkeit'],[],['unselbstständige Erwerbstätigkeit'],[],['unselbstständig Erwerbstätigkeit'],[],[],['unselbstständige Erwerbstätigkeit'],['unselbstständige Erwerbstätigkeit'],['unselbstständige Erwerbstätigkeit'],['unselbstständige Erwerbstätigkeit'],[]
[],['Haushaltarbeit'],[],[],[],[],[],[],[],[],[],['Haushaltarbeit'],[],[],[],[],[],[],[],[],[],[],[],[]
[],[],[],[],[],[],[],['Haushaltarbeit'],[],[],[],[],[],['Haushaltarbeit'],[],[],[],[],[],[],[],[],[],[]
,,,,,,,,,,,,,,,,,,,,,,,
[],[],['Gesellschaftssitz'],[],['Gesellschaftssitz'],[],[],[],[],[],[],['Gesellschaftssitz'],[],['Gesellschaftssitz'],['Gesellschaftssitz'],[],['Gesellschaftssitz'],['Gesellschaftssitz'],[],[],['Gesellschaftssitz'],[],['Gesellschaftssitz'],[]
[],[],[],[],[],[],[],['Gegenstand des Unternehmens'],[],['Gegenstand des Unternehmens'],[],[],[],[],[],[],[],[],[],[],[],[],[],[]
,,,,,,,,,,,,,,,,,,,,,,,
[],[],[],[],[],[],[],[],[],"['Teillieferung', 'Teillieferung']",[],"['Teillieferung', 'Teillieferung']","['Teillieferung', 'Teillieferung']",[],[],[],[],[],[],[],[],[],[],[]
['Transport'],[],[],[],[],[],['Transport'],[],[],[],['Transport'],[],[],['Transport'],[],[],[],['Transport'],[],[],[],[],[],['Transport']
,,,,,,,,,,,,,,,,,,,,,,,
['Mäklervertrag'],[],['Mäklervertrag'],['Mäklervertrag'],[],[],[],[],[],[],[],['Mäklervertrag'],[],[],[],[],[],[],[],['Mäklervertrag'],[],['Mäklervertrag'],[],[]
[],[],[],[],[],[],[],[],[],[],[],['Mäkler'],[],['Mäkler'],[],[],[],[],[],['Mäkler'],[],['Mäkler'],['Mäkler'],[]
['Aufbewahrer'],[],[],['Aufbewahrer'],[],[],[],[],[],[],[],[],[],['Aufbewahrer'],[],[],[],[],[],[],['Aufbewahrer'],[],[],[]
,,,,,,,,,,,,,,,,,,,,,,,
[],['Kommanditaktiengesellschaft'],[],['Kommanditaktiengesellschaft'],[],[],[],[],[],[],[],[],[],[],['Kommanditaktiengesellschaft'],[],['Kommanditaktiengesellschaft'],['Kommanditaktiengesellschaft'],[],[],[],[],[],['KMAG']
[],[],[],[],['Kommanditaktiengesellschaft'],[],[],[],[],[],[],[],[],[],[],[],[],['Kommanditaktiengesellschaft'],[],[],['Kommanditaktiengesellschaft'],[],[],[]
[],[],[],[],[],[],[],[],[],[],[],[],[],[],[],[],[],[],[],[],[],[],[],[]
,,,,,,,,,,,,,,,,,,,,,,,
,,,,,,,,,,,,,,,,,,,,,,,
,,,,,,,,,,,,,,,,,,,,,,,
,,,,,,,,,,,,,,,,,,,,,,,
,,,,,,,,,,,,,,,,,,,,,,,
['Gesellschaftsschulden'],['Gesellschaftsschulden'],['Gesellschaftsschulden'],['Gesellschaftsschulden'],[],['Gesellschaftsschulden'],[],['Gesellschaftsschulden'],[],['Gesellschaftsschulden'],[],[],['Gesellschaftsschulden'],['Gesellschaftsschulden'],[],[],['Gesellschaftsschulden'],[],[],[],[],[],['Gesellschaftsschulden'],[]
['gemeinschaftlich Schuld'],[],[],['Gesellschaftsschulden'],[],['Gesellschaftsschulden'],[],"['Gesellschaftsschulden', 'Gesellschaftsschulden']",[],['Gesellschaftsschulden'],[],[],['Gesellschaftsschulden'],[],['Gesellschaftsschulden'],[],['Gesellschaftsschulden'],['Gesellschaftsschulden'],[],[],['Gesellschaftsschulden'],['Gesellschaftsschulden'],['Gesellschaftsschulden'],[]
,,,,,,,,,,,,,,,,,,,,,,,
,,,,,,,,,,,,,,,,,,,,,,,
[],[],[],[],[],[],[],[],[],[],[],[],[],[],[],[],['Sparheft'],[],[],[],[],[],[],['Sparheft']
[],['Börsenhändler'],[],[],[],[],[],[],[],[],[],[],[],[],[],[],[],[],[],[],[],[],[],[]
,,,,,,,,,,,,,,,,,,,,,,,
[],[],[],[],[],[],[],[],[],[],[],[],[],[],[],[],[],[],[],[],[],[],['Kollektivgesellschaft'],[]
,,,,,,,,,,,,,,,,,,,,,,,
['solidarische Haftung'],[],[],['solidarische Haftung'],['solidarische Haftung'],['Solidarhaftung'],['Solidarhaftung'],['solidarische Haftung'],['solidarische Haftung'],[],[],['solidarische Haftung'],[],['solidarische Haftung'],['Solidarhaftung'],['solidarische Haftung'],['solidarische Haftung'],['solidarische Haftung'],['Solidarhaftung'],['solidarische Haftung'],['solidarische Haftung'],['solidarische Haftung'],[],['solidarische Haftung']
[],['Konkurrenzverbot'],[],['Konkurrenzverbot'],[],[],[],[],['Konkurrenzverbot'],[],[],['Konkurrenzverbot'],[],[],[],[],['Konkurrenzverbot'],[],[],[],['Konkurrenzverbot'],[],['Konkurrenzverbot'],[]
['Kapitalherabsetzung'],['Kapitalherabsetzung'],['Herabsetzung des Grundkapitals'],['Kapitalherabsetzung'],['Kapitalherabsetzung'],['Kapitalherabsetzung'],[],['Kapitalherabsetzung'],['Kapitalherabsetzung'],['Kapitalherabsetzung'],['Kapitalherabsetzung'],['Kapitalherabsetzung'],['Kapitalherabsetzung'],['Kapitalherabsetzung'],[],['Kapitalherabsetzung'],['Kapitalherabsetzung'],['Kapitalherabsetzung'],['Kapitalherabsetzung'],['Herabsetzung des Grundkapitals'],['Kapitalherabsetzung'],['Herabsetzung des Grundkapitals'],['Kapitalherabsetzung'],['Herabsetzung des Stammkapitals']
,,,,,,,,,,,,,,,,,,,,,,,
[],['Kommanditär'],[],['Kommanditär'],[],[],[],[],[],[],[],[],[],['Kommanditär'],[],[],['Kommanditär'],[],[],[],[],[],[],[]
,,,,,,,,,,,,,,,,,,,,,,,
,,,,,,,,,,,,,,,,,,,,,,,
[],[],[],[],['versicherte Person'],[],[],[],[],[],[],[],[],[],['versicherte Person'],[],[],['versicherte Person'],[],[],[],['versicherte Person'],[],[]
,,,,,,,,,,,,,,,,,,,,,,,
,,,,,,,,,,,,,,,,,,,,,,,
[],['Doppelversicherung'],[],[],[],[],[],[],[],[],[],[],[],[],[],[],[],[],[],[],[],[],[],[]
['Gründer'],['Gründer'],[],['Gründer'],[],['Gründer'],[],['Gründer'],['Gründer'],['Gründer'],['Gründer'],['Gründer'],[],['Gründer'],['Gründer'],[],['Gründer'],['Gründer'],[],['Gründer'],[],['Gründer'],[],['Gründer']
,,,,,,,,,,,,,,,,,,,,,,,
[],['Reserve'],[],[],['Reserve'],[],['Reserve'],['Reserve'],[],['Reserve'],[],[],[],[],[],[],['Reserve'],['Reserve'],[],[],[],[],[],['Reserve']
['Universalsukzession'],[],[],['Universalsukzession'],['Universalsukzession'],[],[],['Universalsukzession'],[],[],[],['Universalsukzession'],[],['Universalsukzession'],[],['Universalsukzession'],['Universalsukzession'],['Universalsukzession'],[],[],[],[],[],[]
[],[],['Recht auf Dividende'],[],['Recht auf Gewinnanteil'],[],[],['Recht auf Dividende'],[],['Recht auf Gewinnanteil'],[],[],['Recht auf Gewinnanteil'],['Recht auf Dividende'],['Recht auf Dividende'],[],[],[],[],['Recht auf Gewinnanteil'],[],['Recht auf Gewinnanteil'],[],[]
,,,,,,,,,,,,,,,,,,,,,,,
['Tochtergesellschaft'],[],['Tochtergesellschaft'],['Tochtergesellschaft'],['Tochtergesellschaft'],['Tochtergesellschaft'],[],['Tochtergesellschaft'],['Tochtergesellschaft'],['Tochtergesellschaft'],['Tochtergesellschaft'],['Tochtergesellschaft'],['Tochtergesellschaft'],['Tochtergesellschaft'],[],['Tochtergesellschaft'],[],[],['Tochtergesellschaft'],['Tochtergesellschaft'],[],[],['Tochtergesellschaft'],[]
[],[],[],[],[],[],[],[],[],[],[],[],[],[],[],[],[],[],[],[],[],[],[],[]
['außerordentliche Versammlung'],[],[],[],[],[],[],[],[],[],[],[],[],[],[],[],[],[],[],[],[],[],[],[]
,,,,,,,,,,,,,,,,,,,,,,,
,,,,,,,,,,,,,,,,,,,,,,,
,,,,,,,,,,,,,,,,,,,,,,,
,,,,,,,,,,,,,,,,,,,,,,,
,,,,,,,,,,,,,,,,,,,,,,,
,,,,,,,,,,,,,,,,,,,,,,,
,,,,,,,,,,,,,,,,,,,,,,,
,,,,,,,,,,,,,,,,,,,,,,,
,,,,,,,,,,,,,,,,,,,,,,,
[],[],[],[],[],[],[],[],[],['gesetzliche Reserve'],[],['gesetzliche Reserve'],[],[],[],[],[],['gesetzliche Reserve'],[],[],[],[],[],[]
['Geschäftsbücher'],[],[],['Geschäftsbücher'],[],[],[],[],[],[],[],[],[],[],[],[],['Geschäftsbücher'],['Geschäftsbücher'],[],[],[],[],[],[]
[],[],[],[],[],[],[],[],[],[],[],[],[],[],[],[],[],[],[],[],[],[],[],[]
[],[],[],[],[],[],[],[],[],[],[],[],[],['Aktienbuch'],[],[],[],[],[],[],[],[],[],[]
,,,,,,,,,,,,,,,,,,,,,,,
,,,,,,,,,,,,,,,,,,,,,,,
,,,,,,,,,,,,,,,,,,,,,,,
[],[],[],[],[],[],[],[],[],[],[],[],[],[],[],[],[],[],['Bücher'],[],[],[],[],[]
"['Ertrag', 'Ertrag']",[],"['Ertrag', 'Ertrag']","['Ertrag', 'Ertrag']","['Ertrag', 'Ertrag']",[],[],"['Ertrag', 'Ertrag']","['Ertrag', 'Ertrag']",[],[],"['Ertrag', 'Ertrag']","['Ertrag', 'Ertrag']","['Ertrag', 'Ertrag']","['Ertrag', 'Ertrag']","['Ertrag', 'Ertrag']","['Ertrag', 'Ertrag']","['Ertrag', 'Ertrag']",[],[],"['Ertrag', 'Ertrag']","['Ertrag', 'Ertrag']","['Ertrag', 'Ertrag']","['Ertrag', 'Ertrag']"
"['immateriell Anlage', 'immateriell Anlage']",[],[],[],[],[],[],[],[],[],[],[],[],[],[],[],[],[],[],[],[],[],[],[]
[],[],[],[],[],[],[],[],[],[],[],[],[],[],[],[],[],[],[],[],[],[],[],[]
[],[],[],[],[],[],[],[],[],[],[],[],[],[],[],[],[],[],[],[],[],[],[],[]
[],[],[],[],[],[],[],[],[],[],[],[],[],[],[],[],[],[],[],[],[],[],[],[]
[],[],[],[],[],[],[],[],[],[],[],[],[],[],[],[],[],[],[],[],[],[],[],[]
[],[],[],"['Warenzeichen', 'Warenzeichen']",[],[],[],[],[],"['Warenzeichen', 'Warenzeichen']",[],"['Warenzeichen', 'Warenzeichen']",[],[],"['Warenzeichen', 'Warenzeichen']",[],"['Warenzeichen', 'Warenzeichen']","['Warenzeichen', 'Warenzeichen']",[],[],"['Warenzeichen', 'Warenzeichen']",[],[],[]
[],['Sachanlagen'],['Sachanlagen'],[],['Sachanlagen'],['Sachanlagen'],[],[],['Sachanlagen'],['Sachanlagen'],['Sachanlagen'],['Sachanlagen'],['Sachanlagen'],['Sachanlagen'],['Sachanlagen'],['Sachanlagen'],['Sachanlagen'],[],[],['Sachanlagen'],['Sachanlagen'],['Sachanlagen'],[],[]
['Finanzanlagen'],[],['Finanzanlagen'],['Finanzanlagen'],['Finanzanlagen'],[],[],['Finanzanlagen'],['Finanzanlagen'],['Finanzanlagen'],[],['Finanzanlagen'],['Finanzanlagen'],['Finanzanlagen'],['Finanzanlagen'],[],['Finanzanlagen'],[],['Finanzanlagen'],['Finanzanlagen'],['Finanzanlagen'],['Finanzanlagen'],['Finanzanlagen'],['Finanzanlagen']
[],[],[],[],[],[],[],[],[],[],[],[],[],[],[],[],[],[],[],[],[],[],[],[]
[],[],[],[],[],[],[],[],[],[],[],[],[],[],[],[],[],[],[],[],[],[],[],[]
[],[],[],[],[],[],[],[],[],[],[],[],[],[],[],[],['MWST'],[],[],[],[],[],[],[]
['Nettovermögen'],[],[],['Nettovermögen'],[],[],[],['Nettovermögen'],['Nettovermögen'],[],['Nettovermögen'],['Nettovermögen'],[],[],[],[],['Nettovermögen'],['Nettovermögen'],[],['Nettovermögen'],[],[],[],['Nettovermögen']
['Nettovermögen'],[],[],['Nettovermögen'],[],[],[],[],[],[],[],['Nettovermögen'],[],['Nettovermögen'],['Nettovermögen'],[],['Nettovermögen'],['Nettovermögen'],[],[],[],[],[],[]
[],[],[],[],[],['Aktiven'],[],[],[],['Aktiven'],[],[],[],[],[],[],[],[],[],[],[],[],[],[]
[],[],[],[],[],[],[],[],[],[],[],[],[],[],[],[],[],[],[],[],[],[],[],[]
[],[],['Aktiven'],[],[],[],[],[],['Aktiven'],[],[],[],['Aktiven'],['Aktiven'],[],[],[],['Aktiven'],[],[],[],[],[],[]
,,,,,,,,,,,,,,,,,,,,,,,
,,,,,,,,,,,,,,,,,,,,,,,
,,,,,,,,,,,,,,,,,,,,,,,
[],[],[],[],[],[],[],[],[],[],[],[],[],[],[],[],[],[],[],[],[],[],[],[]
[],[],[],[],[],[],[],[],[],[],[],[],[],[],[],[],[],[],[],[],[],[],[],[]
[],[],['Nachlasssteuer'],[],[],[],[],[],[],[],[],[],[],[],[],[],[],[],[],[],[],[],[],[]
[],['Veräußerungsgewinn'],['Veräußerungsgewinn'],['Veräußerungsgewinn'],['Veräußerungsgewinn'],['Veräußerungsgewinn'],[],['Veräußerungsgewinn'],[],['Veräußerungsgewinn'],[],['Veräußerungsgewinn'],['Veräußerungsgewinn'],['Veräußerungsgewinn'],['Veräußerungsgewinn'],['Veräußerungsgewinn'],['Veräußerungsgewinn'],['Veräußerungsgewinn'],[],[],['Veräußerungsgewinn'],[],['Veräußerungsgewinn'],[]
[],['gesetzlich Zahlungsmittel'],['gesetzliches Zahlungsmittel'],[],['gesetzliches Zahlungsmittel'],['gesetzliches Zahlungsmittel'],[],[],['gesetzliches Zahlungsmittel'],['gesetzlich Zahlungsmittel'],['gesetzlich Zahlungsmittel'],[],[],[],[],['gesetzlich Zahlungsmittel'],['gesetzliches Zahlungsmittel'],['gesetzliches Zahlungsmittel'],[],['gesetzliches Zahlungsmittel'],[],['gesetzliches Zahlungsmittel'],['gesetzliches Zahlungsmittel'],[]
[],[],['gesetzliches Zahlungsmittel'],['gesetzlich Zahlungsmittel'],['gesetzlich Zahlungsmittel'],['gesetzlich Zahlungsmittel'],[],[],['gesetzlich Zahlungsmittel'],[],['gesetzlich Zahlungsmittel'],[],[],['gesetzlich Zahlungsmittel'],['gesetzlich Zahlungsmittel'],['gesetzlich Zahlungsmittel'],['gesetzlich Zahlungsmittel'],['gesetzlich Zahlungsmittel'],[],['gesetzlich Zahlungsmittel'],[],['gesetzlich Zahlungsmittel'],['gesetzlich Zahlungsmittel'],[]
[],[],['Nackteigentum'],[],['nuda proprietas'],[],[],[],['Nackteigentum'],['Nackteigentum'],[],['nuda proprietas'],['nuda proprietas'],['Nackteigentum'],['nuda proprietas'],['Nackteigentum'],['Nuda proprietas'],['nackteigentum'],[],['Nackteigentum'],[],[],['Nackteigentum'],[]
,,,,,,,,,,,,,,,,,,,,,,,
,,,,,,,,,,,,,,,,,,,,,,,
[],[],[],[],[],[],[],['Rechtsformwechsel'],[],['Rechtsformwechsel'],[],[],[],['Rechtsformwechsel'],[],[],[],[],[],[],[],[],[],[]
,,,,,,,,,,,,,,,,,,,,,,,
[],['gerichtlicher Rechtsschutz'],['gerichtlich Rechtsschutz'],['gerichtlich Rechtsschutz'],['gerichtlich Rechtsschutz'],['gerichtlich Rechtsschutz'],[],['gerichtlich Rechtsschutz'],['gerichtlich Rechtsschutz'],['gerichtlich Rechtsschutz'],[],['gerichtlich Rechtsschutz'],['gerichtlich Rechtsschutz'],['gerichtlich Rechtsschutz'],['gerichtlich Rechtsschutz'],['gerichtlich Rechtsschutz'],['gerichtlich Rechtsschutz'],['gerichtlich Rechtsschutz'],[],['gerichtlich Rechtsschutz'],['gerichtlich Rechtsschutz'],['gerichtlich Rechtsschutz'],['gerichtlich Rechtsschutz'],[]
,,,,,,,,,,,,,,,,,,,,,,,
[],['bezahlt Urlaub'],[],[],[],[],['Ferien'],[],[],[],[],[],[],[],[],[],[],[],[],[],[],[],[],['bezahlt Urlaub']
[],['Gleitzeit'],['Gleitzeit'],[],[],['Gleitzeit'],[],[],[],['Gleitzeit'],[],['Gleitzeit'],['Gleitzeit'],['Gleitzeit'],['Gleitzeit'],['Gleitzeit'],['Gleitzeit'],['Gleitzeit'],[],[],['Gleitzeit'],[],[],[]
[],[],['Sonn- und Feiertagsarbeit'],['Sonn- und Feiertagsarbeit'],['Sonn- und Feiertagsarbeit'],['Sonn- und Feiertagsarbeit'],[],['Sonn- und Feiertagsarbeit'],[],['Sonn- und Feiertagsarbeit'],[],['Sonn- und Feiertagsarbeit'],['Sonn- und Feiertagsarbeit'],[],['Sonn- und Feiertagsarbeit'],[],['Sonn- und Feiertagsarbeit'],[],[],[],['Sonn- und Feiertagsarbeit'],['Sonn- und Feiertagsarbeit'],['Sonn- und Feiertagsarbeit'],[]
,,,,,,,,,,,,,,,,,,,,,,,
[],[],[],[],[],[],[],[],[],[],[],['Gewinnanteil'],[],[],[],[],[],[],[],[],[],[],[],[]
[],[],[],[],['Gewinnanteil'],[],[],[],[],[],[],[],[],[],[],[],[],[],[],[],[],[],[],[]
[],[],['Lohnliste'],[],[],[],[],[],[],[],[],[],[],[],['Lohnliste'],[],[],[],[],[],[],[],[],[]
[],[],[],[],[],[],[],[],[],[],[],[],[],[],[],[],[],[],[],[],[],[],[],[]
[],[],[],[],[],[],[],[],[],[],[],[],[],[],[],[],[],[],[],[],[],[],[],[]
,,,,,,,,,,,,,,,,,,,,,,,
,,,,,,,,,,,,,,,,,,,,,,,
[],[],['Jahresrechnung'],['Jahresrechnung'],['Jahresrechnung'],[],[],['Jahresrechnung'],[],[],[],[],[],[],[],[],[],[],[],[],[],[],[],[]
[],[],['Jahresrechnung'],[],[],[],[],[],[],[],[],[],[],[],[],[],[],[],[],[],[],[],[],[]
,,,,,,,,,,,,,,,,,,,,,,,
,,,,,,,,,,,,,,,,,,,,,,,
,,,,,,,,,,,,,,,,,,,,,,,
,,,,,,,,,,,,,,,,,,,,,,,
['alleinig Geschäftsführer'],['alleinig Geschäftsführer'],['alleinig Geschäftsführer'],['alleinig Geschäftsführer'],['alleinig Geschäftsführer'],[],['alleinig Geschäftsführer'],['alleinig Geschäftsführer'],[],['alleinig Geschäftsführer'],['alleinig Geschäftsführer'],['alleinig Geschäftsführer'],['alleinig Geschäftsführer'],[],['alleinig Geschäftsführer'],[],['alleinig Geschäftsführer'],['alleinig Geschäftsführer'],[],[],['alleinig Geschäftsführer'],['alleinig Geschäftsführer'],['alleinig Geschäftsführer'],['alleinig Geschäftsführer']
[],[],[],[],[],[],[],[],[],[],[],['gewöhnlich Verwaltungshandlung'],[],['gewöhnlich Verwaltungshandlung'],[],[],[],[],[],[],[],[],[],['gewöhnlich Verwaltungshandlung']
[],[],[],[],[],[],[],[],[],['Vereinsversammlung'],[],[],['Vereinsversammlung'],[],[],[],[],[],[],[],[],[],[],[]
[],[],[],[],[],[],[],[],[],[],[],[],[],[],[],[],[],[],[],[],[],[],[],[]
[],[],[],[],[],[],[],[],[],[],[],[],[],[],[],[],[],[],[],[],[],[],[],[]
,,,,,,,,,,,,,,,,,,,,,,,
[],[],[],[],['Berufslehre'],[],[],[],[],"['Berufslehre', 'Berufslehre', 'Berufslehre']",[],['Berufslehre'],"['Berufslehre', 'Berufslehre', 'Berufslehre']",[],['Berufslehre'],"['Berufslehre', 'Berufslehre', 'Berufslehre']",[],[],[],[],[],[],[],[]
[],[],[],[],[],[],[],[],[],[],[],[],[],[],[],[],[],[],[],[],[],[],[],[]
[],[],[],[],[],[],[],[],[],[],[],[],[],[],['verwaltungsrechtlicher Vertrag'],[],[],[],[],[],[],[],[],[]
['Transparenz der Verwaltung'],[],[],['Transparenz der Verwaltung'],[],[],[],[],[],['Transparenz der Verwaltung'],[],['Transparenz der Verwaltung'],[],[],['Transparenz der Verwaltung'],[],['Transparenz der Verwaltung'],[],[],[],[],[],[],[]
[],[],[],[],[],[],[],[],[],[],[],[],[],[],[],[],[],[],[],[],[],[],[],[]
[],[],[],[],[],[],[],[],[],[],[],[],[],[],[],[],[],[],[],[],[],[],[],[]
,,,,,,,,,,,,,,,,,,,,,,,
[],[],[],['Mitgliedschaft'],[],[],[],[],[],[],[],['Mitgliedschaft'],[],['Mitgliedschaft'],[],[],[],[],[],[],[],[],[],[]
['Mitgliedschaft'],[],[],[],[],[],[],[],[],[],[],[],[],['Mitgliedschaft'],[],[],[],[],[],[],[],[],[],['Mitgliedschaft']
,,,,,,,,,,,,,,,,,,,,,,,
,,,,,,,,,,,,,,,,,,,,,,,
['Kapitalverlust'],[],['Kapitalverlust'],[],['Kapitalverlust'],['Kapitalverlust'],[],['Kapitalverlust'],[],['Kapitalverlust'],[],['Kapitalverlust'],['Kapitalverlust'],[],['Kapitalverlust'],[],[],[],[],['Kapitalverlust'],['Kapitalverlust'],['Kapitalverlust'],['Kapitalverlust'],[]
[],[],[],[],[],[],[],[],[],[],[],[],[],[],[],[],[],[],[],[],[],['unbeschränkt haftend Gesellschafter'],[],[]
[],[],[],['Emission'],[],['Emission'],[],[],[],[],[],['Emission'],[],['Emission'],['Emission'],['Emission'],[],['Emission'],[],[],['Emission'],[],[],[]
,,,,,,,,,,,,,,,,,,,,,,,
,,,,,,,,,,,,,,,,,,,,,,,
[],[],['Interimsschein'],[],[],[],[],['Interimsschein'],[],[],[],[],[],[],[],[],['Interimsschein'],[],[],[],[],[],[],[]
,,,,,,,,,,,,,,,,,,,,,,,
[],[],[],[],[],[],[],[],[],[],[],[],[],[],[],[],[],[],[],[],[],[],[],[]
,,,,,,,,,,,,,,,,,,,,,,,
[],['zusprechend Urteil'],[],['zusprechend Urteil'],[],[],[],[],[],[],[],[],[],[],[],[],['zusprechend Urteil'],[],[],[],[],[],[],[]
[],[],[],[],[],[],[],[],[],[],[],[],[],[],[],[],[],[],[],[],[],[],[],[]
[],[],[],[],[],[],[],[],[],[],[],[],[],[],[],[],[],[],[],[],[],[],[],[]
[],[],[],[],[],[],[],[],[],[],[],[],[],[],[],[],[],[],[],[],[],[],[],[]
['schuldfähig'],[],['Schuldfähig'],['Schuldfähig'],['Schuldfähig'],[],[],[],[],[],[],[],[],['Schuldfähig'],['Schuldfähig'],['Schuldfähig'],['schuldfähig'],[],[],['Schuldfähig'],['Schuldfähig'],[],['Schuldfähig'],[]
,,,,,,,,,,,,,,,,,,,,,,,
[],[],[],[],[],[],[],[],[],['umfassend Beistandschaft'],[],[],[],[],['umfassende Beistandschaft'],[],[],[],[],[],[],[],[],[]
['Klageantwort'],[],[],[],[],[],[],[],[],[],[],[],[],[],[],[],[],[],[],[],[],[],[],[]
[],[],[],[],[],[],[],[],[],[],[],[],[],[],[],[],[],[],[],[],[],[],[],[]
[],['Berufsverbrecher'],[],['Berufsverbrecher'],['Berufsverbrecher'],['Berufsverbrecher'],[],[],['Berufsverbrecher'],['Berufsverbrecher'],['Berufsverbrecher'],['Berufsverbrecher'],['Berufsverbrecher'],['Berufsverbrecher'],['Berufsverbrecher'],['Berufsverbrecher'],[],['Berufsverbrecher'],[],['Berufsverbrecher'],[],['Berufsverbrecher'],[],[]
,,,,,,,,,,,,,,,,,,,,,,,
['Freiheitsstrafe'],[],['Freiheitsstrafe'],['Freiheitsstrafe'],['Freiheitsstrafe'],['Freiheitsstrafe'],[],['Freiheitsstrafe'],['Freiheitsstrafe'],[],['Freiheitsstrafe'],['Freiheitsstrafe'],['Freiheitsstrafe'],['Freiheitsstrafe'],['Freiheitsstrafe'],['Freiheitsstrafe'],['Freiheitsstrafe'],['Freiheitsstrafe'],[],['Freiheitsstrafe'],['Freiheitsstrafe'],['Freiheitsstrafe'],['Freiheitsstrafe'],['Freiheitsstrafe']
[],[],[],[],['Busse'],[],[],[],[],['Busse'],[],['Busse'],['Busse'],[],[],[],[],[],[],[],['Busse'],[],[],[]
[],[],[],[],[],[],[],[],[],[],[],[],[],[],[],[],[],[],[],[],[],[],[],[]
[],['aussergerichtlich Geständnis'],[],['aussergerichtlich Geständnis'],[],[],[],[],[],[],[],['aussergerichtlich Geständnis'],[],[],[],[],[],[],[],[],['aussergerichtlich Geständnis'],[],[],[]
,,,,,,,,,,,,,,,,,,,,,,,
[],[],[],['Entzug der elterlichen Sorge'],[],[],[],[],[],['Entziehung der elterlichen Sorge'],[],[],['Entzug der elterlichen Sorge'],['Entzug der elterlichen Sorge'],[],[],[],['Entzug der elterlichen Sorge'],['Entziehung der elterlichen Sorge'],[],[],[],[],['Entziehung der elterlichen Sorge']
,,,,,,,,,,,,,,,,,,,,,,,
,,,,,,,,,,,,,,,,,,,,,,,
[],['Strafzumessung'],['Strafzumessung'],['Strafzumessung'],['Strafzumessung'],['Strafzumessung'],[],['Strafzumessung'],['Bemessung der Strafe'],['Strafzumessung'],[],['Strafzumessung'],['Strafzumessung'],['Strafzumessung'],['Strafzumessung'],['Strafzumessung'],['Strafzumessung'],['Strafzumessung'],[],['Strafzumessung'],['Strafzumessung'],['Strafzumessung'],['Strafzumessung'],[]
[],[],[],[],[],[],[],[],[],['Präklusionsfrist'],[],[],[],[],[],[],[],[],[],[],[],[],[],[]
[],[],['Tatverdacht'],[],['Tatverdacht'],[],[],[],[],['Tatverdacht'],[],[],['Tatverdacht'],[],['Tatverdacht'],[],['Tatverdacht'],[],[],['Tatverdacht'],[],[],[],[]
,,,,,,,,,,,,,,,,,,,,,,,
,,,,,,,,,,,,,,,,,,,,,,,
,,,,,,,,,,,,,,,,,,,,,,,
,,,,,,,,,,,,,,,,,,,,,,,
[],[],[],[],[],[],[],[],[],[],[],[],['Stockwerkeigentümer'],[],[],[],[],[],[],[],[],[],[],[]
[],['Erbengemeinschaft'],['Erbengemeinschaft'],['Erbengemeinschaft'],['Erbengemeinschaft'],['Erbengemeinschaft'],[],['Erbengemeinschaft'],['Erbengemeinschaft'],['Erbengemeinschaft'],[],['Erbengemeinschaft'],['Erbengemeinschaft'],['Erbengemeinschaft'],['Erbengemeinschaft'],['Erbengemeinschaft'],['Erbengemeinschaft'],"['Erbengemeinschaft', 'Erbengemeinschaft']",[],['Erbengemeinschaft'],[],['Erbengemeinschaft'],['Erbengemeinschaft'],['Erbengemeinschaft']
[],[],[],[],[],[],[],[],[],[],[],[],[],[],['Frachtvertrag'],[],[],[],[],[],[],[],[],[]
,,,,,,,,,,,,,,,,,,,,,,,
,,,,,,,,,,,,,,,,,,,,,,,
,,,,,,,,,,,,,,,,,,,,,,,
[],[],[],[],[],[],[],[],[],[],[],[],[],[],[],[],[],['Öffentlichrechtlich angestellter'],[],[],[],[],[],[]
[],[],[],[],[],[],[],[],[],[],[],['öffentlichrechtlich angestellter'],[],[],[],[],[],['öffentlichrechtlich angestellter'],[],[],[],[],[],[]
,,,,,,,,,,,,,,,,,,,,,,,
,,,,,,,,,,,,,,,,,,,,,,,
['Hilfe'],[],[],['Hilfe'],[],[],[],[],[],[],[],[],['Hilfe'],['Hilfe'],[],[],[],[],[],[],[],[],[],[]
[],[],[],[],[],[],[],[],[],[],[],[],[],[],[],[],[],[],[],[],[],[],[],[]
[],[],[],[],[],[],['Ermittlung'],[],[],[],[],[],['Ermittlung'],[],[],[],[],[],[],[],[],[],[],[]
[],[],[],[],[],[],[],[],[],[],[],[],[],[],[],[],[],[],[],[],[],[],[],[]
,,,,,,,,,,,,,,,,,,,,,,,
[],[],['Bauberechtigter'],[],[],[],[],[],['Bauberechtigter'],[],[],[],[],[],[],[],[],[],[],['Bauberechtigter'],[],[],['Bauberechtigter'],[]
['Bauberechtigter'],['Bauberechtigter'],['Bauberechtigter'],[],[],['Bauberechtigter'],[],[],['Bauberechtigter'],[],[],['Bauberechtigter'],[],[],['Bauberechtigter'],[],[],[],[],[],[],['Bauberechtigter'],['Bauberechtigter'],[]
[],['Umweltverträglichkeitsbericht'],[],[],[],[],[],[],[],[],[],[],[],[],[],['Umweltverträglichkeitsbericht'],[],['Umweltverträglichkeitsbericht'],[],[],['Umweltverträglichkeitsbericht'],[],[],[]
['Anmeldepflicht'],[],[],[],[],[],[],[],[],[],[],[],[],[],['Anmeldepflicht'],[],[],[],[],[],['Anmeldepflicht'],[],[],[]
['Ehevertrag'],['Ehevertrag'],[],['Ehevertrag'],[],['Ehevertrag'],[],['Ehevertrag'],[],[],['Ehevertrag'],['Ehevertrag'],[],['Ehevertrag'],['Ehevertrag'],['Ehevertrag'],[],['Ehevertrag'],['Ehevertrag'],[],"['Ehevertrag', 'Ehevertrag']",['Ehevertrag'],[],['Ehevertrag']
[],[],[],[],[],[],[],[],[],[],[],[],[],[],['Datenvertraulichkeit'],[],[],[],[],[],[],[],[],[]
[],['Wandelanleihe'],['Wandelanleihe'],['Wandelanleihe'],['Wandelanleihe'],[],[],['Wandelobligation'],[],['Wandelobligation'],[],[],['Wandelanleihe'],['Wandelobligation'],['Wandelobligation'],[],['Wandelanleihe'],[],[],[],[],[],[],[]
[],[],['Nachlassaktiven'],[],[],[],[],['Nachlassaktiven'],[],[],[],[],[],[],['Nachlassaktiven'],[],[],[],[],[],[],[],[],[]
[],['Identitätskarte'],['Identitätskarte'],[],[],[],[],[],['Identitätskarte'],[],[],[],[],['Identitätskarte'],[],[],[],[],[],['Identitätskarte'],[],['Identitätskarte'],['Identitätskarte'],[]
['Änderungsantrag'],['Änderungsantrag'],['Änderungsantrag'],['Änderungsantrag'],['Änderungsantrag'],['Änderungsantrag'],['Änderungsantrag'],['Änderungsantrag'],[],['Änderungsantrag'],['Änderungsantrag'],['Änderungsantrag'],['Änderungsantrag'],['Änderungsantrag'],['Änderungsantrag'],['Änderungsantrag'],['Änderungsantrag'],[],[],[],[],['Änderungsantrag'],['Änderungsantrag'],['Änderungsantrag']
,,,,,,,,,,,,,,,,,,,,,,,
,,,,,,,,,,,,,,,,,,,,,,,
,,,,,,,,,,,,,,,,,,,,,,,
[],[],[],[],[],[],[],[],[],[],[],[],[],[],[],[],[],[],[],[],[],[],[],[]
[],[],[],[],[],[],[],[],['Erbbescheinigung'],[],[],[],[],[],[],[],[],[],[],[],[],[],[],[]
,,,,,,,,,,,,,,,,,,,,,,,
,,,,,,,,,,,,,,,,,,,,,,,
,,,,,,,,,,,,,,,,,,,,,,,
,,,,,,,,,,,,,,,,,,,,,,,
,,,,,,,,,,,,,,,,,,,,,,,
[],[],[],[],[],[],[],[],[],[],[],[],['ungültig Wahlzettel'],[],[],[],[],[],[],[],[],[],[],[]
,,,,,,,,,,,,,,,,,,,,,,,
,,,,,,,,,,,,,,,,,,,,,,,
,,,,,,,,,,,,,,,,,,,,,,,
,,,,,,,,,,,,,,,,,,,,,,,
['Auszug aus dem Katasterplan'],[],['Auszug aus dem Katasterplan'],['Auszug aus dem Katasterplan'],[],[],[],['Auszug aus dem Katasterplan'],[],['Auszug aus dem Katasterplan'],[],['Auszug aus dem Katasterplan'],['Auszug aus dem Katasterplan'],['Auszug aus dem Katasterplan'],[],[],['Auszug aus dem Katasterplan'],[],[],[],[],[],[],[]
[],[],[],[],[],[],[],[],[],['Eheschein'],[],[],[],[],[],[],[],['Eheschein'],[],[],[],[],[],[]
,,,,,,,,,,,,,,,,,,,,,,,
,,,,,,,,,,,,,,,,,,,,,,,
,,,,,,,,,,,,,,,,,,,,,,,
[],[],[],[],[],[],[],[],[],[],[],['Witwerschaft'],[],[],['Witwerschaft'],[],[],[],[],[],[],[],[],[]
['Mündel'],['Mündel'],['Mündel'],[],['Mündel'],['Mündel'],[],['Mündel'],['Mündel'],['Mündel'],['Mündel'],[],['Mündel'],['Mündel'],['Mündel'],['Mündel'],['Mündel'],[],[],['Mündel'],['Mündel'],['Mündel'],['Mündel'],[]
[],[],[],[],['eheähnlich Gemeinschaft'],[],[],[],[],[],[],[],[],[],[],[],[],[],[],[],[],[],['Konkubinat'],[]
,,,,,,,,,,,,,,,,,,,,,,,
[],[],[],['Verfassungsmässigkeit'],[],[],[],[],[],[],[],[],[],[],[],[],['Verfassungsmässigkeit'],[],[],[],['Verfassungsmässigkeit'],[],[],['Verfassungsmässigkeit']
['unverzinslich'],['unverzinslich'],['unverzinslich'],['unverzinslich'],['unverzinslich'],['unverzinslich'],[],['unverzinslich'],['unverzinslich'],['unverzinslich'],[],['unverzinslich'],[],['unverzinslich'],['unverzinslich'],[],[],[],[],['unverzinslich'],[],['unverzinslich'],['unverzinslich'],[]
[],[],[],[],[],[],[],[],[],[],[],[],[],[],[],[],[],[],[],[],[],[],[],[]
[],[],['Bewilligung'],[],[],['Bewilligung'],[],[],[],[],[],[],['Bewilligung'],[],['Bewilligung'],['Bewilligung'],[],[],[],[],[],['Bewilligung'],['Bewilligung'],[]
[],['Bewilligung'],[],[],['Bewilligung'],[],[],[],[],['Bewilligung'],[],[],[],[],[],['Bewilligung'],[],[],[],[],[],[],['Bewilligung'],[]
[],['Bewilligung'],[],[],[],[],[],[],['Bewilligung'],[],[],[],[],[],[],['Bewilligung'],[],[],[],[],[],[],['Bewilligung'],[]
['Trennung der Verfahren'],[],['Trennung der Verfahren'],[],['Trennung der Verfahren'],['Trennung der Verfahren'],[],['Trennung der Verfahren'],[],['Trennung der Verfahren'],['Trennung der Verfahren'],['Trennung der Verfahren'],[],['Trennung der Verfahren'],['Trennung der Verfahren'],['Trennung der Verfahren'],[],[],['Trennung der Verfahren'],['Trennung der Verfahren'],['Trennung der Verfahren'],['Trennung der Verfahren'],['Trennung der Verfahren'],['Trennung der Verfahren']
['Devolution'],[],[],[],[],[],[],[],[],[],[],[],[],[],[],[],[],[],[],['Devolution'],[],[],[],[]
[],['richterliche Unabhängigkeit'],['richterliche Unabhängigkeit'],['richterliche Unabhängigkeit'],['richterliche Unabhängigkeit'],[],[],['richterliche Unabhängigkeit'],[],['richterliche Unabhängigkeit'],[],[],['richterliche Unabhängigkeit'],[],['richterliche Unabhängigkeit'],['richterliche Unabhängigkeit'],['richterliche Unabhängigkeit'],['richterliche Unabhängigkeit'],[],[],[],['richterliche Unabhängigkeit'],['richterliche Unabhängigkeit'],['richterlich Unabhängigkeit']
['Richterkollegium'],['Richterkollegium'],['Richterkollegium'],['Richterkollegium'],[],[],[],['Richterkollegium'],['Richterkollegium'],[],[],['Richterkollegium'],[],['Richterkollegium'],['Richterkollegium'],['Richterkollegium'],['Richterkollegium'],['Richterkollegium'],[],['Richterkollegium'],['Richterkollegium'],['Richterkollegium'],['Richterkollegium'],['Richterkollegium']
,,,,,,,,,,,,,,,,,,,,,,,
,,,,,,,,,,,,,,,,,,,,,,,
[],['Wertpapierfirma'],[],[],[],[],[],['Wertpapierfirma'],['Wertpapierfirma'],['Wertpapierfirma'],[],['Wertpapierfirma'],[],[],[],[],['Wertpapierfirma'],[],[],['Wertpapierfirma'],[],['Wertpapierfirma'],['Wertpapierfirma'],[]
[],[],[],[],[],[],[],[],[],[],[],[],[],[],['verfassungsmässig Richter'],[],[],[],[],[],[],[],[],['verfassungsmässig Richter']
[],[],[],[],[],[],[],[],[],[],[],[],[],[],[],[],[],[],[],[],[],[],[],[]
,,,,,,,,,,,,,,,,,,,,,,,
[],['Absorption'],[],[],[],[],[],[],[],[],[],[],[],[],[],[],[],[],[],[],[],[],[],[]
[],[],[],[],[],[],[],[],[],[],[],[],[],[],[],[],[],[],[],[],[],[],[],[]
['faktisch Geschäftsführer'],['faktisch Geschäftsführer'],['faktisch Geschäftsführer'],['faktisch Geschäftsführer'],['faktisch Geschäftsführer'],['faktisch Geschäftsführer'],[],['faktisch Geschäftsführer'],[],['faktisch Geschäftsführer'],['faktisch Geschäftsführer'],['faktisch Geschäftsführer'],['faktisch Geschäftsführer'],['faktisch Geschäftsführer'],['faktisch Geschäftsführer'],['faktisch Geschäftsführer'],[],['faktisch Geschäftsführer'],[],['faktisch Geschäftsführer'],['faktisch Geschäftsführer'],['faktisch Geschäftsführer'],['faktisch Geschäftsführer'],['faktisch Geschäftsführer']
,,,,,,,,,,,,,,,,,,,,,,,
,,,,,,,,,,,,,,,,,,,,,,,
[],[],[],[],[],[],[],[],[],[],[],[],[],[],[],[],[],[],[],[],[],[],[],[]
,,,,,,,,,,,,,,,,,,,,,,,
[],['mitbestrafte Vortat'],['mitbestrafte Vortat'],['mitbestrafte Vortat'],[],['mitbestrafte Vortat'],[],[],[],[],[],[],[],[],[],[],[],[],[],['mitbestrafte Vortat'],[],['mitbestrafte Vortat'],[],[]
[],[],[],[],[],[],[],[],[],[],[],[],[],[],[],[],"['unrechtmässig Aneignung', 'unrechtmässig Aneignung']",[],[],[],[],[],[],"['unrechtmässig Aneignung', 'unrechtmässig Aneignung']"
,,,,,,,,,,,,,,,,,,,,,,,
,,,,,,,,,,,,,,,,,,,,,,,
,,,,,,,,,,,,,,,,,,,,,,,
,,,,,,,,,,,,,,,,,,,,,,,
,,,,,,,,,,,,,,,,,,,,,,,
[],[],[],[],[],[],[],['betrügerisch Konkurs'],[],['betrügerisch Konkurs'],['betrügerisch Konkurs'],['betrügerisch Konkurs'],[],[],[],['betrügerisch Konkurs'],[],['betrügerisch Konkurs'],[],['betrügerisch Konkurs'],[],[],[],['betrügerisch Konkurs']
['Konkursdelikt'],[],['Konkursdelikt'],['Konkursdelikt'],[],[],[],['Konkursdelikt'],[],[],[],[],[],['Konkursdelikt'],['Konkursdelikt'],['Konkursdelikt'],[],[],[],[],[],[],[],[]
[],[],[],[],[],[],[],[],[],[],[],[],[],[],[],[],[],[],[],[],[],[],[],[]
,,,,,,,,,,,,,,,,,,,,,,,
,,,,,,,,,,,,,,,,,,,,,,,
['Urteilsfähigkeit'],['Urteilsfähigkeit'],[],['Urteilsfähigkeit'],[],[],[],['Urteilsfähigkeit'],[],[],[],['Urteilsfähigkeit'],['Urteilsfähigkeit'],[],[],['Urteilsfähigkeit'],['Urteilsfähigkeit'],[],[],[],['Urteilsfähigkeit'],[],['Urteilsfähigkeit'],['Urteilsfähigkeit']
[],[],[],[],[],[],[],[],[],[],[],[],[],[],[],[],[],[],[],[],[],[],[],[]
,,,,,,,,,,,,,,,,,,,,,,,
,,,,,,,,,,,,,,,,,,,,,,,
[],['Strafschärfungsgrund'],[],[],[],[],[],[],[],[],[],[],[],['Strafschärfungsgrund'],['Strafschärfungsgrund'],[],[],[],[],[],['Strafschärfungsgrund'],[],[],['Strafschärfungsgrund']
,,,,,,,,,,,,,,,,,,,,,,,
[],['unechte Konkurrenz'],['unechte Konkurrenz'],[],[],[],[],[],[],[],[],[],[],[],[],[],[],[],[],[],[],[],['unechte Konkurrenz'],[]
,,,,,,,,,,,,,,,,,,,,,,,
,,,,,,,,,,,,,,,,,,,,,,,
,,,,,,,,,,,,,,,,,,,,,,,
,,,,,,,,,,,,,,,,,,,,,,,
,,,,,,,,,,,,,,,,,,,,,,,
[],[],['Realkonkurrenz'],"['Realkonkurrenz', 'Realkonkurrenz']",['Realkonkurrenz'],['Realkonkurrenz'],[],[],['Realkonkurrenz'],['Realkonkurrenz'],[],['Realkonkurrenz'],[],[],['Realkonkurrenz'],['Realkonkurrenz'],[],[],[],['Realkonkurrenz'],[],['Realkonkurrenz'],['Realkonkurrenz'],[]
,,,,,,,,,,,,,,,,,,,,,,,
,,,,,,,,,,,,,,,,,,,,,,,
,,,,,,,,,,,,,,,,,,,,,,,
,,,,,,,,,,,,,,,,,,,,,,,
[],[],[],[],[],[],[],[],[],[],[],[],[],[],['versucht Delikt'],[],[],[],[],[],[],[],[],[]
[],[],[],['versucht Delikt'],['versuchtes Delikt'],[],[],[],[],[],[],[],[],[],[],[],[],['versucht Delikt'],[],[],['versucht Delikt'],[],[],[]
[],['versucht Delikt'],['versucht Delikt'],[],['versucht Delikt'],['versucht Delikt'],[],['versucht Delikt'],[],[],[],['versucht Delikt'],['versucht Delikt'],['versucht Delikt'],[],['versucht Delikt'],[],['versucht Delikt'],[],[],[],[],[],['versucht Delikt']
,,,,,,,,,,,,,,,,,,,,,,,
,,,,,,,,,,,,,,,,,,,,,,,
,,,,,,,,,,,,,,,,,,,,,,,
[],[],[],['Intellektuelle Fälschung'],[],[],[],[],[],[],[],[],[],[],[],[],[],[],[],[],[],[],[],[]
[],['Intellektuelle Fälschung'],[],['Intellektuelle Fälschung'],[],[],[],[],['Intellektuelle Fälschung'],[],[],['Intellektuelle Fälschung'],[],[],[],[],[],['Intellektuelle Fälschung'],[],[],['Intellektuelle Fälschung'],[],[],[]
[],[],[],[],[],[],[],[],[],[],[],[],[],['objektiv Tatbestandsmerkmal'],['objektiv Tatbestandsmerkmal'],[],[],['objektiv Tatbestandsmerkmal'],[],[],[],[],[],[]
,,,,,,,,,,,,,,,,,,,,,,,
[],[],[],[],[],[],[],[],[],[],[],[],[],[],[],[],[],[],[],[],[],[],[],[]
,,,,,,,,,,,,,,,,,,,,,,,
['Tatsachengericht'],['Tatsachengericht'],['Tatsachengericht'],[],['Tatsachengericht'],['Tatsachengericht'],[],['Tatsachengericht'],['Tatsachengericht'],['Tatsachengericht'],[],[],[],[],['Tatsachengericht'],['Tatsachengericht'],['Tatsachengericht'],[],[],['Tatsachengericht'],['Tatsachengericht'],['Tatsachengericht'],[],[]
[],['Richter erster Instanz'],[],['erstinstanzliche Gericht'],['Richter erster Instanz'],[],['erstinstanzliche Gericht'],[],['Richter erster Instanz'],[],[],['erstinstanzliche Gericht'],[],['Richter erster Instanz'],[],[],['erstinstanzliche Gericht'],[],[],[],[],[],[],[]
,,,,,,,,,,,,,,,,,,,,,,,
['Gnade'],[],[],[],[],[],['Gnade'],[],['Gnade'],[],[],['Gnade'],[],[],[],[],[],[],['Gnade'],[],[],[],[],['Gnade']
,,,,,,,,,,,,,,,,,,,,,,,
,,,,,,,,,,,,,,,,,,,,,,,
,,,,,,,,,,,,,,,,,,,,,,,
[],[],[],['extensive Auslegung'],[],[],[],['extensive Auslegung'],[],[],[],['extensive Auslegung'],[],['extensive Auslegung'],['extensive Auslegung'],[],['extensive Auslegung'],['extensive Auslegung'],[],[],['extensive Auslegung'],['extensive Auslegung'],[],['extensive Auslegung']
['grammatikalische Auslegung'],['grammatikalische Interpretation'],['grammatikalische Auslegung'],['grammatikalische Auslegung'],['grammatikalische Auslegung'],['grammatikalische Auslegung'],[],['grammatikalische Auslegung'],['grammatikalische Auslegung'],['grammatikalische Interpretation'],['grammatikalische Auslegung'],['grammatikalische Auslegung'],['grammatikalische Auslegung'],['grammatikalische Auslegung'],['grammatikalische Auslegung'],['grammatikalische Auslegung'],['grammatikalische Auslegung'],['grammatikalische Auslegung'],[],['grammatikalische Auslegung'],['grammatikalische Auslegung'],['grammatikalische Auslegung'],['grammatikalische Auslegung'],[]
,,,,,,,,,,,,,,,,,,,,,,,
[],[],[],"['psychische Gehilfenschaft', 'psychische Gehilfenschaft']",[],[],[],[],[],[],[],[],[],[],[],[],[],[],[],[],[],[],[],[]
[],[],[],"['psychische Gehilfenschaft', 'psychische Gehilfenschaft']",[],[],[],[],[],[],[],[],[],[],[],[],[],[],[],[],[],[],[],[]
[],[],['zulässig'],['zulässig'],[],[],[],[],[],[],[],['zulässig'],[],[],[],['zulässig'],[],[],['zulässig'],['zulässig'],['zulässig'],[],[],['zulässig']
[],[],[],[],[],[],[],[],[],[],[],[],[],[],[],[],[],[],[],[],[],[],[],[]
[],[],[],[],[],[],[],[],[],[],[],[],[],[],[],[],[],[],[],[],[],[],[],[]
[],[],[],[],[],[],[],[],[],[],[],[],[],[],[],[],[],[],[],[],[],[],[],[]
,,,,,,,,,,,,,,,,,,,,,,,
[],[],[],[],[],[],[],[],[],[],[],[],[],[],[],[],[],[],[],[],[],[],[],[]
,,,,,,,,,,,,,,,,,,,,,,,
[],[],[],[],[],[],[],[],[],[],[],[],[],[],[],[],[],[],[],[],[],[],[],[]
,,,,,,,,,,,,,,,,,,,,,,,
,,,,,,,,,,,,,,,,,,,,,,,
,,,,,,,,,,,,,,,,,,,,,,,
,,,,,,,,,,,,,,,,,,,,,,,
[],[],[],[],[],[],[],[],[],[],[],[],[],[],[],[],[],[],[],[],[],[],[],[]
,,,,,,,,,,,,,,,,,,,,,,,
[],[],[],[],[],[],[],[],[],[],[],[],[],[],[],[],[],[],[],[],[],[],[],[]
[],['abstrakte Strafandrohung'],['Strafdrohung'],['abstrakte Strafandrohung'],[],['Strafdrohung'],[],['abstrakte Strafandrohung'],['Strafdrohung'],[],[],['Strafdrohung'],[],[],['abstrakte Strafandrohung'],[],['abstrakte Strafandrohung'],['abstrakte Strafandrohung'],[],['Strafdrohung'],['abstrakte Strafandrohung'],['Strafdrohung'],['abstrakte Strafandrohung'],['Strafdrohung']
[],[],[],[],[],[],[],[],[],[],[],[],[],[],[],[],[],[],[],[],[],[],[],[]
[],[],[],[],[],[],[],[],[],[],[],[],[],[],[],[],[],[],[],[],[],[],[],[]
[],['aufrichtige Reue'],['aufrichtige Reue'],['aufrichtige Reue'],['aufrichtige Reue'],['aufrichtige Reue'],[],['aufrichtige Reue'],[],[],['aufrichtige Reue'],[],['aufrichtige Reue'],[],['aufrichtige Reue'],['aufrichtig Reue'],[],['aufrichtige Reue'],[],[],[],['aufrichtige Reue'],['aufrichtige Reue'],['aufrichtig Reue']
[],[],[],[],[],[],[],[],[],[],[],[],[],[],['Überlegung'],[],[],[],[],[],[],[],[],[]
,,,,,,,,,,,,,,,,,,,,,,,
[],[],[],[],[],[],[],[],[],[],['Prinzip der Unmittelbarkeit'],[],[],[],[],[],[],[],['Prinzip der Unmittelbarkeit'],[],[],[],[],[]
[],[],[],[],[],[],[],['Prinzip der materiellen Wahrheit'],[],[],[],[],['Prinzip der materiellen Wahrheit'],[],[],[],[],[],[],[],[],[],[],[]
[],[],['Bestimmtheitsgebot'],[],['Bestimmtheitsgebot'],['Bestimmtheitsgebot'],[],['Bestimmtheitsgebot'],['Bestimmtheitsgebot'],['Bestimmtheitsgebot'],[],['Bestimmtheitsgebot'],[],['Bestimmtheitsgebot'],['Bestimmtheitsgebot'],['Bestimmtheitsgebot'],[],[],[],['Bestimmtheitsgebot'],['Bestimmtheitsgebot'],['Bestimmtheitsgebot'],[],[]
,,,,,,,,,,,,,,,,,,,,,,,
[],[],[],[],[],[],[],[],[],"['Prinzip', 'Prinzip']",[],[],[],[],[],[],['Prinzip'],[],[],[],['Prinzip'],[],[],['Prinzip']
,,,,,,,,,,,,,,,,,,,,,,,
,,,,,,,,,,,,,,,,,,,,,,,
,,,,,,,,,,,,,,,,,,,,,,,
[],[],[],[],[],[],[],[],[],['gemeines Delikt'],[],[],[],[],[],[],['gemeines Delikt'],[],[],[],[],[],[],['gemeines Delikt']
,,,,,,,,,,,,,,,,,,,,,,,
['vollendet Delikt'],[],[],[],[],['vollendet Delikt'],[],['vollendet Delikt'],[],[],[],[],[],[],[],[],[],[],[],[],[],[],['vollendet Delikt'],['vollendet Delikt']
['fortgesetzt Delikt'],['fortgesetzt Delikt'],[],[],[],['fortgesetzt Delikt'],[],['fortgesetzt Delikt'],['fortgesetzt Delikt'],[],[],['fortgesetzt Delikt'],['fortgesetzt Delikt'],['fortgesetzt Delikt'],[],['fortgesetzt Delikt'],[],['fortgesetzt Delikt'],[],[],['fortgesetzt Delikt'],[],[],['fortgesetzt Delikt']
,,,,,,,,,,,,,,,,,,,,,,,
,,,,,,,,,,,,,,,,,,,,,,,
[],[],[],[],[],[],[],[],[],[],[],[],[],[],[],[],[],[],[],[],[],[],[],[]
['gestohlenes Gut'],['gestohlenes Gut'],['gestohlenes Gut'],['gestohlenes Gut'],[],[],[],['gestohlen Gut'],[],[],[],[],[],[],['gestohlenes Gut'],[],['gestohlenes Gut'],['gestohlenes Gut'],[],[],[],[],[],['gestohlenes Gut']
[],[],"['Raufhandel', 'Raufhandel']",['Raufhandel'],"['Raufhandel', 'Raufhandel']","['Raufhandel', 'Raufhandel']",[],"['Raufhandel', 'Raufhandel']","['Raufhandel', 'Raufhandel']",[],[],[],"['Raufhandel', 'Raufhandel']",[],"['Raufhandel', 'Raufhandel']","['Raufhandel', 'Raufhandel']","['Raufhandel', 'Raufhandel']",[],[],"['Raufhandel', 'Raufhandel']",[],"['Raufhandel', 'Raufhandel']","['Raufhandel', 'Raufhandel']",[]
,,,,,,,,,,,,,,,,,,,,,,,
,,,,,,,,,,,,,,,,,,,,,,,
,,,,,,,,,,,,,,,,,,,,,,,
[],['vorübergehender Aufenthalt'],['vorübergehend Aufenthalt'],[],[],[],[],[],[],['vorübergehend Aufenthalt'],[],[],[],[],['vorübergehend Aufenthalt'],[],[],[],[],[],[],[],[],[]
['Unterstellung'],[],[],['Unterstellung'],[],[],[],[],[],[],[],[],[],[],[],[],['Unterstellung'],[],[],[],[],[],[],[]
,,,,,,,,,,,,,,,,,,,,,,,
,,,,,,,,,,,,,,,,,,,,,,,
,,,,,,,,,,,,,,,,,,,,,,,
,,,,,,,,,,,,,,,,,,,,,,,
,,,,,,,,,,,,,,,,,,,,,,,
,,,,,,,,,,,,,,,,,,,,,,,
[],[],[],[],[],[],[],[],[],[],[],[],[],[],[],[],[],[],[],[],"['Tatbestandsmässigkeit', 'Tatbestandsmässigkeit']",[],[],[]
,,,,,,,,,,,,,,,,,,,,,,,
,,,,,,,,,,,,,,,,,,,,,,,
['Wiederverwertung'],[],['Wiederverwertung'],['Wiederverwendung'],[],['Wiederverwertung'],['Wiederverwertung'],['Wiederverwertung'],['Wiederverwertung'],[],[],[],['Wiederverwendung'],[],['Wiederverwertung'],['Wiederverwertung'],[],['Wiederverwertung'],[],[],[],[],['Wiederverwertung'],[]
[],[],[],['Arbeitslosenentschädigung'],[],[],[],['Arbeitslosenentschädigung'],[],[],[],['Arbeitslosenentschädigung'],[],['Arbeitslosenentschädigung'],['Arbeitslosenentschädigung'],[],['Arbeitslosenentschädigung'],['Arbeitslosenentschädigung'],[],['Arbeitslosenentschädigung'],['Arbeitslosenentschädigung'],[],['Arbeitslosenentschädigung'],['Arbeitslosenentschädigung']
[],['Eignung zur Adoption'],['Eignung zur Adoption'],['Adoptionseignung'],['Eignung zur Adoption'],['Eignung zur Adoption'],['Eignung zur Adoption'],['Adoptionseignung'],['Eignung zur Adoption'],['Eignung zur Adoption'],[],['Eignung zur Adoption'],['Eignung zur Adoption'],['Eignung zur Adoption'],['Eignung zur Adoption'],['Eignung zur Adoption'],['Adoptionseignung'],['Adoptionseignung'],[],['Eignung zur Adoption'],['Eignung zur Adoption'],['Adoptionseignung'],['Adoptionseignung'],['Eignung zur Adoption']
,,,,,,,,,,,,,,,,,,,,,,,
,,,,,,,,,,,,,,,,,,,,,,,
[],['Missbrauch der Amtsgewalt'],[],[],[],[],[],[],[],['Missbrauch der Amtsgewalt'],[],[],[],[],[],[],[],[],[],[],[],[],[],[]
[],[],[],[],[],[],[],[],[],[],[],[],[],[],[],[],[],[],[],[],['Amtsanmassung'],[],[],[]
,,,,,,,,,,,,,,,,,,,,,,,
,,,,,,,,,,,,,,,,,,,,,,,
[],[],[],[],[],[],[],[],[],[],[],[],[],[],[],[],[],[],[],[],[],[],[],[]
[],[],[],[],[],[],[],[],[],[],[],[],[],[],[],[],[],[],[],[],[],[],[],[]
['Schweigen'],['Schweigen'],['Schweigen'],['Schweigen'],['Schweigen'],[],[],['Schweigen'],['Schweigen'],['Schweigen'],['Schweigen'],['Schweigen'],['Schweigen'],['Schweigen'],['Schweigen'],[],['Schweigen'],['Schweigen'],['Schweigen'],['Schweigen'],['Schweigen'],['Schweigen'],['Schweigen'],['Schweigen']
,,,,,,,,,,,,,,,,,,,,,,,
,,,,,,,,,,,,,,,,,,,,,,,
[],[],[],[],[],[],[],[],[],[],[],[],[],[],[],[],[],[],[],[],[],[],[],[]
[],[],['Haftentschädigung'],['Haftentschädigung'],[],['Haftentschädigung'],[],['Haftentschädigung'],[],[],[],[],['Haftentschädigung'],['Haftentschädigung'],['Haftentschädigung'],['Haftentschädigung'],['Haftentschädigung'],[],[],[],['Haftentschädigung'],[],['Haftentschädigung'],[]
,,,,,,,,,,,,,,,,,,,,,,,
[],[],['Geschäftsbücher'],['Geschäftsbücher'],[],[],[],[],['Geschäftsbücher'],[],[],[],[],[],['Geschäftsbücher'],['Geschäftsbücher'],['Geschäftsbücher'],[],[],[],['Geschäftsbücher'],['Geschäftsbücher'],['Geschäftsbücher'],[]
['Geschäftsbücher'],['Geschäftsbücher'],['Geschäftsbücher'],[],['Geschäftsbücher'],['Geschäftsbücher'],[],['Geschäftsbücher'],['Geschäftsbücher'],[],[],['Geschäftsbücher'],[],['Geschäftsbücher'],['Geschäftsbücher'],['Geschäftsbücher'],[],['Geschäftsbücher'],[],['Geschäftsbücher'],['Geschäftsbücher'],['Geschäftsbücher'],['Geschäftsbücher'],['Geschäftsbücher']
[],['subjektiv Tatbestandselement'],['subjektiv Tatbestandselement'],['subjektiv Tatbestandselement'],['subjektiv Tatbestandselement'],['subjektiv Tatbestandselement'],[],[],['subjektives Tatbestandselement'],['subjektiv Tatbestandselement'],[],['subjektiv Tatbestandselement'],['subjektiv Tatbestandselement'],"['subjektiv Tatbestandselement', 'subjektiv Tatbestandselement']",['subjektiv Tatbestandselement'],['subjektiv Tatbestandselement'],[],[],[],['subjektiv Tatbestandselement'],[],['subjektiv Tatbestandselement'],['subjektiv Tatbestandselement'],['subjektiv Tatbestandselement']
,,,,,,,,,,,,,,,,,,,,,,,
,,,,,,,,,,,,,,,,,,,,,,,
[],[],[],[],[],[],[],[],[],[],[],[],[],[],[],[],[],[],[],[],[],[],[],[]
,,,,,,,,,,,,,,,,,,,,,,,
[],[],[],['einfache Buchführung'],[],[],[],[],[],[],[],[],[],[],['einfache Buchführung'],[],[],[],[],[],['einfache Buchführung'],[],['einfache Buchführung'],[]
[],[],[],[],[],[],[],['doppelt Buchhaltung'],['doppelte Buchhaltung'],[],[],[],[],[],[],[],[],[],[],['doppelt Buchhaltung'],[],['doppelt Buchhaltung'],['doppelt Buchhaltung'],[]
[],"['Frachtlohn', 'Frachtlohn']",[],[],[],[],[],[],[],[],[],"['Frachtlohn', 'Frachtlohn']","['Frachtlohn', 'Frachtlohn']",[],[],[],[],"['Frachtlohn', 'Frachtlohn']",[],[],"['Frachtlohn', 'Frachtlohn']",[],[],[]
[],['Einzelkaufmann'],['Einzelkaufmann'],[],[],['Einzelkaufmann'],[],['Einzelkaufmann'],[],['Einzelkaufmann'],[],[],[],['Einzelkaufmann'],[],['Einzelkaufmann'],['Einzelkaufmann'],[],[],[],['Einzelkaufmann'],[],[],[]
,,,,,,,,,,,,,,,,,,,,,,,
,,,,,,,,,,,,,,,,,,,,,,,
[],['Wahlrecht'],['Wahlrecht'],['Wahlrecht'],"['Wahlrecht', 'Wahlrecht']","['Wahlrecht', 'Wahlrecht']",[],['Wahlrecht'],['Wahlrecht'],['Wahlrecht'],"['Wahlrecht', 'Wahlrecht']",['Wahlrecht'],['Wahlrecht'],['Wahlrecht'],"['Wahlrecht', 'Wahlrecht']",['Wahlrecht'],[],[],[],['Wahlrecht'],['Wahlrecht'],['Wahlrecht'],"['Wahlrecht', 'Wahlrecht']",['Wahlrecht']
[],[],[],[],[],[],[],[],[],[],[],[],[],[],[],[],[],[],[],[],[],[],[],[]
[],[],[],[],[],[],[],[],[],[],[],[],[],['Gesamtarbeitsvertragsverhandlungen'],[],[],[],[],[],[],[],[],[],[]
['Überzeit'],[],['Überzeit'],[],['Überzeit'],[],[],[],[],[],[],['Überzeit'],[],[],[],['Überzeit'],['Überzeit'],[],[],[],['Überzeit'],[],['Überzeit'],['Überzeit']
['Universalerbe'],['Alleinerbe'],[],['Universalerbe'],['Universalerbe'],[],[],[],[],['Universalerbe'],[],['Universalerbe'],['Universalerbe'],['Universalerbe'],['Universalerbe'],['Universalerbe'],['Universalerbe'],['Universalerbe'],[],[],[],[],['Universalerbe'],[]
,,,,,,,,,,,,,,,,,,,,,,,
,,,,,,,,,,,,,,,,,,,,,,,
[],[],[],[],[],[],[],[],[],[],[],[],[],[],[],[],[],[],[],[],[],[],[],[]
,,,,,,,,,,,,,,,,,,,,,,,
,,,,,,,,,,,,,,,,,,,,,,,
,,,,,,,,,,,,,,,,,,,,,,,
['Fairness'],['Fairness'],[],[],[],[],['Fairness'],[],[],['Fairness'],['Fairness'],[],[],[],[],[],[],[],[],[],[],[],[],[]
,,,,,,,,,,,,,,,,,,,,,,,
,,,,,,,,,,,,,,,,,,,,,,,
[],[],"['Leistungszeit', 'Leistungszeit']","['Leistungszeit', 'Leistungszeit']","['Leistungszeit', 'Leistungszeit']","['Leistungszeit', 'Leistungszeit']",[],[],[],[],[],"['Leistungszeit', 'Leistungszeit']","['Leistungszeit', 'Leistungszeit']","['Leistungszeit', 'Leistungszeit']","['Leistungszeit', 'Leistungszeit']",[],['Zeit der Erfüllung'],[],[],"['Leistungszeit', 'Leistungszeit']",[],"['Leistungszeit', 'Leistungszeit']","['Leistungszeit', 'Leistungszeit']","['Zeit der Erfüllung', 'Zeit der Erfüllung']"
,,,,,,,,,,,,,,,,,,,,,,,
,,,,,,,,,,,,,,,,,,,,,,,
,,,,,,,,,,,,,,,,,,,,,,,
[],[],[],['Koalitionsfreiheit'],['Koalitionsfreiheit'],['Koalitionsfreiheit'],[],['Koalitionsfreiheit'],[],[],[],['Koalitionsfreiheit'],['Koalitionsfreiheit'],['Koalitionsfreiheit'],['Koalitionsfreiheit'],[],['Koalitionsfreiheit'],[],[],[],[],['Koalitionsfreiheit'],['Koalitionsfreiheit'],[]
,,,,,,,,,,,,,,,,,,,,,,,
,,,,,,,,,,,,,,,,,,,,,,,
,,,,,,,,,,,,,,,,,,,,,,,
,,,,,,,,,,,,,,,,,,,,,,,
[],[],[],[],[],[],[],[],[],[],[],[],[],[],[],[],[],[],[],[],[],[],[],[]
[],['Widerrechtlichkeit'],[],[],[],[],[],[],[],['Widerrechtlichkeit'],[],[],[],[],[],['Widerrechtlichkeit'],[],[],[],[],[],[],[],[]
[],[],[],[],[],[],[],[],[],[],[],[],[],[],[],[],[],[],[],[],[],[],[],[]
['falsus procurator'],[],[],['falsus procurator'],[],['falsus procurator'],[],[],[],[],[],[],[],[],[],[],['falsus procurator'],['falsus procurator'],[],[],[],[],[],['Falsus Procurator']
,,,,,,,,,,,,,,,,,,,,,,,
[],[],[],[],[],[],[],[],[],[],[],[],[],[],[],[],[],[],[],[],[],[],[],[]
[],[],[],[],[],[],[],[],[],[],[],[],[],[],[],[],[],[],[],[],[],[],[],[]
,,,,,,,,,,,,,,,,,,,,,,,
,,,,,,,,,,,,,,,,,,,,,,,
,,,,,,,,,,,,,,,,,,,,,,,
['vertraglich Zins'],[],['vertraglich Zins'],['vertraglich Zins'],['vertraglich Zins'],[],[],[],['vertraglich Zins'],['vertraglich Zins'],[],[],"['vertraglich Zins', 'vertraglich Zins']",['vertraglich Zins'],['vertraglich Zins'],['vertraglich Zins'],"['vertraglich Zins', 'vertraglich Zins']",['vertraglich Zins'],[],['vertraglich Zins'],['vertraglich Zins'],['vertraglich Zins'],[],[]
,,,,,,,,,,,,,,,,,,,,,,,
[],[],[],[],[],[],[],['Kollektivvertretung'],[],[],[],[],[],[],['Kollektivvertretung'],['Kollektivvertretung'],[],[],[],[],[],[],['Kollektivvertretung'],[]
[],[],['Holdinggesellschaft'],['Holdinggesellschaft'],['Holdinggesellschaft'],['Holdinggesellschaft'],[],['Holdinggesellschaft'],['Holdinggesellschaft'],[],['Holdinggesellschaft'],[],['Holdinggesellschaft'],['Holdinggesellschaft'],['Holdinggesellschaft'],['Holdinggesellschaft'],['Holdinggesellschaft'],['Holdinggesellschaft'],[],['Holdinggesellschaft'],['Holdinggesellschaft'],['Holdinggesellschaft'],['Holdinggesellschaft'],[]
[],['vollziehend Gewalt'],['vollziehend Gewalt'],['vollziehend Gewalt'],['vollziehend Gewalt'],['vollziehend Gewalt'],[],['vollziehend Gewalt'],['vollziehend Gewalt'],['vollziehend Gewalt'],[],[],[],[],['vollziehend Gewalt'],['vollziehend Gewalt'],['vollziehend Gewalt'],['vollziehend Gewalt'],[],[],[],[],['vollziehend Gewalt'],[]
[],[],['Solvenz'],['Solvenz'],['Solvenz'],['Solvenz'],[],[],[],[],[],['Solvenz'],[],['Solvenz'],['Solvenz'],[],['Solvenz'],['Solvenz'],[],[],[],[],['Solvenz'],['Solvenz']
,,,,,,,,,,,,,,,,,,,,,,,
,,,,,,,,,,,,,,,,,,,,,,,
[],[],['nicht voll eingezahlt Aktie'],['nicht voll eingezahlt Aktie'],['nicht voll eingezahlt Aktie'],['nicht voll eingezahlt Aktie'],[],['nicht voll eingezahlt Aktie'],['nicht voll liberiert Aktie'],[],[],[],['nicht voll eingezahlte Aktie'],['nicht voll eingezahlt Aktie'],['nicht voll eingezahlt Aktie'],['nicht voll eingezahlt Aktie'],['nicht voll eingezahlt Aktie'],['nicht voll eingezahlt Aktie'],[],['nicht voll eingezahlt Aktie'],[],['nicht voll eingezahlt Aktie'],['nicht voll eingezahlt Aktie'],[]
['Mehrheitsaktionär'],['Mehrheitsaktionär'],['Mehrheitsaktionär'],['Mehrheitsaktionär'],[],['Mehrheitsaktionär'],[],['Mehrheitsaktionär'],[],['Mehrheitsaktionär'],[],[],['Mehrheitsaktionär'],['Mehrheitsaktionär'],['Mehrheitsaktionär'],['Mehrheitsaktionär'],['Mehrheitsaktionär'],['Mehrheitsaktionär'],[],['Mehrheitsaktionär'],['Mehrheitsaktionär'],['Mehrheitsaktionär'],['Mehrheitsaktionär'],[]
['Willenseinigung'],[],[],[],['Willenseinigung'],[],[],['Willenseinigung'],[],['Willenseinigung'],[],['Willenseinigung'],['Willenseinigung'],[],[],[],[],[],[],[],[],[],[],[]
,,,,,,,,,,,,,,,,,,,,,,,
,,,,,,,,,,,,,,,,,,,,,,,
[],[],[],[],[],[],[],[],[],[],[],[],[],[],[],[],[],[],[],[],[],[],[],[]
[],['kasuelle Bedingung'],['zufällige Bedingung'],['zufällige Bedingung'],[],[],[],['kasuelle Bedingung'],[],['zufällige Bedingung'],[],[],['zufällige Bedingung'],['zufällige Bedingung'],[],[],['zufällige Bedingung'],[],['zufällige Bedingung'],[],['zufällige Bedingung'],[],[],['zufällige Bedingung']
,,,,,,,,,,,,,,,,,,,,,,,
,,,,,,,,,,,,,,,,,,,,,,,
,,,,,,,,,,,,,,,,,,,,,,,
,,,,,,,,,,,,,,,,,,,,,,,
,,,,,,,,,,,,,,,,,,,,,,,
[],"['Verwaltungsverfügung', 'Verfügung']",[],[],[],[],[],[],[],[],[],[],[],[],[],[],[],[],[],[],[],[],[],[]
[],['Endverfügung'],[],[],[],[],[],[],[],['Endverfügung'],[],[],['Endverfügung'],[],['Endverfügung'],[],[],[],[],[],[],[],['Endverfügung'],[]
[],[],[],[],[],[],[],[],[],[],[],[],[],[],[],[],[],[],[],[],[],[],[],[]
,,,,,,,,,,,,,,,,,,,,,,,
,,,,,,,,,,,,,,,,,,,,,,,
,,,,,,,,,,,,,,,,,,,,,,,
[],[],[],[],[],[],[],"['Strassenverkehrsgesetz', 'Strassenverkehrsgesetz']",[],"['SVG', 'SVG']",[],[],"['SVG', 'SVG']",[],[],[],[],[],[],[],[],[],"['SVG', 'SVG']",[]
,,,,,,,,,,,,,,,,,,,,,,,
,,,,,,,,,,,,,,,,,,,,,,,
[],[],[],[],['Beschränkungen'],[],[],[],[],[],[],['Beschränkungen'],[],[],[],['Beschränkungen'],[],['Beschränkungen'],[],[],[],['Beschränkungen'],['Beschränkungen'],[]
[],['Liberationsvermächtnis'],[],[],[],[],[],[],[],[],[],[],[],[],[],[],[],[],[],[],[],[],[],['Liberationsvermächtnis']
[],[],[],[],[],[],[],[],[],[],[],[],[],[],[],[],[],[],[],[],[],[],[],[]
,,,,,,,,,,,,,,,,,,,,,,,
,,,,,,,,,,,,,,,,,,,,,,,
,,,,,,,,,,,,,,,,,,,,,,,
,,,,,,,,,,,,,,,,,,,,,,,
,,,,,,,,,,,,,,,,,,,,,,,
[],[],[],[],[],[],[],[],[],[],[],[],[],[],[],[],[],[],[],[],[],[],[],[]
[],[],[],[],[],[],[],[],[],[],[],[],[],[],[],[],[],[],[],[],[],[],['Eheschliessung'],[]
[],[],[],[],[],[],[],[],[],[],[],[],[],[],[],[],[],[],[],[],[],[],[],[]
,,,,,,,,,,,,,,,,,,,,,,,
[],['Tun'],['Tun'],['Tun'],['Tun'],['Tun'],[],['Tun'],['Tun'],"['Tun', 'Tun']",[],[],['Tun'],['Tun'],['Tun'],[],"['Tun', 'Tun']",[],['Tun'],['Tun'],['Tun'],['Tun'],['Tun'],['tun']
,,,,,,,,,,,,,,,,,,,,,,,
['Solidarität'],['Solidarität'],[],[],[],[],['Solidarität'],[],[],[],['Solidarität'],[],[],['Solidarität'],[],['Solidarität'],[],['Solidarität'],['Solidarität'],[],[],[],[],[]
,,,,,,,,,,,,,,,,,,,,,,,
,,,,,,,,,,,,,,,,,,,,,,,
[],['Saldoquittung'],[],[],['Saldoquittung'],[],[],['Saldoquittung'],[],[],[],[],[],[],[],[],[],[],[],[],[],[],[],[]
[],[],[],[],[],[],[],[],[],[],[],[],[],[],[],[],[],[],[],[],[],[],[],[]
['Agio'],['Agio'],['Agio'],['Agio'],[],['Agio'],[],['Agio'],[],[],[],['Agio'],[],['Agio'],['Agio'],['Agio'],['Agio'],['Agio'],[],[],['Agio'],['Agio'],['Agio'],[]
[],[],[],[],[],[],[],[],[],['essentialia negotii'],[],[],[],[],[],[],['essentialia negotii'],[],[],[],[],[],[],[]
,,,,,,,,,,,,,,,,,,,,,,,
[],[],[],[],[],[],[],[],[],[],[],[],[],[],[],[],[],[],[],[],[],[],[],[]
[],[],[],[],[],[],[],[],[],['Verleaser'],[],[],[],[],['Verleaser'],[],[],['Verleaser'],[],[],[],[],[],[]
,,,,,,,,,,,,,,,,,,,,,,,
[],[],[],[],[],[],[],[],[],[],[],[],[],[],[],[],[],[],[],[],[],[],[],[]
[],[],[],[],[],[],[],[],[],[],[],[],[],[],[],[],[],[],[],[],[],[],[],[]
['Nominalwert'],[],[],['Nominalwert'],[],[],[],[],[],[],[],['Nominalwert'],[],['Nominalwert'],['Nominalwert'],['Nominalwert'],['Nominalwert'],[],[],['Nominalwert'],[],[],[],['Nominalwert']
,,,,,,,,,,,,,,,,,,,,,,,
[],['Reserve'],[],[],[],[],['Reserve'],['Reserve'],[],['Reserve'],[],['Reserve'],[],[],[],[],[],['Reserve'],[],[],[],[],[],[]
[],[],[],[],[],[],[],[],[],[],[],[],[],[],[],[],[],[],[],[],[],[],[],[]
,,,,,,,,,,,,,,,,,,,,,,,
[],[],[],[],['Strohmann'],['Strohmann'],[],['Strohmann'],['Strohmann'],['Strohmann'],[],['Strohmann'],['Strohmann'],[],['Strohmann'],['Strohmann'],[],[],[],[],[],['Strohmann'],['Strohmann'],[]
['Tatsachenirrtum'],['Tatsachenirrtum'],['Tatsachenirrtum'],[],['Tatsachenirrtum'],['Tatsachenirrtum'],[],['Tatsachenirrtum'],['Tatsachenirrtum'],['Tatsachenirrtum'],[],['Tatsachenirrtum'],['Tatsachenirrtum'],[],['Tatsachenirrtum'],['Tatsachenirrtum'],['Tatsachenirrtum'],['Tatsachenirrtum'],[],['Tatsachenirrtum'],['Tatsachenirrtum'],['Tatsachenirrtum'],['Tatsachenirrtum'],['Tatsachenirrtum']
,,,,,,,,,,,,,,,,,,,,,,,
,,,,,,,,,,,,,,,,,,,,,,,
,,,,,,,,,,,,,,,,,,,,,,,
,,,,,,,,,,,,,,,,,,,,,,,
,,,,,,,,,,,,,,,,,,,,,,,
[],[],[],[],[],[],[],[],[],[],[],[],[],[],[],[],[],[],[],[],[],[],[],[]
,,,,,,,,,,,,,,,,,,,,,,,
[],['Treuepflicht'],[],[],['Treuepflicht'],['Treuepflicht'],[],[],[],['Treuepflicht'],[],[],[],[],[],['Treuepflicht'],[],['Treuepflicht'],[],[],[],[],['Treuepflicht'],['Treuepflicht']
[],[],[],[],[],[],[],[],[],[],[],[],[],[],[],[],[],[],[],[],[],[],[],[]
['Unmündiger'],[],[],[],[],[],[],[],[],[],[],[],[],[],[],[],[],['unmündiger'],[],[],[],[],[],[]
[],[],['Teilzahlung'],['Teilzahlung'],[],[],[],[],[],[],[],[],[],[],"['Teilzahlung', 'Teilzahlung']",[],[],[],[],[],[],[],[],[]
[],['Zivilstandsregister'],[],[],[],[],[],['Zivilstandsregister'],[],['Zivilstandsregister'],[],[],[],[],[],[],[],[],[],[],[],[],[],[]
[],[],[],['Rückfall'],['Rückfall'],['Rückfall'],[],['Rückfall'],['Rückfall'],[],[],[],[],[],[],[],[],['Rückfall'],[],['Rückfall'],[],['Rückfall'],[],[]
,,,,,,,,,,,,,,,,,,,,,,,
[],[],['Herstellerleasing'],[],[],['Herstellerleasing'],[],['Hersteller-Leasing'],['Hersteller-Leasing'],['Hersteller-Leasing'],[],['Herstellerleasing'],['Herstellerleasing'],[],['Herstellerleasing'],[],[],['Hersteller-Leasing'],[],['Herstellerleasing'],[],['Herstellerleasing'],['Herstellerleasing'],[]
,,,,,,,,,,,,,,,,,,,,,,,
,,,,,,,,,,,,,,,,,,,,,,,
['effektiver Jahreszins'],['effektiv Jahreszins'],['effektiv Jahreszins'],['effektiv Jahreszins'],['effektiv Jahreszins'],['effektiv Jahreszins'],[],['effektiv Jahreszins'],[],[],[],['effektiv Jahreszins'],['effektiv Jahreszins'],['effektiv Jahreszins'],[],['effektiv Jahreszins'],['effektiv Jahreszins'],['effektiv Jahreszins'],[],['effektiv Jahreszins'],[],['effektiv Jahreszins'],['effektiv Jahreszins'],[]
[],[],[],[],[],[],[],[],[],[],[],[],[],[],[],[],[],[],[],[],[],[],[],[]
[],"['Kreditgeber', 'Kreditgeber']","['Kreditgeber', 'Kreditgeber']",[],"['Kreditgeber', 'Kreditgeber']","['Kreditgeber', 'Kreditgeber']",[],"['Kreditgeber', 'Kreditgeber']","['Kreditgeber', 'Kreditgeber']","['Kreditgeber', 'Kreditgeber']",[],[],"['Kreditgeber', 'Kreditgeber']","['Kreditgeber', 'Kreditgeber']","['Kreditgeber', 'Kreditgeber']","['Kreditgeber', 'Kreditgeber']","['Kreditgeber', 'Kreditgeber']","['Kreditgeber', 'Kreditgeber']",[],"['Kreditgeber', 'Kreditgeber']","['Kreditgeber', 'Kreditgeber']","['Kreditgeber', 'Kreditgeber']","['Kreditgeber', 'Kreditgeber']",[]
,,,,,,,,,,,,,,,,,,,,,,,
['Legalitätsprinzip'],['Legalitätsprinzip'],['Legalitätsprinzip'],['Legalitätsprinzip'],['Legalitätsprinzip'],['Legalitätsprinzip'],[],['Legalitätsprinzip'],[],['Legalitätsprinzip'],['Legalitätsprinzip'],['Legalitätsprinzip'],['Legalitätsprinzip'],['Legalitätsprinzip'],['Legalitätsprinzip'],['Legalitätsprinzip'],[],['Legalitätsprinzip'],[],[],['Legalitätsprinzip'],[],['Legalitätsprinzip'],[]
,,,,,,,,,,,,,,,,,,,,,,,
,,,,,,,,,,,,,,,,,,,,,,,
,,,,,,,,,,,,,,,,,,,,,,,
,,,,,,,,,,,,,,,,,,,,,,,
,,,,,,,,,,,,,,,,,,,,,,,
"['revolvierend Kredit', 'revolvierend Kredit']",[],[],"['revolvierend Kredit', 'revolvierend Kredit']","['revolvierend Kredit', 'revolvierend Kredit']","['revolvierend Kredit', 'revolvierend Kredit']",[],[],[],[],"['revolvierend Kredit', 'revolvierend Kredit']","['revolvierend Kredit', 'revolvierend Kredit']","['revolvierend Kredit', 'revolvierend Kredit']",[],[],[],"['revolvierend Kredit', 'revolvierend Kredit']","['revolvierend Kredit', 'revolvierend Kredit']",[],"['revolvierend Kredit', 'revolvierend Kredit']",['revolvierender Kredit'],[],"['revolvierend Kredit', 'revolvierend Kredit']",[]
,,,,,,,,,,,,,,,,,,,,,,,
,,,,,,,,,,,,,,,,,,,,,,,
,,,,,,,,,,,,,,,,,,,,,,,
['Benützungsrecht'],['Benützungsrecht'],['Benützungsrecht'],['Benützungsrecht'],[],[],[],['Benützungsrecht'],[],[],[],['Benützungsrecht'],[],[],['Benützungsrecht'],[],['Benützungsrecht'],['Benützungsrecht'],[],[],[],[],['Benützungsrecht'],['Benützungsrecht']
[],['Benützungsrecht'],[],['Benützungsrecht'],[],[],[],[],[],[],[],[],[],[],[],[],[],[],[],[],[],[],[],[]
[],[],['Benützungsrecht'],[],[],[],[],['Benützungsrecht'],[],['Benützungsrecht'],[],[],[],[],['Benützungsrecht'],[],['Benützungsrecht'],[],[],[],[],[],['Benützungsrecht'],[]
,,,,,,,,,,,,,,,,,,,,,,,
['verlobter'],['verlobter'],['verlobter'],[],[],['verlobter'],['verlobter'],[],[],[],[],['verlobter'],[],[],['verlobter'],[],[],['verlobter'],['verlobter'],['verlobter'],['verlobter'],['verlobter'],['verlobter'],['verlobter']
,,,,,,,,,,,,,,,,,,,,,,,
[],[],[],[],[],['Trauzeuge'],[],[],[],[],[],[],[],['Trauzeuge'],[],[],[],[],[],['Trauzeuge'],[],[],[],[]
,,,,,,,,,,,,,,,,,,,,,,,
,,,,,,,,,,,,,,,,,,,,,,,
,,,,,,,,,,,,,,,,,,,,,,,
[],[],[],['Terminguthaben'],[],['Termingeld'],[],['Terminguthaben'],[],['Termingeld'],[],['Termingeld'],[],[],['Termingeld'],[],['Termingeld'],[],[],[],[],[],[],[]
[],[],[],[],[],[],[],['Barabhebung'],[],['Barabhebung'],[],[],[],[],[],[],[],[],[],[],[],[],[],[]
[],['Kontokorrentverkehr'],[],[],['Kontokorrentverkehr'],['Kontokorrentverkehr'],[],['Kontokorrentverkehr'],[],['Kontokorrentverkehr'],[],['Kontokorrentverkehr'],[],['Kontokorrentverkehr'],['Kontokorrentverkehr'],['Kontokorrentverkehr'],[],[],[],['Kontokorrentverkehr'],[],['Kontokorrentverkehr'],['Kontokorrentverkehr'],[]
[],[],[],[],['Sollseite'],[],[],[],[],[],[],[],[],[],[],['Sollseite'],['Sollseite'],[],[],[],[],[],['Sollseite'],[]
[],[],[],[],[],[],[],[],[],[],[],[],[],[],[],[],[],[],[],[],[],[],[],['Checkheft']
[],[],[],[],[],[],[],['Effektenbörse'],[],[],[],[],[],[],[],[],['Effektenbörse'],[],[],[],[],[],[],[]
,,,,,,,,,,,,,,,,,,,,,,,
[],['versicherte Gefahr'],[],['versicherte Gefahr'],[],[],[],[],[],[],[],['versicherte Gefahr'],[],[],[],[],['versicherte Gefahr'],[],[],[],[],[],['versicherte Gefahr'],[]
[],['Erlebensfallversicherung'],['Erlebensfallversicherung'],['Erlebensfallversicherung'],['Erlebensfallversicherung'],['Erlebensfallversicherung'],[],[],['Erlebensfallversicherung'],[],[],[],[],[],['Erlebensfallversicherung'],['Erlebensfallversicherung'],['Erlebensfallversicherung'],[],[],[],[],[],['Erlebensfallversicherung'],[]
,,,,,,,,,,,,,,,,,,,,,,,
[],[],[],[],[],[],[],['Personentransport'],[],['Personentransport'],[],[],[],[],[],[],[],[],[],[],[],[],[],['Personentransport']
[],[],[],[],[],[],[],[],[],[],[],[],[],[],[],[],[],[],[],[],[],[],[],[]
,,,,,,,,,,,,,,,,,,,,,,,
,,,,,,,,,,,,,,,,,,,,,,,
['Gemeindeverband'],['Gemeindeverband'],['Gemeindeverband'],['Gemeindeverband'],['Gemeindeverband'],['Gemeindeverband'],[],['Gemeindeverband'],['Gemeindeverband'],['Gemeindeverband'],['Gemeindeverband'],['Gemeindeverband'],['Gemeindeverband'],['Gemeindeverband'],['Gemeindeverband'],['Gemeindeverband'],['Gemeindeverband'],[],[],['Gemeindeverband'],[],['Gemeindeverband'],['Gemeindeverband'],[]
[],[],[],[],[],[],[],[],[],[],[],[],[],[],[],[],[],[],[],[],[],[],[],[]
,,,,,,,,,,,,,,,,,,,,,,,
,,,,,,,,,,,,,,,,,,,,,,,
,,,,,,,,,,,,,,,,,,,,,,,
,,,,,,,,,,,,,,,,,,,,,,,
,,,,,,,,,,,,,,,,,,,,,,,
[],[],[],[],[],[],[],[],[],[],[],[],[],[],[],[],[],[],[],[],[],[],[],[]
,,,,,,,,,,,,,,,,,,,,,,,
[],[],[],[],['Majorzsystem'],[],[],[],['Majorzsystem'],[],[],[],['Majorzsystem'],[],[],['Mehrheitswahl'],['Majorzsystem'],[],[],[],[],[],[],[]
[],['Proporzsystem'],[],[],['Proporzsystem'],[],[],[],[],[],[],[],[],[],['Proporzsystem'],[],[],[],[],[],[],[],[],[]
['Vertrauensschutzprinzip'],[],[],['Vertrauensschutzprinzip'],['Vertrauensschutzprinzip'],['Vertrauensschutzprinzip'],[],[],[],['Vertrauensschutzprinzip'],[],[],['Vertrauensschutzprinzip'],['Vertrauensschutzprinzip'],[],[],['Vertrauensschutzprinzip'],['Vertrauensschutzprinzip'],[],[],['Vertrauensschutzprinzip'],[],['Vertrauensschutzprinzip'],['Vertrauensschutzprinzip']
,,,,,,,,,,,,,,,,,,,,,,,
,,,,,,,,,,,,,,,,,,,,,,,
,,,,,,,,,,,,,,,,,,,,,,,
[],[],[],[],[],[],[],[],[],['Rechtsetzung'],[],[],['Rechtsetzung'],[],[],[],[],[],[],[],[],[],[],[]
[],[],[],[],[],[],[],[],[],[],[],[],[],[],[],[],[],[],[],['Rechtsetzung'],[],[],[],[]
,,,,,,,,,,,,,,,,,,,,,,,
,,,,,,,,,,,,,,,,,,,,,,,
[],[],['Wahlkampf'],['Wahlkampf'],['Wahlkampf'],['Wahlkampf'],[],['Wahlkampf'],['Wahlkampf'],[],['Wahlkampf'],['Wahlkampf'],['Wahlkampf'],['Wahlkampf'],['Wahlkampf'],[],['Wahlkampf'],['Wahlkampf'],[],['Wahlkampf'],['Wahlkampf'],['Wahlkampf'],['Wahlkampf'],['Wahlkampf']
,,,,,,,,,,,,,,,,,,,,,,,
[],[],['internationale Versicherungskarte für Kraftverkehr'],[],"['international Versicherungskarte für Kraftverkehr', 'international Versicherungskarte für Kraftverkehr']","['international Versicherungskarte für Kraftverkehr', 'international Versicherungskarte für Kraftverkehr']",[],[],"['international Versicherungskarte für Kraftverkehr', 'international Versicherungskarte für Kraftverkehr']",[],[],"['international Versicherungskarte für Kraftverkehr', 'international Versicherungskarte für Kraftverkehr']",[],[],"['international Versicherungskarte für Kraftverkehr', 'international Versicherungskarte für Kraftverkehr']",[],['internationale Versicherungskarte für Kraftverkehr'],['internationale Versicherungskarte für Kraftverkehr'],[],"['international Versicherungskarte für Kraftverkehr', 'international Versicherungskarte für Kraftverkehr']",[],"['international Versicherungskarte für Kraftverkehr', 'international Versicherungskarte für Kraftverkehr']","['international Versicherungskarte für Kraftverkehr', 'international Versicherungskarte für Kraftverkehr']",[]
,,,,,,,,,,,,,,,,,,,,,,,
['Arbeitsbescheinigung'],['Arbeitsbescheinigung'],['Arbeitsbescheinigung'],['Arbeitsbescheinigung'],[],['Arbeitsbescheinigung'],[],['Arbeitsbescheinigung'],[],[],[],['Arbeitsbescheinigung'],['Arbeitsbescheinigung'],['Arbeitsbescheinigung'],['Arbeitsbescheinigung'],[],[],['Arbeitsbescheinigung'],[],[],[],['Arbeitsbescheinigung'],[],[]
['Arbeitsbescheinigung'],['Arbeitsbescheinigung'],[],[],['Arbeitsbescheinigung'],[],[],['Arbeitsbescheinigung'],[],[],['Arbeitsbescheinigung'],['Arbeitsbescheinigung'],[],['Arbeitsbescheinigung'],['Arbeitsbescheinigung'],[],['Arbeitsbescheinigung'],[],[],[],['Arbeitsbescheinigung'],[],[],['Arbeitsbescheinigung']
[],['Arbeitsbescheinigung'],['Arbeitsbescheinigung'],[],['Arbeitsbescheinigung'],[],[],['Arbeitsbescheinigung'],[],[],[],['Arbeitsbescheinigung'],['Arbeitsbescheinigung'],[],['Arbeitsbescheinigung'],[],['Arbeitsbescheinigung'],[],[],[],['Arbeitsbescheinigung'],[],[],['Arbeitsbescheinigung']
,,,,,,,,,,,,,,,,,,,,,,,
,,,,,,,,,,,,,,,,,,,,,,,
[],['Versicherungssumme'],[],[],[],[],[],[],[],[],[],[],[],['Versicherungssumme'],[],['Versicherungssumme'],[],[],[],[],[],[],[],[]
['ex tunc'],[],['ex tunc'],['ex tunc'],[],[],[],[],[],[],[],[],[],[],['ex tunc'],[],['ex tunc'],['ex tunc'],[],[],[],[],[],[]
,,,,,,,,,,,,,,,,,,,,,,,
,,,,,,,,,,,,,,,,,,,,,,,
,,,,,,,,,,,,,,,,,,,,,,,
,,,,,,,,,,,,,,,,,,,,,,,
,,,,,,,,,,,,,,,,,,,,,,,
,,,,,,,,,,,,,,,,,,,,,,,
[],[],['Anbieter'],['Anbieter'],[],[],[],[],[],[],['Anbieter'],['Anbieter'],[],[],['Anbieter'],['Anbieter'],['Anbieter'],['Anbieter'],[],[],['Anbieter'],[],['Anbieter'],[]
[],['Kunde'],[],['Kunde'],[],[],[],['Kunde'],[],[],[],[],[],['Kunde'],[],['Kunde'],['Kunde'],[],[],[],[],[],[],[]
,,,,,,,,,,,,,,,,,,,,,,,
,,,,,,,,,,,,,,,,,,,,,,,
[],[],[],[],[],[],[],[],[],['Wiederherstellung der Frist'],['Wiederherstellung der Frist'],['Wiederherstellung der Frist'],[],['Wiederherstellung der Frist'],[],[],['Wiederherstellung der Frist'],[],[],[],[],[],[],['Wiederherstellung der Frist']
[],[],[],[],[],[],[],[],[],[],[],[],[],[],[],[],['kraftlos'],[],[],[],[],[],[],[]
,,,,,,,,,,,,,,,,,,,,,,,
,,,,,,,,,,,,,,,,,,,,,,,
[],[],[],"['Gefahr', 'Gefahr']",[],"['Gefahr', 'Gefahr']",[],[],[],[],[],[],['Gefahr'],[],[],[],"['Gefahr', 'Gefahr']",[],[],[],"['Gefahr', 'Gefahr']",[],"['Gefahr', 'Gefahr']",[]
['Erstrisikoversicherung'],['Erstrisikoversicherung'],['Erstrisikoversicherung'],['Erstrisikoversicherung'],['Erstrisikoversicherung'],['Erstrisikoversicherung'],[],['Erstrisikoversicherung'],['Erstrisikoversicherung'],['Erstrisikoversicherung'],[],['Erstrisikoversicherung'],[],['Erstrisikoversicherung'],['Erstrisikoversicherung'],['Erstrisikoversicherung'],['Erstrisikoversicherung'],['Erstrisikoversicherung'],[],['Erstrisikoversicherung'],['Erstrisikoversicherung'],['Erstrisikoversicherung'],[],['Erstrisikoversicherung']
,,,,,,,,,,,,,,,,,,,,,,,
[],['besonderer Versicherungsbedingung'],[],['besonderer Versicherungsbedingung'],[],[],[],['besonderer Versicherungsbedingung'],[],['besonderer Versicherungsbedingung'],[],['besonderer Versicherungsbedingung'],['Besondere Versicherungsbedingungen'],[],['besonderer Versicherungsbedingung'],[],['besonderer Versicherungsbedingung'],['besonderer Versicherungsbedingung'],[],[],[],['besonderer Versicherungsbedingung'],[],[]
,,,,,,,,,,,,,,,,,,,,,,,
,,,,,,,,,,,,,,,,,,,,,,,
[],[],['Übergabe des Kaufgegenstandes'],['Übergabe des Kaufgegenstandes'],[],[],[],[],[],[],[],['Übergabe des Kaufgegenstandes'],[],[],[],[],[],[],[],[],['Übergabe des Kaufgegenstandes'],[],[],[]
[],[],[],[],[],[],[],[],[],[],[],[],[],[],[],[],[],[],[],[],[],[],[],[]
,,,,,,,,,,,,,,,,,,,,,,,
['Entsendung'],['Entsendung'],['Entsendung'],['Entsendung'],[],[],[],[],[],[],[],['Entsendung'],[],['Entsendung'],['Entsendung'],['Entsendung'],['Entsendung'],['Entsendung'],[],[],[],[],[],['Entsendung']
,,,,,,,,,,,,,,,,,,,,,,,
,,,,,,,,,,,,,,,,,,,,,,,
[],[],[],[],[],[],[],[],[],[],[],[],[],[],[],[],[],[],[],[],[],[],[],[]
[],[],[],[],[],[],[],[],[],[],[],[],[],[],[],[],[],[],[],[],[],[],[],[]
[],[],['lfd. J.'],[],['lfd. J.'],['lfd. J.'],[],['lfd. J.'],['lfd. J.'],['lfd. J.'],[],[],['lfd. J.'],[],[],[],[],['lfd. J.'],[],['lfd. J.'],[],['lfd. J.'],['lfd. J.'],[]
,,,,,,,,,,,,,,,,,,,,,,,
[],[],[],[],[],[],[],[],[],[],[],[],[],[],[],[],[],[],[],[],[],[],[],[]
,,,,,,,,,,,,,,,,,,,,,,,
[],[],[],[],[],[],[],[],[],[],[],[],[],[],[],[],[],[],[],[],[],[],[],[]
,,,,,,,,,,,,,,,,,,,,,,,
[],[],[],[],['klein Unterhalt'],[],[],[],[],[],[],[],[],[],[],[],[],[],[],[],[],[],[],[]
[],[],[],['notwendig Hauptreparatur'],[],[],[],['notwendig Hauptreparatur'],[],['notwendig Hauptreparatur'],[],[],['notwendig Hauptreparatur'],[],['notwendig Hauptreparatur'],[],[],[],[],[],[],[],[],[]
,,,,,,,,,,,,,,,,,,,,,,,
,,,,,,,,,,,,,,,,,,,,,,,
,,,,,,,,,,,,,,,,,,,,,,,
['Darlehenszusage'],['Darlehenszusage'],['Darlehenszusage'],[],['Darlehenszusage'],['Darlehenszusage'],['Darlehenszusage'],['Darlehenszusage'],[],['Darlehenszusage'],[],['Darlehenszusage'],['Darlehenszusage'],['Darlehenszusage'],[],['Darlehenszusage'],[],[],[],[],['Darlehenszusage'],[],['Darlehenszusage'],['Darlehenszusage']
,,,,,,,,,,,,,,,,,,,,,,,
[],['Identitätsdokument'],[],['Identitätsdokument'],[],[],['Identitätsdokument'],['Identitätsdokument'],[],[],[],['Identitätsdokument'],['Identitätsdokument'],['Identitätsdokument'],['Identitätsdokument'],['Identitätsdokument'],['Identitätsdokument'],['Identitätsdokument'],[],[],[],[],['Identitätsdokument'],[]
[],['Vergütung'],['Vergütung'],[],[],[],[],['Vergütung'],[],[],[],['Vergütung'],[],['Vergütung'],[],['Werklohn'],['Vergütung'],['Vergütung'],[],[],[],[],['Vergütung'],['Vergütung']
[],[],[],[],['Exmission'],['Exmission'],[],[],[],[],[],[],[],[],[],[],[],[],[],['Exmission'],[],[],[],[]
,,,,,,,,,,,,,,,,,,,,,,,
,,,,,,,,,,,,,,,,,,,,,,,
[],[],[],['nichtige Verfügung'],[],[],[],[],[],[],[],[],[],[],['nichtige Verfügung'],[],['nichtige Verfügung'],[],[],[],[],[],[],[]
,,,,,,,,,,,,,,,,,,,,,,,
,,,,,,,,,,,,,,,,,,,,,,,
[],[],[],[],[],[],[],['Tun'],[],[],[],[],[],[],['Tun'],[],[],['Tun'],[],[],[],[],[],[]
['verhalten'],[],['Handlung'],['Handlung'],['Handlung'],[],['Handlung'],['Handlung'],['Handlung'],['Handlung'],[],['handeln'],['Handlung'],['Handlung'],['Handlung'],['Handlung'],['Handlung'],['Handlung'],['Handlung'],['Handlung'],[],[],['Handlung'],[]
[],[],['Prozesspartei'],['Prozesspartei'],['Prozesspartei'],['Prozesspartei'],['Prozesspartei'],[],['Prozesspartei'],['Prozesspartei'],[],[],['Prozesspartei'],['Prozesspartei'],['Prozesspartei'],[],['Partei'],[],['Partei'],['Prozesspartei'],[],['Prozesspartei'],['Prozesspartei'],['Prozesspartei']
[],[],[],[],[],[],[],[],[],[],[],[],[],['Hinterlegungsvertrag'],[],[],[],[],[],[],[],[],[],[]
[],[],[],[],[],[],[],[],[],[],[],[],[],[],[],[],[],[],[],[],[],[],[],[]
,,,,,,,,,,,,,,,,,,,,,,,
,,,,,,,,,,,,,,,,,,,,,,,
['Bedürftigkeit'],['Bedürftigkeit'],[],['Bedürftigkeit'],[],[],[],[],[],[],[],[],[],['Bedürftigkeit'],[],[],['Bedürftigkeit'],[],[],['Bedürftigkeit'],[],['Bedürftigkeit'],[],[]
,,,,,,,,,,,,,,,,,,,,,,,
,,,,,,,,,,,,,,,,,,,,,,,
[],[],[],[],[],[],[],[],[],['gemeinsam Scheidungsbegehren'],[],[],[],[],[],[],[],[],[],[],[],[],[],[]
[],[],['Rechte und Pflichten der Ehegatten'],['Rechte und Pflichten der Ehegatten'],['Rechte und Pflichten der Ehegatten'],['Rechte und Pflichten der Ehegatten'],[],[],[],[],[],[],[],[],[],['Rechte und Pflichten der Ehegatten'],['Rechte und Pflichten der Ehegatten'],[],[],[],[],['Rechte und Pflichten der Ehegatten'],[],[]
,,,,,,,,,,,,,,,,,,,,,,,
,,,,,,,,,,,,,,,,,,,,,,,
[],['Ablehnungsgesuch'],[],['Ablehnungsgesuch'],['Ablehnungsgesuch'],['Ablehnungsgesuch'],[],['Ablehnungsgesuch'],['Ablehnungsgesuch'],[],[],[],['Ablehnungsgesuch'],[],['Ablehnungsgesuch'],[],['Ablehnungsgesuch'],[],[],[],['Ablehnungsgesuch'],['Ablehnungsgesuch'],['Ablehnungsgesuch'],[]
,,,,,,,,,,,,,,,,,,,,,,,
[],[],[],['Land- und Forstwirtschaft'],[],[],[],[],[],['Land- und Forstwirtschaft'],[],[],[],[],['Land- und Forstwirtschaft'],[],['Land- und Forstwirtschaft'],['Land- und Forstwirtschaft'],[],[],[],[],[],[]
,,,,,,,,,,,,,,,,,,,,,,,
,,,,,,,,,,,,,,,,,,,,,,,
['biologischer Vater'],[],[],['genetischer Vater'],[],['genetischer Vater'],['genetischer Vater'],['biologischer Vater'],['genetischer Vater'],['biologischer Vater'],[],['biologischer Vater'],['biologischer Vater'],['genetischer Vater'],['biologischer Vater'],['biologischer Vater'],[],['genetischer Vater'],['genetischer Vater'],[],['biologischer Vater'],['genetischer Vater'],[],['genetischer Vater']
,,,,,,,,,,,,,,,,,,,,,,,
['ärztlich assistiert Fortpflanzung'],['ärztlich assistiert Fortpflanzung'],['ärztlich assistiert Fortpflanzung'],['ärztlich assistiert Fortpflanzung'],[],[],[],['ärztlich assistiert Fortpflanzung'],[],[],[],['ärztlich assistiert Fortpflanzung'],['ärztlich assistiert Fortpflanzung'],[],[],['ärztlich assistiert Fortpflanzung'],['ärztlich assistiert Fortpflanzung'],['ärztlich assistiert Fortpflanzung'],[],[],[],[],['ärztlich assistiert Fortpflanzung'],['ärztlich assistiert Fortpflanzung']
[],['Verwaltung'],[],['Verwaltung'],[],[],[],[],[],['Verwaltung'],[],['Verwaltung'],[],[],['Verwaltung'],['Verwaltung'],[],['Verwaltung'],[],[],[],[],['Verwaltung'],[]
[],[],['künftig Adoptivelter'],[],['künftig Adoptivelter'],[],[],['künftig Adoptivelter'],[],['künftig Adoptivelter'],[],[],[],[],['künftig Adoptivelter'],[],[],[],[],[],[],[],[],[]
[],['Beendigung des Prozesses'],[],['Beendigung des Prozesses'],[],[],[],[],[],['Beendigung des Prozesses'],[],[],[],['Beendigung des Prozesses'],[],[],[],[],[],[],['Beendigung des Prozesses'],[],['Beendigung des Prozesses'],[]
,,,,,,,,,,,,,,,,,,,,,,,
,,,,,,,,,,,,,,,,,,,,,,,
,,,,,,,,,,,,,,,,,,,,,,,
['biologische Mutter'],[],[],[],[],['biologische Mutter'],['biologische Mutter'],[],[],['biologische Mutter'],['biologische Mutter'],[],['biologische Mutter'],['biologische Mutter'],['genetische Mutter'],['biologische Mutter'],[],[],[],[],['biologische Mutter'],['biologische Mutter'],[],[]
,,,,,,,,,,,,,,,,,,,,,,,
['Souveränität'],[],['Souveränität'],['Souveränität'],['Souveränität'],['Souveränität'],['Souveränität'],['Souveränität'],['Souveränität'],[],['Souveränität'],[],[],['Souveränität'],[],[],['Souveränität'],['Souveränität'],['Souveränität'],['Souveränität'],['Souveränität'],[],[],['Souveränität']
,,,,,,,,,,,,,,,,,,,,,,,
[],[],[],['militärisch Nachrichtendienst'],[],[],[],[],[],[],[],[],[],[],[],[],[],[],[],[],[],[],[],[]
[],['Endurteil'],[],['Endurteil'],['Endurteil'],[],[],[],[],['Endurteil'],[],[],['Endurteil'],[],['Endurteil'],[],[],[],[],[],[],[],[],[]
,,,,,,,,,,,,,,,,,,,,,,,
,,,,,,,,,,,,,,,,,,,,,,,
[],[],['Verbot der reformatio in pejus'],['Verbot der reformatio in pejus'],[],[],[],['Verbot der reformatio in pejus'],['Verbot der reformatio in pejus'],[],[],['Verbot der reformatio in pejus'],['Verbot der reformatio in pejus'],['Verbot der reformatio in pejus'],['Verbot der reformatio in pejus'],['Verbot der reformatio in pejus'],['Verbot der reformatio in pejus'],['Verbot der reformatio in pejus'],[],['Verbot der reformatio in pejus'],[],['Verbot der reformatio in pejus'],['Verbot der reformatio in pejus'],['Verbot der Schlechterstellung']
,,,,,,,,,,,,,,,,,,,,,,,
,,,,,,,,,,,,,,,,,,,,,,,
,,,,,,,,,,,,,,,,,,,,,,,
,,,,,,,,,,,,,,,,,,,,,,,
,,,,,,,,,,,,,,,,,,,,,,,
['Tonaufzeichnung'],[],['Tonaufzeichnung'],['Tonaufzeichnung'],[],['Tonaufzeichnung'],[],['Tonaufzeichnung'],['Tonaufzeichnung'],['Tonaufzeichnung'],[],['Tonaufzeichnung'],['Tonaufzeichnung'],[],['Tonaufzeichnung'],[],['Tonaufzeichnung'],[],[],['Tonaufzeichnung'],['Tonaufzeichnung'],['Tonaufzeichnung'],['Tonaufzeichnung'],['Tonaufzeichnung']
,,,,,,,,,,,,,,,,,,,,,,,
[],['Gerichtsöffentlichkeit'],[],[],[],[],[],[],[],[],[],[],[],[],[],['Gerichtsöffentlichkeit'],[],[],[],[],[],[],[],[]
,,,,,,,,,,,,,,,,,,,,,,,
,,,,,,,,,,,,,,,,,,,,,,,
,,,,,,,,,,,,,,,,,,,,,,,
[],[],[],[],[],[],[],[],[],[],[],['fremd Staat'],[],[],[],[],['fremd Staat'],[],[],[],['fremd Staat'],[],['fremd Staat'],[]
[],[],['Rädelsführer'],['Rädelsführer'],['Rädelsführer'],['Rädelsführer'],[],[],['Rädelsführer'],['Rädelsführer'],[],['Rädelsführer'],[],['Rädelsführer'],[],[],['Rädelsführer'],[],[],[],[],['Rädelsführer'],[],[]
,,,,,,,,,,,,,,,,,,,,,,,
[],[],[],[],[],[],[],[],[],[],[],[],[],[],[],[],[],[],[],[],[],[],[],[]
,,,,,,,,,,,,,,,,,,,,,,,
[],[],[],['Organ der Verwaltungsrechtspflege'],[],[],[],['Organ der Verwaltungsrechtspflege'],['Organ der Verwaltungsrechtspflege'],[],[],[],[],[],[],[],['Organ der Verwaltungsrechtspflege'],[],[],['Organ der Verwaltungsrechtspflege'],[],[],[],['Organ der Verwaltungsrechtspflege']
[],[],[],[],[],[],[],[],[],[],[],[],[],[],[],[],[],[],[],[],[],[],[],[]
[],[],[],['nichtwiedergutzumachender Nachteil'],[],[],[],[],[],['nichtwiedergutzumachender Nachteil'],[],[],['nichtwiedergutzumachender Nachteil'],[],[],[],[],[],[],[],[],[],[],[]
[],['Schuldverschreibung'],['Schuldverschreibung'],['Schuldverschreibung'],['Schuldverschreibung'],['Schuldverschreibung'],[],[],['Schuldverschreibung'],['Schuldverschreibung'],[],[],['Schuldverschreibung'],[],['Schuldverschreibung'],['Schuldverschreibung'],['Schuldverschreibung'],[],[],['Schuldverschreibung'],[],['Schuldverschreibung'],['Schuldverschreibung'],[]
,,,,,,,,,,,,,,,,,,,,,,,
[],[],['Instrument der direkt Demokratie'],['Instrument der direkt Demokratie'],['Instrument der direkt Demokratie'],['Instrument der direkt Demokratie'],[],['Instrument der direkt Demokratie'],[],['Instrument der direkt Demokratie'],[],['Instrument der direkt Demokratie'],['Instrument der direkt Demokratie'],['Instrument der direkt Demokratie'],['Instrument der direkt Demokratie'],['Instrument der direkt Demokratie'],['Instrument der direkt Demokratie'],['Instrument der direkt Demokratie'],[],['Instrument der direkt Demokratie'],[],['Instrument der direkt Demokratie'],['Instrument der direkt Demokratie'],[]
[],[],[],[],[],[],[],[],[],[],[],[],[],[],[],[],[],[],[],[],[],[],[],[]
,,,,,,,,,,,,,,,,,,,,,,,
,,,,,,,,,,,,,,,,,,,,,,,
,,,,,,,,,,,,,,,,,,,,,,,
[],[],['Vollzugshandlung'],[],[],['Vollzugshandlung'],[],[],['Vollzugshandlung'],[],[],[],[],[],['Vollzugshandlung'],[],[],[],[],['Vollzugshandlung'],[],['Vollzugshandlung'],[],[]
,,,,,,,,,,,,,,,,,,,,,,,
,,,,,,,,,,,,,,,,,,,,,,,
,,,,,,,,,,,,,,,,,,,,,,,
,,,,,,,,,,,,,,,,,,,,,,,
,,,,,,,,,,,,,,,,,,,,,,,
[],['Zivilstandsamt'],['Zivilstandsamt'],['Zivilstandsamt'],[],[],[],['Zivilstandsamt'],[],[],[],[],[],[],['Zivilstandsamt'],[],['Zivilstandsamt'],['Zivilstandsamt'],[],[],['Zivilstandsamt'],[],[],['Zivilstandsamt']
,,,,,,,,,,,,,,,,,,,,,,,
,,,,,,,,,,,,,,,,,,,,,,,
,,,,,,,,,,,,,,,,,,,,,,,
[],['gemeinschaftlich Tatbegehung'],[],['gemeinschaftliche Tatbegehung'],[],[],[],[],[],['gemeinschaftliche Tatbegehung'],[],[],['gemeinschaftliche Tatbegehung'],['gemeinschaftlich Tatbegehung'],[],[],[],['gemeinschaftliche Tatbegehung'],[],[],[],[],[],[]
['Volksinitiative'],['Volksinitiative'],['Volksinitiative'],[],[],['Volksinitiative'],['Volksinitiative'],['Volksinitiative'],[],['Volksinitiative'],['Volksinitiative'],[],['Volksinitiative'],['Volksinitiative'],[],['Volksinitiative'],[],['Volksinitiative'],[],[],[],[],[],['Volksinitiative']
[],['einfach Körperverletzung'],['einfache Körperverletzung'],['einfach Körperverletzung'],['einfach Körperverletzung'],[],[],['einfach Körperverletzung'],[],['einfach Körperverletzung'],[],[],['einfach Körperverletzung'],['einfach Körperverletzung'],['einfach Körperverletzung'],['einfach Körperverletzung'],[],['einfach Körperverletzung'],[],[],[],['einfach Körperverletzung'],[],[]
[],[],['Gesundheitsschädigung'],[],[],['Gesundheitsschädigung'],[],[],[],[],[],[],[],[],[],[],[],[],[],[],['Gesundheitsschädigung'],[],[],[]
[],[],[],[],['Führerausweisentzug'],[],[],[],[],[],[],[],[],[],[],[],[],[],[],[],[],[],['Führerausweisentzug'],[]
,,,,,,,,,,,,,,,,,,,,,,,
,,,,,,,,,,,,,,,,,,,,,,,
,,,,,,,,,,,,,,,,,,,,,,,
[],['Beweiserhebung'],['Beweiserhebung'],[],[],[],[],['Beweiserhebung'],['Beweiserhebung'],['Beweiserhebung'],['Beweiserhebung'],[],['Beweiserhebung'],[],['Beweiserhebung'],['Beweiserhebung'],['Beweiserhebung'],[],[],[],['Beweiserhebung'],[],['Beweiserhebung'],[]
,,,,,,,,,,,,,,,,,,,,,,,
,,,,,,,,,,,,,,,,,,,,,,,
[],[],[],['Entzug des Fahrzeugausweises'],[],[],[],['Entzug des Fahrzeugausweises'],[],['Entzug des Fahrzeugausweises'],[],[],[],[],[],['Entzug des Fahrzeugausweises'],['Entzug des Fahrzeugausweises'],['Entzug des Fahrzeugausweises'],[],[],[],[],[],['Entzug der Fahrzeugausweis']
[],[],[],[],[],[],[],[],['Fahren in angetrunkenem Zustand'],[],[],[],[],[],[],[],[],['Fahren in angetrunkenem Zustand'],[],[],[],['Fahren in angetrunkenem Zustand'],['Fahren in angetrunkenem Zustand'],[]
[],[],[],['Fahrzeugausweis'],[],[],[],[],[],[],[],['Fahrzeugausweis'],[],[],[],[],[],['Fahrzeugausweis'],[],[],[],[],['Fahrzeugausweis'],[]
,,,,,,,,,,,,,,,,,,,,,,,
[],[],['Atemalkoholmessgerät'],['Atemalkoholmessgerät'],['Atemalkoholmessgerät'],['Atemalkoholmessgerät'],[],['Atemalkoholmessgerät'],['Atemalkoholmessgerät'],['Atemalkoholmessgerät'],[],['Atemalkoholmessgerät'],['Atemalkoholmessgerät'],['Atemalkoholmessgerät'],['Atemalkoholmessgerät'],['Atemalkoholmessgerät'],['Atemalkoholmessgerät'],['Atemalkoholmessgerät'],[],['Atemalkoholmessgerät'],['Atemalkoholmessgerät'],['Atemalkoholmessgerät'],['Atemalkoholmessgerät'],['Atemalkoholmessgerät']
[],[],[],[],[],[],[],[],[],[],[],[],[],[],[],[],[],[],[],[],[],[],[],[]
[],['Sachverständigenliste'],['Sachverständigenliste'],['Sachverständigenliste'],['Sachverständigenliste'],['Sachverständigenliste'],[],[],['Sachverständigenliste'],[],[],['Sachverständigenliste'],['Sachverständigenliste'],['Sachverständigenliste'],['Sachverständigenliste'],[],[],['Sachverständigenliste'],[],['Sachverständigenliste'],['Sachverständigenliste'],['Sachverständigenliste'],[],['Sachverständigenliste']
[],[],[],[],[],[],[],[],[],[],[],[],['Anti-Blockier-System'],[],[],[],[],[],[],[],[],[],[],[]
[],[],[],['Motorfahrzeugsteuer'],[],[],[],[],[],[],[],['Motorfahrzeugsteuer'],[],[],[],[],['Motorfahrzeugsteuer'],['Motorfahrzeugsteuer'],[],[],[],[],['Motorfahrzeugsteuer'],[]
[],[],[],[],[],[],[],[],[],[],[],[],[],[],[],[],[],[],[],[],[],[],[],[]
,,,,,,,,,,,,,,,,,,,,,,,
[],['Versicherungsnachweis'],[],['Versicherungsnachweis'],[],['Versicherungsnachweis'],[],[],[],[],[],['Versicherungsnachweis'],[],[],[],[],['Versicherungsnachweis'],[],[],['Versicherungsnachweis'],['Versicherungsnachweis'],['Versicherungsnachweis'],['Versicherungsnachweis'],[]
[],[],[],[],[],[],[],[],[],[],[],[],[],[],[],[],[],[],[],[],[],[],[],[]
[],[],[],['Motorfahrzeughaftpflichtversicherung'],[],[],[],[],[],[],[],[],[],[],[],[],[],[],[],[],['Motorfahrzeughaftpflichtversicherung'],[],['Motorfahrzeughaftpflichtversicherung'],[]
[],[],[],[],[],[],[],[],[],[],[],[],[],[],[],[],[],[],[],[],[],[],[],[]
,,,,,,,,,,,,,,,,,,,,,,,
,,,,,,,,,,,,,,,,,,,,,,,
[],[],[],"['Fussgänger', 'Fussgänger']",[],[],[],[],[],[],[],[],[],[],[],[],['Fussgänger'],[],[],[],"['Fussgänger', 'Fussgänger']",[],[],[]
[],[],[],[],['Lernfahrausweis'],['Lernfahrausweis'],[],[],[],[],[],[],['Lernfahrausweis'],[],['Lernfahrausweis'],['Lernfahrausweis'],[],[],[],[],[],[],[],[]
[],[],['Lernfahrausweis'],['Lernfahrausweis'],['Lernfahrausweis'],['Lernfahrausweis'],[],[],[],[],[],[],['Lernfahrausweis'],['Lernfahrausweis'],['Lernfahrausweis'],[],['Lernfahrausweis'],[],[],[],[],[],['Lernfahrausweis'],[]
[],[],[],[],[],[],[],[],[],[],[],[],[],[],[],[],[],[],[],[],[],[],[],[]
[],[],[],[],[],[],[],[],[],[],[],[],[],[],[],[],[],[],[],[],[],[],[],[]
[],[],[],[],[],[],[],[],[],['Fahrzeugführer'],[],['Fahrzeugführer'],['Fahrzeugführer'],[],[],[],['Fahrzeugführer'],['Fahrzeugführer'],[],[],[],[],[],[]
,,,,,,,,,,,,,,,,,,,,,,,
,,,,,,,,,,,,,,,,,,,,,,,
[],['Dienstort'],[],[],[],[],['Dienstort'],[],[],[],[],[],[],[],[],[],[],[],['Dienstort'],[],[],[],[],[]
[],['Dienstort'],['Dienstort'],['Dienstort'],[],[],['Dienstort'],[],[],['Dienstort'],[],['Dienstort'],[],['Dienstort'],['Dienstort'],['Dienstort'],[],[],['Dienstort'],[],['Dienstort'],[],[],['Dienstort']
['Dienstunterkunft'],['Dienstunterkunft'],[],[],[],[],[],[],[],[],[],['Dienstunterkunft'],[],[],[],[],[],['Dienstunterkunft'],[],[],[],[],[],[]
[],[],[],[],[],[],[],[],[],[],[],[],[],[],['Fussgängerzone'],[],[],[],[],[],[],[],[],[]
[],['Cyberkriminalität'],[],['Cyberkriminalität'],['Cyberkriminalität'],['Cyberkriminalität'],[],['Cyberkriminalität'],[],['Cyberkriminalität'],['Cyberkriminalität'],['Cyberkriminalität'],['Cyberkriminalität'],['Cyberkriminalität'],['Cyberkriminalität'],[],['Cyberkriminalität'],['Cyberkriminalität'],[],[],[],['Cyberkriminalität'],[],[]
['Cyberkriminalität'],['Cyberkriminalität'],['Cyberkriminalität'],['Cyberkriminalität'],['Cyberkriminalität'],['Cyberkriminalität'],[],['Cyberkriminalität'],['Cyberkriminalität'],[],['Cyberkriminalität'],['digital Kriminalität'],['Cyberkriminalität'],['Cyberkriminalität'],['Cyberkriminalität'],['Cyberkriminalität'],['digital Kriminalität'],['digital Kriminalität'],['Cyberkriminalität'],['Cyberkriminalität'],['Cyberkriminalität'],['Cyberkriminalität'],['Cyberkriminalität'],['Cyberkriminalität']
,,,,,,,,,,,,,,,,,,,,,,,
[],[],[],[],[],[],[],[],[],[],[],[],[],[],[],[],[],[],[],[],[],[],[],[]
[],[],[],[],[],[],[],[],[],[],[],[],[],[],[],[],[],[],[],[],[],[],[],[]
,,,,,,,,,,,,,,,,,,,,,,,
,,,,,,,,,,,,,,,,,,,,,,,
[],[],[],[],[],[],[],[],[],[],[],[],[],[],[],[],[],[],[],[],[],[],[],[]
[],[],['Fahreignung'],['Fahreignung'],['Fahreignung'],['Fahreignung'],[],['Fahreignung'],['Fahreignung'],[],[],['Fahreignung'],['Fahreignung'],['Fahreignung'],['Fahreignung'],[],['Fahreignung'],['Fahreignung'],['Fahreignung'],['Fahreignung'],['Fahreignung'],['Fahreignung'],['Fahreignung'],['Fahreignung']
[],[],[],[],[],[],[],[],[],[],[],['Dienstaussetzung wegen Krankheit'],[],[],[],[],[],[],[],[],[],[],[],[]
[],[],[],[],[],[],[],[],[],['Strassenverkehr'],[],[],[],[],[],[],[],[],[],[],['Strassenverkehr'],[],[],[]
[],[],[],[],[],[],[],[],[],[],[],[],[],[],[],[],[],[],[],[],['Strassenverkehr'],[],[],['STRASSENVERKEHR']
,,,,,,,,,,,,,,,,,,,,,,,
,,,,,,,,,,,,,,,,,,,,,,,
,,,,,,,,,,,,,,,,,,,,,,,
[],['Normalspur'],['Normalspur'],['Normalspur'],[],[],[],[],[],['Normalspur'],[],['Normalspur'],[],['Normalspur'],[],['Normalspur'],[],['Normalspur'],[],['Normalspur'],"['Normalspur', 'Normalspur']",[],['Normalspur'],[]
['Mittelstreifen'],['Mittelstreifen'],['Mittelstreifen'],['Mittelstreifen'],['Mittelstreifen'],['Mittelstreifen'],[],[],['Mittelstreifen'],[],['Mittelstreifen'],[],[],"['Mittelstreifen', 'Mittelstreifen']",['Mittelstreifen'],['Mittelstreifen'],['Mittelstreifen'],['Mittelstreifen'],[],['Mittelstreifen'],['Mittelstreifen'],['Mittelstreifen'],[],[]
,,,,,,,,,,,,,,,,,,,,,,,
[],[],['Bahnübergang mit Halbschranke'],[],['Bahnübergang mit Halbschranke'],['Bahnübergang mit Halbschranke'],[],['Bahnübergang mit Halbschranke'],['Bahnübergang mit Halbschranke'],['Bahnübergang mit Halbschranke'],['Bahnübergang mit Halbschranke'],['Bahnübergang mit Halbschranke'],['Bahnübergang mit Halbschranke'],['Bahnübergang mit Halbschranke'],['Bahnübergang mit Halbschranke'],['Bahnübergang mit Halbschranke'],[],['Bahnübergang mit Halbschranke'],[],['Bahnübergang mit Halbschranke'],['Bahnübergang mit Halbschranke'],['Bahnübergang mit Halbschranke'],[],[]
[],['Bahnübergang mit Schranke'],[],[],['Bahnübergang mit Schranke'],[],['Bahnübergang mit Schranke'],[],['Bahnübergang mit Schranke'],[],['Bahnübergang mit Schranke'],['Bahnübergang mit Schranke'],[],['Bahnübergang mit Schranke'],[],['Bahnübergang mit Schranke'],[],['Bahnübergang mit Schranke'],[],['Bahnübergang mit Schranke'],['Bahnübergang mit Schranke'],['Bahnübergang mit Schranke'],[],[]
[],[],[],[],[],[],[],[],[],[],[],['Trottoir'],[],[],[],[],[],[],[],[],['Trottoir'],[],['Trottoir'],[]
[],[],[],[],[],[],[],[],[],[],[],[],[],[],[],[],[],['Fussweg'],[],[],[],[],[],[]
,,,,,,,,,,,,,,,,,,,,,,,
[],[],[],['Verkehrsinsel'],['Verkehrsinsel'],[],[],[],[],[],['Verkehrsinsel'],['Verkehrsinsel'],[],['Verkehrsinsel'],['Verkehrsinsel'],[],['Verkehrsinsel'],['Verkehrsinsel'],[],[],[],[],['Verkehrsinsel'],[]
[],[],[],[],[],[],[],[],[],[],[],[],[],[],[],[],[],[],[],[],[],[],[],[]
,,,,,,,,,,,,,,,,,,,,,,,
[],['Bahnübergang ohne Schranke'],['Bahnübergang ohne Schranke'],[],[],[],[],['Bahnübergang ohne Schranke'],[],[],['Bahnübergang ohne Schranke'],[],[],['Bahnübergang ohne Schranke'],[],['Bahnübergang ohne Schranke'],[],[],[],['Bahnübergang ohne Schranke'],[],[],[],[]
[],[],[],['Strassengrenze'],[],[],[],[],[],[],[],[],[],[],[],[],['Strassengrenze'],[],[],[],['Strassengrenze'],[],['Strassengrenze'],['Strassengrenze']
,,,,,,,,,,,,,,,,,,,,,,,
[],[],[],[],[],[],[],[],[],[],[],[],[],[],[],[],[],[],[],[],['Strasse'],[],[],[]
[],[],[],[],[],[],[],[],[],['Strasseneigentümer'],[],[],[],[],[],[],[],[],[],[],['Strasseneigentümer'],[],[],[]
[],['Angetrunkenheit'],[],[],['Angetrunkenheit'],['Angetrunkenheit'],[],[],[],[],[],[],[],[],[],[],[],[],[],[],[],[],[],[]
[],[],[],['Saumweg'],['Saumweg'],['Saumweg'],[],['Saumweg'],['Saumweg'],['Saumweg'],[],[],[],[],['Saumweg'],[],['Saumweg'],['Saumweg'],[],['Saumweg'],['Saumweg'],['Saumweg'],['Saumweg'],[]
,,,,,,,,,,,,,,,,,,,,,,,
,,,,,,,,,,,,,,,,,,,,,,,
[],[],[],[],[],[],[],[],[],[],[],['Gemeindestrasse'],[],[],[],[],[],[],[],[],[],[],[],[]
[],[],['öffentlich Sicherheit'],[],[],['öffentlich Sicherheit'],[],['öffentlich Sicherheit'],[],['öffentlich Sicherheit'],[],['öffentlich Sicherheit'],[],[],['öffentlich Sicherheit'],['öffentlich Sicherheit'],[],[],[],['öffentliche Sicherheit'],[],[],[],[]
[],[],[],[],[],[],[],[],[],['Pikettdienst'],[],[],[],[],[],[],[],[],[],[],[],[],[],[]
[],[],[],"['Strassensignalisation', 'Strassensignalisation']",[],[],[],[],[],[],[],[],[],[],[],[],[],['Strassensignalisation'],[],[],[],[],[],[]
[],[],"['Strassensignalisation', 'Signalisation']",['Strassensignalisation'],[],[],[],[],[],[],[],['Signalisation'],['Signalisation'],[],[],[],"['Strassensignalisation', 'Strassensignalisation']",['Signalisation'],[],[],"['Strassensignalisation', 'Strassensignalisation']",[],['Strassensignalisation'],[]
,,,,,,,,,,,,,,,,,,,,,,,
[],[],[],[],[],[],['bezahlt Urlaub'],[],[],[],['bezahlt Urlaub'],[],[],['bezahlt Urlaub'],[],[],['bezahlt Urlaub'],[],[],[],[],[],[],['bezahlt Urlaub']
[],[],[],[],[],[],[],[],[],[],[],['parkieren'],[],[],[],[],[],[],[],[],[],[],['parkieren'],[]
,,,,,,,,,,,,,,,,,,,,,,,
[],[],[],[],[],[],[],[],[],[],[],[],[],[],[],[],[],[],[],[],['Einteilung der Strassen'],[],[],[]
[],[],[],[],[],[],[],[],[],[],[],[],['beschuldigte Person'],[],['beschuldigte Person'],[],[],['beschuldigte Person'],[],[],[],[],[],[]
[],[],[],[],[],[],[],[],[],[],[],[],[],[],['beschuldigte Person'],[],[],[],[],[],[],[],[],[]
,,,,,,,,,,,,,,,,,,,,,,,
[],[],['Sicherheitsleistung'],['Sicherheitsleistung'],['Sicherheitsleistung'],['Sicherheitsleistung'],[],['Sicherheitsleistung'],[],[],['Sicherheitsleistung'],['Sicherheitsleistung'],[],['Sicherheitsleistung'],['Sicherheitsleistung'],['Sicherheitsleistung'],['Sicherheitsleistung'],['Sicherheitsleistung'],[],['Sicherheitsleistung'],['Sicherheitsleistung'],"['Sicherheitsleistung', 'Sicherheitsleistung']",['Sicherheitsleistung'],[]
[],[],['dringender Tatverdacht'],[],['dringender Tatverdacht'],['dringender Tatverdacht'],[],['dringender Tatverdacht'],[],['dringender Tatverdacht'],[],[],['dringender Tatverdacht'],[],['dringender Tatverdacht'],[],[],[],[],['dringender Tatverdacht'],[],[],['dringender Tatverdacht'],['dringender Tatverdacht']
[],[],['Verpflichtung zum Nichtverlassen eines Ortes'],['Verpflichtung zum Nichtverlassen eines Ortes'],[],[],[],[],[],[],[],[],[],['Verpflichtung zum Nichtverlassen eines Ortes'],['Verpflichtung zum Nichtverlassen eines Ortes'],[],['Verpflichtung zum Nichtverlassen eines Ortes'],[],[],['Verpflichtung zum Nichtverlassen eines Ortes'],['Verpflichtung zum Nichtverlassen eines Ortes'],[],[],[]
,,,,,,,,,,,,,,,,,,,,,,,
['Gutachten'],[],[],[],['Gutachten'],['Gutachten'],[],['Gutachten'],[],['Gutachten'],['Gutachten'],['Gutachten'],[],['Gutachten'],['Gutachten'],[],[],['Gutachten'],['Gutachten'],[],['Gutachten'],['Gutachten'],[],['Gutachten']
,,,,,,,,,,,,,,,,,,,,,,,
,,,,,,,,,,,,,,,,,,,,,,,
[],[],[],['Verseuchung'],[],[],[],[],[],['Verseuchung'],[],['Verseuchung'],[],[],[],[],['Verseuchung'],['Verseuchung'],[],[],['Verseuchung'],[],[],[]
[],[],[],[],[],[],[],[],[],[],[],[],[],[],[],[],[],[],[],[],[],[],[],['Fahrzeugausweis']
[],[],[],[],[],[],[],[],[],[],[],[],[],[],[],[],[],[],[],[],[],[],[],[]
,,,,,,,,,,,,,,,,,,,,,,,
[],[],[],[],[],[],[],[],[],[],[],[],[],[],[],[],[],[],[],[],[],[],[],['rechtskräftig Entscheid']
[],[],[],[],[],['rechtskräftig Entscheid'],[],[],[],[],[],['rechtskräftig Entscheid'],[],[],[],[],[],['rechtskräftiger Entscheid'],[],[],[],[],[],['rechtskräftig Entscheid']
['Strafjustiz'],['Strafjustiz'],[],['Strafjustiz'],[],[],['Strafjustiz'],[],['Strafjustiz'],['Strafjustiz'],[],['Strafjustiz'],[],['Strafjustiz'],['Strafjustiz'],['Strafjustiz'],['Strafjustiz'],['Strafjustiz'],[],[],['Strafjustiz'],[],[],['Strafjustiz']
[],[],[],[],[],[],[],[],[],[],[],[],[],[],[],[],[],[],[],[],[],[],[],[]
[],['Revision'],[],['Revision'],[],[],['Revision'],[],[],[],['Revision'],['Revision'],['Revision'],[],['Revision'],[],['Revision'],['Revision'],['Revision'],[],['Revision'],[],['Revision'],['Revision']
,,,,,,,,,,,,,,,,,,,,,,,
,,,,,,,,,,,,,,,,,,,,,,,
,,,,,,,,,,,,,,,,,,,,,,,
,,,,,,,,,,,,,,,,,,,,,,,
[],['unabwendbares Hindernis'],[],[],[],[],[],['unabwendbares Hindernis'],[],['unabwendbares Hindernis'],[],['unabwendbares Hindernis'],['unabwendbares Hindernis'],[],[],[],['unabwendbares Hindernis'],['unabwendbares Hindernis'],[],[],[],[],[],[]
[],[],['Bewilligung der unentgeltlichen Rechtspflege'],['Bewilligung der unentgeltlichen Rechtspflege'],['Bewilligung der unentgeltlichen Rechtspflege'],[],[],['Bewilligung der unentgeltlichen Rechtspflege'],[],[],[],[],[],[],['Bewilligung der unentgeltlichen Rechtspflege'],[],['Bewilligung der unentgeltlichen Rechtspflege'],[],[],[],[],[],[],['Bewilligung der unentgeltlichen Rechtspflege']
['Beginn der Hauptverhandlung'],[],[],['Beginn der Hauptverhandlung'],[],[],[],[],[],[],[],[],[],['Beginn der Hauptverhandlung'],[],[],[],[],[],[],[],[],[],[]
['Beweisabnahme'],[],['Beweisabnahme'],[],[],[],[],[],[],[],[],[],[],[],['Beweisabnahme'],[],[],[],[],[],[],[],[],[]
,,,,,,,,,,,,,,,,,,,,,,,
[],[],[],[],[],[],[],[],[],['Strafbescheid'],[],[],['Strafbescheid'],[],[],[],[],[],[],[],[],[],[],[]
,,,,,,,,,,,,,,,,,,,,,,,
,,,,,,,,,,,,,,,,,,,,,,,
[],['Urteilsformel'],[],[],[],[],[],[],['Urteilsformel'],[],[],['Urteilsformel'],[],['Dispositiv'],[],[],[],[],[],['Urteilsformel'],[],[],[],[]
['Hauptverhandlung'],['Hauptverhandlung'],['Hauptverhandlung'],['Hauptverhandlung'],"['Hauptverhandlung', 'Hauptverhandlung']",['Hauptverhandlung'],[],['Hauptverhandlung'],['Hauptverhandlung'],[],[],['Hauptverhandlung'],['Hauptverhandlung'],[],['Hauptverhandlung'],['Hauptverhandlung'],"['Hauptverhandlung', 'Hauptverhandlung']","['Hauptverhandlung', 'Hauptverhandlung']",['Hauptverhandlung'],['Hauptverhandlung'],['Hauptverhandlung'],['Hauptverhandlung'],"['Hauptverhandlung', 'Hauptverhandlung']",[]
,,,,,,,,,,,,,,,,,,,,,,,
[],['Einrede'],['Einspruch'],['Einspruch'],['Einspruch'],[],[],['Einspruch'],['Einspruch'],['Einspruch'],[],['Einspruch'],[],['Einspruch'],[],['Einrede'],[],[],['Einspruch'],['Einspruch'],['Einspruch'],['Einspruch'],['Einspruch'],[]
['Zwischenfrage'],[],[],[],[],[],[],['Zwischenfrage'],['Zwischenfrage'],['Zwischenfrage'],[],[],[],[],[],[],[],[],[],[],[],['Zwischenfrage'],['Zwischenfrage'],[]
,,,,,,,,,,,,,,,,,,,,,,,
,,,,,,,,,,,,,,,,,,,,,,,
,,,,,,,,,,,,,,,,,,,,,,,
[],[],[],[],[],[],[],[],[],[],[],[],[],[],[],['Sistierung des Verfahrens'],[],[],[],[],[],[],['Sistierung des Verfahrens'],['Sistierung des Verfahrens']
,,,,,,,,,,,,,,,,,,,,,,,
[],[],[],[],[],[],[],[],[],[],[],[],[],[],[],[],['biogen Abfall'],[],[],[],[],[],[],[]
,,,,,,,,,,,,,,,,,,,,,,,
[],['Fahrzeugausweis'],[],[],['Fahrzeugausweis'],[],[],[],[],[],[],[],[],['Fahrzeugausweis'],['Fahrzeugausweis'],[],[],['Fahrzeugausweis'],[],[],[],[],['Fahrzeugausweis'],[]
,,,,,,,,,,,,,,,,,,,,,,,
['Festgenommener'],['Festgenommener'],['Festgenommener'],['Festgenommener'],['Festgenommener'],['Festgenommener'],['Festgenommener'],['Festgenommener'],['Festgenommener'],['Festgenommener'],['Festgenommener'],['Festgenommener'],['Festgenommener'],['Festgenommener'],['Festgenommener'],['Festgenommener'],['Festgenommener'],['Festgenommener'],['Festgenommener'],['Festgenommener'],['Festgenommener'],['Festgenommener'],['Festgenommener'],[]
,,,,,,,,,,,,,,,,,,,,,,,
,,,,,,,,,,,,,,,,,,,,,,,
,,,,,,,,,,,,,,,,,,,,,,,
[],[],['Vertreter des Verletzten'],['Vertreter des Verletzten'],[],[],[],[],[],[],[],['Vertreter des Verletzten'],[],['Vertreter des Verletzten'],['Vertreter des Verletzten'],['Vertreter des Verletzten'],[],['Vertreter des Verletzten'],[],[],['Vertreter des Verletzten'],['Vertreter des Verletzten'],['Vertreter des Verletzten'],[]
,,,,,,,,,,,,,,,,,,,,,,,
,,,,,,,,,,,,,,,,,,,,,,,
,,,,,,,,,,,,,,,,,,,,,,,
[],['Ermittlung'],['Ermittlung'],['Ermittlung'],['Ermittlung'],['Ermittlung'],[],['Ermittlung'],['Ermittlung'],['Ermittlung'],['Ermittlung'],['Ermittlung'],['Ermittlung'],['Ermittlung'],['Ermittlung'],['Ermittlung'],['Ermittlung'],['Ermittlung'],[],['Ermittlung'],['Ermittlung'],['Ermittlung'],['Ermittlung'],['Ermittlung']
"['Ermittlungen', 'Ermittlungen']",[],['Ermittlungen'],['Ermittlungen'],[],[],['Ermittlungen'],[],[],"['Ermittlungen', 'Ermittlungen']",[],"['Ermittlungen', 'Ermittlungen']",[],"['Ermittlungen', 'Ermittlungen']",[],[],['Ermittlungen'],['Ermittlungen'],['Ermittlungen'],[],['Ermittlungen'],[],['Ermittlungen'],['Ermittlungen']
['Tatverdächtige'],"['Tatverdächtige', 'Tatverdächtige']",[],[],[],"['Tatverdächtige', 'Tatverdächtige']",[],"['Tatverdächtige', 'Tatverdächtige']",[],"['Tatverdächtige', 'Tatverdächtige']",[],"['Tatverdächtige', 'Tatverdächtige']","['Tatverdächtige', 'Tatverdächtige']",['Tatverdächtige'],[],"['Tatverdächtige', 'Tatverdächtige']",[],"['Tatverdächtige', 'Tatverdächtige']",['Tatverdächtige'],[],['Tatverdächtige'],[],"['Tatverdächtige', 'Tatverdächtige']",['Tatverdächtiger']
,,,,,,,,,,,,,,,,,,,,,,,
,,,,,,,,,,,,,,,,,,,,,,,
[],[],['Auskunftsperson'],['Auskunftsperson'],['Auskunftsperson'],['Auskunftsperson'],[],['Auskunftsperson'],[],[],[],[],['Auskunftsperson'],['Auskunftsperson'],['Auskunftsperson'],['Auskunftsperson'],[],[],[],[],[],[],['Auskunftsperson'],[]
[],[],[],[],[],[],[],[],[],[],[],[],['Vortritt'],[],[],[],[],[],[],[],[],[],['Vortritt'],[]
[],[],[],[],[],[],[],[],[],['Teilinvalidenrente'],[],[],[],[],[],[],[],[],[],[],[],[],[],[]
[],[],[],[],[],[],[],[],[],"['Teilinvalidenrente', 'Teilinvalidenrente']",[],[],[],[],[],[],[],[],[],[],[],[],[],[]
,,,,,,,,,,,,,,,,,,,,,,,
,,,,,,,,,,,,,,,,,,,,,,,
,,,,,,,,,,,,,,,,,,,,,,,
[],[],[],[],[],[],[],[],[],[],[],[],[],[],[],[],[],[],[],[],[],[],[],[]
[],['Probezeitklausel'],['Probezeitklausel'],['Probezeitklausel'],['Probezeitklausel'],['Probezeitklausel'],[],['Probezeitklausel'],[],['Probezeitklausel'],[],['Probezeitklausel'],['Probezeitklausel'],['Probezeitklausel'],['Probezeitklausel'],['Probezeitklausel'],[],['Probezeitklausel'],[],[],['Probezeitklausel'],['Probezeitklausel'],[],[]
,,,,,,,,,,,,,,,,,,,,,,,
,,,,,,,,,,,,,,,,,,,,,,,
[],[],[],[],[],[],[],[],[],['Gefahrensignal'],[],[],[],[],[],[],['Gefahrensignal'],[],[],[],[],[],[],['Gefahrensignal']
[],['Vorschriftssignal'],[],['Vorschriftssignal'],[],[],[],[],[],[],[],['Vorschriftssignal'],[],[],[],[],['Vorschriftssignal'],['Vorschriftssignal'],[],[],[],[],[],[]
[],[],[],[],[],[],[],[],[],[],[],[],[],['Hinweissignal'],[],[],[],[],[],[],[],[],[],[]
[],[],[],[],[],[],[],[],[],['Markierung'],[],['Markierung'],[],[],[],[],[],[],[],[],[],[],[],[]
,,,,,,,,,,,,,,,,,,,,,,,
,,,,,,,,,,,,,,,,,,,,,,,
,,,,,,,,,,,,,,,,,,,,,,,
['landwirtschaftlich Arbeitnehmer'],[],['landwirtschaftlich Arbeitnehmer'],['landwirtschaftlich Arbeitnehmer'],[],[],[],[],[],[],[],['landwirtschaftlich Arbeitnehmer'],[],['landwirtschaftlich Arbeitnehmer'],['landwirtschaftlich Arbeitnehmer'],[],['landwirtschaftlich Arbeitnehmer'],['landwirtschaftlich Arbeitnehmer'],[],['landwirtschaftlich Arbeitnehmer'],[],[],['landwirtschaftlich Arbeitnehmer'],[]
[],['vorläufige Dienstenthebung'],['vorläufige Dienstenthebung'],[],[],[],[],['vorläufige Dienstenthebung'],[],[],[],['vorläufige Dienstenthebung'],['vorläufige Dienstenthebung'],[],['vorläufige Dienstenthebung'],['vorläufige Dienstenthebung'],[],['vorläufige Dienstenthebung'],[],[],['vorläufige Dienstenthebung'],[],['vorläufige Dienstenthebung'],['vorläufige Dienstenthebung']
[],['vorläufige Dienstenthebung'],['vorläufige Dienstenthebung'],['vorläufige Dienstenthebung'],[],[],[],[],[],[],[],['vorläufige Dienstenthebung'],['vorläufige Dienstenthebung'],[],['vorläufige Dienstenthebung'],['vorläufige Dienstenthebung'],[],[],[],[],['vorläufige Dienstenthebung'],[],['vorläufige Dienstenthebung'],['vorläufige Dienstenthebung']
,,,,,,,,,,,,,,,,,,,,,,,
,,,,,,,,,,,,,,,,,,,,,,,
,,,,,,,,,,,,,,,,,,,,,,,
[],[],[],['gesetzlicher Feiertag'],[],[],[],[],[],[],[],['gesetzlicher Feiertag'],[],[],['gesetzlicher Feiertag'],[],[],['gesetzlicher Feiertag'],[],[],['gesetzlicher Feiertag'],['gesetzlicher Feiertag'],[],['gesetzlicher Feiertag']
[],[],['Ersatzruhetag'],[],['Ersatzruhe'],['Ersatzruhetag'],[],['Ersatzruhetag'],['Ersatzruhetag'],['Ersatzruhetag'],[],[],['Ersatzruhetag'],[],['Ersatzruhetag'],[],[],['Ersatzruhetag'],[],['Ersatzruhe'],[],['Ersatzruhetag'],['Ersatzruhetag'],[]
['Listenverbindung'],['Listenverbindung'],['Listenverbindung'],['Listenverbindung'],['Listenverbindung'],['Listenverbindung'],[],['Listenverbindung'],['Listenverbindung'],['Listenverbindung'],[],['Listenverbindung'],['Listenverbindung'],['Listenverbindung'],['Listenverbindung'],[],['Listenverbindung'],['Listenverbindung'],[],['Listenverbindung'],['Listenverbindung'],['Listenverbindung'],['Listenverbindung'],[]
['Rechtsträger des Privatrechts'],[],[],[],[],[],[],[],['Rechtsträger des Privatrechts'],[],[],[],[],[],[],[],[],[],[],['Rechtsträger des Privatrechts'],[],['Rechtsträger des Privatrechts'],[],[]
,,,,,,,,,,,,,,,,,,,,,,,
,,,,,,,,,,,,,,,,,,,,,,,
,,,,,,,,,,,,,,,,,,,,,,,
,,,,,,,,,,,,,,,,,,,,,,,
['entsandt Arbeitnehmer'],['entsandt Arbeitnehmer'],['entsandt Arbeitnehmer'],['entsandt Arbeitnehmer'],['entsandt Arbeitnehmer'],['entsandt Arbeitnehmer'],['entsandt Arbeitnehmer'],['entsandt Arbeitnehmer'],['entsandt Arbeitnehmer'],['entsandt Arbeitnehmer'],['entsandt Arbeitnehmer'],['entsandt Arbeitnehmer'],['entsandt Arbeitnehmer'],['entsandt Arbeitnehmer'],['entsandt Arbeitnehmer'],['entsandt Arbeitnehmer'],['entsandt Arbeitnehmer'],['entsandt Arbeitnehmer'],[],['entsandt Arbeitnehmer'],['entsandt Arbeitnehmer'],['entsandt Arbeitnehmer'],['entsandt Arbeitnehmer'],['entsandt Arbeitnehmer']
,,,,,,,,,,,,,,,,,,,,,,,
,,,,,,,,,,,,,,,,,,,,,,,
,,,,,,,,,,,,,,,,,,,,,,,
,,,,,,,,,,,,,,,,,,,,,,,
[],[],[],[],[],[],[],[],[],[],[],[],[],[],[],[],[],[],[],[],[],[],[],[]
[],[],[],[],[],[],[],[],[],[],[],['Fliessband'],[],[],[],[],[],[],[],[],[],[],[],['Fliessband']
['Geheimhaltungspflicht'],['Verschwiegenheitspflicht'],['Verschwiegenheitspflicht'],['Verschwiegenheitspflicht'],['Verschwiegenheitspflicht'],['Verschwiegenheitspflicht'],['Geheimhaltungspflicht'],['Geheimhaltungspflicht'],['Verschwiegenheitspflicht'],['Verschwiegenheitspflicht'],['Verschwiegenheitspflicht'],['Geheimhaltungspflicht'],['Verschwiegenheitspflicht'],[],['Geheimhaltungspflicht'],['Verschwiegenheitspflicht'],['Verschwiegenheitspflicht'],['Verschwiegenheitspflicht'],[],['Verschwiegenheitspflicht'],['Geheimhaltungspflicht'],['Verschwiegenheitspflicht'],['Verschwiegenheitspflicht'],['Verschwiegenheitspflicht']
,,,,,,,,,,,,,,,,,,,,,,,
,,,,,,,,,,,,,,,,,,,,,,,
,,,,,,,,,,,,,,,,,,,,,,,
,,,,,,,,,,,,,,,,,,,,,,,
[],[],[],[],[],[],[],[],[],[],[],[],[],[],[],[],[],[],[],[],['Kunde'],[],['Kunde'],[]
,,,,,,,,,,,,,,,,,,,,,,,
['BAK'],['Blutalkoholkonzentration'],['Blutalkoholkonzentration'],['Blutalkoholgehalt'],['Blutalkoholkonzentration'],['Blutalkoholkonzentration'],['Blutalkoholgehalt'],['Blutalkoholgehalt'],['Blutalkoholgehalt'],['Blutalkoholgehalt'],['Blutalkoholgehalt'],[],['Blutalkoholkonzentration'],['Blutalkoholgehalt'],[],['Blutalkoholgehalt'],['Blutalkoholgehalt'],[],[],['Blutalkoholkonzentration'],[],['Blutalkoholgehalt'],['Blutalkoholkonzentration'],[]
[],[],['Neulenker'],['Neulenker'],[],[],[],[],[],[],[],[],['Neulenker'],['Neulenker'],[],[],['Neulenker'],[],[],[],[],[],['Neulenker'],['Neulenker']
,,,,,,,,,,,,,,,,,,,,,,,
,,,,,,,,,,,,,,,,,,,,,,,
[],['Kauf der Anteile'],[],['Kauf der Anteile'],[],[],[],[],[],[],[],[],[],[],[],[],[],[],[],[],[],[],[],[]
,,,,,,,,,,,,,,,,,,,,,,,
[],[],[],[],[],[],[],[],[],[],[],[],[],[],[],[],[],[],[],[],[],[],[],[]
[],[],[],[],[],[],[],['Schiedsabrede'],[],[],[],[],[],[],[],[],[],[],[],[],[],[],['Schiedsabrede'],[]
,,,,,,,,,,,,,,,,,,,,,,,
,,,,,,,,,,,,,,,,,,,,,,,
,,,,,,,,,,,,,,,,,,,,,,,
,,,,,,,,,,,,,,,,,,,,,,,
"['Vorladung', 'Vorladung']","['Vorladung', 'Vorladung']","['Vorladung', 'Vorladung']",[],[],[],[],"['Zitation', 'Zitation']",[],"['Zitation', 'Zitation']",[],"['Vorladung', 'Vorladung']",[],"['Vorladung', 'Vorladung']","['Vorladung', 'Vorladung']",[],"['Zitation', 'Zitation']",['Zitation'],"['Vorladung', 'Vorladung']","['Vorladung', 'Vorladung']",[],[],"['Vorladung', 'Vorladung']",[]
['Aufsichtsratsmitglied'],['Aufsichtsratsmitglied'],['Aufsichtsratsmitglied'],['Aufsichtsratsmitglied'],['Aufsichtsratsmitglied'],['Aufsichtsratsmitglied'],[],['Aufsichtsratsmitglied'],['Aufsichtsratsmitglied'],['Aufsichtsratsmitglied'],[],[],['Aufsichtsratsmitglied'],[],['Aufsichtsratsmitglied'],[],['Aufsichtsratsmitglied'],['Aufsichtsratsmitglied'],['Aufsichtsratsmitglied'],['Aufsichtsratsmitglied'],[],['Aufsichtsratsmitglied'],['Aufsichtsratsmitglied'],['Aufsichtsratsmitglied']
,,,,,,,,,,,,,,,,,,,,,,,
[],['Kostenauferlegung'],['Kostenauferlegung'],['Kostenauferlegung'],[],['Kostenauferlegung'],[],['Kostenauferlegung'],[],['Kostenauferlegung'],[],['Kostenauferlegung'],[],['Kostenauferlegung'],[],['Kostenauferlegung'],['Kostenauferlegung'],['Kostenauferlegung'],[],[],['Kostenauferlegung'],[],['Kostenauferlegung'],['Kostenauferlegung']
,,,,,,,,,,,,,,,,,,,,,,,
,,,,,,,,,,,,,,,,,,,,,,,
,,,,,,,,,,,,,,,,,,,,,,,
,,,,,,,,,,,,,,,,,,,,,,,
[],[],[],[],[],[],[],[],[],[],[],[],[],[],[],[],[],[],[],[],[],[],[],[]
,,,,,,,,,,,,,,,,,,,,,,,
[],[],['Anknüpfungspunkt'],[],[],['Anknüpfungspunkt'],[],[],[],[],['Anknüpfungspunkt'],['Anknüpfungspunkt'],[],[],[],[],['Anknüpfungspunkt'],[],[],[],['Anknüpfungspunkt'],[],['Anknüpfungspunkt'],[]
,,,,,,,,,,,,,,,,,,,,,,,
[],['Zahlungsbefehl'],['Zahlungsbefehl'],['Zahlungsbefehl'],['Zahlungsbefehl'],['Zahlungsbefehl'],[],['Zahlungsbefehl'],['Zahlungsbefehl'],[],[],['Zahlungsbefehl'],['Zahlungsbefehl'],['Zahlungsbefehl'],['Zahlungsbefehl'],['Zahlungsbefehl'],['Zahlungsbefehl'],['Zahlungsbefehl'],[],['Zahlungsbefehl'],[],[],['Zahlungsbefehl'],[]
[],['Beistandschaft'],[],[],['Beistandschaft'],[],[],[],[],[],[],[],[],[],[],[],[],[],[],[],[],[],['Beistandschaft'],[]
,,,,,,,,,,,,,,,,,,,,,,,
[],[],[],[],[],[],[],[],[],['alleinige elterliche Sorge'],[],['alleinig Sorgerecht'],[],[],['alleinige elterliche Sorge'],['alleinige elterliche Sorge'],['alleinige elterliche Sorge'],['alleinige elterliche Sorge'],[],[],[],['alleinig Sorgerecht'],[],['alleinige elterliche Sorge']
,,,,,,,,,,,,,,,,,,,,,,,
[],[],[],[],[],[],[],[],[],[],[],[],[],[],[],[],[],[],[],[],[],[],[],[]
,,,,,,,,,,,,,,,,,,,,,,,
[],[],[],[],[],[],[],[],[],[],[],[],[],[],[],[],[],[],[],[],[],[],[],[]
[],[],[],[],[],[],[],[],[],[],[],[],[],[],[],[],[],[],[],[],[],[],[],['Beschwerde in Zivilsachen']
[],[],[],[],[],[],[],[],[],[],[],['Präklusionsfrist'],[],[],[],[],[],[],[],[],['Präklusionsfrist'],[],[],[]
['prozessual Frist'],[],[],['prozessual Frist'],['prozessual Frist'],[],[],['prozessual Frist'],[],['prozessual Frist'],[],[],[],['prozessual Frist'],['prozessual Frist'],[],['prozessual Frist'],['prozessual Frist'],[],['prozessual Frist'],[],['prozessual Frist'],[],[]
[],['gesetzlich bestimmt Frist'],['gesetzlich bestimmt Frist'],[],[],[],[],[],[],['gesetzlich bestimmt Frist'],[],[],[],[],['gesetzlich bestimmt Frist'],[],[],[],[],[],[],[],[],[]
,,,,,,,,,,,,,,,,,,,,,,,
,,,,,,,,,,,,,,,,,,,,,,,
[],[],[],[],[],[],[],[],[],[],[],[],['Besitzesentziehung'],[],[],[],[],[],[],[],[],[],[],[]
[],[],[],[],[],[],[],[],[],[],[],[],[],[],[],[],[],[],[],[],[],[],[],[]
[],[],[],[],[],[],[],[],[],[],[],[],[],[],[],[],[],['Stockwerkeigentümergemeinschaft'],[],[],[],[],[],[]
,,,,,,,,,,,,,,,,,,,,,,,
[],[],[],[],[],[],[],['Gesamtarbeitsvertrag'],[],[],[],[],[],['Gesamtarbeitsvertrag'],[],[],[],[],[],[],['Gesamtarbeitsvertrag'],[],['Gesamtarbeitsvertrag'],[]
[],[],[],[],[],[],[],[],[],[],[],[],[],[],[],[],[],[],[],[],[],[],[],[]
[],[],[],[],[],[],[],[],[],[],[],[],[],[],[],[],[],[],[],[],[],[],[],[]
[],[],[],[],[],[],[],[],[],[],[],[],[],[],[],[],[],['Grundpfandverschreibung'],[],[],[],[],[],[]
,,,,,,,,,,,,,,,,,,,,,,,
,,,,,,,,,,,,,,,,,,,,,,,
[],[],[],[],[],[],[],[],[],[],[],[],[],[],[],[],[],[],[],[],[],[],[],[]
[],[],[],[],[],[],[],[],[],[],[],[],[],[],[],[],[],[],[],[],[],[],[],[]
,,,,,,,,,,,,,,,,,,,,,,,
,,,,,,,,,,,,,,,,,,,,,,,
[],[],['Veräusserungsverbot'],[],[],[],[],[],[],[],[],[],[],[],[],[],[],[],[],[],[],[],[],[]
,,,,,,,,,,,,,,,,,,,,,,,
,,,,,,,,,,,,,,,,,,,,,,,
,,,,,,,,,,,,,,,,,,,,,,,
[],[],[],[],[],[],[],[],[],[],[],[],[],[],[],[],[],[],[],[],[],[],[],[]
[],[],[],['Konsolidation'],['Konsolidation'],[],[],['Konsolidation'],['Konsolidation'],['Konsolidation'],[],[],['Konsolidation'],['Konsolidation'],['Konsolidation'],['Konsolidation'],['Konsolidation'],[],[],[],[],[],[],['Konsolidation']
,,,,,,,,,,,,,,,,,,,,,,,
,,,,,,,,,,,,,,,,,,,,,,,
,,,,,,,,,,,,,,,,,,,,,,,
,,,,,,,,,,,,,,,,,,,,,,,
['Anklageprinzip'],['Akkusationsprinzip'],[],['Akkusationsprinzip'],['Anklageprinzip'],['Akkusationsprinzip'],[],['Akkusationsprinzip'],['Akkusationsprinzip'],['Anklageprinzip'],['Anklageprinzip'],['Anklageprinzip'],"['Akkusationsprinzip', 'Anklageprinzip']",['Akkusationsprinzip'],[],['Akkusationsprinzip'],['Akkusationsprinzip'],['Akkusationsprinzip'],[],[],['Anklageprinzip'],[],[],"['Akkusationsprinzip', 'Akkusationsprinzip']"
,,,,,,,,,,,,,,,,,,,,,,,
[],['Zwangsmaßnahme'],['Zwangsmaßnahme'],['Zwangsmaßnahme'],[],[],[],['Zwangsmaßnahme'],[],[],[],[],['Zwangsmaßnahme'],['Zwangsmaßnahme'],['Zwangsmaßnahme'],[],[],[],[],['Zwangsmaßnahme'],['Zwangsmaßnahme'],['Zwangsmaßnahme'],[],[]
[],[],[],[],[],[],[],['Inquisitionsmaxime'],[],[],[],[],[],['Ermittlungsgrundsatz'],[],[],[],[],[],[],[],[],[],[]
[],[],[],[],[],[],[],[],[],[],[],[],[],[],[],[],[],[],[],[],[],[],[],[]
['Geschäftsergebnis'],[],[],['Geschäftsergebnis'],[],[],[],[],[],[],[],[],['Geschäftsergebnis'],[],['Geschäftsergebnis'],[],[],['Geschäftsergebnis'],[],[],[],[],[],[]
,,,,,,,,,,,,,,,,,,,,,,,
,,,,,,,,,,,,,,,,,,,,,,,
,,,,,,,,,,,,,,,,,,,,,,,
,,,,,,,,,,,,,,,,,,,,,,,
,,,,,,,,,,,,,,,,,,,,,,,
,,,,,,,,,,,,,,,,,,,,,,,
[],['Vertragsschluss'],['Vertragsschluss'],['Vertragsschluss'],['Vertragsschluss'],[],[],['Vertragsschluss'],[],['Vertragsschluss'],['Vertragsschluss'],[],['Vertragsschluss'],[],['Vertragsschluss'],['Vertragsschluss'],['Vertragsschluss'],['Vertragsschluss'],[],[],[],[],[],[]
['Halbgeschwister'],['Halbgeschwister'],['Halbgeschwister'],['Halbgeschwister'],['Halbgeschwister'],[],[],['Halbgeschwister'],[],['Halbgeschwister'],['Halbgeschwister'],[],['Halbgeschwister'],"['Halbgeschwister', 'Halbgeschwister']",['Halbgeschwister'],['Halbgeschwister'],['Halbgeschwister'],['Halbgeschwister'],[],[],['Halbgeschwister'],[],['Halbgeschwister'],['Halbgeschwister']
,,,,,,,,,,,,,,,,,,,,,,,
[],[],[],[],[],[],[],[],[],[],[],[],[],[],[],[],[],[],[],[],[],[],[],[]
[],[],[],[],[],[],[],[],[],[],[],[],[],[],[],[],[],[],[],[],[],[],[],[]
,,,,,,,,,,,,,,,,,,,,,,,
,,,,,,,,,,,,,,,,,,,,,,,
,,,,,,,,,,,,,,,,,,,,,,,
[],[],[],[],[],[],['Rückkaufsrecht'],[],[],[],['Rückkaufsrecht'],['Rückkaufsrecht'],[],['Rückkaufsrecht'],[],['Rückkaufsrecht'],[],[],[],[],[],[],[],['Rückkaufsrecht']
[],[],[],[],[],[],[],[],[],[],[],[],[],[],[],[],[],[],[],[],[],[],[],[]
,,,,,,,,,,,,,,,,,,,,,,,
[],[],[],['Nominalwert'],[],[],[],[],[],[],[],[],[],[],[],[],['Nominalwert'],[],[],[],['Nominalwert'],[],[],[]
,,,,,,,,,,,,,,,,,,,,,,,
[],[],[],[],[],[],[],[],[],[],[],['Versender'],[],[],['Versender'],[],['Versender'],[],[],[],[],[],[],[]
[],[],['Infertilität'],['Infertilität'],['Infertilität'],['Infertilität'],[],[],['Infertilität'],[],[],['Infertilität'],[],[],[],[],['Infertilität'],['Infertilität'],[],['Infertilität'],[],['Infertilität'],[],[]
[],[],[],[],['Wanderweg'],['Wanderweg'],['Wanderweg'],[],[],['Wanderweg'],[],[],[],[],[],['Wanderweg'],[],[],[],[],['Wanderweg'],[],['Wanderweg'],[]
[],[],[],[],[],[],[],[],[],[],[],[],[],[],"['Kontrollschild', 'Kontrollschild']",[],[],[],[],[],[],[],['Kontrollschild'],[]
[],[],[],[],[],[],[],[],[],['Gütertransport'],[],[],[],[],[],[],[],[],[],[],[],[],[],['Gütertransport']
['Erneuerung'],[],[],[],[],[],[],[],[],[],[],[],[],[],[],[],[],[],[],[],[],[],[],[]
,,,,,,,,,,,,,,,,,,,,,,,
,,,,,,,,,,,,,,,,,,,,,,,
[],['Waldweg'],[],[],[],[],[],[],[],[],[],[],[],[],[],[],[],[],[],[],[],[],[],[]
[],[],[],[],[],[],[],[],[],[],[],[],[],[],[],[],[],['Busse'],[],[],[],[],[],[]
[],['Busse'],[],[],[],[],[],[],[],[],[],[],[],[],[],[],[],['Busse'],[],[],[],[],[],[]
,,,,,,,,,,,,,,,,,,,,,,,
,,,,,,,,,,,,,,,,,,,,,,,
[],[],[],[],[],[],[],[],[],[],[],[],[],[],[],[],[],[],[],[],[],[],[],['Willensvollstreckung']
[],[],[],[],[],['Erbgangsschuld'],[],[],[],['Erbgangsschuld'],[],[],[],[],[],[],[],[],[],[],[],[],[],[]
,,,,,,,,,,,,,,,,,,,,,,,
,,,,,,,,,,,,,,,,,,,,,,,
,,,,,,,,,,,,,,,,,,,,,,,
[],['Schenkung mit Auflage'],['Schenkung mit Auflage'],['Schenkung mit Auflage'],['Schenkung mit Auflage'],['Schenkung mit Auflage'],[],['Schenkung mit Auflage'],['Schenkung mit Auflage'],[],[],[],[],['Schenkung mit Auflage'],['Schenkung mit Auflage'],['Schenkung mit Auflage'],['Schenkung mit Auflage'],['Schenkung mit Auflage'],[],['Schenkung mit Auflage'],[],['Schenkung mit Auflage'],['Schenkung mit Auflage'],[]
,,,,,,,,,,,,,,,,,,,,,,,
,,,,,,,,,,,,,,,,,,,,,,,
,,,,,,,,,,,,,,,,,,,,,,,
,,,,,,,,,,,,,,,,,,,,,,,
[],['Nichtschuldiger'],[],['Nichtschuldiger'],[],[],[],[],[],[],[],[],[],[],['Nichtschuldiger'],[],['Nichtschuldiger'],[],[],['Nichtschuldiger'],[],[],[],[]
['unbefugt Wegnahme ein Leiche'],['unbefugt Wegnahme ein Leiche'],['unbefugt Wegnahme ein Leiche'],[],['Leichenraub'],['unbefugt Wegnahme ein Leiche'],['Leichenraub'],[],[],['unbefugt Wegnahme ein Leiche'],[],[],['Leichenraub'],['unbefugt Wegnahme ein Leiche'],['unbefugt Wegnahme ein Leiche'],['unbefugt Wegnahme ein Leiche'],['unbefugt Wegnahme ein Leiche'],['unbefugt Wegnahme ein Leiche'],[],[],['Leichenraub'],[],[],[]
[],['Fähigkeitsausweis'],[],['Fähigkeitsausweis'],[],[],[],[],[],[],[],['Fähigkeitsausweis'],[],[],[],[],[],[],[],[],[],[],[],[]
[],[],[],[],[],[],[],[],[],['Fähigkeitsausweis'],[],['Fähigkeitsausweis'],[],[],[],[],[],[],[],[],[],[],[],[]
,,,,,,,,,,,,,,,,,,,,,,,
,,,,,,,,,,,,,,,,,,,,,,,
,,,,,,,,,,,,,,,,,,,,,,,
,,,,,,,,,,,,,,,,,,,,,,,
[],[],[],['Vollziehung der Auflage'],[],[],[],[],[],[],[],['Vollziehung der Auflage'],[],[],[],[],[],[],[],[],[],[],[],[]
[],[],[],[],[],[],[],[],[],[],[],[],[],[],[],[],[],[],[],[],[],[],[],[]
,,,,,,,,,,,,,,,,,,,,,,,
[],['Lichtsignal'],[],[],[],['Lichtsignal'],[],['Lichtsignal'],[],"['Lichtsignal', 'Lichtsignal', 'Lichtsignal']",['Lichtsignal'],[],"['Lichtsignal', 'Lichtsignal', 'Lichtsignal']",[],['Lichtsignal'],['Lichtsignal'],['Lichtsignal'],[],[],['Lichtsignal'],[],[],[],[]
[],[],[],[],[],[],[],[],[],[],[],[],[],['Vortrittssignal'],['Vortrittssignal'],[],[],['Vortrittssignal'],[],[],[],[],['Vortrittssignal'],['Vortrittssignal']
[],[],[],[],[],[],['Verbotssignal'],[],[],[],[],[],[],[],[],[],['Verbotssignal'],[],[],[],[],[],[],[]
[],[],[],[],[],[],[],[],[],['Gebotssignal'],[],[],[],[],[],[],[],[],[],[],[],[],[],[]
,,,,,,,,,,,,,,,,,,,,,,,
[],[],[],[],[],[],[],[],[],[],[],[],[],['theoretische Führerprüfung'],[],[],[],[],[],[],[],[],[],[]
[],[],[],[],[],[],[],[],[],[],[],[],[],[],['Sachverständiger'],[],[],[],[],[],[],[],['Sachverständiger'],['Sachverständiger']
,,,,,,,,,,,,,,,,,,,,,,,
[],[],[],[],[],[],[],[],[],[],[],[],[],[],[],[],['gemeinsamer Rad- und Fussweg'],['gemeinsamer Rad- und Fussweg'],[],[],[],[],[],[]
[],[],[],[],[],[],[],[],[],[],[],[],[],[],[],[],[],[],[],[],[],[],[],[]
"['Abtreibung', 'Abtreibung']",[],[],[],[],[],"['Abtreibung', 'Abtreibung']",[],[],[],[],[],[],[],[],[],[],[],[],[],[],[],[],[]
,,,,,,,,,,,,,,,,,,,,,,,
[],[],[],[],[],[],[],[],[],['Aktenvermerk'],[],[],[],[],[],[],[],[],[],[],[],[],[],[]
,,,,,,,,,,,,,,,,,,,,,,,
,,,,,,,,,,,,,,,,,,,,,,,
[],[],[],[],[],[],[],['Motorfahrzeug'],[],[],[],[],[],[],[],[],[],[],[],[],['Motorfahrzeug'],[],[],[]
,,,,,,,,,,,,,,,,,,,,,,,
[],[],[],[],[],[],[],[],[],[],[],[],[],[],[],[],[],[],[],[],[],[],[],[]
[],[],[],[],[],[],['Eugenetik'],[],[],[],[],[],[],[],[],[],['Eugenetik'],[],[],[],[],[],[],['Eugenetik']
[],[],[],[],[],[],[],[],[],[],[],[],[],[],[],[],[],[],[],[],[],[],[],[]
['gesetzgebend Gewalt'],['gesetzgebend Gewalt'],['gesetzgebend Gewalt'],['gesetzgebend Gewalt'],['gesetzgebend Gewalt'],['gesetzgebend Gewalt'],[],['gesetzgebend Gewalt'],['gesetzgebend Gewalt'],[],[],['gesetzgebend Gewalt'],[],['gesetzgebend Gewalt'],['gesetzgebend Gewalt'],['gesetzgebend Gewalt'],['gesetzgebend Gewalt'],['gesetzgebend Gewalt'],[],['gesetzgebend Gewalt'],[],['gesetzgebend Gewalt'],['gesetzgebend Gewalt'],[]
,,,,,,,,,,,,,,,,,,,,,,,
[],['Verschwendung'],['Verschwendung'],['Verschwendung'],[],[],[],[],['Verschwendung'],['Verschwendung'],[],['Verschwendung'],['Verschwendung'],['Verschwendung'],[],['Verschwendung'],['Verschwendung'],[],[],[],['Verschwendung'],['Verschwendung'],['Verschwendung'],[]
[],[],[],[],[],[],[],[],[],[],[],[],[],[],[],[],[],['Bezug der Parlamentarier'],[],[],[],[],[],[]
['Judikative'],[],['Judikative'],['Judikative'],[],['Judikative'],['Judikative'],['Judikative'],[],[],['Judikative'],['judikative'],['Judikative'],['Judikative'],[],['Judikative'],[],[],['judikative'],[],['Judikative'],[],[],['judikative']
,,,,,,,,,,,,,,,,,,,,,,,
,,,,,,,,,,,,,,,,,,,,,,,
[],[],[],['vereinigt Bundesversammlung'],[],[],[],[],[],[],[],[],['vereinigt Bundesversammlung'],[],['vereinigt Bundesversammlung'],[],['vereinigt Bundesversammlung'],[],[],[],[],[],[],[]
,,,,,,,,,,,,,,,,,,,,,,,
,,,,,,,,,,,,,,,,,,,,,,,
[],[],['Kollegialbehörde'],['Kollegialbehörde'],[],[],[],['Kollegialbehörde'],[],[],[],['Kollegialbehörde'],[],[],['Kollegialbehörde'],['Kollegialbehörde'],[],['Kollegialbehörde'],[],[],['Kollegialbehörde'],[],['Kollegialbehörde'],[]
,,,,,,,,,,,,,,,,,,,,,,,
,,,,,,,,,,,,,,,,,,,,,,,
,,,,,,,,,,,,,,,,,,,,,,,
[],[],[],[],[],[],[],[],[],[],[],[],[],[],[],[],[],[],[],[],[],[],[],[]
[],[],[],[],[],[],[],[],[],[],[],[],[],[],[],[],[],[],[],[],[],[],[],[]
,,,,,,,,,,,,,,,,,,,,,,,
,,,,,,,,,,,,,,,,,,,,,,,
[],[],['Beschwerdelegitimation'],['Beschwerdelegitimation'],['Beschwerdelegitimation'],['Beschwerdelegitimation'],[],['Beschwerdelegitimation'],['Beschwerdelegitimation'],['Beschwerdelegitimation'],[],['Beschwerdelegitimation'],['Beschwerdelegitimation'],['Beschwerdelegitimation'],['Beschwerdelegitimation'],[],[],['Beschwerdelegitimation'],[],['Beschwerdelegitimation'],[],['Beschwerdelegitimation'],['Beschwerdelegitimation'],[]
['Befugnis zur Prozessführung'],[],[],[],[],[],[],[],[],[],[],[],[],[],[],[],[],[],[],[],[],[],[],[]
,,,,,,,,,,,,,,,,,,,,,,,
['Logdatei'],[],['Logdatei'],['Logdatei'],[],['Logdatei'],[],['Logdatei'],['Logdatei'],[],[],[],[],"['Logdatei', 'Logdatei']",['Logdatei'],['Logdatei'],['Logdatei'],['Logdatei'],[],[],[],['Logdatei'],[],['Logdatei']
,,,,,,,,,,,,,,,,,,,,,,,
,,,,,,,,,,,,,,,,,,,,,,,
[],[],['Referent'],['Referent'],[],[],[],[],[],[],[],['Referent'],[],['Referent'],[],[],['Referent'],[],[],[],[],[],[],[]
[],['Rückzug der Klage unter Vorbehalt der Wiedereinbringung'],[],[],[],[],[],[],[],['nicht vorbehaltlos Klagerückzug'],[],[],[],[],[],[],[],[],[],[],[],[],[],[]
,,,,,,,,,,,,,,,,,,,,,,,
,,,,,,,,,,,,,,,,,,,,,,,
,,,,,,,,,,,,,,,,,,,,,,,
,,,,,,,,,,,,,,,,,,,,,,,
[],[],[],['Abfallentsorgung'],[],[],[],[],[],['Entsorgung'],[],[],[],[],['Abfallentsorgung'],[],['Abfallentsorgung'],[],[],[],[],[],[],[]
,,,,,,,,,,,,,,,,,,,,,,,
[],[],[],['Gerichtsgutachten'],['Gerichtsgutachten'],['Gerichtsgutachten'],[],[],[],[],[],[],[],[],[],[],[],[],[],[],[],['Gerichtsgutachten'],['Gerichtsgutachten'],[]
[],[],[],[],[],[],[],[],[],[],[],[],[],[],[],[],[],[],[],[],[],[],[],[]
[],['Verlobung'],['Verlöbnis'],[],['Verlöbnis'],[],[],['Verlöbnis'],[],[],[],['Verlobung'],[],[],[],['Verlöbnis'],[],[],['Verlobung'],['Verlöbnis'],[],[],['Verlöbnis'],[]
,,,,,,,,,,,,,,,,,,,,,,,
,,,,,,,,,,,,,,,,,,,,,,,
,,,,,,,,,,,,,,,,,,,,,,,
,,,,,,,,,,,,,,,,,,,,,,,
,,,,,,,,,,,,,,,,,,,,,,,
,,,,,,,,,,,,,,,,,,,,,,,
[],[],[],[],[],[],[],[],[],[],[],[],[],[],[],[],[],[],[],[],[],[],[],[]
,,,,,,,,,,,,,,,,,,,,,,,
,,,,,,,,,,,,,,,,,,,,,,,
[],[],['gesetzlich Güterstand'],[],['gesetzlicher Güterstand'],['gesetzlich Güterstand'],[],['gesetzlich Güterstand'],['gesetzlich Güterstand'],['gesetzlich Güterstand'],[],['gesetzlich Güterstand'],['gesetzlich Güterstand'],['gesetzlich Güterstand'],['gesetzlich Güterstand'],['gesetzlich Güterstand'],[],['gesetzlich Güterstand'],[],['gesetzlich Güterstand'],[],['gesetzlicher Güterstand'],['gesetzlich Güterstand'],['gesetzlich Güterstand']
[],"['Antichrese', 'Antichrese']",['Nutzungspfandrecht'],['Nutzungspfandrecht'],"['Nutzungspfandrecht', 'Nutzungspfandrecht']","['Antichrese', 'Antichrese']",[],['Nutzungspfandrecht'],[],[],"['Antichrese', 'Antichrese']","['Antichrese', 'Antichrese']","['Nutzungspfandrecht', 'Nutzungspfandrecht']","['Nutzungspfandrecht', 'Nutzungspfandrecht']","['Nutzungspfandrecht', 'Nutzungspfandrecht']","['Antichrese', 'Antichrese']","['Antichrese', 'Antichrese']","['Antichrese', 'Antichrese']",[],[],['Antichrese'],[],['Nutzungspfandrecht'],"['Antichrese', 'Antichrese']"
,,,,,,,,,,,,,,,,,,,,,,,
,,,,,,,,,,,,,,,,,,,,,,,
[],[],['Zugehör'],[],[],[],[],[],['Zugehör'],['Zugehör'],[],['Pertinenz'],['Pertinenz'],[],[],['Pertinenz'],[],['Pertinenz'],[],[],[],[],['Pertinenz'],['Pertinenz']
['Schatzerwerb'],[],[],['Schatzerwerb'],[],[],[],[],[],[],[],['Schatzerwerb'],[],['Schatzerwerb'],[],[],[],[],[],[],['Schatzerwerb'],[],[],[]
['Zession'],[],[],['Zession'],[],['Zession'],[],[],[],[],[],['Zession'],['Zession'],[],['Zession'],[],['Zession'],['Zession'],[],[],['Zession'],[],[],[]
[],[],[],[],[],[],[],[],[],[],[],[],[],[],[],[],[],[],[],[],[],[],[],[]
[],[],[],[],[],[],[],[],[],[],[],[],[],[],[],[],[],[],[],[],[],[],[],[]
[],[],[],['Gesellschaftsvertrag'],[],[],[],['Errichtungsakt'],[],[],[],[],['Gesellschaftsvertrag'],[],[],[],['Errichtungsakt'],[],[],['Errichtungsakt'],['Errichtungsakt'],[],[],['Errichtungsakt']
[],['Beitrag'],['Stammeinlage'],['Stammeinlage'],[],[],[],[],[],['Stammeinlage'],['Beitrag'],[],['Stammeinlage'],[],['Stammeinlage'],[],['Stammeinlage'],['Beitrag'],[],[],[],[],[],['Beitrag']
[],[],[],[],[],[],[],[],[],[],[],[],[],[],[],[],[],[],[],[],[],[],[],[]
,,,,,,,,,,,,,,,,,,,,,,,
,,,,,,,,,,,,,,,,,,,,,,,
['Willen'],['Willen'],['Willen'],[],['Willen'],['Willen'],['Wille'],['Wille'],[],['Wille'],[],[],['Wille'],['Willen'],['Willen'],['Wille'],['Willen'],['Wille'],['Willen'],['Willen'],[],['Willen'],['Willen'],['Wille']
[],[],[],[],[],[],[],[],[],['Liquidation der Prozesskosten'],[],[],[],[],[],[],[],[],[],[],[],[],[],[]
,,,,,,,,,,,,,,,,,,,,,,,
['Sachverhaltsdarstellung'],['Sachverhaltsdarstellung'],['Sachverhaltsdarstellung'],['Sachverhaltsdarstellung'],['Sachverhaltsdarstellung'],['Sachverhaltsdarstellung'],[],['Sachverhaltsdarstellung'],['Sachverhaltsdarstellung'],[],[],[],[],['Sachverhaltsdarstellung'],['Sachverhaltsdarstellung'],['Sachverhaltsdarstellung'],['Sachverhaltsdarstellung'],['Sachverhaltsdarstellung'],[],['Sachverhaltsdarstellung'],[],['Sachverhaltsdarstellung'],['Sachverhaltsdarstellung'],['Sachverhaltsdarstellung']
[],[],[],[],['formelles Gesetz'],['formell Gesetz'],[],['formell Gesetz'],[],[],[],[],['formelles Gesetz'],[],['formelles Gesetz'],[],[],[],[],[],[],[],['formell Gesetz'],[]
['Tourismusassistent'],[],[],['Tourismusassistent'],['Tourismusassistent'],['Tourismusassistent'],[],['Tourismusassistent'],[],[],['Tourismusassistent'],['Tourismusassistent'],[],['Tourismusassistent'],['Tourismusassistent'],['Tourismusassistent'],['Tourismusassistent'],['Tourismusassistent'],[],['Tourismusassistent'],['Tourismusassistent'],['Tourismusassistent'],['Tourismusassistent'],['Tourismusassistent']
,,,,,,,,,,,,,,,,,,,,,,,
,,,,,,,,,,,,,,,,,,,,,,,
[],['richterlich Auslegung'],['richterlich Auslegung'],[],['richterlich Auslegung'],[],[],[],[],['richterlich Auslegung'],[],[],['richterlich Auslegung'],['richterlich Auslegung'],[],['richterlich Auslegung'],[],[],[],['richterlich Auslegung'],['richterlich Auslegung'],[],['richterlich Auslegung'],[]
[],[],['Zivilrechtspflege'],[],['Zivilrechtspflege'],['Zivilrechtspflege'],[],[],['Zivilrechtspflege'],[],[],[],[],[],['Zivilrechtspflege'],[],['Zivilrechtspflege'],['Zivilrechtspflege'],[],['Zivilrechtspflege'],[],['Zivilrechtspflege'],['Zivilrechtspflege'],[]
[],[],[],[],[],[],[],[],[],['elektronisch Gerichtsdossier'],[],[],[],[],[],[],[],['elektronisch Dossier'],[],[],['elektronisch Gerichtsdossier'],[],[],['elektronisch Dossier']
,,,,,,,,,,,,,,,,,,,,,,,
,,,,,,,,,,,,,,,,,,,,,,,
,,,,,,,,,,,,,,,,,,,,,,,
,,,,,,,,,,,,,,,,,,,,,,,
['Ethikkommission'],['Ethikkommission'],['Ethikkommission'],['Ethikkommission'],['Ethikkommission'],['Ethikkommission'],[],['Ethikkommission'],[],['Ethikkommission'],[],['Ethikkommission'],['Ethikkommission'],['Ethikkommission'],['Ethikkommission'],['Ethikkommission'],[],['Ethikkommission'],[],[],['Ethikkommission'],['Ethikkommission'],['Ethikkommission'],['Ethikkommission']
[],[],[],[],[],[],[],[],[],[],[],[],[],[],[],[],[],[],[],[],[],[],[],[]
,,,,,,,,,,,,,,,,,,,,,,,
['unentgeltliche Arbeit'],['unentgeltliche Arbeit'],['Unentgeltliche Arbeit'],[],['Unentgeltliche Arbeit'],['Unentgeltliche Arbeit'],['Unentgeltliche Arbeit'],['unentgeltliche Arbeit'],['unentgeltliche Arbeit'],[],[],['unentgeltliche Arbeit'],['Unentgeltliche Arbeit'],['Unentgeltliche Arbeit'],['Unentgeltliche Arbeit'],['Unentgeltliche Arbeit'],['unentgeltliche Arbeit'],['unentgeltliche Arbeit'],['Unentgeltliche Arbeit'],['Unentgeltliche Arbeit'],['unentgeltliche Arbeit'],['unentgeltliche Arbeit'],['Unentgeltliche Arbeit'],[]
,,,,,,,,,,,,,,,,,,,,,,,
,,,,,,,,,,,,,,,,,,,,,,,
[],['Geburtsregister'],[],[],[],[],['Geburtsregister'],['Geburtsregister'],[],[],[],[],[],['Geburtsregister'],[],[],[],[],['Geburtsregister'],[],[],[],[],['Geburtsregister']
[],[],[],[],[],[],[],[],[],[],[],[],[],[],[],[],[],[],[],[],[],[],[],[]
[],['Partnerschaftsvertrag'],[],['Partnerschaftsvertrag'],['Partnerschaftsvertrag'],[],[],[],[],['Partnerschaftsvertrag'],[],['Partnerschaftsvertrag'],['Partnerschaftsvertrag'],[],['Partnerschaftsvertrag'],['Partnerschaftsvertrag'],['Partnerschaftsvertrag'],['Partnerschaftsvertrag'],[],[],['Partnerschaftsvertrag'],['Partnerschaftsvertrag'],[],[]
[],['Zivilstand'],[],[],[],[],[],['Zivilstand'],[],['Zivilstand'],[],[],[],['Zivilstand'],[],[],[],[],[],[],[],[],[],[]
[],[],[],[],[],[],[],[],[],['Halter'],[],['Halter'],[],[],[],[],[],[],['Halter'],[],[],[],[],['Halter']
,,,,,,,,,,,,,,,,,,,,,,,
[],[],[],[],[],[],[],[],[],[],[],[],[],[],[],['Motorwagen'],[],['Motorwagen'],[],[],[],[],[],[]
['Personenwagen'],[],[],['Personenwagen'],[],[],[],['Personenwagen'],[],[],[],[],[],[],[],[],[],[],[],[],[],[],[],[]
[],[],[],['Kleinbus'],[],[],[],[],[],[],[],[],[],[],[],[],[],[],[],[],[],[],[],[]
,,,,,,,,,,,,,,,,,,,,,,,
,,,,,,,,,,,,,,,,,,,,,,,
,,,,,,,,,,,,,,,,,,,,,,,
[],[],[],[],[],[],[],[],[],[],[],[],[],[],[],[],['Wohnmotorwagen'],[],[],['Wohnmotorwagen'],[],[],[],[]
[],['Anhängerzug'],[],[],[],[],[],[],[],[],[],[],[],[],[],[],[],[],[],[],[],[],[],['Anhängerzug']
,,,,,,,,,,,,,,,,,,,,,,,
[],[],[],[],[],[],[],[],[],[],[],[],[],[],[],[],[],[],[],[],[],[],[],[]
[],['landwirtschaftlich Traktor'],[],[],['landwirtschaftlich Traktor'],[],[],[],[],[],['landwirtschaftlich Traktor'],[],[],[],[],[],[],['landwirtschaftlich Traktor'],[],[],[],[],[],[]
,,,,,,,,,,,,,,,,,,,,,,,
[],[],['Individualinteresse'],[],[],[],[],[],[],[],[],[],[],[],[],[],[],[],[],[],['Individualinteresse'],[],[],[]
[],[],[],[],[],[],[],[],[],[],[],[],[],[],[],[],[],[],[],[],[],[],[],[]
,,,,,,,,,,,,,,,,,,,,,,,
,,,,,,,,,,,,,,,,,,,,,,,
[],[],['Verwaltungsgerichtsbeschwerde'],['Verwaltungsgerichtsbeschwerde'],[],[],[],[],[],['Verwaltungsgerichtsbeschwerde'],[],[],[],[],['Verwaltungsgerichtsbeschwerde'],['Verwaltungsgerichtsbeschwerde'],[],[],[],[],[],[],[],[]
[],[],[],[],[],['Handwagen'],[],[],[],['Handwagen'],[],['Handwagen'],[],[],[],[],['Handwagen'],['Handwagen'],[],[],['Handwagen'],['Handwagen'],['Handwagen'],[]
[],[],[],[],[],['Motorrad'],['Motorrad'],['Motorrad'],[],[],['Motorrad'],['Motorrad'],[],['Motorrad'],[],[],[],['Motorrad'],[],[],['Motorrad'],['Motorrad'],[],['Motorrad']
[],[],[],[],[],[],[],[],[],[],[],[],[],[],[],[],[],['Fussgängerstrom'],[],[],[],[],[],[]
[],[],[],[],[],[],[],[],[],[],[],[],[],[],[],[],['Motorrad mit Seitenwagen'],[],[],[],[],[],[],[]
,,,,,,,,,,,,,,,,,,,,,,,
,,,,,,,,,,,,,,,,,,,,,,,
,,,,,,,,,,,,,,,,,,,,,,,
,,,,,,,,,,,,,,,,,,,,,,,
,,,,,,,,,,,,,,,,,,,,,,,
[],['Abwasserkläranlage'],['Abwasserkläranlage'],[],[],[],[],['Abwasserreinigungsanlage'],[],[],[],['Abwasserkläranlage'],[],['Abwasserkläranlage'],['Abwasserreinigungsanlage'],[],['Abwasserreinigungsanlage'],['Abwasserreinigungsanlage'],[],['Abwasserreinigungsanlage'],[],[],[],[]
[],[],['Abwasserkläranlage'],['Abwasserreinigungsanlage'],[],[],[],['Abwasserreinigungsanlage'],[],[],[],['Abwasserkläranlage'],['Abwasserkläranlage'],['Abwasserreinigungsanlage'],['Abwasserreinigungsanlage'],[],[],['Abwasserreinigungsanlage'],[],['Abwasserreinigungsanlage'],[],[],[],[]
[],['Abwasserkläranlage'],[],[],[],['Abwasserreinigungsanlage'],[],[],[],['Abwasserkläranlage'],[],[],[],['Abwasserreinigungsanlage'],[],[],[],[],[],['Abwasserreinigungsanlage'],['Abwasserreinigungsanlage'],[],['Abwasserreinigungsanlage'],[]
[],[],[],['fliessend Gewässer'],[],[],[],[],[],[],[],[],[],[],[],[],[],[],[],[],['fliessend Gewässer'],[],[],[]
[],[],[],['oberirdisch Gewässer'],['oberirdisch Gewässer'],[],[],[],[],[],[],['oberirdisch Gewässer'],[],[],[],[],[],['oberirdisch Gewässer'],[],['oberirdisch Gewässer'],['oberirdisch Gewässer'],[],[],[]
[],[],[],[],[],[],[],[],[],[],[],[],[],[],[],[],[],[],[],[],[],[],[],[]
,,,,,,,,,,,,,,,,,,,,,,,
,,,,,,,,,,,,,,,,,,,,,,,
,,,,,,,,,,,,,,,,,,,,,,,
,,,,,,,,,,,,,,,,,,,,,,,
,,,,,,,,,,,,,,,,,,,,,,,
,,,,,,,,,,,,,,,,,,,,,,,
[],[],[],[],[],[],[],[],[],[],[],[],[],[],[],[],[],[],[],[],['Konservierung'],[],[],[]
,,,,,,,,,,,,,,,,,,,,,,,
,,,,,,,,,,,,,,,,,,,,,,,
[],['Prävention'],['vorbeugende Konservierung'],['präventiv Konservierung'],['Prävention'],['präventiv Konservierung'],['Prävention'],['vorbeugend Konservierung'],[],['Prävention'],['Prävention'],['Prävention'],['Prävention'],['Prävention'],['Prävention'],['Prävention'],['Prävention'],['Prävention'],['Prävention'],[],['Prävention'],['Prävention'],['Prävention'],['Prävention']
[],[],['allgemein öffentlich Bibliothek'],[],[],[],[],[],[],[],[],[],[],[],['allgemein öffentlich Bibliothek'],[],[],[],[],[],[],[],[],[]
['archäologisch Stätte'],[],[],[],[],[],[],['archäologisch Stätte'],['archäologisch Stätte'],['archäologische Stätte'],[],[],[],[],[],[],[],[],[],[],[],['archäologisch Stätte'],[],[]
['privat Archiv'],[],[],[],[],['privat Archiv'],['privat Archiv'],['privat Archiv'],['privat Archiv'],[],['privat Archiv'],['privat Archiv'],[],[],[],[],['privat Archiv'],['privat Archiv'],['privat Archiv'],['privat Archiv'],['privat Archiv'],[],[],[]
[],['Altablage'],[],[],[],[],[],['Altablage'],['Altregistratur'],['Altregistratur'],[],[],[],['Altregistratur'],[],[],[],['ruhende Ablage'],[],[],[],[],[],[]
['Atemschutzmittel'],[],['Atemschutzmittel'],['Atemschutzmittel'],['Atemschutzmittel'],[],[],[],[],['Atemschutzmittel'],[],['Atemschutzmittel'],['Atemschutzmittel'],[],[],[],[],['Atemschutzmittel'],[],[],['Atemschutzmittel'],['Atemschutzmittel'],['Atemschutzmittel'],[]
['Ohrstöpsel'],['Ohrstöpsel'],[],[],[],['Ohrstöpsel'],[],['Ohrstöpsel'],[],['Ohrstöpsel'],['Ohrstöpsel'],['Ohrstöpsel'],[],[],[],['Ohrstöpsel'],['Ohrstöpsel'],['Ohrstöpsel'],[],[],['Ohrstöpsel'],[],[],['Ohrstöpsel']
['Ohrstöpsel'],['Ohrstöpsel'],['Ohrstöpsel'],['Ohrstöpsel'],[],['Ohrstöpsel'],[],['Ohrstöpsel'],[],['Ohrstöpsel'],['Ohrstöpsel'],['Ohrstöpsel'],[],[],[],['Ohrstöpsel'],[],['Ohrstöpsel'],[],[],['Ohrstöpsel'],[],[],['Ohrstöpsel']
,,,,,,,,,,,,,,,,,,,,,,,
,,,,,,,,,,,,,,,,,,,,,,,
[],[],['Kapselgehörschützer'],['Kapselgehörschützer'],['Kapselgehörschützer'],['Kapselgehörschützer'],[],['Kapselgehörschützer'],['Kapselgehörschützer'],[],[],['Kapselgehörschützer'],['Kapselgehörschützer'],[],['Kapselgehörschützer'],['Kapselgehörschützer'],[],['Kapselgehörschützer'],[],['Kapselgehörschützer'],['Kapselgehörschützer'],['Kapselgehörschützer'],['Kapselgehörschützer'],['Kapselgehörschützer']
,,,,,,,,,,,,,,,,,,,,,,,
[],[],[],[],[],[],[],[],[],[],[],[],[],[],[],[],[],[],[],[],[],[],[],[]
[],[],['IR-Strahlung'],['IR-Strahlung'],['IR-Strahlung'],[],[],['IR-Strahlung'],['IR-Strahlung'],['IR-Strahlung'],[],['IR-Strahlung'],['IR-Strahlung'],[],['IR-Strahlung'],[],['IR-Strahlung'],['IR-Strahlung'],['IR-Strahlung'],[],['IR-Strahlung'],['IR-Strahlung'],['IR-Strahlung'],['IR-Strahlung']
[],[],['IR-Strahlung'],['Infrarot-Strahlung'],[],[],[],[],[],[],[],[],[],['IR-Strahlung'],[],[],[],[],[],[],[],[],[],['Infrarot-Strahlung']
[],['Knieschutz'],[],[],[],['Knieschutz'],[],[],['Knieschutz'],['Knieschutz'],[],[],[],['Knieschutz'],[],['Knieschutz'],['Knieschutz'],[],[],['Knieschutz'],[],['Knieschutz'],[],[]
[],[],['Vollsichtbrille'],[],['Vollsichtbrille'],[],[],['Vollsichtbrille'],['Vollsichtbrille'],['Vollsichtbrille'],[],[],[],['Vollsichtbrille'],['Vollsichtbrille'],[],[],['Vollsichtbrille'],[],['Vollsichtbrille'],['Vollsichtbrille'],[],[],[]
,,,,,,,,,,,,,,,,,,,,,,,
[],['verbleibendes Risiko'],[],[],[],[],[],[],[],['verbleibendes Risiko'],[],[],[],[],[],[],[],[],[],[],[],[],[],[]
[],[],[],[],[],[],[],[],[],['Haltesystem'],[],[],[],[],[],['Haltesystem'],[],['Haltesystem'],['Haltesystem'],[],[],[],[],[]
,,,,,,,,,,,,,,,,,,,,,,,
,,,,,,,,,,,,,,,,,,,,,,,
,,,,,,,,,,,,,,,,,,,,,,,
[],[],[],['Stulpe'],['Stulpe'],['Stulpe'],[],['Stulpe'],[],[],[],[],[],[],[],[],[],[],[],[],['Stulpe'],['Stulpe'],[],[]
[],[],['Stulpe'],[],['Stulpe'],[],[],[],[],[],['Stulpe'],[],['Stulpe'],[],[],['Stulpe'],[],[],[],[],[],['Stulpe'],['Stulpe'],[]
[],[],['Sturzauffangsystem'],['Sturzauffangsystem'],['Sturzauffangsystem'],['Sturzauffangsystem'],[],['Sturzauffangsystem'],[],[],[],[],['Sturzauffangsystem'],['Sturzauffangsystem'],['Sturzauffangsystem'],['Sturzauffangsystem'],['Sturzauffangsystem'],['Sturzauffangsystem'],[],[],['Sturzauffangsystem'],[],['Sturzauffangsystem'],[]
[],[],[],[],[],[],[],[],[],[],[],[],[],[],[],[],[],[],[],[],[],[],[],[]
,,,,,,,,,,,,,,,,,,,,,,,
,,,,,,,,,,,,,,,,,,,,,,,
,,,,,,,,,,,,,,,,,,,,,,,
[],[],[],[],[],[],[],[],[],[],[],[],[],['UVC-Strahlung'],['UVC-Strahlung'],[],[],[],[],[],[],[],[],[]
[],[],[],[],[],[],[],[],[],['Ultraviolettstrahlung'],[],[],[],[],[],[],[],[],[],[],[],[],[],['Ultraviolett-Strahlung']
[],[],[],[],[],[],[],[],[],[],[],[],[],[],[],[],[],[],[],[],[],[],[],[]
[],['Ultraviolettstrahlung'],['Ultraviolettstrahlung'],[],[],[],[],[],[],[],[],[],[],[],[],[],[],[],[],[],[],[],[],[]
[],['Einwirkung'],['Einwirkung'],[],"['Einwirkung', 'Einwirkung']",['Einwirkung'],[],['Einwirkung'],[],['Einwirkung'],[],['Einwirkung'],[],[],"['Einwirkung', 'Einwirkung']",['Einwirkung'],[],[],[],['Einwirkung'],"['Einwirkung', 'Einwirkung']",[],[],[]
[],[],[],[],[],[],[],[],[],['Aus- und Weiterbildung'],[],[],[],[],['Aus- und Weiterbildung'],[],[],[],[],[],[],[],['Aus- und Weiterbildung'],[]
,,,,,,,,,,,,,,,,,,,,,,,
,,,,,,,,,,,,,,,,,,,,,,,
,,,,,,,,,,,,,,,,,,,,,,,
[],['Brandgefährdung'],['Brandgefährdung'],['Brandgefährdung'],['Brandgefährdung'],[],[],['Brandgefährdung'],['Brandgefährdung'],['Brandgefährdung'],[],[],[],['Brandgefährdung'],['Brandgefährdung'],['Brandgefährdung'],[],['Brandgefährdung'],[],['Brandgefährdung'],[],['Brandgefährdung'],['Brandgefährdung'],[]
,,,,,,,,,,,,,,,,,,,,,,,
['Ersthelfer'],['Ersthelfer'],['Ersthelfer'],['Ersthelfer'],['Ersthelfer'],['Ersthelfer'],['Ersthelfer'],[],[],['Ersthelfer'],['Ersthelfer'],['Ersthelfer'],['Ersthelfer'],['Ersthelfer'],['Ersthelfer'],['Ersthelfer'],['Ersthelfer'],['Ersthelfer'],['Ersthelfer'],['Ersthelfer'],[],['Ersthelfer'],['Ersthelfer'],['Ersthelfer']
[],[],['Innenraumklima'],[],[],[],[],[],[],[],[],[],[],[],['Innenraumklima'],[],['Innenraumklima'],[],[],[],[],[],[],[]
[],[],[],[],[],[],[],[],[],[],[],[],[],[],['Innenraumklima'],[],['Innenraumklima'],[],[],[],[],[],[],[]
[],['Schutzausrüstung'],['Schutzausrüstung'],['Schutzausrüstung'],['Schutzausrüstung'],[],[],['Schutzausrüstung'],['Schutzausrüstung'],['Schutzausrüstung'],['Schutzausrüstung'],[],['Schutzausrüstung'],['Schutzausrüstung'],['Schutzausrüstung'],['Schutzausrüstung'],['Schutzausrüstung'],['Schutzausrüstung'],['Schutzausrüstung'],[],[],['Schutzausrüstung'],['Schutzausrüstung'],['Schutzausrüstung']
[],[],[],[],[],[],[],[],[],[],[],[],[],[],[],[],[],[],[],[],[],[],[],[]
,,,,,,,,,,,,,,,,,,,,,,,
[],[],[],[],[],[],[],[],[],[],[],[],[],[],[],[],[],[],[],[],"['Schadensausmass', 'Schadensausmass']",[],[],[]
[],[],[],[],[],[],[],[],[],[],[],[],[],[],[],[],[],[],[],[],[],[],[],[]
[],[],[],[],[],[],[],[],[],[],[],[],[],[],[],[],[],[],[],[],[],[],[],[]
[],[],[],[],[],[],[],[],[],[],[],[],[],[],[],[],[],[],[],[],[],[],[],[]
[],[],[],[],[],[],[],[],[],[],[],[],[],[],[],[],[],[],[],[],[],[],[],[]
[],[],['arbeitsmedizinisch Vorsorgeuntersuchung'],['arbeitsmedizinisch Vorsorgeuntersuchung'],['arbeitsmedizinisch Vorsorgeuntersuchung'],[],[],['arbeitsmedizinisch Vorsorgeuntersuchung'],[],[],[],['arbeitsmedizinische Vorsorgeuntersuchung'],['arbeitsmedizinisch Vorsorgeuntersuchung'],[],[],['arbeitsmedizinische Vorsorgeuntersuchung'],['arbeitsmedizinische Vorsorgeuntersuchung'],['arbeitsmedizinische Vorsorgeuntersuchung'],[],['arbeitsmedizinisch Vorsorgeuntersuchung'],['arbeitsmedizinische Vorsorgeuntersuchung'],[],['arbeitsmedizinisch Vorsorgeuntersuchung'],[]
,,,,,,,,,,,,,,,,,,,,,,,
,,,,,,,,,,,,,,,,,,,,,,,
['Symbol'],['Symbol'],['Symbol'],['Symbol'],[],['Symbol'],['Symbol'],['Symbol'],[],[],['Symbol'],['Symbol'],['Symbol'],['Symbol'],[],[],['Symbol'],['Symbol'],['Symbol'],[],['Symbol'],['Symbol'],['Symbol'],['Symbol']
['Symbol'],['Symbol'],['Symbol'],['Symbol'],['Symbol'],['Symbol'],['Symbol'],['Symbol'],['Symbol'],['Symbol'],"['Symbol', 'Symbol']",['Symbol'],['Symbol'],['Symbol'],['Symbol'],['Symbol'],['Symbol'],['Symbol'],['Symbol'],['Symbol'],['Symbol'],['Symbol'],['Symbol'],['Symbol']
,,,,,,,,,,,,,,,,,,,,,,,
,,,,,,,,,,,,,,,,,,,,,,,
,,,,,,,,,,,,,,,,,,,,,,,
,,,,,,,,,,,,,,,,,,,,,,,
,,,,,,,,,,,,,,,,,,,,,,,
,,,,,,,,,,,,,,,,,,,,,,,
,,,,,,,,,,,,,,,,,,,,,,,
,,,,,,,,,,,,,,,,,,,,,,,
,,,,,,,,,,,,,,,,,,,,,,,
['Belüftung'],['Belüftung'],['Raumlüftung'],['Raumlüftung'],['Belüftung'],[],['Belüftung'],['Belüftung'],[],[],['Belüftung'],['Raumlüftung'],[],['Raumlüftung'],['Raumlüftung'],['Belüftung'],['Raumlüftung'],['Belüftung'],['Belüftung'],['Belüftung'],['Belüftung'],['Belüftung'],[],['Belüftung']
['mechanische Lüftung'],['mechanisch Lüftung'],['mechanische Lüftung'],['mechanisch Lüftung'],['mechanisch Lüftung'],['mechanische Lüftung'],['mechanische Belüftung'],['mechanisch Lüftung'],['mechanische Lüftung'],['mechanisch Lüftung'],['mechanische Belüftung'],['mechanisch Lüftung'],['mechanische Lüftung'],['mechanische Lüftung'],['mechanische Lüftung'],['mechanisch Lüftung'],['mechanisch Belüftung'],['mechanische Lüftung'],['mechanische Belüftung'],['mechanische Lüftung'],[],['mechanisch Lüftung'],['mechanisch Belüftung'],['mechanische Lüftung']
[],['Innenraumluft'],['Innenraumluft'],[],['Innenraumluft'],['Innenraumluft'],['Innenraumluft'],['Innenraumluft'],[],[],[],['Innenraumluft'],[],['Innenraumluft'],['Innenraumluft'],['Innenraumluft'],[],['Innenraumluft'],[],['Innenraumluft'],['Innenraumluft'],['Innenraumluft'],[],[]
,,,,,,,,,,,,,,,,,,,,,,,
['Vollbrandphase'],['Vollbrandphase'],['Vollbrandphase'],['Vollbrandphase'],['Vollbrandphase'],['Vollbrandphase'],[],['Vollbrandphase'],['Vollbrandphase'],[],[],['Vollbrandphase'],[],['Vollbrandphase'],[],['Vollbrandphase'],['Vollbrandphase'],['Vollbrandphase'],[],['Vollbrandphase'],[],['Vollbrandphase'],['Vollbrandphase'],['Vollbrandphase']
,,,,,,,,,,,,,,,,,,,,,,,
,,,,,,,,,,,,,,,,,,,,,,,
,,,,,,,,,,,,,,,,,,,,,,,
[],[],[],[],[],[],[],[],[],[],[],[],[],[],[],[],[],[],[],[],[],[],[],['Initiierungsphase']
[],[],[],[],['Wachstumsphase'],['Wachstumsphase'],[],[],[],['Wachstumsphase'],[],['Wachstumsphase'],[],[],[],[],[],[],[],['Wachstumsphase'],[],['Wachstumsphase'],['Wachstumsphase'],['Wachstumsphase']
,,,,,,,,,,,,,,,,,,,,,,,
,,,,,,,,,,,,,,,,,,,,,,,
[],[],[],[],[],[],[],[],[],[],[],[],[],[],[],[],[],[],[],[],[],[],[],[]
[],[],[],[],[],[],[],[],[],[],[],[],[],[],[],[],[],[],[],[],[],[],[],[]
,,,,,,,,,,,,,,,,,,,,,,,
,,,,,,,,,,,,,,,,,,,,,,,
,,,,,,,,,,,,,,,,,,,,,,,
['Spitzenpegel'],['Spitzenwert'],[],['Schalldruckspitzenpegel'],['Schalldruckspitzenpegel'],[],['Spitzenwert'],['Schalldruckspitzenpegel'],[],['Spitzenpegel'],['Spitzenwert'],['Spitzenpegel'],['Schalldruckspitzenpegel'],['Schalldruckspitzenpegel'],['Schalldruckspitzenpegel'],['Spitzenpegel'],['Schalldruckspitzenpegel'],['Spitzenpegel'],[],[],['Spitzenpegel'],[],[],['Schalldruckspitzenpegel']
,,,,,,,,,,,,,,,,,,,,,,,
[],['Lärmgefährdung'],['Lärmgefährdung'],[],['Lärmgefährdung'],['Lärmgefährdung'],[],[],['Lärmgefährdung'],['Lärmgefährdung'],[],[],[],[],['Lärmgefährdung'],['Lärmgefährdung'],[],[],[],['Lärmgefährdung'],[],['Lärmgefährdung'],['Lärmgefährdung'],[]
[],['Schallschutzkapsel'],['Schallschutzkapsel'],['Schallschutzkapsel'],[],['Schallschutzkapsel'],[],['Schallschutzkapsel'],[],['Kapsel'],[],['Schallschutzkapsel'],[],['Schallschutzkapsel'],['Schallschutzkapsel'],['Schallschutzkapsel'],['Schallschutzkapsel'],[],[],[],[],[],[],[]
,,,,,,,,,,,,,,,,,,,,,,,
,,,,,,,,,,,,,,,,,,,,,,,
,,,,,,,,,,,,,,,,,,,,,,,
[],[],[],[],[],[],[],[],[],[],[],[],[],[],[],[],['organisatorisch Massnahme'],[],[],[],[],[],[],[]
,,,,,,,,,,,,,,,,,,,,,,,
,,,,,,,,,,,,,,,,,,,,,,,
[],[],[],[],[],[],[],[],[],[],[],[],[],[],[],[],[],[],[],[],[],[],[],[]
['Evakuierungsübung'],['Evakuierungsübung'],[],['Evakuierungsübung'],[],[],['Evakuierungsübung'],['Evakuierungsübung'],[],[],['Evakuierungsübung'],['Evakuierungsübung'],['Evakuierungsübung'],['Evakuierungsübung'],['Evakuierungsübung'],['Evakuierungsübung'],['Evakuierungsübung'],['Evakuierungsübung'],[],[],['Evakuierungsübung'],[],[],['Evakuierungsübung']
[],['elektrische Gefährdung'],['elektrische Gefährdung'],['elektrisch Gefährdung'],['elektrische Gefährdung'],['elektrische Gefährdung'],[],['elektrisch Gefährdung'],['elektrische Gefährdung'],['elektrische Gefährdung'],[],['elektrische Gefährdung'],[],['elektrische Gefährdung'],['elektrische Gefährdung'],['elektrische Gefährdung'],['elektrisch Gefährdung'],['elektrische Gefährdung'],['elektrisch Gefährdung'],['elektrische Gefährdung'],[],['elektrische Gefährdung'],['elektrische Gefährdung'],[]
,,,,,,,,,,,,,,,,,,,,,,,
[],[],['Sicherheit und Gesundheitsanforderung'],['Sicherheit und Gesundheitsanforderung'],['Sicherheit und Gesundheitsanforderung'],['Sicherheit und Gesundheitsanforderung'],[],['Sicherheit und Gesundheitsanforderung'],['Sicherheit und Gesundheitsanforderung'],['Sicherheit und Gesundheitsanforderung'],[],[],['Sicherheits- und Gesundheitsanforderung'],['Sicherheits- und Gesundheitsanforderung'],['Sicherheit und Gesundheitsanforderung'],[],['Sicherheits- und Gesundheitsanforderung'],['Sicherheit und Gesundheitsanforderung'],[],['Sicherheit und Gesundheitsanforderung'],['Sicherheits- und Gesundheitsanforderung'],['Sicherheit und Gesundheitsanforderung'],['Sicherheit und Gesundheitsanforderung'],[]
[],[],[],[],[],[],[],[],[],[],[],[],[],[],['AuS'],[],[],[],[],[],[],[],[],[]
[],[],[],[],[],[],[],[],[],[],[],[],[],[],['AuS'],[],[],[],[],[],[],[],[],[]
,,,,,,,,,,,,,,,,,,,,,,,
,,,,,,,,,,,,,,,,,,,,,,,
,,,,,,,,,,,,,,,,,,,,,,,
,,,,,,,,,,,,,,,,,,,,,,,
,,,,,,,,,,,,,,,,,,,,,,,
,,,,,,,,,,,,,,,,,,,,,,,
,,,,,,,,,,,,,,,,,,,,,,,
,,,,,,,,,,,,,,,,,,,,,,,
,,,,,,,,,,,,,,,,,,,,,,,
,,,,,,,,,,,,,,,,,,,,,,,
,,,,,,,,,,,,,,,,,,,,,,,
,,,,,,,,,,,,,,,,,,,,,,,
,,,,,,,,,,,,,,,,,,,,,,,
,,,,,,,,,,,,,,,,,,,,,,,
[],[],[],['PSAgA'],[],[],[],[],[],"['PSAgA', 'PSAgA']",[],[],['PSAgA'],[],[],[],['PSAgA'],[],[],[],[],[],[],[]
['PSAgA'],['PSAgA'],[],[],[],['PSAgA'],[],[],[],[],[],[],[],['PSAgA'],[],[],[],[],[],[],[],[],['PSAgA'],[]
['Sicherungsseil'],['Sicherungsseil'],['Sicherungsseil'],['Sicherungsseil'],['Sicherungsseil'],['Sicherungsseil'],[],['Sicherungsseil'],['Sicherungsseil'],['Sicherungsseil'],[],['Sicherungsseil'],['Sicherungsseil'],[],['Sicherungsseil'],['Sicherungsseil'],['Sicherungsseil'],[],[],['Sicherungsseil'],[],['Sicherungsseil'],[],['Sicherungsseil']
[],['Betäubungsmittelmissbrauch'],[],['Betäubungsmittelmissbrauch'],['Betäubungsmittelmissbrauch'],['Betäubungsmittelmissbrauch'],[],[],[],['Betäubungsmittelmissbrauch'],[],['Betäubungsmittelmissbrauch'],[],[],['Betäubungsmittelmissbrauch'],[],[],['Betäubungsmittelmissbrauch'],[],[],['Betäubungsmittelmissbrauch'],[],['Betäubungsmittelmissbrauch'],[]
['gefährlich Gut'],[],[],[],[],[],[],[],[],[],[],['gefährlich Gut'],[],[],[],[],[],[],[],[],['gefährlich Gut'],[],[],['gefährlich Gut']
['gefährlich Gut'],[],['gefährliches Gut'],[],[],[],['gefährlich Gut'],['gefährlich Gut'],[],[],[],['gefährlich Gut'],[],[],[],[],['gefährliches Gut'],[],['gefährlich Gut'],[],['gefährlich Gut'],['gefährliches Gut'],[],[]
[],['thermische Gefährdung'],['thermisch Gefährdung'],['thermisch Gefährdung'],['thermisch Gefährdung'],['thermisch Gefährdung'],[],['thermische Gefährdung'],['thermische Gefährdung'],['thermisch Gefährdung'],[],['thermische Gefährdung'],['thermisch Gefährdung'],['thermische Gefährdung'],['thermisch Gefährdung'],['thermisch Gefährdung'],['thermisch Gefährdung'],['thermisch Gefährdung'],[],['thermisch Gefährdung'],['thermisch Gefährdung'],['thermisch Gefährdung'],['thermische Gefährdung'],[]
[],[],[],[],[],[],[],['Drogenscreening'],[],[],[],[],['Drogenscreening'],[],['Drogenscreening'],[],['Drogenscreening'],[],[],[],[],['Drogenscreening'],['Drogenscreening'],[]
,,,,,,,,,,,,,,,,,,,,,,,
[],[],[],[],[],[],[],[],[],[],[],['regelmässig Überprüfung'],[],[],[],[],[],[],[],[],[],[],[],[]
,,,,,,,,,,,,,,,,,,,,,,,
,,,,,,,,,,,,,,,,,,,,,,,
,,,,,,,,,,,,,,,,,,,,,,,
,,,,,,,,,,,,,,,,,,,,,,,
[],[],[],[],[],[],[],[],[],['Risikobeurteilung'],[],[],[],[],[],[],[],[],[],[],[],[],[],[]
[],[],[],[],[],[],[],[],[],[],[],[],"['Risikobeurteilung', 'Risikobeurteilung']",[],[],[],[],[],[],[],[],[],[],[]
,,,,,,,,,,,,,,,,,,,,,,,
[],[],[],[],[],[],[],[],[],[],[],[],[],[],[],[],[],[],[],[],[],[],['Anstellleiter'],[]
,,,,,,,,,,,,,,,,,,,,,,,
[],[],['Rückenschutz'],['Rückenschutz'],['Rückenschutz'],['Rückenschutz'],[],[],['Rückenschutz'],[],[],[],[],[],[],[],['Rückenschutz'],[],[],['Rückenschutz'],[],['Rückenschutz'],[],[]
,,,,,,,,,,,,,,,,,,,,,,,
,,,,,,,,,,,,,,,,,,,,,,,
[],[],['ADR-Schulungsbescheinigung'],[],['ADR-Schulungsbescheinigung'],[],[],['ADR-Schulungsbescheinigung'],['ADR-Schulungsbescheinigung'],[],[],[],[],[],[],[],[],['ADR-Schulungsbescheinigung'],[],['ADR-Schulungsbescheinigung'],[],['ADR-Schulungsbescheinigung'],[],[]
[],[],['ADR-Schulungsbescheinigung'],['ADR-Schulungsbescheinigung'],['ADR-Schulungsbescheinigung'],['ADR-Schulungsbescheinigung'],[],['ADR-Schulungsbescheinigung'],['ADR-Schulungsbescheinigung'],['ADR-Schulungsbescheinigung'],[],['ADR-Schulungsbescheinigung'],['ADR-Schulungsbescheinigung'],['ADR-Schulungsbescheinigung'],['ADR-Schulungsbescheinigung'],[],['ADR-Schulungsbescheinigung'],['ADR-Schulungsbescheinigung'],[],['ADR-Schulungsbescheinigung'],['ADR-Schulungsbescheinigung'],['ADR-Schulungsbescheinigung'],['ADR-Schulungsbescheinigung'],[]
['IR-A'],[],['IR-A'],['IR-A'],[],['IR-A'],['IR-A'],['IR-A'],['IR-A'],['IR-A'],['IR-A'],['IR-A'],['IR-A'],['IR-A'],['IR-A'],[],['IR-A'],['IR-A'],['IR-A'],['IR-A'],['IR-A'],['IR-A'],[],['IR-A']
['IR-B'],[],[],[],[],[],[],[],[],['IR-B'],[],[],[],[],[],[],['IR-B'],[],[],[],[],[],[],[]
[],[],[],[],[],[],[],[],[],['IR-C'],[],[],[],[],[],[],['IR-C'],[],[],[],[],[],[],[]
,,,,,,,,,,,,,,,,,,,,,,,
,,,,,,,,,,,,,,,,,,,,,,,
[],[],[],[],['Treppenauftritt'],[],[],[],[],[],[],[],['Treppenauftritt'],[],[],['Treppenauftritt'],[],['Treppenauftritt'],[],[],[],[],[],[]
[],[],[],['Aufrittstiefe'],['Treppenauftritt'],[],[],[],[],[],[],[],[],['Aufrittstiefe'],[],['Treppenauftritt'],[],[],[],[],['Aufrittstiefe'],[],[],[]
['Steigung'],['Steigung'],['Steigung'],[],[],[],[],[],['Steigung'],['Steigung'],['Steigung'],[],['Steigung'],[],['Treppensteigung'],['Steigung'],[],[],[],['Steigung'],['Steigung'],['Steigung'],[],[]
['Steigung'],[],['Steigung'],['Steigung'],[],['Steigung'],[],['Steigung'],['Steigung'],['Steigung'],[],['Steigung'],[],[],['Treppensteigung'],[],['Treppensteigung'],[],[],['Steigung'],['Steigung'],['Steigung'],[],[]
,,,,,,,,,,,,,,,,,,,,,,,
,,,,,,,,,,,,,,,,,,,,,,,
,,,,,,,,,,,,,,,,,,,,,,,
,,,,,,,,,,,,,,,,,,,,,,,
,,,,,,,,,,,,,,,,,,,,,,,
[],[],['biologische Gefährdung'],['biologische Gefährdung'],['biologisch Gefährdung'],['biologische Gefährdung'],[],[],['biologische Gefährdung'],[],[],['biologisch Gefährdung'],[],['biologisch Gefährdung'],['biologische Gefährdung'],['biologische Gefährdung'],['biologische Gefährdung'],['biologische Gefährdung'],[],['biologische Gefährdung'],[],['biologische Gefährdung'],['biologische Gefährdung'],['biologische Gefährdung']
,,,,,,,,,,,,,,,,,,,,,,,
,,,,,,,,,,,,,,,,,,,,,,,
,,,,,,,,,,,,,,,,,,,,,,,
,,,,,,,,,,,,,,,,,,,,,,,
[],[],[],[],[],[],[],[],[],[],[],[],[],[],[],[],[],[],[],[],[],[],[],[]
[],[],[],[],[],[],[],[],[],[],[],[],[],[],['Einmalschutzhandschuh'],[],[],[],[],[],[],[],[],[]
[],[],[],[],[],[],[],[],[],[],[],[],[],['Einmalschutzhandschuh'],[],[],[],['Einmalschutzhandschuh'],[],[],[],[],['Einmalschutzhandschuh'],[]
,,,,,,,,,,,,,,,,,,,,,,,
[],[],['Absturzgefährdung'],[],['Absturzgefährdung'],['Absturzgefährdung'],[],[],[],[],[],[],[],[],['Absturzgefährdung'],[],[],[],[],[],[],['Absturzgefährdung'],['Absturzgefährdung'],[]
,,,,,,,,,,,,,,,,,,,,,,,
[],[],[],[],[],[],[],[],[],[],[],[],[],[],[],[],[],[],[],[],[],[],[],[]
,,,,,,,,,,,,,,,,,,,,,,,
,,,,,,,,,,,,,,,,,,,,,,,
[],['Verbindungselement'],['Verbindungselement'],[],['Verbindungselement'],['Verbindungselement'],[],['Verbindungselement'],['Verbindungselement'],['Verbindungselement'],[],['Verbindungselement'],[],[],['Verbindungselement'],['Verbindungselement'],['Verbindungselement'],['Verbindungselement'],[],['Verbindungselement'],['Verbindungselement'],['Verbindungselement'],[],['Verbindungselement']
,,,,,,,,,,,,,,,,,,,,,,,
,,,,,,,,,,,,,,,,,,,,,,,
,,,,,,,,,,,,,,,,,,,,,,,
,,,,,,,,,,,,,,,,,,,,,,,
,,,,,,,,,,,,,,,,,,,,,,,
[],[],[],[],[],[],[],[],[],[],[],[],[],[],[],[],[],[],[],['Zeichen für die Brandbekämpfung'],[],[],[],[]
,,,,,,,,,,,,,,,,,,,,,,,
,,,,,,,,,,,,,,,,,,,,,,,
[],[],['Sturz auf der Ebene'],['Sturz auf der Ebene'],['Sturz auf der Ebene'],['Sturz auf der Ebene'],[],[],['Sturz auf der Ebene'],[],[],['Sturz auf der Ebene'],[],['Sturz auf der Ebene'],[],[],['Sturz auf der Ebene'],[],[],['Sturz auf der Ebene'],[],['Sturz auf der Ebene'],['Sturz auf der Ebene'],['Sturz auf der Ebene']
,,,,,,,,,,,,,,,,,,,,,,,
,,,,,,,,,,,,,,,,,,,,,,,
,,,,,,,,,,,,,,,,,,,,,,,
,,,,,,,,,,,,,,,,,,,,,,,
[],[],[],[],[],[],[],[],[],[],[],[],[],[],[],[],[],[],[],[],[],[],[],[]
['Armschutzmittel'],[],[],[],[],[],[],[],[],[],[],[],[],[],[],[],[],[],[],[],[],[],[],['Armschutzmittel']
[],[],[],[],[],[],[],[],[],[],[],['Kopfschutzmittel'],[],[],['Kopfschutzmittel'],[],[],[],[],[],[],['Kopfschutzmittel'],[],['Kopfschutzmittel']
[],[],['nicht elektrotechnisch Arbeit'],['nicht elektrotechnisch Arbeit'],[],[],[],[],[],['nicht elektrotechnische Arbeit'],[],[],[],[],[],['Nicht elektrotechnische Arbeit'],[],[],[],[],[],[],['nicht elektrotechnisch Arbeit'],[]
,,,,,,,,,,,,,,,,,,,,,,,
,,,,,,,,,,,,,,,,,,,,,,,
,,,,,,,,,,,,,,,,,,,,,,,
[],[],[],[],[],[],[],[],[],[],[],['AC'],[],[],[],[],[],[],[],[],[],[],[],[]
['Arbeitssicherheitsmanagement'],[],[],['Arbeitssicherheitsmanagement'],[],['Arbeitssicherheitsmanagement'],[],['Arbeitssicherheitsmanagement'],[],[],[],[],[],[],['Arbeitssicherheitsmanagement'],[],['Arbeitssicherheitsmanagement'],[],[],[],['Arbeitssicherheitsmanagement'],['Arbeitssicherheitsmanagement'],[],['Arbeitssicherheitsmanagement']
[],[],[],[],[],[],[],[],[],[],[],[],[],[],[],[],[],[],[],[],[],[],[],[]
,,,,,,,,,,,,,,,,,,,,,,,
,,,,,,,,,,,,,,,,,,,,,,,
[],['Eintrittsuntersuchung'],['Eintrittsuntersuchung'],[],['Eintrittsuntersuchung'],['Eintrittsuntersuchung'],[],['Eintrittsuntersuchung'],[],['Eintrittsuntersuchung'],[],[],['Eintrittsuntersuchung'],[],['Eintrittsuntersuchung'],['Eintrittsuntersuchung'],[],[],[],[],[],['Eintrittsuntersuchung'],['Eintrittsuntersuchung'],[]
,,,,,,,,,,,,,,,,,,,,,,,
,,,,,,,,,,,,,,,,,,,,,,,
,,,,,,,,,,,,,,,,,,,,,,,
[],['festgebunden Asbest'],['Festgebundener Asbest'],['Festgebundener Asbest'],['Festgebundener Asbest'],['Festgebundener Asbest'],[],[],['Festgebundener Asbest'],['festgebunden Asbest'],[],[],['Festgebundener Asbest'],['festgebunden Asbest'],['Festgebundener Asbest'],['festgebunden Asbest'],[],[],[],['Festgebundener Asbest'],['Festgebundener Asbest'],['Festgebundener Asbest'],['Festgebundener Asbest'],['Festgebundener Asbest']
[],[],['Elektrohandwerkzeug'],[],[],['Elektrohandwerkzeug'],[],[],['Elektrohandwerkzeug'],[],[],[],['Elektrohandwerkzeug'],[],[],['Elektrohandwerkzeug'],[],[],[],['Elektrohandwerkzeug'],[],[],['Elektrohandwerkzeug'],[]
['Arbeit in Behältern'],['Arbeit in engen Räumen'],"['Arbeit in Behältern', 'Arbeit in Behältern und engen Räumen']",['Arbeit in engen Räumen'],"['Arbeit in Behältern', 'Arbeit in Behältern und engen Räumen']",[],[],"['Arbeit in Behältern', 'Arbeit in Behältern und engen Räumen']","['Arbeit in Behältern', 'Arbeit in Behältern und engen Räumen']",['Arbeit in engen Räumen'],[],['Arbeit in engen Räumen'],['Arbeit in engen Räumen'],[],"['Arbeit in Behältern', 'Arbeit in Behältern und engen Räumen']",['Arbeit in engen Räumen'],['Arbeit in eng Raum'],['Arbeit in engen Räumen'],['Arbeit in eng Raum'],"['Arbeit in Behältern', 'Arbeit in Behältern und engen Räumen']",['Arbeit in Behälter'],['Arbeit in engen Räumen'],"['Arbeit in Behälter', 'Arbeit in Behälter und eng Raum']",['Arbeit in engen Räumen']
[],['Kunstlicht'],[],['Kunstlicht'],['Kunstlicht'],['Kunstlicht'],[],['Kunstlicht'],[],['Kunstlicht'],[],['Kunstlicht'],['Kunstlicht'],['Kunstlicht'],['Kunstlicht'],['Kunstlicht'],['Kunstlicht'],['Kunstlicht'],[],[],[],['Kunstlicht'],['Kunstlicht'],[]
,,,,,,,,,,,,,,,,,,,,,,,
['analoge Kopie'],[],[],['analoge Kopie'],['analoge Kopie'],['analoge Kopie'],['analoge Kopie'],['analoge Kopie'],['analoge Kopie'],[],['analoge Kopie'],['analoge Kopie'],[],[],['analoge Kopie'],[],[],['analoge Kopie'],['analoge Kopie'],[],[],['analoge Kopie'],['analoge Kopie'],['analoge Kopie']
['elektronische Kopie'],[],['elektronische Kopie'],[],['elektronische Kopie'],['elektronische Kopie'],[],['elektronische Kopie'],['elektronische Kopie'],['elektronische Kopie'],['elektronische Kopie'],['elektronische Kopie'],['elektronische Kopie'],[],[],['elektronische Kopie'],[],['elektronische Kopie'],[],[],['elektronische Kopie'],['elektronische Kopie'],['elektronische Kopie'],[]
[],[],[],[],[],['elektronische Kopie'],[],['elektronische Kopie'],['elektronische Kopie'],[],[],[],[],[],[],[],[],[],[],[],[],[],[],[]
,,,,,,,,,,,,,,,,,,,,,,,
[],[],[],[],[],[],[],[],[],['smartes Arbeiten'],[],[],[],['smartes Arbeiten'],[],[],[],[],[],[],[],[],[],[]
,,,,,,,,,,,,,,,,,,,,,,,
,,,,,,,,,,,,,,,,,,,,,,,
[],[],['Absonderung'],[],['Absonderung'],['Absonderung'],[],[],[],[],[],['Absonderung'],['Absonderung'],[],['Absonderung'],[],['Absonderung'],[],[],['Absonderung'],[],['Absonderung'],['Absonderung'],['Absonderung']
[],[],[],[],[],[],[],[],[],[],[],[],[],[],[],[],[],[],[],[],[],[],[],[]
,,,,,,,,,,,,,,,,,,,,,,,
[],[],[],['Eindämmungsmassnahme'],[],[],[],[],[],[],[],[],[],[],[],[],[],[],[],[],[],[],['Eindämmungsmassnahme'],[]
[],[],[],[],[],[],[],[],[],['Coronavirus-Krankheit-2019'],[],[],[],[],[],[],[],[],[],[],[],[],[],[]
[],['Nasopharyngealabstrich'],[],[],['Nasopharyngealabstrich'],['Nasopharyngealabstrich'],[],['Nasopharyngealabstrich'],[],['Nasopharyngealabstrich'],[],[],['Nasopharyngealabstrich'],['Nasopharyngealabstrich'],['Nasopharyngealabstrich'],['Nasopharyngealabstrich'],['Nasopharyngealabstrich'],['nasopharyngealer Abstrich'],['Nasopharyngealabstrich'],[],[],['Nasopharyngealabstrich'],['Nasopharyngealabstrich'],['nasopharyngealer Abstrich']
,,,,,,,,,,,,,,,,,,,,,,,
[],[],[],[],[],[],[],[],[],[],[],[],[],[],[],[],[],[],[],[],[],[],[],[]
[],[],[],[],[],[],[],[],[],[],[],[],[],[],[],[],[],[],[],[],['Schulschliessung'],[],[],[]
,,,,,,,,,,,,,,,,,,,,,,,
['Ansteckbarkeit'],[],['Ansteckbarkeit'],['Ansteckbarkeit'],[],['Ansteckbarkeit'],[],['Ansteckbarkeit'],[],['Ansteckbarkeit'],[],['Ansteckbarkeit'],['Ansteckbarkeit'],['Ansteckbarkeit'],[],[],['Ansteckbarkeit'],['Ansteckbarkeit'],[],[],['Ansteckbarkeit'],['Ansteckbarkeit'],['Ansteckbarkeit'],[]
[],[],['elektronisches Geld'],['elektronisches Geld'],['elektronisches Geld'],['elektronisches Geld'],['elektronisches Geld'],['elektronisches Geld'],['elektronisches Geld'],['elektronisches Geld'],['elektronisches Geld'],['elektronisches Geld'],[],['elektronisches Geld'],['elektronisches Geld'],[],['elektronisch Geld'],['elektronisches Geld'],[],['elektronisches Geld'],[],[],['elektronisches Geld'],"['elektronisch Geld', 'elektronisch Geld']"
[],[],[],[],[],[],[],[],[],[],[],[],[],[],['mental Belastung'],[],[],['mental Belastung'],[],[],[],[],[],[]
[],"['Befragung', 'Befragung', 'Befragung', 'Befragung']","['Befragung', 'Befragung', 'Befragung', 'Befragung']",[],"['Befragung', 'Befragung', 'Befragung', 'Befragung']",[],[],[],[],"['Befragung', 'Befragung', 'Befragung', 'Befragung']",[],"['Befragung', 'Befragung', 'Befragung', 'Befragung']","['Befragung', 'Befragung', 'Befragung', 'Befragung']",[],"['Befragung', 'Befragung', 'Befragung']","['Befragung', 'Befragung', 'Befragung', 'Befragung']","['Befragung', 'Befragung', 'Befragung']","['Befragung', 'Befragung', 'Befragung', 'Befragung']",[],[],[],[],"['Befragung', 'Befragung', 'Befragung']","['Befragung', 'Befragung', 'Befragung', 'Befragung']"
[],[],[],[],[],[],[],[],[],[],[],[],[],[],[],[],[],[],[],[],[],[],[],[]
,,,,,,,,,,,,,,,,,,,,,,,
[],[],[],[],[],[],[],[],[],[],[],[],[],[],[],[],[],[],[],[],[],[],[],[]
[],[],[],[],[],[],[],[],[],[],[],[],[],[],[],[],[],['volle Invalidenrente'],[],[],[],[],[],[]
['eHealth'],[],[],[],['eHealth'],['eHealth'],['eHealth'],[],[],[],['eHealth'],[],['eHealth'],[],['eHealth'],['eHealth'],[],['eHealth'],['eHealth'],[],[],[],[],['eHealth']
,,,,,,,,,,,,,,,,,,,,,,,
[],[],[],[],[],[],[],[],[],[],[],[],[],[],[],[],[],[],[],[],[],[],[],['Re']
[],[],[],[],[],[],[],[],[],[],[],[],[],[],[],[],[],[],[],[],[],[],[],[]
,,,,,,,,,,,,,,,,,,,,,,,
[],[],[],[],[],[],[],[],['Contact Tracing'],[],[],[],[],[],[],[],[],[],['Contact Tracing'],[],[],[],[],[]
[],[],[],[],[],[],[],[],[],[],[],[],[],[],[],[],[],[],[],[],[],[],[],[]
,,,,,,,,,,,,,,,,,,,,,,,
[],[],[],[],[],[],[],[],[],[],[],[],[],[],[],[],[],[],[],[],[],[],[],[]
[],[],['2019-nCoV'],[],[],[],[],[],['2019-nCoV'],[],[],[],[],['2019-nCoV'],['2019-nCoV'],[],[],[],[],['2019-nCoV'],['2019-nCoV'],[],['2019-nCoV'],[]
[],[],[],[],[],[],[],[],[],[],[],[],[],[],[],[],[],[],[],[],[],[],[],[]
[],[],[],[],[],[],[],[],[],[],[],[],[],[],[],[],[],[],[],[],[],[],[],[]
"['Positionierungssystem', 'Positionierungssystem']",[],['Positionierungssystem'],"['Positionierungssystem', 'Positionierungssystem']",['Positionierungssystem'],['Positionierungssystem'],"['Positionierungssystem', 'Positionierungssystem']",['Positionierungssystem'],['Positionierungssystem'],"['Positionierungssystem', 'Positionierungssystem']",['Positionierungssystem'],"['Positionierungssystem', 'Positionierungssystem']",['Positionierungssystem'],['Positionierungssystem'],"['Positionierungssystem', 'Positionierungssystem']","['Positionierungssystem', 'Positionierungssystem']","['Positionierungssystem', 'Positionierungssystem']","['Positionierungssystem', 'Positionierungssystem']",[],['Positionierungssystem'],['Positionierungssystem'],['Positionierungssystem'],['Positionierungssystem'],"['Positionierungssystem', 'Positionierungssystem']"
,,,,,,,,,,,,,,,,,,,,,,,
[],['unerwünscht Arzneimittelwirkung'],['unerwünscht Arzneimittelwirkung'],['unerwünscht Arzneimittelwirkung'],['unerwünscht Arzneimittelwirkung'],[],[],['unerwünscht Arzneimittelwirkung'],[],['unerwünscht Arzneimittelwirkung'],[],[],['unerwünscht Arzneimittelwirkung'],[],['unerwünscht Arzneimittelwirkung'],['unerwünschte Arzneimittelwirkung'],['unerwünscht Arzneimittelwirkung'],[],[],['unerwünscht Arzneimittelwirkung'],['unerwünscht Arzneimittelwirkung'],['unerwünscht Arzneimittelwirkung'],['unerwünscht Arzneimittelwirkung'],[]
[],[],['Spontanmeldung'],['Spontanmeldung'],['Spontanmeldung'],['Spontanmeldung'],[],['Spontanmeldung'],['Spontanmeldung'],['Spontanmeldung'],[],['Spontanmeldung'],[],['Spontanmeldung'],['Spontanmeldung'],['Spontanmeldung'],['Spontanmeldung'],[],[],['Spontanmeldung'],[],['Spontanmeldung'],['Spontanmeldung'],['Spontanmeldung']
,,,,,,,,,,,,,,,,,,,,,,,
[],[],[],[],[],[],[],['bisher nicht bekannt unerwünscht Nebenwirkung'],[],[],[],[],[],[],[],[],[],[],[],[],[],[],[],[]
[],[],['Auffrischdosis'],[],['Auffrischdosis'],[],[],['Auffrischdosis'],['Auffrischdosis'],['Auffrischdosis'],[],['Auffrischdosis'],['Auffrischdosis'],[],['Auffrischdosis'],[],[],['Auffrischdosis'],[],[],['Auffrischdosis'],['Auffrischdosis'],['Auffrischdosis'],[]
[],[],[],[],['Auffrischdosis'],[],[],[],['Auffrischdosis'],['Auffrischdosis'],[],[],['Auffrischdosis'],['Auffrischdosis'],['Auffrischdosis'],['Auffrischdosis'],[],['Auffrischdosis'],[],[],[],['Auffrischdosis'],['Auffrischdosis'],[]
,,,,,,,,,,,,,,,,,,,,,,,
,,,,,,,,,,,,,,,,,,,,,,,
['Schadsoftware'],['Schadsoftware'],['Schadsoftware'],[],['Schadsoftware'],['Schadsoftware'],[],['Schadsoftware'],['Schadsoftware'],['Schadsoftware'],['Schadsoftware'],['Schadsoftware'],['Schadsoftware'],['Schadsoftware'],['Schadsoftware'],['Schadsoftware'],['Schadsoftware'],['Schadsoftware'],[],['Schadsoftware'],['Schadsoftware'],['Schadsoftware'],['Schadsoftware'],['Schadsoftware']
['Schadsoftware'],['Schadsoftware'],['Schadsoftware'],['Schadsoftware'],['Schadsoftware'],['Schadsoftware'],[],['Schadsoftware'],['Schadsoftware'],['Schadsoftware'],['Schadsoftware'],['Schadsoftware'],['Schadsoftware'],['Schadsoftware'],['Schadsoftware'],['Schadsoftware'],['Schadsoftware'],['Schadsoftware'],[],['Schadsoftware'],[],['Schadsoftware'],['Schadsoftware'],['Schadsoftware']
,,,,,,,,,,,,,,,,,,,,,,,
,,,,,,,,,,,,,,,,,,,,,,,
,,,,,,,,,,,,,,,,,,,,,,,
,,,,,,,,,,,,,,,,,,,,,,,
,,,,,,,,,,,,,,,,,,,,,,,
['Cybervorfall'],['Cybervorfall'],['Cybervorfall'],[],['Cybervorfall'],['Cybervorfall'],[],['Cybervorfall'],['Cybervorfall'],['Cybervorfall'],[],[],['Cybervorfall'],[],['Cybervorfall'],['Cybervorfall'],[],['Cybervorfall'],[],['Cybervorfall'],['Cybervorfall'],[],[],[]
,,,,,,,,,,,,,,,,,,,,,,,
[],[],[],[],[],[],[],[],[],[],[],[],[],[],[],[],[],[],[],[],[],[],[],[]
,,,,,,,,,,,,,,,,,,,,,,,
,,,,,,,,,,,,,,,,,,,,,,,
[],[],[],[],[],[],[],[],[],[],[],[],[],['Besitzesschutzklage'],[],[],[],[],[],[],[],[],[],[]
[],[],[],['subjektiv Klagehäufung'],[],[],[],[],[],[],[],[],[],[],[],[],[],[],[],[],[],[],[],[]
[],[],[],[],[],[],[],[],[],[],[],[],[],[],[],[],[],[],[],[],[],[],[],[]
[],[],[],[],[],[],[],[],[],[],[],[],[],[],[],[],[],[],[],[],[],[],[],[]
[],[],[],['Parteibeitritt'],['Parteibeitritt'],['Parteibeitritt'],[],['Parteibeitritt'],['Parteibeitritt'],[],[],[],['Parteibeitritt'],[],['Parteibeitritt'],['Parteibeitritt'],['Parteibeitritt'],['Parteibeitritt'],[],[],['Parteibeitritt'],['Parteibeitritt'],['Parteibeitritt'],[]
,,,,,,,,,,,,,,,,,,,,,,,
[],[],[],[],[],[],[],[],[],['Sachenrecht'],[],[],['Sachenrecht'],['Realrecht'],['Sachenrecht'],[],[],[],[],[],[],[],[],[]
[],[],[],[],[],[],[],[],[],[],[],[],[],[],[],[],[],[],[],[],[],[],[],[]
[],[],[],[],[],[],[],[],[],[],[],[],[],[],[],[],[],[],[],[],[],[],['Disziplinarmassnahme'],[]
[],[],[],[],[],[],[],[],[],[],[],[],[],[],[],[],[],[],[],[],[],[],[],[]
[],[],[],['Bürgschaftsvertrag'],[],[],[],[],[],[],[],[],[],[],[],[],[],[],[],[],[],[],[],[]
['Prokurist'],['Prokurist'],[],['Prokurist'],['Prokurist'],['Prokurist'],[],[],[],[],[],[],['Prokurist'],['Prokurist'],['Prokurist'],[],['Prokurist'],['Prokurist'],[],[],['Prokurist'],[],['Prokurist'],[]
,,,,,,,,,,,,,,,,,,,,,,,
,,,,,,,,,,,,,,,,,,,,,,,
,,,,,,,,,,,,,,,,,,,,,,,
,,,,,,,,,,,,,,,,,,,,,,,
,,,,,,,,,,,,,,,,,,,,,,,
['elterlich Sorge'],['elterlich Sorge'],['elterlich Sorge'],['elterlich Sorge'],['elterlich Sorge'],[],[],['elterlich Sorge'],[],['elterlich Sorge'],[],['elterlich Sorge'],['elterlich Sorge'],['elterlich Sorge'],['elterlich Sorge'],['elterlich Sorge'],['elterlich Sorge'],['elterlich Sorge'],[],['elterlich Sorge'],['elterlich Sorge'],[],['elterlich Sorge'],['elterlich Sorge']
[],['Kindesverhältnis'],[],[],['Kindesverhältnis'],['Kindesverhältnis'],[],['Kindesverhältnis'],[],['Kindesverhältnis'],[],['Kindesverhältnis'],[],[],[],['Kindesverhältnis'],['Kindesverhältnis'],['Kindesverhältnis'],[],[],[],[],[],[]
,,,,,,,,,,,,,,,,,,,,,,,
,,,,,,,,,,,,,,,,,,,,,,,
,,,,,,,,,,,,,,,,,,,,,,,
,,,,,,,,,,,,,,,,,,,,,,,
['Nachlass'],[],[],[],[],[],[],[],[],[],[],[],[],[],['Nachlass'],[],[],['Nachlass'],[],[],[],[],[],[]
[],[],[],['pflichtteilsberechtigt Erbe'],['Noterbe'],[],[],[],[],[],[],[],['pflichtteilsberechtigt Erbe'],['pflichtteilsberechtigt Erbe'],['pflichtteilsberechtigt Erbe'],[],[],[],[],[],[],['Noterbe'],[],[]
,,,,,,,,,,,,,,,,,,,,,,,
[],[],[],[],[],[],[],[],[],[],[],[],[],[],[],[],[],[],[],[],[],[],[],[]
[],[],['Personsdurchsuchung'],['Personsdurchsuchung'],[],[],[],[],['Personsdurchsuchung'],[],[],[],[],[],[],[],[],['Personsdurchsuchung'],[],[],[],['Personsdurchsuchung'],[],[]
,,,,,,,,,,,,,,,,,,,,,,,
[],['Legat'],[],['Legat'],[],[],[],[],[],[],[],[],[],[],[],['Legat'],[],['Legat'],[],[],['Legat'],[],[],[]
,,,,,,,,,,,,,,,,,,,,,,,
[],[],[],['Fahrnis'],[],[],[],[],[],[],[],[],[],['Fahrnis'],['Fahrnis'],['Fahrnis'],[],[],[],[],[],['Fahrnis'],[],[]
,,,,,,,,,,,,,,,,,,,,,,,
[],['zivil Früchte'],[],['zivil Früchte'],[],[],[],['zivil Früchte'],[],[],[],['zivil Früchte'],[],[],[],[],['zivil Früchte'],['zivil Früchte'],[],[],[],[],[],[]
,,,,,,,,,,,,,,,,,,,,,,,
,,,,,,,,,,,,,,,,,,,,,,,
,,,,,,,,,,,,,,,,,,,,,,,
[],['Prädialservitut'],[],[],['Prädialservitut'],[],[],[],[],['Prädialservitut'],[],['Prädialservitut'],[],['Prädialservitut'],['Prädialservitut'],[],[],[],[],[],[],[],[],[]
[],[],[],[],[],[],[],[],[],['Prädialservitut'],[],[],[],['Prädialservitut'],['Prädialservitut'],[],[],[],[],[],[],[],[],[]
[],[],[],['Innehabender'],[],[],[],[],['Innehabender'],[],[],[],[],[],"['Innehabender', 'Innehabender']",[],['Innehabender'],[],[],[],[],[],[],[]
[],['Akzession'],['Akzession'],[],[],[],[],[],[],[],[],[],['Akzession'],['Akzession'],[],['Akzession'],['Akzession'],['Akzession'],[],[],['Akzession'],[],['Akzession'],[]
[],[],[],[],[],[],[],[],[],[],[],[],[],[],[],[],[],[],[],[],[],[],[],[]
[],['belastet Grundstück'],[],[],[],[],[],['belastet Grundstück'],[],[],[],[],[],[],[],['belastet Grundstück'],[],[],[],[],['belastet Grundstück'],[],[],[]
,,,,,,,,,,,,,,,,,,,,,,,
,,,,,,,,,,,,,,,,,,,,,,,
,,,,,,,,,,,,,,,,,,,,,,,
,,,,,,,,,,,,,,,,,,,,,,,
[],[],[],[],[],[],[],['Zivilstandsbeamter'],[],['Zivilstandsbeamter'],[],[],[],[],[],[],[],[],[],[],[],[],[],['Zivilstandsbeamter']
[],[],[],['Aussöhnung'],[],['Aussöhnung'],[],[],[],[],[],[],[],[],[],[],['Aussöhnung'],[],[],[],['Aussöhnung'],[],[],[]
[],[],[],[],[],[],[],[],[],['Trennung im gegenseitigen Einvernehmen'],[],[],[],[],[],['Trennung im gegenseitigen Einvernehmen'],[],[],[],[],[],[],[],[]
[],['gutgläubig Besitz'],['gutgläubig Besitz'],[],['gutgläubig Besitz'],['gutgläubig Besitz'],[],['gutgläubig Besitz'],['gutgläubig Besitz'],[],[],[],[],['gutgläubig Besitz'],['gutgläubig Besitz'],['gutgläubig Besitz'],['gutgläubig Besitz'],['gutgläubig Besitz'],[],['gutgläubig Besitz'],['gutgläubig Besitz'],[],[],[]
[],[],[],[],[],[],[],[],[],[],[],[],[],[],[],[],[],[],[],[],['Klage aus Besitzesstörung'],[],[],[]
[],[],[],[],[],[],[],['Gesamteigentum'],[],[],[],[],[],[],[],[],[],[],[],[],['Gesamteigentum'],[],[],[]
[],['Unterhaltsanspruch'],[],[],['Unterhaltsanspruch'],['Unterhaltsanspruch'],[],[],[],[],[],['Unterhaltsanspruch'],[],[],[],['Unterhaltsanspruch'],['Unterhaltsanspruch'],['Unterhaltsanspruch'],[],[],[],[],['Unterhaltsanspruch'],[]
,,,,,,,,,,,,,,,,,,,,,,,
,,,,,,,,,,,,,,,,,,,,,,,
['Klage auf Anfechtung der Vaterschaft'],[],['Klage auf Anfechtung der Vaterschaft'],[],[],[],[],[],[],['Klage auf Anfechtung der Vaterschaft'],[],[],[],[],[],[],['Klage auf Anfechtung der Vaterschaft'],['Klage auf Anfechtung der Vaterschaft'],[],[],['Klage auf Anfechtung der Vaterschaft'],['Klage auf Anfechtung der Vaterschaft'],[],[]
,,,,,,,,,,,,,,,,,,,,,,,
,,,,,,,,,,,,,,,,,,,,,,,
[],[],[],[],[],[],[],[],[],[],[],[],[],[],[],[],[],[],[],[],[],[],[],[]
,,,,,,,,,,,,,,,,,,,,,,,
,,,,,,,,,,,,,,,,,,,,,,,
['Darleiher'],[],[],[],[],[],[],[],['Darleiher'],['Darleiher'],[],[],[],[],[],[],[],[],[],[],[],[],[],[]
[],[],[],[],[],[],[],[],[],[],[],[],[],[],[],[],[],[],[],[],[],[],[],[]
[],[],[],['Realoblation'],[],[],[],['Realoblation'],[],[],[],[],[],[],['Realoblation'],[],['Realoblation'],[],[],['Realoblation'],[],[],[],[]
['Mahnung'],['Mahnung'],['Mahnung'],['Mahnung'],['Mahnung'],['Mahnung'],[],[],[],['Mahnung'],[],['Mahnung'],['Mahnung'],['Mahnung'],['Mahnung'],[],['Mahnung'],[],[],[],[],[],['Mahnung'],['Mahnung']
['Novation'],['Novation'],['Novation'],['Novation'],['Novation'],['Novation'],['Novation'],['Novation'],[],['Novation'],['Novation'],['Novation'],[],['Novation'],['Novation'],[],['Novation'],['Novation'],['Novation'],[],[],[],['Novation'],['Novation']
['Kompensation'],[],[],[],[],[],[],[],[],[],[],['Kompensation'],[],[],[],[],[],['Kompensation'],[],[],[],[],[],['Kompensation']
,,,,,,,,,,,,,,,,,,,,,,,
[],"['Annehmender', 'Annehmender']","['Annehmender', 'Annehmender']","['Annehmender', 'Annehmender']","['Annehmender', 'Annehmender']","['Annehmender', 'Annehmender']",[],[],"['Annehmender', 'Annehmender']","['Annehmender', 'Annehmender']",[],"['Annehmender', 'Annehmender']",[],"['Annehmender', 'Annehmender']",['Annehmender'],[],"['Annehmender', 'Annehmender']",['Annehmender'],[],"['Annehmender', 'Annehmender']","['Annehmender', 'Annehmender']","['Annehmender', 'Annehmender']",[],[]
[],['Einrede'],['Einrede'],['Einrede'],[],[],[],['Einrede'],['Einrede'],[],[],['Einrede'],['Einrede'],['Einrede'],['Einrede'],['Einrede'],['Einrede'],['Einrede'],[],['Einrede'],['Einrede'],[],['Einrede'],[]
,,,,,,,,,,,,,,,,,,,,,,,
['Legatar'],['Legatar'],[],[],[],[],[],[],[],[],[],['Legatar'],[],[],['Legatar'],[],[],['Legatar'],[],[],[],[],[],[]
[],[],[],[],[],[],[],[],[],[],[],[],[],[],[],[],[],[],[],[],[],[],[],[]
[],['Suspensivbedingung'],[],['Suspensivbedingung'],[],[],[],[],[],[],[],[],[],[],[],[],[],[],[],[],[],[],[],[]
,,,,,,,,,,,,,,,,,,,,,,,
,,,,,,,,,,,,,,,,,,,,,,,
['Nacherbschaft'],[],['Nacherbschaft'],['Nacherbeneinsetzung'],['Nacherbschaft'],['Nacherbschaft'],[],['Nacherbschaft'],['Nacherbeneinsetzung'],['Nacherbschaft'],[],['Nacherbschaft'],['Nacherbschaft'],[],[],['Nacherbschaft'],['Nacherbschaft'],[],[],['Nacherbeneinsetzung'],[],[],['Nacherbschaft'],[]
[],[],[],[],['Willensvollstrecker'],[],[],[],[],[],[],[],[],[],[],[],[],[],[],[],[],[],[],[]
[],[],[],[],[],[],[],[],[],[],[],[],[],[],[],[],[],[],[],[],['Veräusserung'],[],['Veräusserung'],[]
,,,,,,,,,,,,,,,,,,,,,,,
[],['Verabredung des Rückfalls'],[],[],[],[],[],[],['Verabredung des Rückfalls'],[],[],[],[],[],[],['Verabredung des Rückfalls'],[],[],[],['Verabredung des Rückfalls'],[],['Verabredung des Rückfalls'],[],[]
[],[],[],[],[],[],[],[],[],[],[],[],[],[],[],[],[],[],[],[],[],[],[],[]
[],['Promittent'],[],['Promittent'],['Promittent'],[],[],['Promittent'],[],[],[],[],[],[],[],[],['Promittent'],[],[],[],[],[],['Promittent'],[]
[],['unzumutbare Härte'],['unzumutbare Härte'],['unzumutbare Härte'],[],['unzumutbare Härte'],[],['unzumutbare Härte'],[],['unzumutbare Härte'],[],[],['unzumutbare Härte'],[],['unzumutbare Härte'],['unzumutbare Härte'],"['unzumutbar Härte', 'unzumutbar Härte']",['unzumutbare Härte'],[],[],[],[],[],[]
[],['Gewährleistung der Gebrauchsfähigkeit'],[],['Gewährleistung der Gebrauchsfähigkeit'],['Gewährleistung der Gebrauchsfähigkeit'],[],[],['Gewährleistung der Gebrauchsfähigkeit'],[],['Gewährleistung der Gebrauchsfähigkeit'],[],[],['Gewährleistung der Gebrauchsfähigkeit'],[],['Gewährleistung der Gebrauchsfähigkeit'],['Gewährleistung der Gebrauchsfähigkeit'],['Gewährleistung der Gebrauchsfähigkeit'],['Gewährleistung der Gebrauchsfähigkeit'],[],[],[],[],['Gewährleistung der Gebrauchsfähigkeit'],[]
,,,,,,,,,,,,,,,,,,,,,,,
,,,,,,,,,,,,,,,,,,,,,,,
[],[],[],[],"['Unternehmer', 'Unternehmer']",[],[],"['Unternehmer', 'Unternehmer']",[],"['Unternehmer', 'Unternehmer']",[],"['Unternehmer', 'Unternehmer']",[],[],[],[],"['Unternehmer', 'Unternehmer']","['Unternehmer', 'Unternehmer']",[],[],[],[],[],[]
[],[],[],[],[],[],[],[],[],['Teillieferung'],[],['Teillieferung'],"['Teillieferung', 'Teillieferung']",[],[],[],[],[],[],[],[],[],[],['Teillieferung']
,,,,,,,,,,,,,,,,,,,,,,,
[],[],[],['Mäkler'],[],[],[],[],[],[],[],['Mäkler'],[],[],['Mäkler'],[],['Mäkler'],['Mäkler'],[],['Mäkler'],[],['Mäkler'],[],[]
['Aufbewahrer'],[],[],['Aufbewahrer'],[],[],[],[],[],[],[],[],[],['Aufbewahrer'],[],[],[],[],[],[],['Aufbewahrer'],[],[],[]
[],[],[],[],[],[],[],[],[],[],[],[],[],['Lagerempfanggschein'],[],[],[],[],[],[],[],[],[],[]
,,,,,,,,,,,,,,,,,,,,,,,
,,,,,,,,,,,,,,,,,,,,,,,
,,,,,,,,,,,,,,,,,,,,,,,
,,,,,,,,,,,,,,,,,,,,,,,
['Gesellschaftsschulden'],[],[],['Gesellschaftsschulden'],[],[],[],['Gesellschaftsschulden'],[],['Gesellschaftsschulden'],[],[],['Gesellschaftsschulden'],[],[],[],['Gesellschaftsschulden'],['gesellschaftsschulden'],[],[],[],['Gesellschaftsschulden'],['Gesellschaftsschulden'],[]
,,,,,,,,,,,,,,,,,,,,,,,
[],[],[],[],[],[],[],[],[],[],[],[],[],[],[],[],['Sparheft'],[],[],[],[],[],[],"['Sparheft', 'Sparheft']"
[],[],[],[],[],[],[],[],[],[],[],[],[],[],[],[],[],[],[],[],['Börsenhändler'],[],[],[]
,,,,,,,,,,,,,,,,,,,,,,,
,,,,,,,,,,,,,,,,,,,,,,,
[],['Konkurrenzverbot'],[],['Konkurrenzverbot'],['Konkurrenzverbot'],['Konkurrenzverbot'],[],[],['Konkurrenzverbot'],[],[],['Konkurrenzverbot'],[],[],[],[],['Konkurrenzverbot'],[],['Konkurrenzverbot'],[],[],['Konkurrenzverbot'],['Konkurrenzverbot'],[]
['Kapitalherabsetzung'],['Herabsetzung des Stammkapitals'],['Kapitalherabsetzung'],['Kapitalherabsetzung'],['Kapitalherabsetzung'],['Herabsetzung des Stammkapitals'],[],['Herabsetzung des Stammkapitals'],['Kapitalherabsetzung'],['Kapitalherabsetzung'],['Kapitalherabsetzung'],['Herabsetzung des Stammkapitals'],['Kapitalherabsetzung'],['Kapitalherabsetzung'],['Herabsetzung des Grundkapitals'],['Kapitalherabsetzung'],['Kapitalherabsetzung'],['Kapitalherabsetzung'],['Kapitalherabsetzung'],['Herabsetzung des Stammkapitals'],['Herabsetzung des Stammkapitals'],['Herabsetzung des Stammkapitals'],['Herabsetzung des Stammkapitals'],['Herabsetzung des Stammkapitals']
,,,,,,,,,,,,,,,,,,,,,,,
,,,,,,,,,,,,,,,,,,,,,,,
,,,,,,,,,,,,,,,,,,,,,,,
['Gründer'],[],['Gründer'],['Gründer'],[],['Gründer'],['Gründer'],['Gründer'],['Gründer'],['Gründer'],['Gründer'],['Gründer'],[],['Gründer'],['Gründer'],[],[],['Gründer'],['Gründer'],['Gründer'],['Gründer'],['Gründer'],[],['Gründer']
[],[],[],['Reserve'],['Reserve'],[],['Reserve'],['Reserve'],[],[],[],['Reserve'],[],[],[],[],[],['Reserve'],[],[],[],[],[],['Reserve']
[],[],['Universalsukzession'],['Universalsukzession'],['Universalsukzession'],[],[],[],[],[],[],['Universalsukzession'],[],[],[],['Universalsukzession'],['Universalsukzession'],['Universalsukzession'],[],[],[],[],[],['Universalsukzession']
[],[],['Recht auf Gewinnanteil'],[],['Recht auf Gewinnanteil'],['Recht auf Gewinnanteil'],[],['Recht auf Dividende'],[],[],[],[],['Recht auf Gewinnanteil'],[],[],[],[],[],[],['Recht auf Gewinnanteil'],[],['Recht auf Gewinnanteil'],['Recht auf Gewinnanteil'],['Recht auf Gewinnanteil']
['Tochtergesellschaft'],['Tochtergesellschaft'],['Tochtergesellschaft'],[],['Tochtergesellschaft'],['Tochtergesellschaft'],[],[],[],['Tochtergesellschaft'],[],[],['Tochtergesellschaft'],[],['Tochtergesellschaft'],['Tochtergesellschaft'],['Tochtergesellschaft'],[],[],[],[],[],[],[]
[],[],[],[],[],[],[],[],['außerordentliche Versammlung'],[],[],[],[],[],[],[],[],[],[],[],[],[],[],[]
,,,,,,,,,,,,,,,,,,,,,,,
,,,,,,,,,,,,,,,,,,,,,,,
[],[],[],[],[],[],[],[],[],[],[],['gesetzlich Reserve'],[],[],[],[],[],[],[],[],[],[],[],[]
['Geschäftsbücher'],[],[],['Geschäftsbücher'],[],[],[],[],[],[],[],[],['Geschäftsbücher'],['Geschäftsbücher'],[],[],[],['Geschäftsbücher'],[],[],['Geschäftsbücher'],[],['Geschäftsbücher'],[]
[],[],[],[],[],[],[],[],[],[],[],[],[],[],[],[],[],[],[],[],[],[],[],[]
,,,,,,,,,,,,,,,,,,,,,,,
,,,,,,,,,,,,,,,,,,,,,,,
['immateriell Anlage'],[],[],[],['immateriell Anlage'],[],[],[],[],[],[],[],[],[],['immateriell Anlage'],[],[],['immateriell Anlage'],[],[],[],[],['immateriell Anlage'],[]
[],[],[],[],[],[],[],[],[],[],[],[],[],[],[],[],[],[],[],[],[],[],[],[]
[],[],[],[],[],[],[],[],[],[],[],[],[],[],[],[],[],[],[],[],[],[],[],[]
[],[],"['Warenzeichen', 'Warenzeichen']","['Warenzeichen', 'Warenzeichen']",[],[],[],[],[],[],[],"['Warenzeichen', 'Warenzeichen']",[],"['Warenzeichen', 'Warenzeichen']","['Warenzeichen', 'Warenzeichen']",[],"['Warenzeichen', 'Warenzeichen']",['Warenzeichen'],[],[],[],[],[],[]
[],[],['Sachanlagen'],['Sachanlagen'],['Sachanlagen'],['Sachanlagen'],[],['Sachanlage'],['Sachanlagen'],['Sachanlagen'],['Sachanlagen'],['Sachanlagen'],['Sachanlagen'],['Sachanlagen'],['Sachanlagen'],['Sachanlagen'],[],[],['Sachanlagen'],['Sachanlagen'],['Sachanlagen'],['Sachanlagen'],['Sachanlagen'],[]
['Finanzanlagen'],[],[],['Finanzanlagen'],['Finanzanlagen'],['Finanzanlagen'],[],['Finanzanlagen'],['Finanzanlagen'],['Finanzanlagen'],[],['Finanzanlagen'],['Finanzanlagen'],['Finanzanlagen'],['Finanzanlagen'],[],['Finanzanlagen'],['Finanzanlagen'],['Finanzanlagen'],['Finanzanlagen'],['Finanzanlagen'],['Finanzanlagen'],['Finanzanlagen'],['Finanzanlagen']
[],[],[],[],[],[],[],[],[],[],[],[],[],[],[],[],[],[],[],[],[],[],[],[]
['Nettovermögen'],[],[],['Nettovermögen'],[],[],[],[],['Nettovermögen'],[],['Nettovermögen'],['Nettovermögen'],[],['Nettovermögen'],[],[],['Nettovermögen'],['Nettovermögen'],[],[],['Nettovermögen'],['Nettovermögen'],['Nettovermögen'],['Nettovermögen']
[],[],[],[],[],[],[],[],[],[],[],[],[],[],[],[],[],[],[],[],[],[],[],[]
,,,,,,,,,,,,,,,,,,,,,,,
[],[],[],[],[],[],[],[],[],['Preisnachlass'],[],[],[],['Preisnachlass'],[],['Preisnachlass'],['Preisnachlass'],[],[],[],[],[],[],[]
[],[],[],[],[],[],[],[],[],[],[],[],[],['Erbanfallsteuer'],['Erbanfallsteuer'],[],[],[],[],[],[],[],[],[]
[],['Veräußerungsgewinn'],['Veräußerungsgewinn'],['Veräußerungsgewinn'],['Veräußerungsgewinn'],['Veräußerungsgewinn'],[],[],[],['Veräußerungsgewinn'],[],['Veräußerungsgewinn'],['Veräußerungsgewinn'],['Veräußerungsgewinn'],['Veräußerungsgewinn'],['Veräußerungsgewinn'],['Veräußerungsgewinn'],['Veräußerungsgewinn'],[],[],['Veräußerungsgewinn'],[],['Veräußerungsgewinn'],[]
[],[],['Nackteigentum'],[],['nuda proprietas'],[],[],['Nuda Proprietas'],[],['Nackteigentum'],[],[],[],[],[],['Nackteigentum'],[],['Nackteigentum'],[],['Nackteigentum'],[],[],['Nackteigentum'],[]
,,,,,,,,,,,,,,,,,,,,,,,
,,,,,,,,,,,,,,,,,,,,,,,
,,,,,,,,,,,,,,,,,,,,,,,
['gerichtlich Rechtsschutz'],['gerichtlich Rechtsschutz'],['gerichtlich Rechtsschutz'],['gerichtlich Rechtsschutz'],['gerichtlich Rechtsschutz'],['gerichtlich Rechtsschutz'],[],['gerichtlich Rechtsschutz'],['gerichtlich Rechtsschutz'],['gerichtlich Rechtsschutz'],[],['gerichtlich Rechtsschutz'],['gerichtlich Rechtsschutz'],['gerichtlich Rechtsschutz'],['gerichtlich Rechtsschutz'],['gerichtlich Rechtsschutz'],['gerichtlich Rechtsschutz'],[],[],['gerichtlich Rechtsschutz'],['gerichtlich Rechtsschutz'],['gerichtlich Rechtsschutz'],['gerichtlich Rechtsschutz'],['gerichtlich Rechtsschutz']
,,,,,,,,,,,,,,,,,,,,,,,
['alleinig Geschäftsführer'],[],['alleinig Geschäftsführer'],['alleinig Geschäftsführer'],['alleinig Geschäftsführer'],[],['alleinig Geschäftsführer'],['alleinig Geschäftsführer'],[],[],['alleinig Geschäftsführer'],['alleinig Geschäftsführer'],['alleinig Geschäftsführer'],[],['alleinig Geschäftsführer'],['alleiniger Geschäftsführer'],['alleinig Geschäftsführer'],['alleinig Geschäftsführer'],[],[],['alleinig Geschäftsführer'],[],['alleinig Geschäftsführer'],['alleinig Geschäftsführer']
[],[],[],[],[],[],[],[],[],[],[],[],[],[],[],[],[],[],[],[],['Vereinsversammlung'],[],[],['Vereinsversammlung']
[],['Gerichtskreis'],[],[],[],[],[],[],[],['Gerichtskreis'],[],[],[],[],[],['Gerichtskreis'],[],[],[],[],[],[],[],[]
[],[],[],[],[],[],[],[],[],['Geschäftsbetrieb der Gesellschaft'],[],[],[],[],[],[],[],[],[],[],[],[],[],[]
,,,,,,,,,,,,,,,,,,,,,,,
['Kapitalverlust'],[],['Kapitalverlust'],['Kapitalverlust'],['Kapitalverlust'],['Kapitalverlust'],[],[],[],['Kapitalverlust'],[],['Kapitalverlust'],['Kapitalverlust'],[],['Kapitalverlust'],[],[],['Kapitalverlust'],[],[],['Kapitalverlust'],[],['Kapitalverlust'],"['Kapitalverlust', 'Kapitalverlust']"
[],[],[],['Emission'],[],['Emission'],[],[],[],[],[],['Emission'],[],[],['Emission'],[],['Emission'],['Emission'],[],[],['Emission'],[],[],[]
[],[],[],[],[],[],[],[],[],[],[],[],[],[],[],[],[],[],[],[],[],[],[],[]
,,,,,,,,,,,,,,,,,,,,,,,
[],['zusprechend Urteil'],[],[],[],[],[],[],[],[],[],['zusprechend Urteil'],[],[],[],[],[],[],[],[],[],[],[],[]
[],[],['Schuldfähig'],[],['Schuldfähig'],[],[],[],[],[],[],[],[],[],[],['Schuldfähig'],[],[],[],['Schuldfähig'],[],[],['Schuldfähig'],[]
,,,,,,,,,,,,,,,,,,,,,,,
[],[],[],['umfassend Beistandschaft'],[],[],[],[],[],[],[],[],[],[],['umfassend Beistandschaft'],[],['umfassend Beistandschaft'],[],[],[],[],[],[],[]
[],['Klageantwort'],[],[],[],[],[],[],[],[],[],[],[],[],[],[],[],[],[],[],[],[],[],[]
[],[],['Berufsverbrecher'],['Berufsverbrecher'],['Berufsverbrecher'],['Berufsverbrecher'],[],[],['Berufsverbrecher'],[],['Berufsverbrecher'],['berufsverbrecher'],['Berufsverbrecher'],[],['Berufsverbrecher'],['Berufsverbrecher'],[],['berufsverbrecher'],[],['Berufsverbrecher'],[],['Berufsverbrecher'],[],[]
[],[],[],[],[],[],[],[],[],[],[],[],[],[],[],[],[],[],[],[],['aussergerichtlich Geständnis'],[],[],[]
,,,,,,,,,,,,,,,,,,,,,,,
[],[],['Tatverdacht'],['Tatverdacht'],[],[],[],[],[],['Tatverdacht'],[],[],['Tatverdacht'],[],['Tatverdacht'],['Tatverdacht'],[],[],[],['Tatverdacht'],['Tatverdacht'],[],[],[]
,,,,,,,,,,,,,,,,,,,,,,,
[],[],[],[],[],[],[],[],[],[],[],[],[],[],[],[],[],[],[],[],[],[],[],[]
[],[],['Erbengemeinschaft'],['Erbengemeinschaft'],['Erbengemeinschaft'],['Erbengemeinschaft'],[],['Erbengemeinschaft'],['Erbengemeinschaft'],['Erbengemeinschaft'],[],['Erbengemeinschaft'],['Erbengemeinschaft'],"['Erbengemeinschaft', 'Erbengemeinschaft']",['Erbengemeinschaft'],['Erbengemeinschaft'],['Erbengemeinschaft'],"['Erbengemeinschaft', 'Erbengemeinschaft']",['Erbengemeinschaft'],['Erbengemeinschaft'],[],['Erbengemeinschaft'],['Erbengemeinschaft'],[]
[],[],['Bauberechtigter'],[],['Bauberechtigter'],['Bauberechtigter'],[],[],['Bauberechtigter'],[],[],[],[],[],['Bauberechtigter'],[],[],[],[],['Bauberechtigter'],[],[],['Bauberechtigter'],[]
['Ehevertrag'],[],['Ehevertrag'],['Ehevertrag'],[],['Ehevertrag'],[],[],[],[],['Ehevertrag'],[],[],[],['Ehevertrag'],[],[],['Ehevertrag'],['Ehevertrag'],[],['Ehevertrag'],['Ehevertrag'],[],[]
['Witwerschaft'],['Witwerschaft'],['Witwerschaft'],['Witwerschaft'],[],[],[],[],[],['Witwerschaft'],[],['Witwerschaft'],[],[],['Witwerschaft'],[],[],['Witwerschaft'],[],[],[],[],[],[]
,,,,,,,,,,,,,,,,,,,,,,,
['Trennung der Verfahren'],['Trennung der Verfahren'],['Trennung der Verfahren'],[],['Trennung der Verfahren'],['Trennung der Verfahren'],[],[],[],['Trennung der Verfahren'],['Trennung der Verfahren'],['Trennung der Verfahren'],[],['Trennung der Verfahren'],[],[],[],[],['Trennung der Verfahren'],['Trennung der Verfahren'],[],['Trennung der Verfahren'],[],['Trennung der Verfahren']
[],['Absorption'],[],[],[],[],[],[],[],[],[],[],[],[],[],[],[],[],[],[],[],[],['Absorption'],[]
,,,,,,,,,,,,,,,,,,,,,,,
,,,,,,,,,,,,,,,,,,,,,,,
,,,,,,,,,,,,,,,,,,,,,,,
,,,,,,,,,,,,,,,,,,,,,,,
,,,,,,,,,,,,,,,,,,,,,,,
[],[],[],[],"['erstinstanzliche Gericht', 'erstinstanzliche Gericht']",[],[],"['erstinstanzliche Gericht', 'erstinstanzliche Gericht']","['Richter erster Instanz', 'Richter erster Instanz']",[],"['Richter erster Instanz', 'Richter erster Instanz']","['erstinstanzliche Gericht', 'erstinstanzliche Gericht']",[],"['Richter erster Instanz', 'Richter erster Instanz']",[],[],[],"['Richter erster Instanz', 'Richter erster Instanz']",[],"['erstinstanzliche Gericht', 'erstinstanzliche Gericht']","['erstinstanzliche Gericht', 'erstinstanzliche Gericht']",[],[],[]
,,,,,,,,,,,,,,,,,,,,,,,
[],['Gnade'],[],[],[],[],['Gnade'],[],[],[],[],[],[],[],[],[],[],[],['Gnade'],[],['Gnade'],[],[],[]
[],[],[],[],[],[],[],[],[],[],[],[],[],[],[],[],[],[],[],[],[],[],[],[]
[],[],[],[],[],[],[],[],[],[],[],[],[],[],[],[],[],[],[],[],[],[],[],[]
['fortgesetzt Delikt'],['fortgesetzt Delikt'],[],[],['fortgesetzt Delikt'],[],[],['fortgesetzt Delikt'],[],[],[],['fortgesetzt Delikt'],['fortgesetzt Delikt'],['fortgesetzt Delikt'],['fortgesetzt Delikt'],['fortgesetzt Delikt'],[],['fortgesetzt Delikt'],[],[],['fortgesetzt Delikt'],[],['fortgesetzt Delikt'],['fortgesetzt Delikt']
,,,,,,,,,,,,,,,,,,,,,,,
,,,,,,,,,,,,,,,,,,,,,,,
,,,,,,,,,,,,,,,,,,,,,,,
,,,,,,,,,,,,,,,,,,,,,,,
[],[],['Haftentschädigung'],[],[],['Haftentschädigung'],[],['Haftentschädigung'],[],['Haftentschädigung'],[],[],['Haftentschädigung'],['Haftentschädigung'],[],['Haftentschädigung'],['Haftentschädigung'],[],[],[],[],[],['Haftentschädigung'],[]
[],['Geschäftsbücher'],['Geschäftsbücher'],['Geschäftsbücher'],['Geschäftsbücher'],['Geschäftsbücher'],[],['Geschäftsbücher'],[],['Geschäftsbücher'],[],[],[],[],['Geschäftsbücher'],['Geschäftsbücher'],[],['Geschäftsbücher'],[],['Geschäftsbücher'],['Geschäftsbücher'],['Geschäftsbücher'],['Geschäftsbücher'],['Geschäftsbücher']
,,,,,,,,,,,,,,,,,,,,,,,
,,,,,,,,,,,,,,,,,,,,,,,
[],[],[],[],[],[],[],[],[],"['Frachtlohn', 'Frachtlohn']",[],[],"['Frachtlohn', 'Frachtlohn']",[],[],[],"['Frachtlohn', 'Frachtlohn']",[],[],[],"['Frachtlohn', 'Frachtlohn']",[],[],[]
,,,,,,,,,,,,,,,,,,,,,,,
[],['Wahlrecht'],"['Wahlrecht', 'Wahlrecht']","['Wahlrecht', 'Wahlrecht']",['Wahlrecht'],"['Wahlrecht', 'Wahlrecht']",[],"['Wahlrecht', 'Wahlrecht']",['Wahlrecht'],[],"['Wahlrecht', 'Wahlrecht']",['Wahlrecht'],['Wahlrecht'],"['Wahlrecht', 'Wahlrecht']","['Wahlrecht', 'Wahlrecht']",['Wahlrecht'],"['Wahlrecht', 'Wahlrecht']",[],[],['Wahlrecht'],['Wahlrecht'],"['Wahlrecht', 'Wahlrecht']","['Wahlrecht', 'Wahlrecht']",['Wahlrecht']
['Universalerbe'],['Alleinerbe'],[],['Universalerbe'],['Universalerbe'],[],[],['Universalerbe'],[],['Universalerbe'],[],['Universalerbe'],['Universalerbe'],['Universalerbe'],['Universalerbe'],['Universalerbe'],[],['Universalerbe'],[],[],['Universalerbe'],[],['Universalerbe'],['Alleinerbe']
,,,,,,,,,,,,,,,,,,,,,,,
,,,,,,,,,,,,,,,,,,,,,,,
,,,,,,,,,,,,,,,,,,,,,,,
['Fairness'],[],[],[],[],[],['Fairness'],[],[],['Fairness'],['Fairness'],[],[],[],[],[],[],[],['Fairness'],[],['Fairness'],[],[],[]
,,,,,,,,,,,,,,,,,,,,,,,
[],[],['Widerrechtlichkeit'],[],['Widerrechtlichkeit'],[],[],[],[],['Widerrechtlichkeit'],[],[],[],[],[],[],[],[],[],[],[],[],[],[]
,,,,,,,,,,,,,,,,,,,,,,,
['Willenseinigung'],['Willenseinigung'],[],['Willenseinigung'],['Willenseinigung'],[],[],['Willenseinigung'],[],[],[],['Willenseinigung'],[],[],['Willenseinigung'],['Konsens'],[],[],[],[],[],['Willenseinigung'],[],['Willenseinigung']
,,,,,,,,,,,,,,,,,,,,,,,
,,,,,,,,,,,,,,,,,,,,,,,
[],[],[],['Beschränkungen'],['Beschränkungen'],[],[],[],[],[],[],[],[],[],[],['Beschränkungen'],[],['Beschränkungen'],[],[],[],['Beschränkungen'],['Beschränkungen'],['Beschränkungen']
[],[],[],[],[],[],[],[],[],['Mündigkeit'],[],[],[],[],[],[],[],[],[],[],[],[],[],[]
,,,,,,,,,,,,,,,,,,,,,,,
,,,,,,,,,,,,,,,,,,,,,,,
[],[],[],[],[],[],[],[],[],[],[],[],[],[],[],[],[],[],[],[],[],[],[],[]
,,,,,,,,,,,,,,,,,,,,,,,
[],['Treuepflicht'],[],[],['Treuepflicht'],[],[],[],[],['Treuepflicht'],[],[],['Treuepflicht'],['Treuepflicht'],['Treuepflicht'],['Treuepflicht'],[],['Treuepflicht'],[],[],['Treuepflicht'],[],['Treuepflicht'],['Treuepflicht']
[],['Unmündiger'],[],[],[],[],[],[],[],[],[],[],[],[],[],[],[],[],[],[],[],[],[],[]
[],[],['Rückfall'],['Rückfall'],['Rückfall'],[],[],[],['Rückfall'],['Rückfall'],[],[],[],[],[],[],[],[],[],['Rückfall'],[],['Rückfall'],[],[]
,,,,,,,,,,,,,,,,,,,,,,,
[],[],['Trauzeuge'],[],[],['Trauzeuge'],[],[],[],[],[],[],[],['Trauzeuge'],[],[],[],[],[],[],[],[],[],[]
,,,,,,,,,,,,,,,,,,,,,,,
,,,,,,,,,,,,,,,,,,,,,,,
['Kontokorrentverkehr'],['Kontokorrentverkehr'],[],[],[],['Kontokorrentverkehr'],[],[],[],[],[],[],[],['Kontokorrentverkehr'],['Kontokorrentverkehr'],[],['Kontokorrentverkehr'],[],[],['Kontokorrentverkehr'],[],['Kontokorrentverkehr'],['Kontokorrentverkehr'],[]
,,,,,,,,,,,,,,,,,,,,,,,
,,,,,,,,,,,,,,,,,,,,,,,
[],[],[],[],[],[],[],[],[],['Parteiverhör'],[],[],[],[],[],[],[],[],[],[],[],[],[],[]
['notwendig Hauptreparatur'],['notwendige Hauptreparaturen'],['notwendig Hauptreparatur'],['notwendig Hauptreparatur'],[],[],[],['notwendig Hauptreparatur'],[],['notwendig Hauptreparatur'],[],[],[],[],['notwendig Hauptreparatur'],[],['notwendig Hauptreparatur'],['notwendig Hauptreparatur'],[],[],[],[],[],[]
,,,,,,,,,,,,,,,,,,,,,,,
,,,,,,,,,,,,,,,,,,,,,,,
,,,,,,,,,,,,,,,,,,,,,,,
[],[],[],[],[],[],[],[],[],[],[],[],[],[],[],[],[],[],[],[],[],[],[],[]
['Tonaufzeichnung'],[],['Tonaufzeichnung'],['Tonaufzeichnung'],[],['Tonaufzeichnung'],[],['Tonaufzeichnung'],['Tonaufzeichnung'],['Tonaufzeichnung'],['Tonaufzeichnung'],['Tonaufzeichnung'],['Tonaufzeichnung'],[],['Tonaufzeichnung'],[],['Tonaufzeichnung'],[],[],['Tonaufzeichnung'],[],['Tonaufzeichnung'],['Tonaufzeichnung'],['Tonaufzeichnung']
,,,,,,,,,,,,,,,,,,,,,,,
[],[],['Rädelsführer'],['Rädelsführer'],[],['Rädelsführer'],[],[],[],[],[],['Rädelsführer'],[],['Rädelsführer'],[],[],['Rädelsführer'],[],[],[],[],[],[],[]
,,,,,,,,,,,,,,,,,,,,,,,
['Versicherungsnachweis'],[],[],['Versicherungsnachweis'],[],['Versicherungsnachweis'],[],['Versicherungsnachweis'],[],[],[],['Versicherungsnachweis'],[],[],[],['Versicherungsnachweis'],['Versicherungsnachweis'],[],[],[],['Versicherungsnachweis'],[],['Versicherungsnachweis'],['Versicherungsnachweis']
[],[],[],[],[],[],[],[],[],[],[],[],[],[],[],[],[],[],[],[],[],[],[],[]
,,,,,,,,,,,,,,,,,,,,,,,
['Mittelstreifen'],['Mittelstreifen'],['Mittelstreifen'],['Mittelstreifen'],['Mittelstreifen'],['Mittelstreifen'],[],[],['Mittelstreifen'],[],['Mittelstreifen'],[],[],[],['Mittelstreifen'],[],['Mittelstreifen'],['Mittelstreifen'],[],['Mittelstreifen'],['Mittelstreifen'],['Mittelstreifen'],[],['Mittelstreifen']
[],[],['Saumweg'],['Saumweg'],['Saumweg'],['Saumweg'],[],['Saumweg'],['Saumweg'],['Saumweg'],[],[],['Saumweg'],[],['Saumweg'],[],['Saumweg'],['Saumweg'],[],['Saumweg'],['Saumweg'],[],[],[]
[],[],['Parkieren'],['Parkieren'],[],[],[],[],[],[],[],['Parkieren'],[],[],[],[],[],[],[],[],[],[],"['Parkieren', 'Parkieren']",[]
[],[],['Sicherheitsleistung'],['Sicherheitsleistung'],[],"['Sicherheitsleistung', 'Sicherheitsleistung']",[],['Sicherheitsleistung'],[],[],[],['Sicherheitsleistung'],['Sicherheitsleistung'],['Sicherheitsleistung'],"['Sicherheitsleistung', 'Sicherheitsleistung']",[],['Sicherheitsleistung'],['Sicherheitsleistung'],[],['Sicherheitsleistung'],['Sicherheitsleistung'],['Sicherheitsleistung'],['Sicherheitsleistung'],[]
[],['dringender Tatverdacht'],['dringender Tatverdacht'],['dringender Tatverdacht'],['dringender Tatverdacht'],['dringender Tatverdacht'],[],['dringender Tatverdacht'],[],['dringender Tatverdacht'],[],['dringender Tatverdacht'],['dringender Tatverdacht'],['dringender Tatverdacht'],['dringender Tatverdacht'],[],[],[],[],['dringender Tatverdacht'],['dringender Tatverdacht'],['dringender Tatverdacht'],['dringender Tatverdacht'],[]
[],[],[],[],[],[],[],[],['Verpflichtung zum Nichtverlassen eines Ortes'],[],[],[],[],['Verpflichtung zum Nichtverlassen eines Ortes'],[],[],[],[],[],['Verpflichtung zum Nichtverlassen eines Ortes'],[],['Verpflichtung zum Nichtverlassen eines Ortes'],[],[]
['Gutachten'],[],[],[],[],[],[],[],[],[],[],['Gutachten'],['Gutachten'],['Gutachten'],[],[],[],[],['Gutachten'],[],['Gutachten'],[],[],['Gutachten']
[],[],[],[],[],[],[],[],[],[],[],[],[],[],[],[],[],[],[],[],[],[],[],[]
[],[],[],[],[],[],[],[],[],[],[],[],[],[],[],[],[],[],[],[],[],[],[],[]
['Strafjustiz'],['Strafjustiz'],[],[],['Strafjustiz'],[],['Strafjustiz'],[],['Strafjustiz'],['Strafjustiz'],[],['Strafjustiz'],['Strafjustiz'],[],['Strafjustiz'],['Strafjustiz'],[],['Strafjustiz'],[],[],[],[],[],[]
[],['Revision'],[],['Revision'],[],[],['Revision'],['Revision'],[],['Revision'],[],['Revision'],['Revision'],['Revision'],['Revision'],[],[],['Revision'],['Revision'],[],[],[],['Revision'],['Revision']
,,,,,,,,,,,,,,,,,,,,,,,
[],[],[],[],[],[],[],['unabwendbares Hindernis'],[],['unabwendbares Hindernis'],[],[],['unabwendbares Hindernis'],[],[],[],['unabwendbares Hindernis'],[],[],[],[],[],[],[]
[],[],[],[],[],[],[],['Bewilligung der unentgeltlichen Rechtspflege'],[],[],[],[],[],[],[],['Bewilligung der unentgeltlichen Rechtspflege'],['Bewilligung der unentgeltlichen Rechtspflege'],[],[],[],[],[],[],[]
,,,,,,,,,,,,,,,,,,,,,,,
,,,,,,,,,,,,,,,,,,,,,,,
[],['Hauptverhandlung'],['Hauptverhandlung'],['Hauptverhandlung'],['Hauptverhandlung'],['Hauptverhandlung'],[],['Hauptverhandlung'],['Hauptverhandlung'],[],[],['Hauptverhandlung'],[],[],['Hauptverhandlung'],[],[],[],[],['Hauptverhandlung'],['Hauptverhandlung'],[],[],[]
,,,,,,,,,,,,,,,,,,,,,,,
['Zwischenfrage'],[],['Zwischenfrage'],['Zwischenfrage'],[],['Zwischenfrage'],[],[],['Zwischenfrage'],[],[],['Zwischenfrage'],[],['Zwischenfrage'],[],['Zwischenfrage'],[],['Zwischenfrage'],[],[],['Zwischenfrage'],['Zwischenfrage'],[],[]
,,,,,,,,,,,,,,,,,,,,,,,
,,,,,,,,,,,,,,,,,,,,,,,
,,,,,,,,,,,,,,,,,,,,,,,
['Vertreter des Verletzten'],[],['Vertreter des Verletzten'],['Vertreter des Verletzten'],[],['Vertreter des Verletzten'],[],[],[],[],[],[],['Vertreter des Verletzten'],['Vertreter des Verletzten'],['Vertreter des Verletzten'],['Vertreter des Verletzten'],['Vertreter des Verletzten'],['Vertreter des Verletzten'],[],[],[],['Vertreter des Verletzten'],['Vertreter des Verletzten'],['Vertreter des Verletzten']
,,,,,,,,,,,,,,,,,,,,,,,
[],[],[],['Ermittlung'],['Ermittlung'],['Ermittlung'],['Ermittlung'],['Ermittlung'],['Ermittlung'],['Ermittlung'],['Ermittlung'],['Ermittlung'],['Ermittlung'],['Ermittlung'],['Ermittlung'],['Ermittlung'],['Ermittlung'],['Ermittlung'],[],['Ermittlung'],['Ermittlung'],[],['Ermittlung'],['Ermittlung']
['Ermittlungen'],['Ermittlungen'],[],['Ermittlungen'],[],['Ermittlungen'],[],[],[],"['Ermittlungen', 'Ermittlungen']",[],"['Ermittlungen', 'Ermittlungen']",[],[],['Ermittlungen'],['Ermittlungen'],['Ermittlungen'],['Ermittlungen'],['Ermittlungen'],[],['Ermittlungen'],[],['Ermittlungen'],['Ermittlungen']
[],[],[],"['Tatverdächtige', 'Tatverdächtige']","['Tatverdächtige', 'Tatverdächtige']","['Tatverdächtige', 'Tatverdächtige']",[],"['Tatverdächtige', 'Tatverdächtige']","['Tatverdächtige', 'Tatverdächtige']","['Tatverdächtige', 'Tatverdächtige']",[],"['Tatverdächtige', 'Tatverdächtige']",['Tatverdächtige'],['Tatverdächtige'],"['Tatverdächtige', 'Tatverdächtige']","['Tatverdächtige', 'Tatverdächtige']","['Tatverdächtige', 'Tatverdächtige']",['Tatverdächtige'],[],[],['Tatverdächtige'],[],"['Tatverdächtige', 'Tatverdächtige']",[]
,,,,,,,,,,,,,,,,,,,,,,,
[],[],['Auskunftsperson'],[],['Auskunftsperson'],['Auskunftsperson'],[],[],[],[],[],[],['Auskunftsperson'],['Auskunftsperson'],['Auskunftsperson'],['Auskunftsperson'],[],[],[],['Auskunftsperson'],[],[],['Auskunftsperson'],[]
[],[],[],[],[],[],[],[],[],[],[],[],['Vortritt'],[],[],[],[],[],[],[],[],[],['Vortritt'],[]
[],['Probezeitklausel'],[],['Probezeitklausel'],['Probezeitklausel'],['Probezeitklausel'],[],['Probezeitklausel'],[],['Probezeitklausel'],[],['Probezeitklausel'],['Probezeitklausel'],['Probezeitklausel'],['Probezeitklausel'],['Probezeitklausel'],[],['Probezeitklausel'],[],[],['Probezeitklausel'],['Probezeitklausel'],[],[]
,,,,,,,,,,,,,,,,,,,,,,,
,,,,,,,,,,,,,,,,,,,,,,,
['Aufsichtsratsmitglied'],['Aufsichtsratsmitglied'],[],['Aufsichtsratsmitglied'],['Aufsichtsratsmitglied'],['Aufsichtsratsmitglied'],[],['Aufsichtsratsmitglied'],['Aufsichtsratsmitglied'],['Aufsichtsratsmitglied'],['Aufsichtsratsmitglied'],['Aufsichtsratsmitglied'],['Aufsichtsratsmitglied'],['Aufsichtsratsmitglied'],['Aufsichtsratsmitglied'],['Aufsichtsratsmitglied'],['Aufsichtsratsmitglied'],['Aufsichtsratsmitglied'],['Aufsichtsratsmitglied'],[],['Aufsichtsratsmitglied'],['Aufsichtsratsmitglied'],['Aufsichtsratsmitglied'],['Aufsichtsratsmitglied']
[],['Kostenauferlegung'],['Kostenauferlegung'],['Kostenauferlegung'],[],['Kostenauferlegung'],[],[],[],['Kostenauferlegung'],[],['Kostenauferlegung'],[],[],[],[],['Kostenauferlegung'],['Kostenauferlegung'],[],[],['Kostenauferlegung'],[],['Kostenauferlegung'],['Kostenauferlegung']
[],['Zahlungsbefehl'],[],['Zahlungsbefehl'],['Zahlungsbefehl'],['Zahlungsbefehl'],[],['Zahlungsbefehl'],[],['Zahlungsbefehl'],[],['Zahlungsbefehl'],['Zahlungsbefehl'],['Zahlungsbefehl'],['Zahlungsbefehl'],['Zahlungsbefehl'],['Zahlungsbefehl'],[],[],['Zahlungsbefehl'],['Zahlungsbefehl'],['Zahlungsbefehl'],['Zahlungsbefehl'],['Zahlungsbefehl']
,,,,,,,,,,,,,,,,,,,,,,,
,,,,,,,,,,,,,,,,,,,,,,,
[],[],[],[],[],[],[],[],[],[],[],[],[],[],[],[],[],[],[],[],[],[],[],[]
,,,,,,,,,,,,,,,,,,,,,,,
[],[],[],[],[],[],[],[],[],[],[],[],[],[],[],[],[],[],[],[],[],[],[],[]
,,,,,,,,,,,,,,,,,,,,,,,
[],[],[],[],[],[],[],[],[],[],[],[],[],[],[],[],[],['Grundpfandverschreibung'],[],[],[],[],[],[]
,,,,,,,,,,,,,,,,,,,,,,,
[],[],[],[],[],[],[],[],[],[],[],[],[],[],[],[],[],[],[],[],[],[],[],[]
,,,,,,,,,,,,,,,,,,,,,,,
,,,,,,,,,,,,,,,,,,,,,,,
,,,,,,,,,,,,,,,,,,,,,,,
[],['Zwangsmaßnahme'],['Zwangsmaßnahme'],[],['Zwangsmaßnahme'],[],[],[],[],[],[],[],['Zwangsmaßnahme'],[],['Zwangsmaßnahme'],[],[],[],[],[],[],['Zwangsmaßnahme'],[],[]
[],[],[],[],[],[],[],[],[],[],[],[],[],[],[],[],[],[],[],[],[],[],[],[]
['Nominalwert'],[],[],[],[],[],[],[],[],['Nominalwert'],[],[],[],[],[],[],[],[],[],[],['Nominalwert'],[],[],[]
['Wanderweg'],[],[],[],['Wanderweg'],[],[],[],[],['Wanderweg'],[],[],[],['Wanderweg'],[],['Wanderweg'],[],['Wanderweg'],[],[],['Wanderweg'],[],[],[]
[],[],[],[],[],[],[],[],[],[],[],[],[],[],[],[],[],[],[],[],[],[],[],[]
,,,,,,,,,,,,,,,,,,,,,,,
,,,,,,,,,,,,,,,,,,,,,,,
,,,,,,,,,,,,,,,,,,,,,,,
,,,,,,,,,,,,,,,,,,,,,,,
[],[],[],['Vollziehung der Auflage'],[],[],[],[],[],[],[],['Vollziehung der Auflage'],[],[],[],[],[],[],[],['Vollziehung der Auflage'],[],['Vollziehung der Auflage'],[],[]
,,,,,,,,,,,,,,,,,,,,,,,
,,,,,,,,,,,,,,,,,,,,,,,
,,,,,,,,,,,,,,,,,,,,,,,
,,,,,,,,,,,,,,,,,,,,,,,
,,,,,,,,,,,,,,,,,,,,,,,
[],['gesetzlich Güterstand'],['gesetzlich Güterstand'],['gesetzlich Güterstand'],['gesetzlich Güterstand'],['gesetzlich Güterstand'],[],['gesetzlich Güterstand'],['gesetzlich Güterstand'],['gesetzlich Güterstand'],['gesetzlich Güterstand'],['gesetzlich Güterstand'],['gesetzlich Güterstand'],['gesetzlich Güterstand'],['gesetzlich Güterstand'],['gesetzlich Güterstand'],['gesetzlich Güterstand'],['gesetzlich Güterstand'],[],['gesetzlich Güterstand'],['gesetzlich Güterstand'],['gesetzlich Güterstand'],['gesetzlich Güterstand'],['gesetzlich Güterstand']
['Antichrese'],[],['Nutzungspfandrecht'],"['Nutzungspfandrecht', 'Nutzungspfandrecht']",['Nutzungspfandrecht'],"['Nutzungspfandrecht', 'Nutzungspfandrecht']",[],['Nutzungspfandrecht'],"['Nutzungspfandrecht', 'Nutzungspfandrecht']",[],"['Antichrese', 'Antichrese']","['Antichrese', 'Antichrese']","['Nutzungspfandrecht', 'Nutzungspfandrecht']","['Nutzungspfandrecht', 'Nutzungspfandrecht']","['Nutzungspfandrecht', 'Nutzungspfandrecht']","['Antichrese', 'Antichrese']","['Antichrese', 'Antichrese']",[],[],['Nutzungspfandrecht'],"['Antichrese', 'Antichrese']",[],['Nutzungspfandrecht'],['Antichrese']
,,,,,,,,,,,,,,,,,,,,,,,
[],['Pertinenz'],[],[],[],[],[],['Zugehör'],['Zugehör'],['Zugehör'],[],[],[],[],[],['Pertinenz'],[],['Zugehör'],[],[],[],[],['Zugehör'],[]
['Beitrag'],[],[],"['Beitrag', 'Beitrag']",[],[],[],[],[],[],['Beitrag'],"['Beitrag', 'Beitrag']",[],[],[],[],"['Beitrag', 'Beitrag']","['Beitrag', 'Beitrag']",[],[],[],[],[],"['Beitrag', 'Beitrag']"
[],[],[],[],[],[],[],[],[],['Liquidation der Prozesskosten'],[],[],[],[],[],[],[],[],[],[],[],[],[],[]
[],[],['Sachverhaltsdarstellung'],['Sachverhaltsdarstellung'],['Sachverhaltsdarstellung'],['Sachverhaltsdarstellung'],[],['Sachverhaltsdarstellung'],[],['Sachverhaltsdarstellung'],[],[],[],['Sachverhaltsdarstellung'],['Sachverhaltsdarstellung'],['Sachverhaltsdarstellung'],['Sachverhaltsdarstellung'],['Sachverhaltsdarstellung'],[],['Sachverhaltsdarstellung'],[],['Sachverhaltsdarstellung'],['Sachverhaltsdarstellung'],['Sachverhaltsdarstellung']
['richterlich Auslegung'],['richterlich Auslegung'],[],['richterlich Auslegung'],['richterlich Auslegung'],['richterlich Auslegung'],[],[],['richterlich Auslegung'],['richterlich Auslegung'],[],[],[],['richterlich Auslegung'],['richterlich Auslegung'],[],[],[],[],[],[],[],[],['richterlich Auslegung']
['Ethikkommission'],['Ethikkommission'],['Ethikkommission'],['Ethikkommission'],['Ethikkommission'],['Ethikkommission'],[],['Ethikkommission'],['Ethikkommission'],['Ethikkommission'],['Ethikkommission'],['Ethikkommission'],['Ethikkommission'],['Ethikkommission'],['Ethikkommission'],['Ethikkommission'],['Ethikkommission'],['Ethikkommission'],[],[],['Ethikkommission'],['Ethikkommission'],['Ethikkommission'],['Ethikkommission']
[],[],[],[],[],[],[],[],[],[],[],[],[],[],[],[],[],[],[],[],[],[],[],[]
[],[],[],[],[],[],[],[],[],['archäologische Stätte'],[],[],[],[],[],[],[],['archäologisch Stätte'],[],[],['archäologisch Stätte'],[],[],[]
['privat Archiv'],[],[],[],[],['privat Archiv'],['privat Archiv'],['privat Archiv'],[],[],['privat Archiv'],['privat Archiv'],[],[],[],[],['privat Archiv'],['privat Archiv'],['privat Archiv'],[],['privat Archiv'],[],[],[]
[],[],[],[],[],[],[],[],[],[],[],[],[],[],[],[],[],[],[],[],[],[],[],[]
,,,,,,,,,,,,,,,,,,,,,,,
,,,,,,,,,,,,,,,,,,,,,,,
,,,,,,,,,,,,,,,,,,,,,,,
[],[],[],['nicht elektrotechnisch Arbeit'],[],[],[],[],[],[],[],['nicht elektrotechnisch Arbeit'],[],[],['nicht elektrotechnisch Arbeit'],[],['nicht elektrotechnisch Arbeit'],['nicht elektrotechnisch Arbeit'],[],[],[],[],['nicht elektrotechnisch Arbeit'],['nicht elektrotechnisch Arbeit']
,,,,,,,,,,,,,,,,,,,,,,,
,,,,,,,,,,,,,,,,,,,,,,,
[],['Kunstlicht'],['Kunstlicht'],['Kunstlicht'],['Kunstlicht'],['Kunstlicht'],[],['Kunstlicht'],['Kunstlicht'],['Kunstlicht'],[],['Kunstlicht'],['Kunstlicht'],['Kunstlicht'],['Kunstlicht'],['Kunstlicht'],[],['Kunstlicht'],[],[],[],['Kunstlicht'],['Kunstlicht'],[]
