test_translations_epoch4,test_translations_epoch8,test_translations_epoch0,test_translations_epoch15,test_translations_epoch5,test_translations_epoch2,test_translations_epoch12,test_translations_epoch14,test_translations_epoch6,test_translations_epoch1,test_translations_epoch9,test_translations_epoch7,test_translations_epoch10,test_translations_epoch3,test_translations_epoch13,test_translations_epoch11
[],['Wertzuständigkeit'],['Wertzuständigkeit'],['Wertzuständigkeit'],[],['Wertzuständigkeit'],['Wertzuständigkeit'],['Wertzuständigkeit'],['Wertzuständigkeit'],['Wertzuständigkeit'],[],['Wertzuständigkeit'],['Wertzuständigkeit'],[],['Wertzuständigkeit'],['Wertzuständigkeit']
['Parteisachverständiger'],['Parteisachverständiger'],[],['Parteisachverständiger'],['Parteisachverständiger'],['Parteisachverständiger'],['Parteisachverständiger'],['Parteisachverständiger'],['Parteisachverständiger'],['Parteisachverständiger'],['Parteisachverständiger'],['Parteisachverständiger'],['Parteisachverständiger'],['Parteisachverständiger'],['Parteisachverständiger'],['Parteisachverständiger']
['Parteisachverständiger'],['Parteisachverständiger'],[],['Parteisachverständiger'],['Parteisachverständiger'],['Parteisachverständiger'],['Parteisachverständiger'],['Parteisachverständiger'],['Parteisachverständiger'],['Parteisachverständiger'],['Parteisachverständiger'],['Parteisachverständiger'],['Parteisachverständiger'],['Parteisachverständiger'],['Parteisachverständiger'],['Parteisachverständiger']
['Einlassung der Parteien'],['Einlassung der Parteien'],[],['Einlassung der Parteien'],['Einlassung der Parteien'],['Einlassung der Parteien'],['Einlassung der Parteien'],['Einlassung der Parteien'],['Einlassung der Parteien'],['Einlassung der Parteien'],['Einlassung der Parteien'],['Einlassung der Parteien'],['Einlassung der Parteien'],['Einlassung der Parteien'],['Einlassung der Parteien'],['Einlassung der Parteien']
[],['Besitzschutzklage'],[],['Besitzschutzklage'],[],[],['Besitzschutzklage'],['Besitzschutzklage'],[],[],['Besitzschutzklage'],['Besitzschutzklage'],['Besitzschutzklage'],[],['Besitzschutzklage'],['Besitzschutzklage']
['Schiedsverfahren'],['Schiedsverfahren'],[],['Schiedsverfahren'],['Schiedsverfahren'],['Schiedsverfahren'],['Schiedsverfahren'],['Schiedsverfahren'],['Schiedsverfahren'],['Schiedsverfahren'],['Schiedsverfahren'],['Schiedsverfahren'],['Schiedsverfahren'],['Schiedsverfahren'],['Schiedsverfahren'],['Schiedsverfahren']
[],[],[],[],[],[],[],[],[],[],[],[],[],[],[],[]
[],[],[],[],[],[],[],[],[],[],[],[],[],[],[],[]
['Anerkennung'],['Anerkennung'],[],['Anerkennung'],['Anerkennung'],[],['Anerkennung'],['Anerkennung'],['Anerkennung'],[],['Anerkennung'],['Anerkennung'],['Anerkennung'],[],['Anerkennung'],['Anerkennung']
[],[],[],[],[],[],[],[],[],['Rechtsanwalt'],[],[],[],[],[],[]
['Advokat'],['Rechtsanwalt'],['Rechtsanwalt'],['Rechtsanwalt'],['Advokat'],[],['Rechtsanwalt'],['Rechtsanwalt'],['Rechtsanwalt'],['Rechtsanwalt'],['Advokat'],['Rechtsanwalt'],['Rechtsanwalt'],['Rechtsanwalt'],['Rechtsanwalt'],['Rechtsanwalt']
[],['Streitgenossenschaft'],[],['Streitgenossenschaft'],['Streitgenossenschaft'],['Streitgenossenschaft'],['Streitgenossenschaft'],['Streitgenossenschaft'],['Streitgenossenschaft'],[],['Streitgenossenschaft'],['Streitgenossenschaft'],['Streitgenossenschaft'],['Streitgenossenschaft'],['Streitgenossenschaft'],['Streitgenossenschaft']
['Aufhebung'],['Aufhebung'],['Aufhebung'],['Aufhebung'],['Aufhebung'],['Aufhebung'],['Aufhebung'],['Aufhebung'],['Aufhebung'],['Aufhebung'],['Aufhebung'],['Aufhebung'],['Aufhebung'],['Aufhebung'],['Aufhebung'],['Aufhebung']
['Aufhebung'],['Aufhebung'],['Aufhebung'],['Aufhebung'],['Aufhebung'],['Aufhebung'],['Aufhebung'],['Aufhebung'],['Aufhebung'],['Aufhebung'],['Aufhebung'],['Aufhebung'],['Aufhebung'],['Aufhebung'],['Aufhebung'],['Aufhebung']
['Beitritt'],['Beitritt'],[],['Beitritt'],['Beitritt'],[],['Beitritt'],['Beitritt'],[],[],['Beitritt'],['Beitritt'],[],[],['Beitritt'],['Beitritt']
['Einlassung in das Verfahren'],['Streiteinlassung'],[],['Streiteinlassung'],['Einlassung in das Verfahren'],['Einlassung in das Verfahren'],['Streiteinlassung'],['Streiteinlassung'],['Einlassung in das Verfahren'],[],['Streiteinlassung'],['Streiteinlassung'],['Streiteinlassung'],['Einlassung in das Verfahren'],['Streiteinlassung'],['Streiteinlassung']
['Einlassung in das Verfahren'],['Einlassung in das Verfahren'],[],['Streiteinlassung'],[],[],['Streiteinlassung'],['Streiteinlassung'],['Einlassung in das Verfahren'],[],['Einlassung in das Verfahren'],['Einlassung in das Verfahren'],['Streiteinlassung'],[],['Streiteinlassung'],['Streiteinlassung']
['Spezialkurator'],['Spezialkurator'],[],['Spezialkurator'],['Spezialkurator'],[],['Spezialkurator'],['Spezialkurator'],['Spezialkurator'],[],['Spezialkurator'],['Spezialkurator'],['Spezialkurator'],['Spezialkurator'],['Spezialkurator'],['Spezialkurator']
[],[],[],[],[],[],[],[],[],[],[],[],[],[],[],[]
[],[],[],[],[],[],[],[],[],[],[],[],[],[],[],[]
['dingliches Recht'],['dingliches Recht'],['dingliches Recht'],['dingliches Recht'],['dingliches Recht'],['dingliches Recht'],['dingliches Recht'],['dingliches Recht'],['dingliches Recht'],['dingliches Recht'],['dingliches Recht'],['dingliches Recht'],['dingliches Recht'],['dingliches Recht'],['dingliches Recht'],['dingliches Recht']
['Durchführungsverordnung'],['Durchführungsverordnung'],[],['Durchführungsverordnung'],['Durchführungsverordnung'],['Durchführungsverordnung'],['Durchführungsverordnung'],['Durchführungsverordnung'],[],['Durchführungsverordnung'],['Durchführungsverordnung'],['Durchführungsverordnung'],['Durchführungsverordnung'],['Durchführungsverordnung'],['Durchführungsverordnung'],['Durchführungsverordnung']
['Hausangestellter'],['Hausangestellter'],['Hausangestellte'],['Hausangestellter'],[],[],['Hausangestellter'],['Hausangestellter'],['Hausangestellter'],[],['Hausangestellte'],['Hausangestellter'],['Hausangestellter'],[],['Hausangestellter'],['Hausangestellter']
['Kindergartenassistent'],['Kindergartenassistent'],[],['Kindergartenassistent'],"['Kindergartenassistent', 'Kindergartenassistent']",['Kindergartenassistent'],['Kindergartenassistent'],['Kindergartenassistent'],['Kindergartenassistent'],['Kindergartenassistent'],['Kindergartenassistent'],['Kindergartenassistent'],['Kindergartenassistent'],['Kindergartenassistent'],['Kindergartenassistent'],['Kindergartenassistent']
['spezialisiert Straßenwärter'],['spezialisiert Straßenwärter'],[],['spezialisiert Straßenwärter'],['spezialisiert Straßenwärter'],['spezialisiert Straßenwärter'],['spezialisiert Straßenwärter'],['spezialisiert Straßenwärter'],['spezialisiert Straßenwärter'],['spezialisiert Straßenwärter'],['spezialisiert Straßenwärter'],['spezialisiert Straßenwärter'],['spezialisiert Straßenwärter'],['spezialisiert Straßenwärter'],['spezialisiert Straßenwärter'],['spezialisiert Straßenwärter']
['Sozialassistent'],['Sozialassistent'],[],['Sozialassistent'],['Sozialassistent'],['Sozialassistent'],['Sozialassistent'],['Sozialassistent'],['Sozialassistent'],['Sozialassistent'],['Sozialassistent'],['Sozialassistent'],['Sozialassistent'],['Sozialassistent'],['Sozialassistent'],['Sozialassistent']
['Werbeassistent'],['Werbesachbearbeiter'],['Werbeassistent'],['Werbeassistent'],['Werbeassistent'],['Werbeassistent'],['Werbeassistent'],['Werbeassistent'],['Werbeassistent'],['Werbeassistent'],['Werbeassistent'],[],['Werbeassistent'],['Werbeassistent'],['Werbeassistent'],['Werbeassistent']
[],['Freiberufler'],[],[],[],['Freiberufler'],[],[],[],['Freiberufler'],['Freiberufler'],[],['Freiberufler'],['Freiberufler'],[],[]
['Disziplinarstrafe'],['Disziplinarstrafe'],['Disziplinarmaßnahme'],['Disziplinarmaßnahme'],['Disziplinarstrafe'],['Disziplinarstrafe'],['Disziplinarstrafe'],['Disziplinarmaßnahme'],['Disziplinarstrafe'],['Disziplinarstrafe'],['Disziplinarstrafe'],['Disziplinarstrafe'],['Disziplinarstrafe'],['Disziplinarstrafe'],['Disziplinarmaßnahme'],['Disziplinarstrafe']
['Ministerrat'],['Ministerrat'],['Ministerrat'],['Ministerrat'],['Ministerrat'],['Ministerrat'],['Ministerrat'],['Ministerrat'],['Ministerrat'],['Ministerrat'],['Ministerrat'],['Ministerrat'],['Ministerrat'],['Ministerrat'],['Ministerrat'],['Ministerrat']
[],[],[],[],[],[],[],[],[],[],[],[],[],[],[],[]
['Gemeinde'],['Gemeinde'],['Gemeinde'],['Gemeinde'],['Gemeinde'],['Gemeinde'],['Gemeinde'],['Gemeinde'],['Gemeinde'],['Gemeinde'],['Gemeinde'],['Gemeinde'],['Gemeinde'],['Gemeinde'],['Gemeinde'],['Gemeinde']
['Gemeinderat'],['Gemeinderat'],"['Gemeinderat', 'Gemeinderat']",['Gemeinderat'],['Gemeinderat'],['Gemeinderat'],['Gemeinderat'],['Gemeinderat'],['Gemeinderat'],['Gemeinderat'],['Gemeinderat'],['Gemeinderat'],['Gemeinderat'],['Gemeinderat'],['Gemeinderat'],['Gemeinderat']
['Bürgermeister'],['Bürgermeister'],['Bürgermeister'],['Bürgermeister'],['Bürgermeister'],['Bürgermeister'],['Bürgermeister'],['Bürgermeister'],['Bürgermeister'],['Bürgermeister'],['Bürgermeister'],['Bürgermeister'],['Bürgermeister'],['Bürgermeister'],['Bürgermeister'],['Bürgermeister']
['Gemeindeausschuss'],['Gemeindeausschuss'],[],['Gemeindeausschuss'],['Gemeindeausschuss'],['Gemeindeausschuss'],['Gemeindeausschuss'],['Gemeindeausschuss'],['Gemeindeausschuss'],['Gemeindeausschuss'],['Gemeindeausschuss'],['Gemeindeausschuss'],['Gemeindeausschuss'],['Gemeindeausschuss'],['Gemeindeausschuss'],['Gemeindeausschuss']
['Gemeindereferent'],['Gemeindereferent'],[],['Gemeindereferent'],['Gemeindeassessor'],[],['Gemeindereferent'],['Gemeindereferent'],['Gemeindereferent'],['Gemeindeassessor'],['Gemeindereferent'],['Gemeindereferent'],['Gemeindereferent'],[],['Gemeindereferent'],['Gemeindereferent']
['Gemeindereferent'],['Gemeindereferent'],[],['Gemeindereferent'],[],['Gemeindereferent'],['Gemeindereferent'],['Gemeindereferent'],['Gemeindereferent'],['Gemeindeassessor'],['Gemeindereferent'],['Gemeindereferent'],['Gemeindereferent'],[],['Gemeindereferent'],['Gemeindereferent']
[],[],[],['Gemeinderatsmitglied'],['Gemeinderat'],[],['Gemeinderat'],['Gemeinderatsmitglied'],[],[],[],['Gemeinderat'],[],[],['Gemeinderat'],['Gemeinderat']
['Satzungsautonomie'],['Satzungsautonomie'],[],['Satzungsautonomie'],['Satzungsautonomie'],['Satzungsautonomie'],['Satzungsautonomie'],['Satzungsautonomie'],[],[],['Satzungsautonomie'],['Satzungsautonomie'],['Satzungsautonomie'],[],['Satzungsautonomie'],['Satzungsautonomie']
['Finanzautonomie'],[],[],[],[],['Finanzautonomie'],[],[],[],[],[],[],[],[],[],[]
['Geschäftsbereich'],['Geschäftsbereich'],[],[],[],[],['Geschäftsbereich'],[],['Geschäftsbereich'],[],[],['Geschäftsbereich'],[],[],[],['Geschäftsbereich']
[],[],['Gesellschaftsanteil'],[],['Gesellschaftsanteil'],['Gesellschaftsanteil'],[],[],['Gesellschaftsanteil'],['Gesellschaftsanteil'],[],['Gesellschaftsanteil'],[],['Anteil'],[],[]
[],[],[],[],[],[],[],[],[],[],[],[],[],[],[],[]
['Verwalter'],['Verwalter'],[],['Verwalter'],['Verwalter'],['Verwalter'],['Verwalter'],['Verwalter'],['Verwalter'],['Verwalter'],['Verwalter'],['Verwalter'],['Verwalter'],['Verwalter'],['Verwalter'],['Verwalter']
['Verwalter'],['Verwalter'],['Geschäftsführer'],['Verwalter'],['Verwalter'],['Verwalter'],['Verwalter'],['Verwalter'],['Verwalter'],['Verwalter'],['Verwalter'],['Verwalter'],['Verwalter'],['Verwalter'],['Verwalter'],['Verwalter']
"['Verwalter', 'Verwalter der Gesellschaft']","['Verwalter', 'Verwalter der Gesellschaft']",[],"['Verwalter', 'Verwalter der Gesellschaft']","['Verwalter', 'Verwalter der Gesellschaft']","['Verwalter', 'Verwalter der Gesellschaft']","['Verwalter', 'Verwalter der Gesellschaft']","['Verwalter', 'Verwalter der Gesellschaft']","['Verwalter', 'Verwalter der Gesellschaft']","['Verwalter', 'Verwalter der Gesellschaft']","['Verwalter', 'Verwalter der Gesellschaft']","['Verwalter', 'Verwalter der Gesellschaft']","['Verwalter', 'Verwalter der Gesellschaft']","['Verwalter', 'Verwalter der Gesellschaft']","['Verwalter', 'Verwalter der Gesellschaft']","['Verwalter', 'Verwalter der Gesellschaft']"
['Bevollmächtigter'],[],[],['Bevollmächtigter'],['Bevollmächtigter'],[],['Bevollmächtigter'],['Bevollmächtigter'],[],[],['Bevollmächtigter'],['Bevollmächtigter'],['Bevollmächtigter'],[],['Bevollmächtigter'],['Bevollmächtigter']
['Gewinn- und Verlustrechnung'],['Gewinn- und Verlustrechnung'],['Gewinn- und Verlustrechnung'],['Gewinn- und Verlustrechnung'],['Gewinn- und Verlustrechnung'],[],['Gewinn- und Verlustrechnung'],['Gewinn- und Verlustrechnung'],['Gewinn- und Verlustrechnung'],[],['Gewinn- und Verlustrechnung'],['Gewinn- und Verlustrechnung'],['Gewinn- und Verlustrechnung'],['Gewinn- und Verlustrechnung'],['Gewinn- und Verlustrechnung'],['Gewinn- und Verlustrechnung']
['Gewinn- und Verlustrechnung'],['Gewinn- und Verlustrechnung'],['Gewinn- und Verlustrechnung'],['Gewinn- und Verlustrechnung'],['Gewinn- und Verlustrechnung'],['Gewinn- und Verlustrechnung'],['Gewinn- und Verlustrechnung'],['Gewinn- und Verlustrechnung'],['Gewinn- und Verlustrechnung'],['Gewinn- und Verlustrechnung'],['Gewinn- und Verlustrechnung'],['Gewinn- und Verlustrechnung'],['Gewinn- und Verlustrechnung'],['Gewinn- und Verlustrechnung'],['Gewinn- und Verlustrechnung'],['Gewinn- und Verlustrechnung']
['Auftrag'],['Auftrag'],[],['Auftrag'],['Auftrag'],['Auftrag'],['Auftrag'],['Auftrag'],['Auftrag'],['Auftrag'],['Auftrag'],['Auftrag'],['Auftrag'],['Auftrag'],['Auftrag'],['Auftrag']
[],[],[],[],[],[],[],[],[],[],[],[],[],[],[],[]
"['Gesellschaft mit beschränkter Haftung', 'GmbH']",['Gesellschaft mit beschränkter Haftung'],[],['Gesellschaft mit beschränkter Haftung'],['Gesellschaft mit beschränkter Haftung'],['Gesellschaft mit beschränkt Haftung'],['Gesellschaft mit beschränkter Haftung'],['Gesellschaft mit beschränkter Haftung'],['GmbH'],['Gesellschaft mit beschränkter Haftung'],['Gesellschaft mit beschränkter Haftung'],['Gesellschaft mit beschränkter Haftung'],['Gesellschaft mit beschränkter Haftung'],['Gesellschaft mit beschränkter Haftung'],['Gesellschaft mit beschränkter Haftung'],['Gesellschaft mit beschränkter Haftung']
['Volksabstimmung'],['Volksabstimmung'],['Referendum'],['Volksabstimmung'],['Volksabstimmung'],['Volksbefragung'],['Volksabstimmung'],['Volksabstimmung'],['Volksabstimmung'],['Volksbefragung'],['Volksabstimmung'],['Volksabstimmung'],['Volksabstimmung'],['Volksabstimmung'],['Volksabstimmung'],['Volksabstimmung']
['Referendum'],['Volksabstimmung'],['Referendum'],['Volksabstimmung'],['Volksabstimmung'],['Volksbefragung'],['Volksabstimmung'],['Volksabstimmung'],['Volksabstimmung'],['Volksabstimmung'],['Volksabstimmung'],['Volksabstimmung'],['Volksabstimmung'],['Referendum'],['Volksabstimmung'],['Volksabstimmung']
['Volksabstimmung'],['Volksabstimmung'],[],['Volksbefragung'],['Volksabstimmung'],['Volksbefragung'],['Volksbefragung'],['Volksbefragung'],['Volksbefragung'],['Volksabstimmung'],['Volksbefragung'],['Volksabstimmung'],['Volksabstimmung'],[],['Volksbefragung'],['Volksabstimmung']
['Verwaltungsstrafe'],['Verwaltungsstrafe'],['Verwaltungsstrafe'],['Verwaltungsstrafe'],['Verwaltungsstrafe'],['Verwaltungsstrafe'],['Verwaltungsstrafe'],['Verwaltungsstrafe'],['Verwaltungsstrafe'],['Verwaltungsstrafe'],['Verwaltungsstrafe'],['Verwaltungsstrafe'],['Verwaltungsstrafe'],['Verwaltungsstrafe'],['Verwaltungsstrafe'],['Verwaltungsstrafe']
['selbstbearbeitend Bauer'],['Selbstbebauer'],[],['Selbstbebauer'],['Selbstbebauer'],[],['Selbstbebauer'],['Selbstbebauer'],['Selbstbebauer'],[],['Selbstbebauer'],[],['Selbstbebauer'],[],['Selbstbebauer'],['Selbstbebauer']
['Adoption'],['Adoption'],['Adoption'],['Adoption'],['Adoption'],['Adoption'],['Adoption'],['Adoption'],['Adoption'],['Adoption'],['Adoption'],['Adoption'],['Adoption'],['Adoption'],['Adoption'],['Adoption']
[],[],[],[],[],[],[],[],[],[],[],[],['Überlassung zur adoptionsvorbereitenden Betreuung'],[],[],[]
['Beitritt'],[],['Beitritt'],['Beitritt'],[],['Beitritt'],[],['Beitritt'],[],['Beitritt'],[],[],['Beitritt'],['Beitritt'],['Beitritt'],['Beitritt']
"['Vormund', 'Vormund']","['Vormund', 'Vormund']","['Vormund', 'Vormund']","['Vormund', 'Vormund']","['Vormund', 'Vormund']","['Vormund', 'Vormund']","['Vormund', 'Vormund']","['Vormund', 'Vormund']","['Vormund', 'Vormund']","['Vormund', 'Vormund']","['Vormund', 'Vormund']","['Vormund', 'Vormund']","['Vormund', 'Vormund']","['Vormund', 'Vormund']","['Vormund', 'Vormund']","['Vormund', 'Vormund']"
['gesetzlich Zins'],['gesetzlich Zins'],['gesetzlich Zins'],['gesetzlich Zins'],['gesetzlich Zins'],['gesetzlich Zins'],['gesetzlich Zins'],['gesetzlich Zins'],['gesetzlich Zins'],['gesetzlich Zins'],['gesetzlich Zins'],['gesetzlich Zins'],['gesetzlich Zins'],['gesetzlich Zins'],['gesetzlich Zins'],['gesetzlich Zins']
['Verordnung'],['Verordnung'],['Verordnung'],['Verordnung'],['Verordnung'],['Verordnung'],['Verordnung'],['Verordnung'],['Verordnung'],['Verordnung'],['Verordnung'],['Verordnung'],['Verordnung'],['Verordnung'],['Verordnung'],['Verordnung']
['Diskontsatz'],['Diskontsatz'],[],['Diskontsatz'],['Diskontsatz'],['Diskontsatz'],['Diskontsatz'],['Diskontsatz'],['Diskontsatz'],['Diskontsatz'],['Diskontsatz'],['Diskontsatz'],['Diskontsatz'],['Diskontsatz'],['Diskontsatz'],['Diskontsatz']
[],['Raiffeisenkasse'],[],['Raiffeisenkasse'],[],[],['Raiffeisenkasse'],['Raiffeisenkasse'],['Raiffeisenkasse'],[],['Raiffeisenkasse'],['Raiffeisenkasse'],['Raiffeisenkasse'],[],['Raiffeisenkasse'],['Raiffeisenkasse']
"['Forderung', 'Forderung']","['Forderung', 'Forderung']","['Forderung', 'Forderung']","['Forderung', 'Forderung']","['Forderung', 'Forderung']","['Forderung', 'Forderung']","['Forderung', 'Forderung']","['Forderung', 'Forderung']","['Forderung', 'Forderung']","['Forderung', 'Forderung']","['Forderung', 'Forderung']","['Forderung', 'Forderung']","['Forderung', 'Forderung']","['Forderung', 'Forderung']","['Forderung', 'Forderung']","['Forderung', 'Forderung']"
['Zivilgesetzbuch'],['Zivilgesetzbuch'],['Zivilgesetzbuch'],['Zivilgesetzbuch'],['Zivilgesetzbuch'],['Zivilgesetzbuch'],['Zivilgesetzbuch'],['Zivilgesetzbuch'],['Zivilgesetzbuch'],['Zivilgesetzbuch'],['Zivilgesetzbuch'],['Zivilgesetzbuch'],['Zivilgesetzbuch'],['Zivilgesetzbuch'],['Zivilgesetzbuch'],['Zivilgesetzbuch']
['Entlohnung'],['Entlohnung'],[],['Entlohnung'],['Entlohnung'],['Entlohnung'],['Entlohnung'],['Entlohnung'],['Entlohnung'],['Entlohnung'],['Entlohnung'],['Entlohnung'],['Entlohnung'],['Entlohnung'],['Entlohnung'],[]
['Entlohnung'],['Entlohnung'],[],['Entlohnung'],['Vergütung'],['Vergütung'],['Entlohnung'],['Entlohnung'],['Entlohnung'],['Entlohnung'],['Entlohnung'],['Vergütung'],['Entlohnung'],['Entlohnung'],['Entlohnung'],['Entlohnung']
['Wohnsitzbescheinigung'],['Wohnsitzbescheinigung'],['Wohnsitzbescheinigung'],['Wohnsitzbescheinigung'],['Wohnsitzbescheinigung'],['Wohnsitzbescheinigung'],['Wohnsitzbescheinigung'],['Wohnsitzbescheinigung'],['Wohnsitzbescheinigung'],['Wohnsitzbescheinigung'],['Wohnsitzbescheinigung'],['Wohnsitzbescheinigung'],['Wohnsitzbescheinigung'],['Wohnsitzbescheinigung'],['Wohnsitzbescheinigung'],['Wohnsitzbescheinigung']
[],[],['Wohnsitzbescheinigung'],['Wohnsitzbescheinigung'],['Wohnsitzbescheinigung'],[],['Wohnsitzbescheinigung'],['Wohnsitzbescheinigung'],['Wohnsitzbescheinigung'],['Wohnsitzbescheinigung'],['Wohnsitzbescheinigung'],['Wohnsitzbescheinigung'],['Wohnsitzbescheinigung'],[],['Wohnsitzbescheinigung'],['Wohnsitzbescheinigung']
[],['Staatsbürgerschaftsnachweis'],[],['Staatsbürgerschaftsnachweis'],['Staatsbürgerschaftsnachweis'],[],['Staatsbürgerschaftsnachweis'],['Staatsbürgerschaftsnachweis'],['Staatsbürgerschaftsbescheinigung'],[],[],['Staatsbürgerschaftsnachweis'],[],['Staatsbürgerschaftsbescheinigung'],[],['Staatsbürgerschaftsnachweis']
['Handwerksunternehmen'],['Handwerksunternehmen'],[],['Handwerksunternehmen'],['Handwerksunternehmen'],['Handwerksunternehmen'],['Handwerksunternehmen'],['Handwerksunternehmen'],['Handwerksunternehmen'],['Handwerksunternehmen'],['Handwerksunternehmen'],['Handwerksunternehmen'],['Handwerksunternehmen'],['Handwerksunternehmen'],['Handwerksunternehmen'],['Handwerksunternehmen']
['Handwerksunternehmen'],['Handwerksunternehmen'],['Handwerksunternehmen'],['Handwerksunternehmen'],['Handwerksunternehmen'],['Handwerksunternehmen'],['Handwerksunternehmen'],['Handwerksunternehmen'],['Handwerksunternehmen'],['Handwerksunternehmen'],['Handwerksunternehmen'],['Handwerksunternehmen'],['Handwerksunternehmen'],['Handwerksunternehmen'],['Handwerksunternehmen'],['Handwerksunternehmen']
['Schiedsvertrag'],['Schiedsvertrag'],[],['Schiedsvertrag'],['Schiedsvertrag'],['Schiedsvertrag'],['Schiedsvertrag'],['Schiedsvertrag'],['Schiedsvertrag'],[],['Schiedsvertrag'],['Schiedsvertrag'],['Schiedsvertrag'],['Schiedsvertrag'],['Schiedsvertrag'],['Schiedsvertrag']
['Versicherung gegen Arbeitsunfälle und Berufskrankheiten'],['Versicherung gegen Arbeitsunfälle und Berufskrankheiten'],['Versicherung gegen Arbeitsunfälle und Berufskrankheiten'],['Versicherung gegen Arbeitsunfälle und Berufskrankheiten'],['Versicherung gegen Arbeitsunfälle und Berufskrankheiten'],['Versicherung gegen Arbeitsunfälle und Berufskrankheiten'],['Versicherung gegen Arbeitsunfälle und Berufskrankheiten'],['Versicherung gegen Arbeitsunfall und Berufskrankheit'],['Versicherung gegen Arbeitsunfälle und Berufskrankheiten'],['Versicherung gegen Arbeitsunfälle und Berufskrankheiten'],['Versicherung gegen Arbeitsunfälle und Berufskrankheiten'],['Versicherung gegen Arbeitsunfälle und Berufskrankheiten'],['Versicherung gegen Arbeitsunfälle und Berufskrankheiten'],['Versicherung gegen Arbeitsunfälle und Berufskrankheiten'],['Versicherung gegen Arbeitsunfall und Berufskrankheit'],['Versicherung gegen Arbeitsunfall und Berufskrankheit']
['Domizil'],['Domizil'],[],['Domizil'],['Domizil'],['Domizil'],['Domizil'],['Domizil'],['Domizil'],['Domizil'],['Domizil'],['Domizil'],['Domizil'],['Domizil'],['Domizil'],['Domizil']
['Staatenlose'],['Staatenlose'],['Staatenlose'],['Staatenlose'],['Staatenlose'],['Staatenlose'],['Staatenlose'],['Staatenlose'],['Staatenlose'],[],['Staatenlose'],['Staatenlose'],['Staatenlose'],['Staatenlose'],['Staatenlose'],['Staatenlose']
"['Staatsbürgerschaft', 'Staatsbürgerschaft', 'Staatsbürgerschaft']","['Staatsbürgerschaft', 'Staatsbürgerschaft', 'Staatsbürgerschaft']",[],"['Staatsbürgerschaft', 'Staatsbürgerschaft', 'Staatsbürgerschaft']","['Staatsbürgerschaft', 'Staatsbürgerschaft', 'Staatsbürgerschaft']","['Staatsbürgerschaft', 'Staatsbürgerschaft', 'Staatsbürgerschaft']","['Staatsbürgerschaft', 'Staatsbürgerschaft', 'Staatsbürgerschaft']","['Staatsbürgerschaft', 'Staatsbürgerschaft', 'Staatsbürgerschaft']","['Staatsbürgerschaft', 'Staatsbürgerschaft', 'Staatsbürgerschaft']","['Staatsbürgerschaft', 'Staatsbürgerschaft', 'Staatsbürgerschaft']","['Staatsbürgerschaft', 'Staatsbürgerschaft', 'Staatsbürgerschaft']","['Staatsbürgerschaft', 'Staatsbürgerschaft', 'Staatsbürgerschaft']","['Staatsbürgerschaft', 'Staatsbürgerschaft', 'Staatsbürgerschaft']","['Staatsbürgerschaft', 'Staatsbürgerschaft', 'Staatsbürgerschaft']","['Staatsbürgerschaft', 'Staatsbürgerschaft', 'Staatsbürgerschaft']","['Staatsbürgerschaft', 'Staatsbürgerschaft', 'Staatsbürgerschaft']"
['ausländische Verfügung'],['ausländische Verfügung'],['ausländische Verfügung'],['ausländische Verfügung'],['ausländische Verfügung'],['ausländische Verfügung'],['ausländische Verfügung'],['ausländische Verfügung'],['ausländische Verfügung'],['ausländische Verfügung'],['ausländische Verfügung'],['ausländische Verfügung'],['ausländische Verfügung'],['ausländische Verfügung'],['ausländische Verfügung'],['ausländische Verfügung']
"['elterlich Gewalt', 'elterlich Gewalt']","['elterlich Gewalt', 'elterlich Gewalt']",[],"['elterlich Gewalt', 'elterlich Gewalt']","['elterlich Gewalt', 'elterlich Gewalt']","['elterlich Gewalt', 'elterlich Gewalt']","['elterlich Gewalt', 'elterlich Gewalt']",['elterlich Gewalt'],"['elterlich Gewalt', 'elterlich Gewalt']",[],"['elterlich Gewalt', 'elterlich Gewalt']",['elterlich Gewalt'],"['elterlich Gewalt', 'elterlich Gewalt']","['elterlich Gewalt', 'elterlich Gewalt']","['elterlich Gewalt', 'elterlich Gewalt']",['elterlich Gewalt']
['Abstammung'],['Abstammung'],[],['Abstammung'],['Abstammung'],['Abstammung'],['Abstammung'],['Abstammung'],['Abstammung'],['Abstammung'],['Abstammung'],['Abstammung'],['Abstammung'],['Abstammung'],['Abstammung'],['Abstammung']
['Rechtsvorschrift'],[],['Rechtsvorschrift'],[],['Rechtsvorschrift'],['Rechtsvorschrift'],[],[],['Rechtsvorschrift'],['Rechtsvorschrift'],['Rechtsvorschrift'],['Rechtsvorschrift'],[],['Rechtsvorschrift'],[],[]
['Rechtsvorschrift'],['Rechtsvorschrift'],[],['Rechtsvorschrift'],['Rechtsvorschrift'],['Rechtsvorschrift'],['Rechtsvorschrift'],['Rechtsvorschrift'],['Rechtsvorschrift'],['Rechtsvorschrift'],['Rechtsvorschrift'],['Rechtsvorschrift'],['Rechtsvorschrift'],['Rechtsvorschrift'],['Rechtsvorschrift'],['Rechtsvorschrift']
['unerlaubt Handlung'],['unerlaubt Handlung'],[],['unerlaubt Handlung'],['unerlaubt Handlung'],['unerlaubt Handlung'],['unerlaubt Handlung'],['unerlaubt Handlung'],['unerlaubt Handlung'],[],['unerlaubt Handlung'],['unerlaubt Handlung'],['unerlaubt Handlung'],['unerlaubt Handlung'],['unerlaubt Handlung'],['unerlaubt Handlung']
"['Trennung', 'Trennung', 'Trennung', 'Trennung']","['Trennung', 'Trennung', 'Trennung', 'Trennung']","['Trennung', 'Trennung', 'Trennung', 'Trennung']","['Trennung', 'Trennung', 'Trennung', 'Trennung']","['Trennung', 'Trennung', 'Trennung']","['Trennung', 'Trennung', 'Trennung', 'Trennung']","['Trennung', 'Trennung', 'Trennung', 'Trennung']","['Trennung', 'Trennung', 'Trennung', 'Trennung']","['Trennung', 'Trennung', 'Trennung', 'Trennung']","['Trennung', 'Trennung', 'Trennung', 'Trennung']","['Trennung', 'Trennung', 'Trennung', 'Trennung']","['Trennung', 'Trennung', 'Trennung', 'Trennung']","['Trennung', 'Trennung', 'Trennung', 'Trennung']","['Trennung', 'Trennung']","['Trennung', 'Trennung', 'Trennung', 'Trennung']","['Trennung', 'Trennung', 'Trennung', 'Trennung']"
['persönlich Rechtsverhältnis'],['persönlich Rechtsverhältnis'],[],['persönlich Rechtsverhältnis'],['persönlich Rechtsverhältnis'],[],['persönlich Rechtsverhältnis'],['persönlich Rechtsverhältnis'],['persönlich Rechtsverhältnis'],[],['persönlich Rechtsverhältnis'],[],['persönlich Rechtsverhältnis'],['persönlich Rechtsverhältnis'],['persönlich Rechtsverhältnis'],['persönlich Rechtsverhältnis']
[],[],[],[],[],[],[],[],[],[],[],[],[],[],[],[]
['Schutz von Minderjährigen'],['Schutz von Minderjährigen'],['Schutz von Minderjährigen'],['Schutz von Minderjährigen'],['Schutz von Minderjährigen'],['Schutz der Minderjährigen'],['Schutz von Minderjährigen'],['Schutz von Minderjährigen'],['Schutz von Minderjährigen'],['Schutz der Minderjährigen'],['Schutz von Minderjährigen'],['Schutz der Minderjährigen'],['Schutz von Minderjährigen'],[],['Schutz von Minderjährigen'],['Schutz von Minderjährigen']
['Staatspolizei'],['Staatspolizei'],['Staatspolizei'],['Staatspolizei'],['Staatspolizei'],['Staatspolizei'],['Staatspolizei'],['Staatspolizei'],['Staatspolizei'],['Staatspolizei'],['Staatspolizei'],['Staatspolizei'],"['Staatspolizei', 'Staatspolizei']",['Staatspolizei'],['Staatspolizei'],['Staatspolizei']
['Grundschule'],['Grundschule'],[],['Grundschule'],['Grundschule'],[],['Grundschule'],['Grundschule'],['Grundschule'],[],['Grundschule'],['Grundschule'],['Grundschule'],['Grundschule'],['Grundschule'],['Grundschule']
['Verteidiger'],['Verteidiger'],['Verteidiger'],['Verteidiger'],['Verteidiger'],['Verteidiger'],['Verteidiger'],['Verteidiger'],['Verteidiger'],['Verteidiger'],['Verteidiger'],['Verteidiger'],['Verteidiger'],['Verteidiger'],['Verteidiger'],['Verteidiger']
['Amtsverteidiger'],['Amtsverteidiger'],[],['Amtsverteidiger'],['Amtsverteidiger'],['Amtsverteidiger'],['Amtsverteidiger'],['Amtsverteidiger'],['Amtsverteidiger'],['Amtsverteidiger'],['Amtsverteidiger'],['Amtsverteidiger'],['Amtsverteidiger'],['Amtsverteidiger'],['Amtsverteidiger'],['Amtsverteidiger']
['Amtssachverständiger'],['Amtssachverständiger'],['Sachverständiger'],['Amtssachverständiger'],['Amtssachverständiger'],['Amtssachverständiger'],['Amtssachverständiger'],['Amtssachverständiger'],['Amtssachverständiger'],['Amtssachverständiger'],['Amtssachverständiger'],['Amtssachverständiger'],['Amtssachverständiger'],['Amtssachverständiger'],['Amtssachverständiger'],['Amtssachverständiger']
"['Amtssachverständiger', 'Sachverständiger']",['Sachverständiger'],['Sachverständiger'],['Sachverständiger'],"['Amtssachverständiger', 'Sachverständiger']",['Sachverständiger'],['Sachverständiger'],['Sachverständiger'],"['Amtssachverständiger', 'Sachverständiger']","['Amtssachverständiger', 'Sachverständiger']",['Sachverständiger'],[],['Sachverständiger'],['Amtssachverständiger'],['Sachverständiger'],['Sachverständiger']
['Zivilpartei'],['Zivilpartei'],['Zivilpartei'],['Zivilpartei'],['Zivilpartei'],['Zivilpartei'],['Zivilpartei'],['Zivilpartei'],['Zivilpartei'],['Zivilpartei'],['Zivilpartei'],['Zivilpartei'],['Zivilpartei'],['Zivilpartei'],['Zivilpartei'],['Zivilpartei']
['Unvereinbarkeit'],['Unvereinbarkeit'],['Unvereinbarkeit'],['Unvereinbarkeit'],['Unvereinbarkeit'],['Unvereinbarkeit'],['Unvereinbarkeit'],['Unvereinbarkeit'],['Unvereinbarkeit'],['Unvereinbarkeit'],['Unvereinbarkeit'],['Unvereinbarkeit'],['Unvereinbarkeit'],['Unvereinbarkeit'],['Unvereinbarkeit'],['Unvereinbarkeit']
['Vollstreckung'],['Vollstreckung'],[],['Vollstreckung'],['Vollstreckung'],[],['Vollstreckung'],['Vollstreckung'],['Vollstreckung'],['Vollstreckung'],['Vollstreckung'],['Vollstreckung'],['Vollstreckung'],['Vollstreckung'],['Vollstreckung'],['Vollstreckung']
['Reisepass'],[],[],['Reisepass'],[],[],['Reisepass'],['Reisepass'],['Reisepass'],[],['Reisepass'],['Reisepass'],['Reisepass'],['Reisepass'],['Reisepass'],['Reisepass']
['Person'],['Person'],['Person'],['Person'],['Person'],['Person'],['Person'],['Person'],['Person'],['Person'],['Person'],['Person'],['Person'],['Person'],['Person'],['Person']
['Anhaltung'],['Anhaltung'],[],['Anhaltung'],[],['Anhaltung'],['Anhaltung'],['Anhaltung'],['Anhaltung'],['Anhaltung'],['Anhaltung'],['Anhaltung'],['Anhaltung'],['Anhaltung'],['Anhaltung'],['Anhaltung']
['Erbschaft'],['Erbschaft'],[],['Erbschaft'],['Erbschaft'],['Erbschaft'],['Erbschaft'],['Erbschaft'],['Erbschaft'],['Erbschaft'],['Erbschaft'],['Erbschaft'],['Erbschaft'],['Erbschaft'],['Erbschaft'],['Erbschaft']
['Erbschaft'],['Erbschaft'],[],['Erbschaft'],['Erbschaft'],['Erbschaft'],['Erbschaft'],['Erbschaft'],['Erbschaft'],['Erbschaft'],['Erbschaft'],['Erbschaft'],['Erbschaft'],['Erbschaft'],['Erbschaft'],['Erbschaft']
[],[],[],[],[],[],[],[],[],[],[],[],[],[],[],[]
['Erbteilung'],['Erbteilung'],[],['Erbteilung'],['Erbteilung'],['Erbteilung'],['Erbteilung'],['Erbteilung'],['Erbteilung'],['Erbteilung'],['Erbteilung'],['Erbteilung'],['Erbteilung'],['Erbteilung'],['Erbteilung'],['Erbteilung']
['Teilung der Erbschaft'],['Teilung der Erbschaft'],[],['Teilung der Erbschaft'],['Teilung der Erbschaft'],['Teilung der Erbschaft'],['Teilung der Erbschaft'],['Teilung der Erbschaft'],['Teilung der Erbschaft'],['Teilung der Erbschaft'],['Teilung der Erbschaft'],['Teilung der Erbschaft'],['Teilung der Erbschaft'],['Teilung der Erbschaft'],['Teilung der Erbschaft'],['Teilung der Erbschaft']
[],[],[],['Berichtigung inhaltlicher Fehler'],[],[],[],['Berichtigung inhaltlicher Fehler'],[],[],[],[],[],[],['Berichtigung inhaltlicher Fehler'],[]
['Strafregister'],['Strafregister'],['Strafregister'],['Strafregister'],['Strafregister'],['Strafregister'],['Strafregister'],['Strafregister'],[],['Strafregister'],['Strafregister'],['Strafregister'],['Strafregister'],['Strafregister'],['Strafregister'],['Strafregister']
[],[],[],[],[],[],[],[],[],[],[],[],[],[],[],[]
[],[],[],['Leibesvisitation'],[],[],['Leibesvisitation'],['Leibesvisitation'],[],[],[],[],[],[],['Leibesvisitation'],['Leibesvisitation']
[],['Wiedereinsetzung in die früheren Rechte'],[],['Wiedereinsetzung in die früheren Rechte'],[],[],['Wiedereinsetzung in die früheren Rechte'],['Wiedereinsetzung in die früheren Rechte'],[],[],['Wiedereinsetzung in die früheren Rechte'],['Wiedereinsetzung in die früheren Rechte'],['Wiedereinsetzung in die früheren Rechte'],[],['Wiedereinsetzung in die früheren Rechte'],['Wiedereinsetzung in die früheren Rechte']
[],[],[],['Dekret auf Einleitung des Hauptverfahrens'],[],[],['Dekret auf Einleitung des Hauptverfahrens'],['Dekret auf Einleitung des Hauptverfahrens'],[],[],['Dekret auf Einleitung des Hauptverfahrens'],['Dekret auf Einleitung des Hauptverfahrens'],['Dekret auf Einleitung des Hauptverfahrens'],[],['Dekret auf Einleitung des Hauptverfahrens'],['Dekret auf Einleitung des Hauptverfahrens']
['Testament'],['Testament'],['Testament'],['Testament'],['Testament'],['Testament'],['Testament'],['Testament'],['Testament'],['Testament'],['Testament'],['Testament'],['Testament'],['Testament'],['Testament'],['Testament']
['Vermächtnis'],['Vermächtnis'],['Vermächtnis'],['Vermächtnis'],['Vermächtnis'],['Vermächtnis'],['Vermächtnis'],['Vermächtnis'],['Vermächtnis'],['Vermächtnis'],['Vermächtnis'],['Vermächtnis'],['Vermächtnis'],['Vermächtnis'],['Vermächtnis'],['Vermächtnis']
[],[],[],[],[],[],[],[],[],[],[],[],[],[],[],[]
[],[],['Satzung'],[],[],[],['Satzung'],[],[],[],[],[],[],[],[],['Satzung']
['beweglich Sache'],['beweglich Sache'],[],['beweglich Sache'],['beweglich Sache'],['beweglich Sache'],['beweglich Sache'],['beweglich Sache'],['beweglich Sache'],['beweglich Sache'],['beweglich Sache'],['beweglich Sache'],['beweglich Sache'],['beweglich Sache'],['beweglich Sache'],['beweglich Sache']
[],['Gesamtsache'],[],[],[],[],[],[],[],[],[],[],[],[],[],[]
['natürlich Früchte'],['natürlich Früchte'],['natürlich Früchte'],['natürlich Früchte'],['natürlich Früchte'],['natürlich Früchte'],['natürlich Früchte'],['natürlich Früchte'],['natürlich Früchte'],['natürlich Früchte'],['natürlich Früchte'],['natürlich Früchte'],['natürlich Früchte'],['natürlich Früchte'],['natürlich Früchte'],['natürlich Früchte']
['Zivilfrüchte'],['Zivilfrüchte'],[],['Zivilfrüchte'],[],['Zivilfrüchte'],['Zivilfrüchte'],['Zivilfrüchte'],['Zivilfrüchte'],['Zivilfrüchte'],['Zivilfrüchte'],['Zivilfrüchte'],['Zivilfrüchte'],[],['Zivilfrüchte'],['Zivilfrüchte']
['Erwerb'],['Erwerb'],[],['Erwerb'],['Erwerb'],['Erwerb'],['Erwerb'],['Erwerb'],['Erwerb'],['Erwerb'],['Erwerb'],['Erwerb'],['Erwerb'],[],['Erwerb'],['Erwerb']
[],['Absonderung'],[],['Absonderung'],[],[],['Absonderung'],['Absonderung'],[],[],['Absonderung'],[],['Absonderung'],[],['Absonderung'],['Absonderung']
['Rechtsstellung'],['rechtliche Stellung'],['Rechtsstellung'],['rechtliche Stellung'],['Rechtsstellung'],['rechtliche Stellung'],['Rechtsstellung'],['rechtliche Stellung'],['rechtliche Stellung'],[],['Rechtsstellung'],['rechtliche Stellung'],['Rechtsstellung'],['rechtliche Stellung'],['Rechtsstellung'],['Rechtsstellung']
[],[],['Rechtsstellung'],['Rechtsstellung'],['Rechtsstellung'],['Rechtsstellung'],['Rechtsstellung'],['Rechtsstellung'],['Rechtsstellung'],['rechtliche Stellung'],['Rechtsstellung'],['rechtliche Stellung'],['Rechtsstellung'],['Rechtsstellung'],['Rechtsstellung'],['Rechtsstellung']
['unveräußerlich'],['unveräußerlich'],['unveräußerlich'],['unveräußerlich'],['unveräußerlich'],"['unveräußerlich', 'unveräußerlich']",[],['unveräußerlich'],['unveräußerlich'],"['unveräußerlich', 'unveräußerlich']",['unveräußerlich'],['unveräußerlich'],[],"['unveräußerlich', 'unveräußerlich']",['unveräußerlich'],['unveräußerlich']
['Requirierung'],['Requirierung'],[],['Requirierung'],[],[],['Requirierung'],['Requirierung'],[],[],[],[],['Requirierung'],[],['Requirierung'],['Requirierung']
[],[],['Grundeigentum'],[],[],[],[],[],[],[],[],[],[],[],[],[]
[],[],[],[],[],[],[],[],[],[],[],[],[],[],[],[]
['Untergrund'],['Untergrund'],['Untergrund'],['Untergrund'],['Untergrund'],['Untergrund'],['Untergrund'],['Untergrund'],['Untergrund'],['Untergrund'],['Untergrund'],['Untergrund'],['Untergrund'],['Untergrund'],['Untergrund'],['Untergrund']
[],['Untergrund'],['Untergrund'],['Untergrund'],['Untergrund'],['Untergrund'],['Untergrund'],['Untergrund'],['Untergrund'],['Untergrund'],['Untergrund'],['Untergrund'],['Untergrund'],['Untergrund'],['Untergrund'],['Untergrund']
['Dienstbarkeit'],['Dienstbarkeit'],[],['Dienstbarkeit'],['Dienstbarkeit'],['Dienstbarkeit'],['Dienstbarkeit'],['Dienstbarkeit'],['Dienstbarkeit'],['Dienstbarkeit'],['Dienstbarkeit'],['Dienstbarkeit'],['Dienstbarkeit'],['Dienstbarkeit'],['Dienstbarkeit'],['Dienstbarkeit']
['Dienstbarkeit'],['Dienstbarkeit'],[],['Dienstbarkeit'],['Dienstbarkeit'],['Dienstbarkeit'],['Dienstbarkeit'],['Dienstbarkeit'],['Dienstbarkeit'],['Dienstbarkeit'],['Dienstbarkeit'],['Dienstbarkeit'],['Dienstbarkeit'],['Dienstbarkeit'],['Dienstbarkeit'],['Dienstbarkeit']
['Baugrund'],['Baugrund'],[],['Baugrund'],['Baugrund'],['Baugrund'],['Baugrund'],['Baugrund'],['Baugrund'],['Bauland'],['Baugrund'],['Baugrund'],['Baugrund'],['Baugrund'],['Baugrund'],['Baugrund']
['bebaubar Grundstück'],['Bauland'],[],"['Baugrund', 'Baugrund']",['Baugrund'],[],['Baugrund'],"['Baugrund', 'Baugrund']","['Baugrund', 'Baugrund']",['bebaubar Grundstück'],[],['Bauland'],['bebaubar Grundstück'],['bebaubar Grundstück'],"['Baugrund', 'Baugrund']","['Baugrund', 'Baugrund']"
['Baugrund'],['Baugrund'],[],['Baugrund'],['Baugrund'],['Baugrund'],['Baugrund'],['Baugrund'],['Baugrund'],['Baugrund'],['Bauland'],['Baugrund'],['Bauland'],['Baugrund'],['Bauland'],['Bauland']
"['Inhaber', 'Inhaber']","['Inhaber', 'Inhaber']",[],"['Inhaber', 'Inhaber']","['Inhaber', 'Inhaber']","['Inhaber', 'Inhaber']","['Inhaber', 'Inhaber']","['Inhaber', 'Inhaber']","['Inhaber', 'Inhaber']","['Inhaber', 'Inhaber']","['Inhaber', 'Inhaber']","['Inhaber', 'Inhaber']","['Inhaber', 'Inhaber']","['Inhaber', 'Inhaber']","['Inhaber', 'Inhaber']","['Inhaber', 'Inhaber']"
['Verbindung'],['Verbindung'],[],['Verbindung'],['Verbindung'],[],['Verbindung'],['Verbindung'],['Verbindung'],['Verbindung'],['Verbindung'],['Verbindung'],['Verbindung'],['Verbindung'],['Verbindung'],['Verbindung']
[],[],[],[],[],[],[],[],[],[],[],[],[],[],[],[]
[],['Überbaurecht'],[],[],['Überbaurecht'],[],[],[],[],[],['Überbaurecht'],['Überbaurecht'],['Überbaurecht'],[],[],[]
['Hinzufügung'],['Hinzufügung'],[],['Hinzufügung'],['Hinzufügung'],['Hinzufügung'],['Hinzufügung'],['Hinzufügung'],['Hinzufügung'],['Hinzufügung'],['Hinzufügung'],['Hinzufügung'],['Hinzufügung'],['Hinzufügung'],['Hinzufügung'],['Hinzufügung']
['Sorgfalt eines guten Familienvaters'],['Sorgfalt eines guten Familienvaters'],[],['Sorgfalt eines guten Familienvaters'],['Sorgfalt eines guten Familienvaters'],[],['Sorgfalt eines guten Familienvaters'],['Sorgfalt eines guten Familienvaters'],['Sorgfalt eines guten Familienvaters'],['Sorgfalt eines guten Familienvaters'],['Sorgfalt eines guten Familienvaters'],['Sorgfalt eines guten Familienvaters'],['Sorgfalt eines guten Familienvaters'],['Sorgfalt eines guten Familienvaters'],['Sorgfalt eines guten Familienvaters'],['Sorgfalt eines guten Familienvaters']
[],[],[],[],[],[],[],[],[],[],[],[],[],[],[],[]
['herrschend Grundstück'],['herrschend Grundstück'],[],['herrschend Grundstück'],['herrschend Grundstück'],['herrschend Grundstück'],['herrschend Grundstück'],['herrschend Grundstück'],['herrschend Grundstück'],['herrschend Grundstück'],['herrschend Grundstück'],['herrschend Grundstück'],['herrschend Grundstück'],['herrschend Grundstück'],['herrschend Grundstück'],['herrschend Grundstück']
['dienend Grundstück'],['dienend Grundstück'],[],['dienend Grundstück'],['dienend Grundstück'],['dienend Grundstück'],['dienend Grundstück'],['dienend Grundstück'],['dienend Grundstück'],['dienend Grundstück'],['dienend Grundstück'],['dienend Grundstück'],['dienend Grundstück'],['dienend Grundstück'],['dienend Grundstück'],['dienend Grundstück']
['Vereinigung'],['Vereinigung'],[],['Vereinigung'],[],[],['Vereinigung'],['Vereinigung'],['Vereinigung'],[],['Vereinigung'],['Vereinigung'],['Vereinigung'],[],['Vereinigung'],['Vereinigung']
[],['Gesamtschuldverhältnis'],[],['Gesamtschuldverhältnis'],['Gesamtschuldverhältnis'],[],['Gesamtschuldverhältnis'],['Gesamtschuldverhältnis'],['Gesamtschuldverhältnis'],[],['Gesamtschuldverhältnis'],[],['Gesamtschuldverhältnis'],[],['Gesamtschuldverhältnis'],['Gesamtschuldverhältnis']
['Gesamtschuld'],['Gesamtschuld'],[],['Gesamtschuld'],['Gesamtschuld'],['Gesamtschuld'],['Gesamtschuld'],['Gesamtschuld'],['Gesamtschuld'],[],['Gesamtschuld'],['Gesamtschuld'],['Gesamtschuld'],['Gesamtschuld'],['Gesamtschuld'],['Gesamtschuld']
['Gesamtschuld'],['Gesamtverbindlichkeit'],[],['Gesamtverbindlichkeit'],['Gesamtschuld'],['Gesamtschuld'],['Gesamtverbindlichkeit'],['Gesamtverbindlichkeit'],['Gesamtverbindlichkeit'],[],['Gesamtschuld'],['Gesamtschuld'],['Gesamtverbindlichkeit'],['Gesamtschuld'],['Gesamtverbindlichkeit'],['Gesamtschuld']
[],[],[],[],[],[],[],[],[],[],[],[],[],[],[],[]
[],['Neuerung'],[],[],[],[],[],[],['Neuerung'],[],[],[],[],[],[],[]
[],['Versammlung der Miteigentümer'],[],['Versammlung der Miteigentümer'],['Versammlung der Miteigentümer'],[],['Versammlung der Miteigentümer'],['Versammlung der Miteigentümer'],['Versammlung der Miteigentümer'],[],['Versammlung der Miteigentümer'],['Versammlung der Miteigentümer'],['Versammlung der Miteigentümer'],[],['Versammlung der Miteigentümer'],['Versammlung der Miteigentümer']
['Standesbeamter'],['Standesbeamter'],[],['Standesbeamter'],['Standesbeamter'],['Standesbeamter'],['Standesbeamter'],['Standesbeamter'],['Standesbeamter'],['Standesbeamter'],['Standesbeamter'],['Standesbeamter'],['Standesbeamter'],['Standesbeamter'],['Standesbeamter'],['Standesbeamter']
['Versöhnung'],['Versöhnung'],['Versöhnung'],['Versöhnung'],['Versöhnung'],[],['Versöhnung'],['Versöhnung'],['Versöhnung'],[],['Versöhnung'],['Versöhnung'],['Versöhnung'],['Versöhnung'],['Versöhnung'],['Versöhnung']
[],[],[],[],[],[],[],[],[],[],[],[],[],[],[],[]
['Innehabung'],['Innehabung'],[],['Innehabung'],['Innehabung'],[],['Innehabung'],['Innehabung'],['Innehabung'],[],[],['Innehabung'],['Innehabung'],['Innehabung'],['Innehabung'],['Innehabung']
[],[],[],[],[],[],['Besitz in gut Glaube'],['Besitz in gut Glaube'],[],[],['Besitz in gut Glaube'],['Besitz in gut Glaube'],['Besitz in gut Glaube'],[],['Besitz in gut Glaube'],[]
[],[],[],[],[],[],[],[],[],[],[],[],[],[],[],[]
[],[],[],[],[],[],[],[],[],[],[],[],[],[],[],[]
['Mitgift'],['Mitgift'],['Mitgift'],['Mitgift'],['Mitgift'],[],['Mitgift'],['Mitgift'],['Mitgift'],[],['Mitgift'],['Mitgift'],['Mitgift'],[],['Mitgift'],['Mitgift']
[],[],[],['ungeteilt Eigentum'],[],[],['ungeteilt Eigentum'],['ungeteilt Eigentum'],[],[],[],['ungeteilt Eigentum'],[],[],[],['ungeteilt Eigentum']
['Familienunternehmen'],['Familienunternehmen'],['Familienunternehmen'],['Familienunternehmen'],['Familienunternehmen'],['Familienunternehmen'],['Familienunternehmen'],['Familienunternehmen'],['Familienunternehmen'],['Familienunternehmen'],['Familienunternehmen'],['Familienunternehmen'],['Familienunternehmen'],['Familienunternehmen'],['Familienunternehmen'],['Familienunternehmen']
['Recht auf Unterhalt'],['Recht auf Unterhalt'],['Anspruch auf Unterhalt'],['Recht auf Unterhalt'],['Recht auf Unterhalt'],['Anspruch auf Unterhalt'],['Recht auf Unterhalt'],['Recht auf Unterhalt'],['Recht auf Unterhalt'],['Anspruch auf Unterhalt'],['Recht auf Unterhalt'],['Recht auf Unterhalt'],['Recht auf Unterhalt'],[],['Recht auf Unterhalt'],['Recht auf Unterhalt']
['Anspruch auf Unterhalt'],[],['Anspruch auf Unterhalt'],['Anspruch auf Unterhalt'],['Anspruch auf Unterhalt'],['Anspruch auf Unterhalt'],['Anspruch auf Unterhalt'],['Anspruch auf Unterhalt'],['Anspruch auf Unterhalt'],['Anspruch auf Unterhalt'],['Anspruch auf Unterhalt'],[],['Anspruch auf Unterhalt'],['Anspruch auf Unterhalt'],['Anspruch auf Unterhalt'],['Anspruch auf Unterhalt']
[],[],[],[],[],[],[],[],[],[],[],[],[],[],[],[]
[],[],[],[],[],[],[],[],[],[],[],[],[],[],[],[]
[],[],[],[],[],[],[],[],[],[],[],[],[],[],[],[]
['Quittung'],['Quittung'],[],['Quittung'],['Quittung'],['Quittung'],['Quittung'],['Quittung'],['Quittung'],['Quittung'],['Quittung'],['Quittung'],['Quittung'],['Quittung'],['Quittung'],['Quittung']
[],[],[],[],[],[],[],[],[],[],[],[],[],[],[],[]
[],[],['Freispruch'],['Freispruch'],['Freispruch'],['Freispruch'],[],['Freispruch'],[],[],[],['Freispruch'],['Freispruch'],['Freispruch'],['Freispruch'],[]
[],['Verweis'],[],['Verweis'],['Verweis'],['Verweis'],['Verweis'],['Verweis'],[],['Verweis'],['Verweis'],['Verweis'],['Verweis'],['Verweis'],['Verweis'],['Verweis']
['beglaubigte Privaturkunde'],['beglaubigte Privaturkunde'],[],['beglaubigte Privaturkunde'],['beglaubigte Privaturkunde'],['beglaubigte Privaturkunde'],['beglaubigte Privaturkunde'],['beglaubigte Privaturkunde'],['beglaubigte Privaturkunde'],['beglaubigte Privaturkunde'],['beglaubigte Privaturkunde'],['beglaubigte Privaturkunde'],['beglaubigte Privaturkunde'],['beglaubigte Privaturkunde'],['beglaubigte Privaturkunde'],['beglaubigte Privaturkunde']
[],[],[],[],[],[],[],[],[],[],[],[],[],[],[],[]
[],[],[],['Kindesunterschiebung'],[],[],['Kindesunterschiebung'],['Kindesunterschiebung'],[],[],[],[],['Kindesunterschiebung'],[],['Kindesunterschiebung'],['Kindesunterschiebung']
['Vaterschaftsbestreitungsklage'],['Vaterschaftsbestreitungsklage'],[],['Vaterschaftsbestreitungsklage'],['Vaterschaftsbestreitungsklage'],[],['Vaterschaftsbestreitungsklage'],['Vaterschaftsbestreitungsklage'],['Klage auf Bestreitung der Vaterschaft'],[],['Vaterschaftsbestreitungsklage'],['Vaterschaftsbestreitungsklage'],['Vaterschaftsbestreitungsklage'],['Vaterschaftsbestreitungsklage'],['Vaterschaftsbestreitungsklage'],['Vaterschaftsbestreitungsklage']
['Bauleitplan'],['Bauleitplan'],[],['Bauleitplan'],['Bauleitplan'],['Bauleitplan'],['Bauleitplan'],['Bauleitplan'],['Bauleitplan'],['Bauleitplan'],['Bauleitplan'],['Bauleitplan'],['Bauleitplan'],['Bauleitplan'],['Bauleitplan'],['Bauleitplan']
['Vorfahre'],['Vorfahre'],[],['Vorfahre'],['Vorfahre'],['Vorfahre'],['Vorfahre'],['Vorfahre'],['Vorfahre'],['Vorfahre'],['Vorfahre'],['Vorfahre'],['Vorfahre'],['Vorfahre'],['Vorfahre'],['Vorfahre']
['Nachkomme'],['Nachkomme'],['Nachkomme'],[],['Nachkomme'],[],[],[],['Nachkomme'],['Nachkomme'],['Nachkomme'],['Nachkomme'],['Nachkomme'],['Nachkomme'],[],[]
[],[],[],['Spezialvollmacht'],[],[],['Spezialvollmacht'],['Spezialvollmacht'],[],[],[],[],['Spezialvollmacht'],[],['Spezialvollmacht'],['Spezialvollmacht']
[],[],[],['Entlassung aus der elterlichen Verantwortung'],[],[],[],['Entlassung aus der elterlichen Verantwortung'],[],[],[],['Entlassung aus der elterlichen Verantwortung'],[],[],['Entlassung aus der elterlichen Verantwortung'],[]
['bürgerlich Wirkung'],['zivilrechtlich Wirkung'],[],['bürgerlich Wirkung'],['zivilrechtlich Wirkung'],['zivilrechtlich Wirkung'],['bürgerlich Wirkung'],['bürgerlich Wirkung'],['zivilrechtlich Wirkung'],['zivilrechtlich Wirkung'],['zivilrechtlich Wirkung'],['zivilrechtlich Wirkung'],['zivilrechtlich Wirkung'],['zivilrechtlich Wirkung'],['bürgerlich Wirkung'],['zivilrechtlich Wirkung']
['Pfandrecht'],['Pfandrecht'],[],['Pfandrecht'],['Pfandrecht'],['Pfandrecht'],['Pfandrecht'],['Pfandrecht'],['Pfandrecht'],['Pfandrecht'],['Pfandrecht'],['Pfandrecht'],['Pfandrecht'],['Pfandrecht'],['Pfandrecht'],['Pfandrecht']
['Pfandrecht'],['Pfandrecht'],['Pfand'],['Pfandrecht'],['Pfandrecht'],['Pfandrecht'],['Pfandrecht'],['Pfandrecht'],['Pfandrecht'],['Pfandrecht'],['Pfandrecht'],['Pfandrecht'],['Pfandrecht'],['Pfandrecht'],['Pfandrecht'],['Pfandrecht']
['Verbindlichkeit'],['Schuld'],['Verbindlichkeit'],['Verbindlichkeit'],['Verbindlichkeit'],['Verbindlichkeit'],['Verbindlichkeit'],['Verbindlichkeit'],['Verbindlichkeit'],['Schuld'],['Verbindlichkeit'],['Schuld'],['Verbindlichkeit'],['Schuld'],['Verbindlichkeit'],['Verbindlichkeit']
['Schuld'],['Schuld'],"['Schuld', 'Schuld']",['Schuld'],['Schuld'],['Schuld'],['Schuld'],['Schuld'],['Schuld'],['Schuld'],['Schuld'],['Schuld'],['Schuld'],['Schuld'],['Schuld'],['Schuld']
['Vormundstellvertreter'],['Vormundstellvertreter'],[],['Vormundstellvertreter'],['Vormundstellvertreter'],[],['Vormundstellvertreter'],['Vormundstellvertreter'],['Vormundstellvertreter'],['Vormundstellvertreter'],['Vormundstellvertreter'],['Vormundstellvertreter'],['Vormundstellvertreter'],['Vormundstellvertreter'],['Vormundstellvertreter'],['Vormundstellvertreter']
['Darlehensgeber'],['Darlehensgeber'],[],['Darlehensgeber'],['Darlehensgeber'],['Darlehensgeber'],['Darlehensgeber'],['Darlehensgeber'],['Darlehensgeber'],[],['Darlehensgeber'],['Darlehensgeber'],['Darlehensgeber'],['Darlehensgeber'],['Darlehensgeber'],['Darlehensgeber']
['Darlehensnehmer'],['Darlehensnehmer'],[],['Darlehensnehmer'],['Darlehensnehmer'],['Darlehensnehmer'],['Darlehensnehmer'],['Darlehensnehmer'],['Darlehensnehmer'],"['Darlehensnehmer', 'Darlehensnehmer']",['Darlehensnehmer'],['Darlehensnehmer'],['Darlehensnehmer'],['Darlehensnehmer'],['Darlehensnehmer'],['Darlehensnehmer']
['Verzug der Gläubiger'],['Verzug der Gläubiger'],['Verzug der Gläubiger'],['Verzug der Gläubiger'],['Verzug der Gläubiger'],['Verzug der Gläubiger'],['Verzug der Gläubiger'],['Verzug der Gläubiger'],['Verzug der Gläubiger'],[],['Verzug der Gläubiger'],['Verzug der Gläubiger'],['Verzug der Gläubiger'],['Verzug der Gläubiger'],['Verzug der Gläubiger'],['Verzug der Gläubiger']
['Realangebot'],['Realangebot'],[],['Realangebot'],['Realangebot'],[],['Realangebot'],['Realangebot'],['Realangebot'],[],['Realangebot'],['Realangebot'],['Realangebot'],['Realangebot'],['Realangebot'],['Realangebot']
['Aufforderung'],['Aufforderung'],[],['Aufforderung'],['Aufforderung'],['Aufforderung'],['Aufforderung'],['Aufforderung'],['Aufforderung'],['Aufforderung'],['Aufforderung'],['Aufforderung'],['Aufforderung'],['Aufforderung'],['Aufforderung'],['Aufforderung']
[],[],[],[],[],[],[],[],[],[],[],[],[],[],[],[]
[],[],[],[],[],[],[],[],[],['Gefahr'],[],[],[],[],[],[]
[],[],[],[],[],[],[],[],[],[],[],[],[],[],[],[]
['fahrlässige Handlung'],['fahrlässige Handlung'],[],['fahrlässige Handlung'],['fahrlässige Handlung'],['fahrlässige Handlung'],['fahrlässige Handlung'],['fahrlässige Handlung'],['fahrlässige Handlung'],['fahrlässige Handlung'],['fahrlässige Handlung'],['fahrlässige Handlung'],['fahrlässige Handlung'],['fahrlässige Handlung'],['fahrlässige Handlung'],['fahrlässige Handlung']
['fahrlässige Handlung'],['fahrlässige Handlung'],['fahrlässige Handlung'],['fahrlässige Handlung'],['fahrlässige Handlung'],"['fahrlässige Handlung', 'fahrlässige Handlung']",['fahrlässige Handlung'],['fahrlässige Handlung'],['fahrlässige Handlung'],['fahrlässige Handlung'],['fahrlässige Handlung'],['fahrlässige Handlung'],['fahrlässige Handlung'],['fahrlässig Handlung'],['fahrlässige Handlung'],['fahrlässige Handlung']
['Vertragsklausel'],['Vertragsklausel'],['Vertragsklausel'],['Vertragsklausel'],['Vertragsklausel'],['Vertragsklausel'],['Vertragsklausel'],['Vertragsklausel'],['Vertragsklausel'],['Vertragsklausel'],['Vertragsklausel'],['Vertragsklausel'],['Vertragsklausel'],['Vertragsklausel'],['Vertragsklausel'],['Vertragsklausel']
['Neuerung'],['Neuerung'],[],['Neuerung'],['Neuerung'],['Neuerung'],['Neuerung'],['Neuerung'],['Neuerung'],['Neuerung'],['Neuerung'],['Neuerung'],['Neuerung'],['Neuerung'],['Neuerung'],['Neuerung']
['Aufrechnung'],['Aufrechnung'],[],['Aufrechnung'],['Aufrechnung'],[],['Aufrechnung'],['Aufrechnung'],['Aufrechnung'],['Aufrechnung'],['Aufrechnung'],['Aufrechnung'],['Aufrechnung'],['Aufrechnung'],['Aufrechnung'],['Aufrechnung']
['Gemeinschuldner'],['Gemeinschuldner'],[],['Gemeinschuldner'],['Gemeinschuldner'],['Gemeinschuldner'],['Gemeinschuldner'],['Gemeinschuldner'],['Gemeinschuldner'],['Gemeinschuldner'],['Gemeinschuldner'],['Gemeinschuldner'],['Gemeinschuldner'],['Gemeinschuldner'],['Gemeinschuldner'],['Gemeinschuldner']
['von Amts wegen'],['von Amts wegen'],['von Amts wegen'],['von Amts wegen'],['von Amts wegen'],['von Amts wegen'],['von Amts wegen'],['von Amts wegen'],['von Amts wegen'],['von Amts wegen'],['von Amts wegen'],['von Amts wegen'],['von Amts wegen'],['von Amts wegen'],['von Amts wegen'],['von Amts wegen']
[],['nachträgliche Unmöglichkeit'],[],['nachfolgend Unmöglichkeit'],['nachträgliche Unmöglichkeit'],['nachträglich Unmöglichkeit'],['nachfolgend Unmöglichkeit'],['nachfolgend Unmöglichkeit'],['nachfolgend Unmöglichkeit'],['nachfolgend Unmöglichkeit'],['nachfolgend Unmöglichkeit'],['nachfolgend Unmöglichkeit'],['nachfolgend Unmöglichkeit'],['nachträglich Unmöglichkeit'],['nachfolgend Unmöglichkeit'],['nachfolgend Unmöglichkeit']
[],['nachträgliche Unmöglichkeit'],[],['nachfolgend Unmöglichkeit'],['nachfolgend Unmöglichkeit'],['nachträglich Unmöglichkeit'],['nachfolgend Unmöglichkeit'],['nachfolgend Unmöglichkeit'],['nachfolgende Unmöglichkeit'],[],['nachfolgend Unmöglichkeit'],['nachfolgend Unmöglichkeit'],['nachfolgend Unmöglichkeit'],['nachfolgende Unmöglichkeit'],['nachfolgend Unmöglichkeit'],['nachfolgend Unmöglichkeit']
[],['Geschäftsführer'],[],[],['Geschäftsführer'],[],['Geschäftsführer'],[],['Geschäftsführer'],[],['Geschäftsführer'],[],[],[],[],[]
[],[],[],[],[],[],[],[],[],[],[],[],[],[],[],[]
['schlecht Glaube'],[],[],['schlecht Glaube'],[],[],['schlecht Glaube'],['schlecht Glaube'],['schlecht Glaube'],['schlecht Glaube'],[],[],['schlecht Glaube'],[],['schlecht Glaube'],[]
['Miterbe'],['Miterbe'],['Miterbe'],['Miterbe'],['Miterbe'],['Miterbe'],['Miterbe'],['Miterbe'],['Miterbe'],['Miterbe'],['Miterbe'],['Miterbe'],['Miterbe'],['Miterbe'],['Miterbe'],['Miterbe']
[],[],[],[],[],[],[],[],[],[],[],[],[],[],[],[]
['Übernehmer'],['Übernehmer'],['Übernehmer'],['Übernehmer'],['Übernehmer'],['Übernehmer'],['Übernehmer'],['Übernehmer'],['Übernehmer'],['Übernehmer'],['Übernehmer'],['Übernehmer'],['Übernehmer'],['Übernehmer'],['Übernehmer'],['Übernehmer']
['Adoptierender'],['Adoptierender'],[],['Adoptierender'],['Adoptierender'],['Adoptierender'],['Adoptierender'],['Adoptierender'],['Adoptierender'],['Adoptierender'],['Adoptierender'],['Adoptierender'],['Adoptierender'],['Adoptierender'],['Adoptierender'],['Adoptierender']
[],['persönliche Sicherheit'],['persönliche Sicherheit'],['persönliche Sicherheit'],['persönliche Sicherheit'],['persönliche Sicherheit'],['persönliche Sicherheit'],['persönliche Sicherheit'],['persönliche Sicherheit'],['persönliche Sicherheit'],['persönliche Sicherheit'],['persönliche Sicherheit'],[],[],['persönliche Sicherheit'],['persönliche Sicherheit']
['Einwendung'],['Einwendung'],[],['Einwendung'],['Einwendung'],['Einwendung'],['Einwendung'],['Einwendung'],['Einwendung'],['Einwendung'],['Einwendung'],['Einwendung'],['Einwendung'],['Einwendung'],['Einwendung'],['Einwendung']
[],[],[],[],[],[],[],[],[],[],[],[],[],[],[],[]
[],[],[],[],[],[],['Wahlschuld'],[],[],[],[],[],[],[],['Wahlschuld'],[]
[],['Schuldanerkenntnis'],[],['Schuldanerkenntnis'],[],[],[],['Schuldanerkenntnis'],[],[],['Schuldanerkenntnis'],[],['Schuldanerkenntnis'],[],['Schuldanerkenntnis'],[]
['Rechtsgrund'],[],[],[],[],['Rechtsgrund'],[],[],[],['Rechtsgrund'],[],['Rechtsgrund'],[],[],[],[]
['Bezugsrecht'],['Optionsrecht'],['Optionsrecht'],['Optionsrecht'],['Optionsrecht'],['Bezugsrecht'],['Optionsrecht'],['Optionsrecht'],['Optionsrecht'],['Bezugsrecht'],['Optionsrecht'],['Optionsrecht'],['Optionsrecht'],['Optionsrecht'],['Optionsrecht'],['Optionsrecht']
['Bezugsrecht'],['Bezugsrecht'],['Optionsrecht'],['Bezugsrecht'],['Optionsrecht'],['Bezugsrecht'],['Bezugsrecht'],['Bezugsrecht'],['Bezugsrecht'],['Bezugsrecht'],['Bezugsrecht'],['Bezugsrecht'],['Bezugsrecht'],['Optionsrecht'],['Bezugsrecht'],['Bezugsrecht']
['Ausgleichung'],[],[],[],[],[],[],[],[],[],[],[],[],[],[],[]
['Fälschungsklage'],['Fälschungsstreit'],[],['Fälschungsstreit'],['Fälschungsklage'],['Fälschungsklage'],['Fälschungsklage'],['Fälschungsstreit'],['Fälschungsklage'],['Fälschungsklage'],['Fälschungsklage'],['Fälschungsklage'],['Fälschungsstreit'],['Fälschungsklage'],['Fälschungsstreit'],['Fälschungsklage']
['Fälschungsstreit'],['Fälschungsklage'],[],['Fälschungsklage'],['Fälschungsklage'],['Fälschungsklage'],['Fälschungsklage'],['Fälschungsklage'],['Fälschungsklage'],['Fälschungsklage'],['Fälschungsklage'],['Fälschungsklage'],['Fälschungsklage'],['Fälschungsklage'],['Fälschungsklage'],['Fälschungsklage']
['stillschweigende Annahme'],['stillschweigende Annahme'],[],['stillschweigende Annahme'],['stillschweigende Annahme'],['stillschweigende Annahme'],['stillschweigende Annahme'],['stillschweigende Annahme'],['stillschweigende Annahme'],['stillschweigende Annahme'],['stillschweigende Annahme'],['stillschweigende Annahme'],['stillschweigende Annahme'],['stillschweigende Annahme'],['stillschweigende Annahme'],['stillschweigende Annahme']
[],[],[],[],[],[],[],[],[],[],[],[],[],[],[],[]
[],[],[],[],[],[],[],[],[],[],[],[],[],[],[],[]
['Grund'],['Grund'],['Grund'],['Beweggrund'],['Grund'],['Grund'],['Beweggrund'],['Beweggrund'],['Grund'],['Grund'],['Grund'],['Grund'],['Grund'],['Grund'],['Beweggrund'],['Beweggrund']
['aufschiebend Bedingung'],['aufschiebend Bedingung'],[],['aufschiebend Bedingung'],['aufschiebend Bedingung'],['aufschiebend Bedingung'],['aufschiebend Bedingung'],['aufschiebend Bedingung'],['aufschiebend Bedingung'],[],['aufschiebend Bedingung'],['aufschiebend Bedingung'],['aufschiebend Bedingung'],['aufschiebend Bedingung'],['aufschiebend Bedingung'],['aufschiebend Bedingung']
['Erbanteil'],['Anteil'],[],['Anteil'],['Anteil'],[],['Anteil'],['Anteil'],['Anteil'],[],['Anteil'],['Anteil'],['Anteil'],['Erbanteil'],['Anteil'],['Anteil']
[],['still Gesellschaft'],[],['still Gesellschaft'],[],[],['still Gesellschaft'],['still Gesellschaft'],['still Gesellschaft'],[],['still Gesellschaft'],[],['still Gesellschaft'],[],['still Gesellschaft'],['still Gesellschaft']
['notariell Testament'],['notariell Testament'],[],['notariell Testament'],['notariell Testament'],['notariell Testament'],['notariell Testament'],['notariell Testament'],['notariell Testament'],[],['notariell Testament'],['notariell Testament'],['notariell Testament'],[],['notariell Testament'],['notariell Testament']
['Beschwerter'],['Beschwerter'],[],['Beschwerter'],['Beschwerter'],['Beschwerter'],['Beschwerter'],['Beschwerter'],['Beschwerter'],[],['Beschwerter'],['Beschwerter'],['Beschwerter'],['Beschwerter'],['Beschwerter'],['Beschwerter']
[],['auflösende Bedingung'],[],['auflösende Bedingung'],['auflösende Bedingung'],['auflösende Bedingung'],['auflösende Bedingung'],['auflösende Bedingung'],['auflösende Bedingung'],[],['auflösende Bedingung'],['auflösende Bedingung'],['auflösende Bedingung'],['auflösende Bedingung'],['auflösende Bedingung'],['auflösende Bedingung']
[],[],[],[],[],[],[],[],[],[],[],[],[],[],[],[]
[],[],[],[],[],[],[],[],[],[],[],[],[],[],[],[]
['Nacherbfolge'],['Nacherbfolge'],[],['Nacherbfolge'],['Nacherbfolge'],[],['Nacherbfolge'],['Nacherbfolge'],['Nacherbfolge'],[],['Nacherbfolge'],['Nacherbfolge'],['Nacherbfolge'],[],['Nacherbfolge'],['Nacherbfolge']
['Testamentsvollstrecker'],['Testamentsvollstrecker'],[],['Testamentsvollstrecker'],['Testamentsvollstrecker'],['Testamentsvollstrecker'],['Testamentsvollstrecker'],['Testamentsvollstrecker'],['Testamentsvollstrecker'],['Testamentsvollstrecker'],['Testamentsvollstrecker'],['Testamentsvollstrecker'],['Testamentsvollstrecker'],['Testamentsvollstrecker'],['Testamentsvollstrecker'],['Testamentsvollstrecker']
['Testamentsvollstrecker'],['Testamentsvollstrecker'],[],['Testamentsvollstrecker'],['Testamentsvollstrecker'],['Testamentsvollstrecker'],['Testamentsvollstrecker'],['Testamentsvollstrecker'],['Testamentsvollstrecker'],['Testamentsvollstrecker'],['Testamentsvollstrecker'],['Testamentsvollstrecker'],['Testamentsvollstrecker'],['Testamentsvollstrecker'],['Testamentsvollstrecker'],['Testamentsvollstrecker']
[],['Erbschaftsschuld'],[],['Erbschaftsschuld'],['Erbschaftsschuld'],[],['Erbschaftsschuld'],['Erbschaftsschuld'],['Erbschaftsschuld'],['Erbschaftsschuld'],['Erbschaftsschuld'],['Erbschaftsschuld'],['Erbschaftsschuld'],['Erbschaftsschuld'],['Erbschaftsschuld'],['Erbschaftsschuld']
['Erbschaftsschuld'],['Erbschaftsschuld'],[],['Erbschaftsschuld'],['Erbschaftsschuld'],[],['Erbschaftsschuld'],['Erbschaftsschuld'],['Erbschaftsschuld'],[],['Erbschaftsschuld'],['Erbschaftsschuld'],['Erbschaftsschuld'],['Erbschaftsschuld'],['Erbschaftsschuld'],['Erbschaftsschuld']
['Rückgriff'],['Rückgriff'],[],['Rückgriff'],['Rückgriff'],['Rückgriff'],['Rückgriff'],['Rückgriff'],['Rückgriff'],['Rückgriff'],['Rückgriff'],['Rückgriff'],['Rückgriff'],['Rückgriff'],['Rückgriff'],['Rückgriff']
['Veräußerung'],['Veräußerung'],['Veräußerung'],['Veräußerung'],['Veräußerung'],['Veräußerung'],['Veräußerung'],['Veräußerung'],['Veräußerung'],['Veräußerung'],['Veräußerung'],['Veräußerung'],['Veräußerung'],['Veräußerung'],['Veräußerung'],['Veräußerung']
['Erbmasse'],['Erbmasse'],['Erbmasse'],['Erbmasse'],['Erbmasse'],['Erbmasse'],['Erbmasse'],['Erbmasse'],['Erbmasse'],[],['Erbmasse'],['Erbmasse'],['Erbmasse'],['Erbmasse'],['Erbmasse'],['Erbmasse']
[],['Vertragsstrafe'],[],['Vertragsstrafe'],['Vertragsstrafe'],[],['Vertragsstrafe'],['Vertragsstrafe'],['Vertragsstrafe'],[],['Vertragsstrafe'],['Vertragsstrafe'],['Vertragsstrafe'],[],['Vertragsstrafe'],['Vertragsstrafe']
['Rückgängigmachung'],['Rückgängigmachung'],[],['Rückgängigmachung'],['Rückgängigmachung'],['Rückgängigmachung'],['Rückgängigmachung'],['Rückgängigmachung'],['Rückgängigmachung'],['Rückgängigmachung'],['Rückgängigmachung'],['Rückgängigmachung'],['Rückgängigmachung'],['Rückgängigmachung'],['Rückgängigmachung'],['Rückgängigmachung']
['Unterlassung'],['Unterlassung'],['Unterlassung'],['Unterlassung'],['Unterlassung'],['Unterlassung'],['Unterlassung'],['Unterlassung'],['Unterlassung'],['Unterlassung'],['Unterlassung'],['Unterlassung'],['Unterlassung'],['Unterlassung'],['Unterlassung'],['Unterlassung']
['Unterlassung'],['Unterlassung'],['Unterlassung'],['Unterlassung'],['Unterlassung'],['Unterlassung'],['Unterlassung'],['Unterlassung'],['Unterlassung'],['Unterlassung'],['Unterlassung'],['Unterlassung'],['Unterlassung'],['Unterlassung'],['Unterlassung'],['Unterlassung']
[],[],[],[],[],[],[],[],[],[],[],[],[],[],[],[]
['Arbeitsvertrag'],[],['Einzelvertrag'],[],['Arbeitsvertrag'],[],[],[],[],[],[],['Arbeitsvertrag'],[],[],[],[]
['Arbeitsvertrag'],['Arbeitsvertrag'],['Arbeitsvertrag'],['Arbeitsvertrag'],['Arbeitsvertrag'],['Arbeitsvertrag'],['Arbeitsvertrag'],['Arbeitsvertrag'],['Arbeitsvertrag'],['Arbeitsvertrag'],['Arbeitsvertrag'],['Arbeitsvertrag'],['Arbeitsvertrag'],['Arbeitsvertrag'],['Arbeitsvertrag'],['Arbeitsvertrag']
[],[],[],['hoch angestellter'],[],[],['hoch angestellter'],['hoch angestellter'],['hoch angestellter'],[],['hoch angestellter'],['hoch angestellter'],['hoch angestellter'],[],['hoch angestellter'],['hoch angestellter']
['Vertrag zugunsten Dritter'],['Vertrag zugunsten Dritter'],['Vertrag zugunsten Dritter'],['Vertrag zugunsten Dritter'],['Vertrag zugunsten Dritter'],['Vertrag zugunsten Dritter'],['Vertrag zugunsten Dritter'],['Vertrag zugunsten Dritter'],['Vertrag zugunsten Dritter'],['Vertrag zugunsten Dritter'],['Vertrag zugunsten Dritter'],['Vertrag zugunsten Dritter'],['Vertrag zugunsten Dritter'],['Vertrag zugunsten Dritter'],['Vertrag zugunsten Dritter'],['Vertrag zugunsten Dritter']
['Versprechend'],['Versprechend'],[],['Versprechend'],['Versprechend'],[],['Versprechend'],['Versprechend'],['Versprechend'],['Versprechend'],['Versprechend'],['Versprechend'],['Versprechend'],['Versprechend'],['Versprechend'],['Versprechend']
['mehrseitiger Vertrag'],['mehrseitiger Vertrag'],[],['mehrseitiger Vertrag'],['mehrseitiger Vertrag'],['mehrseitiger Vertrag'],['mehrseitiger Vertrag'],['mehrseitiger Vertrag'],['mehrseitiger Vertrag'],[],['mehrseitiger Vertrag'],['mehrseitiger Vertrag'],['mehrseitiger Vertrag'],['mehrseitiger Vertrag'],['mehrseitiger Vertrag'],['mehrseitiger Vertrag']
[],[],[],[],[],[],[],[],[],[],[],[],[],[],[],[]
[],[],[],[],[],[],['Rechenfehler'],[],[],[],[],[],['Rechenfehler'],[],[],[]
[],['Berechnungsirrtum'],[],['Berechnungsirrtum'],['Berechnungsirrtum'],[],['Berechnungsirrtum'],['Berechnungsirrtum'],[],[],['Berechnungsirrtum'],['Berechnungsirrtum'],['Berechnungsirrtum'],['Berechnungsirrtum'],['Berechnungsirrtum'],['Berechnungsirrtum']
['Aufhebung der Vertrag'],['Aufhebung des Vertrages'],['Auflösung des Vertrags'],['Aufhebung der Vertrag'],['Aufhebung des Vertrages'],['Aufhebung der Vertrag'],['Aufhebung der Vertrag'],['Aufhebung der Vertrag'],['Aufhebung des Vertrages'],['Auflösung der Vertrag'],['Aufhebung des Vertrages'],['Aufhebung der Vertrag'],['Aufhebung des Vertrages'],['Aufhebung des Vertrages'],['Aufhebung der Vertrag'],['Aufhebung der Vertrag']
['übermäßig Belastung'],[],['übermäßige Belastung'],[],[],[],[],[],['übermäßig Belastung'],[],[],[],[],[],[],[]
[],[],[],[],[],[],[],[],[],[],[],[],[],[],[],[]
[],['Erbschaftskauf'],[],['Erbschaftskauf'],[],[],['Erbschaftskauf'],['Erbschaftskauf'],['Erbschaftskauf'],[],['Erbschaftskauf'],[],['Erbschaftskauf'],[],['Erbschaftskauf'],['Erbschaftskauf']
[],[],[],[],[],[],[],[],[],[],[],[],[],[],[],[]
['Lehrling'],['Lehrling'],['Lehrling'],['Lehrling'],['Lehrling'],['Lehrling'],['Lehrling'],['Lehrling'],['Lehrling'],['Lehrling'],['Lehrling'],['Lehrling'],['Lehrling'],['Lehrling'],['Lehrling'],['Lehrling']
['landwirtschaftlich Unternehmer'],['landwirtschaftlich Unternehmer'],[],['landwirtschaftlich Unternehmer'],['landwirtschaftlich Unternehmer'],['landwirtschaftlich Unternehmer'],['landwirtschaftlich Unternehmer'],['landwirtschaftlich Unternehmer'],['landwirtschaftlich Unternehmer'],['landwirtschaftlich Unternehmer'],['landwirtschaftlich Unternehmer'],['landwirtschaftlich Unternehmer'],['landwirtschaftlich Unternehmer'],['landwirtschaftlich Unternehmer'],['landwirtschaftlich Unternehmer'],['landwirtschaftlich Unternehmer']
['Handelsregisteramt'],['Handelsregisteramt'],[],['Handelsregisteramt'],['Handelsregisteramt'],['Handelsregisteramt'],['Handelsregisteramt'],['Handelsregisteramt'],['Handelsregisteramt'],[],['Handelsregisteramt'],['Handelsregisteramt'],['Handelsregisteramt'],['Handelsregisteramt'],['Handelsregisteramt'],['Handelsregisteramt']
['Banktätigkeit'],[],['Banktätigkeit'],[],[],[],[],[],[],[],[],[],[],['Banktätigkeit'],[],[]
['Handelstätigkeit'],['Handelstätigkeit'],[],['Handelstätigkeit'],['Handelstätigkeit'],['Handelstätigkeit'],['Handelstätigkeit'],['Handelstätigkeit'],['Handelstätigkeit'],['Handelstätigkeit'],['Handelstätigkeit'],['Handelstätigkeit'],['Handelstätigkeit'],['Handelstätigkeit'],['Handelstätigkeit'],['Handelstätigkeit']
['Vidimierung'],['Vidimierung'],[],['Vidimierung'],['Vidimierung'],['Vidimierung'],['Vidimierung'],['Vidimierung'],['Abzeichnung'],[],['Vidimierung'],['Vidimierung'],['Vidimierung'],['Vidimierung'],['Vidimierung'],['Vidimierung']
"['Werkhersteller', 'Werkhersteller']","['Werkhersteller', 'Werkhersteller']",[],"['Werkhersteller', 'Werkhersteller']","['Werkhersteller', 'Werkhersteller']","['Werkhersteller', 'Werkhersteller']","['Werkhersteller', 'Werkhersteller']","['Werkhersteller', 'Werkhersteller']","['Werkhersteller', 'Werkhersteller']","['Werkhersteller', 'Werkhersteller']","['Werkhersteller', 'Werkhersteller']","['Werkhersteller', 'Werkhersteller']","['Werkhersteller', 'Werkhersteller']","['Werkhersteller', 'Werkhersteller']","['Werkhersteller', 'Werkhersteller']","['Werkhersteller', 'Werkhersteller']"
"['Zurückbehaltungsrecht', 'Zurückbehaltung']","['Zurückbehaltungsrecht', 'Zurückbehaltung']",[],"['Zurückbehaltungsrecht', 'Zurückbehaltung']","['Zurückbehaltungsrecht', 'Zurückbehaltung']",[],"['Zurückbehaltungsrecht', 'Zurückbehaltung']","['Zurückbehaltungsrecht', 'Zurückbehaltung']","['Zurückbehaltungsrecht', 'Zurückbehaltungsrecht']",[],"['Zurückbehaltungsrecht', 'Zurückbehaltung']","['Zurückbehaltungsrecht', 'Zurückbehaltung']","['Zurückbehaltungsrecht', 'Zurückbehaltung']",[],"['Zurückbehaltungsrecht', 'Zurückbehaltung']","['Zurückbehaltungsrecht', 'Zurückbehaltung']"
[],['abhängige Arbeit'],[],[],[],[],[],[],[],['abhängige Arbeit'],[],[],[],[],[],[]
['Hausarbeit'],['Arbeit im Haushalt'],[],['Arbeit im Haushalt'],['Arbeit im Haushalt'],[],[],['Arbeit im Haushalt'],['Hausarbeit'],[],[],[],[],[],['Arbeit im Haushalt'],[]
[],['Hausarbeit'],[],['Hausarbeit'],['Hausarbeit'],['Hausarbeit'],['Hausarbeit'],['Hausarbeit'],['Hausarbeit'],['Hausarbeit'],['Hausarbeit'],['Hausarbeit'],['Hausarbeit'],['Hausarbeit'],['Hausarbeit'],['Hausarbeit']
[],[],[],[],[],[],[],[],[],[],[],[],[],[],[],[]
['Sitz der Gesellschaft'],['Sitz der Gesellschaft'],['Sitz der Gesellschaft'],['Sitz der Gesellschaft'],['Sitz der Gesellschaft'],['Sitz der Gesellschaft'],['Sitz der Gesellschaft'],['Sitz der Gesellschaft'],['Sitz der Gesellschaft'],['Sitz der Gesellschaft'],['Sitz der Gesellschaft'],['Sitz der Gesellschaft'],['Sitz der Gesellschaft'],['Sitz der Gesellschaft'],['Sitz der Gesellschaft'],['Sitz der Gesellschaft']
[],['Gesellschaftszweck'],['Gesellschaftszweck'],['Gesellschaftszweck'],['Gesellschaftszweck'],['Gesellschaftszweck'],['Gesellschaftszweck'],['Gesellschaftszweck'],['Gesellschaftszweck'],['Gesellschaftsgegenstand'],['Gesellschaftszweck'],['Gesellschaftszweck'],['Gesellschaftszweck'],['Gesellschaftszweck'],['Gesellschaftszweck'],['Gesellschaftszweck']
['Pachtzins'],['Pachtzins'],[],['Pachtzins'],['Pachtzins'],['Pachtzins'],['Pachtzins'],['Pachtzins'],['Pachtzins'],['Pachtzins'],['Pachtzins'],['Pachtzins'],['Pachtzins'],['Pachtzins'],['Pachtzins'],['Pachtzins']
[],"['Teilleistung', 'Teilleistung']",[],[],"['Teilleistung', 'Teilleistung']",[],[],[],[],[],[],"['Teilleistung', 'Teilleistung']",[],[],[],[]
['Beförderung'],['Beförderung'],['Beförderung'],['Beförderung'],['Beförderung'],['Beförderung'],['Beförderung'],['Beförderung'],['Beförderung'],['Beförderung'],['Beförderung'],['Beförderung'],['Beförderung'],['Beförderung'],['Beförderung'],['Beförderung']
['Agenturvertrag'],['Agenturvertrag'],[],['Agenturvertrag'],['Agenturvertrag'],['Agenturvertrag'],['Agenturvertrag'],['Agenturvertrag'],['Agenturvertrag'],['Agenturvertrag'],['Agenturvertrag'],['Agenturvertrag'],['Agenturvertrag'],['Agenturvertrag'],['Agenturvertrag'],['Agenturvertrag']
[],[],[],[],[],[],[],[],[],[],[],[],[],[],[],[]
['Makler'],['Makler'],[],['Makler'],[],['Makler'],['Makler'],['Makler'],['Makler'],['Makler'],['Makler'],['Makler'],['Makler'],['Makler'],['Makler'],['Makler']
['Verwahrer'],['Verwahrer'],[],['Verwahrer'],['Verwahrer'],['Verwahrer'],['Verwahrer'],['Verwahrer'],['Verwahrer'],['Verwahrer'],['Verwahrer'],['Verwahrer'],['Verwahrer'],['Verwahrer'],['Verwahrer'],['Verwahrer']
['Hinterleger'],['Hinterleger'],['Einleger'],['Hinterleger'],['Hinterleger'],['Hinterleger'],['Hinterleger'],['Hinterleger'],['Hinterleger'],['Hinterleger'],['Hinterleger'],['Hinterleger'],['Hinterleger'],['Hinterleger'],['Hinterleger'],['Hinterleger']
[],[],[],[],[],[],[],[],[],[],[],[],[],[],[],[]
[],[],[],[],[],[],[],[],[],[],[],[],[],[],[],[]
['Lagerschein'],['Lagerschein'],[],['Lagerschein'],['Lagerschein'],['Lagerschein'],['Lagerschein'],['Lagerschein'],['Lagerschein'],[],['Lagerschein'],['Lagerschein'],['Lagerschein'],['Lagerschein'],['Lagerschein'],['Lagerschein']
['Indossament'],['Indossament'],[],['Indossament'],['Indossament'],['Indossament'],['Indossament'],['Indossament'],['Indossament'],['Indossament'],['Indossament'],['Indossament'],['Indossament'],['Indossament'],['Indossament'],['Indossament']
['Indossament'],['Indossament'],[],['Indossament'],['Indossament'],['Indossament'],['Indossament'],['Indossament'],['Indossament'],[],['Indossament'],['Indossament'],['Indossament'],['Indossament'],['Indossament'],['Indossament']
['Pfandgläubiger'],['Pfandgläubiger'],[],['Pfandgläubiger'],['Pfandgläubiger'],['Pfandgläubiger'],['Pfandgläubiger'],['Pfandgläubiger'],['Pfandgläubiger'],['Pfandgläubiger'],['Pfandgläubiger'],['Pfandgläubiger'],['Pfandgläubiger'],['Pfandgläubiger'],['Pfandgläubiger'],['Pfandgläubiger']
['Indossant'],['Indossant'],[],['Indossant'],['Indossant'],['Indossant'],['Indossant'],['Indossant'],['Indossant'],[],['Indossant'],['Indossant'],['Indossant'],['Indossant'],['Indossant'],['Indossant']
['Entlehner'],['Entlehner'],[],['Entlehner'],['Entlehner'],['Entlehner'],['Entlehner'],['Entlehner'],['Entlehner'],['Entlehner'],['Entlehner'],['Entlehner'],['Entlehner'],['Entlehner'],['Entlehner'],['Entlehner']
['Verbindlichkeiten der Gesellschaft'],['Verbindlichkeiten der Gesellschaft'],['Gesellschaftsverbindlichkeiten'],['Verbindlichkeiten der Gesellschaft'],['Verbindlichkeiten der Gesellschaft'],['Verbindlichkeiten der Gesellschaft'],['Verbindlichkeiten der Gesellschaft'],['Verbindlichkeiten der Gesellschaft'],['Verbindlichkeiten der Gesellschaft'],['Verbindlichkeiten der Gesellschaft'],['Verbindlichkeiten der Gesellschaft'],['Verbindlichkeiten der Gesellschaft'],['Verbindlichkeiten der Gesellschaft'],['Verbindlichkeiten der Gesellschaft'],['Verbindlichkeiten der Gesellschaft'],['Verbindlichkeiten der Gesellschaft']
['Verbindlichkeiten der Gesellschaft'],['Gesellschaftsverbindlichkeiten'],[],['Gesellschaftsverbindlichkeiten'],['Verbindlichkeiten der Gesellschaft'],['Verbindlichkeiten der Gesellschaft'],['Gesellschaftsverbindlichkeiten'],['Gesellschaftsverbindlichkeiten'],['Verbindlichkeiten der Gesellschaft'],['Gesellschaftsverbindlichkeiten'],['Gesellschaftsverbindlichkeiten'],['Verbindlichkeiten der Gesellschaft'],['Gesellschaftsverbindlichkeiten'],['Verbindlichkeiten der Gesellschaft'],['Gesellschaftsverbindlichkeiten'],['Gesellschaftsverbindlichkeiten']
['Bankvertrag'],['Bankvertrag'],['Bankvertrag'],['Bankvertrag'],['Bankvertrag'],['Bankvertrag'],['Bankvertrag'],['Bankvertrag'],['Bankvertrag'],['Bankvertrag'],['Bankvertrag'],['Bankvertrag'],['Bankvertrag'],['Bankvertrag'],['Bankvertrag'],['Bankvertrag']
['Liquidator'],['Liquidator'],['Liquidator'],['Liquidator'],['Liquidator'],['Liquidator'],['Liquidator'],['Liquidator'],['Liquidator'],['Liquidator'],['Liquidator'],['Liquidator'],['Liquidator'],['Liquidator'],['Liquidator'],['Liquidator']
[],[],"['Sparbuch', 'Sparbuch']",['Sparbuch'],"['Sparbuch', 'Sparbuch']",[],"['Sparbuch', 'Sparbuch']",['Sparbuch'],"['Sparbuch', 'Sparbuch']",[],['Sparbuch'],['Sparbuch'],[],"['Sparbuch', 'Sparbuch']",['Sparbuch'],"['Sparbuch', 'Sparbuch']"
[],[],[],[],[],[],[],[],[],[],[],[],[],[],[],[]
['Bankvorschuss'],['Bankvorschuss'],[],['Bankvorschuss'],['Bankvorschuss'],['Bankvorschuss'],['Bankvorschuss'],['Bankvorschuss'],['Bankvorschuss'],['Bankvorschuss'],['Bankvorschuss'],['Bankvorschuss'],['Bankvorschuss'],['Bankvorschuss'],['Bankvorschuss'],['Bankvorschuss']
[],[],[],[],[],[],[],[],[],[],[],[],[],[],[],[]
['beglaubigt Unterschrift'],['beglaubigt Unterschrift'],[],['beglaubigt Unterschrift'],['beglaubigt Unterschrift'],['beglaubigt Unterschrift'],['beglaubigt Unterschrift'],['beglaubigt Unterschrift'],['beglaubigt Unterschrift'],['beglaubigt Unterschrift'],['beglaubigt Unterschrift'],[],['beglaubigt Unterschrift'],['beglaubigt Unterschrift'],['beglaubigt Unterschrift'],['beglaubigt Unterschrift']
[],['gesamtschuldnerische Haftung'],[],['gesamtschuldnerische Haftung'],[],[],['gesamtschuldnerische Haftung'],['gesamtschuldnerische Haftung'],[],[],['gesamtschuldnerische Haftung'],[],['gesamtschuldnerische Haftung'],[],['gesamtschuldnerische Haftung'],['gesamtschuldnerische Haftung']
[],[],[],[],[],[],[],[],[],[],[],[],[],[],[],[]
['Herabsetzung des Kapitals'],['Herabsetzung des Kapitals'],[],['Herabsetzung des Kapitals'],['Herabsetzung des Kapitals'],['Herabsetzung des Kapitals'],['Herabsetzung des Kapitals'],['Herabsetzung des Kapitals'],['Herabsetzung des Kapitals'],[],['Herabsetzung des Kapitals'],['Herabsetzung des Kapitals'],['Herabsetzung des Kapitals'],['Herabsetzung des Kapitals'],['Herabsetzung des Kapitals'],['Herabsetzung des Kapitals']
['Konkurseröffnung'],['Konkurseröffnung'],[],['Konkurseröffnung'],['Konkurseröffnung'],['Konkurseröffnung'],['Konkurseröffnung'],['Konkurseröffnung'],['Konkurseröffnung'],['Konkurseröffnung'],['Konkurseröffnung'],['Konkurseröffnung'],['Konkurseröffnung'],['Konkurseröffnung'],['Konkurseröffnung'],['Konkurseröffnung']
"['Kommanditist', 'Kommanditist']","['Kommanditist', 'Kommanditist']",[],"['Kommanditist', 'Kommanditist']","['Kommanditist', 'Kommanditist']",[],"['Kommanditist', 'Kommanditist']","['Kommanditist', 'Kommanditist']",[],[],"['Kommanditist', 'Kommanditist']",[],"['Kommanditist', 'Kommanditist']","['Kommanditist', 'Kommanditist']","['Kommanditist', 'Kommanditist']","['Kommanditist', 'Kommanditist']"
['grobe Fahrlässigkeit'],['grobe Fahrlässigkeit'],[],['grobe Fahrlässigkeit'],['grobe Fahrlässigkeit'],['grobe Fahrlässigkeit'],['grobe Fahrlässigkeit'],['grobe Fahrlässigkeit'],['grobe Fahrlässigkeit'],[],['grobe Fahrlässigkeit'],['grobe Fahrlässigkeit'],['grobe Fahrlässigkeit'],['grobe Fahrlässigkeit'],['grobe Fahrlässigkeit'],['grobe Fahrlässigkeit']
[],[],[],['Wegfall des Risikos'],[],[],['Wegfall des Risikos'],['Wegfall des Risikos'],[],[],[],[],[],[],['Wegfall des Risikos'],[]
['Versicherter'],['Versicherter'],[],['Versicherter'],['Versicherter'],['Versicherter'],['Versicherter'],['Versicherter'],['Versicherter'],['Versicherter'],['Versicherter'],['Versicherter'],['Versicherter'],['Versicherter'],['Versicherter'],['Versicherter']
['Zusammenlegung'],['Zusammenlegung'],[],['Zusammenlegung'],['Zusammenlegung'],['Zusammenlegung'],['Zusammenlegung'],['Zusammenlegung'],['Zusammenlegung'],[],['Zusammenlegung'],['Zusammenlegung'],[],['Zusammenlegung'],['Zusammenlegung'],['Zusammenlegung']
[],['Versicherungsagent'],['Versicherungsagent'],['Versicherungsagent'],['Versicherungsagent'],[],['Versicherungsagent'],['Versicherungsagent'],['Versicherungsagent'],[],['Versicherungsagent'],['Versicherungsagent'],['Versicherungsagent'],['Versicherungsagent'],['Versicherungsagent'],['Versicherungsagent']
['Mitversicherung'],['Mitversicherung'],['Mitversicherung'],['Mitversicherung'],['Mitversicherung'],['Mitversicherung'],['Mitversicherung'],['Mitversicherung'],['Mitversicherung'],['Mitversicherung'],['Mitversicherung'],['Mitversicherung'],['Mitversicherung'],['Mitversicherung'],['Mitversicherung'],['Mitversicherung']
[],[],[],[],[],[],[],[],[],[],[],['Gründungsgesellschafter'],[],[],[],[]
[],['Amtsblatt für die Aktiengesellschaften und Gesellschaften mit beschränkter Haftung'],[],['Amtsblatt für die Aktiengesellschaften und Gesellschaften mit beschränkter Haftung'],['Amtsblatt für die Aktiengesellschaften und Gesellschaften mit beschränkter Haftung'],[],['Amtsblatt für die Aktiengesellschaften und Gesellschaften mit beschränkter Haftung'],['Amtsblatt für die Aktiengesellschaften und Gesellschaften mit beschränkter Haftung'],[],[],['Amtsblatt für die Aktiengesellschaften und Gesellschaften mit beschränkter Haftung'],['Amtsblatt für die Aktiengesellschaften und Gesellschaften mit beschränkter Haftung'],['Amtsblatt für die Aktiengesellschaften und Gesellschaften mit beschränkter Haftung'],[],['Amtsblatt für die Aktiengesellschaften und Gesellschaften mit beschränkter Haftung'],['Amtsblatt für die Aktiengesellschaften und Gesellschaften mit beschränkter Haftung']
['Rücklagen'],['Rücklagen'],['Rücklagen'],['Rücklagen'],['Rücklagen'],['Rücklagen'],['Rücklagen'],['Rücklagen'],['Rücklagen'],['Rücklagen'],['Rücklagen'],['Rücklagen'],['Rücklagen'],['Rücklagen'],['Rücklagen'],['Rücklagen']
['Gesamtrechtsnachfolge'],['Gesamtrechtsnachfolge'],[],['Gesamtrechtsnachfolge'],['Gesamtrechtsnachfolge'],['Gesamtrechtsnachfolge'],['Gesamtrechtsnachfolge'],['Gesamtrechtsnachfolge'],['Gesamtrechtsnachfolge'],['Gesamtrechtsnachfolge'],['Gesamtrechtsnachfolge'],[],['Gesamtrechtsnachfolge'],[],['Gesamtrechtsnachfolge'],['Gesamtrechtsnachfolge']
[],['Recht auf den Gewinn'],[],[],[],[],[],[],[],[],[],[],[],[],[],[]
['persönlich Einwendung'],['persönlich Einwendung'],[],['persönlich Einwendung'],['persönlich Einwendung'],['persönlich Einwendung'],['persönlich Einwendung'],['persönlich Einwendung'],['persönlich Einwendung'],['persönlich Einwendung'],['persönlich Einwendung'],['persönlich Einwendung'],['persönlich Einwendung'],['persönlich Einwendung'],['persönlich Einwendung'],['persönlich Einwendung']
['abhängig Gesellschaft'],['abhängig Gesellschaft'],[],['abhängig Gesellschaft'],['abhängig Gesellschaft'],[],['abhängig Gesellschaft'],['abhängig Gesellschaft'],['abhängig Gesellschaft'],[],['abhängig Gesellschaft'],['abhängig Gesellschaft'],['abhängig Gesellschaft'],[],['abhängig Gesellschaft'],['abhängig Gesellschaft']
['verbunden Gesellschaft'],['verbunden Gesellschaft'],[],['verbunden Gesellschaft'],['verbunden Gesellschaft'],['verbunden Gesellschaft'],['verbunden Gesellschaft'],['verbunden Gesellschaft'],['verbunden Gesellschaft'],['verbunden Gesellschaft'],['verbunden Gesellschaft'],['verbunden Gesellschaft'],['verbunden Gesellschaft'],['verbunden Gesellschaft'],['verbunden Gesellschaft'],['verbunden Gesellschaft']
['außerordentliche Gesellschafterversammlung'],['außerordentliche Gesellschafterversammlung'],[],[],[],['außerordentliche Gesellschafterversammlung'],[],[],['außerordentliche Gesellschafterversammlung'],['außerordentliche Gesellschafterversammlung'],['außerordentliche Gesellschafterversammlung'],[],['außerordentliche Gesellschafterversammlung'],['außerordentliche Gesellschafterversammlung'],[],['außerordentliche Gesellschafterversammlung']
['Schaden'],"['Schaden', 'Schaden']","['Schaden', 'Schaden']","['Schaden', 'Schaden']","['Schaden', 'Schaden']","['Schaden', 'Schaden']","['Schaden', 'Schaden']","['Schaden', 'Schaden']",['Schaden'],"['Schaden', 'Schaden']","['Schaden', 'Schaden']","['Schaden', 'Schaden']","['Schaden', 'Schaden']","['Schaden', 'Schaden']","['Schaden', 'Schaden']","['Schaden', 'Schaden']"
['Eigentumsvorbehalt'],['Eigentumsvorbehalt'],[],['Eigentumsvorbehalt'],[],[],['Eigentumsvorbehalt'],['Eigentumsvorbehalt'],[],[],['Eigentumsvorbehalt'],[],['Eigentumsvorbehalt'],[],['Eigentumsvorbehalt'],['Eigentumsvorbehalt']
['Annahme der Erbschaft'],['Annahme der Erbschaft'],[],['Annahme der Erbschaft'],['Annahme der Erbschaft'],['Annahme der Erbschaft'],['Annahme der Erbschaft'],['Annahme der Erbschaft'],['Annahme der Erbschaft'],['Annahme der Erbschaft'],['Annahme der Erbschaft'],['Annahme der Erbschaft'],['Annahme der Erbschaft'],['Annahme der Erbschaft'],['Annahme der Erbschaft'],['Annahme der Erbschaft']
['Annahme der Erbschaft'],['Annahme der Erbschaft'],[],['Annahme der Erbschaft'],['Annahme der Erbschaft'],['Annahme der Erbschaft'],['Annahme der Erbschaft'],['Annahme der Erbschaft'],['Annahme der Erbschaft'],['Annahme der Erbschaft'],['Annahme der Erbschaft'],['Annahme der Erbschaft'],['Annahme der Erbschaft'],['Annahme der Erbschaft'],['Annahme der Erbschaft'],['Annahme der Erbschaft']
['Buch über die Sitzungen und Beschlüsse'],['Buch über die Sitzungen und Beschlüsse'],[],['Buch über die Sitzungen und Beschlüsse'],['Buch über die Sitzungen und Beschlüsse'],['Buch über die Sitzungen und Beschlüsse'],['Buch über die Sitzungen und Beschlüsse'],['Buch über die Sitzungen und Beschlüsse'],['Buch über die Sitzungen und Beschlüsse'],[],['Buch über die Sitzungen und Beschlüsse'],['Buch über die Sitzungen und Beschlüsse'],['Buch über die Sitzungen und Beschlüsse'],[],['Buch über die Sitzungen und Beschlüsse'],['Buch über die Sitzungen und Beschlüsse']
['Buch über die Sitzungen und Beschlüsse'],['Buch über die Sitzungen und Beschlüsse'],[],[],['Buch über die Sitzungen und Beschlüsse'],[],[],[],['Buch über die Sitzungen und Beschlüsse'],[],[],['Buch über die Sitzungen und Beschlüsse'],['Buch über die Sitzungen und Beschlüsse'],[],[],['Buch über die Sitzungen und Beschlüsse']
['Masseverwalter'],['Masseverwalter'],[],['Masseverwalter'],['Masseverwalter'],[],['Masseverwalter'],['Masseverwalter'],['Masseverwalter'],[],['Masseverwalter'],['Masseverwalter'],['Masseverwalter'],[],['Masseverwalter'],['Masseverwalter']
['Nichtwählbarkeit'],['Nichtwählbarkeit'],['Unwählbarkeit'],['Nichtwählbarkeit'],['Nichtwählbarkeit'],['Nichtwählbarkeit'],['Nichtwählbarkeit'],['Nichtwählbarkeit'],['Nichtwählbarkeit'],['Nichtwählbarkeit'],['Nichtwählbarkeit'],['Nichtwählbarkeit'],['Nichtwählbarkeit'],['Nichtwählbarkeit'],['Nichtwählbarkeit'],['Nichtwählbarkeit']
[],[],[],[],[],[],[],[],[],['zur Erbschaft berufene Person'],[],[],[],[],[],[]
['gesetzliche Rücklage'],['gesetzliche Rücklage'],['gesetzliche Rücklage'],['gesetzliche Rücklage'],['gesetzliche Rücklage'],['gesetzliche Rücklage'],['gesetzliche Rücklage'],['gesetzliche Rücklage'],['gesetzliche Rücklage'],"['gesetzliche Rücklage', 'gesetzliche Rücklage']",['gesetzliche Rücklage'],['gesetzliche Rücklage'],['gesetzliche Rücklage'],['gesetzliche Rücklage'],['gesetzliche Rücklage'],['gesetzliche Rücklage']
['Gesellschaftsbücher'],['Gesellschaftsbücher'],[],['Gesellschaftsbücher'],['Gesellschaftsbücher'],['Gesellschaftsbücher'],['Gesellschaftsbücher'],['Gesellschaftsbücher'],['Gesellschaftsbücher'],['Gesellschaftsbücher'],['Gesellschaftsbücher'],['Gesellschaftsbücher'],['Gesellschaftsbücher'],['Gesellschaftsbücher'],['Gesellschaftsbücher'],['Gesellschaftsbücher']
['Gesellschafterbuch'],['Gesellschafterbuch'],[],['Gesellschafterbuch'],['Gesellschafterbuch'],['Gesellschafterbuch'],['Gesellschafterbuch'],['Gesellschafterbuch'],['Gesellschafterbuch'],['Gesellschafterbuch'],['Gesellschafterbuch'],['Gesellschafterbuch'],['Gesellschafterbuch'],['Gesellschafterbuch'],['Gesellschafterbuch'],['Gesellschafterbuch']
['Gesellschafterbuch'],['Gesellschafterbuch'],[],[],[],['Mitgliedsbuch'],[],[],['Mitgliedsbuch'],['Gesellschafterbuch'],[],[],[],[],[],[]
['Buch über die Schuldverschreibungen'],['Buch über die Schuldverschreibungen'],[],['Buch über die Schuldverschreibungen'],['Buch über die Schuldverschreibungen'],[],['Buch über die Schuldverschreibungen'],['Buch über die Schuldverschreibungen'],['Buch über die Schuldverschreibungen'],[],['Buch über die Schuldverschreibungen'],['Buch über die Schuldverschreibungen'],['Buch über die Schuldverschreibungen'],['Buch über die Schuldverschreibungen'],['Buch über die Schuldverschreibungen'],['Buch über die Schuldverschreibungen']
[],[],[],[],[],[],[],[],[],[],[],[],[],[],[],[]
['Bilanz'],['Bilanz'],"['Bilanz', 'Bilanz']",['Bilanz'],['Bilanz'],['Bilanz'],['Bilanz'],['Bilanz'],['Bilanz'],['Bilanz'],['Bilanz'],['Bilanz'],['Bilanz'],['Bilanz'],['Bilanz'],['Bilanz']
['Rechnungsbücher'],['Rechnungsbücher'],[],['Rechnungsbücher'],['Rechnungsbücher'],['Rechnungsbücher'],['Rechnungsbücher'],['Rechnungsbücher'],['Rechnungsbücher'],['Rechnungsbücher'],['Rechnungsbücher'],['Rechnungsbücher'],['Rechnungsbücher'],['Rechnungsbücher'],['Rechnungsbücher'],['Rechnungsbücher']
"['Einnahme', 'Einnahme']",['Einnahme'],[],"['Einnahme', 'Einnahme']",['Einnahme'],"['Einnahme', 'Einnahme']","['Einnahme', 'Einnahme']","['Einnahme', 'Einnahme']",['Einnahme'],"['Einnahme', 'Einnahme']","['Einnahme', 'Einnahme']","['Einnahme', 'Einnahme']",['Einnahme'],"['Einnahme', 'Einnahme']","['Einnahme', 'Einnahme']","['Einnahme', 'Einnahme']"
['immateriell Anlagevermögen'],['immateriell Anlagevermögen'],[],['immaterielles Anlagevermögen'],['immateriell Anlagevermögen'],[],['immaterielles Anlagevermögen'],['immaterielles Anlagevermögen'],['immateriell Anlagevermögen'],[],['immateriell Anlagevermögen'],['immateriell Anlagevermögen'],['immaterielles Anlagevermögen'],['immateriell Anlagevermögen'],['immaterielles Anlagevermögen'],['immaterielles Anlagevermögen']
['Kosten'],['Aufwendungen'],['Kosten'],['Ausgaben'],['Kosten'],['Ausgaben'],['Ausgaben'],['Aufwendungen'],['Kosten'],"['Ausgaben', 'Ausgaben']",['Kosten'],['Ausgaben'],[],['Ausgaben'],['Kosten'],['Ausgaben']
['Kosten'],['Kosten'],['Kosten'],['Kosten'],['Kosten'],['Kosten'],['Kosten'],['Kosten'],['Kosten'],['Kosten'],['Kosten'],['Kosten'],['Kosten'],['Kosten'],['Kosten'],['Kosten']
['Kosten'],['Kosten'],['Kosten'],['Kosten'],['Kosten'],['Kosten'],['Kosten'],['Kosten'],['Kosten'],['Kosten'],['Kosten'],['Kosten'],['Kosten'],['Kosten'],['Kosten'],['Kosten']
['Aufwendungen'],['Aufwendungen'],['Ausgaben'],['Aufwendungen'],['Aufwendungen'],['Ausgaben'],['Aufwendungen'],['Aufwendungen'],['Aufwendungen'],['Ausgaben'],['Aufwendungen'],['Aufwendungen'],['Aufwendungen'],['Aufwendungen'],['Aufwendungen'],['Aufwendungen']
"['Marke', 'Marke']","['Marke', 'Marke']",['Marke'],"['Marke', 'Marke']",[],"['Marke', 'Marke']","['Marke', 'Marke']","['Marke', 'Marke']",['Marke'],"['Marke', 'Marke']","['Marke', 'Marke']","['Marke', 'Marke']","['Marke', 'Marke']","['Marke', 'Marke']","['Marke', 'Marke']","['Marke', 'Marke']"
[],['Sachanlagevermögen'],[],[],[],[],[],[],[],[],[],['Sachanlagevermögen'],[],[],[],[]
['Finanzanlagevermögen'],['Finanzanlagevermögen'],[],['Finanzanlagevermögen'],[],[],['Finanzanlagevermögen'],['Finanzanlagevermögen'],['Finanzanlagevermögen'],[],['Finanzanlagevermögen'],['Finanzanlagevermögen'],['Finanzanlagevermögen'],[],['Finanzanlagevermögen'],['Finanzanlagevermögen']
[],[],[],[],['Einkommenssteuer der natürlichen Personen'],[],[],[],[],['Einkommensteuer der natürlichen Personen'],[],[],[],[],[],[]
['Mehrwertsteuer'],['Mehrwertsteuer'],[],['Mehrwertsteuer'],['Mehrwertsteuer'],['Mehrwertsteuer'],['Mehrwertsteuer'],['Mehrwertsteuer'],[],['Mehrwertsteuer'],['Mehrwertsteuer'],['Mehrwertsteuer'],['Mehrwertsteuer'],['Mehrwertsteuer'],['Mehrwertsteuer'],['Mehrwertsteuer']
['Mehrwertsteuer'],['Mehrwertsteuer'],['Mehrwertsteuer'],['Mehrwertsteuer'],['Mehrwertsteuer'],['Mehrwertsteuer'],['Mehrwertsteuer'],['Mehrwertsteuer'],['Mehrwertsteuer'],['Mehrwertsteuer'],['Mehrwertsteuer'],['Mehrwertsteuer'],['Mehrwertsteuer'],['Mehrwertsteuer'],['Mehrwertsteuer'],['Mehrwertsteuer']
['Eigenkapital'],['Reinvermögen'],['Eigenkapital'],['Eigenkapital'],['Reinvermögen'],"['Eigenkapital', 'Eigenkapital']",['Eigenkapital'],['Eigenkapital'],[],[],"['Eigenkapital', 'Eigenkapital']",['Eigenkapital'],['Eigenkapital'],['Eigenkapital'],['Eigenkapital'],['Eigenkapital']
['Eigenkapital'],['Eigenkapital'],[],['Eigenkapital'],['Eigenkapital'],[],['Eigenkapital'],['Eigenkapital'],['Eigenkapital'],[],['Eigenkapital'],['Eigenkapital'],['Eigenkapital'],['Eigenkapital'],['Eigenkapital'],['Eigenkapital']
['Aktiva'],['Aktiva'],[],['Aktiva'],['Aktiva'],['Aktiva'],['Aktiva'],['Aktiva'],['Aktiva'],['Aktiva'],['Aktiva'],['Aktiva'],['Aktiva'],['Aktiva'],['Aktiva'],['Aktiva']
[],[],[],[],[],[],[],[],[],[],[],[],[],[],[],[]
['Aktivseite'],['Aktiva'],[],['Aktiva'],['Aktivseite'],['Aktiva'],['Aktiva'],['Aktiva'],['Aktivseite'],['Aktivvermögen'],['Aktiva'],['Aktiva'],['Aktiva'],['Aktiva'],['Aktiva'],['Aktivseite']
['Passiva'],['Passiva'],[],['Passiva'],['Passiva'],['Passivseite'],['Passiva'],['Passiva'],['Passiva'],['Passiva'],['Passiva'],['Passiva'],['Passiva'],['Passiva'],['Passiva'],['Passiva']
['Passiva'],['Passiva'],[],['Passivseite'],['Passiva'],['Passiva'],['Passivseite'],['Passivseite'],['Passiva'],['Passiva'],['Passiva'],['Passiva'],['Passivseite'],['Passivseite'],['Passivseite'],['Passivseite']
[],[],[],[],['Wechselbürgschaft'],[],[],[],[],[],[],[],['Wechselbürgschaft'],[],[],['Wechselbürgschaft']
[],['Gutschrift'],[],['Gutschrift'],[],[],['Gutschrift'],['Gutschrift'],[],[],['Gutschrift'],[],['Gutschrift'],[],['Gutschrift'],['Gutschrift']
['Produktionskosten'],['Produktionskosten'],['Produktionskosten'],['Produktionskosten'],['Produktionskosten'],['Produktionskosten'],['Produktionskosten'],['Produktionskosten'],['Produktionskosten'],['Produktionskosten'],['Produktionskosten'],['Produktionskosten'],['Produktionskosten'],['Produktionskosten'],['Produktionskosten'],['Produktionskosten']
['Erbschaftssteuer'],['Erbschaftssteuer'],[],['Erbschaftssteuer'],['Erbschaftssteuer'],[],['Erbschaftssteuer'],['Erbschaftssteuer'],['Erbschaftssteuer'],['Erbschaftssteuer'],['Erbschaftssteuer'],[],['Erbschaftssteuer'],['Erbschaftssteuer'],['Erbschaftssteuer'],['Erbschaftssteuer']
[],[],[],[],[],['Mehrwert'],[],[],[],[],[],[],[],['Mehrwert'],[],[]
[],[],[],[],[],[],[],[],[],[],[],[],[],[],[],[]
['gesetzlich Kurs'],[],[],[],['gesetzlich Kurs'],['gesetzlich Kurs'],[],[],[],['gesetzlich Kurs'],[],[],[],['gesetzlich Kurs'],[],[]
['nackt Eigentum'],['nackt Eigentum'],['nackt Eigentum'],['nackt Eigentum'],['nackt Eigentum'],['nackt Eigentum'],['nackt Eigentum'],['nackt Eigentum'],['nackt Eigentum'],['nackt Eigentum'],['nackt Eigentum'],['nackt Eigentum'],['nackt Eigentum'],['nackt Eigentum'],['nackt Eigentum'],['nackt Eigentum']
['Kapitalerhöhung'],['Kapitalerhöhung'],['Kapitalerhöhung'],['Kapitalerhöhung'],['Kapitalerhöhung'],['Erhöhung des Kapitals'],['Kapitalerhöhung'],['Kapitalerhöhung'],['Kapitalerhöhung'],['Kapitalerhöhung'],['Kapitalerhöhung'],['Kapitalerhöhung'],['Kapitalerhöhung'],['Kapitalerhöhung'],['Kapitalerhöhung'],['Kapitalerhöhung']
[],[],[],[],[],[],[],[],[],[],[],[],[],[],[],[]
['Umwandlung'],['Umwandlung'],['Umwandlung'],['Umwandlung'],['Umwandlung'],['Umwandlung'],['Umwandlung'],['Umwandlung'],['Umwandlung'],['Umwandlung'],['Umwandlung'],['Umwandlung'],['Umwandlung'],['Umwandlung'],['Umwandlung'],['Umwandlung']
[],[],['übernehmende Gesellschaft'],[],[],[],[],[],[],[],[],[],[],[],[],[]
['gerichtlich Schutz'],['gerichtlich Schutz'],['gerichtlich Schutz'],['gerichtlich Schutz'],['gerichtlich Schutz'],['gerichtlich Schutz'],['gerichtlich Schutz'],['gerichtlich Schutz'],['gerichtlich Schutz'],[],['gerichtlich Schutz'],['gerichtlich Schutz'],['gerichtlich Schutz'],[],['gerichtlich Schutz'],['gerichtlich Schutz']
[],['Vollstreckungsverfahren'],[],[],['Zwangsvollstreckungsverfahren'],['Zwangsvollstreckungsverfahren'],[],[],['Vollstreckungsverfahren'],['Zwangsvollstreckungsverfahren'],[],[],['Zwangsvollstreckungsverfahren'],['Zwangsvollstreckungsverfahren'],[],[]
[],[],[],[],[],[],[],[],[],[],[],[],[],[],[],[]
[],[],[],[],[],[],[],[],[],[],[],[],[],[],[],[]
['Feiertagsarbeit'],['Feiertagsarbeit'],[],['Feiertagsarbeit'],['Feiertagsarbeit'],['Feiertagsarbeit'],['Feiertagsarbeit'],['Feiertagsarbeit'],['Feiertagsarbeit'],[],['Feiertagsarbeit'],['Feiertagsarbeit'],['Feiertagsarbeit'],[],['Feiertagsarbeit'],['Feiertagsarbeit']
['Gehalt'],['Gehalt'],['Gehalt'],['Gehalt'],['Gehalt'],['Gehalt'],['Gehalt'],['Gehalt'],['Gehalt'],['Gehalt'],['Gehalt'],['Gehalt'],['Gehalt'],['Gehalt'],['Gehalt'],['Gehalt']
['Beteiligung am Gewinn'],['Beteiligung am Gewinn'],['Beteiligung am Gewinn'],['Beteiligung am Gewinn'],[],['Beteiligung am Gewinn'],['Beteiligung am Gewinn'],['Beteiligung am Gewinn'],[],[],[],[],['Beteiligung am Gewinn'],[],['Beteiligung am Gewinn'],['Beteiligung am Gewinn']
['Gewinnbeteiligung'],['Gewinnbeteiligung'],[],['Gewinnbeteiligung'],['Gewinnbeteiligung'],['Gewinnbeteiligung'],['Gewinnbeteiligung'],['Gewinnbeteiligung'],['Gewinnbeteiligung'],[],['Gewinnbeteiligung'],['Gewinnbeteiligung'],['Gewinnbeteiligung'],['Gewinnbeteiligung'],['Gewinnbeteiligung'],['Gewinnbeteiligung']
[],[],[],['Lohnstreifen'],[],[],['Lohnstreifen'],['Lohnstreifen'],[],[],['Lohnstreifen'],['Lohnstreifen'],[],[],['Lohnstreifen'],[]
['Lohnstreifen'],[],[],['Lohnstreifen'],[],[],['Lohnstreifen'],['Lohnstreifen'],[],[],['Lohnstreifen'],['Lohnstreifen'],['Lohnstreifen'],[],['Lohnstreifen'],['Lohnstreifen']
['Lohnstreifen'],[],[],[],[],[],[],[],[],[],[],['Lohnstreifen'],[],[],[],[]
['Wählerliste'],['Wählerliste'],['Wählerliste'],['Wählerliste'],['Wählerliste'],['Wählerliste'],['Wählerliste'],['Wählerliste'],['Wählerliste'],['Wählerliste'],['Wählerliste'],['Wählerliste'],['Wählerliste'],['Wählerliste'],['Wählerliste'],['Wählerliste']
['Praktikum'],['Praktikum'],['Praktikum'],['Praktikum'],['Praktikum'],['Praktikum'],['Praktikum'],['Praktikum'],['Praktikum'],['Praktikum'],['Praktikum'],['Praktikum'],['Praktikum'],['Praktikum'],['Praktikum'],['Praktikum']
[],[],[],[],['Abschlussrechnung'],['Jahresabschluss'],[],[],[],['Jahresabschluss'],[],['Abschlussrechnung'],[],['Abschlussbilanz'],[],[]
['Jahresabschluss'],[],[],[],['Rechnungslegung'],[],[],[],[],['Jahresabschluss'],[],[],[],[],[],[]
[],[],[],[],[],[],[],[],[],[],[],[],['Sicherungsbeschlagnahme'],[],[],[]
['Auftragnehmer'],['Unternehmer'],['Auftragnehmer'],['Auftragnehmer'],['Auftragnehmer'],['Auftragnehmer'],['Unternehmer'],['Auftragnehmer'],['Auftragnehmer'],['Auftragnehmer'],['Auftragnehmer'],['Unternehmer'],['Auftragnehmer'],['Auftragnehmer'],['Unternehmer'],['Unternehmer']
"['Auftragnehmer', 'Auftragnehmer']",[],['Auftragnehmer'],['Unternehmer'],[],[],['Unternehmer'],['Unternehmer'],[],[],['Auftragnehmer'],[],[],['Auftragnehmer'],['Unternehmer'],['Unternehmer']
"['Unternehmer', 'Auftragnehmer']",['Unternehmer'],['Auftragnehmer'],['Unternehmer'],['Unternehmer'],['Unternehmer'],['Unternehmer'],['Unternehmer'],['Auftragnehmer'],['Unternehmer'],['Unternehmer'],['Unternehmer'],['Unternehmer'],['Unternehmer'],['Unternehmer'],['Unternehmer']
[],[],['alleinig Verwalter'],[],[],[],['Alleinverwalter'],[],['Alleinverwalter'],[],['alleinig Verwalter'],[],['Alleinverwalter'],[],['Alleinverwalter'],['Alleinverwalter']
[],[],[],[],[],['Rechtshandlungen der ordentlichen Verwaltung'],[],[],['Rechtshandlungen der ordentlichen Verwaltung'],[],[],[],[],[],[],[]
[],[],[],[],[],[],['Mitgliederversammlung'],[],[],[],[],[],[],[],[],[]
['Anvertrauung der Minderjährigen'],[],[],[],['Anvertrauung der Minderjährigen'],['Anvertrauung der Minderjährigen'],[],[],[],[],[],['Anvertrauung der Minderjährigen'],['Anvertrauung der Minderjährigen'],['Anvertrauung der Minderjährigen'],[],[]
['Anvertrauung der Minderjährigen'],[],[],[],['Anvertrauung der Minderjährigen'],['Anvertrauung der Minderjährigen'],[],[],[],['Anvertrauung der Minderjährigen'],['Anvertrauung der Minderjährigen'],['Anvertrauung der Minderjährigen'],['Anvertrauung der Minderjährigen'],['Anvertrauung der Minderjährigen'],[],[]
[],[],[],['Güter'],[],[],['Güter'],['Güter'],['Güter'],[],['Güter'],['Güter'],['Güter'],['Güter'],['Güter'],['Güter']
['Lehre'],['Lehre'],['Lehrlingausbildung'],['Lehre'],['Lehre'],['Lehrlingausbildung'],['Lehre'],['Lehre'],['Lehre'],[],['Lehre'],['Lehre'],['Lehre'],['Lehre'],['Lehre'],['Lehre']
[],[],[],['Aufsichtsbeschwerde'],[],[],['Aufsichtsbeschwerde'],['Aufsichtsbeschwerde'],['Aufsichtsbeschwerde'],['hierarchisch Rekurs'],['Aufsichtsbeschwerde'],['Aufsichtsbeschwerde'],[],[],['Aufsichtsbeschwerde'],['Aufsichtsbeschwerde']
[],[],['öffentlich-rechtlicher Vertrag'],[],[],[],[],[],[],[],[],['öffentlich-rechtlicher Vertrag'],['öffentlich-rechtlicher Vertrag'],[],['öffentlich-rechtlicher Vertrag'],[]
['Transparenz der Verwaltungstätigkeit'],[],['Transparenz der Verwaltungstätigkeit'],['Transparenz der Verwaltungstätigkeit'],['Transparenz der Verwaltungstätigkeit'],['Transparenz der Verwaltungstätigkeit'],['Transparenz der Verwaltungstätigkeit'],['Transparenz der Verwaltungstätigkeit'],['Transparenz der Verwaltungstätigkeit'],['Transparenz der Verwaltungstätigkeit'],['Transparenz der Verwaltungstätigkeit'],['Transparenz der Verwaltungstätigkeit'],['Transparenz der Verwaltungstätigkeit'],['Transparenz der Verwaltungstätigkeit'],['Transparenz der Verwaltungstätigkeit'],['Transparenz der Verwaltungstätigkeit']
[],[],[],[],[],[],[],[],[],[],[],[],[],[],[],[]
[],[],[],[],[],[],[],[],[],[],[],[],[],[],[],[]
['Arbeit'],['Arbeit'],[],['Arbeit'],['Arbeit'],['Arbeit'],['Arbeit'],['Arbeit'],['Arbeit'],[],['Arbeit'],['Arbeit'],['Arbeit'],['Arbeit'],['Arbeit'],['Arbeit']
[],[],[],[],[],[],[],[],[],[],[],[],[],[],[],[]
[],[],[],[],[],[],[],[],[],[],[],[],[],[],[],[]
['Untauglichkeit'],['Untauglichkeit'],['Untauglichkeit'],['Untauglichkeit'],['Untauglichkeit'],['Untauglichkeit'],['Untauglichkeit'],['Untauglichkeit'],['Untauglichkeit'],[],['Untauglichkeit'],['Untauglichkeit'],['Untauglichkeit'],['Untauglichkeit'],['Untauglichkeit'],['Untauglichkeit']
[],['abgeleitete Firma'],['abgeleitete Firma'],['abgeleitete Firma'],[],['abgeleitete Firma'],['abgeleitete Firma'],['abgeleitete Firma'],['abgeleitete Firma'],['abgeleitete Firma'],['abgeleitete Firma'],[],['abgeleitete Firma'],['abgeleitete Firma'],['abgeleitete Firma'],['abgeleitete Firma']
[],[],[],[],[],[],[],[],[],[],[],[],[],[],['Verlust am Gesellschaftskapital'],[]
['Komplementär'],['Komplementär'],[],['Komplementär'],['Komplementär'],['Komplementär'],['Komplementär'],['Komplementär'],['Komplementär'],['Komplementär'],['Komplementär'],['Komplementär'],['Komplementär'],['Komplementär'],['Komplementär'],['Komplementär']
['Ausgabe'],['Ausgabe'],['Ausgabe'],['Ausgabe'],['Ausgabe'],['Ausgabe'],['Ausgabe'],['Ausgabe'],['Ausgabe'],['Ausgabe'],['Ausgabe'],['Ausgabe'],['Ausgabe'],['Ausgabe'],['Ausgabe'],['Ausgabe']
['Beauftragter'],['Beauftragter'],[],['Beauftragter'],['Beauftragter'],['Beauftragter'],['Beauftragter'],['Beauftragter'],['Beauftragter'],['Beauftragter'],['Beauftragter'],['Beauftragter'],['Beauftragter'],['Beauftragter'],['Beauftragter'],['Beauftragter']
[],[],[],[],[],[],[],[],[],[],[],[],[],[],[],[]
[],[],[],[],[],[],[],[],[],[],[],[],[],[],[],[]
[],[],[],[],[],[],[],[],[],[],[],[],[],[],[],[]
[],[],[],[],[],[],[],[],[],[],[],[],[],[],[],[]
[],[],[],[],[],[],[],[],[],[],['Flucht'],[],['Flucht'],[],[],[]
['stattgebend Urteil'],[],[],['stattgebend Urteil'],['stattgebend Urteil'],[],['stattgebend Urteil'],['stattgebend Urteil'],['stattgebend Urteil'],[],['stattgebend Urteil'],['stattgebend Urteil'],['stattgebend Urteil'],[],['stattgebend Urteil'],['stattgebend Urteil']
['Sicherungsmaßnahmen'],['Sicherungsmaßnahmen'],[],['Sicherungsmaßnahmen'],['Sicherungsmaßnahmen'],[],[],['Sicherungsmaßnahmen'],[],[],[],['Sicherungsmaßnahmen'],['Sicherungsmaßnahmen'],['Sicherungsmaßnahmen'],['Sicherungsmaßnahmen'],['Sicherungsmaßnahmen']
['Sicherungsmaßnahmen'],['Sicherungsmaßnahmen'],[],['Sicherungsmaßnahmen'],['Sicherungsmaßnahmen'],[],['Sicherungsmaßnahmen'],['Sicherungsmaßnahmen'],['Sicherungsmaßnahmen'],['Sicherungsmaßnahmen'],['Sicherungsmaßnahmen'],['Sicherungsmaßnahmen'],['Sicherungsmaßnahmen'],['Sicherungsmaßnahmen'],['Sicherungsmaßnahmen'],['Sicherungsmaßnahmen']
['Sicherungsmaßnahme'],['Sicherungsmaßnahme'],[],['Sicherungsmaßnahme'],['Sicherungsmaßnahme'],[],['Sicherungsmaßnahme'],['Sicherungsmaßnahme'],['Sicherungsmaßnahme'],[],[],['Sicherungsmaßnahme'],['Sicherungsmaßnahme'],[],['Sicherungsmaßnahme'],['Sicherungsmaßnahme']
[],['zurechnungsfähig'],[],['zurechnungsfähig'],[],[],"['zurechnungsfähig', 'zurechnungsfähig']",['zurechnungsfähig'],[],[],['zurechnungsfähig'],['zurechnungsfähig'],['zurechnungsfähig'],[],"['zurechnungsfähig', 'zurechnungsfähig']","['zurechnungsfähig', 'zurechnungsfähig']"
[],[],[],[],[],[],[],[],[],['Willensfähigkeit'],[],[],[],['Willensfähigkeit'],[],[]
[],['Vormundschaft'],[],['Vormundschaft'],['Vormundschaft'],[],['Vormundschaft'],['Vormundschaft'],['Vormundschaft'],[],['Vormundschaft'],['Vormundschaft'],['Vormundschaft'],[],['Vormundschaft'],['Vormundschaft']
['Verteidigungsschrift'],['Verteidigungsschrift'],['Verteidigungsschrift'],['Verteidigungsschrift'],['Verteidigungsschrift'],['Verteidigungsschrift'],['Verteidigungsschrift'],['Verteidigungsschrift'],[],['Verteidigungsschrift'],['Verteidigungsschrift'],['Verteidigungsschrift'],['Verteidigungsschrift'],['Verteidigungsschrift'],['Verteidigungsschrift'],['Verteidigungsschrift']
['Verteidigungsschrift'],['Verteidigungsschrift'],['Verteidigungsschrift'],['Verteidigungsschrift'],['Verteidigungsschrift'],['Verteidigungsschrift'],['Verteidigungsschrift'],['Verteidigungsschrift'],[],['Verteidigungsschrift'],['Verteidigungsschrift'],['Verteidigungsschrift'],['Verteidigungsschrift'],[],['Verteidigungsschrift'],['Verteidigungsschrift']
[],[],[],[],[],[],[],[],[],[],[],[],[],[],[],[]
[],['Hangverbrecher'],[],['Hangverbrecher'],[],[],['Hangverbrecher'],['Hangverbrecher'],[],[],['Hangverbrecher'],['Hangverbrecher'],['Hangverbrecher'],[],['Hangverbrecher'],['Hangverbrecher']
['Gefängnisstrafe'],['Gefängnis'],[],['Gefängnisstrafe'],['Gefängnis'],['Gefängnisstrafe'],['Gefängnisstrafe'],['Gefängnisstrafe'],['Gefängnis'],['Gefängnis'],['Gefängnisstrafe'],['Gefängnisstrafe'],['Gefängnis'],['Gefängnis'],['Gefängnisstrafe'],['Gefängnisstrafe']
['Geldbuße'],['Geldbuße'],[],['Geldbuße'],['Geldbuße'],['Geldbuße'],['Geldbuße'],['Geldbuße'],[],['Geldbuße'],['Geldbuße'],['Geldbuße'],['Geldbuße'],['Geldbuße'],['Geldbuße'],['Geldbuße']
[],[],[],[],[],[],[],[],[],[],[],[],[],[],[],[]
['außergerichtlich Geständnis'],['außergerichtlich Geständnis'],['außergerichtlich Geständnis'],['außergerichtlich Geständnis'],['außergerichtlich Geständnis'],['außergerichtlich Geständnis'],['außergerichtlich Geständnis'],['außergerichtlich Geständnis'],['außergerichtlich Geständnis'],[],['außergerichtlich Geständnis'],['außergerichtlich Geständnis'],['außergerichtlich Geständnis'],['außergerichtlich Geständnis'],['außergerichtlich Geständnis'],['außergerichtlich Geständnis']
[],[],[],['Verbot der Bekleidung öffentlicher Ämter'],[],[],[],['Verbot der Bekleidung öffentlicher Ämter'],[],[],[],[],['Verbot der Bekleidung öffentlicher Ämter'],[],[],['Verbot der Bekleidung öffentlicher Ämter']
[],[],[],[],[],[],[],[],[],[],[],[],[],[],[],[]
[],[],[],[],[],[],[],[],[],[],[],[],[],[],[],[]
[],[],[],[],[],[],[],[],[],[],[],[],[],[],[],[]
[],['Bestimmung der Strafe'],[],['Bestimmung der Strafe'],[],[],['Bestimmung der Strafe'],['Bestimmung der Strafe'],['Bestimmung der Strafe'],[],[],[],['Bestimmung der Strafe'],['Bestimmung der Strafe'],['Bestimmung der Strafe'],['Bestimmung der Strafe']
['Ausschlussfrist'],['Ausschlussfrist'],[],['Ausschlussfrist'],['Ausschlussfrist'],['Verfallsfrist'],['Ausschlussfrist'],['Ausschlussfrist'],['Verfallsfrist'],[],['Ausschlussfrist'],['Ausschlussfrist'],['Verfallsfrist'],['Ausschlussfrist'],['Ausschlussfrist'],['Ausschlussfrist']
[],[],[],[],[],[],[],[],[],[],[],[],[],[],[],[]
['Vollstreckungsgericht'],['Vollstreckungsgericht'],[],['Vollstreckungsgericht'],['Vollstreckungsgericht'],['Vollstreckungsrichter'],['Vollstreckungsrichter'],['Vollstreckungsgericht'],['Vollstreckungsrichter'],['Vollstreckungsrichter'],['Vollstreckungsgericht'],['Vollstreckungsrichter'],['Vollstreckungsrichter'],['Vollstreckungsrichter'],['Vollstreckungsrichter'],['Vollstreckungsrichter']
['Amtsakte'],['Amtsakte'],[],['Amtsakte'],['Amtsakte'],['Amtsakte'],['Amtsakte'],['Amtsakte'],['Amtsakte'],['Amtsakte'],['Amtsakte'],['Amtsakte'],['Amtsakte'],['Amtsakte'],['Amtsakte'],['Amtsakte']
['Sachverständiger'],['Sachverständiger'],[],['Sachverständiger'],['Sachverständiger'],['Sachverständiger'],['Sachverständiger'],['Sachverständiger'],"['Gerichtssachverständiger', 'Sachverständiger']",[],[],['Sachverständiger'],['Sachverständiger'],[],['Sachverständiger'],[]
[],[],[],[],[],[],[],[],[],[],[],[],[],[],[],[]
[],[],[],[],[],[],[],[],[],[],[],[],[],[],[],[]
[],[],[],[],[],[],[],[],[],[],[],[],[],[],[],[]
['Beförderung'],['Beförderung'],['Beförderung'],['Beförderung'],['Beförderung'],['Beförderung'],['Beförderung'],['Beförderung'],['Beförderung'],['Beförderung'],['Beförderung'],['Beförderung'],['Beförderung'],['Beförderung'],['Beförderung'],['Beförderung']
['Autonomie'],['Autonomie'],['Autonomie'],['Autonomie'],['Autonomie'],['Autonomie'],['Autonomie'],['Autonomie'],['Autonomie'],['Autonomie'],['Autonomie'],[],['Autonomie'],['Autonomie'],['Autonomie'],['Autonomie']
[],[],[],[],[],[],[],[],[],[],[],[],[],[],[],[]
['Richtlinie'],['Richtlinie'],[],['Richtlinie'],['Richtlinie'],['Richtlinie'],['Richtlinie'],['Richtlinie'],['Richtlinie'],['Richtlinie'],['Richtlinie'],['Richtlinie'],['Richtlinie'],['Richtlinie'],['Richtlinie'],['Richtlinie']
[],[],[],[],[],[],[],[],[],['öffentlich angestellter'],[],[],[],['öffentlich angestellter'],[],[]
['öffentlicher Angestellter'],['öffentlicher Angestellter'],['öffentlich angestellter'],['öffentlicher Angestellter'],[],[],['öffentlicher Angestellter'],['öffentlicher Angestellter'],['öffentlicher Angestellter'],[],['öffentlicher Angestellter'],['öffentlicher Angestellter'],['öffentlicher Angestellter'],['öffentlicher Angestellter'],['öffentlicher Angestellter'],['öffentlicher Angestellter']
['Verwaltungsrekurs'],['Verwaltungsrekurs'],"['Verwaltungsbeschwerde', 'Verwaltungsbeschwerde']","['Verwaltungsrekurs', 'Verwaltungsrekurs']",['Verwaltungsrekurs'],['Verwaltungsrekurs'],"['Verwaltungsrekurs', 'Verwaltungsrekurs']","['Verwaltungsrekurs', 'Verwaltungsrekurs']","['Verwaltungsrekurs', 'Verwaltungsrekurs']","['Verwaltungsbeschwerde', 'Verwaltungsbeschwerde']","['Verwaltungsrekurs', 'Verwaltungsrekurs']","['Verwaltungsrekurs', 'Verwaltungsrekurs']","['Verwaltungsrekurs', 'Verwaltungsrekurs']","['Verwaltungsrekurs', 'Verwaltungsrekurs']","['Verwaltungsrekurs', 'Verwaltungsrekurs']","['Verwaltungsrekurs', 'Verwaltungsrekurs']"
['Verwaltungsrekurs'],['Verwaltungsrekurs'],['Verwaltungsbeschwerde'],['Verwaltungsrekurs'],['Verwaltungsrekurs'],['Verwaltungsrekurs'],['Verwaltungsrekurs'],['Verwaltungsrekurs'],['Verwaltungsrekurs'],['Verwaltungsrekurs'],['Verwaltungsrekurs'],['Verwaltungsrekurs'],['Verwaltungsrekurs'],['Verwaltungsrekurs'],['Verwaltungsrekurs'],['Verwaltungsrekurs']
[],[],[],['Hilfeleistung'],[],[],['Hilfeleistung'],['Hilfeleistung'],['Hilfeleistung'],[],['Hilfeleistung'],['Hilfeleistung'],['Hilfeleistung'],[],['Hilfeleistung'],['Hilfeleistung']
['Ermittlungsphase'],[],[],[],[],['Ermittlungsphase'],[],[],[],[],[],['Ermittlungsphase'],[],['Ermittlungsphase'],[],['Ermittlungsphase']
[],['Sachverhaltsermittlung'],[],['Sachverhaltsermittlung'],[],[],['Sachverhaltsermittlung'],['Sachverhaltsermittlung'],[],[],[],[],[],[],[],['Sachverhaltsermittlung']
[],['Sachverhaltsermittlung'],[],[],['Sachverhaltsermittlung'],[],[],[],[],[],[],[],[],[],[],[]
['im Einvernehmen'],['unter Mitwirkung'],['im Einvernehmen'],['unter Mitwirkung'],['im Einvernehmen'],['im Einvernehmen'],['im Einvernehmen'],['unter Mitwirkung'],['unter Mitwirkung'],['im Einvernehmen'],['im Einvernehmen'],['unter Mitwirkung'],['unter Mitwirkung'],['unter Mitwirkung'],['unter Mitwirkung'],['unter Mitwirkung']
[],['Überbauberechtigter'],[],['Überbauberechtigter'],['Überbauberechtigter'],[],['Überbauberechtigter'],['Überbauberechtigter'],[],[],['Überbauberechtigter'],[],['Überbauberechtigter'],[],['Überbauberechtigter'],['Überbauberechtigter']
[],[],[],[],[],[],[],[],[],[],[],[],[],[],[],[]
[],[],[],[],[],['Umweltverträglichkeitsstudie'],[],[],[],['Umweltverträglichkeitsstudie'],[],[],[],[],[],[]
[],[],['Meldepflicht'],[],[],[],[],[],[],[],[],[],[],[],[],[]
[],[],[],[],[],[],[],[],[],[],[],[],[],[],[],[]
['Vertraulichkeit'],['Vertraulichkeit'],[],['Vertraulichkeit'],['Vertraulichkeit'],['Vertraulichkeit'],['Vertraulichkeit'],['Vertraulichkeit'],['Vertraulichkeit'],['Vertraulichkeit'],['Vertraulichkeit'],['Vertraulichkeit'],['Vertraulichkeit'],['Vertraulichkeit'],['Vertraulichkeit'],['Vertraulichkeit']
[],['Wandelschuldverschreibung'],['Wandelschuldverschreibung'],['Wandelschuldverschreibung'],['Wandelschuldverschreibung'],['Wandelschuldverschreibung'],['Wandelschuldverschreibung'],['Wandelschuldverschreibung'],['Wandelschuldverschreibung'],[],['Wandelschuldverschreibung'],['Wandelschuldverschreibung'],['Wandelschuldverschreibung'],['Wandelschuldverschreibung'],['Wandelschuldverschreibung'],['Wandelschuldverschreibung']
[],[],[],[],[],[],[],[],[],[],[],[],[],[],[],[]
[],[],['Personalausweis'],[],[],[],[],[],[],[],[],[],[],[],[],[]
[],[],[],[],[],[],[],[],['Abänderungsantrag'],[],[],['Abänderungsantrag'],[],[],[],[]
['Legislaturperiode'],['Legislaturperiode'],[],['Legislaturperiode'],['Legislaturperiode'],['Gesetzgebungsperiode'],['Legislaturperiode'],['Legislaturperiode'],['Legislaturperiode'],['Legislaturperiode'],['Legislaturperiode'],['Legislaturperiode'],['Legislaturperiode'],['Legislaturperiode'],['Legislaturperiode'],['Legislaturperiode']
['Legislaturperiode'],['Legislaturperiode'],['Legislaturperiode'],['Legislaturperiode'],['Legislaturperiode'],['Gesetzgebungsperiode'],['Legislaturperiode'],['Legislaturperiode'],['Legislaturperiode'],['Legislaturperiode'],['Legislaturperiode'],['Legislaturperiode'],['Legislaturperiode'],['Legislaturperiode'],['Legislaturperiode'],['Legislaturperiode']
['Gesetzgebungsperiode'],['Legislaturperiode'],['Legislaturperiode'],['Legislaturperiode'],['Legislaturperiode'],['Gesetzgebungsperiode'],['Legislaturperiode'],['Legislaturperiode'],['Legislaturperiode'],['Legislaturperiode'],['Legislaturperiode'],['Legislaturperiode'],['Legislaturperiode'],['Legislaturperiode'],['Legislaturperiode'],['Legislaturperiode']
['Erbschein'],['Erbschein'],['Erbschein'],['Erbschein'],['Erbschein'],['Erbschein'],['Erbschein'],['Erbschein'],['Erbschein'],[],['Erbschein'],['Erbschein'],['Erbschein'],['Erbschein'],['Erbschein'],['Erbschein']
['Erbschein'],['Erbschein'],['Erbschein'],['Erbschein'],['Erbschein'],[],['Erbschein'],['Erbschein'],['Erbschein'],[],['Erbschein'],['Erbschein'],['Erbschein'],['Erbschein'],['Erbschein'],['Erbschein']
['Gesetzesvorschlag'],['Gesetzesvorschlag'],['Gesetzentwurf'],['Gesetzesvorschlag'],['Gesetzesvorschlag'],['Gesetzesvorschlag'],['Gesetzesvorschlag'],['Gesetzesvorschlag'],['Gesetzentwurf'],['Gesetzesvorschlag'],['Gesetzesvorschlag'],['Gesetzentwurf'],['Gesetzesvorschlag'],['Gesetzesvorschlag'],['Gesetzesvorschlag'],['Gesetzesvorschlag']
['Gesetzesvorschlag'],['Gesetzesvorschlag'],['Gesetzentwurf'],['Gesetzesvorschlag'],['Gesetzesvorschlag'],['Gesetzesvorschlag'],['Gesetzesvorschlag'],['Gesetzesvorschlag'],['Gesetzesvorschlag'],['Gesetzesvorschlag'],['Gesetzesvorschlag'],['Gesetzesvorschlag'],['Gesetzesvorschlag'],['Gesetzesvorschlag'],['Gesetzesvorschlag'],['Gesetzesvorschlag']
['Zwangsvollstreckung'],['Zwangsvollstreckung'],['Zwangsvollstreckung'],['Zwangsvollstreckung'],['Zwangsvollstreckung'],['Zwangsvollstreckung'],['Zwangsvollstreckung'],['Zwangsvollstreckung'],['Zwangsvollstreckung'],['Zwangsvollstreckung'],['Zwangsvollstreckung'],['Zwangsvollstreckung'],['Zwangsvollstreckung'],['Zwangsvollstreckung'],['Zwangsvollstreckung'],['Zwangsvollstreckung']
['Haushaltsgesetz'],['Haushaltsgesetz'],['Haushaltsgesetz'],['Haushaltsgesetz'],['Haushaltsgesetz'],['Haushaltsgesetz'],['Haushaltsgesetz'],['Haushaltsgesetz'],['Haushaltsgesetz'],['Haushaltsgesetz'],['Haushaltsgesetz'],['Haushaltsgesetz'],['Haushaltsgesetz'],['Haushaltsgesetz'],['Haushaltsgesetz'],['Haushaltsgesetz']
['Haushaltsgesetz'],['Haushaltsgesetz'],['Haushaltsgesetz'],['Haushaltsgesetz'],['Haushaltsgesetz'],['Haushaltsgesetz'],['Haushaltsgesetz'],['Haushaltsgesetz'],['Haushaltsgesetz'],['Haushaltsgesetz'],['Haushaltsgesetz'],['Haushaltsgesetz'],['Haushaltsgesetz'],['Haushaltsgesetz'],['Haushaltsgesetz'],['Haushaltsgesetz']
['nichtig Stimmzettel'],['nichtig Stimmzettel'],['ungültig Stimmzettel'],['nichtig Stimmzettel'],['nichtig Stimmzettel'],['nichtig Stimmzettel'],['nichtig Stimmzettel'],['nichtig Stimmzettel'],['nichtig Stimmzettel'],['nichtig Stimmzettel'],['nichtig Stimmzettel'],['nichtig Stimmzettel'],['nichtig Stimmzettel'],['nichtig Stimmzettel'],['nichtig Stimmzettel'],['nichtig Stimmzettel']
['Wahlgeheimnis'],[],[],['Wahlgeheimnis'],['Wahlgeheimnis'],['Wahlgeheimnis'],['Wahlgeheimnis'],['Wahlgeheimnis'],['Wahlgeheimnis'],['Wahlgeheimnis'],['Wahlgeheimnis'],['Wahlgeheimnis'],['Wahlgeheimnis'],['Wahlgeheimnis'],['Wahlgeheimnis'],['Wahlgeheimnis']
['Wahlgeheimnis'],['Geheimhaltung der Stimme'],[],['Wahlgeheimnis'],['geheime Stimmabgabe'],['Wahlgeheimnis'],['Wahlgeheimnis'],['Wahlgeheimnis'],['Wahlgeheimnis'],[],[],['geheime Stimmabgabe'],['Wahlgeheimnis'],[],['Wahlgeheimnis'],['Wahlgeheimnis']
['Wahlgeheimnis'],['Wahlgeheimnis'],[],['Wahlgeheimnis'],['Wahlgeheimnis'],['Wahlgeheimnis'],['Wahlgeheimnis'],['Wahlgeheimnis'],['Wahlgeheimnis'],['Wahlgeheimnis'],['Wahlgeheimnis'],['Wahlgeheimnis'],['Wahlgeheimnis'],[],['Wahlgeheimnis'],['Wahlgeheimnis']
['Wahlgeheimnis'],['Wahlgeheimnis'],[],['Wahlgeheimnis'],['Wahlgeheimnis'],['Wahlgeheimnis'],['Wahlgeheimnis'],['Wahlgeheimnis'],['Wahlgeheimnis'],['Wahlgeheimnis'],['Wahlgeheimnis'],['Wahlgeheimnis'],['Wahlgeheimnis'],['Wahlgeheimnis'],['Wahlgeheimnis'],['Wahlgeheimnis']
[],[],[],[],[],[],[],[],[],[],[],[],[],[],[],[]
['Heiratsurkunde'],['Heiratsurkunde'],[],['Heiratsurkunde'],['Heiratsurkunde'],[],['Heiratsurkunde'],['Heiratsurkunde'],['Heiratsurkunde'],[],['Heiratsurkunde'],['Heiratsurkunde'],['Heiratsurkunde'],['Heiratsurkunde'],['Heiratsurkunde'],['Heiratsurkunde']
['Inzest'],['Inzest'],['Inzest'],['Inzest'],[],[],['Inzest'],['Inzest'],['Inzest'],[],['Inzest'],['Inzest'],['Inzest'],['Inzest'],['Inzest'],['Inzest']
[],[],['eheliche Bindung'],[],[],[],[],[],[],[],[],[],[],[],[],[]
[],[],[],[],[],[],[],[],[],[],[],[],[],[],[],[]
[],['Witwenschaft'],[],['Witwenschaft'],['Witwenschaft'],[],['Witwenschaft'],['Witwenschaft'],[],[],['Witwenschaft'],[],['Witwenschaft'],['Witwenstand'],['Witwenschaft'],['Witwenschaft']
[],[],[],[],[],[],[],[],[],[],[],[],[],[],[],[]
[],[],[],[],[],[],[],[],[],[],[],[],[],[],[],[]
[],[],[],['abschreibungsfähig Gut'],['abschreibungsfähig Gut'],[],['abschreibungsfähig Gut'],['abschreibungsfähig Gut'],[],[],['abschreibungsfähig Gut'],['abschreibungsfähig Gut'],['abschreibungsfähig Gut'],[],['abschreibungsfähig Gut'],['abschreibungsfähig Gut']
[],['Verfassungsmäßigkeit'],['Verfassungsmäßigkeit'],['Verfassungsmäßigkeit'],['Verfassungsmäßigkeit'],[],['Verfassungsmäßigkeit'],['Verfassungsmäßigkeit'],['Verfassungsmäßigkeit'],[],['Verfassungsmäßigkeit'],['Verfassungsmäßigkeit'],['Verfassungsmäßigkeit'],['Verfassungsmäßigkeit'],['Verfassungsmäßigkeit'],['Verfassungsmäßigkeit']
[],['zinslos'],[],[],['zinslos'],[],[],[],[],[],[],[],[],[],[],['zinslos']
[],['Prüfungsgesellschaft'],['Prüfungsgesellschaft'],['Prüfungsgesellschaft'],['Prüfungsgesellschaft'],[],['Prüfungsgesellschaft'],['Prüfungsgesellschaft'],[],[],['Prüfungsgesellschaft'],['Prüfungsgesellschaft'],['Prüfungsgesellschaft'],[],['Prüfungsgesellschaft'],['Prüfungsgesellschaft']
['Ermächtigung'],['Ermächtigung'],[],['Ermächtigung'],[],['Ermächtigung'],['Ermächtigung'],['Ermächtigung'],['Ermächtigung'],['Ermächtigung'],['Ermächtigung'],['Ermächtigung'],['Ermächtigung'],['Ermächtigung'],['Ermächtigung'],['Ermächtigung']
['Ermächtigung'],['Ermächtigung'],[],['Ermächtigung'],[],['Ermächtigung'],[],['Ermächtigung'],[],[],['Ermächtigung'],['Ermächtigung'],['Ermächtigung'],[],['Ermächtigung'],[]
['Ermächtigung'],[],[],['Ermächtigung'],['Ermächtigung'],['Ermächtigung'],['Ermächtigung'],['Ermächtigung'],['Ermächtigung'],['Ermächtigung'],['Ermächtigung'],['Ermächtigung'],['Ermächtigung'],['Ermächtigung'],['Ermächtigung'],[]
['Trennung der Rechtsstreitigkeiten'],['Trennung der Rechtsstreitigkeiten'],[],['Trennung der Rechtsstreitigkeiten'],['Trennung der Rechtsstreitigkeiten'],['Trennung der Rechtsstreitigkeiten'],['Trennung der Rechtsstreitigkeiten'],['Trennung der Rechtsstreitigkeiten'],['Trennung der Rechtsstreitigkeiten'],['Trennung der Rechtsstreitigkeiten'],['Trennung der Rechtsstreitigkeiten'],['Trennung der Rechtsstreitigkeiten'],['Trennung der Rechtsstreitigkeiten'],['Trennung der Rechtsstreitigkeiten'],['Trennung der Rechtsstreitigkeiten'],['Trennung der Rechtsstreitigkeiten']
[],['Übernahme'],[],['Übernahme'],[],[],['Übernahme'],['Übernahme'],['Übernahme'],[],['Übernahme'],[],['Übernahme'],[],['Übernahme'],['Übernahme']
['Unabhängigkeit des Richters'],['Unabhängigkeit des Richters'],['Unabhängigkeit des Richters'],['Unabhängigkeit des Richters'],['Unabhängigkeit des Richters'],[],['Unabhängigkeit des Richters'],['Unabhängigkeit des Richters'],['Unabhängigkeit des Richters'],[],['Unabhängigkeit des Richters'],['Unabhängigkeit des Richters'],['Unabhängigkeit des Richters'],[],['Unabhängigkeit des Richters'],['Unabhängigkeit des Richters']
[],[],[],[],[],[],[],[],[],[],[],[],[],[],[],[]
[],[],['faktisch Gesellschaft'],[],[],[],[],[],[],[],[],[],[],[],[],[]
[],[],[],[],['staatliches Monopol'],['staatliches Monopol'],[],[],[],['staatliches Monopol'],[],['staatliches Monopol'],[],[],[],[]
[],[],[],[],[],[],[],[],[],[],[],[],[],[],[],[]
[],[],[],[],[],[],[],[],[],[],[],[],[],[],[],[]
['Zwangsveräußerung'],['Zwangsveräußerung'],[],['Zwangsveräußerung'],['Zwangsveräußerung'],['Zwangsveräußerung'],['Zwangsveräußerung'],['Zwangsveräußerung'],['Zwangsveräußerung'],['Zwangsveräußerung'],['Zwangsveräußerung'],[],['Zwangsveräußerung'],['Zwangsveräußerung'],['Zwangsveräußerung'],['Zwangsveräußerung']
['Personengesellschaft'],[],['Personengesellschaft'],['Personengesellschaft'],[],['Personengesellschaft'],['Personengesellschaft'],[],['Personengesellschaft'],[],[],[],[],[],['Personengesellschaft'],['Personengesellschaft']
[],['Aufnahme'],[],['Aufnahme'],['Übernahme'],[],['Aufnahme'],['Aufnahme'],['Aufnahme'],['Aufnahme'],['Aufnahme'],['Aufnahme'],['Aufnahme'],[],['Aufnahme'],['Aufnahme']
[],[],[],[],[],[],[],[],[],[],[],[],[],[],[],[]
[],[],[],[],[],[],[],[],[],[],[],[],[],[],[],[]
['Bericht über die Schätzung des Gesellschaftsvermögens'],[],[],['Bericht über die Schätzung des Gesellschaftsvermögens'],[],['Bericht über die Schätzung des Gesellschaftsvermögens'],['Bericht über die Schätzung des Gesellschaftsvermögens'],['Bericht über die Schätzung des Gesellschaftsvermögens'],[],['Bericht über die Schätzung des Gesellschaftsvermögens'],['Bericht über die Schätzung des Gesellschaftsvermögens'],[],['Bericht über die Schätzung des Gesellschaftsvermögens'],[],['Bericht über die Schätzung des Gesellschaftsvermögens'],['Bericht über die Schätzung des Gesellschaftsvermögens']
['Spaltungsplan'],['Spaltungsplan'],['Spaltungsplan'],['Spaltungsplan'],['Spaltungsplan'],['Spaltungsplan'],['Spaltungsplan'],['Spaltungsplan'],[],[],['Spaltungsplan'],[],['Spaltungsplan'],[],['Spaltungsplan'],['Spaltungsplan']
[],[],[],[],[],[],[],[],[],[],[],[],[],[],[],[]
[],[],['Täter'],[],[],[],[],[],[],[],[],[],[],[],[],[]
[],[],[],[],[],[],[],[],[],[],[],[],[],[],[],[]
[],[],[],[],[],[],[],[],[],[],[],[],[],[],[],[]
['Vereinigung'],['Vereinigung'],['Vereinigung'],[],[],[],[],[],[],['Vereinigung'],['Vereinigung'],[],[],['Vereinigung'],[],[]
[],[],[],[],[],[],[],[],[],[],[],[],[],[],[],[]
[],[],[],[],[],[],[],[],[],[],[],[],[],[],[],[]
[],[],[],[],[],[],[],[],[],[],[],[],[],[],[],[]
[],[],[],[],[],[],[],[],[],[],[],[],[],[],[],[]
['betrügerisch Bankrott'],['betrügerisch Bankrott'],[],['betrügerisch Bankrott'],['betrügerisch Bankrott'],['betrügerischer Bankrott'],['betrügerisch Bankrott'],['betrügerisch Bankrott'],['betrügerisch Bankrott'],[],['betrügerisch Bankrott'],['betrügerisch Bankrott'],['betrügerisch Bankrott'],[],['betrügerisch Bankrott'],['betrügerisch Bankrott']
['Bankrott'],['Bankrott'],[],['Bankrott'],['Bankrott'],['Bankrott'],['Bankrott'],['Bankrott'],['Bankrott'],[],['Bankrott'],['Bankrott'],['Bankrott'],['Bankrott'],['Bankrott'],['Bankrott']
[],[],[],[],[],[],[],[],[],[],[],[],[],[],[],[]
['Gerichtskanzlei'],['Gerichtskanzlei'],['Kanzlei'],['Gerichtskanzlei'],['Gerichtskanzlei'],[],['Gerichtskanzlei'],['Gerichtskanzlei'],['Gerichtskanzlei'],[],['Gerichtskanzlei'],['Gerichtskanzlei'],['Gerichtskanzlei'],['Gerichtskanzlei'],['Gerichtskanzlei'],['Gerichtskanzlei']
['Gerichtskanzlei'],['Gerichtskanzlei'],['Kanzlei'],['Gerichtskanzlei'],['Gerichtskanzlei'],[],['Gerichtskanzlei'],['Gerichtskanzlei'],['Gerichtskanzlei'],['Gerichtskanzlei'],['Gerichtskanzlei'],['Gerichtskanzlei'],['Gerichtskanzlei'],['Gerichtskanzlei'],['Gerichtskanzlei'],['Gerichtskanzlei']
[],[],[],[],[],[],[],[],[],[],[],[],[],[],[],[]
[],[],[],[],[],[],[],[],[],[],[],[],[],[],[],[]
[],[],[],[],[],[],[],[],[],[],[],[],[],[],[],[]
[],[],['Kausalzusammenhang'],[],[],[],[],[],[],[],[],[],[],[],[],[]
[],[],[],[],[],[],[],[],[],[],[],[],[],[],[],[]
[],[],['Gleichwertigkeitsklausel'],[],[],[],[],[],['Gleichwertigkeitsklausel'],['Gleichwertigkeitsklausel'],[],[],[],[],[],[]
[],[],[],[],[],[],[],[],[],[],[],[],[],[],[],[]
[],[],[],[],[],[],[],[],[],[],[],[],[],[],[],[]
[],[],[],[],[],[],[],[],[],[],[],[],[],[],[],[]
[],[],[],[],[],[],[],[],[],[],[],[],[],[],[],[]
[],[],[],[],[],[],[],[],[],[],[],[],[],[],[],[]
[],[],[],[],[],[],[],[],[],[],[],[],[],[],[],[]
[],[],[],[],[],[],[],[],[],[],[],[],[],[],[],[]
['Gegenüberstellung'],['Gegenüberstellung'],[],['Gegenüberstellung'],[],[],['Gegenüberstellung'],['Gegenüberstellung'],['Gegenüberstellung'],[],['Gegenüberstellung'],['Gegenüberstellung'],[],[],['Gegenüberstellung'],['Gegenüberstellung']
[],[],[],[],[],[],[],[],[],[],[],[],[],[],[],[]
[],[],[],[],[],[],[],[],[],[],[],[],[],[],[],[]
[],['fahrlässig Verbrechen'],['fahrlässig Verbrechen'],['fahrlässig Verbrechen'],['fahrlässig Verbrechen'],['fahrlässig Verbrechen'],['fahrlässig Verbrechen'],['fahrlässig Verbrechen'],['fahrlässig Verbrechen'],['fahrlässig Verbrechen'],['fahrlässiges Verbrechen'],['fahrlässig Verbrechen'],['fahrlässig Verbrechen'],['fahrlässig Verbrechen'],['fahrlässig Verbrechen'],['fahrlässig Verbrechen']
['versuchtes Verbrechen'],['versucht Verbrechen'],[],['versucht Verbrechen'],[],['versucht Verbrechen'],['versucht Verbrechen'],['versucht Verbrechen'],['versucht Verbrechen'],['versucht Verbrechen'],['versucht Verbrechen'],['versucht Verbrechen'],['versucht Verbrechen'],['versucht Verbrechen'],['versucht Verbrechen'],['versucht Verbrechen']
[],[],[],[],[],['versuchtes Verbrechen'],[],[],[],['versuchtes Verbrechen'],[],[],['versuchtes Verbrechen'],[],[],[]
[],['versucht Verbrechen'],['versucht Verbrechen'],['versucht Verbrechen'],[],['versucht Verbrechen'],['versucht Verbrechen'],['versucht Verbrechen'],['versucht Verbrechen'],['versucht Verbrechen'],['versucht Verbrechen'],['versucht Verbrechen'],['versucht Verbrechen'],['versucht Verbrechen'],['versucht Verbrechen'],['versucht Verbrechen']
['Erklärung'],['Erklärung'],['Erklärung'],['Erklärung'],['Erklärung'],['Erklärung'],['Erklärung'],['Erklärung'],['Erklärung'],['Erklärung'],['Erklärung'],['Erklärung'],['Erklärung'],['Erklärung'],['Erklärung'],['Erklärung']
[],['direkte Vernehmung'],[],[],[],[],[],[],['direkte Vernehmung'],[],[],['direkte Vernehmung'],[],[],[],[]
[],[],[],[],[],[],[],[],[],[],[],[],[],[],[],[]
[],[],[],[],[],[],[],[],[],[],[],[],[],[],[],[]
[],[],[],[],[],[],[],[],[],[],[],[],[],[],[],[]
[],[],[],[],[],[],[],[],[],[],[],[],[],[],[],[]
[],[],[],[],[],[],[],[],[],[],[],[],[],[],[],[]
[],[],[],[],[],[],[],[],[],[],[],[],[],[],[],[]
[],[],[],[],[],[],[],[],[],[],[],[],[],[],[],[]
[],[],[],[],[],[],[],[],[],[],[],[],[],[],[],[]
['Gericht erster Instanz'],['Gericht erster Instanz'],['Gericht erster Instanz'],['Gericht erster Instanz'],['Gericht erster Instanz'],[],['Gericht erster Instanz'],['Gericht erster Instanz'],['Gericht erster Instanz'],['Gericht erster Instanz'],['Gericht erster Instanz'],['Gericht erster Instanz'],['Gericht erster Instanz'],['Gericht erster Instanz'],['Gericht erster Instanz'],['Gericht erster Instanz']
[],[],[],['Richter für die Vorerhebungen'],[],[],[],['Richter für die Vorerhebungen'],['Richter für die Vorerhebungen'],[],[],['Richter für die Vorerhebungen'],[],[],['Richter für die Vorerhebungen'],['Richter für die Vorerhebungen']
['Begnadigung'],['Begnadigung'],['Begnadigung'],['Begnadigung'],['Begnadigung'],[],['Begnadigung'],['Begnadigung'],['Begnadigung'],[],['Begnadigung'],['Begnadigung'],['Begnadigung'],[],['Begnadigung'],['Begnadigung']
['Unkenntnis des Strafgesetzes'],['Unkenntnis des Strafgesetzes'],[],[],[],['Unkenntnis des Strafgesetzes'],[],[],['Unkenntnis des Strafgesetzes'],['Unkenntnis des Strafgesetzes'],['Unkenntnis des Strafgesetzes'],[],['Unkenntnis des Strafgesetzes'],['Unkenntnis des Strafgesetzes'],[],[]
['Unvorsichtigkeit'],['Unvorsichtigkeit'],"['Unvorsichtigkeit', 'Unvorsichtigkeit']",['Unvorsichtigkeit'],['Unvorsichtigkeit'],['Unvorsichtigkeit'],['Unvorsichtigkeit'],['Unvorsichtigkeit'],['Unvorsichtigkeit'],[],['Unvorsichtigkeit'],['Unvorsichtigkeit'],['Unvorsichtigkeit'],['Unvorsichtigkeit'],['Unvorsichtigkeit'],['Unvorsichtigkeit']
[],[],['untauglich'],[],[],[],[],[],[],[],[],[],[],[],[],[]
[],[],[],[],[],[],[],[],[],[],['extensive Interpretation'],['extensive Interpretation'],[],[],[],[]
[],[],[],[],[],[],[],[],[],[],[],[],[],[],[],[]
[],[],[],[],[],[],[],[],[],[],[],[],[],[],[],[]
[],[],[],[],[],[],[],[],[],[],[],[],[],[],[],[]
[],[],[],[],[],[],[],[],[],[],[],[],[],[],[],[]
['erlaubt'],['erlaubt'],[],['erlaubt'],['erlaubt'],[],['erlaubt'],['erlaubt'],['erlaubt'],[],['erlaubt'],['erlaubt'],['erlaubt'],['erlaubt'],['erlaubt'],['erlaubt']
['gesetzlich'],['gesetzlich'],[],['gesetzesmäßig'],['gesetzlich'],[],['gesetzesmäßig'],['gesetzesmäßig'],['gesetzlich'],['gesetzlich'],['gesetzlich'],['gesetzlich'],['gesetzlich'],['gesetzlich'],['gesetzesmäßig'],['gesetzesmäßig']
[],['gesetzlich'],[],['gesetzlich'],['gesetzlich'],['gesetzlich'],['gesetzlich'],[],[],['gesetzlich'],[],[],['gesetzlich'],['gesetzlich'],['gesetzlich'],['gesetzlich']
['gesetzlich'],['gesetzlich'],[],['gesetzlich'],['gesetzlich'],['gesetzlich'],['gesetzlich'],['gesetzlich'],['gesetzlich'],['gesetzlich'],['gesetzlich'],['gesetzlich'],['gesetzlich'],['gesetzlich'],['gesetzlich'],['gesetzlich']
[],[],[],[],[],[],[],[],[],[],[],[],[],[],[],[]
['rechtmäßig'],['rechtmäßig'],[],['rechtmäßig'],['rechtmäßig'],['rechtmäßig'],['rechtmäßig'],['rechtmäßig'],[],[],['rechtmäßig'],['rechtmäßig'],['rechtmäßig'],[],['rechtmäßig'],['rechtmäßig']
[],['bedingt Entlassung'],[],['bedingt Entlassung'],['bedingt Entlassung'],[],['bedingt Entlassung'],['bedingt Entlassung'],['bedingt Entlassung'],[],['bedingt Entlassung'],['bedingt Entlassung'],['bedingt Entlassung'],[],['bedingt Entlassung'],['bedingt Entlassung']
['Maßnahme'],['Maßnahme'],['Maßnahme'],['Maßnahme'],['Maßnahme'],['Maßnahme'],['Maßnahme'],['Maßnahme'],['Maßnahme'],['Maßnahme'],['Maßnahme'],['Maßnahme'],['Maßnahme'],['Maßnahme'],['Maßnahme'],['Maßnahme']
[],[],[],[],[],[],[],[],[],[],[],[],[],[],[],[]
['Verletzung'],['Verletzung'],[],['Verletzung'],['Verletzung'],['Verletzung'],['Verletzung'],['Verletzung'],['Verletzung'],['Verletzung'],['Verletzung'],['Verletzung'],[],['Verletzung'],['Verletzung'],['Verletzung']
[],[],['Angriff'],[],[],['Verletzung'],[],[],[],['Verletzung'],[],[],[],['Verletzung'],[],[]
[],[],[],[],[],[],[],[],[],[],[],[],[],[],[],[]
[],[],['unterlassen Hilfeleistung'],[],[],[],[],[],[],[],[],[],[],[],[],[]
[],[],[],[],[],['Organ der Gesellschaft'],[],[],[],[],[],[],[],[],[],[]
[],[],[],[],[],[],[],[],[],[],[],[],[],[],[],[]
[],[],[],[],[],[],[],[],[],[],[],[],[],[],[],[]
[],['bedingte Strafaussetzung'],[],['bedingte Strafaussetzung'],['bedingte Strafaussetzung'],['bedingte Strafaussetzung'],['bedingte Strafaussetzung'],['bedingte Strafaussetzung'],['bedingte Strafaussetzung'],['bedingte Aussetzung der Strafe'],[],['bedingte Strafaussetzung'],['bedingte Strafaussetzung'],['bedingte Strafaussetzung'],['bedingte Strafaussetzung'],['bedingte Strafaussetzung']
['bedingte Aussetzung der Strafe'],['bedingte Strafaussetzung'],[],['bedingte Strafaussetzung'],['bedingte Strafaussetzung'],['bedingte Strafaussetzung'],['bedingte Strafaussetzung'],['bedingte Strafaussetzung'],['bedingte Strafaussetzung'],['bedingte Aussetzung der Strafe'],[],['bedingte Strafaussetzung'],['bedingte Strafaussetzung'],['bedingte Strafaussetzung'],['bedingte Strafaussetzung'],['bedingte Strafaussetzung']
[],[],[],[],[],[],[],[],[],[],[],[],[],[],[],[]
[],[],[],[],[],[],[],[],[],[],[],[],[],[],[],[]
[],[],['Unschuldsvermutung'],[],[],[],[],[],[],[],[],[],[],[],[],[]
[],"['Grundsatz der Unmittelbarkeit', 'Grundsatz der Unmittelbarkeit']",[],['Grundsatz der Unmittelbarkeit'],[],['Grundsatz der Unmittelbarkeit'],"['Grundsatz der Unmittelbarkeit', 'Grundsatz der Unmittelbarkeit']",['Grundsatz der Unmittelbarkeit'],['Grundsatz der Unmittelbarkeit'],['Grundsatz der Unmittelbarkeit'],['Grundsatz der Unmittelbarkeit'],['Grundsatz der Unmittelbarkeit'],['Grundsatz der Unmittelbarkeit'],['Grundsatz der Unmittelbarkeit'],['Grundsatz der Unmittelbarkeit'],['Grundsatz der Unmittelbarkeit']
[],[],[],[],[],[],[],[],[],[],[],[],[],[],[],[]
[],[],[],[],[],[],[],[],[],[],[],[],[],[],[],[]
[],['Grundsatz der Öffentlichkeit'],[],['Grundsatz der Öffentlichkeit'],[],['Grundsatz der Öffentlichkeit'],['Grundsatz der Öffentlichkeit'],['Grundsatz der Öffentlichkeit'],[],['Grundsatz der Öffentlichkeit'],[],[],['Grundsatz der Öffentlichkeit'],[],['Grundsatz der Öffentlichkeit'],['Grundsatz der Öffentlichkeit']
['Grundsatz'],['Grundsatz'],['Grundsatz'],['Grundsatz'],[],['Grundsatz'],['Grundsatz'],['Grundsatz'],['Grundsatz'],['Grundsatz'],['Grundsatz'],['Grundsatz'],['Grundsatz'],[],['Grundsatz'],['Grundsatz']
['Provokation'],['Provokation'],['Provokation'],['Provokation'],[],['Provokation'],['Provokation'],['Provokation'],['Provokation'],['Provokation'],['Provokation'],['Provokation'],['Provokation'],['Provokation'],['Provokation'],['Provokation']
[],[],[],[],[],[],[],[],[],[],[],[],[],[],[],[]
[],[],[],[],[],[],[],[],[],[],[],[],[],[],[],[]
[],[],[],[],[],[],[],[],[],[],[],[],[],[],[],[]
[],[],[],[],[],[],[],[],[],[],[],[],[],[],[],[]
[],[],[],[],[],[],[],[],[],[],[],[],[],[],[],[]
['fortgesetzt strafbar Handlung'],['fortgesetzt strafbar Handlung'],[],['fortgesetzt strafbar Handlung'],['fortgesetzt strafbar Handlung'],['fortgesetzt strafbar Handlung'],['fortgesetzt strafbar Handlung'],['fortgesetzt strafbar Handlung'],['fortgesetzt strafbar Handlung'],[],['fortgesetzt strafbar Handlung'],['fortgesetzt strafbar Handlung'],['fortgesetzt strafbar Handlung'],[],['fortgesetzt strafbar Handlung'],['fortgesetzt strafbar Handlung']
[],[],[],[],[],[],[],[],[],[],[],[],[],[],[],[]
[],[],[],[],[],[],[],[],[],[],[],[],[],[],[],[]
[],[],[],[],[],[],[],[],[],[],[],[],[],[],[],[]
[],[],[],[],[],[],[],[],[],[],[],[],[],[],[],[]
[],[],"['Schlägerei', 'Schlägerei']",[],[],[],[],[],[],[],[],[],[],[],[],[]
[],[],[],[],[],[],[],[],[],[],[],[],[],[],[],[]
[],[],[],[],[],[],[],[],[],[],[],[],[],[],[],[]
[],[],[],[],[],[],[],[],[],[],[],[],[],[],[],[]
['Aufenthalt'],['Aufenthalt'],['Aufenthalt'],['Aufenthalt'],[],[],['Aufenthalt'],['Aufenthalt'],['Aufenthalt'],['Aufenthalt'],['Aufenthalt'],[],['Aufenthalt'],['Aufenthalt'],['Aufenthalt'],['Aufenthalt']
[],[],[],[],[],[],[],[],[],[],[],[],[],[],[],[]
[],[],[],[],[],[],[],[],[],[],[],[],[],[],[],[]
[],[],[],[],[],[],[],[],[],[],[],[],[],[],[],[]
[],[],[],[],[],[],[],[],[],[],[],[],[],[],[],[]
[],[],[],[],[],[],[],[],[],[],[],[],[],[],[],[]
[],[],[],[],[],[],[],[],[],[],[],[],[],[],[],[]
[],[],[],[],[],[],[],[],[],[],[],[],[],[],[],[]
[],[],[],[],[],[],[],[],[],[],[],[],[],[],[],[]
[],[],[],[],[],[],[],[],[],[],[],[],[],[],[],[]
[],[],[],[],[],[],[],[],[],[],[],[],[],[],[],[]
[],[],['Recycling'],[],[],['Recycling'],[],[],[],[],[],[],[],[],[],[]
['Arbeitslosengeld'],['Arbeitslosengeld'],[],['Arbeitslosengeld'],[],[],['Arbeitslosengeld'],['Arbeitslosengeld'],['Arbeitslosengeld'],[],['Arbeitslosengeld'],['Arbeitslosengeld'],['Arbeitslosengeld'],[],['Arbeitslosengeld'],['Arbeitslosengeld']
[],[],[],[],[],[],[],[],[],[],[],[],[],[],[],[]
['an der Börse notiert Aktie'],['an der Börse notiert Aktie'],[],['an der Börse notiert Aktie'],['an der Börse notiert Aktie'],['an der Börse notiert Aktie'],['an der Börse notiert Aktie'],['an der Börse notiert Aktie'],[],[],['an der Börse notiert Aktie'],['an der Börse notiert Aktie'],[],['an der Börse notiert Aktie'],['an der Börse notiert Aktie'],['an der Börse notiert Aktie']
[],[],[],['Fund'],[],[],['Fund'],['Fund'],[],[],[],[],['Fund'],[],['Fund'],[]
[],['Amtsmissbrauch'],[],[],[],[],[],[],[],[],['Amtsmissbrauch'],[],[],[],[],[]
[],[],[],[],[],[],[],[],[],[],[],[],[],[],[],[]
[],['gutgläubig Besitzer'],[],['gutgläubig Besitzer'],['gutgläubig Besitzer'],[],['gutgläubig Besitzer'],['gutgläubig Besitzer'],['gutgläubig Besitzer'],['gutgläubig Besitzer'],['gutgläubig Besitzer'],[],['gutgläubig Besitzer'],[],['gutgläubig Besitzer'],['gutgläubig Besitzer']
['Sicherungsverfahren'],['Sicherungsverfahren'],[],['Sicherungsverfahren'],['Sicherungsverfahren'],['Sicherungsverfahren'],['Sicherungsverfahren'],['Sicherungsverfahren'],['Sicherungsverfahren'],['Sicherungsverfahren'],['Sicherungsverfahren'],['Sicherungsverfahren'],['Sicherungsverfahren'],['Sicherungsverfahren'],['Sicherungsverfahren'],['Sicherungsverfahren']
['Vernichtung'],['Zerstörung'],['Zerstörung'],['Zerstörung'],['Zerstörung'],['Zerstörung'],['Zerstörung'],['Zerstörung'],['Zerstörung'],['Zerstörung'],['Vernichtung'],['Zerstörung'],['Zerstörung'],['Zerstörung'],['Zerstörung'],['Zerstörung']
['Zerstörung'],['Zerstörung'],['Zerstörung'],['Zerstörung'],['Zerstörung'],['Zerstörung'],['Zerstörung'],['Zerstörung'],['Zerstörung'],['Zerstörung'],['Vernichtung'],['Zerstörung'],['Zerstörung'],['Zerstörung'],['Zerstörung'],['Zerstörung']
['Stillschweigen'],['Stillschweigen'],[],['Stillschweigen'],['Stillschweigen'],['Stillschweigen'],['Stillschweigen'],['Stillschweigen'],['Stillschweigen'],[],['Stillschweigen'],['Stillschweigen'],['Stillschweigen'],['Stillschweigen'],['Stillschweigen'],['Stillschweigen']
[],[],[],[],[],[],[],[],[],[],[],[],[],[],[],[]
[],[],[],[],[],[],[],[],[],[],[],[],[],[],[],[]
['Führerschein'],['Führerschein'],['Führerschein'],['Führerschein'],['Führerschein'],['Führerschein'],['Führerschein'],['Führerschein'],['Führerschein'],['Führerschein'],['Führerschein'],['Führerschein'],['Führerschein'],['Führerschein'],['Führerschein'],['Führerschein']
[],[],[],['Wiedergutmachung wegen ungerechtfertigter Haft'],[],[],['Wiedergutmachung wegen ungerechtfertigter Haft'],['Wiedergutmachung wegen ungerechtfertigter Haft'],[],[],[],[],['Wiedergutmachung wegen ungerechtfertigter Haft'],[],['Wiedergutmachung wegen ungerechtfertigter Haft'],['Wiedergutmachung wegen ungerechtfertigter Haft']
[],[],[],[],[],[],[],[],[],[],[],[],[],[],[],[]
"['Rechnungsunterlagen', 'Rechnungsunterlagen']","['Rechnungsunterlagen', 'Rechnungsunterlagen']",['Buch'],"['Rechnungsunterlagen', 'Rechnungsunterlagen']","['Rechnungsunterlagen', 'Rechnungsunterlagen']","['Rechnungsunterlagen', 'Rechnungsunterlagen']","['Rechnungsunterlagen', 'Rechnungsunterlagen']","['Rechnungsunterlagen', 'Rechnungsunterlagen']","['Rechnungsunterlagen', 'Rechnungsunterlagen']","['Rechnungsunterlagen', 'Rechnungsunterlagen']","['Rechnungsunterlagen', 'Rechnungsunterlagen']","['Rechnungsunterlagen', 'Rechnungsunterlagen']","['Rechnungsunterlagen', 'Rechnungsunterlagen']","['Rechnungsunterlagen', 'Rechnungsunterlagen']","['Rechnungsunterlagen', 'Rechnungsunterlagen']","['Rechnungsunterlagen', 'Rechnungsunterlagen']"
"['Rechnungsunterlagen', 'Rechnungsunterlagen']","['Rechnungsunterlagen', 'Rechnungsunterlagen']",[],"['Rechnungsunterlagen', 'Rechnungsunterlagen']","['Rechnungsunterlagen', 'Rechnungsunterlagen']","['Rechnungsunterlagen', 'Rechnungsunterlagen']","['Rechnungsunterlagen', 'Rechnungsunterlagen']","['Rechnungsunterlagen', 'Rechnungsunterlagen']","['Rechnungsunterlagen', 'Rechnungsunterlagen']","['Rechnungsunterlagen', 'Rechnungsunterlagen']","['Rechnungsunterlagen', 'Rechnungsunterlagen']","['Rechnungsunterlagen', 'Rechnungsunterlagen']","['Rechnungsunterlagen', 'Rechnungsunterlagen']","['Rechnungsunterlagen', 'Rechnungsunterlagen']","['Rechnungsunterlagen', 'Rechnungsunterlagen']","['Rechnungsunterlagen', 'Rechnungsunterlagen']"
[],[],[],[],[],[],[],[],[],[],[],[],[],[],[],[]
['Einlassung der Zivilpartei'],['Einlassung der Zivilpartei'],[],['Einlassung der Zivilpartei'],['Einlassung der Zivilpartei'],[],['Einlassung der Zivilpartei'],['Einlassung der Zivilpartei'],['Einlassung der Zivilpartei'],[],['Einlassung der Zivilpartei'],['Einlassung der Zivilpartei'],['Einlassung der Zivilpartei'],[],['Einlassung der Zivilpartei'],['Einlassung der Zivilpartei']
['Leiharbeit'],['Leiharbeit'],['Leiharbeit'],['Leiharbeit'],[],[],['Leiharbeit'],['Leiharbeit'],['Leiharbeit'],[],['Leiharbeit'],['Leiharbeit'],['Leiharbeit'],[],['Leiharbeit'],['Leiharbeit']
[],[],[],[],[],[],[],[],[],[],[],[],[],[],[],[]
['Vorzugsrecht'],['Vorzugsrecht'],[],['Vorzugsrecht'],['Vorzugsrecht'],['Vorzugsrecht'],['Vorzugsrecht'],['Vorzugsrecht'],['Vorzugsrecht'],['Vorzugsrecht'],['Vorzugsrecht'],['Vorzugsrecht'],['Vorzugsrecht'],['Vorzugsrecht'],['Vorzugsrecht'],['Vorzugsrecht']
['vereinfachte Buchführung'],[],['vereinfachte Buchführung'],['vereinfachte Buchführung'],[],[],['vereinfachte Buchführung'],['vereinfachte Buchführung'],[],[],[],[],[],['vereinfachte Buchführung'],['vereinfachte Buchführung'],[]
[],[],['doppelt Buchführung'],[],[],[],[],[],[],[],[],[],[],[],[],[]
[],[],[],[],[],[],[],[],[],[],[],[],[],[],[],[]
['Einzelunternehmer'],['Einzelunternehmer'],['Einzelunternehmer'],['Einzelunternehmer'],[],['Einzelunternehmer'],['Einzelunternehmer'],['Einzelunternehmer'],[],['Einzelunternehmer'],['Einzelunternehmer'],['Einzelunternehmer'],['Einzelunternehmer'],['Einzelunternehmer'],['Einzelunternehmer'],['Einzelunternehmer']
[],[],[],[],[],[],[],[],[],[],[],[],[],[],[],[]
['Konkurseröffnungsurteil'],['Konkurseröffnungsurteil'],[],['Konkurseröffnungsurteil'],['Konkurseröffnungsurteil'],['Konkurseröffnungsurteil'],['Konkurseröffnungsurteil'],['Konkurseröffnungsurteil'],['Konkurseröffnungsurteil'],['Konkurseröffnungsurteil'],['Konkurseröffnungsurteil'],['Konkurseröffnungsurteil'],['Konkurseröffnungsurteil'],['Konkurseröffnungsurteil'],['Konkurseröffnungsurteil'],['Konkurseröffnungsurteil']
[],[],[],[],['Wahlbefugnis'],[],[],[],[],[],[],['Wahlbefugnis'],[],['Wahlbefugnis'],[],[]
['Kollektivvertragsverhandlungen'],['Kollektivvertragsverhandlungen'],[],['Kollektivvertragsverhandlungen'],['Kollektivvertragsverhandlungen'],[],['Kollektivvertragsverhandlungen'],['Kollektivvertragsverhandlungen'],['Kollektivvertragsverhandlungen'],['Kollektivvertragsverhandlungen'],['Kollektivvertragsverhandlungen'],['Kollektivvertragsverhandlungen'],['Kollektivvertragsverhandlungen'],['Kollektivvertragsverhandlungen'],['Kollektivvertragsverhandlungen'],['Kollektivvertragsverhandlungen']
[],['Kollektivvertragsverhandlungen'],[],['Kollektivvertragsverhandlungen'],['Kollektivvertragsverhandlungen'],['Kollektivvertragsverhandlungen'],[],['Kollektivvertragsverhandlungen'],[],[],[],['Kollektivvertragsverhandlungen'],[],['Kollektivvertragsverhandlungen'],['Kollektivvertragsverhandlungen'],[]
['Überstundenarbeit'],[],[],[],['Überstundenarbeit'],['Überstundenarbeit'],[],[],[],[],[],['Überstundenarbeit'],[],[],[],[]
[],[],[],[],[],[],[],[],[],[],[],[],[],[],[],[]
['Erbschaftsvermögen'],['Erbschaftsvermögen'],[],['Erbschaftsvermögen'],['Erbschaftsvermögen'],['Erbschaftsvermögen'],['Erbschaftsvermögen'],['Erbschaftsvermögen'],['Erbschaftsvermögen'],[],['Erbschaftsvermögen'],['Erbschaftsvermögen'],['Erbschaftsvermögen'],[],['Erbschaftsvermögen'],['Erbschaftsvermögen']
[],[],[],['Vermächtnis ein bestimmt Sache'],[],[],['Vermächtnis ein bestimmt Sache'],['Vermächtnis ein bestimmt Sache'],[],[],['Vermächtnis ein bestimmt Sache'],[],['Vermächtnis ein bestimmt Sache'],[],['Vermächtnis ein bestimmt Sache'],['Vermächtnis ein bestimmt Sache']
['Telearbeit'],['Telearbeit'],['Telearbeit'],['Telearbeit'],['Telearbeit'],['Telearbeit'],['Telearbeit'],['Telearbeit'],['Telearbeit'],['Telearbeit'],['Telearbeit'],['Telearbeit'],['Telearbeit'],['Telearbeit'],['Telearbeit'],['Telearbeit']
['Banküberweisung'],['Banküberweisung'],['Überweisung'],['Banküberweisung'],['Banküberweisung'],['Banküberweisung'],['Banküberweisung'],['Banküberweisung'],['Banküberweisung'],['Banküberweisung'],['Banküberweisung'],['Banküberweisung'],['Banküberweisung'],['Banküberweisung'],['Banküberweisung'],['Banküberweisung']
[],['unterhaltsberechtigtes Familienmitglied'],[],[],[],[],[],[],[],[],[],['unterhaltsberechtigtes Familienmitglied'],[],[],[],['unterhaltsberechtigtes Familienmitglied']
['Liquidation der Gesellschaft'],['Liquidation der Gesellschaft'],['Liquidation der Gesellschaft'],['Liquidation der Gesellschaft'],['Liquidation der Gesellschaft'],['Liquidation der Gesellschaft'],['Liquidation der Gesellschaft'],['Liquidation der Gesellschaft'],['Liquidation der Gesellschaft'],['Liquidation der Gesellschaft'],['Liquidation der Gesellschaft'],['Liquidation der Gesellschaft'],['Liquidation der Gesellschaft'],['Liquidation der Gesellschaft'],['Liquidation der Gesellschaft'],['Liquidation der Gesellschaft']
['Redlichkeit'],['Redlichkeit'],[],['Redlichkeit'],[],[],['Redlichkeit'],['Redlichkeit'],[],[],['Redlichkeit'],[],['Redlichkeit'],[],['Redlichkeit'],['Redlichkeit']
['Ort der Erfüllung'],['Erfüllungsort'],[],['Ort der Erfüllung'],['Ort der Erfüllung'],['Erfüllungsort'],['Ort der Erfüllung'],['Ort der Erfüllung'],['Ort der Erfüllung'],['Ort der Erfüllung'],['Ort der Erfüllung'],['Erfüllungsort'],['Ort der Erfüllung'],['Ort der Erfüllung'],['Ort der Erfüllung'],['Ort der Erfüllung']
['Ort der Erfüllung'],['Ort der Erfüllung'],[],['Ort der Erfüllung'],['Ort der Erfüllung'],['Ort der Erfüllung'],['Ort der Erfüllung'],['Ort der Erfüllung'],['Ort der Erfüllung'],['Ort der Erfüllung'],['Ort der Erfüllung'],['Ort der Erfüllung'],['Ort der Erfüllung'],['Ort der Erfüllung'],['Ort der Erfüllung'],['Ort der Erfüllung']
[],['Erfüllungszeit'],[],['Erfüllungszeit'],[],[],['Erfüllungszeit'],['Erfüllungszeit'],[],[],[],[],[],[],['Erfüllungszeit'],['Erfüllungszeit']
[],[],[],['Wohnungsrecht'],[],[],['Wohnungsrecht'],['Wohnungsrecht'],[],[],[],[],[],[],['Wohnungsrecht'],[]
['Wohnrecht'],['Wohnrecht'],[],['Wohnrecht'],['Wohnungsrecht'],['Wohnungsrecht'],['Wohnrecht'],['Wohnrecht'],['Wohnrecht'],['Wohnungsrecht'],['Wohnrecht'],['Wohnungsrecht'],['Wohnrecht'],['Wohnungsrecht'],['Wohnrecht'],['Wohnrecht']
[],[],[],[],[],['anerkannt Verein'],['anerkannt Verein'],[],['anerkannt Verein'],['anerkannt Verein'],['anerkannt Verein'],[],['anerkannt Verein'],['anerkannt Verein'],['anerkannt Verein'],['anerkannt Verein']
[],[],[],[],['Gewerkschaftsfreiheit'],[],[],[],[],[],[],[],[],[],[],[]
[],[],[],[],[],[],[],[],[],[],[],[],[],[],[],[]
[],[],[],[],[],[],[],[],[],[],[],[],[],[],[],[]
['Rechtsverhältnis'],['Rechtsverhältnis'],[],['Rechtsverhältnis'],['Rechtsverhältnis'],['Rechtsverhältnis'],['Rechtsverhältnis'],['Rechtsverhältnis'],['Rechtsverhältnis'],[],['Rechtsverhältnis'],['Rechtsverhältnis'],['Rechtsverhältnis'],['Rechtsverhältnis'],['Rechtsverhältnis'],['Rechtsverhältnis']
['Vertreter'],['Vertreter'],['Vertreter'],['Vertreter'],['Vertreter'],['Vertreter'],['Vertreter'],['Vertreter'],['Vertreter'],['Vertreter'],['Vertreter'],['Vertreter'],['Vertreter'],['Vertreter'],['Vertreter'],['Vertreter']
[],[],[],[],[],[],[],[],[],[],[],[],[],[],[],[]
['Unerlaubtheit'],['Unerlaubtheit'],[],['Unerlaubtheit'],['Unerlaubtheit'],[],['Unerlaubtheit'],['Unerlaubtheit'],['Unerlaubtheit'],[],['Unerlaubtheit'],['Unerlaubtheit'],['Unerlaubtheit'],['Unerlaubtheit'],['Unerlaubtheit'],['Unerlaubtheit']
[],['Verschmelzung durch Aufnahme'],[],['Verschmelzung durch Aufnahme'],[],[],['Verschmelzung durch Aufnahme'],['Verschmelzung durch Aufnahme'],['Verschmelzung durch Aufnahme'],['Verschmelzung durch Aufnahme'],['Verschmelzung durch Aufnahme'],['Verschmelzung durch Aufnahme'],['Verschmelzung durch Aufnahme'],[],['Verschmelzung durch Aufnahme'],['Verschmelzung durch Aufnahme']
[],[],[],[],[],[],[],[],[],[],[],[],[],[],[],[]
[],[],['übernehmend Gesellschaft'],[],[],[],[],[],[],[],[],[],[],[],[],[]
[],[],[],[],[],[],[],[],[],[],[],[],[],[],[],[]
['aus der Verschmelzung hervorgehende Gesellschaft'],[],[],[],[],[],[],[],[],[],[],[],[],['aus der Verschmelzung hervorgehende Gesellschaft'],[],[]
[],[],[],[],[],[],[],[],[],[],[],[],[],[],[],[]
['Umwandlungsbeschluss'],[],['Umwandlungsbeschluss'],[],[],['Umwandlungsbeschluss'],[],[],[],['Umwandlungsbeschluss'],[],[],[],['Umwandlungsbeschluss'],[],[]
['Haftung der Gesellschafter'],['Haftung der Gesellschafter'],[],['Haftung der Gesellschafter'],['Haftung der Gesellschafter'],['Haftung der Gesellschafter'],['Haftung der Gesellschafter'],['Haftung der Gesellschafter'],['Haftung der Gesellschafter'],['Haftung der Gesellschafter'],['Haftung der Gesellschafter'],['Haftung der Gesellschafter'],['Haftung der Gesellschafter'],['Haftung der Gesellschafter'],['Haftung der Gesellschafter'],['Haftung der Gesellschafter']
[],[],[],[],[],[],[],[],[],[],[],[],[],[],[],[]
[],[],[],[],[],[],[],[],[],[],[],[],[],[],[],[]
[],[],[],[],[],[],[],[],[],[],[],[],[],[],[],[]
[],[],[],[],[],[],[],[],[],[],[],[],[],[],[],[]
[],[],[],['Vollzugsgewalt'],[],[],['Vollzugsgewalt'],['Vollzugsgewalt'],[],[],[],[],['Vollzugsgewalt'],[],['Vollzugsgewalt'],['Vollzugsgewalt']
['Zahlungsfähigkeit'],['Zahlungsfähigkeit'],['Zahlungsfähigkeit'],['Zahlungsfähigkeit'],['Zahlungsfähigkeit'],['Zahlungsfähigkeit'],['Zahlungsfähigkeit'],['Zahlungsfähigkeit'],['Zahlungsfähigkeit'],['Zahlungsfähigkeit'],['Zahlungsfähigkeit'],['Zahlungsfähigkeit'],['Zahlungsfähigkeit'],['Zahlungsfähigkeit'],['Zahlungsfähigkeit'],['Zahlungsfähigkeit']
[],[],[],[],[],[],[],[],[],[],[],[],[],[],[],[]
['Obligation'],['Obligation'],['Obligation'],['Obligation'],['Obligation'],"['Obligation', 'Schuldverschreibung']",['Obligation'],['Obligation'],"['Obligation', 'Schuldverschreibung']","['Obligation', 'Schuldverschreibung']",['Obligation'],['Obligation'],"['Obligation', 'Schuldverschreibung']","['Obligation', 'Schuldverschreibung']",['Obligation'],"['Obligation', 'Schuldverschreibung']"
[],[],[],[],[],[],[],[],[],[],[],[],[],[],[],[]
[],[],[],[],[],[],[],[],[],[],[],[],[],[],[],[]
[],['Einigung der Parteien'],[],['Einigung der Parteien'],[],['Einigung der Parteien'],['Einigung der Parteien'],['Einigung der Parteien'],['Einigung der Parteien'],[],['Einigung der Parteien'],[],['Einigung der Parteien'],[],['Einigung der Parteien'],['Einigung der Parteien']
[],[],[],[],[],['Finanzholding'],[],[],[],['Finanzholding'],[],[],[],[],[],[]
[],[],[],[],[],[],[],[],[],[],[],[],[],[],[],[]
[],['Bedingung'],['Bedingung'],['Bedingung'],['Bedingung'],['Bedingung'],['Bedingung'],['Bedingung'],['Bedingung'],['Bedingung'],['Bedingung'],['Bedingung'],['Bedingung'],['Bedingung'],['Bedingung'],['Bedingung']
[],[],[],[],[],[],[],[],[],[],[],[],[],[],[],[]
['Arglist'],['Arglist'],[],['Arglist'],['Arglist'],[],['Arglist'],['Arglist'],['Arglist'],[],['Arglist'],['Arglist'],['Arglist'],['Arglist'],['Arglist'],['Arglist']
[],[],[],[],[],[],[],[],[],[],[],[],[],[],[],[]
[],[],[],[],[],[],[],[],[],[],[],[],[],[],[],[]
[],[],[],[],[],[],[],[],[],[],[],[],[],[],[],[]
"['Nichtigkeit', 'Nichtigkeit']","['Nichtigkeit', 'Nichtigkeit']",['Nichtigkeit'],"['Nichtigkeit', 'Nichtigkeit']",['Nichtigkeit'],['Nichtigkeit'],"['Nichtigkeit', 'Nichtigkeit']","['Nichtigkeit', 'Nichtigkeit']",['Nichtigkeit'],['Nichtigkeit'],"['Nichtigkeit', 'Nichtigkeit']",['Nichtigkeit'],"['Nichtigkeit', 'Nichtigkeit']","['Nichtigkeit', 'Nichtigkeit']","['Nichtigkeit', 'Nichtigkeit']","['Nichtigkeit', 'Nichtigkeit']"
"['Verwaltungsmaßnahme', 'Maßnahme']",['Verwaltungsmaßnahme'],"['Verwaltungsmaßnahme', 'Maßnahme']","['Verwaltungsmaßnahme', 'Maßnahme']","['Verwaltungsmaßnahme', 'Maßnahme']","['Verwaltungsmaßnahme', 'Maßnahme']","['Verwaltungsmaßnahme', 'Maßnahme']","['Verwaltungsmaßnahme', 'Maßnahme']",['Verwaltungsmaßnahme'],['Verwaltungsmaßnahme'],"['Verwaltungsmaßnahme', 'Maßnahme']","['Verwaltungsmaßnahme', 'Maßnahme']",['Verwaltungsmaßnahme'],['Verwaltungsmaßnahme'],"['Verwaltungsmaßnahme', 'Maßnahme']","['Verwaltungsmaßnahme', 'Maßnahme']"
[],['abschließende Maßnahme'],[],['abschließende Maßnahme'],[],[],['abschließende Maßnahme'],['abschließende Maßnahme'],[],[],['abschließende Maßnahme'],['abschließende Maßnahme'],['abschließende Maßnahme'],[],['abschließende Maßnahme'],['abschließende Maßnahme']
['Verwaltungsrecht'],['Verwaltungsrecht'],['Verwaltungsrecht'],['Verwaltungsrecht'],['Verwaltungsrecht'],['Verwaltungsrecht'],['Verwaltungsrecht'],['Verwaltungsrecht'],['Verwaltungsrecht'],['Verwaltungsrecht'],['Verwaltungsrecht'],['Verwaltungsrecht'],['Verwaltungsrecht'],['Verwaltungsrecht'],['Verwaltungsrecht'],['Verwaltungsrecht']
['gesetzlich Zinssatz'],['gesetzlich Zinssatz'],[],[],['gesetzlich Zinssatz'],['gesetzlich Zinssatz'],[],[],['gesetzlich Zinssatz'],[],['gesetzlich Zinssatz'],['gesetzlich Zinssatz'],[],[],[],[]
"['Rechtssubjekt', 'Rechtssubjekt']","['Rechtssubjekt', 'Rechtssubjekt']",[],"['Rechtssubjekt', 'Rechtssubjekt']","['Rechtssubjekt', 'Rechtssubjekt']","['Rechtssubjekt', 'Rechtssubjekt', 'Rechtssubjekt']","['Rechtssubjekt', 'Rechtssubjekt']","['Rechtssubjekt', 'Rechtssubjekt']",['Rechtssubjekt'],['Rechtssubjekt'],"['Rechtssubjekt', 'Rechtssubjekt']","['Rechtssubjekt', 'Rechtssubjekt']","['Rechtssubjekt', 'Rechtssubjekt']","['Rechtsträger', 'Rechtsträger', 'Rechtsträger']","['Rechtssubjekt', 'Rechtssubjekt']","['Rechtssubjekt', 'Rechtssubjekt']"
['Rechtssubjekt'],[],[],['Rechtssubjekt'],['Rechtsträger'],[],['Rechtsträger'],['Rechtssubjekt'],['Rechtssubjekt'],[],['Rechtssubjekt'],['Rechtssubjekt'],['Rechtssubjekt'],['Rechtsträger'],['Rechtssubjekt'],['Rechtssubjekt']
"['Straßenverkehrsordnung', 'Straßenverkehrsordnung']","['Straßenverkehrsordnung', 'Straßenverkehrsordnung']","['Straßenverkehrsordnung', 'Straßenverkehrsordnung']","['Straßenverkehrsordnung', 'Straßenverkehrsordnung']","['Straßenverkehrsordnung', 'Straßenverkehrsordnung']","['Straßenverkehrsordnung', 'Straßenverkehrsordnung']","['Straßenverkehrsordnung', 'Straßenverkehrsordnung']","['Straßenverkehrsordnung', 'Straßenverkehrsordnung']","['Straßenverkehrsordnung', 'Straßenverkehrsordnung']","['Straßenverkehrsordnung', 'Straßenverkehrsordnung']","['Straßenverkehrsordnung', 'Straßenverkehrsordnung']","['Straßenverkehrsordnung', 'Straßenverkehrsordnung']","['Straßenverkehrsordnung', 'Straßenverkehrsordnung']",['Straßenverkehrsordnung'],"['Straßenverkehrsordnung', 'Straßenverkehrsordnung']","['Straßenverkehrsordnung', 'Straßenverkehrsordnung']"
[],[],[],[],[],[],[],[],[],[],[],[],[],[],[],[]
['Annullierung'],['Aufhebung'],['Aufhebung'],['Aufhebung'],['Annullierung'],['Annullierung'],['Aufhebung'],['Annullierung'],['Annullierung'],['Aufhebung'],['Aufhebung'],[],['Aufhebung'],[],['Aufhebung'],['Aufhebung']
['Grenzen'],['Grenzen'],[],['Grenzen'],[],['Grenzen'],['Grenzen'],['Grenzen'],[],['Grenzen'],['Grenzen'],['Grenzen'],['Grenzen'],['Grenzen'],['Grenzen'],['Grenzen']
[],[],[],[],[],[],[],[],[],[],[],[],[],[],[],[]
['Volljährigkeit'],['Volljährigkeit'],[],['Volljährigkeit'],['Volljährigkeit'],['Volljährigkeit'],['Volljährigkeit'],['Volljährigkeit'],['Volljährigkeit'],['Volljährigkeit'],['Volljährigkeit'],['Volljährigkeit'],['Volljährigkeit'],['Volljährigkeit'],['Volljährigkeit'],['Volljährigkeit']
['vertretener'],['Vertretener'],[],['Vertretener'],['vertretener'],['vertretener'],['Vertretener'],['Vertretener'],['Vertretener'],['vertretener'],['Vertretener'],['Vertretener'],['Vertretener'],['vertretener'],['Vertretener'],['Vertretener']
[],['Generalvollmacht'],[],[],[],['Generalvollmacht'],[],[],[],[],['Generalvollmacht'],[],['Generalvollmacht'],['Generalvollmacht'],[],[]
[],[],[],[],[],[],[],[],[],[],[],[],[],[],[],[]
['Stimmrecht'],['Stimmrecht'],['Stimmrecht'],['Stimmrecht'],['Stimmrecht'],[],['Stimmrecht'],['Stimmrecht'],['Stimmrecht'],['Stimmrecht'],['Stimmrecht'],['Stimmrecht'],['Stimmrecht'],['Stimmrecht'],['Stimmrecht'],['Stimmrecht']
[],[],[],['Gratisaktie'],[],[],['Gratisaktie'],['Gratisaktie'],[],[],[],[],[],[],['Gratisaktie'],['Gratisaktie']
['Eheschließung'],[],[],[],[],['Eheschließung'],[],[],['Eheschließung'],[],[],['Eheschließung'],[],['Eheschließung'],[],['Eheschließung']
"['Eheschließung', 'Eheschließung']",['Eheschließung'],['Eheschließung'],['Eheschließung'],['Eheschließung'],['Eheschließung'],['Eheschließung'],['Eheschließung'],['Eheschließung'],[],['Eheschließung'],['Eheschließung'],['Eheschließung'],['Eheschließung'],['Eheschließung'],['Heirat']
['Eheschließung'],['Eheschließung'],[],['Eheschließung'],[],[],['Eheschließung'],['Eheschließung'],['Eheschließung'],[],['Eheschließung'],['Eheschließung'],['Eheschließung'],['Eheschließung'],['Eheschließung'],['Eheschließung']
['vertretbare Sache'],['vertretbare Sache'],[],['vertretbare Sache'],['vertretbare Sache'],['vertretbare Sache'],['vertretbare Sache'],['vertretbare Sache'],['vertretbare Sache'],['vertretbare Sache'],['vertretbare Sache'],['vertretbare Sache'],['vertretbare Sache'],['vertretbare Sache'],['vertretbare Sache'],['vertretbare Sache']
['Handlung'],['Handlung'],['Handlung'],['Handlung'],['Handlung'],['Handlung'],['Handlung'],['Handlung'],['Handlung'],[],['Handlung'],['Handlung'],['Handlung'],['Handlung'],['Handlung'],['Handlung']
[],[],[],[],[],[],[],[],[],[],[],[],[],[],[],[]
[],[],[],['Gesamtschuld'],[],[],['Gesamtschuld'],['Gesamtschuld'],[],[],[],[],['Gesamtschuld'],['Gesamtschuld'],['Gesamtschuld'],[]
[],['vertraglich Haftung'],['vertragliche Haftung'],[],[],[],[],[],[],['vertraglich Haftung'],[],[],[],[],[],[]
[],[],[],[],[],['Konkursgericht'],[],[],[],[],[],[],[],[],[],[]
[],[],[],[],[],[],[],[],[],[],[],[],[],[],[],[]
['Willensäußerung'],['Willensäußerung'],[],['Willensäußerung'],['Willensäußerung'],[],['Willensäußerung'],['Willensäußerung'],['Willensäußerung'],[],['Willensäußerung'],['Willensäußerung'],['Willensäußerung'],['Willensäußerung'],['Willensäußerung'],['Willensäußerung']
[],[],[],[],[],[],[],[],[],[],[],[],[],[],[],[]
['Erfordernisse des Vertrages'],[],[],['Erfordernisse des Vertrages'],[],[],[],[],['Erfordernisse des Vertrages'],[],[],[],[],[],['Erfordernisse des Vertrages'],[]
[],[],[],[],[],[],[],[],[],[],[],[],[],[],[],[]
['vertragliches Vorkaufsrecht'],['vertragliches Vorkaufsrecht'],['vertragliches Vorkaufsrecht'],['vertragliches Vorkaufsrecht'],['vertragliches Vorkaufsrecht'],['vertragliches Vorzugsrecht'],['vertragliches Vorkaufsrecht'],['vertragliches Vorkaufsrecht'],['vertragliches Vorkaufsrecht'],['vertragliches Vorkaufsrecht'],['vertragliches Vorkaufsrecht'],['vertragliches Vorkaufsrecht'],['vertragliches Vorkaufsrecht'],['vertragliches Vorkaufsrecht'],['vertragliches Vorkaufsrecht'],['vertragliches Vorkaufsrecht']
[],['Leasinggeber'],[],['Leasinggeber'],[],[],['Leasinggeber'],['Leasinggeber'],[],[],['Leasinggeber'],[],['Leasinggeber'],[],['Leasinggeber'],['Leasinggeber']
[],[],[],"['Genossenschaft', 'Genossenschaft']","['Genossenschaft', 'Genossenschaft']",[],"['Genossenschaft', 'Genossenschaft']","['Genossenschaft', 'Genossenschaft']","['Genossenschaft', 'Genossenschaft']","['Genossenschaft', 'Genossenschaft']","['Genossenschaft', 'Genossenschaft']","['Genossenschaft', 'Genossenschaft']",[],[],"['Genossenschaft', 'Genossenschaft']","['Genossenschaft', 'Genossenschaft']"
['Verpflichtung'],['Verpflichtung'],['Verpflichtung'],['Verpflichtung'],['Verbindlichkeit'],['Verpflichtung'],['Verpflichtung'],['Verpflichtung'],['Verpflichtung'],['Verpflichtung'],['Verpflichtung'],['Verbindlichkeit'],['Verpflichtung'],['Verpflichtung'],['Verpflichtung'],['Verpflichtung']
['Verbindlichkeit'],[],[],['Verbindlichkeit'],['Verbindlichkeit'],['Verbindlichkeit'],['Verbindlichkeit'],['Verbindlichkeit'],['Verpflichtung'],['Verbindlichkeit'],['Verbindlichkeit'],['Verbindlichkeit'],['Verbindlichkeit'],['Verbindlichkeit'],['Verbindlichkeit'],['Verbindlichkeit']
['Nennwert'],['Nennwert'],[],['Nennwert'],['Nennwert'],['Nennwert'],['Nennwert'],['Nennwert'],['Nennwert'],['Nennwert'],['Nennwert'],[],['Nennwert'],['Nennwert'],['Nennwert'],['Nennwert']
['zugelassen Forderung'],['zugelassen Forderung'],[],['zugelassen Forderung'],['zugelassen Forderung'],['zugelassen Forderung'],['zugelassen Forderung'],['zugelassen Forderung'],['zugelassen Forderung'],['zugelassen Forderung'],['zugelassen Forderung'],['zugelassen Forderung'],['zugelassen Forderung'],['zugelassen Forderung'],['zugelassen Forderung'],['zugelassen Forderung']
[],['Rücklage'],[],['Rücklage'],['Rücklage'],['Rücklage'],['Rücklage'],['Rücklage'],['Rücklage'],['Rücklage'],['Rücklage'],['Rücklage'],['Rücklage'],[],['Rücklage'],['Rücklage']
[],[],[],[],[],[],[],[],[],[],[],[],[],[],[],[]
[],[],[],[],[],[],[],[],[],[],[],[],[],[],[],[]
[],[],[],[],[],[],[],[],[],[],[],[],[],[],[],[]
[],[],[],[],[],[],[],[],[],[],[],[],[],[],[],[]
[],[],[],[],[],[],[],[],[],[],[],[],[],[],[],[]
[],[],[],[],[],[],[],[],[],[],[],[],[],[],[],[]
['Schuld'],"['Verschulden', 'Schuld']","['Schuld', 'Schuld', 'Schuld']",['Schuld'],['Schuld'],['Schuld'],['Schuld'],['Schuld'],"['Verschulden', 'Schuld']","['Verschulden', 'Schuld']",['Schuld'],['Schuld'],['Schuld'],"['Schuld', 'Schuld']",['Schuld'],['Schuld']
['Vorsatz'],[],[],['Vorsatz'],[],['Vorsatz'],['Vorsatz'],['Vorsatz'],['Vorsatz'],['Vorsatz'],[],[],[],[],['Vorsatz'],['Vorsatz']
['informierte Einwilligung'],['informierte Einwilligung'],['Einwilligung nach Aufklärung'],['informierte Einwilligung'],['informierte Einwilligung'],['informierte Einwilligung'],['informierte Einwilligung'],['informierte Einwilligung'],['informierte Einwilligung'],['informierte Einwilligung'],['informierte Einwilligung'],['informierte Einwilligung'],['informierte Einwilligung'],['informierte Einwilligung'],['informierte Einwilligung'],['informierte Einwilligung']
[],['Volljähriger'],[],[],['Volljähriger'],['Volljähriger'],['Volljähriger'],[],['Volljähriger'],[],['Volljähriger'],['Volljähriger'],['Volljähriger'],['Volljähriger'],['Volljähriger'],['Volljähriger']
[],[],[],[],['Fortpflanzungsfähigkeit'],['Fortpflanzungsfähigkeit'],[],[],[],[],[],[],[],[],[],[]
[],['Pflicht zur Treue'],[],[],[],[],[],[],['Pflicht zur Treue'],[],[],[],['Pflicht zur Treue'],[],[],[]
['minderjährige'],['minderjährige'],['minderjährige'],['minderjährige'],['minderjährige'],['minderjährige'],['minderjährige'],['minderjährige'],['minderjährige'],['minderjährige'],['minderjährige'],['minderjährige'],['minderjährige'],['minderjährige'],['minderjährige'],['minderjährige']
['Minderjähriger'],['Minderjähriger'],['Minderjähriger'],['Minderjähriger'],['Minderjähriger'],['Minderjähriger'],['Minderjähriger'],['Minderjähriger'],['Minderjähriger'],['Minderjähriger'],['Minderjähriger'],['Minderjähriger'],['Minderjähriger'],['Minderjähriger'],['Minderjähriger'],['Minderjähriger']
['Rate'],['Rate'],['Rate'],['Rate'],"['Rate', 'Rate']",['Rate'],['Rate'],['Rate'],['Rate'],['Rate'],['Rate'],['Rate'],['Rate'],['Rate'],['Rate'],['Rate']
['Personenstandsregister'],['Personenstandsregister'],[],['Personenstandsregister'],['Personenstandsregister'],['Personenstandsregister'],['Personenstandsregister'],['Personenstandsregister'],['Personenstandsregister'],[],['Personenstandsregister'],['Personenstandsregister'],['Personenstandsregister'],['Personenstandsregister'],['Personenstandsregister'],['Personenstandsregister']
[],[],[],['Heimfall'],[],[],['Heimfall'],['Heimfall'],[],[],['Heimfall'],['Heimfall'],['Heimfall'],[],['Heimfall'],['Heimfall']
['Verhandlungen'],['Verhandlungen'],['Verhandlungen'],['Verhandlungen'],['Verhandlungen'],['Verhandlungen'],['Verhandlungen'],['Verhandlungen'],['Verhandlungen'],['Verhandlungen'],['Verhandlungen'],['Verhandlungen'],['Verhandlungen'],['Verhandlungen'],['Verhandlungen'],['Verhandlungen']
[],[],[],[],[],[],[],[],[],[],[],[],[],[],[],[]
[],[],[],[],[],[],[],[],[],[],[],[],[],[],[],[]
[],[],['Verbraucherkredit'],[],[],['Verbraucherkredit'],[],[],[],['Verbraucherkredit'],[],[],[],[],[],[]
['TAEG'],['TAEG'],['TAEG'],[],['TAEG'],['TAEG'],[],[],['TAEG'],['TAEG'],[],['TAEG'],['TAEG'],[],[],['TAEG']
['Verbraucherverband'],[],['Verbraucherverband'],['Verbraucherverband'],['Verbraucherverband'],['Verbraucherverband'],['Verbraucherverband'],['Verbraucherverband'],['Verbraucherverband'],['Verbraucherverband'],[],['Verbraucherverband'],['Verbraucherverband'],[],['Verbraucherverband'],['Verbraucherverband']
[],[],['Geldgeber'],[],[],[],[],[],[],[],[],[],[],[],[],[]
[],[],[],[],[],[],[],[],[],[],[],[],[],[],[],[]
[],[],[],[],[],[],[],[],['Grundsatz der Gesetzmäßigkeit'],['Grundsatz der Gesetzmäßigkeit'],[],[],[],[],[],[]
['Fortbildung'],['Fortbildung'],['Fortbildung'],"['Fortbildung', 'Fortbildung']",['Fortbildung'],"['Fortbildung', 'Fortbildung']","['Fortbildung', 'Fortbildung']","['Fortbildung', 'Fortbildung']",['Fortbildung'],"['Fortbildung', 'Fortbildung']","['Fortbildung', 'Fortbildung']",['Fortbildung'],"['Fortbildung', 'Fortbildung']",['Fortbildung'],"['Fortbildung', 'Fortbildung']","['Fortbildung', 'Fortbildung']"
"['berufliche Weiterbildung', 'Weiterbildung']","['berufliche Weiterbildung', 'Weiterbildung']",['Weiterbildung'],"['berufliche Weiterbildung', 'Weiterbildung']",[],['Fortbildung'],"['berufliche Weiterbildung', 'Weiterbildung']","['berufliche Weiterbildung', 'Weiterbildung']",['Fortbildung'],"['berufliche Weiterbildung', 'Weiterbildung']",['Weiterbildung'],"['berufliche Weiterbildung', 'Weiterbildung']","['berufliche Weiterbildung', 'Weiterbildung']",['Weiterbildung'],"['berufliche Weiterbildung', 'Weiterbildung']","['berufliche Weiterbildung', 'Weiterbildung']"
[],[],[],[],[],[],[],[],[],[],[],[],[],[],[],[]
['Leasing'],['Leasing'],['Leasing'],['Leasing'],['Leasing'],['Leasing'],['Leasing'],['Leasing'],['Leasing'],['Leasing'],['Leasing'],['Leasing'],['Leasing'],['Leasing'],['Leasing'],['Leasing']
[],['wirtschaftlich Gut'],[],['wirtschaftlich Gut'],[],['wirtschaftlich Gut'],['wirtschaftlich Gut'],['wirtschaftlich Gut'],['wirtschaftlich Gut'],['wirtschaftlich Gut'],['wirtschaftlich Gut'],['wirtschaftlich Gut'],['wirtschaftlich Gut'],['wirtschaftlich Gut'],['wirtschaftlich Gut'],['wirtschaftlich Gut']
[],[],[],[],[],[],[],[],[],[],[],[],[],[],[],[]
[],[],[],[],[],[],[],[],[],[],[],[],[],[],[],[]
[],[],[],[],[],[],[],[],[],[],[],[],[],[],[],[]
['begünstigtes Darlehen'],['begünstigtes Darlehen'],[],['begünstigtes Darlehen'],['gefördertes Darlehen'],['begünstigtes Darlehen'],['begünstigtes Darlehen'],['begünstigtes Darlehen'],['begünstigtes Darlehen'],['gefördertes Darlehen'],['begünstigtes Darlehen'],['begünstigtes Darlehen'],['begünstigtes Darlehen'],['begünstigtes Darlehen'],['begünstigtes Darlehen'],['begünstigtes Darlehen']
[],['Gebrauchsrecht'],[],['Gebrauchsrecht'],['Gebrauchsrecht'],['Gebrauchsrecht'],['Gebrauchsrecht'],['Gebrauchsrecht'],['Gebrauchsrecht'],['Gebrauchsrecht'],['Gebrauchsrecht'],['Gebrauchsrecht'],['Gebrauchsrecht'],['Gebrauchsrecht'],['Gebrauchsrecht'],['Gebrauchsrecht']
[],['Gebrauch'],[],['Gebrauch'],['Gebrauch'],[],['Gebrauch'],['Gebrauch'],['Gebrauch'],[],[],['Gebrauch'],['Gebrauch'],['Gebrauch'],['Gebrauch'],['Gebrauch']
[],"['Recht zum Gebrauch', 'Gebrauch']",[],"['Recht zum Gebrauch', 'Gebrauch']",[],[],"['Recht zum Gebrauch', 'Gebrauch']","['Recht zum Gebrauch', 'Gebrauch']","['Recht zum Gebrauch', 'Gebrauch']",['Gebrauch'],"['Recht zum Gebrauch', 'Gebrauch']","['Recht zum Gebrauch', 'Gebrauch']","['Recht zum Gebrauch', 'Gebrauch']",[],"['Recht zum Gebrauch', 'Gebrauch']","['Recht zum Gebrauch', 'Gebrauch']"
['Strand'],['Strand'],['Strand'],['Strand'],['Strand'],['Strand'],['Strand'],['Strand'],['Strand'],['Strand'],['Strand'],['Strand'],['Strand'],['Strand'],['Strand'],"['Strand', 'Strand']"
['Versprechend'],['Versprechend'],[],['Versprechend'],['Versprechend'],['Versprechend'],['Versprechend'],['Versprechend'],['Versprechend'],['Versprechend'],['Versprechend'],['Versprechend'],['Versprechend'],['Versprechend'],['Versprechend'],['Versprechend']
[],['Treue'],['Treue'],['Treue'],['Treue'],['Treue'],['Treue'],['Treue'],['Treue'],[],['Treue'],['Treue'],['Treue'],['Treue'],['Treue'],['Treue']
['Zeuge'],['Zeuge'],['Zeuge'],['Zeuge'],['Zeuge'],['Zeuge'],['Zeuge'],['Zeuge'],['Zeuge'],['Zeuge'],['Zeuge'],['Zeuge'],['Zeuge'],['Zeuge'],['Zeuge'],['Zeuge']
['Zusammenleben'],['Zusammenleben'],['Zusammenleben'],['Zusammenleben'],['Zusammenleben'],['Zusammenleben'],['Zusammenleben'],['Zusammenleben'],['Zusammenleben'],['Zusammenleben'],['Zusammenleben'],['Zusammenleben'],['Zusammenleben'],['Zusammenleben'],['Zusammenleben'],['Zusammenleben']
['Pseudonym'],['Pseudonym'],['Pseudonym'],['Pseudonym'],['Pseudonym'],['Pseudonym'],['Pseudonym'],['Pseudonym'],['Pseudonym'],['Pseudonym'],['Pseudonym'],['Pseudonym'],['Pseudonym'],['Pseudonym'],['Pseudonym'],['Pseudonym']
['Erblasser'],['Erblasser'],[],['Erblasser'],['Erblasser'],['Erblasser'],['Erblasser'],['Erblasser'],['Erblasser'],['Erblasser'],['Erblasser'],['Erblasser'],['Erblasser'],['Erblasser'],['Erblasser'],['Erblasser']
[],[],[],[],[],[],[],[],[],[],[],[],[],[],[],[]
[],[],[],[],[],[],[],[],[],[],[],[],[],[],[],[]
[],[],[],[],[],[],[],[],[],[],[],[],[],[],[],[]
[],[],[],[],[],[],[],[],[],[],[],[],[],[],[],[]
[],[],['Scheckheft'],[],[],[],[],[],[],[],[],[],[],[],[],[]
[],[],[],[],[],[],[],[],[],[],[],[],[],[],[],[]
['Kreditversicherung'],['Kreditversicherung'],['Kreditversicherung'],['Kreditversicherung'],['Kreditversicherung'],['Kreditversicherung'],['Kreditversicherung'],['Kreditversicherung'],['Kreditversicherung'],['Kreditversicherung'],['Kreditversicherung'],['Kreditversicherung'],['Kreditversicherung'],['Kreditversicherung'],['Kreditversicherung'],['Kreditversicherung']
[],[],[],[],[],[],[],[],[],[],[],[],[],[],[],[]
[],[],[],[],[],[],[],[],[],[],[],[],[],[],[],[]
[],[],[],[],[],[],[],[],[],[],[],[],[],[],[],[]
['Beförderung von Personen'],['Personenbeförderung'],['Beförderung von Personen'],['Personenbeförderung'],"['Personenbeförderung', 'Personenbeförderung']",[],['Personenbeförderung'],['Personenbeförderung'],['Beförderung von Personen'],['Personenbeförderung'],['Personenbeförderung'],['Personenbeförderung'],['Personenbeförderung'],[],['Personenbeförderung'],['Personenbeförderung']
['Personenbeförderung'],['Personenbeförderung'],[],['Personenbeförderung'],['Personenbeförderung'],['Personenbeförderung'],['Personenbeförderung'],['Personenbeförderung'],['Personenbeförderung'],['Personenbeförderung'],['Personenbeförderung'],['Personenbeförderung'],['Personenbeförderung'],['Personenbeförderung'],['Personenbeförderung'],['Personenbeförderung']
[],[],[],[],[],[],[],[],[],[],[],[],[],[],[],[]
[],[],[],[],[],[],[],[],[],[],[],[],[],[],[],[]
[],[],[],[],[],[],[],[],[],[],[],[],[],[],[],[]
['Einrichtung'],['Einrichtung'],['Einrichtung'],['Einrichtung'],['Einrichtung'],['Einrichtung'],['Einrichtung'],['Einrichtung'],['Einrichtung'],['Einrichtung'],['Einrichtung'],['Einrichtung'],['Einrichtung'],['Einrichtung'],['Einrichtung'],['Einrichtung']
[],['dreizehnter Monatsgehalt'],[],['dreizehnter Monatsgehalt'],['dreizehnter Monatsgehalt'],[],['dreizehnter Monatsgehalt'],['dreizehnter Monatsgehalt'],['dreizehnter Monatsgehalt'],['dreizehnter Monatsgehalt'],['dreizehnter Monatsgehalt'],['dreizehnter Monatsgehalt'],['dreizehnter Monatsgehalt'],['dreizehnter Monatsgehalt'],['dreizehnter Monatsgehalt'],['dreizehnter Monatsgehalt']
['dreizehntes Monatsgehalt'],['dreizehntes Monatsgehalt'],[],['dreizehntes Monatsgehalt'],['dreizehntes Monatsgehalt'],['dreizehntes Monatsgehalt'],['dreizehntes Monatsgehalt'],['dreizehntes Monatsgehalt'],['dreizehntes Monatsgehalt'],['dreizehntes Monatsgehalt'],['dreizehntes Monatsgehalt'],['dreizehntes Monatsgehalt'],['dreizehntes Monatsgehalt'],['dreizehntes Monatsgehalt'],['dreizehntes Monatsgehalt'],['dreizehntes Monatsgehalt']
[],[],[],[],[],[],[],[],[],[],[],[],[],[],[],[]
[],[],[],[],[],[],[],[],[],[],[],[],[],[],[],[]
[],[],[],[],[],[],[],[],[],[],[],[],[],[],[],[]
[],[],[],[],[],[],[],[],[],[],[],[],[],[],[],[]
['Familienberatungsstelle'],['Familienberatungsstelle'],[],['Familienberatungsstelle'],['Familienberatungsstelle'],['Familienberatungsstelle'],['Familienberatungsstelle'],['Familienberatungsstelle'],['Familienberatungsstelle'],['Familienberatungsstelle'],['Familienberatungsstelle'],['Familienberatungsstelle'],['Familienberatungsstelle'],['Familienberatungsstelle'],['Familienberatungsstelle'],['Familienberatungsstelle']
[],[],[],[],[],[],[],[],[],[],[],[],[],[],[],[]
[],[],[],[],[],[],[],[],[],[],[],[],[],[],[],[]
[],[],[],[],[],[],[],[],[],[],[],[],[],[],[],[]
['Gemeindewahlen'],['Gemeinderatswahlen'],[],['Gemeinderatswahlen'],['Gemeindewahlen'],['Gemeindewahlen'],['Gemeinderatswahlen'],['Gemeinderatswahlen'],['Gemeindewahlen'],['Gemeindewahlen'],['Gemeinderatswahlen'],['Gemeindewahlen'],['Gemeinderatswahlen'],['Gemeindewahlen'],['Gemeinderatswahlen'],['Gemeinderatswahlen']
[],[],['Luftfrachtvertrag'],[],[],[],[],[],[],[],[],[],[],[],[],[]
['ständige Kommission'],['ständige Kommission'],[],[],['ständige Kommission'],['ständige Kommission'],['ständige Kommission'],['ständige Kommission'],['ständige Kommission'],['ständige Kommission'],['ständige Kommission'],['ständige Kommission'],['ständige Kommission'],['Ständige Kommission'],['ständige Kommission'],['ständige Kommission']
[],[],[],[],[],[],[],[],[],[],[],[],[],[],[],[]
[],[],[],[],[],[],[],[],[],[],[],[],[],[],[],[]
['Wahlamt'],['Wahlamt'],[],['Wahlamt'],['Wahlamt'],[],['Wahlamt'],['Wahlamt'],['Wahlamt'],[],['Wahlamt'],['Wahlamt'],['Wahlamt'],[],['Wahlamt'],['Wahlamt']
[],[],[],[],[],[],[],[],[],[],[],['Wahlschein'],[],[],[],[]
['Wahlkampagne'],['Wahlkampagne'],[],['Wahlkampagne'],['Wahlkampagne'],['Wahlkampagne'],['Wahlkampagne'],['Wahlkampagne'],['Wahlkampagne'],[],['Wahlkampagne'],['Wahlkampagne'],['Wahlkampagne'],[],['Wahlkampagne'],['Wahlkampagne']
[],['Gewaltenteilung'],['Gewaltenteilung'],['Gewaltenteilung'],[],[],[],['Gewaltenteilung'],[],[],['Gewaltenteilung'],[],['Gewaltenteilung'],[],['Gewaltenteilung'],['Gewaltenteilung']
[],[],[],[],[],[],[],[],[],[],[],[],[],[],[],[]
[],[],['technische Regierung'],[],['technische Regierung'],['technische Regierung'],[],[],[],['technische Regierung'],[],[],[],['technische Regierung'],[],[]
['Arbeitsbestätigung'],['Arbeitszeugnis'],[],['Arbeitsbestätigung'],['Arbeitszeugnis'],[],['Arbeitsbestätigung'],['Arbeitsbestätigung'],['Arbeitszeugnis'],[],['Arbeitsbestätigung'],[],['Arbeitsbestätigung'],['Arbeitszeugnis'],['Arbeitsbestätigung'],['Arbeitsbestätigung']
['Arbeitsbestätigung'],['Arbeitszeugnis'],[],['Arbeitszeugnis'],['Arbeitszeugnis'],['Arbeitszeugnis'],['Arbeitszeugnis'],['Arbeitszeugnis'],['Arbeitszeugnis'],[],['Arbeitsbestätigung'],['Arbeitszeugnis'],['Arbeitszeugnis'],['Arbeitsbestätigung'],['Arbeitszeugnis'],['Arbeitszeugnis']
[],[],['Arbeitszeugnis'],['Arbeitszeugnis'],[],[],[],['Arbeitszeugnis'],[],[],"['Dienstzeugnis', 'Arbeitsbestätigung']",[],['Arbeitszeugnis'],[],['Arbeitszeugnis'],"['Dienstzeugnis', 'Arbeitszeugnis']"
[],[],['Mitteilung'],[],[],[],[],[],[],[],[],[],[],[],[],[]
[],[],[],[],[],[],[],[],[],[],[],[],[],[],[],[]
['Wert der versicherten Sache'],['Wert der versicherten Sache'],['Wert der versicherten Sache'],['Wert der versicherten Sache'],['Wert der versicherten Sache'],['Wert der versicherten Sache'],['Wert der versicherten Sache'],['Wert der versicherten Sache'],['Wert der versicherten Sache'],['Wert der versicherten Sache'],['Wert der versicherten Sache'],['Wert der versicherten Sache'],['Wert der versicherten Sache'],['Wert der versicherten Sache'],['Wert der versicherten Sache'],['Wert der versicherten Sache']
['rückwirkend'],['rückwirkend'],['rückwirkend'],['rückwirkend'],['rückwirkend'],['rückwirkend'],['rückwirkend'],['rückwirkend'],['rückwirkend'],['rückwirkend'],['rückwirkend'],['rückwirkend'],['rückwirkend'],['rückwirkend'],['rückwirkend'],['rückwirkend']
[],[],[],[],[],[],[],[],[],[],[],[],[],[],[],[]
[],['erhofft Gewinn'],['erhofft Gewinn'],['erhofft Gewinn'],[],[],['erhofft Gewinn'],['erhofft Gewinn'],['erhofft Gewinn'],[],['erhofft Gewinn'],['erhofft Gewinn'],['erhofft Gewinn'],[],['erhofft Gewinn'],['erhofft Gewinn']
[],[],[],[],[],[],[],[],[],[],[],[],[],[],[],[]
[],[],[],[],[],[],[],[],[],[],[],[],[],[],[],[]
['Versicherungsdauer'],['Versicherungsdauer'],['Versicherungsdauer'],[],['Versicherungsdauer'],['Versicherungsdauer'],[],[],['Versicherungsdauer'],[],['Versicherungsdauer'],[],[],[],[],[]
[],[],[],['Schadenersatzpflicht'],[],[],['Schadenersatzpflicht'],['Schadenersatzpflicht'],[],[],[],[],[],[],['Schadenersatzpflicht'],[]
[],[],[],[],[],[],[],[],[],[],[],[],[],[],[],[]
[],[],[],[],[],[],[],[],[],[],[],[],[],[],[],[]
['Schadensmeldung'],['Schadensmeldung'],[],['Schadensanzeige'],['Schadensmeldung'],['Schadensmeldung'],['Schadensanzeige'],['Schadensanzeige'],['Schadensmeldung'],['Schadensmeldung'],[],['Schadensmeldung'],['Schadensanzeige'],['Schadensmeldung'],['Schadensanzeige'],['Schadensanzeige']
"['Schadensmeldung', 'Schadensmeldung']","['Schadensmeldung', 'Schadensmeldung']",[],"['Schadensmeldung', 'Schadensmeldung']","['Schadensmeldung', 'Schadensmeldung']",['Schadensmeldung'],"['Schadensmeldung', 'Schadensmeldung']","['Schadensmeldung', 'Schadensmeldung']","['Schadensmeldung', 'Schadensmeldung']","['Schadensmeldung', 'Schadensmeldung']",['Schadensmeldung'],"['Schadensmeldung', 'Schadensmeldung']","['Schadensmeldung', 'Schadensmeldung']","['Schadensmeldung', 'Schadensmeldung']","['Schadensmeldung', 'Schadensmeldung']","['Schadensmeldung', 'Schadensmeldung']"
[],['Wiedereinsetzung in den vorigen Stand'],[],['Wiedereinsetzung in den vorigen Stand'],['Wiedereinsetzung in den vorigen Stand'],[],['Wiedereinsetzung in den vorigen Stand'],['Wiedereinsetzung in den vorigen Stand'],[],[],[],[],[],[],['Wiedereinsetzung in den vorigen Stand'],['Wiedereinsetzung in den vorigen Stand']
['nichtig'],['nichtig'],['nichtig'],['nichtig'],['nichtig'],['nichtig'],['nichtig'],['nichtig'],['nichtig'],['nichtig'],['nichtig'],['nichtig'],['nichtig'],['nichtig'],['nichtig'],['nichtig']
[],[],[],[],[],[],[],[],[],[],[],[],[],[],[],[]
[],[],[],[],[],[],[],[],[],[],[],[],[],[],[],[]
['Risiko'],['Risiko'],"['Risiko', 'Risiko']",['Risiko'],['Risiko'],"['Risiko', 'Risiko']",['Risiko'],['Risiko'],['Risiko'],"['Risiko', 'Risiko']",['Risiko'],['Risiko'],['Risiko'],['Risiko'],['Risiko'],['Risiko']
['Versicherung auf erstes Risiko'],[],[],['Versicherung auf erster Risiko'],[],['Versicherung auf erster Risiko'],['Versicherung auf erster Risiko'],['Versicherung auf erster Risiko'],['Versicherung auf erster Risiko'],[],['Versicherung auf erster Risiko'],[],['Versicherung auf erster Risiko'],['Versicherung auf erster Risiko'],['Versicherung auf erster Risiko'],[]
[],[],[],[],[],[],[],[],[],[],[],[],[],[],[],[]
['besonderer Bedingung'],['besonderer Bedingung'],['besonderer Bedingung'],['besonderer Bedingung'],['besonderer Bedingung'],['besonderer Bedingung'],['besonderer Bedingung'],['besonderer Bedingung'],['besonderer Bedingung'],['besonderer Bedingung'],['besonderer Bedingung'],['besonderer Bedingung'],['besonderer Bedingung'],['besonderer Bedingung'],['besonderer Bedingung'],['besonderer Bedingung']
[],['Geschädigter'],['Geschädigter'],['Geschädigter'],[],[],['Geschädigter'],['Geschädigter'],['Geschädigter'],[],['Geschädigter'],['Geschädigter'],['Geschädigter'],[],['Geschädigter'],['Geschädigter']
[],[],[],[],[],[],[],[],[],[],[],[],[],[],[],[]
['Übergabe der Sache'],['Übergabe der Sache'],['Übergabe der Sache'],['Übergabe der Sache'],['Übergabe der Sache'],['Übergabe der Sache'],['Übergabe der Sache'],['Übergabe der Sache'],['Übergabe der Sache'],['Übergabe der Sache'],['Übergabe der Sache'],['Übergabe der Sache'],['Übergabe der Sache'],['Übergabe der Sache'],['Übergabe der Sache'],['Übergabe der Sache']
['fair Verfahren'],['fair Verfahren'],['fair Verfahren'],['fair Verfahren'],['fair Verfahren'],['fair Verfahren'],['fair Verfahren'],['fair Verfahren'],['fair Verfahren'],[],['fair Verfahren'],['fair Verfahren'],['fair Verfahren'],[],['fair Verfahren'],['fair Verfahren']
['Essensgutschein'],['Essensgutschein'],[],[],['Essensgutschein'],[],['Essensgutschein'],[],[],['Essensgutschein'],['Essensgutschein'],['Essensgutschein'],[],['Essensgutschein'],[],[]
['Abstellung'],['Abstellung'],[],['Abstellung'],[],[],['Abstellung'],['Abstellung'],['Abstellung'],['Abstellung'],['Abstellung'],['Abstellung'],['Abstellung'],[],['Abstellung'],['Abstellung']
['Pensionierung'],['Pensionierung'],[],['Pensionierung'],[],['Pensionierung'],['Pensionierung'],['Pensionierung'],['Pensionierung'],[],['Pensionierung'],['Pensionierung'],['Pensionierung'],[],['Pensionierung'],['Pensionierung']
['Versetzung in den Ruhestand'],['Versetzung in den Ruhestand'],[],['Versetzung in den Ruhestand'],['Versetzung in den Ruhestand'],['Versetzung in den Ruhestand'],['Versetzung in den Ruhestand'],['Versetzung in den Ruhestand'],[],['Versetzung in den Ruhestand'],['Versetzung in den Ruhestand'],[],['Versetzung in den Ruhestand'],[],['Versetzung in den Ruhestand'],['Versetzung in den Ruhestand']
[],[],[],['förmliche Vernehmung'],[],[],['förmliche Vernehmung'],['förmliche Vernehmung'],['förmlich Vernehmung'],[],[],['förmlich Vernehmung'],[],[],['förmliche Vernehmung'],['förmliche Vernehmung']
[],[],"['Konzessionär', 'Konzessionär']",[],[],[],[],[],[],[],[],[],[],[],[],[]
[],[],[],[],[],[],[],[],[],[],[],[],[],[],[],[]
['laufend Monat'],['laufend Monat'],['laufend Monat'],['laufend Monat'],['laufend Monat'],['laufend Monat'],['laufend Monat'],['laufend Monat'],['laufend Monat'],['laufend Monat'],['laufend Monat'],['laufend Monat'],['laufend Monat'],['laufend Monat'],['laufend Monat'],['laufend Monat']
['rechtswidrig'],[],['rechtswidrig'],['rechtswidrig'],['rechtswidrig'],[],['rechtswidrig'],['rechtswidrig'],['rechtswidrig'],['unrechtmäßig'],['rechtswidrig'],['rechtswidrig'],['rechtswidrig'],[],['rechtswidrig'],['rechtswidrig']
[],[],[],[],[],[],[],[],[],[],[],[],[],[],[],[]
['CIE'],['CIE'],['CIE'],['CIE'],['CIE'],['CIE'],['CIE'],['CIE'],['CIE'],['CIE'],['CIE'],['CIE'],['CIE'],['CIE'],['CIE'],['CIE']
[],[],[],[],[],[],[],[],[],[],[],[],[],[],[],[]
[],['klein Ausbesserung'],[],['klein Ausbesserung'],['klein Ausbesserung'],[],['klein Ausbesserung'],['klein Ausbesserung'],[],[],['klein Ausbesserung'],[],['klein Ausbesserung'],[],['klein Ausbesserung'],['klein Ausbesserung']
['notwendig Ausbesserung'],['notwendig Ausbesserung'],[],['notwendig Ausbesserung'],['notwendig Ausbesserung'],[],['notwendig Ausbesserung'],['notwendig Ausbesserung'],['notwendig Ausbesserung'],[],['notwendig Ausbesserung'],['notwendig Ausbesserung'],['notwendig Ausbesserung'],['notwendig Ausbesserung'],['notwendig Ausbesserung'],['notwendig Ausbesserung']
[],[],[],[],[],[],[],[],[],[],[],[],[],[],[],[]
['Wertpapier'],['Wertpapier'],"['Wertpapier', 'Wertpapier']",['Wertpapier'],['Wertpapier'],['Wertpapier'],['Wertpapier'],['Wertpapier'],['Wertpapier'],[],['Wertpapier'],['Wertpapier'],['Wertpapier'],['Wertpapier'],['Wertpapier'],['Wertpapier']
['Berichtigung'],['Berichtigung'],['Berichtigung'],['Berichtigung'],['Berichtigung'],['Berichtigung'],['Berichtigung'],['Berichtigung'],['Berichtigung'],[],['Berichtigung'],['Berichtigung'],['Berichtigung'],['Berichtigung'],['Berichtigung'],['Berichtigung']
['Darlehensversprechen'],['Darlehensversprechen'],[],['Darlehensversprechen'],['Darlehensversprechen'],['Darlehensversprechen'],[],['Darlehensversprechen'],['Darlehensversprechen'],['Darlehensversprechen'],['Darlehensversprechen'],['Darlehensversprechen'],['Darlehensversprechen'],['Darlehensversprechen'],['Darlehensversprechen'],['Darlehensversprechen']
[],['Schuldverschreibung'],[],['Schuldverschreibung'],[],[],['Schuldverschreibung'],['Schuldverschreibung'],[],[],[],['Schuldverschreibung'],[],[],['Schuldverschreibung'],['Schuldverschreibung']
['Erkennungsausweis'],[],[],[],['Erkennungsausweis'],['Erkennungsausweis'],[],[],['Erkennungsausweis'],[],[],[],[],[],[],[]
['Entgelt'],['Entgelt'],['Entgelt'],['Entgelt'],['Entgelt'],['Entgelt'],['Entgelt'],['Entgelt'],['Entgelt'],['Entgelt'],['Entgelt'],['Entgelt'],['Entgelt'],['Entgelt'],['Entgelt'],['Entgelt']
['Zwangsräumung'],['Zwangsräumung'],[],['Zwangsräumung'],[],['Zwangsräumung'],['Zwangsräumung'],['Zwangsräumung'],['Zwangsräumung'],[],['Zwangsräumung'],['Zwangsräumung'],['Zwangsräumung'],[],['Zwangsräumung'],['Zwangsräumung']
[],['Pannendienst'],[],['Pannendienst'],['Pannendienst'],[],['Pannendienst'],['Pannendienst'],['Pannendienst'],[],['Pannendienst'],['Pannendienst'],['Pannendienst'],[],['Pannendienst'],['Pannendienst']
[],[],[],[],[],[],[],[],[],[],[],[],[],[],[],[]
[],[],[],[],[],[],[],[],[],[],[],[],[],[],[],[]
[],[],[],[],[],[],[],[],[],[],[],[],[],[],[],[]
[],[],[],[],[],[],[],[],[],[],[],[],[],[],[],[]
['Handlung'],['Handlung'],"['Handlung', 'Handlung']",['Handlung'],"['Handlung', 'Handlung']",['Handlung'],['Handlung'],['Handlung'],"['Handlung', 'Handlung']",['Handlung'],['Handlung'],['Handlung'],['Handlung'],['Handlung'],['Handlung'],['Handlung']
[],[],[],[],[],[],[],[],[],[],[],[],[],[],[],[]
[],[],[],[],['Verfahrenspartei'],[],[],[],[],[],[],['Verfahrenspartei'],['Verfahrenspartei'],[],[],[]
[],[],[],[],[],[],[],[],[],[],[],[],[],[],[],[]
['Hinterlegung'],['Hinterlegung'],['Hinterlegung'],['Hinterlegung'],['Hinterlegung'],['Hinterlegung'],['Hinterlegung'],['Hinterlegung'],['Hinterlegung'],['Hinterlegung'],['Hinterlegung'],['Hinterlegung'],['Hinterlegung'],['Hinterlegung'],['Hinterlegung'],['Hinterlegung']
['Kernfamilie'],[],['Kernfamilie'],[],['Kernfamilie'],['Kernfamilie'],[],[],['Kernfamilie'],['Kernfamilie'],[],[],['Kernfamilie'],['Kernfamilie'],[],[]
[],[],[],[],[],[],[],[],[],[],[],[],[],[],[],[]
['Notlage'],['Notlage'],[],[],['Notlage'],['Notlage'],['Notlage'],[],['Notlage'],[],['Notlage'],['Notlage'],['Notlage'],[],[],['Notlage']
[],[],['parlamentarische Immunität'],[],[],[],[],[],[],[],[],[],[],[],[],[]
[],[],[],[],[],[],[],[],[],[],[],[],[],[],[],[]
[],[],['gemeinsam Scheidungsantrag'],[],[],[],[],[],[],[],[],[],[],[],[],[]
[],[],['Eheliche Rechte und Pflichten'],[],[],[],[],[],[],[],[],[],[],[],[],[]
[],[],[],[],[],[],[],[],[],[],[],[],[],[],[],[]
[],[],[],[],[],[],[],[],[],[],[],[],[],[],[],[]
[],[],[],[],[],[],[],[],[],[],[],[],[],[],[],[]
[],[],[],[],[],[],[],[],[],[],[],[],[],[],[],[]
[],[],[],[],[],[],[],[],[],[],[],[],[],[],[],[]
[],[],['relativ Immunität'],[],[],[],[],[],[],[],[],[],[],[],[],[]
['gerichtliche Feststellung der Vaterschaft'],['gerichtlich Feststellung der Vaterschaft'],[],['gerichtlich Feststellung der Vaterschaft'],['gerichtliche Feststellung der Vaterschaft'],[],['gerichtlich Feststellung der Vaterschaft'],['gerichtlich Feststellung der Vaterschaft'],['gerichtlich Feststellung der Vaterschaft'],[],['gerichtlich Feststellung der Vaterschaft'],['gerichtlich Feststellung der Vaterschaft'],['gerichtlich Feststellung der Vaterschaft'],['gerichtliche Feststellung der Vaterschaft'],['gerichtlich Feststellung der Vaterschaft'],['gerichtlich Feststellung der Vaterschaft']
[],[],[],[],[],[],[],[],[],[],[],[],[],[],[],[]
[],['Zustellungsbericht'],[],['Zustellungsbericht'],['Zustellungsbericht'],['Zustellungsbericht'],['Zustellungsbericht'],['Zustellungsbericht'],['Zustellungsbericht'],['Zustellungsbericht'],['Zustellungsbericht'],['Zustellungsbericht'],['Zustellungsbericht'],['Zustellungsbericht'],['Zustellungsbericht'],['Zustellungsbericht']
[],[],[],[],[],[],[],[],[],[],[],[],[],[],[],[]
[],['Verwaltungstätigkeit'],[],[],[],['Verwaltungstätigkeit'],['Verwaltungstätigkeit'],[],['Verwaltungstätigkeit'],[],['Verwaltungstätigkeit'],['Verwaltungstätigkeit'],['Verwaltungstätigkeit'],[],['Verwaltungstätigkeit'],['Verwaltungstätigkeit']
['adoptierend Ehegatt'],[],[],['adoptierend Ehegatt'],['adoptierend Ehegatt'],['adoptierend Ehegatt'],['adoptierend Ehegatt'],['adoptierend Ehegatt'],['adoptierend Ehegatt'],[],[],['adoptierend Ehegatt'],['adoptierend Ehegatt'],['adoptierend Ehegatt'],['adoptierend Ehegatt'],['adoptierend Ehegatt']
['Erlöschen des Verfahrens'],['Erlöschen des Verfahrens'],['Erlöschen des Verfahrens'],['Erlöschen des Verfahrens'],['Erlöschen des Verfahrens'],['Erlöschen des Verfahrens'],['Erlöschen des Verfahrens'],['Erlöschen des Verfahrens'],['Erlöschen des Verfahrens'],['Erlöschen des Verfahrens'],['Erlöschen des Verfahrens'],['Erlöschen des Verfahrens'],['Erlöschen des Verfahrens'],['Erlöschen des Verfahrens'],['Erlöschen des Verfahrens'],['Erlöschen des Verfahrens']
['Unabhängigkeit des Staates'],['Unabhängigkeit des Staates'],['Unabhängigkeit des Staates'],['Unabhängigkeit des Staates'],['Unabhängigkeit des Staates'],[],['Unabhängigkeit des Staates'],['Unabhängigkeit des Staates'],['Unabhängigkeit des Staates'],['Unabhängigkeit des Staates'],['Unabhängigkeit des Staates'],['Unabhängigkeit des Staates'],['Unabhängigkeit des Staates'],['Unabhängigkeit des Staates'],['Unabhängigkeit des Staates'],['Unabhängigkeit des Staates']
[],[],[],[],[],[],[],[],[],[],[],[],[],[],[],[]
[],[],[],[],[],[],[],[],[],[],[],[],[],[],[],[]
[],[],[],[],[],[],[],[],[],[],[],[],[],[],[],[]
['Einheit des Staates'],['Einheit des Staates'],['Einheit des Staates'],['Einheit des Staates'],['Einheit des Staates'],[],['Einheit des Staates'],['Einheit des Staates'],['Einheit des Staates'],['Einheit des Staates'],['Einheit des Staates'],['Einheit des Staates'],['Einheit des Staates'],['Einheit des Staates'],['Einheit des Staates'],['Einheit des Staates']
[],['Staatshoheit'],[],['Staatshoheit'],['Staatshoheit'],[],['Staatshoheit'],['Staatshoheit'],[],[],['Staatshoheit'],['Staatshoheit'],['Staatshoheit'],[],['Staatshoheit'],['Staatshoheit']
[],[],['militärisch Operation'],[],[],[],[],[],[],[],[],[],[],[],[],[]
[],[],['militärisch Spionage'],[],[],[],[],[],[],[],[],[],[],[],[],[]
['endgültige Entscheidung'],['endgültige Entscheidung'],['endgültige Entscheidung'],['endgültige Entscheidung'],['endgültige Entscheidung'],['endgültige Entscheidung'],['endgültige Entscheidung'],['endgültige Entscheidung'],['endgültige Entscheidung'],['endgültige Entscheidung'],['endgültige Entscheidung'],['endgültige Entscheidung'],['endgültige Entscheidung'],['endgültige Entscheidung'],['endgültige Entscheidung'],['endgültige Entscheidung']
[],[],[],[],[],[],[],[],[],[],[],[],[],[],[],[]
[],[],[],[],[],[],[],[],[],[],[],[],[],[],[],[]
[],[],[],[],[],[],[],[],[],[],[],[],[],[],[],[]
['Anschlag'],['Anschlag'],['Anschlag'],['Anschlag'],['Anschlag'],[],['Anschlag'],['Anschlag'],[],['Anschlag'],['Anschlag'],['Anschlag'],['Anschlag'],['Anschlag'],['Anschlag'],['Anschlag']
[],[],[],[],[],[],[],[],[],[],[],[],[],[],[],[]
[],[],[],[],[],[],[],[],[],[],[],[],[],[],[],[]
[],['Begründungspflicht'],['Begründungspflicht'],[],[],['Begründungspflicht'],[],[],[],['Begründungspflicht'],[],['Begründungspflicht'],['Begründungspflicht'],[],[],[]
[],[],['Teilnehmer'],[],[],[],[],[],[],[],[],[],[],[],[],[]
['Tonaufnahme'],['Tonaufnahme'],[],['Tonaufnahme'],['Tonaufnahme'],['Tonaufnahme'],['Tonaufnahme'],['Tonaufnahme'],['Tonaufnahme'],[],['Tonaufnahme'],['Tonaufnahme'],['Tonaufnahme'],[],['Tonaufnahme'],['Tonaufnahme']
['Tonbildaufnahme'],[],[],[],[],[],['Tonbildaufnahme'],[],[],[],['Tonbildaufnahme'],[],[],[],[],[]
[],[],[],[],[],[],[],[],[],[],[],[],[],[],[],[]
[],[],[],[],[],[],[],[],[],[],[],[],[],[],[],[]
[],[],['Unverletzlichkeit der persönlichen Freiheit'],[],[],[],[],[],[],[],[],[],[],[],[],[]
['Ausübung der politischen Rechte'],['Ausübung der politischen Rechte'],[],['Ausübung der politischen Rechte'],['Ausübung der politischen Rechte'],['Ausübung der politischen Rechte'],['Ausübung der politischen Rechte'],['Ausübung der politischen Rechte'],['Ausübung der politischen Rechte'],['Ausübung der politischen Rechte'],['Ausübung der politischen Rechte'],['Ausübung der politischen Rechte'],['Ausübung der politischen Rechte'],['Ausübung der politischen Rechte'],['Ausübung der politischen Rechte'],['Ausübung der politischen Rechte']
['ausländisch Staat'],['ausländisch Staat'],['ausländisch Staat'],['ausländisch Staat'],['ausländisch Staat'],['ausländisch Staat'],['ausländisch Staat'],['ausländisch Staat'],['ausländisch Staat'],['ausländisch Staat'],[],['ausländisch Staat'],['ausländisch Staat'],['ausländisch Staat'],['ausländisch Staat'],['ausländisch Staat']
[],[],[],[],[],[],[],[],[],[],[],[],[],[],[],[]
[],[],[],[],[],[],[],[],[],[],[],[],[],[],[],[]
['antragstellende Partei'],['antragstellende Partei'],[],['antragstellende Partei'],['antragstellende Partei'],['antragstellende Partei'],['antragstellende Partei'],['antragstellende Partei'],['antragstellende Partei'],['antragstellende Partei'],['antragstellende Partei'],['antragstellende Partei'],['antragstellende Partei'],['antragstellende Partei'],['antragstellende Partei'],['antragstellende Partei']
[],[],[],[],[],[],[],[],[],[],[],[],[],[],[],[]
['Organ der Verwaltungsgerichtsbarkeit'],['Organ der Verwaltungsgerichtsbarkeit'],[],['Organ der Verwaltungsgerichtsbarkeit'],['Organ der Verwaltungsgerichtsbarkeit'],['Organ der Verwaltungsgerichtsbarkeit'],['Organ der Verwaltungsgerichtsbarkeit'],['Organ der Verwaltungsgerichtsbarkeit'],['Organ der Verwaltungsgerichtsbarkeit'],['Organ der Verwaltungsgerichtsbarkeit'],['Organ der Verwaltungsgerichtsbarkeit'],['Organ der Verwaltungsgerichtsbarkeit'],['Organ der Verwaltungsgerichtsbarkeit'],['Organ der Verwaltungsgerichtsbarkeit'],['Organ der Verwaltungsgerichtsbarkeit'],['Organ der Verwaltungsgerichtsbarkeit']
[],['Beistand eines Dolmetschers'],[],[],[],[],[],['Beistand eines Dolmetschers'],['Beistand eines Dolmetschers'],[],[],[],[],['Beistand eines Dolmetschers'],[],[]
[],[],[],[],[],[],[],[],[],[],[],[],[],[],[],[]
[],['Obligationsdarlehen'],[],['Obligationsdarlehen'],[],[],['Obligationsdarlehen'],['Obligationsdarlehen'],[],[],['Obligationsdarlehen'],['Obligationsdarlehen'],['Obligationsdarlehen'],[],['Obligationsdarlehen'],['Obligationsdarlehen']
[],[],[],[],[],[],[],[],[],[],[],[],[],[],[],[]
[],[],['Einrichtung der direkt Demokratie'],['Einrichtung der direkt Demokratie'],['Einrichtung der direkt Demokratie'],[],['Einrichtung der direkt Demokratie'],['Einrichtung der direkt Demokratie'],[],['Einrichtung der direkt Demokratie'],[],[],[],[],['Einrichtung der direkt Demokratie'],[]
['repräsentativ Demokratie'],['repräsentativ Demokratie'],['repräsentativ Demokratie'],['repräsentativ Demokratie'],['repräsentativ Demokratie'],['repräsentativ Demokratie'],['repräsentativ Demokratie'],['repräsentativ Demokratie'],['repräsentativ Demokratie'],['repräsentativ Demokratie'],['repräsentativ Demokratie'],['repräsentativ Demokratie'],['repräsentativ Demokratie'],['repräsentativ Demokratie'],['repräsentativ Demokratie'],['repräsentativ Demokratie']
['Beurkundung'],['Beurkundung'],[],[],['Beurkundung'],[],[],[],['Beurkundung'],[],['Beurkundung'],['Beurkundung'],['Beurkundung'],[],[],['Beurkundung']
[],[],['heimtückisches Mittel'],[],[],[],[],[],[],[],[],[],[],[],[],[]
[],[],[],[],[],[],[],[],[],[],[],[],[],[],[],[]
[],[],[],[],[],[],[],[],[],[],[],[],[],[],[],[]
[],[],[],[],[],[],[],[],[],[],[],[],[],[],[],[]
['Widerstand gegen eine Amtsperson'],['Widerstand gegen eine Amtsperson'],[],['Widerstand gegen eine Amtsperson'],['Widerstand gegen eine Amtsperson'],['Widerstand gegen eine Amtsperson'],['Widerstand gegen eine Amtsperson'],['Widerstand gegen eine Amtsperson'],[],['Widerstand gegen eine Amtsperson'],['Widerstand gegen eine Amtsperson'],['Widerstand gegen eine Amtsperson'],['Widerstand gegen eine Amtsperson'],['Widerstand gegen eine Amtsperson'],['Widerstand gegen eine Amtsperson'],['Widerstand gegen eine Amtsperson']
[],[],[],[],[],[],[],[],[],[],[],[],[],[],[],[]
[],[],[],[],[],[],[],[],[],[],[],[],[],[],[],[]
[],[],[],[],[],[],[],[],[],[],[],[],[],[],[],[]
['Standesamt'],['Standesamt'],[],['Standesamt'],['Standesamt'],[],['Standesamt'],['Standesamt'],['Standesamt'],['Standesamt'],['Standesamt'],['Standesamt'],['Standesamt'],['Standesamt'],['Standesamt'],['Standesamt']
[],[],[],[],[],[],[],[],[],[],[],[],[],[],[],[]
[],[],['Amtshandlung'],[],['Amtshandlung'],[],['Amtshandlung'],[],[],[],['Amtshandlung'],['Amtshandlung'],[],['Amtshandlung'],['Amtshandlung'],['Amtshandlung']
[],[],['Gehorsam'],[],[],[],[],[],[],[],[],[],[],[],[],[]
[],[],[],[],[],[],[],[],[],[],[],[],[],[],[],[]
['Volksbegehren'],['Volksbegehren'],[],['Volksbegehren'],['Volksbegehren'],['Volksbegehren'],['Volksbegehren'],['Volksbegehren'],['Volksbegehren'],['Volksbegehren'],['Volksbegehren'],['Volksbegehren'],['Volksbegehren'],['Volksbegehren'],['Volksbegehren'],['Volksbegehren']
[],[],[],[],[],[],[],[],[],[],[],[],[],[],[],[]
['Krankheit'],['Krankheit'],['Krankheit'],['Krankheit'],['Krankheit'],['Krankheit'],['Krankheit'],['Krankheit'],['Krankheit'],['Krankheit'],['Krankheit'],['Krankheit'],['Krankheit'],['Krankheit'],['Krankheit'],['Krankheit']
[],[],[],[],['Führerscheinentzug'],[],[],[],[],[],[],[],[],[],[],[]
[],[],[],[],[],[],[],[],[],[],[],[],[],[],[],[]
[],[],[],[],[],[],[],[],[],[],[],[],[],[],[],[]
[],[],[],[],[],['Unterlassung der Anzeige'],['Unterlassung der Anzeige'],[],[],[],[],['Unterlassung der Anzeige'],[],[],[],['Unterlassung der Anzeige']
['Beweisaufnahme'],['Beweisaufnahme'],['Beweisaufnahme'],[],[],[],[],[],['Beweisaufnahme'],[],['Beweisaufnahme'],[],[],['Beweisaufnahme'],[],[]
[],[],[],[],[],[],[],[],[],[],[],[],[],[],[],[]
[],[],[],[],[],[],[],[],[],[],[],[],[],[],[],[]
[],[],[],[],[],[],[],[],[],[],[],[],[],[],[],[]
[],[],[],['Trunkenheit am Steuer'],[],[],[],['Trunkenheit am Steuer'],[],[],[],[],[],[],['Trunkenheit am Steuer'],[]
[],[],[],[],[],[],[],[],[],[],[],[],[],[],[],[]
['falsche Zeugenaussage'],['falsch Zeugenaussage'],[],['falsche Zeugenaussage'],['falsche Zeugenaussage'],[],['falsche Zeugenaussage'],['falsche Zeugenaussage'],[],['falsche Zeugenaussage'],['falsche Zeugenaussage'],['falsche Zeugenaussage'],['falsche Zeugenaussage'],[],['falsche Zeugenaussage'],['falsche Zeugenaussage']
[],[],[],[],[],[],[],[],[],[],[],[],[],[],[],[]
[],['öffentliche Dienstbarkeit'],[],[],['öffentliche Dienstbarkeit'],['öffentliche Dienstbarkeit'],[],[],['öffentliche Dienstbarkeit'],['öffentliche Dienstbarkeit'],['öffentliche Dienstbarkeit'],['öffentliche Dienstbarkeit'],['öffentliche Dienstbarkeit'],['öffentliche Dienstbarkeit'],[],[]
[],[],[],[],[],[],[],[],[],[],['Liste der Amtssachverständigen'],[],[],[],[],[]
[],[],[],[],[],[],[],[],[],[],[],[],[],[],[],[]
[],[],[],[],[],[],[],[],[],[],[],[],[],[],[],[]
[],[],[],[],[],[],[],[],[],[],[],[],[],[],[],[]
['Vermögen des Staates'],['Vermögen des Staates'],[],['Vermögen des Staates'],['Vermögen des Staates'],['Vermögen des Staates'],['Vermögen des Staates'],['Vermögen des Staates'],['Vermögen des Staates'],['Vermögen des Staates'],['Vermögen des Staates'],['Vermögen des Staates'],['Vermögen des Staates'],['Vermögen des Staates'],['Vermögen des Staates'],['Vermögen des Staates']
[],[],[],[],[],[],[],[],[],[],[],[],[],[],[],[]
[],[],[],[],[],[],[],[],[],[],[],[],[],[],[],[]
[],[],[],[],[],[],[],[],[],[],[],[],[],[],[],[]
['zentral Fahrzeugarchiv'],['zentral Fahrzeugarchiv'],[],['zentral Fahrzeugarchiv'],['zentral Fahrzeugarchiv'],[],['zentral Fahrzeugarchiv'],['zentral Fahrzeugarchiv'],['zentral Fahrzeugarchiv'],[],['zentral Fahrzeugarchiv'],['zentral Fahrzeugarchiv'],['zentral Fahrzeugarchiv'],[],['zentral Fahrzeugarchiv'],['zentral Fahrzeugarchiv']
['zentral Register der Führerscheininhaber'],['zentral Register der Führerscheininhaber'],[],['zentral Register der Führerscheininhaber'],['zentral Register der Führerscheininhaber'],[],[],['zentral Register der Führerscheininhaber'],['zentral Register der Führerscheininhaber'],[],['zentral Register der Führerscheininhaber'],['zentral Register der Führerscheininhaber'],['zentral Register der Führerscheininhaber'],[],['zentral Register der Führerscheininhaber'],['zentral Register der Führerscheininhaber']
['Schutzhelm'],['Schutzhelm'],['Schutzhelm'],['Schutzhelm'],['Schutzhelm'],['Schutzhelm'],['Schutzhelm'],['Schutzhelm'],['Schutzhelm'],['Schutzhelm'],['Schutzhelm'],['Schutzhelm'],['Schutzhelm'],['Schutzhelm'],['Schutzhelm'],['Schutzhelm']
"['Fußgänger', 'Fußgänger']",['Fußgänger'],"['Fußgänger', 'Fußgänger']",['Fußgänger'],['Fußgänger'],"['Fußgänger', 'Fußgänger']",['Fußgänger'],['Fußgänger'],['Fußgänger'],['Fußgänger'],['Fußgänger'],['Fußgänger'],['Fußgänger'],"['Fußgänger', 'Fußgänger']",['Fußgänger'],['Fußgänger']
[],[],[],[],[],[],[],[],[],[],[],[],[],[],[],[]
[],[],[],[],[],[],[],[],[],[],[],[],[],[],[],[]
[],[],[],[],[],[],[],[],[],[],[],[],[],[],[],[]
['Verstoß'],['Verstoß'],['Verstoß'],['Verstoß'],['Verstoß'],[],['Verstoß'],['Verstoß'],['Verstoß'],['Verstoß'],['Verstoß'],[],['Verstoß'],['Verstoß'],['Verstoß'],['Verstoß']
['Fahrer'],['Fahrer'],['Fahrer'],['Fahrer'],['Fahrer'],['Fahrer'],['Fahrer'],['Fahrer'],['Fahrer'],['Fahrer'],['Fahrer'],['Fahrer'],['Fahrer'],['Fahrer'],['Fahrer'],['Fahrer']
[],[],[],[],['Pflichteinstellung'],[],[],[],[],[],[],[],[],[],[],[]
['obligatorische Arbeitsvermittlung'],['obligatorische Arbeitsvermittlung'],[],['obligatorische Arbeitsvermittlung'],['obligatorische Arbeitsvermittlung'],[],['obligatorische Arbeitsvermittlung'],['obligatorische Arbeitsvermittlung'],[],['obligatorische Arbeitsvermittlung'],['obligatorische Arbeitsvermittlung'],['obligatorische Arbeitsvermittlung'],[],['obligatorische Arbeitsvermittlung'],['obligatorische Arbeitsvermittlung'],['obligatorische Arbeitsvermittlung']
"['Dienstsitz', 'ordentlicher Dienstsitz']","['Dienstsitz', 'ordentlicher Dienstsitz']",[],"['Dienstsitz', 'ordentlicher Dienstsitz']","['Dienstsitz', 'ordentlicher Dienstsitz']","['ordentlich Dienstsitz', 'Dienstsitz']","['Dienstsitz', 'ordentlicher Dienstsitz']","['Dienstsitz', 'ordentlicher Dienstsitz']","['Dienstsitz', 'ordentlicher Dienstsitz']","['ordentlich Dienstsitz', 'Dienstsitz']",['Dienstsitz'],"['Dienstsitz', 'ordentlicher Dienstsitz']","['Dienstsitz', 'ordentlicher Dienstsitz']","['Dienstsitz', 'ordentlicher Dienstsitz']","['Dienstsitz', 'ordentlicher Dienstsitz']","['Dienstsitz', 'ordentlicher Dienstsitz']"
[],['Dienstsitz'],[],['Dienstsitz'],['Dienstsitz'],['Dienstsitz'],['Dienstsitz'],['Dienstsitz'],['Dienstsitz'],['Dienstsitz'],['Dienstsitz'],['Dienstsitz'],['Dienstsitz'],[],['Dienstsitz'],['Dienstsitz']
['Dienstwohnung'],['Dienstwohnung'],[],['Dienstwohnung'],['Dienstwohnung'],['Dienstwohnung'],['Dienstwohnung'],['Dienstwohnung'],['Dienstwohnung'],['Dienstwohnung'],['Dienstwohnung'],['Dienstwohnung'],['Dienstwohnung'],['Dienstwohnung'],['Dienstwohnung'],['Dienstwohnung']
[],[],[],[],[],[],[],[],[],[],[],[],[],[],[],[]
[],[],['Computerkriminalität'],[],[],[],[],[],[],[],[],[],[],[],[],[]
[],[],[],[],[],[],[],[],[],[],[],[],[],[],[],[]
[],[],[],[],[],[],[],[],[],[],[],[],[],[],[],[]
[],['Fußgängerüberweg'],[],['Fußgängerüberweg'],['Fußgängerüberweg'],['Fußgängerüberweg'],['Fußgängerüberweg'],['Fußgängerüberweg'],[],[],['Fußgängerüberweg'],['Fußgängerüberweg'],['Fußgängerüberweg'],[],['Fußgängerüberweg'],['Fußgängerüberweg']
['Fußgängerüberweg'],['Fußgängerübergang'],[],['Fußgängerüberweg'],['Fußgängerüberweg'],[],['Fußgängerüberweg'],['Fußgängerüberweg'],[],[],['Fußgängerüberweg'],['Fußgängerüberweg'],['Fußgängerüberweg'],[],['Fußgängerüberweg'],['Fußgängerüberweg']
[],[],[],['ampelgeregelter Fußgängerüberweg'],[],[],['ampelgeregelter Fußgängerüberweg'],['ampelgeregelter Fußgängerüberweg'],['ampelgeregelter Fußgängerüberweg'],[],['ampelgeregelter Fußgängerüberweg'],['ampelgeregelter Fußgängerüberweg'],['ampelgeregelter Fußgängerüberweg'],[],['ampelgeregelter Fußgängerüberweg'],['ampelgeregelter Fußgängerüberweg']
[],[],[],[],[],[],[],[],[],[],[],[],[],[],[],[]
['international Führerschein'],['international Führerschein'],['international Führerschein'],['international Führerschein'],['international Führerschein'],['international Führerschein'],['international Führerschein'],['international Führerschein'],['international Führerschein'],['international Führerschein'],['international Führerschein'],['international Führerschein'],['international Führerschein'],['international Führerschein'],['international Führerschein'],['international Führerschein']
['Fahrtauglichkeit'],['Fahrtauglichkeit'],['Fahrtauglichkeit'],['Fahrtauglichkeit'],['Fahrtauglichkeit'],[],['Fahrtauglichkeit'],['Fahrtauglichkeit'],['Fahrtauglichkeit'],[],['Fahrtauglichkeit'],['Fahrtauglichkeit'],['Fahrtauglichkeit'],['Fahrtauglichkeit'],['Fahrtauglichkeit'],['Fahrtauglichkeit']
[],[],[],[],['Abwesenheit wegen Krankheit'],[],[],[],[],[],[],[],[],[],[],[]
[],[],['Verkehr'],[],[],['Verkehr'],[],[],[],['Verkehr'],[],[],[],['Verkehr'],[],[]
['Straßenverkehr'],"['Straßenverkehr', 'Straßenverkehr']",['Straßenverkehr'],['Straßenverkehr'],['Straßenverkehr'],['Straßenverkehr'],['Straßenverkehr'],['Straßenverkehr'],['Straßenverkehr'],['Straßenverkehr'],['Straßenverkehr'],['Straßenverkehr'],['Straßenverkehr'],['Straßenverkehr'],['Straßenverkehr'],['Straßenverkehr']
[],['Einbahn'],[],['Einbahn'],['Einbahn'],[],['Einbahn'],['Einbahn'],['Einbahn'],[],['Einbahn'],['Einbahn'],['Einbahn'],[],['Einbahn'],['Einbahn']
['Pannenstreifen'],['Pannenstreifen'],['Notspur'],['Pannenstreifen'],['Pannenstreifen'],['Pannenstreifen'],['Pannenstreifen'],['Pannenstreifen'],['Pannenstreifen'],[],['Pannenstreifen'],['Pannenstreifen'],['Pannenstreifen'],['Pannenstreifen'],['Pannenstreifen'],['Pannenstreifen']
['Pannenstreifen'],['Pannenstreifen'],['Notspur'],['Pannenstreifen'],['Pannenstreifen'],['Pannenstreifen'],['Pannenstreifen'],['Pannenstreifen'],['Pannenstreifen'],[],['Pannenstreifen'],['Pannenstreifen'],['Pannenstreifen'],['Pannenstreifen'],['Pannenstreifen'],['Pannenstreifen']
[],[],[],[],[],[],[],[],[],[],[],[],[],[],[],[]
['Fahrbahnteiler'],['Fahrbahnteiler'],[],['Fahrbahnteiler'],[],[],['Fahrbahnteiler'],['Fahrbahnteiler'],[],[],['Fahrbahnteiler'],['Fahrbahnteiler'],['Fahrbahnteiler'],[],['Fahrbahnteiler'],['Fahrbahnteiler']
['Bahnübergang'],['Bahnübergang'],[],['Bahnübergang'],['Bahnübergang'],[],['Bahnübergang'],['Bahnübergang'],['Bahnübergang'],[],['Bahnübergang'],['Bahnübergang'],['Bahnübergang'],[],['Bahnübergang'],['Bahnübergang']
['halbbeschrankt Bahnübergang'],['halbbeschrankt Bahnübergang'],[],['halbbeschrankt Bahnübergang'],[],[],['halbbeschrankt Bahnübergang'],['halbbeschrankt Bahnübergang'],[],[],[],[],[],[],['halbbeschrankt Bahnübergang'],[]
[],[],[],[],[],[],[],[],[],[],[],[],[],[],[],[]
['Gehsteig'],['Gehsteig'],[],['Gehsteig'],['Gehsteig'],['Gehsteig'],['Gehsteig'],['Gehsteig'],['Gehsteig'],['Gehsteig'],['Gehsteig'],['Gehsteig'],['Gehsteig'],['Gehsteig'],['Gehsteig'],['Gehsteig']
[],"['Gehweg', 'Gehweg', 'Gehweg']",['Gehweg'],['Gehweg'],[],[],[],"['Gehweg', 'Gehweg']",[],[],"['Gehweg', 'Gehweg']","['Gehweg', 'Gehweg']",[],['Gehweg'],"['Gehweg', 'Gehweg']",[]
['höhenfrei Kreuzung'],['höhenfrei Kreuzung'],[],['höhenfrei Kreuzung'],[],[],['höhenfrei Kreuzung'],['höhenfrei Kreuzung'],['höhenfrei Kreuzung'],[],[],[],['höhenfrei Kreuzung'],[],['höhenfrei Kreuzung'],['höhenfrei Kreuzung']
[],['Schutzinsel'],[],[],[],['Schutzinsel'],[],[],['Schutzinsel'],[],['Schutzinsel'],['Schutzinsel'],[],[],[],[]
['Einbahnstraße'],['Einbahnstraße'],['Einbahnstraße'],['Einbahnstraße'],['Einbahnstraße'],['Einbahnstraße'],['Einbahnstraße'],['Einbahnstraße'],['Einbahnstraße'],[],['Einbahnstraße'],['Einbahnstraße'],['Einbahnstraße'],[],['Einbahnstraße'],['Einbahnstraße']
[],[],[],[],[],[],[],[],[],[],[],[],[],[],[],[]
[],[],[],[],[],[],[],[],[],[],[],[],[],[],[],[]
['Straßengrenze'],['Straßengrenze'],['Straßengrenze'],['Straßengrenze'],['Straßengrenze'],['Straßengrenze'],['Straßengrenze'],['Straßengrenze'],['Straßengrenze'],['Straßengrenze'],['Straßengrenze'],['Straßengrenze'],['Straßengrenze'],['Straßengrenze'],['Straßengrenze'],['Straßengrenze']
[],[],[],[],[],[],[],[],[],[],[],[],[],[],[],[]
['Straße'],['Straße'],['Straße'],"['Straße', 'Straße']","['Straße', 'Straße', 'Straße']","['Straße', 'Straße']","['Straße', 'Straße', 'Straße']","['Straße', 'Straße']",['Straße'],"['Straße', 'Straße']","['Straße', 'Straße']",['Straße'],"['Straße', 'Straße']",['Straße'],"['Straße', 'Straße']",['Straße']
['Straßeneigentümer'],['Straßeneigentümer'],[],['Straßeneigentümer'],['Straßeneigentümer'],['Straßeneigentümer'],['Straßeneigentümer'],['Straßeneigentümer'],['Straßeneigentümer'],['Straßeneigentümer'],['Straßeneigentümer'],['Straßeneigentümer'],['Straßeneigentümer'],['Straßeneigentümer'],['Straßeneigentümer'],['Straßeneigentümer']
[],[],[],[],[],[],[],[],[],[],[],[],[],[],[],['angetrunken Zustand']
['Saumpfad'],['Saumpfad'],[],['Saumpfad'],['Saumpfad'],[],['Saumpfad'],['Saumpfad'],['Saumpfad'],[],['Saumpfad'],['Saumpfad'],['Saumpfad'],[],['Saumpfad'],['Saumpfad']
[],[],[],[],[],[],[],[],[],[],[],[],[],[],[],[]
[],[],[],[],[],[],[],[],[],[],[],[],[],[],[],[]
['Gemeindestraße'],['Gemeindestraße'],[],['Gemeindestraße'],['Gemeindestraße'],['Gemeindestraße'],['Gemeindestraße'],['Gemeindestraße'],['Gemeindestraße'],['Gemeindestraße'],['Gemeindestraße'],['Gemeindestraße'],['Gemeindestraße'],['Gemeindestraße'],['Gemeindestraße'],['Gemeindestraße']
['öffentlich Ordnung'],['öffentlich Ordnung'],['öffentlich Ordnung'],[],[],['öffentlich Ordnung'],['öffentlich Ordnung'],[],['öffentlich Ordnung'],['öffentlich Ordnung'],[],['öffentlich Ordnung'],[],['öffentlich Ordnung'],[],[]
['Bereitschaftsdienst'],['Bereitschaftsdienst'],"['Bereitschaftsdienst', 'Bereitschaftsdienst']",['Bereitschaftsdienst'],"['Bereitschaftsdienst', 'Bereitschaftsdienst']",['Bereitschaftsdienst'],['Bereitschaftsdienst'],['Bereitschaftsdienst'],['Bereitschaftsdienst'],['Bereitschaftsdienst'],['Bereitschaftsdienst'],"['Bereitschaftsdienst', 'Bereitschaftsdienst']",['Bereitschaftsdienst'],"['Bereitschaftsdienst', 'Bereitschaftsdienst']",['Bereitschaftsdienst'],['Bereitschaftsdienst']
"['Straßenbeschilderung', 'Straßenbeschilderung']",[],[],['Verkehrszeichen und -einrichtungen'],['Verkehrszeichen und -einrichtungen'],"['Straßenbeschilderung', 'Straßenbeschilderung']",['Verkehrszeichen und -einrichtungen'],['Verkehrszeichen und -einrichtungen'],"['Verkehrszeichen und -einrichtungen', 'Verkehrszeichen und -einrichtungen']","['Straßenbeschilderung', 'Straßenbeschilderung']",['Verkehrszeichen und -einrichtungen'],[],"['Verkehrszeichen und -einrichtungen', 'Verkehrszeichen und -einrichtungen']",[],['Verkehrszeichen und -einrichtungen'],['Verkehrszeichen und -einrichtungen']
"['Beschilderung', 'Beschilderung']","['Beschilderung', 'Verkehrszeichen und -einrichtungen']",[],['Beschilderung'],['Beschilderung'],['Beschilderung'],['Beschilderung'],['Beschilderung'],['Beschilderung'],"['Beschilderung', 'Beschilderung']",[],"['Beschilderung', 'Verkehrszeichen und -einrichtungen']",['Verkehrszeichen und -einrichtungen'],"['Beschilderung', 'Beschilderung']",['Beschilderung'],['Beschilderung']
[],[],[],[],[],[],[],[],[],[],[],[],[],[],[],[]
[],[],[],[],[],[],[],[],[],[],[],[],[],[],[],[]
['parken'],['parken'],[],['parken'],['parken'],['parken'],['parken'],['parken'],['parken'],[],"['parken', 'parken']",['parken'],['parken'],[],['parken'],"['parken', 'parken']"
['Anhalten'],['Anhalten'],[],['Anhalten'],['Anhalten'],['Anhalten'],['Anhalten'],['Anhalten'],['Anhalten'],['Anhalten'],['Anhalten'],['Anhalten'],['Anhalten'],['Anhalten'],['Anhalten'],['Anhalten']
['Klassifizierung der Straßen'],['Klassifizierung der Straßen'],[],[],[],[],[],[],[],[],[],['Klassifizierung der Straßen'],[],[],[],[]
['angeklagter'],['angeklagter'],['angeklagter'],['angeklagter'],['angeklagter'],['angeklagter'],['angeklagter'],['angeklagter'],['angeklagter'],['angeklagter'],['angeklagter'],['angeklagter'],['angeklagter'],['angeklagter'],['angeklagter'],['angeklagter']
['angeklagter'],['angeklagter'],['Beschuldigter'],['angeklagter'],['angeklagter'],['angeklagter'],['angeklagter'],['angeklagter'],['Beschuldigter'],['angeklagter'],['angeklagter'],['angeklagter'],['angeklagter'],['angeklagter'],['angeklagter'],['angeklagter']
[],[],[],['Tauglichkeit'],[],[],['Tauglichkeit'],['Tauglichkeit'],[],[],['Eignung'],['Tauglichkeit'],['Tauglichkeit'],[],['Tauglichkeit'],['Tauglichkeit']
['Kaution'],['Kaution'],[],['Kaution'],['Kaution'],['Kaution'],['Kaution'],['Kaution'],['Kaution'],['Kaution'],['Kaution'],['Kaution'],['Kaution'],['Kaution'],['Kaution'],['Kaution']
[],[],[],[],[],[],[],[],[],[],[],[],[],[],[],[]
[],[],[],[],[],[],[],[],[],[],[],[],[],[],[],[]
[],[],[],[],[],[],[],[],[],[],[],[],[],[],[],[]
[],['Amtsgutachten'],[],['Amtsgutachten'],[],[],['Amtsgutachten'],['Amtsgutachten'],[],[],['Amtsgutachten'],['Amtsgutachten'],['Amtsgutachten'],[],['Amtsgutachten'],['Amtsgutachten']
[],[],[],[],[],[],[],[],[],[],[],[],[],[],[],[]
[],[],[],[],[],[],[],[],[],[],[],[],[],[],[],[]
[],[],[],[],[],[],[],[],[],[],[],[],[],[],[],[]
['Zulassungsbescheinigung des Herkunftsstaates'],['Zulassungsbescheinigung des Herkunftsstaates'],['Zulassungsbescheinigung der Herkunftsstaat'],['Zulassungsbescheinigung des Herkunftsstaates'],['Zulassungsbescheinigung des Herkunftsstaates'],[],['Zulassungsbescheinigung des Herkunftsstaates'],['Zulassungsbescheinigung des Herkunftsstaates'],[],[],['Zulassungsbescheinigung des Herkunftsstaates'],['Zulassungsbescheinigung des Herkunftsstaates'],['Zulassungsbescheinigung des Herkunftsstaates'],['Zulassungsbescheinigung des Herkunftsstaates'],['Zulassungsbescheinigung des Herkunftsstaates'],['Zulassungsbescheinigung des Herkunftsstaates']
[],[],[],['Unterscheidungszeichen des Herkunftsstaates'],[],[],['Unterscheidungszeichen des Herkunftsstaates'],['Unterscheidungszeichen des Herkunftsstaates'],[],[],[],[],[],[],['Unterscheidungszeichen des Herkunftsstaates'],['Unterscheidungszeichen des Herkunftsstaates']
['Wiederholungskennzeichen'],['Wiederholungskennzeichen'],[],['Wiederholungskennzeichen'],['Wiederholungskennzeichen'],[],['Wiederholungskennzeichen'],['Wiederholungskennzeichen'],[],[],['Wiederholungskennzeichen'],['Wiederholungskennzeichen'],['Wiederholungskennzeichen'],[],['Wiederholungskennzeichen'],['Wiederholungskennzeichen']
[],[],[],[],[],[],[],[],[],[],[],[],[],[],[],[]
['rechtskräftig Entscheidung'],['rechtskräftig Entscheidung'],[],['rechtskräftig Entscheidung'],['rechtskräftig Entscheidung'],['rechtskräftig Entscheidung'],['rechtskräftig Entscheidung'],['rechtskräftig Entscheidung'],['rechtskräftig Entscheidung'],['Rechtskraft'],['rechtskräftig Entscheidung'],['rechtskräftig Entscheidung'],['rechtskräftig Entscheidung'],['rechtskräftig Entscheidung'],['rechtskräftige Entscheidung'],['rechtskräftige Entscheidung']
[],[],[],[],[],[],[],[],[],[],[],[],[],[],[],[]
[],[],[],['Vollstreckungsbefehl'],[],[],['Vollstreckungsbefehl'],['Vollstreckungsbefehl'],['Vollstreckungsbefehl'],[],[],[],['Vollstreckungsbefehl'],[],['Vollstreckungsbefehl'],['Vollstreckungsbefehl']
['Wiederaufnahme'],['Wiederaufnahme'],[],['Wiederaufnahme'],[],[],['Wiederaufnahme'],['Wiederaufnahme'],['Wiederaufnahme'],[],['Wiederaufnahme'],['Wiederaufnahme'],['Wiederaufnahme'],[],['Wiederaufnahme'],['Wiederaufnahme']
['Berufungskläger'],['Berufungskläger'],[],['Berufungskläger'],['Berufungskläger'],['Berufungskläger'],['Berufungskläger'],['Berufungskläger'],['Berufungskläger'],[],['Berufungskläger'],['Berufungskläger'],['Berufungskläger'],[],['Berufungskläger'],['Berufungskläger']
['aufschiebende Wirkung'],[],['aufschiebende Wirkung'],[],[],[],[],[],[],['aufschiebende Wirkung'],['aufschiebende Wirkung'],[],[],['aufschiebende Wirkung'],[],[]
[],[],[],[],[],[],[],[],[],[],[],[],[],[],[],[]
[],[],[],[],[],[],[],[],[],[],[],[],[],[],[],[]
[],[],[],['berechtigte Verhinderung'],[],[],[],['berechtigte Verhinderung'],[],[],[],['berechtigte Verhinderung'],[],[],['berechtigte Verhinderung'],['berechtigte Verhinderung']
[],[],[],[],[],[],[],[],[],[],[],[],[],[],[],[]
[],['Eröffnung der Hauptverhandlung'],[],['Eröffnung der Hauptverhandlung'],['Eröffnung der Hauptverhandlung'],['Eröffnung der Hauptverhandlung'],['Eröffnung der Hauptverhandlung'],['Eröffnung der Hauptverhandlung'],['Eröffnung der Verhandlung'],['Eröffnung der Hauptverhandlung'],['Eröffnung der Hauptverhandlung'],['Eröffnung der Hauptverhandlung'],['Eröffnung der Hauptverhandlung'],['Eröffnung der Hauptverhandlung'],['Eröffnung der Hauptverhandlung'],['Eröffnung der Hauptverhandlung']
['Beweisaufnahme'],['Beweisaufnahme'],['Beweisaufnahme'],['Beweisaufnahme'],['Beweisaufnahme'],['Beweisaufnahme'],['Beweisaufnahme'],['Beweisaufnahme'],['Beweisaufnahme'],[],['Beweisaufnahme'],['Beweisaufnahme'],['Beweisaufnahme'],['Beweisaufnahme'],['Beweisaufnahme'],['Beweisaufnahme']
[],[],['Mitangeklagter'],[],[],[],[],[],[],[],[],['Mitangeklagter'],['Mitangeklagter'],[],[],[]
['Strafbefehl'],['Strafbefehl'],[],['Strafbefehl'],['Strafbefehl'],['Strafbefehl'],['Strafbefehl'],['Strafbefehl'],['Strafbefehl'],[],['Strafbefehl'],['Strafbefehl'],['Strafbefehl'],['Strafbefehl'],['Strafbefehl'],['Strafbefehl']
[],[],[],[],[],[],[],[],[],[],[],[],[],[],[],[]
['Erörterung'],['Erörterung'],[],['Erörterung'],['Erörterung'],['Erörterung'],['Erörterung'],['Erörterung'],['Erörterung'],['Erörterung'],['Erörterung'],['Erörterung'],['Erörterung'],['Erörterung'],['Erörterung'],['Erörterung']
['Urteilsspruch'],['Urteilsspruch'],[],['Urteilsspruch'],['Urteilsspruch'],[],['Urteilsspruch'],['Urteilsspruch'],['Urteilsspruch'],[],['Urteilsspruch'],['Urteilsspruch'],['Urteilsspruch'],['Urteilsspruch'],['Urteilsspruch'],['Urteilsspruch']
['Hauptverfahren'],['Hauptverfahren'],[],['Hauptverfahren'],['Hauptverfahren'],[],['Hauptverfahren'],['Hauptverfahren'],['Hauptverfahren'],[],['Hauptverfahren'],['Hauptverfahren'],['Hauptverfahren'],['Hauptverfahren'],['Hauptverfahren'],['Hauptverfahren']
[],[],[],[],[],[],[],[],[],[],[],[],[],[],[],[]
['Widerspruch'],['Widerspruch'],[],['Widerspruch'],[],[],['Widerspruch'],['Widerspruch'],[],['Widerspruch'],[],['Widerspruch'],['Widerspruch'],['Widerspruch'],[],['Widerspruch']
[],['Zwischenstreitfrage'],[],[],[],[],[],[],[],[],[],[],[],[],[],[]
['Einleitung des Hauptverfahrens'],['Einleitung des Hauptverfahrens'],[],['Einleitung des Hauptverfahrens'],['Einleitung des Hauptverfahrens'],[],['Einleitung des Hauptverfahrens'],['Einleitung des Hauptverfahrens'],['Einleitung des Hauptverfahrens'],[],['Einleitung des Hauptverfahrens'],['Einleitung des Hauptverfahrens'],['Einleitung des Hauptverfahrens'],['Einleitung des Hauptverfahrens'],['Einleitung des Hauptverfahrens'],['Einleitung des Hauptverfahrens']
['auf Verurteilung lautend Urteil'],['auf Verurteilung lautend Urteil'],[],['auf Verurteilung lautend Urteil'],['auf Verurteilung lautend Urteil'],['auf Verurteilung lautend Urteil'],['auf Verurteilung lautendes Urteil'],['auf Verurteilung lautend Urteil'],['auf Verurteilung lautend Urteil'],[],['auf Verurteilung lautend Urteil'],['auf Verurteilung lautend Urteil'],['auf Verurteilung lautend Urteil'],['auf Verurteilung lautend Urteil'],['auf Verurteilung lautend Urteil'],['auf Verurteilung lautend Urteil']
[],[],[],[],[],[],[],[],[],[],[],[],[],[],[],[]
['Aussetzung des Verfahrens'],['Aussetzung des Verfahrens'],['Aussetzung des Verfahrens'],['Aussetzung des Verfahrens'],['Aussetzung des Verfahrens'],['Aussetzung des Verfahrens'],['Aussetzung des Verfahrens'],['Aussetzung des Verfahrens'],['Aussetzung des Verfahrens'],['Aussetzung des Verfahrens'],['Aussetzung des Verfahrens'],['Aussetzung des Verfahrens'],['Aussetzung des Verfahrens'],['Aussetzung des Verfahrens'],['Aussetzung des Verfahrens'],['Aussetzung des Verfahrens']
['Freilandstraße'],['Freilandstraße'],[],['Freilandstraße'],['Freilandstraße'],[],['Freilandstraße'],['Freilandstraße'],['Freilandstraße'],[],['Freilandstraße'],['Freilandstraße'],['Freilandstraße'],[],['Freilandstraße'],['Freilandstraße']
[],[],[],[],[],[],[],[],[],[],[],[],[],[],[],[]
[],['Organisationsakt'],['Organisationsakt'],[],[],['Organisationsakt'],[],[],[],['Organisationsakt'],[],[],[],[],[],[]
[],['Fahrzeugbescheinigung'],[],['Fahrzeugbescheinigung'],['Fahrzeugbescheinigung'],['Fahrzeugbescheinigung'],['Fahrzeugbescheinigung'],['Fahrzeugbescheinigung'],['Fahrzeugbescheinigung'],[],['Fahrzeugbescheinigung'],['Fahrzeugbescheinigung'],['Fahrzeugbescheinigung'],[],['Fahrzeugbescheinigung'],['Fahrzeugbescheinigung']
[],[],[],[],[],[],[],[],[],[],[],[],[],[],[],[]
['Angehaltener'],['Angehaltener'],[],['Angehaltener'],['Angehaltener'],['Angehaltener'],['Angehaltener'],['Angehaltener'],['Angehaltener'],[],['Angehaltener'],['Angehaltener'],['Angehaltener'],['Angehaltener'],['Angehaltener'],['Angehaltener']
['Anklage'],"['Anklage', 'Strafverfolgung']","['Strafverfolgung', 'Strafverfolgung']","['Anklage', 'Strafverfolgung']","['Anklage', 'Strafverfolgung']",['Anklage'],"['Anklage', 'Strafverfolgung']","['Anklage', 'Strafverfolgung']","['Anklage', 'Strafverfolgung']",[],"['Anklage', 'Strafverfolgung']","['Anklage', 'Strafverfolgung']","['Anklage', 'Strafverfolgung']",['Anklage'],"['Anklage', 'Strafverfolgung']","['Anklage', 'Strafverfolgung']"
[],[],['Strafverfolgung'],[],[],[],[],[],['Strafverfolgung'],[],[],['Anklage'],[],[],[],[]
[],[],[],[],[],[],[],[],[],[],[],[],[],[],[],[]
['Verteidiger der verletzten Person'],['Verteidiger der verletzten Person'],[],['Verteidiger der verletzten Person'],['Verteidiger der verletzten Person'],['Verteidiger der verletzten Person'],['Verteidiger der verletzten Person'],['Verteidiger der verletzten Person'],[],['Verteidiger der verletzten Person'],['Verteidiger der verletzten Person'],[],['Verteidiger der verletzten Person'],['Verteidiger der verletzten Person'],['Verteidiger der verletzten Person'],['Verteidiger der verletzten Person']
[],[],[],[],[],[],['Identifizierung der Person'],[],['Identifizierung der Person'],[],['Identifizierung der Person'],[],[],[],[],[]
[],[],['Identifizierung der Person'],['Identifizierung der Person'],['Identifizierung der Person'],['Identifizierung der Person'],['Identifizierung der Person'],['Identifizierung der Person'],['Identifizierung der Person'],['Identifizierung der Person'],['Identifizierung der Person'],['Identifizierung der Person'],['Identifizierung der Person'],['Identifizierung der Person'],['Identifizierung der Person'],['Identifizierung der Person']
['Anklage'],[],[],[],['Anklage'],[],[],[],['Anklage'],[],[],[],['Anklage'],[],[],[]
['Erhebung'],['Erhebung'],[],['Erhebung'],['Erhebung'],[],['Erhebung'],['Erhebung'],['Erhebung'],[],['Erhebung'],['Erhebung'],['Erhebung'],[],['Erhebung'],['Erhebung']
['Vorerhebungen'],['Vorerhebungen'],[],['Vorerhebungen'],['Vorerhebungen'],['Vorerhebungen'],['Vorerhebungen'],['Vorerhebungen'],['Vorerhebungen'],['Vorerhebungen'],['Vorerhebungen'],['Vorerhebungen'],['Vorerhebungen'],['Vorerhebungen'],['Vorerhebungen'],['Vorerhebungen']
[],['Verdächtiger'],[],[],[],[],[],[],[],[],[],[],[],[],[],[]
['Strafantrag'],"['Strafantrag', 'Strafantrag']",[],"['Strafantrag', 'Strafantrag']",['Strafantrag'],[],"['Strafantrag', 'Strafantrag']","['Strafantrag', 'Strafantrag']","['Strafantrag', 'Strafantrag']",[],['Strafantrag'],['Strafantrag'],"['Strafantrag', 'Strafantrag']",[],"['Strafantrag', 'Strafantrag']","['Strafantrag', 'Strafantrag']"
[],[],[],[],[],[],[],[],[],[],[],[],[],[],[],[]
['Person'],['Person'],['Person'],['Person'],['Person'],['Person'],['Person'],['Person'],['Person'],['Person'],['Person'],['Person'],['Person'],['Person'],['Person'],['Person']
[],[],[],[],[],[],[],[],[],[],[],['Vorfahrt'],[],[],[],[]
[],[],[],[],[],[],[],[],[],[],[],[],[],[],[],[]
[],[],[],[],[],[],[],[],[],[],[],[],[],[],[],[]
[],[],['Vermietung ohne Fahrer'],['Vermietung ohne Fahrer'],['Vermietung ohne Fahrer'],['Vermietung ohne Fahrer'],['Vermietung ohne Fahrer'],['Vermietung ohne Fahrer'],['Vermietung ohne Fahrer'],[],[],[],[],[],['Vermietung ohne Fahrer'],[]
[],[],[],[],[],[],[],[],[],[],[],[],[],[],[],[]
[],[],"['Fahrlehrer', 'Fahrlehrer']",[],[],"['Fahrlehrer', 'Fahrlehrer', 'Fahrlehrer']",[],[],['Fahrlehrer'],[],[],[],[],[],[],[]
[],[],[],[],[],[],[],[],[],[],[],[],[],[],[],[]
['Probeabmachung'],['Probeabmachung'],[],['Probeabmachung'],['Probeabmachung'],[],['Probeabmachung'],['Probeabmachung'],['Probeabmachung'],['Probeabmachung'],['Probeabmachung'],[],['Probeabmachung'],[],['Probeabmachung'],['Probeabmachung']
[],[],[],[],[],[],[],[],[],[],[],[],[],[],[],[]
[],['Verkehrsschild'],[],['Verkehrsschild'],[],[],['Verkehrsschild'],['Verkehrsschild'],[],[],['Verkehrsschild'],['Verkehrsschild'],['Verkehrsschild'],[],['Verkehrsschild'],['Verkehrsschild']
[],['Gefahrenzeichen'],[],[],[],['Gefahrenzeichen'],[],[],['Gefahrenzeichen'],[],[],[],[],['Gefahrenzeichen'],[],['Gefahrenzeichen']
[],[],[],['Vorschriftszeichen'],[],[],[],[],[],[],['Vorschriftszeichen'],[],['Vorschriftszeichen'],[],[],"['Vorschriftszeichen', 'Vorschriftszeichen']"
[],[],[],[],[],[],[],[],[],[],[],[],[],[],[],[]
[],['Bodenmarkierung'],[],['Bodenmarkierung'],['Bodenmarkierung'],[],['Bodenmarkierung'],['Bodenmarkierung'],['Bodenmarkierung'],[],['Bodenmarkierung'],['Bodenmarkierung'],['Bodenmarkierung'],[],['Bodenmarkierung'],['Bodenmarkierung']
[],[],[],[],[],[],[],[],[],[],[],[],[],[],[],[]
[],[],['manuelle Arbeit'],[],[],[],[],[],[],[],[],[],['manuell Arbeit'],[],[],[]
[],[],['manuelle Arbeit'],[],[],['manuelle Arbeit'],[],[],[],[],[],[],[],['manuelle Arbeit'],[],[]
[],['Landarbeiter'],[],['Landarbeiter'],['Landarbeiter'],['Landarbeiter'],['Landarbeiter'],['Landarbeiter'],['Landarbeiter'],[],['Landarbeiter'],['Landarbeiter'],['Landarbeiter'],[],['Landarbeiter'],['Landarbeiter']
[],[],[],[],[],[],[],[],[],[],[],[],[],[],[],[]
['zeitweilige Enthebung vom Dienst'],['zeitweilige Enthebung vom Dienst'],[],['zeitweilige Enthebung vom Dienst'],['zeitweilige Enthebung vom Dienst'],[],['zeitweilige Enthebung vom Dienst'],['zeitweilige Enthebung vom Dienst'],['zeitweilige Enthebung vom Dienst'],[],['zeitweilige Enthebung vom Dienst'],['zeitweilige Enthebung vom Dienst'],['zeitweilige Enthebung vom Dienst'],['zeitweilige Enthebung vom Dienst'],['zeitweilige Enthebung vom Dienst'],['zeitweilige Enthebung vom Dienst']
['Stimmzähler'],['Stimmenzähler'],[],['Stimmzähler'],['Stimmzähler'],['Stimmzähler'],['Stimmzähler'],['Stimmzähler'],['Stimmenzähler'],['Stimmzähler'],['Stimmzähler'],['Stimmzähler'],['Stimmzähler'],['Stimmenzähler'],['Stimmzähler'],['Stimmzähler']
['Stimmzähler'],['Stimmenzähler'],[],['Stimmzähler'],['Stimmzähler'],['Stimmenzähler'],['Stimmzähler'],['Stimmzähler'],['Stimmzähler'],['Stimmenzähler'],['Stimmzähler'],['Stimmzähler'],['Stimmzähler'],['Stimmzähler'],['Stimmzähler'],['Stimmzähler']
['stationäre Betreuung'],[],[],['stationäre Betreuung'],['stationäre Betreuung'],[],['stationäre Betreuung'],['stationäre Betreuung'],['stationäre Betreuung'],['stationäre Betreuung'],['stationäre Betreuung'],[],['stationäre Betreuung'],['stationäre Betreuung'],['stationäre Betreuung'],['stationäre Betreuung']
['Feiertag'],['Feiertag'],['Feiertag'],"['Feiertag', 'Feiertag']",['Feiertag'],['Feiertag'],['Feiertag'],[],['Feiertag'],['Feiertag'],['Feiertag'],['Feiertag'],['Feiertag'],['Feiertag'],"['Feiertag', 'Feiertag']","['Feiertag', 'Feiertag']"
[],[],[],[],[],[],[],[],[],[],[],[],[],[],[],[]
[],[],[],[],[],[],[],[],[],[],[],[],[],[],[],[]
['privat Rechtssubjekt'],['privatrechtlich Rechtssubjekt'],[],['privatrechtlich Rechtssubjekt'],['privat Rechtsträger'],['privatrechtlich Rechtssubjekt'],['privatrechtlich Rechtssubjekt'],['privatrechtlich Rechtssubjekt'],['privatrechtlich Rechtssubjekt'],['privatrechtlich Rechtssubjekt'],['privatrechtlich Rechtssubjekt'],['privatrechtlich Rechtssubjekt'],['privatrechtlich Rechtssubjekt'],[],['privatrechtlich Rechtssubjekt'],['privatrechtlich Rechtssubjekt']
[],[],[],[],[],[],[],[],[],[],[],[],[],[],[],[]
['Kandidat'],[],['Kandidat'],[],[],[],['Kandidat'],[],[],[],[],['Kandidat'],['Kandidat'],['Kandidat'],[],[]
[],[],[],[],[],[],[],[],[],[],[],[],[],[],[],[]
[],[],[],[],['Arbeitnehmer aus Nicht-EU-Ländern'],[],[],[],['Arbeitnehmer aus Nicht-EU-Ländern'],[],[],[],[],['Arbeitnehmer aus Nicht-EU-Ländern'],[],[]
[],[],[],[],[],[],[],[],[],[],[],[],[],[],[],[]
['Vertrauensarzt'],[],['Vertrauensarzt'],['Vertrauensarzt'],['Vertrauensarzt'],['Vertrauensarzt'],['Vertrauensarzt'],['Vertrauensarzt'],['Vertrauensarzt'],['Vertrauensarzt'],['Vertrauensarzt'],['Vertrauensarzt'],['Vertrauensarzt'],['Vertrauensarzt'],['Vertrauensarzt'],['Vertrauensarzt']
['Arzt für Allgemeinmedizin'],"['Arzt für Allgemeinmedizin', 'Arzt für Allgemeinmedizin']",['Arzt für Allgemeinmedizin'],['Arzt für Allgemeinmedizin'],['Arzt für Allgemeinmedizin'],[],['Arzt für Allgemeinmedizin'],['Arzt für Allgemeinmedizin'],"['Arzt für Allgemeinmedizin', 'Arzt für Allgemeinmedizin']",['Arzt für Allgemeinmedizin'],['Arzt für Allgemeinmedizin'],['Arzt für Allgemeinmedizin'],['Arzt für Allgemeinmedizin'],[],['Arzt für Allgemeinmedizin'],['Arzt für Allgemeinmedizin']
[],[],[],[],[],[],[],[],[],[],[],[],['Dienst für Betreuungskontinuität'],[],[],[]
[],['privat Gewässer'],[],['privat Gewässer'],[],[],['privat Gewässer'],['privat Gewässer'],[],[],[],['privat Gewässer'],[],[],['privat Gewässer'],['privat Gewässer']
[],['Amtsblatt'],[],['Amtsblatt'],['Amtsblatt'],['Amtsblatt'],['Amtsblatt'],['Amtsblatt'],['Amtsblatt'],['Amtsblatt'],['Amtsblatt'],['Amtsblatt'],['Amtsblatt'],[],['Amtsblatt'],['Amtsblatt']
[],[],[],[],[],[],[],[],[],[],[],[],[],[],[],[]
[],[],[],[],[],[],[],[],[],[],[],[],[],[],[],[]
[],[],[],[],[],[],[],[],[],[],[],[],[],[],[],[]
[],[],[],[],[],[],[],[],[],[],[],[],[],[],[],[]
['Stimmzettel'],['Stimmzettel'],['Stimmzettel'],['Stimmzettel'],['Stimmzettel'],['Stimmzettel'],['Stimmzettel'],['Stimmzettel'],['Stimmzettel'],['Stimmzettel'],['Stimmzettel'],['Stimmzettel'],['Stimmzettel'],['Stimmzettel'],['Stimmzettel'],['Stimmzettel']
['Zweckbestimmung'],['Zweckbestimmung'],[],['Zweckbestimmung'],['Zweckbestimmung'],['Zweckbestimmung'],['Zweckbestimmung'],['Zweckbestimmung'],['Zweckbestimmung'],['Zweckbestimmung'],['Zweckbestimmung'],['Zweckbestimmung'],['Zweckbestimmung'],['Zweckbestimmung'],['Zweckbestimmung'],['Zweckbestimmung']
['Vertragnehmer'],['Vertragnehmer'],['Vertragnehmer'],[],['Vertragnehmer'],['Vertragnehmer'],[],[],['Vertragnehmer'],['Vertragnehmer'],['Vertragnehmer'],['Vertragnehmer'],[],[],[],[]
[],[],[],[],[],[],[],[],[],[],[],[],[],[],[],[]
['Alkoholgehalt'],['Alkoholgehalt'],[],['Alkoholgehalt'],['Alkoholgehalt'],['Alkoholgehalt'],['Alkoholgehalt'],['Alkoholgehalt'],['Alkoholgehalt'],['Alkoholgehalt'],['Alkoholgehalt'],['Alkoholgehalt'],['Alkoholgehalt'],['Alkoholgehalt'],['Alkoholgehalt'],['Alkoholgehalt']
[],[],[],['Führerscheinneuling'],[],[],['Führerscheinneuling'],['Führerscheinneuling'],[],[],[],[],[],[],[],['Führerscheinneuling']
['Kreditrisiko'],['Kreditrisiko'],['Kreditrisiko'],['Kreditrisiko'],['Kreditrisiko'],[],['Kreditrisiko'],['Kreditrisiko'],['Kreditrisiko'],['Kreditrisiko'],['Kreditrisiko'],['Kreditrisiko'],['Kreditrisiko'],['Kreditrisiko'],['Kreditrisiko'],['Kreditrisiko']
[],[],[],[],[],[],[],[],[],[],[],[],[],[],[],[]
[],[],[],[],[],[],[],[],[],[],[],[],[],[],[],[]
['unabhängiger Verwalter'],['unabhängiger Verwalter'],['unabhängiger Verwalter'],['unabhängiger Verwalter'],['unabhängiger Verwalter'],['unabhängiger Verwalter'],['unabhängiger Verwalter'],['unabhängiger Verwalter'],['unabhängiger Verwalter'],['unabhängiger Verwalter'],['unabhängiger Verwalter'],['unabhängiger Verwalter'],['unabhängiger Verwalter'],['unabhängiger Verwalter'],['unabhängiger Verwalter'],['unabhängiger Verwalter']
[],[],[],['verfassunggebende Versammlung'],['verfassunggebende Versammlung'],[],['verfassunggebende Versammlung'],['verfassunggebende Versammlung'],['verfassunggebende Versammlung'],[],['verfassunggebende Versammlung'],['verfassunggebende Versammlung'],['verfassunggebende Versammlung'],[],['verfassunggebende Versammlung'],['verfassunggebende Versammlung']
[],[],[],[],[],[],[],[],[],[],[],[],[],[],[],[]
[],[],[],[],[],[],[],[],[],[],[],[],[],[],[],[]
[],[],[],[],[],[],[],[],[],[],[],[],[],['Verteidigungsschrift'],[],[]
['Verteidigungsschrift'],['Verteidigungsschrift'],['Verteidigungshandlung'],['Verteidigungsschrift'],['Verteidigungsschrift'],[],['Verteidigungsschrift'],['Verteidigungsschrift'],[],[],['Verteidigungsschrift'],['Verteidigungsschrift'],['Verteidigungsschrift'],[],['Verteidigungsschrift'],['Verteidigungsschrift']
['Geisteskrankheit'],['Geisteskrankheit'],[],['Geisteskrankheit'],['Geisteskrankheit'],[],['Geisteskrankheit'],['Geisteskrankheit'],['Geisteskrankheit'],['Geisteskrankheit'],['Geisteskrankheit'],['Geisteskrankheit'],['Geisteskrankheit'],['Geisteskrankheit'],['Geisteskrankheit'],['Geisteskrankheit']
[],[],"['Ladung', 'Ladung']",[],[],[],[],[],[],[],[],[],[],[],[],[]
[],[],[],[],[],[],[],[],[],[],[],[],[],[],[],[]
[],[],[],[],[],[],[],[],[],[],[],[],[],[],[],[]
[],[],[],[],[],[],[],[],[],[],[],[],[],[],[],[]
['geregelt Markt'],['geregelt Markt'],[],['geregelt Markt'],['geregelt Markt'],['geregelt Markt'],['geregelt Markt'],['geregelt Markt'],[],['geregelt Markt'],['geregelt Markt'],[],['geregelt Markt'],['geregelt Markt'],['geregelt Markt'],['geregelt Markt']
[],[],['Einbürgerung'],[],[],[],[],[],[],[],[],[],[],[],[],[]
['Volksbank'],['Volksbank'],['Volksbank'],['Volksbank'],[],['Volksbank'],['Volksbank'],['Volksbank'],"['Volksbank', 'Volksbank']",['Volksbank'],['Volksbank'],['Volksbank'],['Volksbank'],['Volksbank'],['Volksbank'],['Volksbank']
['Säumnis'],"['Säumnis', 'Säumnis']",[],['Säumnis'],['Säumnis'],['Säumnis'],['Säumnis'],[],"['Säumnis', 'Säumnis']","['Säumnis', 'Säumnis']",['Säumnis'],[],['Säumnis'],['Säumnis'],['Säumnis'],[]
['Risikokapital'],['Risikokapital'],['Risikokapital'],['Risikokapital'],['Risikokapital'],['Risikokapital'],['Risikokapital'],['Risikokapital'],['Risikokapital'],['Risikokapital'],['Risikokapital'],['Risikokapital'],['Risikokapital'],['Risikokapital'],['Risikokapital'],['Risikokapital']
[],[],[],[],[],[],[],[],[],[],[],[],[],[],[],[]
[],[],[],[],[],[],[],[],[],[],[],[],[],[],[],[]
[],[],[],[],[],[],[],[],[],[],[],[],[],[],[],[]
['Leistungsaufforderung'],['Leistungsaufforderung'],[],['Leistungsaufforderung'],[],[],['Leistungsaufforderung'],['Leistungsaufforderung'],['Leistungsaufforderung'],[],['Leistungsaufforderung'],['Leistungsaufforderung'],['Leistungsaufforderung'],[],['Leistungsaufforderung'],['Leistungsaufforderung']
['Sachwalterschaft'],['Sachwalterschaft'],[],['Sachwalterschaft'],['Sachwalterschaft'],['Sachwalterschaft'],['Sachwalterschaft'],['Sachwalterschaft'],['Sachwalterschaft'],['Sachwalterschaft'],['Sachwalterschaft'],['Sachwalterschaft'],['Sachwalterschaft'],['Sachwalterschaft'],['Sachwalterschaft'],['Sachwalterschaft']
['Verwahrer'],['Verwahrer'],[],['Verwahrer'],['Verwahrer'],['Verwahrer'],['Verwahrer'],['Verwahrer'],['Verwahrer'],[],['Verwahrer'],['Verwahrer'],['Verwahrer'],['Verwahrer'],['Verwahrer'],['Verwahrer']
[],[],[],[],[],[],[],[],[],[],[],[],[],[],[],[]
[],[],[],[],[],[],[],[],[],[],[],[],[],[],[],[]
['Persönlichkeitsrecht'],['Persönlichkeitsrecht'],['Persönlichkeitsrecht'],['Persönlichkeitsrecht'],['Persönlichkeitsrecht'],[],['Persönlichkeitsrecht'],['Persönlichkeitsrecht'],['Persönlichkeitsrecht'],[],['Persönlichkeitsrecht'],['Persönlichkeitsrecht'],['Persönlichkeitsrecht'],[],['Persönlichkeitsrecht'],['Persönlichkeitsrecht']
['Ehegatte'],['Ehegatte'],[],['Ehegatte'],['Ehegatte'],['Ehegatte'],['Ehegatte'],['Ehegatte'],['Ehegatte'],[],[],['Ehegatte'],['Ehegatte'],['Ehegatte'],['Ehegatte'],['Ehegatte']
['Kassationsbeschwerde'],['Kassationsbeschwerde'],[],['Kassationsbeschwerde'],['Kassationsbeschwerde'],['Kassationsbeschwerde'],['Kassationsbeschwerde'],['Kassationsbeschwerde'],['Kassationsbeschwerde'],['Kassationsbeschwerde'],['Kassationsbeschwerde'],['Kassationsbeschwerde'],['Kassationsbeschwerde'],['Kassationsbeschwerde'],['Kassationsbeschwerde'],['Kassationsbeschwerde']
['Kassationsbeschwerde'],['Kassationsbeschwerde'],[],['Kassationsbeschwerde'],['Kassationsbeschwerde'],['Kassationsbeschwerde'],['Kassationsbeschwerde'],['Kassationsbeschwerde'],['Kassationsbeschwerde'],['Kassationsbeschwerde'],['Kassationsbeschwerde'],['Kassationsbeschwerde'],['Kassationsbeschwerde'],['Kassationsbeschwerde'],['Kassationsbeschwerde'],['Kassationsbeschwerde']
['Ausschlussfrist'],['Ausschlussfrist'],[],['Ausschlussfrist'],['Ausschlussfrist'],['Ausschlussfrist'],['Ausschlussfrist'],['Ausschlussfrist'],['Ausschlussfrist'],['Ausschlussfrist'],['Ausschlussfrist'],['Ausschlussfrist'],['Ausschlussfrist'],['Ausschlussfrist'],['Ausschlussfrist'],['Ausschlussfrist']
['Verfahrensfrist'],['Verfahrensfrist'],['Verfahrensfrist'],['Verfahrensfrist'],['Verfahrensfrist'],['Verfahrensfrist'],['Verfahrensfrist'],['Verfahrensfrist'],['Verfahrensfrist'],['Verfahrensfrist'],['Verfahrensfrist'],['Verfahrensfrist'],['Verfahrensfrist'],['Verfahrensfrist'],['Verfahrensfrist'],['Verfahrensfrist']
['gesetzlich Frist'],['gesetzlich Frist'],['gesetzlich Frist'],['gesetzlich Frist'],['gesetzlich Frist'],['gesetzlich Frist'],['gesetzlich Frist'],['gesetzlich Frist'],['gesetzlich Frist'],['gesetzlich Frist'],['gesetzlich Frist'],['gesetzlich Frist'],['gesetzlich Frist'],['gesetzlich Frist'],['gesetzlich Frist'],['gesetzlich Frist']
['Eid'],['Eid'],[],['Eid'],['Eid'],['Eid'],['Eid'],['Eid'],['Eid'],['Eid'],['Eid'],['Eid'],['Eid'],['Eid'],['Eid'],['Eid']
[],[],['Eid'],['Eidesleistung'],['Eidesleistung'],[],['Eidesleistung'],['Eidesleistung'],[],[],['Eidesleistung'],['Eidesleistung'],['Eidesleistung'],[],['Eidesleistung'],['Eidesleistung']
['Entziehung'],['Entziehung'],[],['Entziehung'],['Entziehung'],['Entziehung'],['Entziehung'],['Entziehung'],[],[],['Entziehung'],['Entziehung'],['Entziehung'],['Entziehung'],['Entziehung'],['Entziehung']
['petitorisch Verfahren'],['petitorisch Verfahren'],[],['petitorisch Verfahren'],['petitorisch Verfahren'],['petitorisch Verfahren'],['petitorisch Verfahren'],['petitorisch Verfahren'],['petitorisch Verfahren'],[],['petitorisch Verfahren'],['petitorisch Verfahren'],['petitorisch Verfahren'],['petitorisch Verfahren'],['petitorisch Verfahren'],['petitorisch Verfahren']
['Miteigentümergemeinschaft'],['Miteigentümergemeinschaft'],[],['Miteigentümergemeinschaft'],['Miteigentümergemeinschaft'],['Miteigentümergemeinschaft'],['Miteigentümergemeinschaft'],['Miteigentümergemeinschaft'],['Miteigentümergemeinschaft'],[],['Miteigentümergemeinschaft'],['Miteigentümergemeinschaft'],['Miteigentümergemeinschaft'],[],['Miteigentümergemeinschaft'],['Miteigentümergemeinschaft']
['gerichtlicher Augenschein'],['gerichtlich Augenschein'],[],['gerichtlich Augenschein'],['gerichtlich Augenschein'],[],['gerichtlich Augenschein'],['gerichtlich Augenschein'],['gerichtlicher Augenschein'],[],['gerichtlich Augenschein'],['gerichtlich Augenschein'],['gerichtlich Augenschein'],['gerichtlich Augenschein'],['gerichtlich Augenschein'],['gerichtlich Augenschein']
['Kollektivarbeitsvertrag'],['Kollektivarbeitsvertrag'],[],['Kollektivarbeitsvertrag'],['Kollektivarbeitsvertrag'],['Kollektivvertrag'],['Kollektivvertrag'],['Kollektivarbeitsvertrag'],['Kollektivarbeitsvertrag'],['Kollektivvertrag'],['Kollektivvertrag'],['Kollektivvertrag'],['Kollektivvertrag'],['Kollektivarbeitsvertrag'],['Kollektivarbeitsvertrag'],['Kollektivvertrag']
['Kollektivarbeitsvertrag'],['Kollektivarbeitsvertrag'],[],['Kollektivarbeitsvertrag'],['Kollektivarbeitsvertrag'],['Kollektivvertrag'],['Kollektivarbeitsvertrag'],['Kollektivarbeitsvertrag'],['Kollektivarbeitsvertrag'],['Kollektivvertrag'],['Kollektivarbeitsvertrag'],['Kollektivarbeitsvertrag'],['Kollektivarbeitsvertrag'],['Kollektivarbeitsvertrag'],['Kollektivarbeitsvertrag'],['Kollektivarbeitsvertrag']
['Kollektivvertrag'],['Kollektivvertrag'],[],['Kollektivvertrag'],['Kollektivvertrag'],['Kollektivvertrag'],['Kollektivvertrag'],['Kollektivvertrag'],['Kollektivvertrag'],['Kollektivvertrag'],['Kollektivvertrag'],['Kollektivvertrag'],['Kollektivvertrag'],['Kollektivvertrag'],['Kollektivvertrag'],['Kollektivvertrag']
['Hypothek'],['Hypothek'],['Hypothek'],['Hypothek'],['Hypothek'],['Hypothek'],['Hypothek'],['Hypothek'],['Hypothek'],['Hypothek'],['Hypothek'],['Hypothek'],['Hypothek'],['Hypothek'],['Hypothek'],['Hypothek']
[],[],[],[],[],[],[],[],[],[],[],[],[],[],[],[]
['häuslich Gewalt'],['häuslich Gewalt'],['häusliche Gewalt'],['häuslich Gewalt'],['häuslich Gewalt'],[],['häuslich Gewalt'],['häuslich Gewalt'],['häuslich Gewalt'],[],['häuslich Gewalt'],['häuslich Gewalt'],['häuslich Gewalt'],['häuslich Gewalt'],['häuslich Gewalt'],['häuslich Gewalt']
['Fruchtgenuss'],['Fruchtgenuss'],[],['Fruchtgenuss'],['Fruchtgenuss'],['Fruchtgenuss'],['Fruchtgenuss'],['Fruchtgenuss'],['Fruchtgenuss'],['Fruchtgenuss'],['Fruchtgenuss'],['Fruchtgenuss'],['Fruchtgenuss'],['Fruchtgenuss'],['Fruchtgenuss'],['Fruchtgenuss']
[],['Fruchtgenussrecht'],[],['Fruchtgenussrecht'],['Fruchtgenussrecht'],[],['Fruchtgenussrecht'],['Fruchtgenussrecht'],['Fruchtgenussrecht'],['Fruchtgenussrecht'],['Fruchtgenussrecht'],[],['Fruchtgenussrecht'],['Fruchtgenuss'],['Fruchtgenussrecht'],['Fruchtgenussrecht']
[],[],[],[],[],[],[],[],[],[],[],[],[],[],[],[]
['Dienstrang'],[],[],[],['Dienstrang'],[],['Rang'],['Dienstrang'],"['Rang', 'Rang']",[],['Rang'],['Dienstrang'],['Rang'],[],['Rang'],['Rang']
['Veräußerungsverbot'],['Veräußerungsverbot'],[],['Veräußerungsverbot'],['Veräußerungsverbot'],['Veräußerungsverbot'],['Veräußerungsverbot'],['Veräußerungsverbot'],['Veräußerungsverbot'],['Veräußerungsverbot'],['Veräußerungsverbot'],['Veräußerungsverbot'],['Veräußerungsverbot'],['Veräußerungsverbot'],['Veräußerungsverbot'],['Veräußerungsverbot']
['Katastermappe'],['Katastermappe'],[],['Katastermappe'],['Katastermappe'],[],['Katastermappe'],['Katastermappe'],['Katastermappe'],['Katastermappe'],['Katastermappe'],['Katastermappe'],['Katastermappe'],['Katastermappe'],['Katastermappe'],['Katastermappe']
['Grundkataster'],['Grundkataster'],[],['Grundkataster'],['Grundkataster'],['Grundkataster'],['Grundkataster'],['Grundkataster'],['Grundkataster'],[],['Grundkataster'],[],['Grundkataster'],['Grundkataster'],['Grundkataster'],['Grundkataster']
['Grundkataster'],['Grundstückkataster'],['Grundkataster'],['Grundstückkataster'],['Grundstückkataster'],['Grundkataster'],['Grundstückkataster'],['Grundstückkataster'],['Grundstückkataster'],['Grundstückkataster'],['Grundstückkataster'],['Grundstückkataster'],['Grundstückkataster'],[],['Grundstückkataster'],['Grundstückkataster']
['wirtschaftlich Tätigkeit'],['wirtschaftlich Tätigkeit'],['wirtschaftlich Tätigkeit'],['wirtschaftlich Tätigkeit'],['wirtschaftlich Tätigkeit'],['wirtschaftlich Tätigkeit'],['wirtschaftlich Tätigkeit'],['wirtschaftlich Tätigkeit'],['wirtschaftlich Tätigkeit'],['wirtschaftlich Tätigkeit'],['wirtschaftlich Tätigkeit'],['wirtschaftlich Tätigkeit'],['wirtschaftlich Tätigkeit'],['wirtschaftlich Tätigkeit'],['wirtschaftlich Tätigkeit'],['wirtschaftlich Tätigkeit']
[],[],[],[],[],[],[],[],[],[],[],[],[],[],[],[]
[],['künftig Gut'],[],['künftig Gut'],[],[],['künftig Gut'],['künftig Gut'],['künftig Gut'],[],['künftig Gut'],['künftig Gut'],['künftig Gut'],['künftig Gut'],['künftig Gut'],['künftig Gut']
['gerichtlich Verfügung'],['gerichtlich Verfügung'],[],['gerichtlich Verfügung'],['gerichtlich Verfügung'],['gerichtlich Verfügung'],['gerichtlich Verfügung'],['gerichtlich Verfügung'],['gerichtlich Verfügung'],[],['gerichtlich Verfügung'],['gerichtlich Verfügung'],['gerichtlich Verfügung'],['gerichtlich Verfügung'],['gerichtlich Verfügung'],['gerichtlich Verfügung']
[],[],[],[],[],['Abfassung des Protokolls'],[],[],[],[],[],[],[],['Abfassung des Protokolls'],[],[]
[],[],[],[],[],[],[],[],[],[],[],[],[],[],[],[]
[],[],[],[],[],[],[],[],[],[],[],[],[],[],[],[]
"['Flüchtiger', 'flüchtiger Angeklagter']","['Flüchtiger', 'flüchtiger Angeklagter']","['Flüchtiger', 'flüchtiger Angeklagter']","['Flüchtiger', 'flüchtiger Angeklagter']","['Flüchtiger', 'flüchtiger Angeklagter']",[],"['Flüchtiger', 'flüchtiger Angeklagter']","['Flüchtiger', 'flüchtiger Angeklagter']","['Flüchtiger', 'flüchtiger Angeklagter']",[],"['Flüchtiger', 'flüchtiger Angeklagter']","['Flüchtiger', 'flüchtiger Angeklagter']","['Flüchtiger', 'flüchtiger Angeklagter']","['Flüchtiger', 'flüchtiger Angeklagter']","['Flüchtiger', 'flüchtiger Angeklagter']","['Flüchtiger', 'flüchtiger Angeklagter']"
['vorbeugende Maßnahme'],[],[],['vorbeugend Maßnahme'],['vorbeugend Maßnahme'],[],['vorbeugend Maßnahme'],['vorbeugend Maßnahme'],['vorbeugend Maßnahme'],[],[],['vorbeugend Maßnahme'],['vorbeugend Maßnahme'],['vorbeugend Maßnahme'],['vorbeugend Maßnahme'],['vorbeugend Maßnahme']
[],[],[],[],[],[],[],[],[],[],[],[],[],[],[],[]
[],['Hemmung'],[],['Hemmung'],[],[],['Hemmung'],['Hemmung'],[],[],[],[],['Hemmung'],[],['Hemmung'],['Hemmung']
['Ergebnis des Geschäftsjahres'],['Ergebnis des Geschäftsjahres'],['Ergebnis des Geschäftsjahres'],['Ergebnis des Geschäftsjahres'],['Ergebnis des Geschäftsjahres'],['Ergebnis des Geschäftsjahres'],['Ergebnis des Geschäftsjahres'],['Ergebnis des Geschäftsjahres'],['Ergebnis des Geschäftsjahres'],['Ergebnis des Geschäftsjahres'],['Ergebnis des Geschäftsjahres'],['Ergebnis des Geschäftsjahres'],['Ergebnis des Geschäftsjahres'],['Ergebnis des Geschäftsjahres'],['Ergebnis des Geschäftsjahres'],['Ergebnis des Geschäftsjahres']
['Gebrauch'],[],[],['Gebrauch'],['Gebrauch'],[],['Gebrauch'],['Gebrauch'],['Gebrauch'],[],['Gebrauch'],['Gebrauch'],['Gebrauch'],[],['Gebrauch'],[]
['Nichtigerklärung'],['Nichtigerklärung'],[],['Nichtigerklärung'],['Nichtigerklärung'],['Nichtigerklärung'],['Nichtigerklärung'],['Nichtigerklärung'],['Nichtigerklärung'],['Nichtigerklärung'],['Nichtigerklärung'],['Nichtigerklärung'],['Nichtigerklärung'],['Nichtigerklärung'],['Nichtigerklärung'],['Nichtigerklärung']
['Rechtshandlung'],['Rechtshandlung'],[],['Rechtshandlung'],['Rechtshandlung'],['Rechtshandlung'],['Rechtshandlung'],['Rechtshandlung'],['Rechtshandlung'],['Rechtshandlung'],['Rechtshandlung'],[],['Rechtshandlung'],['Rechtshandlung'],['Rechtshandlung'],['Rechtshandlung']
['Rechtstitel'],['Rechtstitel'],[],['Rechtstitel'],['Rechtstitel'],['Rechtstitel'],['Rechtstitel'],['Rechtstitel'],['Rechtstitel'],['Rechtstitel'],['Rechtstitel'],['Rechtstitel'],['Rechtstitel'],['Rechtstitel'],['Rechtstitel'],['Rechtstitel']
[],[],[],['Titel'],[],[],[],['Titel'],[],[],[],[],['Titel'],[],['Titel'],['Titel']
[],[],['Treuhänder'],[],[],[],[],[],[],[],[],[],[],[],[],[]
['Vertragsabschluss'],['Vertragsabschluss'],[],['Vertragsabschluss'],['Vertragsabschluss'],['Vertragsabschluss'],['Vertragsabschluss'],['Vertragsabschluss'],['Vertragsabschluss'],['Vertragsabschluss'],['Vertragsabschluss'],['Vertragsabschluss'],['Vertragsabschluss'],['Vertragsabschluss'],['Vertragsabschluss'],['Vertragsabschluss']
[],[],[],['halbbürtige Geschwister'],[],[],['halbbürtige Geschwister'],['halbbürtige Geschwister'],['halbbürtig Geschwister'],[],['halbbürtige Geschwister'],[],[],[],['halbbürtige Geschwister'],['halbbürtige Geschwister']
[],[],[],[],[],[],[],[],[],[],[],[],[],[],[],[]
['Kassationsbeschwerde'],['Kassationsbeschwerde'],[],['Kassationsbeschwerde'],['Kassationsbeschwerde'],['Kassationsbeschwerde'],['Kassationsbeschwerde'],['Kassationsbeschwerde'],['Kassationsbeschwerde'],['Kassationsbeschwerde'],['Kassationsbeschwerde'],['Kassationsbeschwerde'],['Kassationsbeschwerde'],['Kassationsbeschwerde'],['Kassationsbeschwerde'],['Kassationsbeschwerde']
[],['Kassationsbeschwerde'],[],['Kassationsbeschwerde'],['Kassationsbeschwerde'],['Kassationsbeschwerde'],['Kassationsbeschwerde'],['Kassationsbeschwerde'],['Kassationsbeschwerde'],['Kassationsbeschwerde'],['Kassationsbeschwerde'],['Kassationsbeschwerde'],['Kassationsbeschwerde'],['Kassationsbeschwerde'],['Kassationsbeschwerde'],['Kassationsbeschwerde']
['Bedrohung'],['Androhung'],['Androhung'],['Androhung'],['Androhung'],['Bedrohung'],['Androhung'],['Androhung'],['Androhung'],['Bedrohung'],['Androhung'],['Androhung'],['Androhung'],['Bedrohung'],['Androhung'],['Androhung']
['Bedrohung'],['Bedrohung'],['Bedrohung'],[],['Bedrohung'],['Bedrohung'],[],[],['Bedrohung'],['Bedrohung'],['Bedrohung'],['Bedrohung'],[],['Bedrohung'],[],[]
['Haftung'],"['zivilrechtliche Haftung', 'Haftung']","['zivilrechtliche Haftung', 'Haftung']","['zivilrechtliche Haftung', 'Haftung']","['zivilrechtliche Haftung', 'Haftung']",['Haftung'],"['zivilrechtliche Haftung', 'Haftung']","['zivilrechtliche Haftung', 'Haftung']",['Haftung'],"['zivilrechtliche Haftung', 'Haftung']","['zivilrechtliche Haftung', 'Haftung']","['zivilrechtliche Haftung', 'Haftung']","['zivilrechtliche Haftung', 'Haftung']","['zivilrechtliche Haftung', 'Haftung']","['zivilrechtliche Haftung', 'Haftung']","['zivilrechtliche Haftung', 'Haftung']"
['Wiederkaufsrecht'],['Wiederkaufsrecht'],[],['Wiederkaufsrecht'],['Wiederkaufsrecht'],[],['Wiederkaufsrecht'],['Wiederkaufsrecht'],[],['Wiederkaufsrecht'],['Wiederkaufsrecht'],['Wiederkaufsrecht'],['Wiederkaufsrecht'],['Wiederkaufsrecht'],['Wiederkaufsrecht'],['Wiederkaufsrecht']
['Zinssatz'],['Zinssatz'],['Zinssatz'],['Zinssatz'],['Zinssatz'],[],['Zinssatz'],['Zinssatz'],['Zinssatz'],[],['Zinssatz'],['Zinssatz'],['Zinssatz'],['Zinssatz'],['Zinssatz'],['Zinssatz']
[],[],[],[],[],[],[],[],[],[],[],[],[],[],[],[]
['Nennwert'],['Nennwert'],['Nennwert'],['Nennwert'],['Nennwert'],['Nennwert'],['Nennwert'],['Nennwert'],['Nennwert'],['Nennwert'],['Nennwert'],['Nennwert'],['Nennwert'],[],['Nennwert'],['Nennwert']
['Versicherungsgesellschaft'],['Versicherungsgesellschaft'],['Versicherungsgesellschaft'],['Versicherungsgesellschaft'],['Versicherungsgesellschaft'],['Versicherungsgesellschaft'],['Versicherungsgesellschaft'],['Versicherungsgesellschaft'],['Versicherungsgesellschaft'],['Versicherungsgesellschaft'],['Versicherungsgesellschaft'],['Versicherungsgesellschaft'],['Versicherungsgesellschaft'],['Versicherungsgesellschaft'],['Versicherungsgesellschaft'],['Versicherungsgesellschaft']
['Auftraggeber'],['Auftraggeber'],['Auftraggeber'],['Auftraggeber'],['Auftraggeber'],['Auftraggeber'],['Auftraggeber'],['Auftraggeber'],['Auftraggeber'],['Auftraggeber'],['Auftraggeber'],['Auftraggeber'],['Auftraggeber'],['Auftraggeber'],['Auftraggeber'],['Auftraggeber']
"['Unfruchtbarkeit', 'Unfruchtbarkeit']",['Unfruchtbarkeit'],"['Unfruchtbarkeit', 'Unfruchtbarkeit']",['Unfruchtbarkeit'],"['Unfruchtbarkeit', 'Unfruchtbarkeit']",['Unfruchtbarkeit'],"['Unfruchtbarkeit', 'Unfruchtbarkeit']",['Unfruchtbarkeit'],['Unfruchtbarkeit'],[],"['Unfruchtbarkeit', 'Unfruchtbarkeit']",['Unfruchtbarkeit'],['Unfruchtbarkeit'],"['Unfruchtbarkeit', 'Unfruchtbarkeit']","['Unfruchtbarkeit', 'Unfruchtbarkeit']",['Unfruchtbarkeit']
[],[],"['Pfad', 'Pfad']",[],[],[],[],[],[],[],[],[],[],[],[],[]
"['Kennzeichen', 'Kennzeichen']","['Kennzeichen', 'Kennzeichen']","['Kennzeichen', 'Kennzeichen']","['Kennzeichen', 'Kennzeichen']",['Kennzeichen'],['Kennzeichen'],"['Kennzeichen', 'Kennzeichen']","['Kennzeichen', 'Kennzeichen']","['Kennzeichen', 'Kennzeichen']",['Kennzeichen'],"['Kennzeichen', 'Kennzeichen']",['Kennzeichen'],"['Kennzeichen', 'Kennzeichen']",['Kennzeichen'],"['Kennzeichen', 'Kennzeichen']","['Kennzeichen', 'Kennzeichen']"
['Güterbeförderung'],['Güterbeförderung'],[],['Güterbeförderung'],['Güterbeförderung'],['Güterbeförderung'],['Güterbeförderung'],['Güterbeförderung'],[],[],['Güterbeförderung'],['Güterbeförderung'],['Güterbeförderung'],['Güterbeförderung'],['Güterbeförderung'],['Güterbeförderung']
['Verbesserung'],[],['Verbesserung'],[],['Verbesserung'],[],[],[],[],[],[],[],[],[],[],[]
"['Darlehen', 'Darlehen']","['Darlehen', 'Darlehen']","['Darlehen', 'Darlehen']","['Darlehen', 'Darlehen']","['Darlehen', 'Darlehen']","['Darlehen', 'Darlehen']","['Darlehen', 'Darlehen']","['Darlehen', 'Darlehen']","['Darlehen', 'Darlehen']","['Darlehen', 'Darlehen']","['Darlehen', 'Darlehen']","['Darlehen', 'Darlehen']","['Darlehen', 'Darlehen']","['Darlehen', 'Darlehen']","['Darlehen', 'Darlehen']","['Darlehen', 'Darlehen']"
['Darlehen'],['Darlehen'],['Darlehen'],['Darlehen'],['Darlehen'],['Darlehen'],['Darlehen'],['Darlehen'],['Darlehen'],['Darlehen'],['Darlehen'],['Darlehen'],['Darlehen'],['Darlehen'],['Darlehen'],['Darlehen']
['Forststraße'],['Forstweg'],['Forststraße'],['Forstweg'],[],['Forststraße'],['Forstweg'],['Forstweg'],[],['Forststraße'],['Forstweg'],[],[],['Forstweg'],['Forstweg'],[]
['Geldstrafe'],['Geldstrafe'],['Geldbuße'],['Geldstrafe'],['Geldstrafe'],['Geldbuße'],['Geldstrafe'],['Geldstrafe'],['Geldstrafe'],['Geldbuße'],['Geldstrafe'],['Geldstrafe'],['Geldstrafe'],['Geldstrafe'],['Geldstrafe'],['Geldstrafe']
['Geldstrafe'],['Geldstrafe'],['Geldbuße'],['Geldstrafe'],['Geldstrafe'],['Geldbuße'],['Geldstrafe'],['Geldstrafe'],['Geldstrafe'],['Geldbuße'],['Geldstrafe'],['Geldstrafe'],['Geldstrafe'],['Geldstrafe'],['Geldstrafe'],['Geldstrafe']
[],['Absonderung der Güter des Verstorbenen'],[],['Absonderung der Güter des Verstorbenen'],['Absonderung der Güter des Verstorbenen'],[],['Absonderung der Güter des Verstorbenen'],['Absonderung der Güter des Verstorbenen'],['Absonderung der Güter des Verstorbenen'],[],['Absonderung der Güter des Verstorbenen'],['Absonderung der Güter des Verstorbenen'],['Absonderung der Güter des Verstorbenen'],[],['Absonderung der Güter des Verstorbenen'],['Absonderung der Güter des Verstorbenen']
['geistig Beruf'],['geistig Beruf'],['geistig Beruf'],['geistig Beruf'],['geistig Beruf'],['geistig Beruf'],['geistig Beruf'],['geistig Beruf'],['geistig Beruf'],['geistig Beruf'],['geistig Beruf'],['geistig Beruf'],['geistig Beruf'],['geistig Beruf'],['geistig Beruf'],['geistig Beruf']
[],[],[],[],[],[],[],[],[],[],[],[],[],[],[],[]
[],[],[],[],[],[],[],[],[],[],[],[],[],[],[],[]
['gerichtliche Teilung'],['gerichtliche Teilung'],[],['gerichtliche Teilung'],['gerichtliche Teilung'],['gerichtliche Teilung'],['gerichtliche Teilung'],['gerichtliche Teilung'],['gerichtliche Teilung'],['gerichtliche Teilung'],['gerichtliche Teilung'],['gerichtliche Teilung'],['gerichtliche Teilung'],['gerichtliche Teilung'],['gerichtliche Teilung'],['gerichtliche Teilung']
[],[],['Ausrüstung'],[],[],[],[],[],[],[],[],[],[],[],[],[]
[],[],['bewaffnet Bande'],[],[],[],[],[],[],[],[],[],[],[],[],[]
[],[],[],[],[],[],[],[],[],[],[],[],[],[],[],[]
['Unterzeichnung'],['Unterschrift'],['Unterzeichnung'],['Unterschrift'],['Unterschrift'],['Unterschrift'],['Unterschrift'],['Unterschrift'],['Unterschrift'],['Unterschrift'],['Unterschrift'],['Unterschrift'],[],['Unterschrift'],['Unterschrift'],['Unterschrift']
['Unterschrift'],['Unterschrift'],[],['Unterschrift'],['Unterschrift'],['Unterschrift'],['Unterschrift'],['Unterschrift'],['Unterschrift'],['Unterschrift'],['Unterschrift'],['Unterschrift'],['Unterschrift'],['Unterschrift'],['Unterschrift'],['Unterschrift']
[],[],['Plünderung'],[],[],[],[],[],[],[],[],[],[],[],[],[]
[],[],['Aneignung'],[],[],['Aneignung'],[],[],[],['Aneignung'],['Aneignung'],['Aneignung'],['Aneignung'],[],[],[]
[],[],['Unschuldiger'],[],[],[],[],[],[],[],[],[],[],[],[],[]
[],[],[],[],[],[],[],[],[],[],[],[],[],[],[],[]
['Fahrerqualifizierungsnachweis'],['Fahrerqualifizierungsnachweis'],['Fahrerqualifizierungsnachweis'],[],['Fahrerqualifizierungsnachweis'],['Fahrerqualifizierungsnachweis'],[],[],['Fahrerqualifizierungsnachweis'],['Fahrerqualifizierungsnachweis'],[],['Fahrerqualifizierungsnachweis'],['Fahrerqualifizierungsnachweis'],['Fahrerqualifizierungsnachweis'],[],[]
['Fahrerqualifizierungsnachweis'],['Fahrerqualifizierungsnachweis'],[],['Fahrerqualifizierungsnachweis'],['Fahrerqualifizierungsnachweis'],['Fahrerqualifizierungsnachweis'],['Fahrerqualifizierungsnachweis'],['Fahrerqualifizierungsnachweis'],['Fahrerqualifizierungsnachweis'],[],['Fahrerqualifizierungsnachweis'],['Fahrerqualifizierungsnachweis'],['Fahrerqualifizierungsnachweis'],['Fahrerqualifizierungsnachweis'],['Fahrerqualifizierungsnachweis'],['Fahrerqualifizierungsnachweis']
['Widerspruch gegen den Antrag auf Archivierung'],['Widerspruch gegen den Antrag auf Archivierung'],[],['Widerspruch gegen den Antrag auf Archivierung'],['Widerspruch gegen den Antrag auf Archivierung'],['Widerspruch gegen den Antrag auf Archivierung'],['Widerspruch gegen den Antrag auf Archivierung'],['Widerspruch gegen den Antrag auf Archivierung'],['Widerspruch gegen den Antrag auf Archivierung'],['Widerspruch gegen den Antrag auf Archivierung'],['Widerspruch gegen den Antrag auf Archivierung'],['Widerspruch gegen den Antrag auf Archivierung'],['Widerspruch gegen den Antrag auf Archivierung'],['Widerspruch gegen den Antrag auf Archivierung'],['Widerspruch gegen den Antrag auf Archivierung'],['Widerspruch gegen den Antrag auf Archivierung']
['Hypothekarschuldner'],['Hypothekarschuldner'],[],['Hypothekarschuldner'],['Hypothekarschuldner'],['Hypothekarschuldner'],['Hypothekarschuldner'],['Hypothekarschuldner'],['Hypothekarschuldner'],['Hypothekarschuldner'],['Hypothekarschuldner'],['Hypothekarschuldner'],['Hypothekarschuldner'],['Hypothekarschuldner'],['Hypothekarschuldner'],['Hypothekarschuldner']
['Option'],['Option'],"['Optionsvertrag', 'Option']",['Option'],['Option'],['Option'],['Option'],['Option'],['Option'],['Option'],['Option'],['Option'],['Option'],['Option'],['Option'],['Option']
['Titel'],['Titel'],['Titel'],['Titel'],['Titel'],['Titel'],['Titel'],['Titel'],['Titel'],['Titel'],['Titel'],['Titel'],['Titel'],[],['Titel'],['Titel']
['Erfüllung der Auflage'],['Erfüllung der Auflage'],[],['Erfüllung der Auflage'],['Erfüllung der Auflage'],[],['Erfüllung der Auflage'],['Erfüllung der Auflage'],['Erfüllung der Auflage'],[],['Erfüllung der Auflage'],['Erfüllung der Auflage'],['Erfüllung der Auflage'],['Erfüllung der Auflage'],['Erfüllung der Auflage'],['Erfüllung der Auflage']
['Verkehrszeichen'],['Verkehrszeichen'],[],['Verkehrszeichen'],['Verkehrszeichen'],['Verkehrszeichen'],['Verkehrszeichen'],['Verkehrszeichen'],['Verkehrszeichen'],['Verkehrszeichen'],['Verkehrszeichen'],['Verkehrszeichen'],['Verkehrszeichen'],['Verkehrszeichen'],['Verkehrszeichen'],['Verkehrszeichen']
[],[],[],[],[],[],[],[],[],[],[],[],[],[],[],[]
[],[],[],[],[],[],[],[],[],['Lichtzeichen'],[],[],[],[],[],[]
[],[],[],[],[],[],[],[],[],[],[],[],[],['Vorfahrtszeichen'],[],[]
[],[],['Verbotszeichen'],['Verbotszeichen'],[],['Verbotszeichen'],[],['Verbotszeichen'],['Verbotszeichen'],['Verbotszeichen'],['Verbotszeichen'],['Verbotszeichen'],['Verbotszeichen'],['Verbotszeichen'],[],['Verbotszeichen']
[],[],[],['Gebotszeichen'],[],[],[],[],[],[],[],[],[],[],[],[]
[],['Einsturz eines Gebäudes'],[],['Einsturz eines Gebäudes'],[],[],['Einsturz eines Gebäudes'],['Einsturz eines Gebäudes'],[],[],['Einsturz eines Gebäudes'],[],['Einsturz eines Gebäudes'],[],['Einsturz eines Gebäudes'],['Einsturz eines Gebäudes']
['theoretische Prüfung'],['theoretische Prüfung'],[],['theoretische Prüfung'],['theoretische Prüfung'],['theoretische Prüfung'],['theoretische Prüfung'],['theoretische Prüfung'],['theoretische Prüfung'],['theoretische Prüfung'],['Theorieprüfung'],['theoretische Prüfung'],['theoretische Prüfung'],['theoretische Prüfung'],['theoretische Prüfung'],['theoretische Prüfung']
['Prüfer'],['Prüfer'],['Prüfer'],['Prüfer'],['Prüfer'],['Prüfer'],[],[],['Prüfer'],['Prüfer'],['Prüfer'],['Prüfer'],['Prüfer'],['Prüfer'],['Prüfer'],[]
[],[],[],[],['Echtheit'],['Echtheit'],[],[],[],[],[],[],[],[],[],[]
[],[],[],[],[],[],[],[],[],[],[],[],[],[],[],[]
[],[],[],[],[],[],[],[],[],[],[],[],[],[],[],[]
[],[],"['Schwangerschaftsabbruch', 'Schwangerschaftsabbruch', 'Schwangerschaftsabbruch']",[],[],[],[],[],[],[],[],[],[],[],[],[]
[],[],[],[],[],[],[],[],[],[],[],[],[],[],[],[]
[],[],['Vermerk'],[],[],[],[],[],[],[],[],[],[],[],[],[]
['Gespräch'],['Gespräch'],['Gespräch'],['Gespräch'],['Gespräch'],['Gespräch'],['Gespräch'],['Gespräch'],['Gespräch'],['Gespräch'],['Gespräch'],['Gespräch'],['Gespräch'],['Gespräch'],['Gespräch'],['Gespräch']
['provisorisch Kennzeichen'],['provisorisch Kennzeichen'],[],['provisorisch Kennzeichen'],[],[],['provisorisch Kennzeichen'],['provisorisch Kennzeichen'],['provisorisch Kennzeichen'],[],['provisorisch Kennzeichen'],['provisorisch Kennzeichen'],['provisorisch Kennzeichen'],['provisorisch Kennzeichen'],['provisorisch Kennzeichen'],['provisorisch Kennzeichen']
['KFZ'],['KFZ'],['KFZ'],['KFZ'],['KFZ'],['KFZ'],['KFZ'],['KFZ'],['KFZ'],['KFZ'],['KFZ'],['KFZ'],['KFZ'],['KFZ'],['KFZ'],['KFZ']
[],[],[],[],[],[],[],[],[],[],[],[],[],[],[],[]
['Löschung'],[],[],[],[],[],['Löschung'],[],[],[],[],['Löschung'],[],[],[],[]
[],['Eugenik'],[],['Eugenik'],[],[],['Eugenik'],['Eugenik'],[],[],[],[],[],[],['Eugenik'],['Eugenik']
[],[],[],[],[],[],[],[],[],[],[],[],[],[],[],[]
[],[],['Legislative'],[],[],[],[],[],[],[],[],[],[],[],[],[]
[],[],[],[],[],[],[],[],[],[],[],[],[],[],[],[]
[],[],[],[],[],[],[],[],[],[],[],[],[],[],[],[]
[],[],[],[],[],[],[],[],[],[],[],[],[],[],[],[]
[],[],[],[],[],[],[],[],[],[],[],[],[],[],[],[]
[],[],[],[],[],[],[],[],[],[],[],[],[],[],[],[]
[],[],['Konferenz der Fraktionsvorsitzenden'],[],[],[],[],[],[],[],[],[],[],[],[],[]
['Parlament in gemeinsamer Sitzung'],['Parlament in gemeinsamer Sitzung'],['Parlament in gemeinsamer Sitzung'],['Parlament in gemeinsamer Sitzung'],['Parlament in gemeinsamer Sitzung'],['Parlament in gemeinsamer Sitzung'],['Parlament in gemeinsamer Sitzung'],['Parlament in gemeinsamer Sitzung'],['Parlament in gemeinsamer Sitzung'],['Parlament in gemeinsamer Sitzung'],['Parlament in gemeinsamer Sitzung'],['Parlament in gemeinsamer Sitzung'],['Parlament in gemeinsamer Sitzung'],['Parlament in gemeinsamer Sitzung'],['Parlament in gemeinsamer Sitzung'],['Parlament in gemeinsamer Sitzung']
['Zuständigkeit'],['Zuständigkeit'],['Zuständigkeit'],['Zuständigkeit'],['Zuständigkeit'],['Zuständigkeit'],['Zuständigkeit'],['Zuständigkeit'],['Zuständigkeit'],['Zuständigkeit'],['Zuständigkeit'],['Zuständigkeit'],['Zuständigkeit'],['Zuständigkeit'],['Zuständigkeit'],['Zuständigkeit']
[],[],[],[],[],[],[],[],[],[],[],[],[],[],[],[]
['Kollegialorgan'],['Kollegialorgan'],[],['Kollegialorgan'],['Kollegialorgan'],['Kollegialorgan'],['Kollegialorgan'],['Kollegialorgan'],['Kollegialorgan'],[],['Kollegialorgan'],['Kollegialorgan'],['Kollegialorgan'],['Kollegialorgan'],['Kollegialorgan'],['Kollegialorgan']
[],[],[],[],[],[],[],[],[],[],[],[],[],[],[],[]
['Ehefreiheit'],['Ehefreiheit'],['Ehefreiheit'],['Ehefreiheit'],['Ehefreiheit'],['Ehefreiheit'],['Ehefreiheit'],['Ehefreiheit'],['Ehefreiheit'],['Ehefreiheit'],['Ehefreiheit'],['Ehefreiheit'],['Ehefreiheit'],[],['Ehefreiheit'],['Ehefreiheit']
[],['Geburtsnachweis'],[],[],['Geburtsnachweis'],[],[],[],[],[],[],[],[],[],[],[]
[],[],[],[],[],[],[],[],[],[],[],[],[],[],[],[]
[],[],[],[],[],[],[],[],[],[],[],[],[],[],[],[]
[],['Gesetzgebungsgewalt'],[],['Gesetzgebungsgewalt'],[],[],['Gesetzgebungsgewalt'],['Gesetzgebungsgewalt'],[],[],['Gesetzgebungsgewalt'],[],['Gesetzgebungsgewalt'],[],['Gesetzgebungsgewalt'],['Gesetzgebungsgewalt']
['Erlass'],['Erlass'],['Erlass'],['Erlass'],['Erlass'],['Erlass'],['Erlass'],['Erlass'],['Erlass'],['Erlass'],['Erlass'],['Erlass'],['Erlass'],[],['Erlass'],['Erlass']
[],[],['Klagebefugnis'],[],[],[],[],[],[],[],[],[],[],[],[],[]
[],[],[],[],[],[],[],[],[],[],[],[],[],[],[],[]
[],[],['eGov'],[],[],[],[],[],[],['eGov'],[],[],[],[],[],[]
[],[],[],[],[],[],[],[],[],[],[],[],[],[],[],[]
['Spam'],[],['Spam'],['Spam'],[],['Spam'],['Spam'],['Spam'],['Spam'],['Spam'],[],[],[],['Spam'],['Spam'],[]
[],[],[],[],[],[],[],[],[],[],[],[],[],[],[],[]
['Berichterstatter'],['Berichterstatter'],['Berichterstatter'],['Berichterstatter'],['Berichterstatter'],['Berichterstatter'],['Berichterstatter'],['Berichterstatter'],['Berichterstatter'],['Berichterstatter'],['Berichterstatter'],['Berichterstatter'],['Berichterstatter'],['Berichterstatter'],['Berichterstatter'],['Berichterstatter']
[],[],[],[],[],['Verzicht auf der Verfahrenshandlung'],[],[],[],['Verzicht auf die Verfahrenshandlungen'],[],[],[],['Verzicht auf die Verfahrenshandlungen'],[],[]
[],[],[],[],[],[],[],[],[],[],[],[],[],[],[],[]
[],[],[],[],['Biogasanlage'],[],[],[],[],[],[],[],[],[],[],[]
[],[],[],[],[],[],[],[],[],[],[],[],[],[],[],[]
[],[],[],[],[],[],[],[],[],[],[],[],[],[],[],[]
[],[],[],[],[],[],[],[],[],[],[],[],[],[],[],[]
[],[],[],[],[],[],[],[],[],[],[],[],[],[],[],[]
[],[],[],[],[],[],[],[],[],[],[],[],[],[],[],[]
['Kassationsgerichtshof'],[],[],['Kassationsgerichtshof'],[],['Kassationsgerichtshof'],['Kassationsgerichtshof'],['Kassationsgerichtshof'],['Kassationsgerichtshof'],['Kassationsgerichtshof'],[],['Kassationsgerichtshof'],['Kassationsgerichtshof'],['Kassationsgerichtshof'],['Kassationsgerichtshof'],['Kassationsgerichtshof']
['Eheversprechen'],['Eheversprechen'],[],['Eheversprechen'],['Eheversprechen'],['Eheversprechen'],['Eheversprechen'],['Eheversprechen'],['Eheversprechen'],['Eheversprechen'],['Eheversprechen'],['Eheversprechen'],['Eheversprechen'],['Eheversprechen'],['Eheversprechen'],['Eheversprechen']
['Gesellschafterversammlung'],['Gesellschafterversammlung'],[],['Gesellschafterversammlung'],['Gesellschafterversammlung'],['Gesellschafterversammlung'],['Gesellschafterversammlung'],['Gesellschafterversammlung'],['Gesellschafterversammlung'],['Gesellschafterversammlung'],['Gesellschafterversammlung'],['Gesellschafterversammlung'],['Gesellschafterversammlung'],['Gesellschafterversammlung'],['Gesellschafterversammlung'],['Gesellschafterversammlung']
['Gesellschafterversammlung'],['Gesellschafterversammlung'],[],['Gesellschafterversammlung'],['Versammlung'],['Gesellschafterversammlung'],['Gesellschafterversammlung'],['Gesellschafterversammlung'],['Gesellschafterversammlung'],['Gesellschafterversammlung'],['Gesellschafterversammlung'],['Gesellschafterversammlung'],['Versammlung'],['Gesellschafterversammlung'],['Gesellschafterversammlung'],['Gesellschafterversammlung']
['Gesellschaftsvertrag'],['Gesellschaftsvertrag'],['Gesellschaftsvertrag'],['Gesellschaftsvertrag'],['Gesellschaftsvertrag'],[],['Gesellschaftsvertrag'],['Gesellschaftsvertrag'],['Gesellschaftsvertrag'],[],['Gesellschaftsvertrag'],['Gesellschaftsvertrag'],['Gesellschaftsvertrag'],['Gesellschaftsvertrag'],['Gesellschaftsvertrag'],['Gesellschaftsvertrag']
['Bezirksgericht'],['Bezirksgericht'],[],['Bezirksgericht'],['Bezirksgericht'],['Bezirksgericht'],['Bezirksgericht'],['Bezirksgericht'],['Bezirksgericht'],[],['Bezirksgericht'],['Bezirksgericht'],['Bezirksgericht'],['Bezirksgericht'],['Bezirksgericht'],['Bezirksgericht']
"['Qualifizierungssystem', 'Qualifizierungssystem', 'Qualifizierungssystem']","['Qualifizierungssystem', 'Qualifizierungssystem']",[],"['Qualifizierungssystem', 'Qualifizierungssystem']","['Qualifizierungssystem', 'Qualifizierungssystem', 'Qualifizierungssystem']","['Qualifizierungssystem', 'Qualifizierungssystem', 'Qualifizierungssystem']","['Qualifizierungssystem', 'Qualifizierungssystem']","['Qualifizierungssystem', 'Qualifizierungssystem']","['Qualifizierungssystem', 'Qualifizierungssystem']","['Qualifizierungssystem', 'Qualifizierungssystem', 'Qualifizierungssystem']","['Qualifizierungssystem', 'Qualifizierungssystem']","['Qualifizierungssystem', 'Qualifizierungssystem']","['Qualifizierungssystem', 'Qualifizierungssystem', 'Qualifizierungssystem']","['Qualifizierungssystem', 'Qualifizierungssystem', 'Qualifizierungssystem']","['Qualifizierungssystem', 'Qualifizierungssystem']","['Qualifizierungssystem', 'Qualifizierungssystem']"
[],[],[],['Register für die Nachrichten über strafbare Handlungen'],[],[],['Register für die Nachrichten über strafbare Handlungen'],['Register für die Nachrichten über strafbare Handlungen'],[],[],[],[],[],[],['Register für die Nachrichten über strafbare Handlungen'],[]
[],['Schwurgericht zweiter Instanz'],[],[],['Schwurgericht zweiter Instanz'],[],[],[],[],[],[],[],[],[],[],[]
['Bezirksgericht'],['Bezirksgericht'],[],['Bezirksgericht'],['Bezirksgericht'],['Bezirksgericht'],['Bezirksgericht'],['Bezirksgericht'],['Bezirksgericht'],['Bezirksgericht'],['Bezirksgericht'],['Bezirksgericht'],['Bezirksgericht'],['Bezirksgericht'],['Bezirksgericht'],['Bezirksgericht']
['Bezirksgericht'],['Bezirksgericht'],[],['Bezirksgericht'],['Bezirksgericht'],['Bezirksrichter'],['Bezirksgericht'],['Bezirksgericht'],['Bezirksgericht'],['Bezirksgericht'],['Bezirksgericht'],['Bezirksgericht'],['Bezirksgericht'],['Bezirksgericht'],['Bezirksgericht'],['Bezirksgericht']
[],[],[],[],[],[],[],[],[],[],[],[],[],[],[],[]
[],"['Nutzungspfand', 'Nutzungspfand']",[],"['Nutzungspfand', 'Nutzungspfand']","['Nutzungspfand', 'Nutzungspfand']",[],"['Nutzungspfand', 'Nutzungspfand']","['Nutzungspfand', 'Nutzungspfand']","['Nutzungspfand', 'Nutzungspfand']",[],"['Nutzungspfand', 'Nutzungspfand']","['Nutzungspfand', 'Nutzungspfand']","['Nutzungspfand', 'Nutzungspfand']",[],"['Nutzungspfand', 'Nutzungspfand']","['Nutzungspfand', 'Nutzungspfand']"
['Oberlandesgericht'],['Oberlandesgericht'],[],['Oberlandesgericht'],['Oberlandesgericht'],['Oberlandesgericht'],['Oberlandesgericht'],['Oberlandesgericht'],['Oberlandesgericht'],['Oberlandesgericht'],['Oberlandesgericht'],['Oberlandesgericht'],['Oberlandesgericht'],['Oberlandesgericht'],['Oberlandesgericht'],['Oberlandesgericht']
['Schwurgericht'],['Schwurgericht'],[],[],['Schwurgericht'],[],[],[],['Schwurgericht'],['Schwurgericht'],[],['Schwurgericht'],[],['Schwurgericht'],[],[]
['Zubehör'],['Zubehör'],[],['Zubehör'],[],['Zubehör'],['Zubehör'],['Zubehör'],['Zubehör'],['Zubehör'],[],['Zubehör'],['Zubehör'],['Zubehör'],['Zubehör'],['Zubehör']
[],[],[],[],[],[],[],[],[],[],[],[],[],[],[],[]
['Abtretung'],['Abtretung'],[],['Abtretung'],['Abtretung'],['Abtretung'],['Abtretung'],['Abtretung'],['Abtretung'],['Abtretung'],['Abtretung'],['Abtretung'],['Abtretung'],['Abtretung'],['Abtretung'],['Abtretung']
['höhere Gewalt'],['höhere Gewalt'],['höhere Gewalt'],['höhere Gewalt'],['höhere Gewalt'],['höhere Gewalt'],['höhere Gewalt'],['höhere Gewalt'],['höhere Gewalt'],['höhere Gewalt'],['höhere Gewalt'],['höhere Gewalt'],['höhere Gewalt'],['höhere Gewalt'],['höhere Gewalt'],['höhere Gewalt']
['Zeugenaussage'],['Zeugenaussage'],['Zeugenaussage'],['Zeugenaussage'],['Zeugenaussage'],['Zeugenaussage'],['Zeugenaussage'],['Zeugenaussage'],['Zeugenaussage'],['Zeugenaussage'],['Zeugenaussage'],['Zeugenaussage'],['Zeugenaussage'],['Zeugenaussage'],['Zeugenaussage'],['Zeugenaussage']
['Gründungsakt'],['Gründungsakt'],[],['Gründungsakt'],['Gründungsakt'],['Gründungsakt'],['Gründungsakt'],['Gründungsakt'],['Gründungsakt'],['Gründungsakt'],['Gründungsakt'],['Gründungsakt'],['Gründungsakt'],['Gründungsakt'],['Gründungsakt'],['Gründungsakt']
['Einlage'],['Einlage'],['Einlage'],['Einlage'],['Einlage'],['Einlage'],['Einlage'],['Einlage'],['Einlage'],['Einlage'],['Einlage'],['Einlage'],['Einlage'],['Einlage'],['Einlage'],['Einlage']
['höhere Gewalt'],['höhere Gewalt'],['höhere Gewalt'],['höhere Gewalt'],['höhere Gewalt'],['höhere Gewalt'],['höhere Gewalt'],['höhere Gewalt'],['höhere Gewalt'],['höhere Gewalt'],['höhere Gewalt'],['höhere Gewalt'],['höhere Gewalt'],['höhere Gewalt'],['höhere Gewalt'],['höhere Gewalt']
[],[],[],[],[],[],[],[],[],[],[],[],[],[],[],[]
['Zuständigkeitskonflikt'],['Kompetenzkonflikt'],['Kompetenzkonflikt'],['Kompetenzkonflikt'],['Kompetenzkonflikt'],['Kompetenzkonflikt'],['Kompetenzkonflikt'],['Kompetenzkonflikt'],['Kompetenzkonflikt'],['Zuständigkeitskonflikt'],['Zuständigkeitskonflikt'],['Zuständigkeitskonflikt'],['Kompetenzkonflikt'],['Zuständigkeitskonflikt'],['Kompetenzkonflikt'],['Kompetenzkonflikt']
['Wille'],[],['Wille'],[],['Wille'],['Wille'],[],[],['Wille'],['Wille'],[],['Wille'],[],['Wille'],[],[]
[],[],[],[],[],[],[],[],[],[],[],[],[],[],[],[]
[],['Speditionsvertrag'],[],['Speditionsvertrag'],[],[],['Speditionsvertrag'],['Speditionsvertrag'],[],[],['Speditionsvertrag'],[],['Speditionsvertrag'],[],['Speditionsvertrag'],['Speditionsvertrag']
[],[],[],[],[],[],[],[],[],[],[],[],[],[],[],[]
"['Gesetz', 'Gesetz']","['Gesetz', 'Gesetz']",['Gesetz'],"['Gesetz', 'Gesetz']","['Gesetz', 'Gesetz']",['Gesetz'],"['Gesetz', 'Gesetz']","['Gesetz', 'Gesetz']","['Gesetz', 'Gesetz']",['Gesetz'],"['Gesetz', 'Gesetz']","['Gesetz', 'Gesetz']","['Gesetz', 'Gesetz']",['Gesetz'],"['Gesetz', 'Gesetz']","['Gesetz', 'Gesetz']"
[],['Touristiksachbearbeiter'],[],['Touristiksachbearbeiter'],[],[],['Touristiksachbearbeiter'],['Touristiksachbearbeiter'],['Touristiksachbearbeiter'],[],['Touristiksachbearbeiter'],['Touristiksachbearbeiter'],['Touristiksachbearbeiter'],[],['Touristiksachbearbeiter'],['Touristiksachbearbeiter']
['unverletzlich Recht der Mensch'],['unverletzlich Recht der Mensch'],[],['unverletzlich Recht der Mensch'],['unverletzlich Recht der Mensch'],['unverletzlich Recht der Mensch'],['unverletzlich Recht der Mensch'],['unverletzlich Recht der Mensch'],['unverletzlich Recht der Mensch'],[],['unverletzlich Recht der Mensch'],['unverletzlich Recht der Mensch'],['unverletzlich Recht der Mensch'],['unverletzlich Recht der Mensch'],['unverletzlich Recht der Mensch'],['unverletzlich Recht der Mensch']
['Nutzen'],['Nutzen'],['Nutzen'],['Nutzen'],['Nutzen'],['Nutzen'],['Nutzen'],['Nutzen'],['Nutzen'],['Nutzen'],['Nutzen'],['Nutzen'],['Nutzen'],['Nutzen'],['Nutzen'],['Nutzen']
[],[],[],[],[],[],[],[],[],[],[],[],[],[],[],[]
[],[],[],[],[],[],[],[],[],[],[],[],[],[],[],[]
[],[],[],[],[],[],[],[],[],['elektronisch Akte'],['elektronisch Akte'],[],[],[],['elektronische Akte'],['elektronische Akte']
[],[],[],[],[],[],[],[],[],[],[],[],[],[],[],[]
['Aufsichtsrat'],['Aufsichtsrat'],['Aufsichtsrat'],['Aufsichtsrat'],['Aufsichtsrat'],['Aufsichtsrat'],['Aufsichtsrat'],['Aufsichtsrat'],['Aufsichtsrat'],['Aufsichtsrat'],['Aufsichtsrat'],['Aufsichtsrat'],['Aufsichtsrat'],['Aufsichtsrat'],['Aufsichtsrat'],['Aufsichtsrat']
['Arzneimittelkontrolle'],[],"['Pharmakovigilanz', 'Pharmakovigilanz']",['Arzneimittelkontrolle'],[],[],[],['Arzneimittelkontrolle'],['Arzneimittelkontrolle'],[],[],[],['Arzneimittelkontrolle'],[],['Arzneimittelkontrolle'],['Arzneimittelkontrolle']
['Arzneimittelüberwachung'],['Arzneimittelkontrolle'],['Pharmakovigilanz'],['Arzneimittelüberwachung'],[],[],['Arzneimittelkontrolle'],['Arzneimittelüberwachung'],[],[],['Arzneimittelüberwachung'],['Arzneimittelkontrolle'],['Arzneimittelüberwachung'],[],['Arzneimittelüberwachung'],['Arzneimittelüberwachung']
['Ethikkomitee'],['Ethikkomitee'],[],['Ethikkomitee'],['Ethikkomitee'],['Ethikkomitee'],['Ethikkomitee'],['Ethikkomitee'],['Ethikkomitee'],['Ethikkomitee'],['Ethikkomitee'],['Ethikkomitee'],['Ethikkomitee'],['Ethikkomitee'],['Ethikkomitee'],['Ethikkomitee']
['Pflichtversicherung'],['Pflichtversicherung'],['Pflichtversicherung'],['Pflichtversicherung'],['Pflichtversicherung'],['Pflichtversicherung'],['Pflichtversicherung'],['Pflichtversicherung'],['Pflichtversicherung'],['Pflichtversicherung'],['Pflichtversicherung'],['Pflichtversicherung'],['Pflichtversicherung'],['Pflichtversicherung'],['Pflichtversicherung'],['Pflichtversicherung']
[],['Kode'],[],[],[],[],[],[],[],['Kode'],['Kode'],['Kode'],[],[],[],[]
[],[],['Unbezahlte Arbeit'],[],[],[],[],[],[],[],[],[],[],[],[],[]
[],['klinisch Versuch'],[],[],['klinisch Versuch'],['klinisch Versuch'],[],[],['klinisch Versuch'],['klinisch Versuch'],[],['klinisch Versuch'],['klinisch Versuch'],['klinisch Versuch'],[],[]
[],[],[],[],[],[],[],[],[],[],[],[],[],[],[],[]
[],[],[],['Geburtenregister'],['Geburtenregister'],[],['Geburtenregister'],['Geburtenregister'],['Geburtenregister'],[],[],['Geburtenregister'],['Geburtenregister'],[],['Geburtenregister'],['Geburtenregister']
[],[],['Außenpolitik'],[],[],[],[],[],[],[],[],[],[],[],[],[]
[],[],[],[],[],[],[],[],[],[],[],[],[],[],[],[]
[],['Personenstand'],[],['Personenstand'],['Personenstand'],[],['Personenstand'],['Personenstand'],['Personenstand'],[],['Personenstand'],['Personenstand'],['Personenstand'],['Personenstand'],['Personenstand'],['Personenstand']
[],[],[],[],[],[],[],[],[],[],[],[],[],[],[],[]
['ordentlich Richter'],['ordentlich Richter'],['ordentlich Richter'],['ordentlich Richter'],['ordentlich Richter'],['ordentlich Richter'],['ordentlich Richter'],['ordentlich Richter'],['ordentlich Richter'],['ordentlich Richter'],['ordentlich Richter'],['ordentlich Richter'],['ordentlich Richter'],['ordentlich Richter'],['ordentlich Richter'],['ordentlich Richter']
[],['Kraftwagen'],[],['Kraftwagen'],[],['Kraftwagen'],['Kraftwagen'],['Kraftwagen'],['Kraftwagen'],[],['Kraftwagen'],['Kraftwagen'],['Kraftwagen'],[],['Kraftwagen'],['Kraftwagen']
['Personenkraftwagen'],[],[],['Personenkraftwagen'],[],[],['Personenkraftwagen'],['Personenkraftwagen'],['Personenkraftwagen'],[],[],['Personenkraftwagen'],[],[],['Personenkraftwagen'],[]
[],['Kraftomnibus'],['Kraftomnibus'],['Kraftomnibus'],['Kraftomnibus'],[],['Kraftomnibus'],['Kraftomnibus'],['Kraftomnibus'],[],[],['Kraftomnibus'],['Kraftomnibus'],['Kraftomnibus'],['Kraftomnibus'],['Kraftomnibus']
[],[],[],[],[],[],[],[],[],[],[],[],[],[],[],[]
[],['Direktverkauf'],['Direktverkauf'],['Direktverkauf'],['Direktverkauf'],['Direktverkauf'],['Direktverkauf'],['Direktverkauf'],['Direktverkauf'],[],['Direktverkauf'],['Direktverkauf'],['Direktverkauf'],['Direktverkauf'],['Direktverkauf'],['Direktverkauf']
['Gelenkbus'],"['Gelenkbus', 'Gelenkbus']","['Gelenkbus', 'Gelenkbus', 'Gelenkbus']","['Gelenkbus', 'Gelenkbus']","['Gelenkbus', 'Gelenkbus']","['Gelenkbus', 'Gelenkbus']","['Gelenkbus', 'Gelenkbus']","['Gelenkbus', 'Gelenkbus']","['Gelenkbus', 'Gelenkbus']",[],"['Gelenkbus', 'Gelenkbus']","['Gelenkbus', 'Gelenkbus']","['Gelenkbus', 'Gelenkbus']","['Gelenkbus', 'Gelenkbus']","['Gelenkbus', 'Gelenkbus']","['Gelenkbus', 'Gelenkbus']"
['Wohnmobil'],['Wohnmobil'],[],['Wohnmobil'],['Wohnmobil'],[],['Wohnmobil'],['Wohnmobil'],['Wohnmobil'],['Wohnmobil'],['Wohnmobil'],['Wohnmobil'],['Wohnmobil'],['Wohnmobil'],['Wohnmobil'],['Wohnmobil']
['Lastzug'],['Lastzug'],['Lastzug'],['Lastzug'],['Lastzug'],[],['Lastzug'],['Lastzug'],['Lastzug'],[],['Lastzug'],['Lastzug'],['Lastzug'],['Lastzug'],['Lastzug'],['Lastzug']
[],[],[],[],[],[],[],[],[],[],[],[],[],[],[],[]
"['landwirtschaftlich Maschine', 'landwirtschaftlich Maschine']","['landwirtschaftlich Maschine', 'landwirtschaftlich Maschine']","['landwirtschaftlich Maschine', 'landwirtschaftlich Maschine']","['landwirtschaftlich Maschine', 'landwirtschaftlich Maschine']","['landwirtschaftlich Maschine', 'landwirtschaftlich Maschine']","['landwirtschaftlich Maschine', 'landwirtschaftlich Maschine']","['landwirtschaftlich Maschine', 'landwirtschaftlich Maschine']","['landwirtschaftlich Maschine', 'landwirtschaftlich Maschine']","['landwirtschaftlich Maschine', 'landwirtschaftlich Maschine']","['landwirtschaftlich Maschine', 'landwirtschaftlich Maschine']","['landwirtschaftlich Maschine', 'landwirtschaftlich Maschine']","['landwirtschaftlich Maschine', 'landwirtschaftlich Maschine']","['landwirtschaftlich Maschine', 'landwirtschaftlich Maschine']","['landwirtschaftlich Maschine', 'landwirtschaftlich Maschine']","['landwirtschaftlich Maschine', 'landwirtschaftlich Maschine']","['landwirtschaftlich Maschine', 'landwirtschaftlich Maschine']"
['landwirtschaftlich Zugmaschine'],['landwirtschaftlich Zugmaschine'],[],['landwirtschaftlich Zugmaschine'],['landwirtschaftlich Zugmaschine'],['landwirtschaftlich Zugmaschine'],['landwirtschaftlich Zugmaschine'],['landwirtschaftlich Zugmaschine'],['landwirtschaftlich Zugmaschine'],[],['landwirtschaftlich Zugmaschine'],['landwirtschaftlich Zugmaschine'],['landwirtschaftlich Zugmaschine'],['landwirtschaftlich Zugmaschine'],['landwirtschaftlich Zugmaschine'],['landwirtschaftlich Zugmaschine']
['im Einvernehmen'],['im Einvernehmen'],['im Einvernehmen'],['im Einvernehmen'],['im Einvernehmen'],['im Einvernehmen'],['im Einvernehmen'],['im Einvernehmen'],['im Einvernehmen'],['im Einvernehmen'],['im Einvernehmen'],['im Einvernehmen'],['im Einvernehmen'],['im Einvernehmen'],['im Einvernehmen'],['im Einvernehmen']
[],[],[],[],[],[],[],[],[],[],[],[],[],[],[],[]
['landwirtschaftlich Arbeitsmaschine'],['landwirtschaftlich Arbeitsmaschine'],['landwirtschaftlich Arbeitsmaschine'],['landwirtschaftlich Arbeitsmaschine'],['landwirtschaftlich Arbeitsmaschine'],['landwirtschaftlich Arbeitsmaschine'],['landwirtschaftlich Arbeitsmaschine'],['landwirtschaftlich Arbeitsmaschine'],['landwirtschaftlich Arbeitsmaschine'],['landwirtschaftlich Arbeitsmaschine'],['landwirtschaftlich Arbeitsmaschine'],['landwirtschaftlich Arbeitsmaschine'],['landwirtschaftlich Arbeitsmaschine'],['landwirtschaftlich Arbeitsmaschine'],['landwirtschaftlich Arbeitsmaschine'],['landwirtschaftlich Arbeitsmaschine']
"['privat Schule', 'privat Schule']","['privat Schule', 'privat Schule']","['privat Schule', 'privat Schule']","['privat Schule', 'privat Schule']","['privat Schule', 'privat Schule']","['privat Schule', 'Privatschule']","['privat Schule', 'privat Schule']","['privat Schule', 'privat Schule']","['privat Schule', 'Privatschule']","['Privatschule', 'Privatschule']","['privat Schule', 'privat Schule']","['privat Schule', 'privat Schule']","['privat Schule', 'privat Schule']","['Privatschule', 'Privatschule']","['privat Schule', 'privat Schule']","['privat Schule', 'privat Schule']"
['Privatschule'],['Privatschule'],['privat Schule'],['Privatschule'],['Privatschule'],['Privatschule'],['Privatschule'],['Privatschule'],['Privatschule'],['Privatschule'],['Privatschule'],['Privatschule'],['Privatschule'],['Privatschule'],['Privatschule'],['privat Schule']
[],['verwaltungsgerichtlich Rekurs'],[],['verwaltungsgerichtlich Rekurs'],['verwaltungsgerichtlich Rekurs'],[],['verwaltungsgerichtlich Rekurs'],['verwaltungsgerichtlich Rekurs'],['verwaltungsgerichtlich Rekurs'],[],['verwaltungsgerichtlich Rekurs'],['verwaltungsgerichtlich Rekurs'],['verwaltungsgerichtlich Rekurs'],[],['verwaltungsgerichtlich Rekurs'],['verwaltungsgerichtlich Rekurs']
[],[],[],[],['Handfahrzeug'],[],[],[],[],[],[],[],[],[],[],[]
['Kradfahrzeug'],['Kradfahrzeug'],[],['Kradfahrzeug'],['Kradfahrzeug'],[],['Kradfahrzeug'],['Kradfahrzeug'],['Kradfahrzeug'],['Kradfahrzeug'],['Kradfahrzeug'],['Kradfahrzeug'],['Kradfahrzeug'],['Kradfahrzeug'],['Kradfahrzeug'],['Kradfahrzeug']
[],['Fußgängerstrom'],['Fußgängerstrom'],['Fußgängerstrom'],[],[],['Fußgängerstrom'],['Fußgängerstrom'],['Fußgängerstrom'],[],['Fußgängerstrom'],[],['Fußgängerstrom'],['Fußgängerstrom'],['Fußgängerstrom'],['Fußgängerstrom']
[],[],[],[],[],[],[],[],[],[],[],[],[],[],[],[]
[],[],[],[],[],[],[],[],[],[],[],[],['Staatsprüfung'],[],[],[]
[],[],[],[],[],[],[],[],[],[],[],[],[],[],[],[]
['frei Einwilligung'],['frei Einwilligung'],[],[],['frei Einwilligung'],['frei Einwilligung'],['frei Einwilligung'],[],['frei Einwilligung'],['frei Einwilligung'],['frei Einwilligung'],['frei Einwilligung'],['frei Einwilligung'],['frei Einwilligung'],[],[]
['Vertrauensperson'],['Vertrauensperson'],['Vertrauensperson'],['Vertrauensperson'],['Vertrauensperson'],[],['Vertrauensperson'],['Vertrauensperson'],['Vertrauensperson'],[],['Vertrauensperson'],[],[],['Vertrauensperson'],['Vertrauensperson'],['Vertrauensperson']
[],['Krankengeschichte'],[],['Krankengeschichte'],['Krankengeschichte'],[],['Krankengeschichte'],['Krankengeschichte'],['Krankengeschichte'],[],['Krankengeschichte'],[],['Krankengeschichte'],[],['Krankengeschichte'],['Krankengeschichte']
['Kläranlage'],['Kläranlage'],['Kläranlage'],['Kläranlage'],['Kläranlage'],"['Kläranlage', 'Kläranlage']",['Kläranlage'],['Kläranlage'],['Kläranlage'],"['Kläranlage', 'Kläranlage']",['Kläranlage'],['Kläranlage'],['Kläranlage'],['Kläranlage'],['Kläranlage'],['Kläranlage']
['Kläranlage'],['Kläranlage'],['Kläranlage'],['Kläranlage'],['Kläranlage'],['Kläranlage'],['Kläranlage'],['Kläranlage'],['Kläranlage'],['Kläranlage'],['Kläranlage'],['Kläranlage'],['Kläranlage'],['Kläranlage'],['Kläranlage'],['Kläranlage']
['Kläranlage'],['Kläranlage'],['Kläranlage'],['Kläranlage'],['Kläranlage'],['Kläranlage'],['Kläranlage'],['Kläranlage'],['Kläranlage'],['Kläranlage'],['Kläranlage'],['Kläranlage'],['Kläranlage'],['Kläranlage'],['Kläranlage'],['Kläranlage']
['fließend Gewässer'],['fließend Gewässer'],['fließend Gewässer'],['fließend Gewässer'],[],['fließend Gewässer'],['fließend Gewässer'],['fließend Gewässer'],['fließend Gewässer'],[],['fließend Gewässer'],['fließend Gewässer'],['fließend Gewässer'],['fließend Gewässer'],['fließend Gewässer'],['fließend Gewässer']
['Oberflächengewässer'],['Oberflächengewässer'],['Oberflächengewässer'],['Oberflächengewässer'],['Oberflächengewässer'],['Oberflächengewässer'],['Oberflächengewässer'],['Oberflächengewässer'],['Oberflächengewässer'],['Oberflächengewässer'],['Oberflächengewässer'],['Oberflächengewässer'],['Oberflächengewässer'],['Oberflächengewässer'],['Oberflächengewässer'],['Oberflächengewässer']
['Grundwasser'],['Grundwasser'],['Grundwasser'],['Grundwasser'],['Grundwasser'],['Grundwasser'],['Grundwasser'],['Grundwasser'],['Grundwasser'],['Grundwasser'],[],[],['Grundwasser'],['Grundwasser'],['Grundwasser'],['Grundwasser']
['Landschaftsplan'],['Landschaftsplan'],['Landschaftsplan'],['Landschaftsplan'],['Landschaftsplan'],['Landschaftsplan'],['Landschaftsplan'],['Landschaftsplan'],['Landschaftsplan'],['Landschaftsplan'],['Landschaftsplan'],['Landschaftsplan'],['Landschaftsplan'],['Landschaftsplan'],['Landschaftsplan'],['Landschaftsplan']
['Nebenerzeugnis'],['Nebenerzeugnis'],[],['Nebenerzeugnis'],[],[],['Nebenerzeugnis'],['Nebenerzeugnis'],[],[],['Nebenerzeugnis'],['Nebenerzeugnis'],['Nebenerzeugnis'],['Nebenerzeugnis'],['Nebenerzeugnis'],['Nebenerzeugnis']
[],[],[],['Vermittler von Abfall'],['Vermittler von Abfall'],[],[],['Vermittler von Abfall'],['Vermittler von Abfall'],[],[],['Vermittler von Abfall'],['Vermittler von Abfall'],['Vermittler von Abfall'],['Vermittler von Abfall'],['Vermittler von Abfall']
['Umweltverschmutzung'],['Umweltverschmutzung'],['Umweltverschmutzung'],['Umweltverschmutzung'],['Umweltverschmutzung'],['Umweltverschmutzung'],['Umweltverschmutzung'],['Umweltverschmutzung'],['Umweltverschmutzung'],['Umweltverschmutzung'],['Umweltverschmutzung'],['Umweltverschmutzung'],['Umweltverschmutzung'],['Umweltverschmutzung'],['Umweltverschmutzung'],['Umweltverschmutzung']
[],[],[],[],[],[],[],[],[],[],[],[],[],[],[],[]
[],[],[],[],[],[],[],[],[],[],[],[],[],[],[],[]
[],[],[],[],[],[],[],[],[],[],[],[],[],[],[],[]
['Nutzung'],['Nutzung'],['Nutzung'],['Nutzung'],['Nutzung'],['Nutzung'],['Nutzung'],['Nutzung'],['Nutzung'],['Nutzung'],['Nutzung'],['Nutzung'],['Nutzung'],['Nutzung'],['Nutzung'],['Nutzung']
['Nutzung'],['Nutzung'],['Nutzung'],['Nutzung'],['Nutzung'],['Nutzung'],['Nutzung'],['Nutzung'],['Nutzung'],['Nutzung'],['Nutzung'],['Nutzung'],['Nutzung'],['Nutzung'],['Nutzung'],['Nutzung']
[],[],[],['Vorbeugung'],[],[],['Vorbeugung'],['Vorbeugung'],['Vorbeugung'],['Vorbeugung'],['Vorbeugung'],[],['Vorbeugung'],[],['Vorbeugung'],['Vorbeugung']
['öffentlich Bibliothek'],['öffentlich Bibliothek'],['öffentlich Bibliothek'],['öffentlich Bibliothek'],['öffentlich Bibliothek'],['öffentlich Bibliothek'],['öffentlich Bibliothek'],['öffentlich Bibliothek'],['öffentlich Bibliothek'],['öffentlich Bibliothek'],['öffentlich Bibliothek'],['öffentlich Bibliothek'],['öffentlich Bibliothek'],['öffentlich Bibliothek'],['öffentlich Bibliothek'],['öffentlich Bibliothek']
[],['archäologisch Fundstätte'],[],[],[],[],[],[],['archäologisch Fundstätte'],[],[],[],[],[],[],['archäologisch Fundstätte']
['Privatarchiv'],[],[],['Privatarchiv'],['Privatarchiv'],[],['Privatarchiv'],['Privatarchiv'],[],['Privatarchiv'],['Privatarchiv'],[],['Privatarchiv'],['Privatarchiv'],['Privatarchiv'],['Privatarchiv']
[],['Zwischenarchiv'],[],['Zwischenarchiv'],['Zwischenarchiv'],[],['Zwischenarchiv'],['Zwischenarchiv'],['Zwischenarchiv'],[],['Zwischenarchiv'],['Zwischenarchiv'],['Zwischenarchiv'],['Zwischenarchiv'],['Zwischenarchiv'],['Zwischenarchiv']
['Schutzausrüstung der Atemweg'],['Schutzausrüstung der Atemweg'],[],['Schutzausrüstung der Atemweg'],[],[],['Schutzausrüstung der Atemweg'],['Schutzausrüstung der Atemweg'],['Schutzausrüstung der Atemweg'],[],['Schutzausrüstung der Atemweg'],['Schutzausrüstung der Atemweg'],['Schutzausrüstung der Atemweg'],[],['Schutzausrüstung der Atemweg'],['Schutzausrüstung der Atemweg']
[],[],[],[],[],[],[],[],[],[],[],[],[],[],[],[]
[],[],[],[],[],[],[],[],[],[],[],[],[],[],[],[]
[],[],[],[],[],[],[],[],[],[],[],[],[],[],[],[]
[],[],[],[],[],[],[],[],[],[],[],[],[],[],[],[]
[],[],[],[],[],[],[],[],[],[],[],[],[],[],[],[]
[],[],[],[],[],[],[],[],[],[],[],[],[],[],[],[]
[],[],[],[],[],[],[],[],[],[],[],[],[],[],[],[]
[],[],[],[],[],[],[],[],[],[],[],[],[],[],[],[]
['IR'],['IR'],"['Infrarotstrahlung', 'IR']","['Infrarotstrahlung', 'IR']",['IR'],['IR'],['IR'],"['Infrarotstrahlung', 'IR']",[],['IR'],"['Infrarotstrahlung', 'IR']","['Infrarotstrahlung', 'IR']",['IR'],['IR'],['IR'],['IR']
[],[],[],[],[],[],[],[],[],[],[],[],[],[],[],[]
[],[],[],[],[],[],[],[],[],[],[],[],[],[],[],[]
['oberer Auslösewert'],['oberer Auslösewert'],['oberer Auslösewert'],['oberer Auslösewert'],['oberer Auslösewert'],[],['oberer Auslösewert'],['oberer Auslösewert'],['oberer Auslösewert'],[],['oberer Auslösewert'],['oberer Auslösewert'],['oberer Auslösewert'],['oberer Auslösewert'],['oberer Auslösewert'],['oberer Auslösewert']
['Restrisiko'],['Restrisiko'],['Restrisiko'],['Restrisiko'],['Restrisiko'],[],['Restrisiko'],['Restrisiko'],['Restrisiko'],['Restrisiko'],['Restrisiko'],['Restrisiko'],['Restrisiko'],['Restrisiko'],['Restrisiko'],['Restrisiko']
[],['Rückhaltesystem'],[],['Rückhaltesystem'],['Rückhaltesystem'],[],['Rückhaltesystem'],['Rückhaltesystem'],[],[],['Rückhaltesystem'],[],[],['Rückhaltesystem'],['Rückhaltesystem'],[]
['Schadstoff'],['Schadstoff'],['Schadstoff'],['Schadstoff'],['schädlich Stoff'],['Schadstoff'],['Schadstoff'],['Schadstoff'],['Schadstoff'],['Schadstoff'],['Schadstoff'],['Schadstoff'],['Schadstoff'],['Schadstoff'],['Schadstoff'],['Schadstoff']
['schadstoff'],['Schadstoff'],['schädlich Stoff'],['Schadstoff'],['schädlich Stoff'],['Schadstoff'],['Schadstoff'],['Schadstoff'],['Schadstoff'],['Schadstoff'],['Schadstoff'],['Schadstoff'],['Schadstoff'],[],['Schadstoff'],['Schadstoff']
['Sicherheitsgurt'],['Sicherheitsgurt'],['Sicherheitsgurt'],['Sicherheitsgurt'],['Sicherheitsgurt'],['Sicherheitsgurt'],['Sicherheitsgurt'],['Sicherheitsgurt'],['Sicherheitsgurt'],['Sicherheitsgurt'],['Sicherheitsgurt'],['Sicherheitsgurt'],['Sicherheitsgurt'],['Sicherheitsgurt'],['Sicherheitsgurt'],['Sicherheitsgurt']
[],[],[],[],[],[],[],[],[],[],[],[],[],[],[],[]
[],[],[],[],[],[],[],[],[],[],[],[],[],[],[],[]
[],[],[],[],[],[],[],[],[],[],[],[],[],[],[],[]
['Turmkran'],[],['Turmkran'],['Turmdrehkran'],[],['Turmkran'],['Turmdrehkran'],['Turmdrehkran'],['Turmkran'],['Turmkran'],[],['Turmkran'],['Turmdrehkran'],['Turmdrehkran'],['Turmdrehkran'],['Turmdrehkran']
[],[],[],[],[],[],[],[],[],[],[],[],[],[],[],[]
[],['unterer Auslösewert'],['unterer Auslösewert'],['unterer Auslösewert'],['unterer Auslösewert'],['unterer Auslösewert'],['unterer Auslösewert'],['unterer Auslösewert'],['unterer Auslösewert'],[],['unterer Auslösewert'],['unterer Auslösewert'],['unterer Auslösewert'],['unterer Auslösewert'],['unterer Auslösewert'],['unterer Auslösewert']
['UVB-strahlung'],[],['UV-B-Strahlung'],[],[],[],[],[],[],[],[],[],[],[],[],[]
['UV-C-Strahlung'],['UV-C-Strahlung'],[],['UV-C-Strahlung'],['UV-C-Strahlung'],[],['UV-C-Strahlung'],['UV-C-Strahlung'],[],[],['UV-C-Strahlung'],['UV-C-Strahlung'],['UV-C-Strahlung'],[],['UV-C-Strahlung'],['UV-C-Strahlung']
[],[],['UV-Strahlung'],[],['UV'],['UV'],['UV'],[],[],[],['UV'],['UV'],[],[],['UV'],[]
['UV'],['UV'],['UV'],['UV'],['UV'],['UV'],['UV'],['UV'],['UV'],[],['UV'],['UV'],['UV'],['UV'],['UV'],['UV']
[],[],[],[],[],[],[],[],[],[],[],[],[],[],[],[]
['Arbeitsstoff'],['Arbeitsstoff'],['Arbeitsstoff'],['Arbeitsstoff'],['Arbeitsstoff'],['Arbeitsstoff'],['Arbeitsstoff'],['Arbeitsstoff'],['Arbeitsstoff'],['Arbeitsstoff'],['Arbeitsstoff'],['Arbeitsstoff'],['Arbeitsstoff'],['Arbeitsstoff'],['Arbeitsstoff'],['Arbeitsstoff']
['Ausbildung'],['Ausbildung'],['Ausbildung'],['Ausbildung'],['Ausbildung'],['Ausbildung'],['Ausbildung'],['Ausbildung'],['Ausbildung'],['Ausbildung'],['Ausbildung'],['Ausbildung'],['Ausbildung'],['Ausbildung'],['Ausbildung'],['Ausbildung']
[],[],[],[],[],[],[],[],[],[],[],[],[],[],[],[]
[],[],[],[],[],[],[],[],[],[],[],[],[],[],[],[]
[],[],[],[],[],[],[],[],[],[],[],[],[],[],[],[]
['Brandrisiko'],['Brandrisiko'],[],['Brandrisiko'],['Brandrisiko'],"['Brandrisiko', 'Brandrisiko']",['Brandrisiko'],['Brandrisiko'],['Brandrisiko'],['Brandrisiko'],['Brandrisiko'],['Brandrisiko'],['Brandrisiko'],['Brandrisiko'],['Brandrisiko'],['Brandrisiko']
[],['Brandschutzbeauftragter'],[],['Brandschutzbeauftragter'],[],['Brandschutzbeauftragter'],['Brandschutzbeauftragter'],['Brandschutzbeauftragter'],['Brandschutzbeauftragter'],[],['Brandschutzbeauftragter'],['Brandschutzbeauftragter'],['Brandschutzbeauftragter'],['Brandschutzbeauftragter'],['Brandschutzbeauftragter'],['Brandschutzbeauftragter']
[],['Erste-Hilfe-Beauftragter'],[],['Erste-Hilfe-Beauftragter'],[],[],['Erste-Hilfe-Beauftragter'],['Erste-Hilfe-Beauftragter'],[],[],[],['Erste-Hilfe-Beauftragter'],['Erste-Hilfe-Beauftragter'],[],['Erste-Hilfe-Beauftragter'],['Erste-Hilfe-Beauftragter']
['Mikroklima'],['Mikroklima'],['Mikroklima'],['Mikroklima'],['Mikroklima'],['Mikroklima'],['Mikroklima'],['Mikroklima'],['Mikroklima'],['Mikroklima'],['Mikroklima'],['Mikroklima'],['Mikroklima'],['Mikroklima'],['Mikroklima'],['Mikroklima']
['Mikroklima'],['Mikroklima'],['Mikroklima'],['Mikroklima'],['Mikroklima'],['Mikroklima'],['Mikroklima'],['Mikroklima'],['Mikroklima'],['Mikroklima'],['Mikroklima'],['Mikroklima'],['Mikroklima'],['Mikroklima'],['Mikroklima'],['Mikroklima']
['PSA'],['PSA'],['PSA'],['PSA'],['PSA'],['PSA'],['PSA'],['PSA'],['PSA'],['PSA'],['PSA'],['PSA'],['PSA'],['PSA'],['PSA'],['PSA']
[],['Risikobeseitigung'],[],['Risikobeseitigung'],['Risikobeseitigung'],[],['Risikobeseitigung'],['Risikobeseitigung'],[],[],['Risikobeseitigung'],[],[],[],['Risikobeseitigung'],['Risikobeseitigung']
[],['Risikowahrnehmung'],['Risikowahrnehmung'],[],['Risikowahrnehmung'],[],[],[],[],[],[],[],[],[],[],[]
[],[],[],[],[],[],[],[],[],[],[],[],[],[],[],[]
['Präventions- und Schutzmaßnahmen'],['Präventions- und Schutzmaßnahmen'],['Präventions- und Schutzmaßnahmen'],['Präventions- und Schutzmaßnahmen'],['Präventions- und Schutzmaßnahmen'],['Präventions- und Schutzmaßnahmen'],['Präventions- und Schutzmaßnahmen'],['Präventions- und Schutzmaßnahmen'],['Präventions- und Schutzmaßnahmen'],[],['Präventions- und Schutzmaßnahmen'],['Präventions- und Schutzmaßnahmen'],['Präventions- und Schutzmaßnahmen'],['Präventions- und Schutzmaßnahmen'],['Präventions- und Schutzmaßnahmen'],['Präventions- und Schutzmaßnahmen']
['Vorbeuge- und Schutzmaßnahmen'],['Präventions- und Schutzmaßnahmen'],['Vorsorge- und Schutzmaßnahmen'],['Vorbeuge- und Schutzmaßnahmen'],['Vorbeuge- und Schutzmaßnahmen'],['Präventions- und Schutzmaßnahmen'],['Vorbeuge- und Schutzmaßnahmen'],['Vorbeuge- und Schutzmaßnahmen'],['Präventions- und Schutzmaßnahmen'],[],['Präventions- und Schutzmaßnahmen'],['Präventions- und Schutzmaßnahmen'],['Vorbeuge- und Schutzmaßnahmen'],[],['Vorbeuge- und Schutzmaßnahmen'],['Vorbeuge- und Schutzmaßnahmen']
[],[],[],[],[],[],[],[],[],[],[],[],[],[],[],['Präventionsmaßnahme']
[],[],[],[],[],[],[],[],[],[],[],[],[],[],[],[]
[],[],[],['Vorsorgeuntersuchung'],['Vorsorgeuntersuchung'],[],['Vorsorgeuntersuchung'],['Vorsorgeuntersuchung'],['Vorsorgeuntersuchung'],[],[],[],['Vorsorgeuntersuchung'],[],['Vorsorgeuntersuchung'],['Vorsorgeuntersuchung']
[],['Flussverkehr'],[],['Flussverkehr'],[],[],['Flussverkehr'],['Flussverkehr'],[],[],['Flussverkehr'],['Flussverkehr'],['Flussverkehr'],[],['Flussverkehr'],['Flussverkehr']
[],['verbale Kommunikation'],['verbale Kommunikation'],['verbale Kommunikation'],['verbale Kommunikation'],['verbale Kommunikation'],['verbale Kommunikation'],['verbale Kommunikation'],['verbale Kommunikation'],[],['verbale Kommunikation'],['verbale Kommunikation'],['verbale Kommunikation'],['verbale Kommunikation'],['verbale Kommunikation'],['verbale Kommunikation']
[],[],[],[],[],[],[],[],[],[],[],[],[],[],[],[]
['Piktogramm'],['Piktogramm'],['Piktogramm'],['Piktogramm'],['Piktogramm'],['Piktogramm'],['Piktogramm'],['Piktogramm'],['Piktogramm'],['Piktogramm'],['Piktogramm'],['Piktogramm'],['Piktogramm'],['Piktogramm'],['Piktogramm'],['Piktogramm']
[],['Oberlicht'],['Oberlicht'],['Oberlicht'],['Oberlicht'],['Oberlicht'],['Oberlicht'],['Oberlicht'],['Oberlicht'],[],['Oberlicht'],[],[],[],[],['Oberlicht']
[],[],['Löschmittel'],['Löschmittel'],['Löschmittel'],[],['Löschmittel'],['Löschmittel'],['Löschmittel'],[],[],['Löschmittel'],['Löschmittel'],['Löschmittel'],['Löschmittel'],['Löschmittel']
[],[],[],[],[],[],[],[],[],[],[],[],[],[],[],[]
[],['Betriebsanweisung'],[],[],[],[],[],[],['Betriebsanweisung'],[],['Betriebsanweisung'],['Betriebsanweisung'],['Betriebsanweisung'],[],[],['Betriebsanweisung']
['Schutz der Atemwege'],['Schutz der Atemwege'],[],['Schutz der Atemwege'],['Schutz der Atemwege'],['Schutz der Atemwege'],['Schutz der Atemwege'],['Schutz der Atemwege'],['Schutz der Atemwege'],['Schutz der Atemwege'],['Schutz der Atemwege'],['Schutz der Atemwege'],['Schutz der Atemwege'],['Schutz der Atemwege'],[],['Schutz der Atemwege']
[],[],['Sammelplatz'],[],[],[],[],[],[],[],[],[],[],[],[],[]
[],[],['Notversorgung'],['Notversorgung'],[],[],['Notversorgung'],['Notversorgung'],['Notversorgung'],[],['Notversorgung'],['Notversorgung'],['Notversorgung'],[],['Notversorgung'],['Notversorgung']
['Signalgeber'],['Signalgeber'],[],['Signalgeber'],['Signalgeber'],[],['Signalgeber'],['Signalgeber'],['Signalgeber'],[],['Signalgeber'],['Signalgeber'],['Signalgeber'],['Signalgeber'],['Signalgeber'],['Signalgeber']
['Signalgeber'],['Signalgeber'],[],['Signalgeber'],['Signalgeber'],['Signalgeber'],['Signalgeber'],['Signalgeber'],['Signalgeber'],[],['Signalgeber'],['Signalgeber'],['Signalgeber'],['Signalgeber'],['Signalgeber'],['Signalgeber']
[],[],[],[],['Lüftung'],[],[],[],[],[],[],[],[],[],[],[]
[],[],[],[],[],[],[],[],[],[],[],[],[],[],[],[]
[],[],[],[],[],[],[],[],[],[],[],[],[],[],[],[]
[],[],[],[],[],[],[],[],[],[],[],[],[],[],[],[]
[],[],[],[],[],[],[],[],[],[],[],[],[],[],[],[]
[],[],[],[],[],[],[],[],[],[],[],[],[],[],[],[]
[],[],[],[],[],[],[],[],[],[],[],[],[],[],[],[]
[],[],['Ersticken'],[],[],[],[],[],[],[],[],[],[],[],[],[]
[],[],['Zündphase'],[],[],[],[],[],[],[],[],[],[],[],[],[]
[],[],[],[],[],[],[],[],[],[],[],[],[],[],[],[]
['tragbar Feuerlöscher'],['tragbar Feuerlöscher'],[],['tragbar Feuerlöscher'],['tragbar Feuerlöscher'],[],['tragbar Feuerlöscher'],['tragbar Feuerlöscher'],['tragbar Feuerlöscher'],[],['tragbar Feuerlöscher'],['tragbar Feuerlöscher'],['tragbar Feuerlöscher'],['tragbar Feuerlöscher'],['tragbar Feuerlöscher'],['tragbar Feuerlöscher']
['Brandmelder'],['Brandmelder'],['Brandmelder'],[],[],"['Brandmelder', 'Brandmelder', 'Brandmelder', 'Brandmelder', 'Brandmelder', 'Brandmelder', 'Brandmelder']",[],[],[],['Brandmelder'],['Brandmelder'],['Brandmelder'],[],"['Brandmelder', 'Brandmelder']",[],['Brandmelder']
['hohes Brandrisiko'],[],['hohes Brandrisiko'],[],[],[],[],[],[],[],[],['erhöht Brandrisiko'],[],[],[],[]
[],[],['geringes Brandrisiko'],['niedrig Brandrisiko'],['niedrig Brandrisiko'],[],[],['niedrig Brandrisiko'],[],[],['niedrig Brandrisiko'],[],['niedrig Brandrisiko'],[],[],[]
[],[],[],[],[],[],[],[],[],[],[],[],[],[],[],[]
[],[],[],[],[],[],[],[],[],[],[],[],[],[],[],[]
[],[],[],['Wasserlöscher'],[],[],[],['Wasserlöscher'],[],[],[],[],[],[],[],['Wasserlöscher']
[],[],[],[],[],[],[],[],[],[],[],[],[],[],[],[]
[],[],[],[],[],[],[],[],[],[],[],[],[],[],[],[]
[],[],[],[],[],[],[],[],[],[],[],[],[],[],[],[]
[],[],[],[],[],[],[],[],[],[],[],[],[],[],[],[]
['Schalldämmung'],"['Schalldämmung', 'Schalldämmung']",['Schalldämmung'],[],"['Schalldämmung', 'Schalldämmung']","['Schalldämmung', 'Schalldämmung']",['Schalldämmung'],[],['Schalldämmung'],['Schalldämmung'],['Schalldämmung'],"['Schalldämmung', 'Schalldämmung']",[],[],[],"['Schalldämmung', 'Schalldämmung', 'Schalldämmung']"
[],[],['Lärmbewertung'],[],[],[],[],[],[],['Lärmbewertung'],[],[],[],['Lärmbewertung'],[],[]
[],[],[],[],[],[],[],[],[],[],[],[],[],[],[],[]
['organisatorisch Maßnahme'],['organisatorisch Maßnahme'],['organisatorisch Maßnahme'],['organisatorisch Maßnahme'],['organisatorisch Maßnahme'],['organisatorisch Maßnahme'],['organisatorisch Maßnahme'],['organisatorisch Maßnahme'],['organisatorisch Maßnahme'],['organisatorisch Maßnahme'],['organisatorisch Maßnahme'],['organisatorisch Maßnahme'],['organisatorisch Maßnahme'],['organisatorisch Maßnahme'],['organisatorisch Maßnahme'],['organisatorisch Maßnahme']
[],[],[],[],[],[],[],[],[],[],[],[],[],[],[],[]
[],[],[],[],[],[],[],[],[],[],[],[],[],[],[],[]
"['Karzinogen', 'Karzinogen']",[],"['Karzinogen', 'Karzinogen']",[],"['Karzinogen', 'Karzinogen']",[],[],[],[],"['Karzinogen', 'Karzinogen']",[],[],[],['Karzinogen'],[],[]
[],[],[],[],[],[],[],[],[],[],[],['Räumungsübung'],[],[],[],[]
['elektrisches Risiko'],['elektrisches Risiko'],['elektrisches Risiko'],[],[],[],[],[],['elektrisches Risiko'],[],[],[],[],['elektrisch Risiko'],[],[]
['Konformitätserklärung'],['Konformitätserklärung'],['Konformitätserklärung'],['Konformitätserklärung'],['Konformitätserklärung'],['Konformitätserklärung'],['Konformitätserklärung'],['Konformitätserklärung'],['Konformitätserklärung'],['Konformitätserklärung'],['Konformitätserklärung'],['Konformitätserklärung'],['Konformitätserklärung'],['Konformitätserklärung'],['Konformitätserklärung'],['Konformitätserklärung']
[],[],['Sicherheitsanforderung'],[],[],['Sicherheitsanforderung'],[],[],[],[],[],[],[],[],[],[]
['Arbeit unter Spannung'],[],['Arbeit unter Spannung'],['Arbeit unter Spannung'],['Arbeit unter Spannung'],[],['Arbeit unter Spannung'],['Arbeit unter Spannung'],['Arbeit unter Spannung'],['Arbeit unter Spannung'],[],['Arbeit unter Spannung'],['Arbeit unter Spannung'],['Arbeit unter Spannung'],['Arbeit unter Spannung'],['Arbeit unter Spannung']
['Arbeit unter Spannung'],[],['Arbeit unter Spannung'],[],[],['Arbeiten unter Spannung'],[],[],[],['Arbeit unter Spannung'],['Arbeit unter Spannung'],[],[],['Arbeiten unter Spannung'],[],[]
['thermische Energie'],['thermische Energie'],[],[],['thermische Energie'],[],[],[],['thermische Energie'],['thermische Energie'],[],['thermische Energie'],[],[],[],[]
[],[],[],[],[],[],[],[],[],[],[],[],[],[],[],[]
[],[],[],[],[],[],[],[],[],[],[],[],[],[],[],[]
[],[],['PES'],[],[],[],[],[],[],['PES'],[],[],[],[],[],[]
[],[],[],[],[],[],[],[],[],[],[],[],[],[],[],[]
[],['Kleinspannung'],[],['Kleinspannung'],['Kleinspannung'],[],['Kleinspannung'],['Kleinspannung'],['Kleinspannung'],[],['Kleinspannung'],['Kleinspannung'],['Kleinspannung'],[],['Kleinspannung'],['Kleinspannung']
[],[],[],[],[],[],[],[],[],[],[],[],[],[],[],[]
['Hand-Arm-Vibrationen'],['Hand-Arm-Vibrationen'],['Hand-Arm-Vibrationen'],['Hand-Arm-Vibrationen'],['Hand-Arm-Vibrationen'],[],['Hand-Arm-Vibrationen'],['Hand-Arm-Vibrationen'],['Hand-Arm-Vibrationen'],[],['Hand-Arm-Vibrationen'],['Hand-Arm-Vibrationen'],['Hand-Arm-Vibrationen'],['Hand-Arm-Vibrationen'],['Hand-Arm-Vibrationen'],['Hand-Arm-Vibrationen']
['HAV'],['HAV'],['HAV'],['HAV'],['HAV'],['HAV'],['HAV'],['HAV'],['HaV'],['HAV'],['HAV'],['HAV'],['HAV'],['HAV'],['HAV'],['HAV']
['WBV'],['WBV'],[],['WBV'],['WBV'],['WBV'],['WBV'],['WBV'],['WBV'],['WBV'],['WBV'],['WBV'],['WBV'],['WBV'],['WBV'],['WBV']
"['Ganzkörper-Vibrationen', 'WBV']",['WBV'],"['Ganzkörper-Vibrationen', 'WBV']",['WBV'],['WBV'],['WBV'],['WBV'],['WBV'],['WBV'],"['Ganzkörper-Vibrationen', 'WBV']",['WBV'],['WBV'],['WBV'],['WBV'],['WBV'],['WBV']
['indirekt Auswirkung'],['indirekt Auswirkung'],['indirekt Auswirkung'],['indirekt Auswirkung'],['indirekt Auswirkung'],['indirekt Auswirkung'],['indirekt Auswirkung'],['indirekt Auswirkung'],['indirekt Auswirkung'],['indirekt Auswirkung'],['indirekt Auswirkung'],['indirekt Auswirkung'],['indirekt Auswirkung'],['indirekt Auswirkung'],['indirekt Auswirkung'],['indirekt Auswirkung']
[],[],[],[],[],['Antivibrationshandschuh'],[],[],[],[],[],[],[],[],[],[]
['A(8)'],['A(8)'],['A(8)'],['A(8)'],['A(8)'],['A(8)'],['A(8)'],['A(8)'],['A(8)'],['A(8)'],['A(8)'],['A(8)'],['A(8)'],['A(8)'],['A(8)'],['A(8)']
[],[],[],[],[],[],[],[],[],[],[],[],[],[],[],[]
[],[],[],[],[],[],[],[],[],[],[],[],[],[],[],[]
['Sicherheitsseil'],['Sicherheitsseil'],['Sicherheitsseil'],['Sicherheitsseil'],['Sicherheitsseil'],['Sicherheitsseil'],['Sicherheitsseil'],['Sicherheitsseil'],['Sicherheitsseil'],['Sicherheitsseil'],['Sicherheitsseil'],['Sicherheitsseil'],['Sicherheitsseil'],['Sicherheitsseil'],['Sicherheitsseil'],['Sicherheitsseil']
[],[],[],[],[],[],[],[],[],[],[],[],[],[],[],[]
[],[],[],[],[],[],[],[],[],[],[],[],[],[],[],[]
[],[],['Gefahrgut'],[],[],[],[],[],[],[],[],[],[],[],[],[]
['thermisch Risiko'],['thermisch Risiko'],['thermisch Risiko'],[],['thermisch Risiko'],[],[],[],['thermisch Risiko'],['thermisch Risiko'],[],['thermisch Risiko'],['thermisch Risiko'],['thermisch Risiko'],[],[]
['Screeningtest'],['Screeningtest'],[],[],['Screeningtest'],['Screeningtest'],['Screeningtest'],[],['Screeningtest'],[],[],[],['Screeningtest'],['Screeningtest'],['Screeningtest'],['Screeningtest']
[],[],['Belüftungssystem'],[],[],['Belüftungssystem'],[],[],[],['Belüftungssystem'],[],[],[],[],[],[]
[],['periodisch Überprüfung'],[],['periodisch Überprüfung'],['periodisch Überprüfung'],['periodisch Überprüfung'],[],['periodisch Überprüfung'],['periodisch Überprüfung'],['periodisch Überprüfung'],['periodisch Überprüfung'],['periodisch Überprüfung'],['periodisch Überprüfung'],['periodisch Überprüfung'],['periodisch Überprüfung'],['periodisch Überprüfung']
[],[],[],[],[],['Schutzsystem'],[],[],[],[],['Schutzsystem'],[],[],[],[],[]
[],[],[],[],[],[],[],[],[],[],[],[],[],[],[],[]
[],[],[],[],[],[],[],[],[],[],[],[],[],[],[],[]
[],[],[],[],[],[],[],[],[],[],[],[],[],[],[],[]
['Risikobewertung'],['Risikobewertung'],['Risikobewertung'],['Risikobewertung'],['Risikobewertung'],['Risikobewertung'],['Risikobewertung'],['Risikobewertung'],['Risikobewertung'],['Risikobewertung'],['Risikobewertung'],['Risikobewertung'],['Risikobewertung'],['Risikobewertung'],['Risikobewertung'],['Risikobewertung']
"['Risikobewertung', 'Risikobewertung']","['Risikobewertung', 'Risikobewertung']","['Risikobewertung', 'Risikobewertung']","['Risikobewertung', 'Risikobewertung']","['Risikobewertung', 'Risikobewertung']","['Risikobewertung', 'Risikobewertung']","['Risikobewertung', 'Risikobewertung']","['Risikobewertung', 'Risikobewertung']","['Risikobewertung', 'Risikobewertung']","['Risikobewertung', 'Risikobewertung']","['Risikobewertung', 'Risikobewertung']","['Risikobewertung', 'Risikobewertung']","['Risikobewertung', 'Risikobewertung']","['Risikobewertung', 'Risikobewertung']","['Risikobewertung', 'Risikobewertung']","['Risikobewertung', 'Risikobewertung']"
['Arbeitsrisiko'],['Arbeitsrisiko'],[],['Arbeitsrisiko'],['Arbeitsrisiko'],['Arbeitsrisiko'],['Arbeitsrisiko'],['Arbeitsrisiko'],['Arbeitsrisiko'],['Arbeitsrisiko'],['Arbeitsrisiko'],['Arbeitsrisiko'],['Arbeitsrisiko'],['Arbeitsrisiko'],['Arbeitsrisiko'],['Arbeitsrisiko']
[],[],[],[],[],[],[],[],[],[],[],[],[],[],[],[]
[],[],[],[],[],[],[],[],[],[],[],[],[],[],[],[]
[],[],[],['Schutzgitter'],['Schutzgitter'],[],['Schutzgitter'],['Schutzgitter'],[],[],['Schutzgitter'],[],['Schutzgitter'],[],['Schutzgitter'],['Schutzgitter']
[],[],['UVA-Strahlung'],[],[],[],[],[],[],[],[],[],[],[],['UV-A-Strahlung'],[]
[],[],[],[],[],[],[],[],[],[],[],[],[],[],[],[]
[],[],[],[],[],[],[],[],[],[],[],[],[],[],[],[]
[],[],[],[],[],[],[],[],[],[],[],[],[],[],[],[]
[],[],[],[],[],[],[],[],[],[],[],[],[],[],[],[]
[],[],['IR-B-Strahlung'],[],[],[],[],[],[],[],[],[],[],[],[],[]
[],[],[],[],[],[],[],[],[],[],[],[],[],[],[],[]
['negativer Stress'],['negativer Stress'],['negativ Stress'],['negativer Stress'],['negativer Stress'],[],[],['negativer Stress'],['negativer Stress'],[],['negativer Stress'],['negativer Stress'],['negativer Stress'],[],['negativer Stress'],[]
[],['Arbeitnehmer mit Behinderung'],['behindert Arbeitnehmer'],['Arbeitnehmer mit Behinderung'],[],['Arbeitnehmer mit Behinderung'],['Arbeitnehmer mit Behinderung'],['Arbeitnehmer mit Behinderung'],['Arbeitnehmer mit Behinderung'],['Arbeitnehmer mit Behinderung'],['Arbeitnehmer mit Behinderung'],['Arbeitnehmer mit Behinderung'],['Arbeitnehmer mit Behinderung'],[],['Arbeitnehmer mit Behinderung'],['Arbeitnehmer mit Behinderung']
[],['Auftritt'],[],['Auftritt'],['Auftritt'],[],['Auftritt'],['Auftritt'],['Auftritt'],[],[],['Auftritt'],['Auftritt'],[],['Auftritt'],['Auftritt']
[],[],[],[],[],[],[],[],[],[],['Auftritt'],[],[],[],[],[]
[],[],[],[],[],[],[],[],[],[],[],[],[],[],[],[]
[],[],[],"['Tritthöhe', 'Tritthöhe']",[],['Stufenhöhe'],"['Tritthöhe', 'Tritthöhe']","['Tritthöhe', 'Tritthöhe']",['Stufenhöhe'],[],[],[],[],[],"['Tritthöhe', 'Tritthöhe']",[]
[],['Risikomanagement'],['Risikomanagement'],['Risikomanagement'],['Risikomanagement'],[],['Risikomanagement'],['Risikomanagement'],['Risikomanagement'],[],['Risikomanagement'],[],['Risikomanagement'],[],['Risikomanagement'],['Risikomanagement']
[],[],['Asbestose'],[],[],['Asbestose'],[],[],[],[],[],[],[],['Asbestose'],[],[]
[],[],[],[],[],[],[],[],[],[],[],[],[],[],[],[]
[],['Elektrosmog'],['Elektrosmog'],[],[],[],[],[],[],['Elektrosmog'],['elektrosmog'],['Elektrosmog'],[],[],[],[]
[],[],[],[],[],[],[],[],[],[],[],[],[],[],[],[]
[],['biologisch Risiko'],['biologisch Risiko'],['biologisch Risiko'],[],['biologisch Risiko'],['biologisch Risiko'],['biologisch Risiko'],['biologisch Risiko'],[],['biologisch Risiko'],['biologisch Risiko'],['biologisch Risiko'],['biologisch Risiko'],['biologisch Risiko'],[]
[],[],[],[],[],[],[],[],[],[],[],[],[],[],[],[]
[],[],[],[],[],[],[],[],[],[],[],[],[],[],[],[]
['biologisch Arbeitsstoff'],['biologisch Arbeitsstoff'],['biologisch Arbeitsstoff'],['biologisch Arbeitsstoff'],['biologisch Arbeitsstoff'],['biologisch Arbeitsstoff'],['biologisch Arbeitsstoff'],['biologisch Arbeitsstoff'],['biologisch Arbeitsstoff'],['biologisch Arbeitsstoff'],['biologisch Arbeitsstoff'],['biologisch Arbeitsstoff'],['biologisch Arbeitsstoff'],['biologisch Arbeitsstoff'],['biologisch Arbeitsstoff'],['biologisch Arbeitsstoff']
['biologisch Arbeitsstoff der Gruppe 4'],['biologisch Arbeitsstoff der Gruppe 4'],['biologisch Arbeitsstoff der Gruppe 4'],['biologisch Arbeitsstoff der Gruppe 4'],['biologisch Arbeitsstoff der Gruppe 4'],['biologisch Arbeitsstoff der Gruppe 4'],['biologisch Arbeitsstoff der Gruppe 4'],['biologisch Arbeitsstoff der Gruppe 4'],['biologisch Arbeitsstoff der Gruppe 4'],['biologisch Arbeitsstoff der Gruppe 4'],['biologisch Arbeitsstoff der Gruppe 4'],['biologisch Arbeitsstoff der Gruppe 4'],['biologisch Arbeitsstoff der Gruppe 4'],['biologisch Arbeitsstoff der Gruppe 4'],['biologisch Arbeitsstoff der Gruppe 4'],['biologisch Arbeitsstoff der Gruppe 4']
[],['Einweghandschuh'],['Einweghandschuh'],['Einweghandschuh'],['Einweghandschuh'],[],['Einweghandschuh'],['Einweghandschuh'],['Einweghandschuh'],['Einweghandschuh'],['Einweghandschuh'],['Einweghandschuh'],['Einweghandschuh'],['Einweghandschuh'],['Einweghandschuh'],['Einweghandschuh']
['Einweghandschuh'],['Einweghandschuh'],['Einweghandschuh'],['Einweghandschuh'],['Einweghandschuh'],['Einweghandschuh'],['Einweghandschuh'],['Einweghandschuh'],['Einweghandschuh'],['Einweghandschuh'],[],['Einweghandschuh'],['Einweghandschuh'],['Einweghandschuh'],['Einweghandschuh'],['Einweghandschuh']
['Einweghandschuh'],['Einweghandschuh'],['Einweghandschuh'],['Einweghandschuh'],['Einweghandschuh'],['Einweghandschuh'],['Einweghandschuh'],['Einweghandschuh'],['Einweghandschuh'],['Einweghandschuh'],[],['Einweghandschuh'],['Einweghandschuh'],['Einweghandschuh'],['Einweghandschuh'],['Einweghandschuh']
[],[],[],[],[],[],[],[],[],[],[],[],[],[],[],[]
['Absturzrisiko'],['Absturzrisiko'],[],['Absturzrisiko'],[],[],['Absturzrisiko'],['Absturzrisiko'],['Absturzrisiko'],['Absturzrisiko'],['Absturzrisiko'],['Absturzrisiko'],['Absturzrisiko'],['Absturzrisiko'],['Absturzrisiko'],['Absturzrisiko']
[],[],[],[],[],[],[],[],[],[],[],[],[],[],[],[]
[],[],[],[],[],[],[],[],[],[],[],[],[],[],[],[]
[],[],[],[],[],[],[],[],[],[],[],[],[],[],[],[]
['Bauleiter'],['Bauleiter'],['Bauleiter'],['Bauleiter'],['Bauleiter'],['Bauleiter'],['Bauleiter'],['Bauleiter'],['Bauleiter'],['Bauleiter'],['Bauleiter'],['Bauleiter'],['Bauleiter'],['Bauleiter'],['Bauleiter'],['Bauleiter']
[],[],[],[],[],[],[],[],[],[],[],[],[],[],[],[]
['Erholungsraum'],[],[],['Erholungsraum'],['Erholungsraum'],[],['Erholungsraum'],['Erholungsraum'],[],[],['Erholungsraum'],['Erholungsraum'],['Erholungsraum'],[],['Erholungsraum'],['Erholungsraum']
['Unfallmeldung'],['Unfallmeldung'],['Unfallmeldung'],[],['Unfallmeldung'],['Unfallmeldung'],[],[],[],['Unfallmeldung'],[],['Unfallmeldung'],[],['Unfallmeldung'],[],[]
[],[],[],[],[],[],[],[],[],[],[],[],[],[],[],[]
[],[],[],[],[],[],[],[],[],[],[],[],[],[],[],[]
[],[],[],[],[],[],[],[],[],[],[],[],[],[],[],[]
[],[],[],['Brandschutzzeichen'],[],[],['Brandschutzzeichen'],['Brandschutzzeichen'],[],[],[],['Brandschutzzeichen'],['Brandschutzzeichen'],[],['Brandschutzzeichen'],['Brandschutzzeichen']
[],[],[],[],[],[],[],[],[],[],[],[],[],[],[],[]
['flüssig Brennstoff'],['flüssig Brennstoff'],['flüssig Brennstoff'],['flüssig Brennstoff'],['flüssig Brennstoff'],['flüssig Brennstoff'],['flüssig Brennstoff'],['flüssig Brennstoff'],['flüssig Brennstoff'],['flüssig Brennstoff'],['flüssig Brennstoff'],['flüssig Brennstoff'],['flüssig Brennstoff'],['flüssig Brennstoff'],['flüssig Brennstoff'],['flüssig Brennstoff']
[],[],[],[],[],[],['Sturz'],[],[],[],[],[],[],[],[],[]
['biologisch Arbeitsstoff der Gruppe 1'],['biologisch Arbeitsstoff der Gruppe 1'],['biologisch Arbeitsstoff der Gruppe 1'],['biologisch Arbeitsstoff der Gruppe 1'],['biologisch Arbeitsstoff der Gruppe 1'],['biologisch Arbeitsstoff der Gruppe 1'],['biologisch Arbeitsstoff der Gruppe 1'],['biologisch Arbeitsstoff der Gruppe 1'],['biologisch Arbeitsstoff der Gruppe 1'],['biologisch Arbeitsstoff der Gruppe 1'],['biologisch Arbeitsstoff der Gruppe 1'],['biologisch Arbeitsstoff der Gruppe 1'],['biologisch Arbeitsstoff der Gruppe 1'],['biologisch Arbeitsstoff der Gruppe 1'],['biologisch Arbeitsstoff der Gruppe 1'],['biologisch Arbeitsstoff der Gruppe 1']
['biologisch Arbeitsstoff der Gruppe 2'],['biologisch Arbeitsstoff der Gruppe 2'],['biologisch Arbeitsstoff der Gruppe 2'],['biologisch Arbeitsstoff der Gruppe 2'],['biologisch Arbeitsstoff der Gruppe 2'],['biologisch Arbeitsstoff der Gruppe 2'],['biologisch Arbeitsstoff der Gruppe 2'],['biologisch Arbeitsstoff der Gruppe 2'],['biologisch Arbeitsstoff der Gruppe 2'],['biologisch Arbeitsstoff der Gruppe 2'],['biologisch Arbeitsstoff der Gruppe 2'],['biologisch Arbeitsstoff der Gruppe 2'],['biologisch Arbeitsstoff der Gruppe 2'],['biologisch Arbeitsstoff der Gruppe 2'],['biologisch Arbeitsstoff der Gruppe 2'],['biologisch Arbeitsstoff der Gruppe 2']
['biologisch Arbeitsstoff der Gruppe 3'],['biologisch Arbeitsstoff der Gruppe 3'],['biologisch Arbeitsstoff der Gruppe 3'],['biologisch Arbeitsstoff der Gruppe 3'],['biologisch Arbeitsstoff der Gruppe 3'],['biologisch Arbeitsstoff der Gruppe 3'],['biologisch Arbeitsstoff der Gruppe 3'],['biologisch Arbeitsstoff der Gruppe 3'],['biologisch Arbeitsstoff der Gruppe 3'],['biologisch Arbeitsstoff der Gruppe 3'],['biologisch Arbeitsstoff der Gruppe 3'],['biologisch Arbeitsstoff der Gruppe 3'],['biologisch Arbeitsstoff der Gruppe 3'],['biologisch Arbeitsstoff der Gruppe 3'],['biologisch Arbeitsstoff der Gruppe 3'],['biologisch Arbeitsstoff der Gruppe 3']
[],[],[],[],[],[],[],[],[],[],[],[],[],[],[],[]
[],[],[],[],[],[],[],[],[],[],[],[],[],[],[],[]
[],['Armschutz'],['Armschutz'],[],[],[],[],[],[],[],[],[],[],[],[],[]
[],[],[],['Kopfschutzausrüstung'],['Kopfschutzausrüstung'],[],['Kopfschutzausrüstung'],['Kopfschutzausrüstung'],['Kopfschutzausrüstung'],[],[],[],['Kopfschutzausrüstung'],['Kopfschutzausrüstung'],[],[]
['nicht elektrisch Arbeit'],[],[],['nicht elektrisch Arbeit'],['nicht elektrisch Arbeit'],['nicht elektrisch Arbeit'],['nicht elektrisch Arbeit'],['nicht elektrisch Arbeit'],[],['nicht elektrisch Arbeit'],['nicht elektrisch Arbeit'],['nicht elektrisch Arbeit'],['nicht elektrisch Arbeit'],['nicht elektrisch Arbeit'],['nicht elektrisch Arbeit'],['nicht elektrisch Arbeit']
['akut Toxizität'],['akut Toxizität'],['akut Toxizität'],[],['akut Toxizität'],[],[],[],[],[],[],[],['akut Toxizität'],[],[],[]
['chronisch Toxizität'],['chronisch Toxizität'],['chronisch Toxizität'],['chronisch Toxizität'],['chronisch Toxizität'],[],['chronisch Toxizität'],['chronisch Toxizität'],['chronisch Toxizität'],[],['chronisch Toxizität'],['chronisch Toxizität'],['chronisch Toxizität'],[],['chronisch Toxizität'],['chronisch Toxizität']
[],[],['Gleichstrom'],[],[],[],[],[],[],[],[],[],[],[],[],[]
[],[],[],[],[],[],[],[],[],[],[],[],[],[],[],[]
[],[],[],[],[],[],[],[],[],[],[],[],[],[],[],[]
[],[],[],[],[],[],[],[],[],[],[],[],[],[],[],[]
['Auswirkungen von Hand-Arm-Vibrationen'],[],['Auswirkungen von Hand-Arm-Vibrationen'],['Auswirkungen von Hand-Arm-Vibrationen'],[],[],['Auswirkungen von Hand-Arm-Vibrationen'],['Auswirkungen von Hand-Arm-Vibrationen'],['Auswirkungen von Hand-Arm-Vibrationen'],[],['Auswirkungen von Hand-Arm-Vibrationen'],['Auswirkungen von Hand-Arm-Vibrationen'],['Auswirkungen von Hand-Arm-Vibrationen'],[],['Auswirkungen von Hand-Arm-Vibrationen'],['Auswirkungen von Hand-Arm-Vibrationen']
['ärztlich Untersuchung'],['ärztlich Untersuchung'],['ärztlich Untersuchung'],['ärztlich Untersuchung'],[],['ärztlich Untersuchung'],['ärztlich Untersuchung'],['ärztlich Untersuchung'],[],['ärztlich Untersuchung'],['ärztlich Untersuchung'],['ärztlich Untersuchung'],['ärztlich Untersuchung'],['ärztlich Untersuchung'],['ärztlich Untersuchung'],['ärztlich Untersuchung']
[],[],[],[],[],[],[],[],[],[],[],[],[],[],[],[]
[],['Begräbnis'],[],['Begräbnis'],['Begräbnis'],['Begräbnis'],['Begräbnis'],['Begräbnis'],['Begräbnis'],[],['Begräbnis'],[],['Begräbnis'],['Begräbnis'],['Begräbnis'],['Begräbnis']
[],['Auftraggeber'],['Bauherr'],['Auftraggeber'],['Auftraggeber'],['Auftraggeber'],['Auftraggeber'],['Auftraggeber'],[],[],['Auftraggeber'],['Auftraggeber'],['Auftraggeber'],['Bauherr'],['Auftraggeber'],['Auftraggeber']
[],['Auftraggeber'],[],['Auftraggeber'],[],['Auftraggeber'],['Auftraggeber'],['Auftraggeber'],['Auftraggeber'],[],['Auftraggeber'],['Auftraggeber'],['Auftraggeber'],['Auftraggeber'],['Auftraggeber'],['Auftraggeber']
[],[],[],[],[],[],[],[],[],[],[],[],[],[],[],[]
[],[],[],[],[],[],[],[],[],[],[],[],[],[],[],[]
[],[],[],[],[],[],[],[],[],[],[],[],[],[],[],[]
['künstlich Licht'],['künstlich Licht'],['künstlich Licht'],['künstlich Licht'],['künstlich Licht'],['künstlich Licht'],['künstlich Licht'],['künstlich Licht'],['künstlich Licht'],['künstlich Licht'],['künstlich Licht'],['künstlich Licht'],['künstlich Licht'],[],['künstlich Licht'],['künstlich Licht']
[],[],[],[],[],[],[],[],[],[],[],[],[],[],[],[]
[],[],[],[],[],[],[],[],[],[],[],[],[],[],[],[]
[],[],[],[],[],[],[],[],[],[],[],[],[],[],[],[]
[],[],[],[],[],[],[],[],[],[],[],[],[],[],[],[]
[],[],[],[],[],[],[],[],[],[],[],[],[],[],[],[]
[],[],['smart working'],[],['Smart Working'],[],[],[],[],[],[],[],[],[],[],[]
['Robe'],['Robe'],[],['Robe'],['Robe'],['Robe'],['Robe'],['Robe'],['Robe'],[],['Robe'],['Robe'],['Robe'],['Robe'],['Robe'],['Robe']
"['Desinfektion', 'Desinfektion']","['Desinfektion', 'Desinfektion']",['Desinfektion'],"['Desinfektion', 'Desinfektion']",['Desinfektion'],['Desinfektion'],"['Desinfektion', 'Desinfektion']","['Desinfektion', 'Desinfektion']",['Desinfektion'],['Desinfektion'],"['Desinfektion', 'Desinfektion']",['Desinfektion'],['Desinfektion'],['Desinfektion'],"['Desinfektion', 'Desinfektion']",['Desinfektion']
['Isolierung'],['Isolierung'],[],[],['Isolierung'],['Isolierung'],[],[],['Isolierung'],['Isolierung'],['Isolierung'],['Isolierung'],['Isolierung'],['Isolierung'],[],['Isolierung']
[],[],['Metadaten'],[],[],[],[],[],[],[],[],[],[],[],[],[]
[],[],[],[],[],[],[],[],[],[],[],[],[],[],[],[]
['Eindämmungsmaßnahme'],['Eindämmungsmaßnahme'],['Eindämmungsmaßnahme'],['Eindämmungsmaßnahme'],['Eindämmungsmaßnahme'],['Eindämmungsmaßnahme'],['Eindämmungsmaßnahme'],['Eindämmungsmaßnahme'],['Eindämmungsmaßnahme'],['Eindämmungsmaßnahme'],['Eindämmungsmaßnahme'],['Eindämmungsmaßnahme'],['Eindämmungsmaßnahme'],['Eindämmungsmaßnahme'],['Eindämmungsmaßnahme'],['Eindämmungsmaßnahme']
[],[],[],[],[],[],[],[],[],[],[],[],[],[],[],[]
[],[],[],[],[],[],[],[],[],[],[],[],[],[],[],[]
['chirurgische Maske'],['chirurgische Maske'],"['chirurgische Maske', 'chirurgische Maske']","['chirurgische Maske', 'chirurgische Maske']",['chirurgische Maske'],['chirurgische Maske'],"['chirurgische Maske', 'chirurgische Maske']","['chirurgische Maske', 'chirurgische Maske']",['chirurgische Maske'],[],"['chirurgische Maske', 'Chirurgische Maske']",['chirurgische Maske'],"['chirurgische Maske', 'Chirurgische Maske']",[],"['chirurgische Maske', 'chirurgische Maske']","['chirurgische Maske', 'chirurgische Maske']"
[],['Fernunterricht'],[],['Fernunterricht'],['Fernunterricht'],[],['Fernunterricht'],['Fernunterricht'],['Fernunterricht'],[],['Fernunterricht'],['Fernunterricht'],['Fernunterricht'],['Fernunterricht'],['Fernunterricht'],['Fernunterricht']
[],[],[],[],[],[],[],[],[],[],[],[],[],[],[],[]
[],[],[],[],[],[],[],[],[],[],[],[],[],[],[],[]
[],[],[],[],[],[],[],[],[],[],[],[],[],[],[],[]
[],[],[],[],[],[],[],[],[],[],[],[],[],[],[],[]
[],[],[],[],[],[],[],[],[],[],[],[],[],[],[],[]
[],[],"['Umfrage', 'Umfrage', 'Umfrage', 'Umfrage']",[],[],[],[],[],[],[],[],[],[],[],[],[]
[],"['elektronisch Rezept', 'elektronisch Rezept']","['elektronisch Rezept', 'elektronisch Rezept']",[],[],['elektronisch Rezept'],[],[],['elektronisch Rezept'],"['elektronisch Rezept', 'elektronisch Rezept']",[],[],[],['elektronisch Rezept'],[],[]
['Fax'],['Fax'],[],['Fax'],['Fax'],['Fax'],['Fax'],['Fax'],['Fax'],['Fax'],['Fax'],['Fax'],['Fax'],['Fax'],['Fax'],['Fax']
[],[],['Arbeitsunfähigkeitsrente'],[],[],[],[],[],[],[],[],[],[],[],[],[]
[],[],[],['Arbeitsunfähigkeitsrente'],[],[],['Arbeitsunfähigkeitsrente'],['Arbeitsunfähigkeitsrente'],[],[],[],[],[],[],['Arbeitsunfähigkeitsrente'],['Arbeitsunfähigkeitsrente']
[],[],[],[],[],[],[],[],[],[],[],[],[],[],[],[]
[],[],[],[],[],[],[],[],[],[],[],[],[],[],[],[]
['Rt'],['Rt'],['Rt'],['Rt'],['Rt'],['Rt'],['Rt'],['Rt'],"['Rt', 'Rt']",['Rt'],['Rt'],['Rt'],['Rt'],['Rt'],['Rt'],['Rt']
[],[],[],[],[],[],[],[],[],[],[],[],[],[],[],[]
['Stufe'],['Stufe'],['Stufe'],['Stufe'],['Stufe'],['Stufe'],['Stufe'],['Stufe'],['Stufe'],['Stufe'],['Stufe'],['Stufe'],['Stufe'],['Stufe'],['Stufe'],['Stufe']
[],[],[],[],[],[],[],[],[],[],[],[],[],[],[],[]
['Krankenpfleger'],['Krankenpfleger'],[],['Krankenpfleger'],['Krankenpfleger'],['Krankenpfleger'],['Krankenpfleger'],['Krankenpfleger'],['Krankenpfleger'],['Krankenpfleger'],['Krankenpfleger'],['Krankenpfleger'],['Krankenpfleger'],['Krankenpfleger'],['Krankenpfleger'],['Krankenpfleger']
['Prüfungskommission'],['Prüfungskommission'],[],['Prüfungskommission'],['Prüfungskommission'],['Prüfungskommission'],['Prüfungskommission'],['Prüfungskommission'],['Prüfungskommission'],['Prüfungskommission'],['Prüfungskommission'],['Prüfungskommission'],['Prüfungskommission'],['Prüfungskommission'],['Prüfungskommission'],['Prüfungskommission']
[],['Kassationsbeschwerde'],[],['Kassationsbeschwerde'],['Kassationsbeschwerde'],['Kassationsbeschwerde'],['Kassationsbeschwerde'],['Kassationsbeschwerde'],['Kassationsbeschwerde'],['Kassationsbeschwerde'],['Kassationsbeschwerde'],['Kassationsbeschwerde'],['Kassationsbeschwerde'],['Kassationsbeschwerde'],['Kassationsbeschwerde'],['Kassationsbeschwerde']
[],[],[],[],[],[],[],[],[],[],[],[],[],[],[],[]
[],[],[],[],[],[],[],[],[],[],[],[],[],[],[],[]
[],[],[],[],[],[],[],[],[],[],[],[],[],[],[],[]
[],[],[],[],[],[],[],[],[],[],[],[],[],[],[],[]
[],[],[],[],[],[],[],[],[],[],[],[],[],[],[],[]
[],[],['Nebenwirkung'],[],[],[],[],[],[],[],[],[],[],[],[],[]
['spontan Meldung'],[],[],[],[],['spontan Meldung'],[],[],['spontan Meldung'],[],['spontan Meldung'],[],['spontan Meldung'],[],[],[]
[],[],['Morbidität'],[],[],[],[],[],[],[],[],[],[],[],[],[]
[],[],[],[],[],[],[],[],[],[],[],[],[],[],[],[]
[],[],[],[],[],[],[],[],[],[],[],[],[],[],[],[]
[],[],[],[],[],[],[],[],[],[],[],[],[],[],[],[]
[],[],[],[],[],[],[],[],[],[],[],[],[],[],[],[]
[],[],[],[],[],[],[],[],[],[],[],[],[],[],[],[]
['Malware'],[],['Malware'],['Malware'],[],['Malware'],[],[],['Malware'],['Malware'],[],[],[],['Malware'],[],[]
['Malware'],[],['Malware'],['Malware'],[],[],[],['Malware'],[],[],[],[],[],[],[],[]
['Ransomware'],[],['Ransomware'],['Ransomware'],[],[],['Ransomware'],['Ransomware'],[],['Ransomware'],[],[],[],['Ransomware'],['Ransomware'],[]
['Ransomware'],[],['Ransomware'],[],[],[],[],[],[],['Ransomware'],['Ransomware'],['Ransomware'],[],['Ransomware'],['Ransomware'],[]
[],[],[],[],[],[],[],[],[],[],[],[],[],[],[],[]
['PNRR'],[],['PNRR'],[],['PNRR'],[],[],[],['PNRR'],[],[],[],[],[],[],[]
[],"['einheitlich und universell Kindergeld', 'einheitlich und universell Kindergeld']",[],['einheitliches Kindergeld'],['einheitliches Kindergeld'],['einheitliches Kindergeld'],['einheitliches Kindergeld'],['einheitliches Kindergeld'],['einheitliches Kindergeld'],[],['einheitliches Kindergeld'],['einheitliches Kindergeld'],['einheitliches Kindergeld'],[],['einheitliches Kindergeld'],[]
[],[],[],[],[],[],[],[],[],[],[],[],[],[],[],[]
[],['Cloud-Dienst'],['Cloud-Dienst'],['Cloud-Dienst'],[],['Cloud-Dienst'],['Cloud-Dienst'],['Cloud-Dienst'],['Cloud-Dienst'],[],['Cloud-Dienst'],['Cloud-Dienst'],['Cloud-Dienst'],['Cloud-Dienst'],['Cloud-Dienst'],['Cloud-Dienst']
[],[],['Suchmaschine'],[],[],[],[],[],[],[],[],[],[],[],[],[]
[],[],[],[],[],[],[],[],[],[],[],[],[],[],[],[]
['Einlassung der Parteien'],['Einlassung der Parteien'],[],['Einlassung der Parteien'],['Einlassung der Parteien'],['Einlassung der Parteien'],['Einlassung der Parteien'],['Einlassung der Parteien'],['Einlassung der Parteien'],['Einlassung der Parteien'],['Einlassung der Parteien'],['Einlassung der Parteien'],['Einlassung der Parteien'],['Einlassung der Parteien'],['Einlassung der Parteien'],['Einlassung der Parteien']
[],['Besitzschutzklage'],[],['Besitzschutzklage'],[],[],['Besitzschutzklage'],['Besitzschutzklage'],[],[],['Besitzschutzklage'],['Besitzschutzklage'],['Besitzschutzklage'],[],['Besitzschutzklage'],['Besitzschutzklage']
[],['Streitgenossenschaft'],[],['Streitgenossenschaft'],['Streitgenossenschaft'],['Streitgenossenschaft'],['Streitgenossenschaft'],['Streitgenossenschaft'],['Streitgenossenschaft'],[],['Streitgenossenschaft'],['Streitgenossenschaft'],['Streitgenossenschaft'],['Streitgenossenschaft'],['Streitgenossenschaft'],['Streitgenossenschaft']
['Aufhebung'],['Aufhebung'],['Aufhebung'],['Aufhebung'],['Aufhebung'],['Aufhebung'],['Aufhebung'],['Aufhebung'],['Aufhebung'],['Aufhebung'],['Aufhebung'],['Aufhebung'],['Aufhebung'],['Aufhebung'],['Aufhebung'],['Aufhebung']
['Aufhebung'],['Aufhebung'],['Aufhebung'],['Aufhebung'],['Aufhebung'],['Aufhebung'],['Aufhebung'],['Aufhebung'],['Aufhebung'],['Aufhebung'],['Aufhebung'],['Aufhebung'],['Aufhebung'],['Aufhebung'],['Aufhebung'],['Aufhebung']
['Beitritt'],['Beitritt'],[],['Beitritt'],['Beitritt'],[],['Beitritt'],['Beitritt'],['Beitritt'],[],['Beitritt'],['Beitritt'],['Beitritt'],['Beitritt'],['Beitritt'],['Beitritt']
['Einlassung in das Verfahren'],['Einlassung in das Verfahren'],[],['Streiteinlassung'],[],[],['Streiteinlassung'],['Streiteinlassung'],['Einlassung in das Verfahren'],['Einlassung in das Verfahren'],['Einlassung in das Verfahren'],['Einlassung in das Verfahren'],['Streiteinlassung'],[],['Streiteinlassung'],['Streiteinlassung']
['dingliches Recht'],['dingliches Recht'],['dingliches Recht'],['dingliches Recht'],['dingliches Recht'],['dingliches Recht'],['dingliches Recht'],['dingliches Recht'],['dingliches Recht'],[],['dingliches Recht'],['dingliches Recht'],['dingliches Recht'],['dingliches Recht'],['dingliches Recht'],['dingliches Recht']
['Durchführungsverordnung'],['Durchführungsverordnung'],[],['Durchführungsverordnung'],['Durchführungsverordnung'],['Durchführungsverordnung'],['Durchführungsverordnung'],['Durchführungsverordnung'],[],['Durchführungsverordnung'],['Durchführungsverordnung'],['Durchführungsverordnung'],['Durchführungsverordnung'],['Durchführungsverordnung'],['Durchführungsverordnung'],['Durchführungsverordnung']
['Disziplinarstrafe'],['Disziplinarstrafe'],['Disziplinarmaßnahme'],['Disziplinarstrafe'],['Disziplinarstrafe'],['Disziplinarstrafe'],['Disziplinarstrafe'],['Disziplinarstrafe'],['Disziplinarmaßnahme'],['Disziplinarmaßnahme'],['Disziplinarstrafe'],['Disziplinarstrafe'],['Disziplinarstrafe'],['Disziplinarstrafe'],['Disziplinarstrafe'],['Disziplinarstrafe']
['Ministerrat'],['Ministerrat'],['Ministerrat'],['Ministerrat'],['Ministerrat'],['Ministerrat'],['Ministerrat'],['Ministerrat'],['Ministerrat'],['Ministerrat'],['Ministerrat'],['Ministerrat'],['Ministerrat'],['Ministerrat'],['Ministerrat'],['Ministerrat']
['Bürgschaft'],['Bürgschaft'],[],[],[],[],['Bürgschaft'],[],[],['Bürgschaft'],[],[],[],['Bürgschaft'],[],[]
[],[],[],['Bevollmächtigter'],['Bevollmächtigter'],[],['Bevollmächtigter'],['Bevollmächtigter'],[],[],['Bevollmächtigter'],['Bevollmächtigter'],['Bevollmächtigter'],[],['Bevollmächtigter'],['Bevollmächtigter']
['Gesellschaft mit beschränkt Haftung'],['Gesellschaft mit beschränkter Haftung'],['Gesellschaft mit beschränkter Haftung'],['Gesellschaft mit beschränkter Haftung'],['Gesellschaft mit beschränkter Haftung'],['Gesellschaft mit beschränkter Haftung'],['Gesellschaft mit beschränkter Haftung'],['Gesellschaft mit beschränkter Haftung'],['Gesellschaft mit beschränkter Haftung'],['Gesellschaft mit beschränkter Haftung'],['Gesellschaft mit beschränkter Haftung'],['Gesellschaft mit beschränkter Haftung'],['Gesellschaft mit beschränkter Haftung'],['Gesellschaft mit beschränkt Haftung'],['Gesellschaft mit beschränkter Haftung'],['Gesellschaft mit beschränkter Haftung']
['Vormund'],['Vormund'],"['Vormund', 'Vormund']",['Vormund'],['Vormund'],['Vormund'],['Vormund'],['Vormund'],['Vormund'],['Vormund'],['Vormund'],['Vormund'],['Vormund'],[],['Vormund'],['Vormund']
"['Forderung', 'Forderung']","['Forderung', 'Forderung']","['Forderung', 'Forderung']","['Forderung', 'Forderung']","['Forderung', 'Forderung']","['Forderung', 'Forderung']","['Forderung', 'Forderung']","['Forderung', 'Forderung']","['Forderung', 'Forderung']","['Forderung', 'Forderung']","['Forderung', 'Forderung']","['Forderung', 'Forderung']","['Forderung', 'Forderung']","['Forderung', 'Forderung']","['Forderung', 'Forderung']","['Forderung', 'Forderung']"
['Zivilgesetzbuch'],['Zivilgesetzbuch'],['Zivilgesetzbuch'],['Zivilgesetzbuch'],['Zivilgesetzbuch'],['Zivilgesetzbuch'],['Zivilgesetzbuch'],['Zivilgesetzbuch'],['Zivilgesetzbuch'],['Zivilgesetzbuch'],['Zivilgesetzbuch'],['Zivilgesetzbuch'],['Zivilgesetzbuch'],['Zivilgesetzbuch'],['Zivilgesetzbuch'],['Zivilgesetzbuch']
['Schiedsvertrag'],['Schiedsvertrag'],[],['Schiedsvertrag'],['Schiedsvertrag'],[],['Schiedsvertrag'],['Schiedsvertrag'],['Schiedsvertrag'],[],['Schiedsvertrag'],['Schiedsvertrag'],['Schiedsvertrag'],['Schiedsvertrag'],['Schiedsvertrag'],['Schiedsvertrag']
['elterlich Gewalt'],['elterlich Gewalt'],[],['elterlich Gewalt'],['elterlich Gewalt'],['elterlich Gewalt'],['elterlich Gewalt'],['elterlich Gewalt'],['elterlich Gewalt'],[],"['elterlich Gewalt', 'elterlich Gewalt']",['elterlich Gewalt'],[],['elterlich Gewalt'],['elterlich Gewalt'],['elterlich Gewalt']
['Abstammung'],['Abstammung'],[],['Abstammung'],['Abstammung'],['Abstammung'],['Abstammung'],['Abstammung'],['Abstammung'],['Abstammung'],['Abstammung'],['Abstammung'],['Abstammung'],['Abstammung'],['Abstammung'],['Abstammung']
['unerlaubt Handlung'],['unerlaubt Handlung'],[],['unerlaubt Handlung'],['unerlaubt Handlung'],['unerlaubt Handlung'],['unerlaubt Handlung'],['unerlaubt Handlung'],['unerlaubt Handlung'],[],['unerlaubt Handlung'],['unerlaubt Handlung'],['unerlaubt Handlung'],['unerlaubt Handlung'],['unerlaubt Handlung'],['unerlaubt Handlung']
[],[],[],[],[],[],[],[],[],[],[],[],[],[],[],[]
['Verteidiger'],['Verteidiger'],['Verteidiger'],['Verteidiger'],['Verteidiger'],['Verteidiger'],['Verteidiger'],['Verteidiger'],['Verteidiger'],['Verteidiger'],['Verteidiger'],['Verteidiger'],['Verteidiger'],['Verteidiger'],['Verteidiger'],['Verteidiger']
['Vollstreckung'],['Vollstreckung'],[],['Vollstreckung'],['Vollstreckung'],[],['Vollstreckung'],['Vollstreckung'],['Vollstreckung'],[],['Vollstreckung'],[],['Vollstreckung'],['Vollstreckung'],['Vollstreckung'],['Vollstreckung']
['Erbschaft'],['Erbschaft'],[],['Erbschaft'],['Erbschaft'],['Erbschaft'],['Erbschaft'],['Erbschaft'],['Erbschaft'],['Erbschaft'],['Erbschaft'],['Erbschaft'],['Erbschaft'],['Erbschaft'],['Erbschaft'],['Erbschaft']
['Pflichtteilsberechtigter'],['Pflichtteilsberechtigter'],[],['Pflichtteilsberechtigter'],['Pflichtteilsberechtigter'],['Pflichtteilsberechtigter'],['Pflichtteilsberechtigter'],['Pflichtteilsberechtigter'],['Pflichtteilsberechtigter'],[],['Pflichtteilsberechtigter'],['Pflichtteilsberechtigter'],['Pflichtteilsberechtigter'],['Pflichtteilsberechtigter'],['Pflichtteilsberechtigter'],['Pflichtteilsberechtigter']
['Erbteilung'],['Erbteilung'],[],['Erbteilung'],['Erbteilung'],['Erbteilung'],['Erbteilung'],['Erbteilung'],['Erbteilung'],['Erbteilung'],['Erbteilung'],['Erbteilung'],['Erbteilung'],['Erbteilung'],['Erbteilung'],['Erbteilung']
[],[],[],[],[],[],[],[],[],[],[],[],[],[],[],[]
[],[],[],[],[],[],[],[],[],[],[],[],[],[],[],[]
[],[],[],['Dekret auf Einleitung des Hauptverfahrens'],[],[],['Dekret auf Einleitung des Hauptverfahrens'],['Dekret auf Einleitung des Hauptverfahrens'],[],[],['Dekret auf Einleitung des Hauptverfahrens'],['Dekret auf Einleitung des Hauptverfahrens'],['Dekret auf Einleitung des Hauptverfahrens'],[],['Dekret auf Einleitung des Hauptverfahrens'],['Dekret auf Einleitung des Hauptverfahrens']
['Vermächtnis'],['Vermächtnis'],[],['Vermächtnis'],['Vermächtnis'],['Vermächtnis'],['Vermächtnis'],['Vermächtnis'],['Vermächtnis'],['Vermächtnis'],['Vermächtnis'],['Vermächtnis'],['Vermächtnis'],['Vermächtnis'],['Vermächtnis'],['Vermächtnis']
['Satzung'],['Satzung'],['Satzung'],['Satzung'],['Satzung'],['Satzung'],['Satzung'],['Satzung'],['Satzung'],['Satzung'],['Satzung'],['Satzung'],['Satzung'],['Satzung'],['Satzung'],['Satzung']
['beweglich Sache'],['beweglich Sache'],[],['beweglich Sache'],['beweglich Sache'],['beweglich Sache'],['beweglich Sache'],['beweglich Sache'],[],['beweglich Sache'],['beweglich Sache'],['beweglich Sache'],['beweglich Sache'],[],['beweglich Sache'],['beweglich Sache']
['natürlich Früchte'],['natürlich Früchte'],['natürlich Früchte'],['natürlich Früchte'],['natürlich Früchte'],['natürlich Früchte'],['natürlich Früchte'],['natürlich Früchte'],['natürlich Früchte'],['natürlich Früchte'],['natürlich Früchte'],['natürlich Früchte'],['natürlich Früchte'],['natürlich Früchte'],['natürlich Früchte'],['natürlich Früchte']
['Zivilfrüchte'],[],[],['Zivilfrüchte'],[],['Zivilfrüchte'],['Zivilfrüchte'],['Zivilfrüchte'],['Zivilfrüchte'],['Zivilfrüchte'],['Zivilfrüchte'],['Zivilfrüchte'],['Zivilfrüchte'],[],['Zivilfrüchte'],['Zivilfrüchte']
['Erwerb'],['Erwerb'],['ERWERB'],['Erwerb'],['Erwerb'],['Erwerb'],['Erwerb'],['Erwerb'],['Erwerb'],['Erwerb'],['Erwerb'],['Erwerb'],['Erwerb'],['Erwerb'],['Erwerb'],['Erwerb']
['Grundeigentum'],['Grundeigentum'],[],['Grundeigentum'],['Grundeigentum'],[],['Grundeigentum'],['Grundeigentum'],['Grundeigentum'],[],['Grundeigentum'],['Grundeigentum'],['Grundeigentum'],['Grundeigentum'],['Grundeigentum'],['Grundeigentum']
['Untergrund'],['Untergrund'],['Untergrund'],['Untergrund'],['Untergrund'],['Untergrund'],['Untergrund'],['Untergrund'],['Untergrund'],['Untergrund'],['Untergrund'],['Untergrund'],['Untergrund'],['Untergrund'],['Untergrund'],['Untergrund']
['Grunddienstbarkeit'],['Grunddienstbarkeit'],[],['Grunddienstbarkeit'],['Grunddienstbarkeit'],['Grunddienstbarkeit'],['Grunddienstbarkeit'],['Grunddienstbarkeit'],['Grunddienstbarkeit'],['Grunddienstbarkeit'],['Grunddienstbarkeit'],['Grunddienstbarkeit'],['Grunddienstbarkeit'],['Grunddienstbarkeit'],['Grunddienstbarkeit'],['Grunddienstbarkeit']
['Dienstbarkeit'],['Dienstbarkeit'],[],['Dienstbarkeit'],['Dienstbarkeit'],['Dienstbarkeit'],['Dienstbarkeit'],['Dienstbarkeit'],['Dienstbarkeit'],['Dienstbarkeit'],['Dienstbarkeit'],['Dienstbarkeit'],['Dienstbarkeit'],['Dienstbarkeit'],['Dienstbarkeit'],['Dienstbarkeit']
"['Inhaber', 'Inhaber']","['Inhaber', 'Inhaber']",[],"['Inhaber', 'Inhaber']","['Inhaber', 'Inhaber']","['Inhaber', 'Inhaber']","['Inhaber', 'Inhaber']","['Inhaber', 'Inhaber']","['Inhaber', 'Inhaber']","['Inhaber', 'Inhaber']","['Inhaber', 'Inhaber']","['Inhaber', 'Inhaber']","['Inhaber', 'Inhaber']","['Inhaber', 'Inhaber']","['Inhaber', 'Inhaber']","['Inhaber', 'Inhaber']"
[],['Verbindung'],[],[],[],[],[],[],[],[],[],[],[],[],[],[]
['herrschend Grundstück'],['herrschend Grundstück'],[],['herrschend Grundstück'],['herrschend Grundstück'],['herrschend Grundstück'],['herrschend Grundstück'],['herrschend Grundstück'],['herrschend Grundstück'],['herrschend Grundstück'],['herrschend Grundstück'],['herrschend Grundstück'],['herrschend Grundstück'],['herrschend Grundstück'],['herrschend Grundstück'],['herrschend Grundstück']
['dienend Grundstück'],['dienend Grundstück'],[],['dienend Grundstück'],['dienend Grundstück'],['dienend Grundstück'],['dienend Grundstück'],['dienend Grundstück'],['dienend Grundstück'],['dienend Grundstück'],['dienend Grundstück'],['dienend Grundstück'],['dienend Grundstück'],['dienend Grundstück'],['dienend Grundstück'],['dienend Grundstück']
[],['Gesamtschuldverhältnis'],[],['Gesamtschuldverhältnis'],['Gesamtschuldverhältnis'],[],['Gesamtschuldverhältnis'],['Gesamtschuldverhältnis'],['Gesamtschuldverhältnis'],[],['Gesamtschuldverhältnis'],[],['Gesamtschuldverhältnis'],[],['Gesamtschuldverhältnis'],['Gesamtschuldverhältnis']
['Gesamtschuld'],['Gesamtverbindlichkeit'],[],['Gesamtverbindlichkeit'],['Gesamtschuld'],['Gesamtschuld'],['Gesamtverbindlichkeit'],['Gesamtverbindlichkeit'],['Gesamtverbindlichkeit'],['Gesamtschuld'],['Gesamtschuld'],['Gesamtschuld'],['Gesamtschuld'],['Gesamtschuld'],['Gesamtverbindlichkeit'],['Gesamtschuld']
['Neuerung'],['Neuerung'],[],['Neuerung'],[],[],['Neuerung'],['Neuerung'],['Neuerung'],[],['Neuerung'],['Neuerung'],['Neuerung'],[],['Neuerung'],['Neuerung']
[],['Versammlung der Miteigentümer'],[],['Versammlung der Miteigentümer'],['Versammlung der Miteigentümer'],[],['Versammlung der Miteigentümer'],['Versammlung der Miteigentümer'],['Versammlung der Miteigentümer'],[],['Versammlung der Miteigentümer'],['Versammlung der Miteigentümer'],['Versammlung der Miteigentümer'],['Versammlung der Miteigentümer'],['Versammlung der Miteigentümer'],['Versammlung der Miteigentümer']
['Standesbeamter'],['Standesbeamter'],[],['Standesbeamter'],['Standesbeamter'],['Standesbeamter'],['Standesbeamter'],['Standesbeamter'],['Standesbeamter'],['Standesbeamter'],['Standesbeamter'],['Standesbeamter'],['Standesbeamter'],['Standesbeamter'],['Standesbeamter'],['Standesbeamter']
['Versöhnung'],['Versöhnung'],[],['Versöhnung'],['Versöhnung'],[],['Versöhnung'],['Versöhnung'],[],[],['Versöhnung'],['Versöhnung'],['Versöhnung'],['Versöhnung'],['Versöhnung'],['Versöhnung']
[],['einverständliche Ehetrennung'],[],[],[],[],[],[],[],[],[],[],[],[],[],[]
['Besitz in gut Glaube'],['Besitz in gut Glaube'],[],['Besitz in gut Glaube'],['Besitz in gut Glaube'],[],['Besitz in gut Glaube'],['Besitz in gut Glaube'],['Besitz in gut Glaube'],[],['Besitz in gut Glaube'],['Besitz in gut Glaube'],['Besitz in gut Glaube'],[],['Besitz in gut Glaube'],['Besitz in gut Glaube']
[],[],[],[],[],[],['Klage auf Erhaltung des Besitzes'],[],[],[],[],[],[],[],['Klage auf Erhaltung des Besitzes'],[]
['ungeteiltes Eigentum'],['ungeteilt Eigentum'],[],['ungeteilt Eigentum'],['ungeteilt Eigentum'],['ungeteiltes Eigentum'],['ungeteilt Eigentum'],['ungeteilt Eigentum'],['ungeteilt Eigentum'],[],['ungeteilt Eigentum'],['ungeteilt Eigentum'],['ungeteilt Eigentum'],['ungeteiltes Eigentum'],['ungeteilt Eigentum'],['ungeteilt Eigentum']
[],['Anspruch auf Unterhalt'],['Anspruch auf Unterhalt'],['Recht auf Unterhalt'],['Anspruch auf Unterhalt'],['Anspruch auf Unterhalt'],['Recht auf Unterhalt'],['Recht auf Unterhalt'],['Anspruch auf Unterhalt'],['Anspruch auf Unterhalt'],['Anspruch auf Unterhalt'],['Anspruch auf Unterhalt'],['Recht auf Unterhalt'],['Anspruch auf Unterhalt'],['Recht auf Unterhalt'],['Anspruch auf Unterhalt']
['Quittung'],['Quittung'],[],['Quittung'],['Quittung'],['Quittung'],['Quittung'],['Quittung'],['Quittung'],['Quittung'],['Quittung'],['Quittung'],['Quittung'],['Quittung'],['Quittung'],['Quittung']
[],[],[],['Kindesunterschiebung'],[],[],['Kindesunterschiebung'],['Kindesunterschiebung'],[],[],[],[],['Kindesunterschiebung'],[],['Kindesunterschiebung'],['Kindesunterschiebung']
['Vaterschaftsbestreitungsklage'],['Vaterschaftsbestreitungsklage'],[],['Vaterschaftsbestreitungsklage'],['Vaterschaftsbestreitungsklage'],[],['Vaterschaftsbestreitungsklage'],['Vaterschaftsbestreitungsklage'],['Vaterschaftsbestreitungsklage'],[],['Vaterschaftsbestreitungsklage'],['Vaterschaftsbestreitungsklage'],['Vaterschaftsbestreitungsklage'],['Vaterschaftsbestreitungsklage'],['Vaterschaftsbestreitungsklage'],['Vaterschaftsbestreitungsklage']
['Vorfahre'],['Vorfahre'],[],['Vorfahre'],['Vorfahre'],['Vorfahre'],['Vorfahre'],['Vorfahre'],['Vorfahre'],['Vorfahre'],['Vorfahre'],['Vorfahre'],['Vorfahre'],['Vorfahre'],['Vorfahre'],['Vorfahre']
['Nachkomme'],['Nachkomme'],['Nachkomme'],['Nachkomme'],['Nachkomme'],['Nachkomme'],['Nachkomme'],['Nachkomme'],['Nachkomme'],['Nachkomme'],['Nachkomme'],['Nachkomme'],"['Nachkomme', 'Nachkomme']",['Nachkomme'],['Nachkomme'],['Nachkomme']
[],[],[],[],[],[],[],[],[],[],[],[],[],[],[],[]
[],[],[],['Entlassung aus der elterlichen Verantwortung'],[],[],[],['Entlassung aus der elterlichen Verantwortung'],[],[],[],['Entlassung aus der elterlichen Verantwortung'],[],[],['Entlassung aus der elterlichen Verantwortung'],[]
['Vormundstellvertreter'],['Vormundstellvertreter'],[],['Vormundstellvertreter'],['Vormundstellvertreter'],[],['Vormundstellvertreter'],['Vormundstellvertreter'],['Vormundstellvertreter'],['Vormundstellvertreter'],['Vormundstellvertreter'],['Vormundstellvertreter'],['Vormundstellvertreter'],"['Vormundstellvertreter', 'Vormundstellvertreter']",['Vormundstellvertreter'],['Vormundstellvertreter']
['Darlehensgeber'],['Darlehensgeber'],[],['Darlehensgeber'],['Darlehensgeber'],['Darlehensgeber'],['Darlehensgeber'],['Darlehensgeber'],['Darlehensgeber'],[],['Darlehensgeber'],['Darlehensgeber'],['Darlehensgeber'],['Darlehensgeber'],['Darlehensgeber'],['Darlehensgeber']
['Darlehensnehmer'],['Darlehensnehmer'],[],['Darlehensnehmer'],['Darlehensnehmer'],['Darlehensnehmer'],['Darlehensnehmer'],['Darlehensnehmer'],['Darlehensnehmer'],"['Darlehensnehmer', 'Darlehensnehmer']",['Darlehensnehmer'],['Darlehensnehmer'],['Darlehensnehmer'],['Darlehensnehmer'],['Darlehensnehmer'],['Darlehensnehmer']
['Realangebot'],['Realangebot'],[],['Realangebot'],['Realangebot'],[],['Realangebot'],['Realangebot'],['Realangebot'],[],['Realangebot'],['Realangebot'],['Realangebot'],['Realangebot'],['Realangebot'],['Realangebot']
['Aufforderung'],['Aufforderung'],[],['Aufforderung'],['Aufforderung'],['Aufforderung'],['Aufforderung'],['Aufforderung'],['Aufforderung'],['Aufforderung'],['Aufforderung'],['Aufforderung'],['Aufforderung'],['Aufforderung'],['Aufforderung'],['Aufforderung']
['Neuerung'],['Neuerung'],[],['Neuerung'],['Neuerung'],['Neuerung'],['Neuerung'],['Neuerung'],['Neuerung'],['Neuerung'],['Neuerung'],['Neuerung'],['Neuerung'],['Neuerung'],['Neuerung'],['Neuerung']
['Aufrechnung'],['Aufrechnung'],[],['Aufrechnung'],['Aufrechnung'],[],['Aufrechnung'],['Aufrechnung'],['Aufrechnung'],['Aufrechnung'],['Aufrechnung'],['Aufrechnung'],['Aufrechnung'],['Aufrechnung'],['Aufrechnung'],['Aufrechnung']
['Miterbe'],['Miterbe'],['Miterbe'],['Miterbe'],['Miterbe'],['Miterbe'],['Miterbe'],['Miterbe'],['Miterbe'],['Miterbe'],['Miterbe'],['Miterbe'],['Miterbe'],['Miterbe'],['Miterbe'],['Miterbe']
['Adoptierender'],"['Adoptierender', 'Adoptierender']",[],['Adoptierender'],"['Adoptierender', 'Adoptierender']","['Adoptierender', 'Adoptierender']",['Adoptierender'],['Adoptierender'],"['Adoptierender', 'Adoptierender']","['Adoptierender', 'Adoptierender']","['Adoptierender', 'Adoptierender']","['Adoptierender', 'Adoptierender']",['Adoptierender'],"['Adoptierender', 'Adoptierender']","['Adoptierender', 'Adoptierender']",['Adoptierender']
['Einwendung'],['Einwendung'],[],['Einwendung'],['Einwendung'],['Einwendung'],['Einwendung'],['Einwendung'],['Einwendung'],['Einwendung'],['Einwendung'],['Einwendung'],['Einwendung'],['Einwendung'],['Einwendung'],['Einwendung']
['Bezugsrecht'],['Bezugsrecht'],['Optionsrecht'],['Bezugsrecht'],['Optionsrecht'],['Bezugsrecht'],['Bezugsrecht'],['Bezugsrecht'],['Bezugsrecht'],['Bezugsrecht'],['Bezugsrecht'],['Bezugsrecht'],['Bezugsrecht'],['Optionsrecht'],['Bezugsrecht'],['Bezugsrecht']
['Vermächtnisnehmer'],['Vermächtnisnehmer'],[],['Vermächtnisnehmer'],['Vermächtnisnehmer'],['Vermächtnisnehmer'],['Vermächtnisnehmer'],['Vermächtnisnehmer'],['Vermächtnisnehmer'],['Vermächtnisnehmer'],['Vermächtnisnehmer'],['Vermächtnisnehmer'],['Vermächtnisnehmer'],['Vermächtnisnehmer'],['Vermächtnisnehmer'],['Vermächtnisnehmer']
['gesetzlich Erbfolge'],['gesetzlich Erbfolge'],[],['gesetzlich Erbfolge'],['gesetzlich Erbfolge'],[],['gesetzlich Erbfolge'],['gesetzlich Erbfolge'],['gesetzlich Erbfolge'],[],['gesetzlich Erbfolge'],['gesetzlich Erbfolge'],['gesetzlich Erbfolge'],['gesetzlich Erbfolge'],['gesetzlich Erbfolge'],['gesetzlich Erbfolge']
['aufschiebend Bedingung'],['aufschiebend Bedingung'],[],['aufschiebend Bedingung'],['aufschiebend Bedingung'],['aufschiebend Bedingung'],['aufschiebend Bedingung'],['aufschiebend Bedingung'],['aufschiebend Bedingung'],[],['aufschiebend Bedingung'],['aufschiebend Bedingung'],['aufschiebend Bedingung'],['aufschiebend Bedingung'],['aufschiebend Bedingung'],['aufschiebend Bedingung']
['notariell Testament'],['notariell Testament'],[],['notariell Testament'],['notariell Testament'],['notariell Testament'],['notariell Testament'],['notariell Testament'],['notariell Testament'],[],['notariell Testament'],['notariell Testament'],['notariell Testament'],['notariell Testament'],['notariell Testament'],['notariell Testament']
['Beschwerter'],['Beschwerter'],[],['Beschwerter'],['Beschwerter'],['Beschwerter'],['Beschwerter'],['Beschwerter'],['Beschwerter'],[],['Beschwerter'],['Beschwerter'],['Beschwerter'],['Beschwerter'],['Beschwerter'],['Beschwerter']
[],['Nacherbfolge'],[],['Nacherbfolge'],[],[],['Nacherbfolge'],['Nacherbfolge'],[],[],['Nacherbfolge'],[],['Nacherbfolge'],[],['Nacherbfolge'],['Nacherbfolge']
['Testamentsvollstrecker'],['Testamentsvollstrecker'],[],['Testamentsvollstrecker'],['Testamentsvollstrecker'],['Testamentsvollstrecker'],['Testamentsvollstrecker'],['Testamentsvollstrecker'],['Testamentsvollstrecker'],['Testamentsvollstrecker'],['Testamentsvollstrecker'],['Testamentsvollstrecker'],['Testamentsvollstrecker'],['Testamentsvollstrecker'],['Testamentsvollstrecker'],['Testamentsvollstrecker']
['Veräußerung'],['Veräußerung'],[],['Veräußerung'],['Veräußerung'],['Veräußerung'],['Veräußerung'],['Veräußerung'],['Veräußerung'],['Veräußerung'],['Veräußerung'],['Veräußerung'],['Veräußerung'],['Veräußerung'],['Veräußerung'],['Veräußerung']
[],['Erbmasse'],[],[],[],[],['Erbmasse'],[],['Erbmasse'],[],['Erbmasse'],['Erbmasse'],['Erbmasse'],[],[],['Erbmasse']
[],['Abmachung des Heimfalls'],[],['Abmachung des Heimfalls'],['Abmachung des Heimfalls'],[],['Abmachung des Heimfalls'],['Abmachung des Heimfalls'],['Abmachung des Heimfalls'],[],['Abmachung des Heimfalls'],['Abmachung des Heimfalls'],['Abmachung des Heimfalls'],[],['Abmachung des Heimfalls'],['Abmachung des Heimfalls']
['Arbeitsvertrag'],['Arbeitsvertrag'],['Arbeitsvertrag'],['Arbeitsvertrag'],['Arbeitsvertrag'],['Arbeitsvertrag'],['Arbeitsvertrag'],['Arbeitsvertrag'],['Arbeitsvertrag'],['Arbeitsvertrag'],['Arbeitsvertrag'],['Arbeitsvertrag'],['Arbeitsvertrag'],['Arbeitsvertrag'],['Arbeitsvertrag'],['Arbeitsvertrag']
['Versprechend'],['Versprechend'],[],['Versprechend'],['Versprechend'],[],['Versprechend'],['Versprechend'],['Versprechend'],['Versprechend'],['Versprechend'],['Versprechend'],['Versprechend'],['Versprechend'],['Versprechend'],['Versprechend']
['übermäßig Belastung'],[],['übermäßige Belastung'],[],['übermäßige Belastung'],[],[],[],['übermäßige Belastung'],[],[],['übermäßig Belastung'],[],['übermäßige Belastung'],[],[]
[],[],[],['Gewähr für die gute Gebrauchsfähigkeit'],[],[],['Gewähr für die gute Gebrauchsfähigkeit'],['Gewähr für die gute Gebrauchsfähigkeit'],[],[],['Gewähr für die gute Gebrauchsfähigkeit'],['Gewährleistung für die gute Gebrauchsfähigkeit'],['Gewähr für die gute Gebrauchsfähigkeit'],[],['Gewähr für die gute Gebrauchsfähigkeit'],['Gewähr für die gute Gebrauchsfähigkeit']
['Lehrling'],['Lehrling'],['Lehrling'],['Lehrling'],['Lehrling'],['Lehrling'],['Lehrling'],['Lehrling'],['Lehrling'],['Lehrling'],['Lehrling'],['Lehrling'],['Lehrling'],['Lehrling'],['Lehrling'],['Lehrling']
['Handelsregisteramt'],['Handelsregisteramt'],[],['Handelsregisteramt'],['Handelsregisteramt'],['Handelsregisteramt'],['Handelsregisteramt'],['Handelsregisteramt'],['Handelsregisteramt'],['Handelsregisteramt'],['Handelsregisteramt'],['Handelsregisteramt'],['Handelsregisteramt'],['Handelsregisteramt'],['Handelsregisteramt'],['Handelsregisteramt']
"['Werkhersteller', 'Werkhersteller']","['Werkhersteller', 'Werkhersteller']",[],"['Werkhersteller', 'Werkhersteller']","['Werkhersteller', 'Werkhersteller']","['Werkhersteller', 'Werkhersteller']","['Werkhersteller', 'Werkhersteller']","['Werkhersteller', 'Werkhersteller']","['Werkhersteller', 'Werkhersteller']","['Werkhersteller', 'Werkhersteller']","['Werkhersteller', 'Werkhersteller']","['Werkhersteller', 'Werkhersteller']","['Werkhersteller', 'Werkhersteller']","['Werkhersteller', 'Werkhersteller']","['Werkhersteller', 'Werkhersteller']","['Werkhersteller', 'Werkhersteller']"
['Teilleistung'],"['Teilleistung', 'Teilleistung']",[],"['Teilleistung', 'Teilleistung']","['Teilleistung', 'Teilleistung']",[],"['Teilleistung', 'Teilleistung']","['Teilleistung', 'Teilleistung']",[],[],"['Teilleistung', 'Teilleistung']",['Teilleistung'],"['Teilleistung', 'Teilleistung']",[],"['Teilleistung', 'Teilleistung']","['Teilleistung', 'Teilleistung']"
['Agenturvertrag'],['Agenturvertrag'],[],['Agenturvertrag'],['Agenturvertrag'],['Agenturvertrag'],['Agenturvertrag'],['Agenturvertrag'],['Agenturvertrag'],['Agenturvertrag'],['Agenturvertrag'],['Agenturvertrag'],['Agenturvertrag'],['Agenturvertrag'],['Agenturvertrag'],['Agenturvertrag']
['Makler'],['Makler'],[],['Makler'],[],['Makler'],['Makler'],['Makler'],['Makler'],['Makler'],['Makler'],['Makler'],['Makler'],['Makler'],['Makler'],['Makler']
['Verwahrer'],['Verwahrer'],['Verwahrer'],['Verwahrer'],['Verwahrer'],['Verwahrer'],['Verwahrer'],['Verwahrer'],['Verwahrer'],['Verwahrer'],['Verwahrer'],['Verwahrer'],['Verwahrer'],['Verwahrer'],['Verwahrer'],['Verwahrer']
['Lagerschein'],['Lagerschein'],[],['Lagerschein'],['Lagerschein'],[],['Lagerschein'],['Lagerschein'],['Lagerschein'],[],['Lagerschein'],['Lagerschein'],['Lagerschein'],['Lagerschein'],['Lagerschein'],['Lagerschein']
['Indossament'],['Indossament'],[],['Indossament'],['Indossament'],['Indossament'],['Indossament'],['Indossament'],['Indossament'],['Indossament'],['Indossament'],['Indossament'],['Indossament'],['Indossament'],['Indossament'],['Indossament']
['Pfandgläubiger'],['Pfandgläubiger'],[],['Pfandgläubiger'],['Pfandgläubiger'],['Pfandgläubiger'],['Pfandgläubiger'],['Pfandgläubiger'],['Pfandgläubiger'],[],['Pfandgläubiger'],['Pfandgläubiger'],['Pfandgläubiger'],['Pfandgläubiger'],['Pfandgläubiger'],['Pfandgläubiger']
['Indossant'],['Indossant'],[],['Indossant'],['Indossant'],['Indossant'],['Indossant'],['Indossant'],['Indossant'],[],['Indossant'],['Indossant'],['Indossant'],['Indossant'],['Indossant'],['Indossant']
['Entlehner'],['Entlehner'],[],['Entlehner'],['Entlehner'],['Entlehner'],['Entlehner'],['Entlehner'],['Entlehner'],[],['Entlehner'],['Entlehner'],['Entlehner'],['Entlehner'],['Entlehner'],['Entlehner']
['Verbindlichkeiten der Gesellschaft'],['Verbindlichkeiten der Gesellschaft'],['Gesellschaftsverbindlichkeiten'],['Verbindlichkeiten der Gesellschaft'],['Verbindlichkeiten der Gesellschaft'],['Verbindlichkeiten der Gesellschaft'],['Verbindlichkeiten der Gesellschaft'],['Verbindlichkeiten der Gesellschaft'],['Verbindlichkeiten der Gesellschaft'],['Verbindlichkeiten der Gesellschaft'],['Verbindlichkeiten der Gesellschaft'],['Verbindlichkeiten der Gesellschaft'],['Verbindlichkeiten der Gesellschaft'],['Verbindlichkeiten der Gesellschaft'],['Verbindlichkeiten der Gesellschaft'],['Verbindlichkeiten der Gesellschaft']
['Liquidator'],['Liquidator'],['Liquidator'],['Liquidator'],['Liquidator'],['Liquidator'],['Liquidator'],['Liquidator'],['Liquidator'],['Liquidator'],['Liquidator'],['Liquidator'],['Liquidator'],['Liquidator'],['Liquidator'],['Liquidator']
[],[],"['Sparbuch', 'Sparbuch']",['Sparbuch'],"['Sparbuch', 'Sparbuch']",[],['Sparbuch'],['Sparbuch'],"['Sparbuch', 'Sparbuch']",[],['Sparbuch'],[],['Sparbuch'],"['Sparbuch', 'Sparbuch']",['Sparbuch'],['Sparbuch']
[],['Börsenmakler'],[],['Börsenmakler'],[],[],['Börsenmakler'],['Börsenmakler'],['Börsenmakler'],[],['Börsenmakler'],['Börsenmakler'],['Börsenmakler'],[],['Börsenmakler'],['Börsenmakler']
[],['Bankvorschuss'],[],['Bankvorschuss'],['Bankvorschuss'],['Bankvorschuss'],['Bankvorschuss'],['Bankvorschuss'],['Bankvorschuss'],['Bankvorschuss'],['Bankvorschuss'],['Bankvorschuss'],['Bankvorschuss'],[],['Bankvorschuss'],['Bankvorschuss']
['beglaubigt Unterschrift'],['beglaubigt Unterschrift'],[],['beglaubigt Unterschrift'],['beglaubigt Unterschrift'],['beglaubigt Unterschrift'],['beglaubigt Unterschrift'],['beglaubigt Unterschrift'],['beglaubigt Unterschrift'],['beglaubigt Unterschrift'],['beglaubigt Unterschrift'],['beglaubigt Unterschrift'],['beglaubigt Unterschrift'],['beglaubigt Unterschrift'],['beglaubigt Unterschrift'],['beglaubigt Unterschrift']
['Wettbewerbsverbot'],['Wettbewerbsverbot'],['Wettbewerbsverbot'],['Wettbewerbsverbot'],['Wettbewerbsverbot'],['Wettbewerbsverbot'],['Wettbewerbsverbot'],['Wettbewerbsverbot'],['Wettbewerbsverbot'],['Wettbewerbsverbot'],['Wettbewerbsverbot'],['Wettbewerbsverbot'],['Wettbewerbsverbot'],['Wettbewerbsverbot'],['Wettbewerbsverbot'],['Wettbewerbsverbot']
['Herabsetzung des Kapitals'],['Herabsetzung des Kapitals'],['Herabsetzung des Kapitals'],['Herabsetzung des Kapitals'],['Herabsetzung des Kapitals'],['Herabsetzung des Kapitals'],['Herabsetzung des Kapitals'],['Herabsetzung des Kapitals'],['Herabsetzung des Kapitals'],['Herabsetzung des Kapitals'],['Herabsetzung des Kapitals'],['Herabsetzung des Kapitals'],['Herabsetzung des Kapitals'],['Herabsetzung des Kapitals'],['Herabsetzung des Kapitals'],['Herabsetzung des Kapitals']
['grobe Fahrlässigkeit'],['grobe Fahrlässigkeit'],[],['grobe Fahrlässigkeit'],['grobe Fahrlässigkeit'],[],['grobe Fahrlässigkeit'],['grobe Fahrlässigkeit'],['grobe Fahrlässigkeit'],[],['grobe Fahrlässigkeit'],['grobe Fahrlässigkeit'],['grobe Fahrlässigkeit'],['grobe Fahrlässigkeit'],['grobe Fahrlässigkeit'],['grobe Fahrlässigkeit']
[],[],[],['Wegfall des Risikos'],[],[],['Wegfall des Risikos'],['Wegfall des Risikos'],[],[],[],[],[],[],['Wegfall des Risikos'],['Wegfall des Risikos']
['Zusammenlegung'],['Zusammenlegung'],[],['Zusammenlegung'],['Zusammenlegung'],['Zusammenlegung'],"['Zusammenlegung', 'Zusammenlegung']",['Zusammenlegung'],['Zusammenlegung'],[],"['Zusammenlegung', 'Zusammenlegung']","['Zusammenlegung', 'Zusammenlegung']",['Zusammenlegung'],['Zusammenlegung'],['Zusammenlegung'],['Zusammenlegung']
['Gründungsgesellschafter'],['Gründungsgesellschafter'],[],[],[],['Gründungsgesellschafter'],[],[],['Gründungsgesellschafter'],['Gründungsgesellschafter'],[],['Gründungsgesellschafter'],[],[],[],[]
['Rücklagen'],['Rücklagen'],['Rücklagen'],['Rücklagen'],['Rücklagen'],['Rücklagen'],['Rücklagen'],['Rücklagen'],['Rücklagen'],['Rücklagen'],['Rücklagen'],['Rücklagen'],['Rücklagen'],['Rücklagen'],['Rücklagen'],['Rücklagen']
['Gesamtrechtsnachfolge'],['Gesamtrechtsnachfolge'],[],['Gesamtrechtsnachfolge'],['Gesamtrechtsnachfolge'],[],['Gesamtrechtsnachfolge'],['Gesamtrechtsnachfolge'],['Gesamtrechtsnachfolge'],[],['Gesamtrechtsnachfolge'],['Gesamtrechtsnachfolge'],['Gesamtrechtsnachfolge'],[],['Gesamtrechtsnachfolge'],['Gesamtrechtsnachfolge']
[],['Recht auf den Gewinn'],[],['Recht auf den Gewinn'],[],[],['Recht auf den Gewinn'],['Recht auf den Gewinn'],[],[],['Recht auf den Gewinn'],[],[],[],['Recht auf den Gewinn'],[]
['abhängig Gesellschaft'],['abhängig Gesellschaft'],[],['abhängig Gesellschaft'],['abhängig Gesellschaft'],['abhängig Gesellschaft'],['abhängig Gesellschaft'],['abhängig Gesellschaft'],['abhängig Gesellschaft'],['abhängig Gesellschaft'],['abhängig Gesellschaft'],['abhängig Gesellschaft'],['abhängig Gesellschaft'],['abhängig Gesellschaft'],['abhängig Gesellschaft'],['abhängig Gesellschaft']
['außerordentliche Gesellschafterversammlung'],['außerordentliche Gesellschafterversammlung'],[],['außerordentliche Gesellschafterversammlung'],[],['außerordentliche Gesellschafterversammlung'],['außerordentliche Gesellschafterversammlung'],['außerordentliche Gesellschafterversammlung'],['außerordentliche Gesellschafterversammlung'],['außerordentliche Gesellschafterversammlung'],['außerordentliche Gesellschafterversammlung'],['außerordentliche Gesellschafterversammlung'],['außerordentliche Gesellschafterversammlung'],['außerordentliche Gesellschafterversammlung'],['außerordentliche Gesellschafterversammlung'],['außerordentliche Gesellschafterversammlung']
['Masseverwalter'],['Masseverwalter'],[],['Masseverwalter'],['Masseverwalter'],['Masseverwalter'],['Masseverwalter'],['Masseverwalter'],['Masseverwalter'],['Masseverwalter'],['Masseverwalter'],['Masseverwalter'],['Masseverwalter'],['Masseverwalter'],['Masseverwalter'],['Masseverwalter']
['Nichtwählbarkeit'],['Nichtwählbarkeit'],['Unwählbarkeit'],['Nichtwählbarkeit'],['Nichtwählbarkeit'],['Nichtwählbarkeit'],['Nichtwählbarkeit'],['Nichtwählbarkeit'],['Nichtwählbarkeit'],['Nichtwählbarkeit'],['Nichtwählbarkeit'],['Nichtwählbarkeit'],['Nichtwählbarkeit'],['Nichtwählbarkeit'],['Nichtwählbarkeit'],['Nichtwählbarkeit']
['gesetzlich Rücklage'],['gesetzlich Rücklage'],[],['gesetzlich Rücklage'],[],['gesetzliche Rücklage'],['gesetzlich Rücklage'],['gesetzlich Rücklage'],[],[],[],[],[],[],['gesetzlich Rücklage'],[]
['Gesellschaftsbücher'],['Gesellschaftsbücher'],['Gesellschaftsbücher'],"['Gesellschaftsbücher', 'Gesellschaftsbücher']",['Gesellschaftsbücher'],['Gesellschaftsbücher'],"['Gesellschaftsbücher', 'Gesellschaftsbücher']","['Gesellschaftsbücher', 'Gesellschaftsbücher']",['Gesellschaftsbücher'],['Gesellschaftsbücher'],['Gesellschaftsbücher'],['Gesellschaftsbücher'],['Gesellschaftsbücher'],['Gesellschaftsbücher'],"['Gesellschaftsbücher', 'Gesellschaftsbücher']","['Gesellschaftsbücher', 'Gesellschaftsbücher']"
['Gesellschafterbuch'],['Gesellschafterbuch'],[],['Gesellschafterbuch'],['Gesellschafterbuch'],['Gesellschafterbuch'],['Gesellschafterbuch'],['Gesellschafterbuch'],['Gesellschafterbuch'],['Gesellschafterbuch'],['Gesellschafterbuch'],['Gesellschafterbuch'],['Gesellschafterbuch'],['Gesellschafterbuch'],['Gesellschafterbuch'],['Gesellschafterbuch']
['Buch über die Schuldverschreibungen'],['Buch über die Schuldverschreibungen'],[],['Buch über die Schuldverschreibungen'],['Buch über die Schuldverschreibungen'],[],['Buch über die Schuldverschreibungen'],['Buch über die Schuldverschreibungen'],[],[],['Buch über die Schuldverschreibungen'],['Buch über die Schuldverschreibungen'],['Buch über die Schuldverschreibungen'],['Buch über die Schuldverschreibungen'],['Buch über die Schuldverschreibungen'],['Buch über die Schuldverschreibungen']
['Bilanz'],['Bilanz'],"['Bilanz', 'Bilanz']",['Bilanz'],['Bilanz'],['Bilanz'],['Bilanz'],['Bilanz'],['Bilanz'],['Bilanz'],['Bilanz'],['Bilanz'],['Bilanz'],['Bilanz'],['Bilanz'],['Bilanz']
['immateriell Anlagevermögen'],['immateriell Anlagevermögen'],[],['immateriell Anlagevermögen'],['immaterielles Anlagevermögen'],['immateriell Anlagevermögen'],['immaterielles Anlagevermögen'],['immateriell Anlagevermögen'],['immateriell Anlagevermögen'],[],['immateriell Anlagevermögen'],['immateriell Anlagevermögen'],['immateriell Anlagevermögen'],['immateriell Anlagevermögen'],['immaterielles Anlagevermögen'],['immateriell Anlagevermögen']
['Kosten'],['Kosten'],['Kosten'],['Kosten'],['Kosten'],['Kosten'],['Kosten'],['Kosten'],['Kosten'],['Kosten'],['Kosten'],['Kosten'],['Kosten'],['Kosten'],['Kosten'],['Kosten']
['Kosten'],['Aufwendungen'],['Kosten'],['Aufwendungen'],['Kosten'],['Kosten'],['Auslagen'],['Aufwendungen'],['Kosten'],['Kosten'],['Kosten'],['Aufwendungen'],['Kosten'],['Kosten'],['Kosten'],['Kosten']
"['Marke', 'Marke']","['Marke', 'Marke']","['Marke', 'Marke']","['Marke', 'Marke']",['Marke'],"['Marke', 'Marke']","['Marke', 'Marke']","['Marke', 'Marke']","['Marke', 'Marke']","['Marke', 'Marke']","['Marke', 'Marke']","['Marke', 'Marke']","['Marke', 'Marke']","['Marke', 'Marke']","['Marke', 'Marke']","['Marke', 'Marke']"
[],[],[],[],[],[],[],[],[],[],[],[],[],[],[],[]
['Finanzanlagevermögen'],['Finanzanlagevermögen'],[],['Finanzanlagevermögen'],[],[],['Finanzanlagevermögen'],['Finanzanlagevermögen'],['Finanzanlagevermögen'],[],['Finanzanlagevermögen'],['Finanzanlagevermögen'],['Finanzanlagevermögen'],[],['Finanzanlagevermögen'],['Finanzanlagevermögen']
['Mehrwertsteuer'],['Mehrwertsteuer'],['Mehrwertsteuer'],['Mehrwertsteuer'],['Mehrwertsteuer'],['Mehrwertsteuer'],['Mehrwertsteuer'],['Mehrwertsteuer'],['Mehrwertsteuer'],['Mehrwertsteuer'],['Mehrwertsteuer'],['Mehrwertsteuer'],['Mehrwertsteuer'],['Mehrwertsteuer'],['Mehrwertsteuer'],['Mehrwertsteuer']
[],[],['Eigenkapital'],['Reinvermögen'],['Reinvermögen'],['Eigenkapital'],['Reinvermögen'],['Reinvermögen'],[],[],['Reinvermögen'],['Eigenkapital'],['Reinvermögen'],['Eigenkapital'],['Reinvermögen'],['Reinvermögen']
['Aktivseite'],['Aktiva'],[],['Aktivseite'],['Aktivseite'],['Aktiva'],['Aktivseite'],['Aktivseite'],['Aktivseite'],['Aktiva'],['Aktiva'],['Aktivseite'],['Aktiva'],['Aktivseite'],['Aktivseite'],['Aktivseite']
[],[],[],[],[],[],[],[],[],[],[],[],[],[],[],[]
[],['Gutschrift'],[],['Gutschrift'],[],[],['Gutschrift'],['Gutschrift'],[],[],['Gutschrift'],[],['Gutschrift'],[],['Gutschrift'],['Gutschrift']
['Erbschaftssteuer'],['Erbschaftssteuer'],['Erbschaftssteuer'],['Erbschaftssteuer'],['Erbschaftssteuer'],[],['Erbschaftssteuer'],['Erbschaftssteuer'],['Erbschaftssteuer'],['Erbschaftssteuer'],['Erbschaftssteuer'],['Erbschaftssteuer'],['Erbschaftssteuer'],['Erbschaftssteuer'],['Erbschaftssteuer'],['Erbschaftssteuer']
[],[],[],['Mehrwert'],[],[],['Mehrwert'],['Mehrwert'],[],[],['Mehrwert'],[],['Mehrwert'],[],['Mehrwert'],['Mehrwert']
['nackt Eigentum'],['nackt Eigentum'],['nackt Eigentum'],['nackt Eigentum'],['nackt Eigentum'],['nackt Eigentum'],['nackt Eigentum'],['nackt Eigentum'],['nackt Eigentum'],['nackt Eigentum'],['nackt Eigentum'],['nackt Eigentum'],['nackt Eigentum'],['nackt Eigentum'],['nackt Eigentum'],['nackt Eigentum']
['Kapitalerhöhung'],['Kapitalerhöhung'],['Kapitalerhöhung'],['Kapitalerhöhung'],['Kapitalerhöhung'],['Erhöhung des Kapitals'],['Kapitalerhöhung'],['Kapitalerhöhung'],['Kapitalerhöhung'],['Kapitalerhöhung'],['Kapitalerhöhung'],['Kapitalerhöhung'],['Kapitalerhöhung'],['Kapitalerhöhung'],['Kapitalerhöhung'],['Kapitalerhöhung']
[],[],[],[],[],[],[],[],[],[],[],[],[],[],[],[]
['übernehmende Gesellschaft'],['übernehmende Gesellschaft'],['übernehmende Gesellschaft'],['übernehmende Gesellschaft'],[],['übernehmende Gesellschaft'],['übernehmend Gesellschaft'],['übernehmende Gesellschaft'],[],[],['übernehmend Gesellschaft'],[],[],['übernehmende Gesellschaft'],['übernehmende Gesellschaft'],[]
['gerichtlich Schutz'],['gerichtlich Schutz'],[],['gerichtlich Schutz'],['gerichtlich Schutz'],[],['gerichtlich Schutz'],['gerichtlich Schutz'],['gerichtlich Schutz'],['gerichtlich Schutz'],['gerichtlich Schutz'],['gerichtlich Schutz'],['gerichtlich Schutz'],['gerichtlich Schutz'],['gerichtlich Schutz'],['gerichtlich Schutz']
[],[],[],['Sicherungsbeschlagnahme'],[],[],['Sicherungsbeschlagnahme'],['Sicherungsbeschlagnahme'],[],[],[],[],['Sicherungsbeschlagnahme'],[],['Sicherungsbeschlagnahme'],[]
[],['Alleinverwalter'],['alleinig Verwalter'],['Alleinverwalter'],[],[],['Alleinverwalter'],['Alleinverwalter'],['Alleinverwalter'],[],['Alleinverwalter'],['Alleinverwalter'],['Alleinverwalter'],[],['Alleinverwalter'],['Alleinverwalter']
[],[],[],[],[],[],[],[],[],[],[],[],[],[],[],[]
[],[],[],[],[],[],[],[],[],[],[],[],[],[],[],[]
[],[],[],[],[],[],[],[],[],[],[],[],[],[],['Handlungen für die Gesellschaft'],[]
['Arbeit'],['Arbeit'],[],['Arbeit'],['Arbeit'],['Arbeit'],['Arbeit'],['Arbeit'],['Arbeit'],['Arbeit'],['Arbeit'],['Arbeit'],['Arbeit'],['Arbeit'],['Arbeit'],['Arbeit']
[],['Verlust am Gesellschaftskapital'],[],['Verlust am Gesellschaftskapital'],[],[],['Verlust am Gesellschaftskapital'],['Verlust am Gesellschaftskapital'],['Verlust am Gesellschaftskapital'],[],['Verlust am Gesellschaftskapital'],['Verlust am Gesellschaftskapital'],[],[],['Verlust am Gesellschaftskapital'],['Verlust am Gesellschaftskapital']
['Ausgabe'],['Ausgabe'],['Ausgabe'],['Ausgabe'],['Ausgabe'],[],['Ausgabe'],['Ausgabe'],['Ausgabe'],['Ausgabe'],['Ausgabe'],['Ausgabe'],['Ausgabe'],['Ausgabe'],['Ausgabe'],['Ausgabe']
[],[],[],[],[],[],[],[],[],[],[],[],[],[],[],[]
[],['Flucht'],[],['Flucht'],[],[],['Flucht'],['Flucht'],[],[],['Flucht'],['Flucht'],['Flucht'],[],['Flucht'],['Flucht']
[],[],[],['stattgebend Urteil'],['stattgebend Urteil'],[],['stattgebend Urteil'],['stattgebend Urteil'],['stattgebend Urteil'],[],['stattgebend Urteil'],['stattgebend Urteil'],['stattgebend Urteil'],[],['stattgebend Urteil'],['stattgebend Urteil']
[],[],[],"['zurechnungsfähig', 'zurechnungsfähig']",[],[],['zurechnungsfähig'],[],[],[],[],"['Zurechnungsfähig', 'zurechnungsfähig']",[],[],"['zurechnungsfähig', 'zurechnungsfähig']",[]
['Willensfähigkeit'],[],[],[],[],[],[],[],[],['Willensfähigkeit'],[],[],[],['Willensfähigkeit'],[],[]
['Vormundschaft'],['Vormundschaft'],[],['Vormundschaft'],['Vormundschaft'],[],['Vormundschaft'],['Vormundschaft'],['Vormundschaft'],[],['Vormundschaft'],[],['Vormundschaft'],[],['Vormundschaft'],['Vormundschaft']
['Verteidigungsschrift'],['Verteidigungsschrift'],['Verteidigungsschrift'],['Verteidigungsschrift'],['Verteidigungsschrift'],['Verteidigungsschrift'],['Verteidigungsschrift'],['Verteidigungsschrift'],[],['Verteidigungsschrift'],['Verteidigungsschrift'],['Verteidigungsschrift'],['Verteidigungsschrift'],[],['Verteidigungsschrift'],['Verteidigungsschrift']
[],[],[],[],[],[],[],[],[],[],[],[],[],[],[],[]
['außergerichtlich Geständnis'],['außergerichtlich Geständnis'],['außergerichtlich Geständnis'],['außergerichtlich Geständnis'],['außergerichtlich Geständnis'],['außergerichtlich Geständnis'],['außergerichtlich Geständnis'],['außergerichtlich Geständnis'],['außergerichtlich Geständnis'],[],['außergerichtlich Geständnis'],['außergerichtlich Geständnis'],['außergerichtlich Geständnis'],['außergerichtlich Geständnis'],['außergerichtlich Geständnis'],['außergerichtlich Geständnis']
[],['Verbot der Bekleidung öffentlicher Ämter'],[],['Verbot der Bekleidung öffentlicher Ämter'],[],[],['Verbot der Bekleidung öffentlicher Ämter'],['Verbot der Bekleidung öffentlicher Ämter'],[],[],['Verbot der Bekleidung öffentlicher Ämter'],['Verbot der Bekleidung öffentlicher Ämter'],[],[],['Verbot der Bekleidung öffentlicher Ämter'],['Verbot der Bekleidung öffentlicher Ämter']
[],[],[],[],[],[],[],[],[],[],[],[],[],[],[],[]
['Amtsakte'],['Amtsakte'],[],['Amtsakte'],['Amtsakte'],['Amtsakte'],['Amtsakte'],['Amtsakte'],['Amtsakte'],['Amtsakte'],['Amtsakte'],['Amtsakte'],['Amtsakte'],['Amtsakte'],['Amtsakte'],['Amtsakte']
['Miteigentümer'],['Miteigentümer'],[],['Miteigentümer'],['Miteigentümer'],['Miteigentümer'],['Miteigentümer'],['Miteigentümer'],['Miteigentümer'],['Miteigentümer'],[],['Miteigentümer'],[],['Miteigentümer'],['Miteigentümer'],['Miteigentümer']
['Erbgemeinschaft'],['Erbgemeinschaft'],['Erbgemeinschaft'],['Erbgemeinschaft'],['Erbgemeinschaft'],['Erbgemeinschaft'],['Erbgemeinschaft'],['Erbgemeinschaft'],['Erbgemeinschaft'],[],['Erbgemeinschaft'],['Erbgemeinschaft'],['Erbgemeinschaft'],['Erbgemeinschaft'],['Erbgemeinschaft'],['Erbgemeinschaft']
[],['Überbauberechtigter'],[],['Überbauberechtigter'],['Überbauberechtigter'],[],['Überbauberechtigter'],['Überbauberechtigter'],['Überbauberechtigter'],[],['Überbauberechtigter'],['Überbauberechtigter'],['Überbauberechtigter'],[],['Überbauberechtigter'],['Überbauberechtigter']
[],[],[],[],['Ehegütervertrag'],[],['Ehegütervertrag'],[],[],[],['Ehegütervertrag'],[],[],[],[],['Ehegütervertrag']
[],['Witwenschaft'],[],['Witwenschaft'],['Witwenschaft'],[],['Witwenschaft'],['Witwenschaft'],[],[],['Witwenschaft'],['Witwenschaft'],['Witwenschaft'],[],['Witwenschaft'],['Witwenschaft']
[],[],[],['abschreibungsfähig Gut'],['abschreibungsfähig Gut'],[],['abschreibungsfähig Gut'],['abschreibungsfähig Gut'],['abschreibungsfähig Gut'],[],['abschreibungsfähig Gut'],['abschreibungsfähig Gut'],['abschreibungsfähig Gut'],['abschreibungsfähig Gut'],['abschreibungsfähig Gut'],[]
['Trennung der Rechtsstreitigkeiten'],['Trennung der Rechtsstreitigkeiten'],[],['Trennung der Rechtsstreitigkeiten'],['Trennung der Rechtsstreitigkeiten'],['Trennung der Rechtsstreitigkeiten'],['Trennung der Rechtsstreitigkeiten'],['Trennung der Rechtsstreitigkeiten'],['Trennung der Rechtsstreitigkeiten'],['Trennung der Rechtsstreitigkeiten'],['Trennung der Rechtsstreitigkeiten'],['Trennung der Rechtsstreitigkeiten'],['Trennung der Rechtsstreitigkeiten'],['Trennung der Rechtsstreitigkeiten'],['Trennung der Rechtsstreitigkeiten'],['Trennung der Rechtsstreitigkeiten']
[],['Aufnahme'],[],['Aufnahme'],[],[],['Aufnahme'],['Aufnahme'],['Aufnahme'],[],['Aufnahme'],[],['Aufnahme'],[],['Aufnahme'],['Aufnahme']
['Spaltungsplan'],['Spaltungsplan'],['Spaltungsplan'],['Spaltungsplan'],['Spaltungsplan'],['Spaltungsplan'],['Spaltungsplan'],['Spaltungsplan'],[],[],['Spaltungsplan'],['Spaltungsplan'],['Spaltungsplan'],[],['Spaltungsplan'],['Spaltungsplan']
[],['Gegenüberstellung'],[],['Gegenüberstellung'],[],[],['Gegenüberstellung'],['Gegenüberstellung'],[],[],['Gegenüberstellung'],[],['Gegenüberstellung'],[],['Gegenüberstellung'],['Gegenüberstellung']
['Erklärung'],['Erklärung'],['Erklärung'],['Erklärung'],['Erklärung'],['Erklärung'],['Erklärung'],['Erklärung'],['Erklärung'],['Erklärung'],['Erklärung'],['Erklärung'],['Erklärung'],['Erklärung'],['Erklärung'],['Erklärung']
[],[],[],['direkte Vernehmung'],[],[],['direkte Vernehmung'],['direkte Vernehmung'],['direkte Vernehmung'],[],['direkte Vernehmung'],['direkte Vernehmung'],['direkte Vernehmung'],[],['direkte Vernehmung'],['direkte Vernehmung']
[],[],[],[],[],[],[],[],[],[],[],[],[],[],[],[]
"['Gericht erster Instanz', 'Gericht erster Instanz']","['Gericht erster Instanz', 'Gericht erster Instanz']","['Gericht erster Instanz', 'Gericht erster Instanz']","['Gericht erster Instanz', 'Gericht erster Instanz']","['Gericht erster Instanz', 'Gericht erster Instanz']",[],"['Gericht erster Instanz', 'Gericht erster Instanz']","['Gericht erster Instanz', 'Gericht erster Instanz']","['Gericht erster Instanz', 'Gericht erster Instanz']","['Gericht erster Instanz', 'Gericht erster Instanz']","['Gericht erster Instanz', 'Gericht erster Instanz']","['Gericht erster Instanz', 'Gericht erster Instanz']","['Gericht erster Instanz', 'Gericht erster Instanz']","['Gericht erster Instanz', 'Gericht erster Instanz']","['Gericht erster Instanz', 'Gericht erster Instanz']","['Gericht erster Instanz', 'Gericht erster Instanz']"
[],[],[],['Richter für die Vorerhebungen'],[],[],['Richter für die Vorerhebungen'],['Richter für die Vorerhebungen'],['Richter für die Vorerhebungen'],[],[],['Richter für die Vorerhebungen'],['Richter für die Vorerhebungen'],[],['Richter für die Vorerhebungen'],['Richter für die Vorerhebungen']
[],[],"['Begnadigung', 'Begnadigung']",['Begnadigung'],[],[],['Begnadigung'],['Begnadigung'],[],[],['Begnadigung'],[],[],[],['Begnadigung'],['Begnadigung']
['gesetzlich'],['gesetzlich'],[],[],['gesetzlich'],['gesetzlich'],[],[],['gesetzlich'],['gesetzlich'],['gesetzlich'],['gesetzlich'],['gesetzlich'],['gesetzlich'],[],['gesetzlich']
['bedingte Aussetzung der Strafe'],['bedingte Strafaussetzung'],[],['bedingte Strafaussetzung'],['bedingte Strafaussetzung'],['bedingte Strafaussetzung'],['bedingte Strafaussetzung'],['bedingte Strafaussetzung'],['bedingte Strafaussetzung'],['bedingte Aussetzung der Strafe'],[],['bedingte Strafaussetzung'],['bedingte Strafaussetzung'],['bedingte Strafaussetzung'],['bedingte Strafaussetzung'],[]
['fortgesetzt strafbar Handlung'],['fortgesetzt strafbar Handlung'],[],['fortgesetzt strafbar Handlung'],['fortgesetzt strafbar Handlung'],['fortgesetzte strafbare Handlung'],['fortgesetzt strafbar Handlung'],['fortgesetzt strafbar Handlung'],[],[],['fortgesetzt strafbar Handlung'],['fortgesetzt strafbar Handlung'],['fortgesetzt strafbar Handlung'],['fortgesetzt strafbar Handlung'],['fortgesetzt strafbar Handlung'],['fortgesetzt strafbar Handlung']
[],[],[],[],[],[],[],[],[],[],[],[],[],[],[],[]
['an der Börse notiert Aktie'],['an der Börse notierte Aktie'],[],[],['an der Börse notiert Aktie'],[],[],[],[],[],[],[],[],['an der Börse notiert Aktie'],[],[]
[],[],[],['Fund'],[],[],['Fund'],['Fund'],[],[],[],[],['Fund'],[],['Fund'],[]
[],[],[],['gutgläubig Besitzer'],['gutgläubig Besitzer'],[],['gutgläubig Besitzer'],['gutgläubig Besitzer'],['gutgläubig Besitzer'],['gutgläubig Besitzer'],[],[],['gutgläubig Besitzer'],[],['gutgläubig Besitzer'],['gutgläubig Besitzer']
[],['Wiedergutmachung wegen ungerechtfertigter Haft'],[],['Wiedergutmachung wegen ungerechtfertigter Haft'],[],[],['Wiedergutmachung wegen ungerechtfertigter Haft'],['Wiedergutmachung wegen ungerechtfertigter Haft'],[],[],[],[],[],[],['Wiedergutmachung wegen ungerechtfertigter Haft'],['Wiedergutmachung wegen ungerechtfertigter Haft']
"['Bücher', 'Rechnungsunterlagen']","['Bücher', 'Rechnungsunterlagen']",['Bücher'],"['Bücher', 'Rechnungsunterlagen']","['Bücher', 'Rechnungsunterlagen']","['Bücher', 'Rechnungsunterlagen']","['Bücher', 'Rechnungsunterlagen']","['Bücher', 'Rechnungsunterlagen']","['Bücher', 'Rechnungsunterlagen']","['Bücher', 'Rechnungsunterlagen']","['Bücher', 'Rechnungsunterlagen']","['Bücher', 'Rechnungsunterlagen']","['Bücher', 'Rechnungsunterlagen']","['Bücher', 'Rechnungsunterlagen']","['Bücher', 'Rechnungsunterlagen']","['Bücher', 'Rechnungsunterlagen']"
['Einlassung der Zivilpartei'],['Einlassung der Zivilpartei'],[],['Einlassung der Zivilpartei'],['Einlassung der Zivilpartei'],[],['Einlassung der Zivilpartei'],['Einlassung der Zivilpartei'],['Einlassung der Zivilpartei'],[],['Einlassung der Zivilpartei'],['Einlassung der Zivilpartei'],['Einlassung der Zivilpartei'],[],['Einlassung der Zivilpartei'],['Einlassung der Zivilpartei']
['Vorzugsrecht'],['Vorzugsrecht'],[],['Vorzugsrecht'],['Vorzugsrecht'],['Vorzugsrecht'],['Vorzugsrecht'],['Vorzugsrecht'],['Vorzugsrecht'],['Vorzugsrecht'],['Vorzugsrecht'],['Vorzugsrecht'],['Vorzugsrecht'],['Vorzugsrecht'],['Vorzugsrecht'],['Vorzugsrecht']
[],[],[],[],[],[],[],[],[],[],[],[],[],[],[],[]
[],[],[],[],[],[],[],[],[],[],[],[],[],[],[],[]
['Wahlbefugnis'],[],[],['Wahlbefugnis'],['Wahlbefugnis'],[],['Wahlbefugnis'],['Wahlbefugnis'],['Wahlbefugnis'],['Wahlbefugnis'],['Wahlbefugnis'],['Wahlbefugnis'],['Wahlbefugnis'],['Wahlbefugnis'],['Wahlbefugnis'],['Wahlbefugnis']
[],[],[],[],[],[],[],[],[],[],[],[],[],[],[],[]
['Erbschaftsvermögen'],[],[],['Erbschaftsvermögen'],['Erbschaftsvermögen'],['Erbschaftsvermögen'],['Erbschaftsvermögen'],['Erbschaftsvermögen'],['Erbschaftsvermögen'],[],['Erbschaftsvermögen'],['Erbschaftsvermögen'],['Erbschaftsvermögen'],[],['Erbschaftsvermögen'],['Erbschaftsvermögen']
[],[],[],['Vermächtnis ein bestimmt Sache'],['Vermächtnis ein bestimmt Sache'],[],['Vermächtnis ein bestimmt Sache'],['Vermächtnis ein bestimmt Sache'],['Vermächtnis ein bestimmt Sache'],[],['Vermächtnis ein bestimmt Sache'],['Vermächtnis ein bestimmt Sache'],['Vermächtnis ein bestimmt Sache'],[],['Vermächtnis ein bestimmt Sache'],['Vermächtnis ein bestimmt Sache']
['Liquidation der Gesellschaft'],['Liquidation der Gesellschaft'],['Liquidation der Gesellschaft'],['Liquidation der Gesellschaft'],['Liquidation der Gesellschaft'],[],['Liquidation der Gesellschaft'],['Liquidation der Gesellschaft'],['Liquidation der Gesellschaft'],['Liquidation der Gesellschaft'],['Liquidation der Gesellschaft'],['Liquidation der Gesellschaft'],['Liquidation der Gesellschaft'],['Liquidation der Gesellschaft'],['Liquidation der Gesellschaft'],['Liquidation der Gesellschaft']
[],['Redlichkeit'],[],['Redlichkeit'],[],[],['Redlichkeit'],['Redlichkeit'],[],[],['Redlichkeit'],[],['Redlichkeit'],[],['Redlichkeit'],['Redlichkeit']
[],[],[],['Wohnungsrecht'],[],[],['Wohnungsrecht'],['Wohnungsrecht'],[],[],[],[],[],[],['Wohnungsrecht'],[]
['Unerlaubtheit'],['Unerlaubtheit'],[],['Unerlaubtheit'],['Unerlaubtheit'],[],['Unerlaubtheit'],['Unerlaubtheit'],['Unerlaubtheit'],[],['Unerlaubtheit'],['Unerlaubtheit'],['Unerlaubtheit'],['Unerlaubtheit'],['Unerlaubtheit'],['Unerlaubtheit']
[],['übernehmend Gesellschaft'],[],['übernehmend Gesellschaft'],[],[],['übernehmend Gesellschaft'],['übernehmend Gesellschaft'],[],[],[],['übernehmend Gesellschaft'],['übernehmend Gesellschaft'],[],['übernehmend Gesellschaft'],['übernehmend Gesellschaft']
['Einigung der Parteien'],['Einigung der Parteien'],[],['Einigung der Parteien'],[],['Einigung der Parteien'],['Einigung der Parteien'],['Einigung der Parteien'],['Einigung der Parteien'],['Einigung der Parteien'],['Einigung der Parteien'],['Einigung der Parteien'],['Einigung der Parteien'],['Einigung der Parteien'],['Einigung der Parteien'],['Einigung der Parteien']
['Arglist'],['Arglist'],[],['Arglist'],[],[],['Arglist'],['Arglist'],['Arglist'],[],['Arglist'],['Arglist'],['Arglist'],['Arglist'],['Arglist'],['Arglist']
[],['Annullierung'],[],[],['Annullierung'],[],[],[],['Annullierung'],[],['Aufhebung'],[],['Aufhebung'],[],[],[]
['Grenzen'],['Grenzen'],[],['Grenzen'],[],['Grenzen'],['Grenzen'],['Grenzen'],[],['Grenzen'],['Grenzen'],['Grenzen'],['Grenzen'],['Grenzen'],['Grenzen'],['Grenzen']
['Volljährigkeit'],['Volljährigkeit'],[],['Volljährigkeit'],['Volljährigkeit'],['Volljährigkeit'],['Volljährigkeit'],['Volljährigkeit'],['Volljährigkeit'],['Volljährigkeit'],['Volljährigkeit'],['Volljährigkeit'],['Volljährigkeit'],[],['Volljährigkeit'],['Volljährigkeit']
"['vertretener', 'vertretener']","['vertretener', 'vertretener']",[],"['vertretener', 'vertretener']","['vertretener', 'vertretener']",['vertretener'],"['vertretener', 'vertretener']","['vertretener', 'vertretener']","['vertretener', 'vertretener']",['vertretener'],"['vertretener', 'vertretener']",['vertretener'],"['vertretener', 'vertretener']","['vertretener', 'vertretener']","['vertretener', 'vertretener']","['vertretener', 'vertretener']"
['Stimmrecht'],['Stimmrecht'],['Stimmrecht'],['Stimmrecht'],['Stimmrecht'],[],['Stimmrecht'],['Stimmrecht'],['Stimmrecht'],['Stimmrecht'],['Stimmrecht'],['Stimmrecht'],['Stimmrecht'],['Stimmrecht'],['Stimmrecht'],['Stimmrecht']
['gemeinsame Absicht der Parteien'],[],[],['gemeinsame Absicht der Parteien'],['gemeinsame Absicht der Parteien'],[],['gemeinsame Absicht der Parteien'],['gemeinsame Absicht der Parteien'],['gemeinsame Absicht der Parteien'],['gemeinsame Absicht der Parteien'],['gemeinsame Absicht der Parteien'],['gemeinsame Absicht der Parteien'],['gemeinsame Absicht der Parteien'],['gemeinsame Absicht der Parteien'],['gemeinsame Absicht der Parteien'],['gemeinsame Absicht der Parteien']
[],[],['Fortpflanzungsfähigkeit'],[],['Fortpflanzungsfähigkeit'],[],[],[],[],['Fortpflanzungsfähigkeit'],[],[],[],['Fortpflanzungsfähigkeit'],[],[]
[],[],[],['Pflicht zur Treue'],[],[],['Pflicht zur Treue'],[],['Pflicht zur Treue'],[],['Pflicht zu Treue'],[],[],[],['Pflicht zur Treue'],['Pflicht zur Treue']
['minderjährige'],['minderjährige'],['minderjährige'],['minderjährige'],"['minderjährige', 'minderjährige']",['minderjährige'],['minderjährige'],['minderjährige'],['minderjährige'],['minderjährige'],['minderjährige'],['minderjährige'],['minderjährige'],['minderjährige'],['minderjährige'],['minderjährige']
[],[],[],['Heimfall'],[],[],['Heimfall'],['Heimfall'],[],[],['Heimfall'],['Heimfall'],['Heimfall'],[],['Heimfall'],['Heimfall']
['Strand'],['Strand'],['Strand'],['Strand'],['Strand'],['Strand'],['Strand'],['Strand'],['Strand'],['Strand'],['Strand'],['Strand'],['Strand'],['Strand'],['Strand'],"['Strand', 'Strand']"
['Zeuge'],['Zeuge'],['Zeuge'],['Zeuge'],['Zeuge'],['Zeuge'],['Zeuge'],['Zeuge'],['Zeuge'],['Zeuge'],['Zeuge'],['Zeuge'],['Zeuge'],['Zeuge'],['Zeuge'],['Zeuge']
['Pseudonym'],['Pseudonym'],['Pseudonym'],['Pseudonym'],['Pseudonym'],['Pseudonym'],['Pseudonym'],['Pseudonym'],['Pseudonym'],['Pseudonym'],['Pseudonym'],['Pseudonym'],['Pseudonym'],['Pseudonym'],['Pseudonym'],['Pseudonym']
['Erblasser'],['Erblasser'],[],['Erblasser'],['Erblasser'],['Erblasser'],['Erblasser'],['Erblasser'],['Erblasser'],['Erblasser'],['Erblasser'],['Erblasser'],['Erblasser'],['Erblasser'],['Erblasser'],['Erblasser']
[],[],[],[],[],[],[],[],[],[],[],[],[],[],[],[]
[],[],[],['Mutwilligkeit'],[],[],['Mutwilligkeit'],['Mutwilligkeit'],[],[],[],[],[],[],['Mutwilligkeit'],['Mutwilligkeit']
[],['erhofft Gewinn'],['erhofft Gewinn'],['erhofft Gewinn'],[],[],['erhofft Gewinn'],['erhofft Gewinn'],['erhofft Gewinn'],[],[],[],['erhofft Gewinn'],[],['erhofft Gewinn'],['erhofft Gewinn']
[],[],['förmliche Vernehmung'],[],[],[],[],[],[],[],[],[],[],[],[],[]
['notwendig Ausbesserung'],['notwendig Ausbesserung'],[],['notwendig Ausbesserung'],['notwendig Ausbesserung'],[],['notwendig Ausbesserung'],['notwendig Ausbesserung'],['notwendig Ausbesserung'],[],['notwendig Ausbesserung'],['notwendig Ausbesserung'],['notwendig Ausbesserung'],['notwendig Ausbesserung'],['notwendig Ausbesserung'],['notwendig Ausbesserung']
[],['Schuldverschreibung'],[],['Schuldverschreibung'],[],[],['Schuldverschreibung'],['Schuldverschreibung'],['Schuldverschreibung'],[],[],['Schuldverschreibung'],[],[],['Schuldverschreibung'],['Schuldverschreibung']
['Einheit des Staates'],['Einheit des Staates'],['Einheit des Staates'],['Einheit des Staates'],['Einheit des Staates'],[],['Einheit des Staates'],['Einheit des Staates'],['Einheit des Staates'],['Einheit des Staates'],['Einheit des Staates'],['Einheit des Staates'],['Einheit des Staates'],['Einheit des Staates'],['Einheit des Staates'],['Einheit des Staates']
[],[],['militärisch Operation'],[],[],[],[],[],[],[],[],[],[],[],[],[]
[],[],['militärisch Spionage'],[],[],[],[],[],[],[],[],[],[],[],[],[]
['Tonaufnahme'],['Tonaufnahme'],[],['Tonaufnahme'],['Tonaufnahme'],['Tonaufnahme'],['Tonaufnahme'],['Tonaufnahme'],['Tonaufnahme'],[],['Tonaufnahme'],['Tonaufnahme'],['Tonaufnahme'],[],['Tonaufnahme'],['Tonaufnahme']
[],[],[],[],[],[],[],[],[],[],['Tonbildaufnahme'],['Tonbildaufnahme'],['Tonbildaufnahme'],[],[],[]
[],[],[],[],[],[],[],[],[],[],[],[],[],[],[],[]
[],['Vermögen des Staates'],['Vermögen des Staates'],['Vermögen des Staates'],['Vermögen des Staates'],['Vermögen des Staates'],['Vermögen des Staates'],['Vermögen des Staates'],['Vermögen des Staates'],['Vermögen des Staates'],['Vermögen des Staates'],['Vermögen des Staates'],['Vermögen des Staates'],['Vermögen des Staates'],['Vermögen des Staates'],['Vermögen des Staates']
[],[],[],[],[],[],[],[],[],[],[],[],[],[],[],[]
['Fußgänger'],['Fußgänger'],['Fußgänger'],"['Fußgänger', 'Fußgänger']",['Fußgänger'],['Fußgänger'],['Fußgänger'],"['Fußgänger', 'Fußgänger']",['Fußgänger'],['Fußgänger'],['Fußgänger'],['Fußgänger'],['Fußgänger'],['Fußgänger'],"['Fußgänger', 'Fußgänger']",['Fußgänger']
[],['ampelgeregelter Fußgängerüberweg'],[],['ampelgeregelter Fußgängerüberweg'],[],[],['ampelgeregelter Fußgängerüberweg'],['ampelgeregelter Fußgängerüberweg'],['ampelgeregelter Fußgängerüberweg'],[],['ampelgeregelter Fußgängerüberweg'],['ampelgeregelter Fußgängerüberweg'],['ampelgeregelter Fußgängerüberweg'],[],['ampelgeregelter Fußgängerüberweg'],['ampelgeregelter Fußgängerüberweg']
['Fahrbahnteiler'],['Fahrbahnteiler'],[],['Fahrbahnteiler'],['Fahrbahnteiler'],[],['Fahrbahnteiler'],['Fahrbahnteiler'],['Fahrbahnteiler'],[],['Fahrbahnteiler'],['Fahrbahnteiler'],['Fahrbahnteiler'],[],['Fahrbahnteiler'],['Fahrbahnteiler']
['Saumpfad'],['Saumpfad'],[],[],['Saumpfad'],[],[],[],['Saumpfad'],[],['Saumpfad'],[],[],[],['Saumpfad'],[]
"['Parken', 'Parken']",['Parken'],[],"['Parken', 'Parken']",['Parken'],"['Parken', 'Parken']","['Parken', 'Parken']","['Parken', 'Parken']","['Parken', 'Parken']","['Parken', 'Parken', 'Parken']","['Parken', 'Parken']","['Parken', 'Parken']","['Parken', 'Parken']","['Parken', 'Parken']","['Parken', 'Parken']","['Parken', 'Parken']"
"['Kaution', 'Kaution']",['Kaution'],[],['Kaution'],"['Kaution', 'Kaution']",['Kaution'],['Kaution'],['Kaution'],"['Kaution', 'Kaution']",['Kaution'],['Kaution'],['Kaution'],"['Kaution', 'Kaution']","['Kaution', 'Kaution']",['Kaution'],['Kaution']
[],[],[],[],[],[],[],[],[],[],[],[],[],[],[],[]
[],[],[],[],[],[],[],[],[],[],[],[],[],[],[],[]
[],['Amtsgutachten'],[],['Amtsgutachten'],[],[],[],['Amtsgutachten'],[],[],[],['Amtsgutachten'],[],[],[],['Amtsgutachten']
['Zulassungsbescheinigung des Herkunftsstaates'],['Zulassungsbescheinigung des Herkunftsstaates'],[],['Zulassungsbescheinigung des Herkunftsstaates'],['Zulassungsbescheinigung des Herkunftsstaates'],[],['Zulassungsbescheinigung des Herkunftsstaates'],['Zulassungsbescheinigung des Herkunftsstaates'],['Zulassungsbescheinigung des Herkunftsstaates'],[],['Zulassungsbescheinigung des Herkunftsstaates'],['Zulassungsbescheinigung des Herkunftsstaates'],['Zulassungsbescheinigung des Herkunftsstaates'],['Zulassungsbescheinigung der Herkunftsstaat'],['Zulassungsbescheinigung des Herkunftsstaates'],['Zulassungsbescheinigung des Herkunftsstaates']
[],[],[],['Unterscheidungszeichen des Herkunftsstaates'],[],[],['Unterscheidungszeichen des Herkunftsstaates'],['Unterscheidungszeichen des Herkunftsstaates'],[],[],['Unterscheidungszeichen des Herkunftsstaates'],[],['Unterscheidungszeichen des Herkunftsstaates'],[],['Unterscheidungszeichen des Herkunftsstaates'],['Unterscheidungszeichen des Herkunftsstaates']
[],[],[],[],[],[],[],[],[],[],[],[],[],[],[],[]
['Wiederaufnahme'],['Wiederaufnahme'],[],['Wiederaufnahme'],['Wiederaufnahme'],['Wiederaufnahme'],['Wiederaufnahme'],['Wiederaufnahme'],['Wiederaufnahme'],['Wiederaufnahme'],['Wiederaufnahme'],['Wiederaufnahme'],['Wiederaufnahme'],[],['Wiederaufnahme'],['Wiederaufnahme']
['Berufungskläger'],['Berufungskläger'],[],['Berufungskläger'],['Berufungskläger'],['Berufungskläger'],['Berufungskläger'],['Berufungskläger'],['Berufungskläger'],[],['Berufungskläger'],['Berufungskläger'],['Berufungskläger'],[],['Berufungskläger'],['Berufungskläger']
[],[],[],['berechtigte Verhinderung'],[],[],[],['berechtigte Verhinderung'],[],[],[],['berechtigte Verhinderung'],[],[],['berechtigte Verhinderung'],['berechtigte Verhinderung']
[],[],[],[],[],[],[],[],[],[],[],[],[],[],[],[]
[],[],['Mitangeklagter'],[],[],[],[],[],[],[],[],['Mitangeklagter'],['Mitangeklagter'],[],[],[]
['Erörterung'],['Erörterung'],[],['Erörterung'],['Erörterung'],['Erörterung'],['Erörterung'],['Erörterung'],['Erörterung'],['Erörterung'],['Erörterung'],['Erörterung'],['Erörterung'],['Erörterung'],['Erörterung'],['Erörterung']
[],[],[],['Hauptverfahren'],[],[],['Hauptverfahren'],['Hauptverfahren'],[],[],['Hauptverfahren'],['Hauptverfahren'],['Hauptverfahren'],['Hauptverfahren'],['Hauptverfahren'],['Hauptverfahren']
[],[],[],[],[],[],[],[],[],[],[],[],[],[],[],[]
[],[],[],[],[],[],[],[],[],[],[],[],[],[],[],[]
['Einleitung des Hauptverfahrens'],['Einleitung des Hauptverfahrens'],[],['Einleitung des Hauptverfahrens'],['Einleitung des Hauptverfahrens'],[],['Einleitung des Hauptverfahrens'],['Einleitung des Hauptverfahrens'],['Einleitung des Hauptverfahrens'],[],['Einleitung des Hauptverfahrens'],['Einleitung des Hauptverfahrens'],['Einleitung des Hauptverfahrens'],['Einleitung des Hauptverfahrens'],['Einleitung des Hauptverfahrens'],['Einleitung des Hauptverfahrens']
['auf Verurteilung lautend Urteil'],['auf Verurteilung lautend Urteil'],[],['auf Verurteilung lautend Urteil'],['auf Verurteilung lautend Urteil'],['auf Verurteilung lautend Urteil'],['auf Verurteilung lautend Urteil'],['auf Verurteilung lautend Urteil'],['auf Verurteilung lautend Urteil'],[],['auf Verurteilung lautend Urteil'],['auf Verurteilung lautend Urteil'],['auf Verurteilung lautend Urteil'],['auf Verurteilung lautend Urteil'],['auf Verurteilung lautend Urteil'],['auf Verurteilung lautend Urteil']
['Freilandstraße'],['Freilandstraße'],[],['Freilandstraße'],['Freilandstraße'],[],['Freilandstraße'],['Freilandstraße'],['Freilandstraße'],[],['Freilandstraße'],['Freilandstraße'],['Freilandstraße'],['Freilandstraße'],['Freilandstraße'],['Freilandstraße']
['Verteidiger der verletzten Person'],['Verteidiger der verletzten Person'],[],[],[],['Verteidiger der verletzten Person'],[],[],[],['Verteidiger der verletzten Person'],[],[],[],['Verteidiger der verletzten Person'],[],[]
[],['Identifizierung der Person'],['Identifizierung der Person'],['Identifizierung der Person'],['Identifizierung der Person'],['Identifizierung der Person'],['Identifizierung der Person'],['Identifizierung der Person'],['Identifizierung der Person'],['Identifizierung der Person'],['Identifizierung der Person'],['Identifizierung der Person'],['Identifizierung der Person'],['Identifizierung der Person'],['Identifizierung der Person'],['Identifizierung der Person']
[],['Erhebung'],[],['Erhebung'],['Erhebung'],[],['Erhebung'],['Erhebung'],[],[],['Erhebung'],['Erhebung'],['Erhebung'],[],['Erhebung'],['Erhebung']
['Vorerhebungen'],['Vorerhebungen'],[],['Vorerhebungen'],['Vorerhebungen'],['Vorerhebungen'],['Vorerhebungen'],['Vorerhebungen'],['Vorerhebungen'],['Vorerhebungen'],['Vorerhebungen'],['Vorerhebungen'],['Vorerhebungen'],['Vorerhebungen'],['Vorerhebungen'],['Vorerhebungen']
['Verdächtiger'],['Verdächtiger'],['Verdächtiger'],['Verdächtiger'],[],[],['Verdächtiger'],['Verdächtiger'],['Verdächtiger'],[],[],[],['Verdächtiger'],[],['Verdächtiger'],[]
[],['Strafantrag'],[],['Strafantrag'],[],['Strafantrag'],['Strafantrag'],['Strafantrag'],['Strafantrag'],[],['Strafantrag'],[],['Strafantrag'],[],['Strafantrag'],['Strafantrag']
['Person'],['Person'],['Person'],['Person'],['Person'],['Person'],['Person'],['Person'],['Person'],['Person'],['Person'],['Person'],['Person'],['Person'],['Person'],['Person']
[],[],[],['Vorfahrt'],[],[],['Vorfahrt'],['Vorfahrt'],[],[],[],['Vorfahrt'],['Vorfahrt'],[],['Vorfahrt'],['Vorfahrt']
['Probeabmachung'],['Probeabmachung'],[],['Probeabmachung'],['Probeabmachung'],[],['Probeabmachung'],['Probeabmachung'],['Probeabmachung'],['Probeabmachung'],['Probeabmachung'],[],['Probeabmachung'],[],['Probeabmachung'],['Probeabmachung']
[],[],[],['Mietfahrzeug mit Fahrer'],[],[],['Mietfahrzeug mit Fahrer'],['Mietfahrzeug mit Fahrer'],[],[],[],[],['Mietfahrzeug mit Fahrer'],[],['Mietfahrzeug mit Fahrer'],['Mietfahrzeug mit Fahrer']
['Verteidigungsschrift'],['Verteidigungsschrift'],['Verteidigungshandlung'],['Verteidigungsschrift'],['Verteidigungsschrift'],[],['Verteidigungsschrift'],['Verteidigungsschrift'],['Verteidigungsschrift'],[],['Verteidigungsschrift'],['Verteidigungsschrift'],['Verteidigungsschrift'],[],['Verteidigungsschrift'],['Verteidigungsschrift']
[],[],[],[],[],[],[],[],[],[],[],[],[],[],[],[]
[],[],[],[],[],[],[],[],[],[],[],[],[],[],[],[]
['Leistungsaufforderung'],['Leistungsaufforderung'],[],['Leistungsaufforderung'],['Leistungsaufforderung'],[],['Leistungsaufforderung'],['Leistungsaufforderung'],['Leistungsaufforderung'],[],['Leistungsaufforderung'],['Leistungsaufforderung'],['Leistungsaufforderung'],[],['Leistungsaufforderung'],['Leistungsaufforderung']
['Verwahrer'],['Verwahrer'],[],['Verwahrer'],['Verwahrer'],['Verwahrer'],['Verwahrer'],['Verwahrer'],['Verwahrer'],[],['Verwahrer'],['Verwahrer'],['Verwahrer'],['Verwahrer'],['Verwahrer'],['Verwahrer']
['Ehegatte'],['Ehegatte'],[],['Ehegatte'],[],[],['Ehegatte'],['Ehegatte'],['Ehegatte'],['Ehegatte'],['Ehegatte'],['Ehegatte'],['Ehegatte'],['Ehegatte'],['Ehegatte'],['Ehegatte']
['Kassationsbeschwerde'],[],[],[],['Kassationsbeschwerde'],[],[],[],['Kassationsbeschwerde'],['Kassationsbeschwerde'],[],[],[],['Kassationsbeschwerde'],[],[]
['Eid'],['Eid'],['Eid'],['Eid'],['Eid'],['Eid'],['Eid'],['Eid'],['Eid'],['Eid'],['Eid'],['Eid'],['Eid'],['Eid'],['Eid'],['Eid']
[],['Entziehung'],[],['Entziehung'],['Entziehung'],[],['Entziehung'],['Entziehung'],[],[],['Entziehung'],['Entziehung'],['Entziehung'],[],['Entziehung'],['Entziehung']
['gerichtlicher Augenschein'],['gerichtlich Augenschein'],[],['gerichtlich Augenschein'],[],[],['gerichtlich Augenschein'],['gerichtlich Augenschein'],['gerichtlich Augenschein'],[],['gerichtlich Augenschein'],[],['gerichtlicher Augenschein'],['gerichtlicher Augenschein'],['gerichtlich Augenschein'],['gerichtlich Augenschein']
['Hypothek'],['Hypothek'],['Hypothek'],['Hypothek'],['Hypothek'],['Hypothek'],['Hypothek'],['Hypothek'],['Hypothek'],['Hypothek'],['Hypothek'],['Hypothek'],['Hypothek'],['Hypothek'],['Hypothek'],['Hypothek']
[],[],[],[],[],[],[],[],[],[],[],[],[],[],[],[]
[],['Fruchtgenuss'],[],['Fruchtgenuss'],['Fruchtgenuss'],[],['Fruchtgenuss'],['Fruchtgenuss'],['Fruchtgenuss'],['Fruchtgenuss'],['Fruchtgenuss'],['Fruchtgenuss'],['Fruchtgenuss'],['Fruchtgenuss'],['Fruchtgenuss'],['Fruchtgenuss']
['Katastermappe'],['Katastermappe'],[],['Katastermappe'],['Katastermappe'],[],['Katastermappe'],['Katastermappe'],['Katastermappe'],['Katastermappe'],['Katastermappe'],['Katastermappe'],['Katastermappe'],['Katastermappe'],['Katastermappe'],['Katastermappe']
['Abfassung des Protokolls'],['Abfassung des Protokolls'],[],['Abfassung des Protokolls'],['Abfassung des Protokolls'],['Abfassung des Protokolls'],['Abfassung des Protokolls'],['Abfassung des Protokolls'],['Abfassung des Protokolls'],['Abfassung des Protokolls'],['Abfassung des Protokolls'],['Abfassung des Protokolls'],['Abfassung des Protokolls'],['Abfassung des Protokolls'],['Abfassung des Protokolls'],['Abfassung des Protokolls']
"['Flüchtiger', 'flüchtiger Angeklagter']","['Flüchtiger', 'flüchtiger Angeklagter']","['Flüchtiger', 'flüchtiger Angeklagter']","['Flüchtiger', 'flüchtiger Angeklagter']","['Flüchtiger', 'flüchtiger Angeklagter']",[],"['Flüchtiger', 'flüchtiger Angeklagter']","['Flüchtiger', 'flüchtiger Angeklagter']","['Flüchtiger', 'flüchtiger Angeklagter']",[],"['Flüchtiger', 'flüchtiger Angeklagter']","['Flüchtiger', 'flüchtiger Angeklagter']","['Flüchtiger', 'flüchtiger Angeklagter']","['Flüchtiger', 'flüchtiger Angeklagter']","['Flüchtiger', 'flüchtiger Angeklagter']","['Flüchtiger', 'flüchtiger Angeklagter']"
[],['vorbeugend Maßnahme'],[],['vorbeugend Maßnahme'],['vorbeugend Maßnahme'],[],['vorbeugend Maßnahme'],['vorbeugend Maßnahme'],['vorbeugend Maßnahme'],[],['vorbeugend Maßnahme'],['vorbeugend Maßnahme'],['vorbeugend Maßnahme'],['vorbeugend Maßnahme'],['vorbeugend Maßnahme'],['vorbeugend Maßnahme']
[],['Kassationsbeschwerde'],[],['Kassationsbeschwerde'],[],['Kassationsbeschwerde'],['Kassationsbeschwerde'],['Kassationsbeschwerde'],['Kassationsbeschwerde'],[],['Kassationsbeschwerde'],['Kassationsbeschwerde'],[],[],['Kassationsbeschwerde'],['Kassationsbeschwerde']
['Nennwert'],['Nennwert'],['Nennwert'],['Nennwert'],['Nennwert'],['Nennwert'],['Nennwert'],['Nennwert'],['Nennwert'],['Nennwert'],['Nennwert'],['Nennwert'],['Nennwert'],['Nennwert'],['Nennwert'],['Nennwert']
[],[],[],[],[],[],[],[],[],[],[],[],[],[],[],[]
['Geldstrafe'],['Geldstrafe'],['Geldbuße'],['Geldstrafe'],['Geldstrafe'],['Geldbuße'],['Geldstrafe'],['Geldstrafe'],['Geldstrafe'],['Geldbuße'],['Geldstrafe'],['Geldstrafe'],['Geldstrafe'],['Geldstrafe'],['Geldstrafe'],['Geldstrafe']
[],['Absonderung der Güter des Verstorbenen'],[],['Absonderung der Güter des Verstorbenen'],['Absonderung der Güter des Verstorbenen'],[],['Absonderung der Güter des Verstorbenen'],['Absonderung der Güter des Verstorbenen'],['Absonderung der Güter des Verstorbenen'],[],['Absonderung der Güter des Verstorbenen'],['Absonderung der Güter des Verstorbenen'],['Absonderung der Güter des Verstorbenen'],[],['Absonderung der Güter des Verstorbenen'],['Absonderung der Güter des Verstorbenen']
['geistig Beruf'],['geistig Beruf'],['geistig Beruf'],['geistig Beruf'],['geistig Beruf'],['geistig Beruf'],['geistig Beruf'],['geistig Beruf'],['geistig Beruf'],['geistig Beruf'],['geistig Beruf'],['geistig Beruf'],['geistig Beruf'],['geistig Beruf'],['geistig Beruf'],['geistig Beruf']
[],[],['Plünderung'],[],[],[],[],[],[],[],[],[],[],[],[],[]
['Widerspruch gegen den Antrag auf Archivierung'],['Widerspruch gegen den Antrag auf Archivierung'],[],['Widerspruch gegen den Antrag auf Archivierung'],['Widerspruch gegen den Antrag auf Archivierung'],['Widerspruch gegen den Antrag auf Archivierung'],['Widerspruch gegen den Antrag auf Archivierung'],['Widerspruch gegen den Antrag auf Archivierung'],['Widerspruch gegen den Antrag auf Archivierung'],['Widerspruch gegen den Antrag auf Archivierung'],['Widerspruch gegen den Antrag auf Archivierung'],['Widerspruch gegen den Antrag auf Archivierung'],['Widerspruch gegen den Antrag auf Archivierung'],['Widerspruch gegen den Antrag auf Archivierung'],['Widerspruch gegen den Antrag auf Archivierung'],['Widerspruch gegen den Antrag auf Archivierung']
['Erfüllung der Auflage'],['Erfüllung der Auflage'],[],['Erfüllung der Auflage'],['Erfüllung der Auflage'],[],['Erfüllung der Auflage'],['Erfüllung der Auflage'],['Erfüllung der Auflage'],[],['Erfüllung der Auflage'],['Erfüllung der Auflage'],['Erfüllung der Auflage'],['Erfüllung der Auflage'],['Erfüllung der Auflage'],['Erfüllung der Auflage']
[],[],[],[],[],[],[],[],[],[],[],[],[],[],[],[]
['Zuständigkeit'],['Zuständigkeit'],['Zuständigkeit'],['Zuständigkeit'],['Zuständigkeit'],['Zuständigkeit'],['Zuständigkeit'],['Zuständigkeit'],['Zuständigkeit'],['Zuständigkeit'],['Zuständigkeit'],['Zuständigkeit'],['Zuständigkeit'],['Zuständigkeit'],['Zuständigkeit'],['Zuständigkeit']
"['Gesellschafterversammlung', 'Gesellschafterversammlung']",['Gesellschafterversammlung'],[],['Gesellschafterversammlung'],['Versammlung'],['Gesellschafterversammlung'],['Gesellschafterversammlung'],['Gesellschafterversammlung'],['Gesellschafterversammlung'],['Gesellschafterversammlung'],['Gesellschafterversammlung'],['Gesellschafterversammlung'],['Gesellschafterversammlung'],['Gesellschafterversammlung'],['Gesellschafterversammlung'],['Gesellschafterversammlung']
['Gesellschaftsvertrag'],['Gesellschaftsvertrag'],['Gesellschaftsvertrag'],['Gesellschaftsvertrag'],['Gesellschaftsvertrag'],[],['Gesellschaftsvertrag'],['Gesellschaftsvertrag'],['Gesellschaftsvertrag'],['Gesellschaftsvertrag'],['Gesellschaftsvertrag'],['Gesellschaftsvertrag'],['Gesellschaftsvertrag'],['Gesellschaftsvertrag'],['Gesellschaftsvertrag'],['Gesellschaftsvertrag']
[],[],[],['Register für die Nachrichten über strafbare Handlungen'],[],[],['Register für die Nachrichten über strafbare Handlungen'],['Register für die Nachrichten über strafbare Handlungen'],['Register für die Nachrichten über strafbare Handlungen'],[],[],[],[],[],['Register für die Nachrichten über strafbare Handlungen'],[]
[],[],[],['gesetzlich Ehegüterstand'],[],[],['gesetzlich Ehegüterstand'],['gesetzlich Ehegüterstand'],['gesetzlich Ehegüterstand'],[],[],[],['gesetzlich Ehegüterstand'],[],['gesetzlich Ehegüterstand'],['gesetzlich Ehegüterstand']
[],"['Nutzungspfand', 'Nutzungspfand']",[],"['Nutzungspfand', 'Nutzungspfand']","['Nutzungspfand', 'Nutzungspfand']",[],"['Nutzungspfand', 'Nutzungspfand']","['Nutzungspfand', 'Nutzungspfand']","['Nutzungspfand', 'Nutzungspfand']",[],"['Nutzungspfand', 'Nutzungspfand']","['Nutzungspfand', 'Nutzungspfand']","['Nutzungspfand', 'Nutzungspfand']","['Nutzungspfand', 'Nutzungspfand']","['Nutzungspfand', 'Nutzungspfand']","['Nutzungspfand', 'Nutzungspfand']"
['Schwurgericht'],['Schwurgericht'],[],['Schwurgericht'],['Schwurgericht'],[],['Schwurgericht'],['Schwurgericht'],['Schwurgericht'],[],['Schwurgericht'],['Schwurgericht'],['Schwurgericht'],[],['Schwurgericht'],['Schwurgericht']
['Zubehör'],['Zubehör'],[],['Zubehör'],[],['Zubehör'],['Zubehör'],['Zubehör'],['Zubehör'],['Zubehör'],['Zubehör'],['Zubehör'],['Zubehör'],['Zubehör'],['Zubehör'],['Zubehör']
"['Einlage', 'Einlage']","['Einlage', 'Einlage']","['Einlage', 'Einlage']","['Einlage', 'Einlage']","['Einlage', 'Einlage']","['Einlage', 'Einlage']","['Einlage', 'Einlage']","['Einlage', 'Einlage']","['Einlage', 'Einlage']","['Einlage', 'Einlage', 'Einlage']","['Einlage', 'Einlage']","['Einlage', 'Einlage']","['Einlage', 'Einlage']","['Einlage', 'Einlage', 'Einlage']","['Einlage', 'Einlage']","['Einlage', 'Einlage']"
[],[],[],[],[],[],[],[],[],[],[],[],[],[],[],[]
['Darlegung der Tatsachen'],[],[],['Darlegung der Tatsachen'],[],[],['Darlegung der Tatsachen'],['Darlegung der Tatsachen'],[],[],['Darlegung der Tatsachen'],['Darlegung der Tatsachen'],[],[],['Darlegung der Tatsachen'],[]
[],[],[],[],[],[],[],[],[],[],[],[],[],[],[],[]
['Ethikkomitee'],['Ethikkomitee'],[],['Ethikkomitee'],['Ethikkomitee'],['Ethikkomitee'],['Ethikkomitee'],['Ethikkomitee'],['Ethikkomitee'],['Ethikkomitee'],['Ethikkomitee'],['Ethikkomitee'],['Ethikkomitee'],['Ethikkomitee'],['Ethikkomitee'],['Ethikkomitee']
['landwirtschaftlich Arbeitsmaschine'],['landwirtschaftlich Arbeitsmaschine'],['landwirtschaftlich Arbeitsmaschine'],['landwirtschaftlich Arbeitsmaschine'],['landwirtschaftlich Arbeitsmaschine'],['landwirtschaftlich Arbeitsmaschine'],['landwirtschaftlich Arbeitsmaschine'],['landwirtschaftlich Arbeitsmaschine'],['landwirtschaftlich Arbeitsmaschine'],['landwirtschaftlich Arbeitsmaschine'],['landwirtschaftlich Arbeitsmaschine'],['landwirtschaftlich Arbeitsmaschine'],['landwirtschaftlich Arbeitsmaschine'],['landwirtschaftlich Arbeitsmaschine'],['landwirtschaftlich Arbeitsmaschine'],['landwirtschaftlich Arbeitsmaschine']
[],['archäologisch Fundstätte'],[],['archäologisch Fundstätte'],[],[],['archäologisch Fundstätte'],['archäologisch Fundstätte'],[],[],[],['archäologisch Fundstätte'],['archäologisch Fundstätte'],[],['archäologisch Fundstätte'],['archäologisch Fundstätte']
['Privatarchiv'],[],[],['Privatarchiv'],['Privatarchiv'],['Privatarchiv'],['Privatarchiv'],['Privatarchiv'],['Privatarchiv'],['Privatarchiv'],['Privatarchiv'],['Privatarchiv'],['Privatarchiv'],['Privatarchiv'],['Privatarchiv'],['Privatarchiv']
[],['Präventions- und Schutzmaßnahmen'],[],['Präventions- und Schutzmaßnahmen'],['Präventions- und Schutzmaßnahmen'],['Präventions- und Schutzmaßnahmen'],['Präventions- und Schutzmaßnahmen'],['Präventions- und Schutzmaßnahmen'],[],[],['Präventions- und Schutzmaßnahmen'],['Präventions- und Schutzmaßnahmen'],['Präventions- und Schutzmaßnahmen'],[],['Präventions- und Schutzmaßnahmen'],['Präventions- und Schutzmaßnahmen']
['Oberlicht'],['Oberlicht'],['Oberlicht'],['Oberlicht'],['Oberlicht'],['Oberlicht'],['Oberlicht'],['Oberlicht'],['Oberlicht'],[],['Oberlicht'],[],['Oberlicht'],[],[],['Oberlicht']
[],['maximale Arbeitsplatzkonzentration'],[],['maximale Arbeitsplatzkonzentration'],[],[],['maximale Arbeitsplatzkonzentration'],['maximale Arbeitsplatzkonzentration'],[],[],[],[],[],[],[],['maximale Arbeitsplatzkonzentration']
['Schutzsystem'],['Schutzsystem'],['Schutzsystem'],['Schutzsystem'],['Schutzsystem'],['Schutzsystem'],['Schutzsystem'],['Schutzsystem'],['Schutzsystem'],[],['Schutzsystem'],['Schutzsystem'],['Schutzsystem'],['Schutzsystem'],['Schutzsystem'],['Schutzsystem']
['nicht elektrisch Arbeit'],['nicht elektrisch Arbeit'],[],['nicht elektrisch Arbeit'],['nicht elektrisch Arbeit'],['nicht elektrisch Arbeit'],['nicht elektrisch Arbeit'],[],[],['nicht elektrisch Arbeit'],['nicht elektrisch Arbeit'],[],['nicht elektrisch Arbeit'],['nicht elektrisch Arbeit'],[],['nicht elektrisch Arbeit']
['ärztlich Untersuchung'],[],['ärztlich Untersuchung'],['ärztlich Untersuchung'],['ärztlich Untersuchung'],[],['ärztlich Untersuchung'],['ärztlich Untersuchung'],['ärztlich Untersuchung'],['ärztlich Untersuchung'],['ärztlich Untersuchung'],['ärztlich Untersuchung'],['ärztlich Untersuchung'],['ärztlich Untersuchung'],['ärztlich Untersuchung'],[]
['Begräbnis'],['Begräbnis'],[],['Begräbnis'],['Begräbnis'],['Begräbnis'],['Begräbnis'],['Begräbnis'],['Begräbnis'],[],['Begräbnis'],[],['Begräbnis'],['Begräbnis'],['Begräbnis'],['Begräbnis']
[],['künstlich Licht'],['künstlich Licht'],['künstlich Licht'],['künstlich Licht'],['künstlich Licht'],['künstlich Licht'],['künstlich Licht'],['künstlich Licht'],['künstlich Licht'],[],['künstlich Licht'],['künstlich Licht'],[],['künstlich Licht'],['künstlich Licht']
